sample_id,accident_class,numeric_case_id,operation_csv,rows,column_count,time_start_s,time_end_s,sampling_median_s,sampling_min_s,sampling_max_s,time_numeric,time_strictly_increasing,time_duplicate_count,nonuniform_sampling_intervals,missing_cells,missing_columns,schema_match_03_97,schema_extra_columns,schema_missing_columns,split,split_strategy,available_30s,available_60s,available_120s
ATWS_1,ATWS,1,data/NuclearPowerPlantAccidentData/Operation_csv_data/ATWS/1.csv,580,97,0.0,5790.0,10.0,10.0,10.0,True,True,0,0,0,0,True,,,train,train_only_class_too_small_for_three_way_split,True,True,True
FLB_1,FLB,1,data/NuclearPowerPlantAccidentData/Operation_csv_data/FLB/1.csv,553,97,0.0,5520.0,10.0,10.0,10.0,True,True,0,0,0,0,True,,,test,deterministic_class_stratified_group_interleave,True,True,True
FLB_2,FLB,2,data/NuclearPowerPlantAccidentData/Operation_csv_data/FLB/2.csv,551,97,0.0,5500.0,10.0,10.0,10.0,True,True,0,0,0,0,True,,,validation,deterministic_class_stratified_group_interleave,True,True,True
FLB_3,FLB,3,data/NuclearPowerPlantAccidentData/Operation_csv_data/FLB/3.csv,549,97,0.0,5480.0,10.0,10.0,10.0,True,True,0,0,0,0,True,,,train,deterministic_class_stratified_group_interleave,True,True,True
FLB_4,FLB,4,data/NuclearPowerPlantAccidentData/Operation_csv_data/FLB/4.csv,319,97,0.0,3180.0,10.0,10.0,10.0,True,True,0,0,0,0,True,,,train,deterministic_class_stratified_group_interleave,True,True,True
FLB_5,FLB,5,data/NuclearPowerPlantAccidentData/Operation_csv_data/FLB/5.csv,317,97,0.0,3160.0,10.0,10.0,10.0,True,True,0,0,0,0,True,,,train,deterministic_class_stratified_group_interleave,True,True,True
FLB_6,FLB,6,data/NuclearPowerPlantAccidentData/Operation_csv_data/FLB/6.csv,314,97,0.0,3130.0,10.0,10.0,10.0,True,True,0,0,0,0,True,,,train,deterministic_class_stratified_group_interleave,True,True,True
FLB_7,FLB,7,data/NuclearPowerPlantAccidentData/Operation_csv_data/FLB/7.csv,311,97,0.0,3100.0,10.0,10.0,10.0,True,True,0,0,0,0,True,,,train,deterministic_class_stratified_group_interleave,True,True,True
FLB_8,FLB,8,data/NuclearPowerPlantAccidentData/Operation_csv_data/FLB/8.csv,248,97,0.0,2470.0,10.0,10.0,10.0,True,True,0,0,0,0,True,,,train,deterministic_class_stratified_group_interleave,True,True,True
FLB_9,FLB,9,data/NuclearPowerPlantAccidentData/Operation_csv_data/FLB/9.csv,248,97,0.0,2470.0,10.0,10.0,10.0,True,True,0,0,0,0,True,,,train,deterministic_class_stratified_group_interleave,True,True,True
FLB_10,FLB,10,data/NuclearPowerPlantAccidentData/Operation_csv_data/FLB/10.csv,245,97,0.0,2440.0,10.0,10.0,10.0,True,True,0,0,0,0,True,,,train,deterministic_class_stratified_group_interleave,True,True,True
FLB_11,FLB,11,data/NuclearPowerPlantAccidentData/Operation_csv_data/FLB/11.csv,234,97,0.0,2330.0,10.0,10.0,10.0,True,True,0,0,0,0,True,,,test,deterministic_class_stratified_group_interleave,True,True,True
FLB_12,FLB,12,data/NuclearPowerPlantAccidentData/Operation_csv_data/FLB/12.csv,243,97,0.0,2420.0,10.0,10.0,10.0,True,True,0,0,0,0,True,,,validation,deterministic_class_stratified_group_interleave,True,True,True
FLB_13,FLB,13,data/NuclearPowerPlantAccidentData/Operation_csv_data/FLB/13.csv,240,97,0.0,2390.0,10.0,10.0,10.0,True,True,0,0,0,0,True,,,train,deterministic_class_stratified_group_interleave,True,True,True
FLB_14,FLB,14,data/NuclearPowerPlantAccidentData/Operation_csv_data/FLB/14.csv,236,97,0.0,2350.0,10.0,10.0,10.0,True,True,0,0,0,0,True,,,train,deterministic_class_stratified_group_interleave,True,True,True
FLB_15,FLB,15,data/NuclearPowerPlantAccidentData/Operation_csv_data/FLB/15.csv,238,97,0.0,2370.0,10.0,10.0,10.0,True,True,0,0,0,0,True,,,train,deterministic_class_stratified_group_interleave,True,True,True
FLB_16,FLB,16,data/NuclearPowerPlantAccidentData/Operation_csv_data/FLB/16.csv,237,97,0.0,2360.0,10.0,10.0,10.0,True,True,0,0,0,0,True,,,train,deterministic_class_stratified_group_interleave,True,True,True
FLB_17,FLB,17,data/NuclearPowerPlantAccidentData/Operation_csv_data/FLB/17.csv,236,97,0.0,2350.0,10.0,10.0,10.0,True,True,0,0,0,0,True,,,train,deterministic_class_stratified_group_interleave,True,True,True
FLB_18,FLB,18,data/NuclearPowerPlantAccidentData/Operation_csv_data/FLB/18.csv,235,97,0.0,2340.0,10.0,10.0,10.0,True,True,0,0,0,0,True,,,train,deterministic_class_stratified_group_interleave,True,True,True
FLB_19,FLB,19,data/NuclearPowerPlantAccidentData/Operation_csv_data/FLB/19.csv,232,97,0.0,2310.0,10.0,10.0,10.0,True,True,0,0,0,0,True,,,train,deterministic_class_stratified_group_interleave,True,True,True
FLB_20,FLB,20,data/NuclearPowerPlantAccidentData/Operation_csv_data/FLB/20.csv,230,97,0.0,2290.0,10.0,10.0,10.0,True,True,0,0,0,0,True,,,train,deterministic_class_stratified_group_interleave,True,True,True
FLB_21,FLB,21,data/NuclearPowerPlantAccidentData/Operation_csv_data/FLB/21.csv,230,97,0.0,2290.0,10.0,10.0,10.0,True,True,0,0,0,0,True,,,test,deterministic_class_stratified_group_interleave,True,True,True
FLB_22,FLB,22,data/NuclearPowerPlantAccidentData/Operation_csv_data/FLB/22.csv,229,97,0.0,2280.0,10.0,10.0,10.0,True,True,0,0,0,0,True,,,validation,deterministic_class_stratified_group_interleave,True,True,True
FLB_23,FLB,23,data/NuclearPowerPlantAccidentData/Operation_csv_data/FLB/23.csv,228,97,0.0,2270.0,10.0,10.0,10.0,True,True,0,0,0,0,True,,,train,deterministic_class_stratified_group_interleave,True,True,True
FLB_24,FLB,24,data/NuclearPowerPlantAccidentData/Operation_csv_data/FLB/24.csv,227,97,0.0,2260.0,10.0,10.0,10.0,True,True,0,0,0,0,True,,,train,deterministic_class_stratified_group_interleave,True,True,True
FLB_25,FLB,25,data/NuclearPowerPlantAccidentData/Operation_csv_data/FLB/25.csv,226,97,0.0,2250.0,10.0,10.0,10.0,True,True,0,0,0,0,True,,,train,deterministic_class_stratified_group_interleave,True,True,True
FLB_26,FLB,26,data/NuclearPowerPlantAccidentData/Operation_csv_data/FLB/26.csv,223,97,0.0,2220.0,10.0,10.0,10.0,True,True,0,0,0,0,True,,,train,deterministic_class_stratified_group_interleave,True,True,True
FLB_27,FLB,27,data/NuclearPowerPlantAccidentData/Operation_csv_data/FLB/27.csv,219,97,0.0,2180.0,10.0,10.0,10.0,True,True,0,0,0,0,True,,,train,deterministic_class_stratified_group_interleave,True,True,True
FLB_28,FLB,28,data/NuclearPowerPlantAccidentData/Operation_csv_data/FLB/28.csv,218,97,0.0,2170.0,10.0,10.0,10.0,True,True,0,0,0,0,True,,,train,deterministic_class_stratified_group_interleave,True,True,True
FLB_29,FLB,29,data/NuclearPowerPlantAccidentData/Operation_csv_data/FLB/29.csv,217,97,0.0,2160.0,10.0,10.0,10.0,True,True,0,0,0,0,True,,,train,deterministic_class_stratified_group_interleave,True,True,True
FLB_30,FLB,30,data/NuclearPowerPlantAccidentData/Operation_csv_data/FLB/30.csv,216,97,0.0,2150.0,10.0,10.0,10.0,True,True,0,0,0,0,True,,,train,deterministic_class_stratified_group_interleave,True,True,True
FLB_31,FLB,31,data/NuclearPowerPlantAccidentData/Operation_csv_data/FLB/31.csv,215,97,0.0,2140.0,10.0,10.0,10.0,True,True,0,0,0,0,True,,,test,deterministic_class_stratified_group_interleave,True,True,True
FLB_32,FLB,32,data/NuclearPowerPlantAccidentData/Operation_csv_data/FLB/32.csv,214,97,0.0,2130.0,10.0,10.0,10.0,True,True,0,0,0,0,True,,,validation,deterministic_class_stratified_group_interleave,True,True,True
FLB_33,FLB,33,data/NuclearPowerPlantAccidentData/Operation_csv_data/FLB/33.csv,213,97,0.0,2120.0,10.0,10.0,10.0,True,True,0,0,0,0,True,,,train,deterministic_class_stratified_group_interleave,True,True,True
FLB_34,FLB,34,data/NuclearPowerPlantAccidentData/Operation_csv_data/FLB/34.csv,212,97,0.0,2110.0,10.0,10.0,10.0,True,True,0,0,0,0,True,,,train,deterministic_class_stratified_group_interleave,True,True,True
FLB_35,FLB,35,data/NuclearPowerPlantAccidentData/Operation_csv_data/FLB/35.csv,211,97,0.0,2100.0,10.0,10.0,10.0,True,True,0,0,0,0,True,,,train,deterministic_class_stratified_group_interleave,True,True,True
FLB_36,FLB,36,data/NuclearPowerPlantAccidentData/Operation_csv_data/FLB/36.csv,210,97,0.0,2090.0,10.0,10.0,10.0,True,True,0,0,0,0,True,,,train,deterministic_class_stratified_group_interleave,True,True,True
FLB_37,FLB,37,data/NuclearPowerPlantAccidentData/Operation_csv_data/FLB/37.csv,210,97,0.0,2090.0,10.0,10.0,10.0,True,True,0,0,0,0,True,,,train,deterministic_class_stratified_group_interleave,True,True,True
FLB_38,FLB,38,data/NuclearPowerPlantAccidentData/Operation_csv_data/FLB/38.csv,210,97,0.0,2090.0,10.0,10.0,10.0,True,True,0,0,0,0,True,,,train,deterministic_class_stratified_group_interleave,True,True,True
FLB_39,FLB,39,data/NuclearPowerPlantAccidentData/Operation_csv_data/FLB/39.csv,209,97,0.0,2080.0,10.0,10.0,10.0,True,True,0,0,0,0,True,,,train,deterministic_class_stratified_group_interleave,True,True,True
FLB_40,FLB,40,data/NuclearPowerPlantAccidentData/Operation_csv_data/FLB/40.csv,209,97,0.0,2080.0,10.0,10.0,10.0,True,True,0,0,0,0,True,,,train,deterministic_class_stratified_group_interleave,True,True,True
FLB_41,FLB,41,data/NuclearPowerPlantAccidentData/Operation_csv_data/FLB/41.csv,209,97,0.0,2080.0,10.0,10.0,10.0,True,True,0,0,0,0,True,,,test,deterministic_class_stratified_group_interleave,True,True,True
FLB_42,FLB,42,data/NuclearPowerPlantAccidentData/Operation_csv_data/FLB/42.csv,209,97,0.0,2080.0,10.0,10.0,10.0,True,True,0,0,0,0,True,,,validation,deterministic_class_stratified_group_interleave,True,True,True
FLB_43,FLB,43,data/NuclearPowerPlantAccidentData/Operation_csv_data/FLB/43.csv,209,97,0.0,2080.0,10.0,10.0,10.0,True,True,0,0,0,0,True,,,train,deterministic_class_stratified_group_interleave,True,True,True
FLB_44,FLB,44,data/NuclearPowerPlantAccidentData/Operation_csv_data/FLB/44.csv,208,97,0.0,2070.0,10.0,10.0,10.0,True,True,0,0,0,0,True,,,train,deterministic_class_stratified_group_interleave,True,True,True
FLB_45,FLB,45,data/NuclearPowerPlantAccidentData/Operation_csv_data/FLB/45.csv,208,97,0.0,2070.0,10.0,10.0,10.0,True,True,0,0,0,0,True,,,train,deterministic_class_stratified_group_interleave,True,True,True
FLB_46,FLB,46,data/NuclearPowerPlantAccidentData/Operation_csv_data/FLB/46.csv,207,97,0.0,2060.0,10.0,10.0,10.0,True,True,0,0,0,0,True,,,train,deterministic_class_stratified_group_interleave,True,True,True
FLB_47,FLB,47,data/NuclearPowerPlantAccidentData/Operation_csv_data/FLB/47.csv,207,97,0.0,2060.0,10.0,10.0,10.0,True,True,0,0,0,0,True,,,train,deterministic_class_stratified_group_interleave,True,True,True
FLB_48,FLB,48,data/NuclearPowerPlantAccidentData/Operation_csv_data/FLB/48.csv,206,97,0.0,2050.0,10.0,10.0,10.0,True,True,0,0,0,0,True,,,train,deterministic_class_stratified_group_interleave,True,True,True
FLB_49,FLB,49,data/NuclearPowerPlantAccidentData/Operation_csv_data/FLB/49.csv,206,97,0.0,2050.0,10.0,10.0,10.0,True,True,0,0,0,0,True,,,train,deterministic_class_stratified_group_interleave,True,True,True
FLB_50,FLB,50,data/NuclearPowerPlantAccidentData/Operation_csv_data/FLB/50.csv,205,97,0.0,2040.0,10.0,10.0,10.0,True,True,0,0,0,0,True,,,train,deterministic_class_stratified_group_interleave,True,True,True
FLB_51,FLB,51,data/NuclearPowerPlantAccidentData/Operation_csv_data/FLB/51.csv,205,97,0.0,2040.0,10.0,10.0,10.0,True,True,0,0,0,0,True,,,test,deterministic_class_stratified_group_interleave,True,True,True
FLB_52,FLB,52,data/NuclearPowerPlantAccidentData/Operation_csv_data/FLB/52.csv,205,97,0.0,2040.0,10.0,10.0,10.0,True,True,0,0,0,0,True,,,validation,deterministic_class_stratified_group_interleave,True,True,True
FLB_53,FLB,53,data/NuclearPowerPlantAccidentData/Operation_csv_data/FLB/53.csv,204,97,0.0,2030.0,10.0,10.0,10.0,True,True,0,0,0,0,True,,,train,deterministic_class_stratified_group_interleave,True,True,True
FLB_54,FLB,54,data/NuclearPowerPlantAccidentData/Operation_csv_data/FLB/54.csv,204,97,0.0,2030.0,10.0,10.0,10.0,True,True,0,0,0,0,True,,,train,deterministic_class_stratified_group_interleave,True,True,True
FLB_55,FLB,55,data/NuclearPowerPlantAccidentData/Operation_csv_data/FLB/55.csv,203,97,0.0,2020.0,10.0,10.0,10.0,True,True,0,0,0,0,True,,,train,deterministic_class_stratified_group_interleave,True,True,True
FLB_56,FLB,56,data/NuclearPowerPlantAccidentData/Operation_csv_data/FLB/56.csv,203,97,0.0,2020.0,10.0,10.0,10.0,True,True,0,0,0,0,True,,,train,deterministic_class_stratified_group_interleave,True,True,True
FLB_57,FLB,57,data/NuclearPowerPlantAccidentData/Operation_csv_data/FLB/57.csv,202,97,0.0,2010.0,10.0,10.0,10.0,True,True,0,0,0,0,True,,,train,deterministic_class_stratified_group_interleave,True,True,True
FLB_58,FLB,58,data/NuclearPowerPlantAccidentData/Operation_csv_data/FLB/58.csv,202,97,0.0,2010.0,10.0,10.0,10.0,True,True,0,0,0,0,True,,,train,deterministic_class_stratified_group_interleave,True,True,True
FLB_59,FLB,59,data/NuclearPowerPlantAccidentData/Operation_csv_data/FLB/59.csv,202,97,0.0,2010.0,10.0,10.0,10.0,True,True,0,0,0,0,True,,,train,deterministic_class_stratified_group_interleave,True,True,True
FLB_60,FLB,60,data/NuclearPowerPlantAccidentData/Operation_csv_data/FLB/60.csv,201,97,0.0,2000.0,10.0,10.0,10.0,True,True,0,0,0,0,True,,,train,deterministic_class_stratified_group_interleave,True,True,True
FLB_61,FLB,61,data/NuclearPowerPlantAccidentData/Operation_csv_data/FLB/61.csv,201,97,0.0,2000.0,10.0,10.0,10.0,True,True,0,0,0,0,True,,,test,deterministic_class_stratified_group_interleave,True,True,True
FLB_62,FLB,62,data/NuclearPowerPlantAccidentData/Operation_csv_data/FLB/62.csv,201,97,0.0,2000.0,10.0,10.0,10.0,True,True,0,0,0,0,True,,,validation,deterministic_class_stratified_group_interleave,True,True,True
FLB_63,FLB,63,data/NuclearPowerPlantAccidentData/Operation_csv_data/FLB/63.csv,198,97,0.0,1970.0,10.0,10.0,10.0,True,True,0,0,0,0,True,,,train,deterministic_class_stratified_group_interleave,True,True,True
FLB_64,FLB,64,data/NuclearPowerPlantAccidentData/Operation_csv_data/FLB/64.csv,195,97,0.0,1940.0,10.0,10.0,10.0,True,True,0,0,0,0,True,,,train,deterministic_class_stratified_group_interleave,True,True,True
FLB_65,FLB,65,data/NuclearPowerPlantAccidentData/Operation_csv_data/FLB/65.csv,197,97,0.0,1960.0,10.0,10.0,10.0,True,True,0,0,0,0,True,,,train,deterministic_class_stratified_group_interleave,True,True,True
FLB_66,FLB,66,data/NuclearPowerPlantAccidentData/Operation_csv_data/FLB/66.csv,197,97,0.0,1960.0,10.0,10.0,10.0,True,True,0,0,0,0,True,,,train,deterministic_class_stratified_group_interleave,True,True,True
FLB_67,FLB,67,data/NuclearPowerPlantAccidentData/Operation_csv_data/FLB/67.csv,196,97,0.0,1950.0,10.0,10.0,10.0,True,True,0,0,0,0,True,,,train,deterministic_class_stratified_group_interleave,True,True,True
FLB_68,FLB,68,data/NuclearPowerPlantAccidentData/Operation_csv_data/FLB/68.csv,192,97,0.0,1910.0,10.0,10.0,10.0,True,True,0,0,0,0,True,,,train,deterministic_class_stratified_group_interleave,True,True,True
FLB_69,FLB,69,data/NuclearPowerPlantAccidentData/Operation_csv_data/FLB/69.csv,189,97,0.0,1880.0,10.0,10.0,10.0,True,True,0,0,0,0,True,,,train,deterministic_class_stratified_group_interleave,True,True,True
FLB_70,FLB,70,data/NuclearPowerPlantAccidentData/Operation_csv_data/FLB/70.csv,187,97,0.0,1860.0,10.0,10.0,10.0,True,True,0,0,0,0,True,,,train,deterministic_class_stratified_group_interleave,True,True,True
FLB_71,FLB,71,data/NuclearPowerPlantAccidentData/Operation_csv_data/FLB/71.csv,185,97,0.0,1840.0,10.0,10.0,10.0,True,True,0,0,0,0,True,,,test,deterministic_class_stratified_group_interleave,True,True,True
FLB_72,FLB,72,data/NuclearPowerPlantAccidentData/Operation_csv_data/FLB/72.csv,187,97,0.0,1860.0,10.0,10.0,10.0,True,True,0,0,0,0,True,,,validation,deterministic_class_stratified_group_interleave,True,True,True
FLB_73,FLB,73,data/NuclearPowerPlantAccidentData/Operation_csv_data/FLB/73.csv,187,97,0.0,1860.0,10.0,10.0,10.0,True,True,0,0,0,0,True,,,train,deterministic_class_stratified_group_interleave,True,True,True
FLB_74,FLB,74,data/NuclearPowerPlantAccidentData/Operation_csv_data/FLB/74.csv,293,97,0.0,2920.0,10.0,10.0,10.0,True,True,0,0,0,0,True,,,train,deterministic_class_stratified_group_interleave,True,True,True
FLB_75,FLB,75,data/NuclearPowerPlantAccidentData/Operation_csv_data/FLB/75.csv,293,97,0.0,2920.0,10.0,10.0,10.0,True,True,0,0,0,0,True,,,train,deterministic_class_stratified_group_interleave,True,True,True
FLB_76,FLB,76,data/NuclearPowerPlantAccidentData/Operation_csv_data/FLB/76.csv,205,97,0.0,2040.0,10.0,10.0,10.0,True,True,0,0,0,0,True,,,train,deterministic_class_stratified_group_interleave,True,True,True
FLB_77,FLB,77,data/NuclearPowerPlantAccidentData/Operation_csv_data/FLB/77.csv,205,97,0.0,2040.0,10.0,10.0,10.0,True,True,0,0,0,0,True,,,train,deterministic_class_stratified_group_interleave,True,True,True
FLB_78,FLB,78,data/NuclearPowerPlantAccidentData/Operation_csv_data/FLB/78.csv,200,97,0.0,1990.0,10.0,10.0,10.0,True,True,0,0,0,0,True,,,train,deterministic_class_stratified_group_interleave,True,True,True
FLB_79,FLB,79,data/NuclearPowerPlantAccidentData/Operation_csv_data/FLB/79.csv,197,97,0.0,1960.0,10.0,10.0,10.0,True,True,0,0,0,0,True,,,train,deterministic_class_stratified_group_interleave,True,True,True
FLB_80,FLB,80,data/NuclearPowerPlantAccidentData/Operation_csv_data/FLB/80.csv,194,97,0.0,1930.0,10.0,10.0,10.0,True,True,0,0,0,0,True,,,train,deterministic_class_stratified_group_interleave,True,True,True
FLB_81,FLB,81,data/NuclearPowerPlantAccidentData/Operation_csv_data/FLB/81.csv,194,97,0.0,1930.0,10.0,10.0,10.0,True,True,0,0,0,0,True,,,test,deterministic_class_stratified_group_interleave,True,True,True
FLB_82,FLB,82,data/NuclearPowerPlantAccidentData/Operation_csv_data/FLB/82.csv,189,97,0.0,1880.0,10.0,10.0,10.0,True,True,0,0,0,0,True,,,validation,deterministic_class_stratified_group_interleave,True,True,True
FLB_83,FLB,83,data/NuclearPowerPlantAccidentData/Operation_csv_data/FLB/83.csv,186,97,0.0,1850.0,10.0,10.0,10.0,True,True,0,0,0,0,True,,,train,deterministic_class_stratified_group_interleave,True,True,True
FLB_84,FLB,84,data/NuclearPowerPlantAccidentData/Operation_csv_data/FLB/84.csv,185,97,0.0,1840.0,10.0,10.0,10.0,True,True,0,0,0,0,True,,,train,deterministic_class_stratified_group_interleave,True,True,True
FLB_85,FLB,85,data/NuclearPowerPlantAccidentData/Operation_csv_data/FLB/85.csv,182,97,0.0,1810.0,10.0,10.0,10.0,True,True,0,0,0,0,True,,,train,deterministic_class_stratified_group_interleave,True,True,True
FLB_86,FLB,86,data/NuclearPowerPlantAccidentData/Operation_csv_data/FLB/86.csv,177,97,0.0,1760.0,10.0,10.0,10.0,True,True,0,0,0,0,True,,,train,deterministic_class_stratified_group_interleave,True,True,True
FLB_87,FLB,87,data/NuclearPowerPlantAccidentData/Operation_csv_data/FLB/87.csv,177,97,0.0,1760.0,10.0,10.0,10.0,True,True,0,0,0,0,True,,,train,deterministic_class_stratified_group_interleave,True,True,True
FLB_88,FLB,88,data/NuclearPowerPlantAccidentData/Operation_csv_data/FLB/88.csv,174,97,0.0,1730.0,10.0,10.0,10.0,True,True,0,0,0,0,True,,,train,deterministic_class_stratified_group_interleave,True,True,True
FLB_89,FLB,89,data/NuclearPowerPlantAccidentData/Operation_csv_data/FLB/89.csv,171,97,0.0,1700.0,10.0,10.0,10.0,True,True,0,0,0,0,True,,,train,deterministic_class_stratified_group_interleave,True,True,True
FLB_90,FLB,90,data/NuclearPowerPlantAccidentData/Operation_csv_data/FLB/90.csv,169,97,0.0,1680.0,10.0,10.0,10.0,True,True,0,0,0,0,True,,,train,deterministic_class_stratified_group_interleave,True,True,True
FLB_91,FLB,91,data/NuclearPowerPlantAccidentData/Operation_csv_data/FLB/91.csv,168,97,0.0,1670.0,10.0,10.0,10.0,True,True,0,0,0,0,True,,,test,deterministic_class_stratified_group_interleave,True,True,True
FLB_92,FLB,92,data/NuclearPowerPlantAccidentData/Operation_csv_data/FLB/92.csv,167,97,0.0,1660.0,10.0,10.0,10.0,True,True,0,0,0,0,True,,,validation,deterministic_class_stratified_group_interleave,True,True,True
FLB_93,FLB,93,data/NuclearPowerPlantAccidentData/Operation_csv_data/FLB/93.csv,166,97,0.0,1650.0,10.0,10.0,10.0,True,True,0,0,0,0,True,,,train,deterministic_class_stratified_group_interleave,True,True,True
FLB_94,FLB,94,data/NuclearPowerPlantAccidentData/Operation_csv_data/FLB/94.csv,164,97,0.0,1630.0,10.0,10.0,10.0,True,True,0,0,0,0,True,,,train,deterministic_class_stratified_group_interleave,True,True,True
FLB_95,FLB,95,data/NuclearPowerPlantAccidentData/Operation_csv_data/FLB/95.csv,164,97,0.0,1630.0,10.0,10.0,10.0,True,True,0,0,0,0,True,,,train,deterministic_class_stratified_group_interleave,True,True,True
FLB_96,FLB,96,data/NuclearPowerPlantAccidentData/Operation_csv_data/FLB/96.csv,163,97,0.0,1620.0,10.0,10.0,10.0,True,True,0,0,0,0,True,,,train,deterministic_class_stratified_group_interleave,True,True,True
FLB_97,FLB,97,data/NuclearPowerPlantAccidentData/Operation_csv_data/FLB/97.csv,162,97,0.0,1610.0,10.0,10.0,10.0,True,True,0,0,0,0,True,,,train,deterministic_class_stratified_group_interleave,True,True,True
FLB_98,FLB,98,data/NuclearPowerPlantAccidentData/Operation_csv_data/FLB/98.csv,161,97,0.0,1600.0,10.0,10.0,10.0,True,True,0,0,0,0,True,,,train,deterministic_class_stratified_group_interleave,True,True,True
FLB_99,FLB,99,data/NuclearPowerPlantAccidentData/Operation_csv_data/FLB/99.csv,161,97,0.0,1600.0,10.0,10.0,10.0,True,True,0,0,0,0,True,,,train,deterministic_class_stratified_group_interleave,True,True,True
FLB_100,FLB,100,data/NuclearPowerPlantAccidentData/Operation_csv_data/FLB/100.csv,161,97,0.0,1600.0,10.0,10.0,10.0,True,True,0,0,0,0,True,,,train,deterministic_class_stratified_group_interleave,True,True,True
LACP_1,LACP,1,data/NuclearPowerPlantAccidentData/Operation_csv_data/LACP/1.csv,504,97,0.0,5030.0,10.0,10.0,10.0,True,True,0,0,0,0,True,,,train,train_only_class_too_small_for_three_way_split,True,True,True
LLB_1,LLB,1,data/NuclearPowerPlantAccidentData/Operation_csv_data/LLB/1.csv,548,97,0.0,5470.0,10.0,10.0,10.0,True,True,0,0,0,0,True,,,test,deterministic_class_stratified_group_interleave,True,True,True
LLB_2,LLB,2,data/NuclearPowerPlantAccidentData/Operation_csv_data/LLB/2.csv,558,97,0.0,5570.0,10.0,10.0,10.0,True,True,0,0,0,0,True,,,validation,deterministic_class_stratified_group_interleave,True,True,True
LLB_3,LLB,3,data/NuclearPowerPlantAccidentData/Operation_csv_data/LLB/3.csv,557,97,0.0,5560.0,10.0,10.0,10.0,True,True,0,0,0,0,True,,,train,deterministic_class_stratified_group_interleave,True,True,True
LLB_4,LLB,4,data/NuclearPowerPlantAccidentData/Operation_csv_data/LLB/4.csv,557,97,0.0,5560.0,10.0,10.0,10.0,True,True,0,0,0,0,True,,,train,deterministic_class_stratified_group_interleave,True,True,True
LLB_5,LLB,5,data/NuclearPowerPlantAccidentData/Operation_csv_data/LLB/5.csv,557,97,0.0,5560.0,10.0,10.0,10.0,True,True,0,0,0,0,True,,,train,deterministic_class_stratified_group_interleave,True,True,True
LLB_6,LLB,6,data/NuclearPowerPlantAccidentData/Operation_csv_data/LLB/6.csv,557,97,0.0,5560.0,10.0,10.0,10.0,True,True,0,0,0,0,True,,,train,deterministic_class_stratified_group_interleave,True,True,True
LLB_7,LLB,7,data/NuclearPowerPlantAccidentData/Operation_csv_data/LLB/7.csv,557,97,0.0,5560.0,10.0,10.0,10.0,True,True,0,0,0,0,True,,,train,deterministic_class_stratified_group_interleave,True,True,True
LLB_8,LLB,8,data/NuclearPowerPlantAccidentData/Operation_csv_data/LLB/8.csv,556,97,0.0,5550.0,10.0,10.0,10.0,True,True,0,0,0,0,True,,,train,deterministic_class_stratified_group_interleave,True,True,True
LLB_9,LLB,9,data/NuclearPowerPlantAccidentData/Operation_csv_data/LLB/9.csv,556,97,0.0,5550.0,10.0,10.0,10.0,True,True,0,0,0,0,True,,,train,deterministic_class_stratified_group_interleave,True,True,True
LLB_10,LLB,10,data/NuclearPowerPlantAccidentData/Operation_csv_data/LLB/10.csv,556,97,0.0,5550.0,10.0,10.0,10.0,True,True,0,0,0,0,True,,,train,deterministic_class_stratified_group_interleave,True,True,True
LLB_11,LLB,11,data/NuclearPowerPlantAccidentData/Operation_csv_data/LLB/11.csv,557,97,0.0,5560.0,10.0,10.0,10.0,True,True,0,0,0,0,True,,,test,deterministic_class_stratified_group_interleave,True,True,True
LLB_12,LLB,12,data/NuclearPowerPlantAccidentData/Operation_csv_data/LLB/12.csv,557,97,0.0,5560.0,10.0,10.0,10.0,True,True,0,0,0,0,True,,,validation,deterministic_class_stratified_group_interleave,True,True,True
LLB_13,LLB,13,data/NuclearPowerPlantAccidentData/Operation_csv_data/LLB/13.csv,556,97,0.0,5550.0,10.0,10.0,10.0,True,True,0,0,0,0,True,,,train,deterministic_class_stratified_group_interleave,True,True,True
LLB_14,LLB,14,data/NuclearPowerPlantAccidentData/Operation_csv_data/LLB/14.csv,556,97,0.0,5550.0,10.0,10.0,10.0,True,True,0,0,0,0,True,,,train,deterministic_class_stratified_group_interleave,True,True,True
LLB_15,LLB,15,data/NuclearPowerPlantAccidentData/Operation_csv_data/LLB/15.csv,556,97,0.0,5550.0,10.0,10.0,10.0,True,True,0,0,0,0,True,,,train,deterministic_class_stratified_group_interleave,True,True,True
LLB_16,LLB,16,data/NuclearPowerPlantAccidentData/Operation_csv_data/LLB/16.csv,556,97,0.0,5550.0,10.0,10.0,10.0,True,True,0,0,0,0,True,,,train,deterministic_class_stratified_group_interleave,True,True,True
LLB_17,LLB,17,data/NuclearPowerPlantAccidentData/Operation_csv_data/LLB/17.csv,555,97,0.0,5540.0,10.0,10.0,10.0,True,True,0,0,0,0,True,,,train,deterministic_class_stratified_group_interleave,True,True,True
LLB_18,LLB,18,data/NuclearPowerPlantAccidentData/Operation_csv_data/LLB/18.csv,556,97,0.0,5550.0,10.0,10.0,10.0,True,True,0,0,0,0,True,,,train,deterministic_class_stratified_group_interleave,True,True,True
LLB_19,LLB,19,data/NuclearPowerPlantAccidentData/Operation_csv_data/LLB/19.csv,556,97,0.0,5550.0,10.0,10.0,10.0,True,True,0,0,0,0,True,,,train,deterministic_class_stratified_group_interleave,True,True,True
LLB_20,LLB,20,data/NuclearPowerPlantAccidentData/Operation_csv_data/LLB/20.csv,556,97,0.0,5550.0,10.0,10.0,10.0,True,True,0,0,0,0,True,,,train,deterministic_class_stratified_group_interleave,True,True,True
LLB_21,LLB,21,data/NuclearPowerPlantAccidentData/Operation_csv_data/LLB/21.csv,554,97,0.0,5530.0,10.0,10.0,10.0,True,True,0,0,0,0,True,,,test,deterministic_class_stratified_group_interleave,True,True,True
LLB_22,LLB,22,data/NuclearPowerPlantAccidentData/Operation_csv_data/LLB/22.csv,554,97,0.0,5530.0,10.0,10.0,10.0,True,True,0,0,0,0,True,,,validation,deterministic_class_stratified_group_interleave,True,True,True
LLB_23,LLB,23,data/NuclearPowerPlantAccidentData/Operation_csv_data/LLB/23.csv,555,97,0.0,5540.0,10.0,10.0,10.0,True,True,0,0,0,0,True,,,train,deterministic_class_stratified_group_interleave,True,True,True
LLB_24,LLB,24,data/NuclearPowerPlantAccidentData/Operation_csv_data/LLB/24.csv,555,97,0.0,5540.0,10.0,10.0,10.0,True,True,0,0,0,0,True,,,train,deterministic_class_stratified_group_interleave,True,True,True
LLB_25,LLB,25,data/NuclearPowerPlantAccidentData/Operation_csv_data/LLB/25.csv,554,97,0.0,5530.0,10.0,10.0,10.0,True,True,0,0,0,0,True,,,train,deterministic_class_stratified_group_interleave,True,True,True
LLB_26,LLB,26,data/NuclearPowerPlantAccidentData/Operation_csv_data/LLB/26.csv,553,97,0.0,5520.0,10.0,10.0,10.0,True,True,0,0,0,0,True,,,train,deterministic_class_stratified_group_interleave,True,True,True
LLB_27,LLB,27,data/NuclearPowerPlantAccidentData/Operation_csv_data/LLB/27.csv,553,97,0.0,5520.0,10.0,10.0,10.0,True,True,0,0,0,0,True,,,train,deterministic_class_stratified_group_interleave,True,True,True
LLB_28,LLB,28,data/NuclearPowerPlantAccidentData/Operation_csv_data/LLB/28.csv,554,97,0.0,5530.0,10.0,10.0,10.0,True,True,0,0,0,0,True,,,train,deterministic_class_stratified_group_interleave,True,True,True
LLB_29,LLB,29,data/NuclearPowerPlantAccidentData/Operation_csv_data/LLB/29.csv,554,97,0.0,5530.0,10.0,10.0,10.0,True,True,0,0,0,0,True,,,train,deterministic_class_stratified_group_interleave,True,True,True
LLB_30,LLB,30,data/NuclearPowerPlantAccidentData/Operation_csv_data/LLB/30.csv,554,97,0.0,5530.0,10.0,10.0,10.0,True,True,0,0,0,0,True,,,train,deterministic_class_stratified_group_interleave,True,True,True
LLB_31,LLB,31,data/NuclearPowerPlantAccidentData/Operation_csv_data/LLB/31.csv,554,97,0.0,5530.0,10.0,10.0,10.0,True,True,0,0,0,0,True,,,test,deterministic_class_stratified_group_interleave,True,True,True
LLB_32,LLB,32,data/NuclearPowerPlantAccidentData/Operation_csv_data/LLB/32.csv,555,97,0.0,5540.0,10.0,10.0,10.0,True,True,0,0,0,0,True,,,validation,deterministic_class_stratified_group_interleave,True,True,True
LLB_33,LLB,33,data/NuclearPowerPlantAccidentData/Operation_csv_data/LLB/33.csv,553,97,0.0,5520.0,10.0,10.0,10.0,True,True,0,0,0,0,True,,,train,deterministic_class_stratified_group_interleave,True,True,True
LLB_34,LLB,34,data/NuclearPowerPlantAccidentData/Operation_csv_data/LLB/34.csv,553,97,0.0,5520.0,10.0,10.0,10.0,True,True,0,0,0,0,True,,,train,deterministic_class_stratified_group_interleave,True,True,True
LLB_35,LLB,35,data/NuclearPowerPlantAccidentData/Operation_csv_data/LLB/35.csv,553,97,0.0,5520.0,10.0,10.0,10.0,True,True,0,0,0,0,True,,,train,deterministic_class_stratified_group_interleave,True,True,True
LLB_36,LLB,36,data/NuclearPowerPlantAccidentData/Operation_csv_data/LLB/36.csv,553,97,0.0,5520.0,10.0,10.0,10.0,True,True,0,0,0,0,True,,,train,deterministic_class_stratified_group_interleave,True,True,True
LLB_37,LLB,37,data/NuclearPowerPlantAccidentData/Operation_csv_data/LLB/37.csv,553,97,0.0,5520.0,10.0,10.0,10.0,True,True,0,0,0,0,True,,,train,deterministic_class_stratified_group_interleave,True,True,True
LLB_38,LLB,38,data/NuclearPowerPlantAccidentData/Operation_csv_data/LLB/38.csv,554,97,0.0,5530.0,10.0,10.0,10.0,True,True,0,0,0,0,True,,,train,deterministic_class_stratified_group_interleave,True,True,True
LLB_39,LLB,39,data/NuclearPowerPlantAccidentData/Operation_csv_data/LLB/39.csv,554,97,0.0,5530.0,10.0,10.0,10.0,True,True,0,0,0,0,True,,,train,deterministic_class_stratified_group_interleave,True,True,True
LLB_40,LLB,40,data/NuclearPowerPlantAccidentData/Operation_csv_data/LLB/40.csv,554,97,0.0,5530.0,10.0,10.0,10.0,True,True,0,0,0,0,True,,,train,deterministic_class_stratified_group_interleave,True,True,True
LLB_41,LLB,41,data/NuclearPowerPlantAccidentData/Operation_csv_data/LLB/41.csv,553,97,0.0,5520.0,10.0,10.0,10.0,True,True,0,0,0,0,True,,,test,deterministic_class_stratified_group_interleave,True,True,True
LLB_42,LLB,42,data/NuclearPowerPlantAccidentData/Operation_csv_data/LLB/42.csv,553,97,0.0,5520.0,10.0,10.0,10.0,True,True,0,0,0,0,True,,,validation,deterministic_class_stratified_group_interleave,True,True,True
LLB_43,LLB,43,data/NuclearPowerPlantAccidentData/Operation_csv_data/LLB/43.csv,538,97,0.0,5370.0,10.0,10.0,10.0,True,True,0,0,0,0,True,,,train,deterministic_class_stratified_group_interleave,True,True,True
LLB_44,LLB,44,data/NuclearPowerPlantAccidentData/Operation_csv_data/LLB/44.csv,551,97,0.0,5500.0,10.0,10.0,10.0,True,True,0,0,0,0,True,,,train,deterministic_class_stratified_group_interleave,True,True,True
LLB_45,LLB,45,data/NuclearPowerPlantAccidentData/Operation_csv_data/LLB/45.csv,551,97,0.0,5500.0,10.0,10.0,10.0,True,True,0,0,0,0,True,,,train,deterministic_class_stratified_group_interleave,True,True,True
LLB_46,LLB,46,data/NuclearPowerPlantAccidentData/Operation_csv_data/LLB/46.csv,549,97,0.0,5480.0,10.0,10.0,10.0,True,True,0,0,0,0,True,,,train,deterministic_class_stratified_group_interleave,True,True,True
LLB_47,LLB,47,data/NuclearPowerPlantAccidentData/Operation_csv_data/LLB/47.csv,553,97,0.0,5520.0,10.0,10.0,10.0,True,True,0,0,0,0,True,,,train,deterministic_class_stratified_group_interleave,True,True,True
LLB_48,LLB,48,data/NuclearPowerPlantAccidentData/Operation_csv_data/LLB/48.csv,550,97,0.0,5490.0,10.0,10.0,10.0,True,True,0,0,0,0,True,,,train,deterministic_class_stratified_group_interleave,True,True,True
LLB_49,LLB,49,data/NuclearPowerPlantAccidentData/Operation_csv_data/LLB/49.csv,552,97,0.0,5510.0,10.0,10.0,10.0,True,True,0,0,0,0,True,,,train,deterministic_class_stratified_group_interleave,True,True,True
LLB_50,LLB,50,data/NuclearPowerPlantAccidentData/Operation_csv_data/LLB/50.csv,551,97,0.0,5500.0,10.0,10.0,10.0,True,True,0,0,0,0,True,,,train,deterministic_class_stratified_group_interleave,True,True,True
LLB_51,LLB,51,data/NuclearPowerPlantAccidentData/Operation_csv_data/LLB/51.csv,550,97,0.0,5490.0,10.0,10.0,10.0,True,True,0,0,0,0,True,,,test,deterministic_class_stratified_group_interleave,True,True,True
LLB_52,LLB,52,data/NuclearPowerPlantAccidentData/Operation_csv_data/LLB/52.csv,555,97,0.0,5540.0,10.0,10.0,10.0,True,True,0,0,0,0,True,,,validation,deterministic_class_stratified_group_interleave,True,True,True
LLB_53,LLB,53,data/NuclearPowerPlantAccidentData/Operation_csv_data/LLB/53.csv,555,97,0.0,5540.0,10.0,10.0,10.0,True,True,0,0,0,0,True,,,train,deterministic_class_stratified_group_interleave,True,True,True
LLB_54,LLB,54,data/NuclearPowerPlantAccidentData/Operation_csv_data/LLB/54.csv,557,97,0.0,5560.0,10.0,10.0,10.0,True,True,0,0,0,0,True,,,train,deterministic_class_stratified_group_interleave,True,True,True
LLB_55,LLB,55,data/NuclearPowerPlantAccidentData/Operation_csv_data/LLB/55.csv,555,97,0.0,5540.0,10.0,10.0,10.0,True,True,0,0,0,0,True,,,train,deterministic_class_stratified_group_interleave,True,True,True
LLB_56,LLB,56,data/NuclearPowerPlantAccidentData/Operation_csv_data/LLB/56.csv,556,97,0.0,5550.0,10.0,10.0,10.0,True,True,0,0,0,0,True,,,train,deterministic_class_stratified_group_interleave,True,True,True
LLB_57,LLB,57,data/NuclearPowerPlantAccidentData/Operation_csv_data/LLB/57.csv,555,97,0.0,5540.0,10.0,10.0,10.0,True,True,0,0,0,0,True,,,train,deterministic_class_stratified_group_interleave,True,True,True
LLB_58,LLB,58,data/NuclearPowerPlantAccidentData/Operation_csv_data/LLB/58.csv,557,97,0.0,5560.0,10.0,10.0,10.0,True,True,0,0,0,0,True,,,train,deterministic_class_stratified_group_interleave,True,True,True
LLB_59,LLB,59,data/NuclearPowerPlantAccidentData/Operation_csv_data/LLB/59.csv,555,97,0.0,5540.0,10.0,10.0,10.0,True,True,0,0,0,0,True,,,train,deterministic_class_stratified_group_interleave,True,True,True
LLB_60,LLB,60,data/NuclearPowerPlantAccidentData/Operation_csv_data/LLB/60.csv,557,97,0.0,5560.0,10.0,10.0,10.0,True,True,0,0,0,0,True,,,train,deterministic_class_stratified_group_interleave,True,True,True
LLB_61,LLB,61,data/NuclearPowerPlantAccidentData/Operation_csv_data/LLB/61.csv,557,97,0.0,5560.0,10.0,10.0,10.0,True,True,0,0,0,0,True,,,test,deterministic_class_stratified_group_interleave,True,True,True
LLB_62,LLB,62,data/NuclearPowerPlantAccidentData/Operation_csv_data/LLB/62.csv,555,97,0.0,5540.0,10.0,10.0,10.0,True,True,0,0,0,0,True,,,validation,deterministic_class_stratified_group_interleave,True,True,True
LLB_63,LLB,63,data/NuclearPowerPlantAccidentData/Operation_csv_data/LLB/63.csv,557,97,0.0,5560.0,10.0,10.0,10.0,True,True,0,0,0,0,True,,,train,deterministic_class_stratified_group_interleave,True,True,True
LLB_64,LLB,64,data/NuclearPowerPlantAccidentData/Operation_csv_data/LLB/64.csv,557,97,0.0,5560.0,10.0,10.0,10.0,True,True,0,0,0,0,True,,,train,deterministic_class_stratified_group_interleave,True,True,True
LLB_65,LLB,65,data/NuclearPowerPlantAccidentData/Operation_csv_data/LLB/65.csv,557,97,0.0,5560.0,10.0,10.0,10.0,True,True,0,0,0,0,True,,,train,deterministic_class_stratified_group_interleave,True,True,True
LLB_66,LLB,66,data/NuclearPowerPlantAccidentData/Operation_csv_data/LLB/66.csv,557,97,0.0,5560.0,10.0,10.0,10.0,True,True,0,0,0,0,True,,,train,deterministic_class_stratified_group_interleave,True,True,True
LLB_67,LLB,67,data/NuclearPowerPlantAccidentData/Operation_csv_data/LLB/67.csv,556,97,0.0,5550.0,10.0,10.0,10.0,True,True,0,0,0,0,True,,,train,deterministic_class_stratified_group_interleave,True,True,True
LLB_68,LLB,68,data/NuclearPowerPlantAccidentData/Operation_csv_data/LLB/68.csv,557,97,0.0,5560.0,10.0,10.0,10.0,True,True,0,0,0,0,True,,,train,deterministic_class_stratified_group_interleave,True,True,True
LLB_69,LLB,69,data/NuclearPowerPlantAccidentData/Operation_csv_data/LLB/69.csv,557,97,0.0,5560.0,10.0,10.0,10.0,True,True,0,0,0,0,True,,,train,deterministic_class_stratified_group_interleave,True,True,True
LLB_70,LLB,70,data/NuclearPowerPlantAccidentData/Operation_csv_data/LLB/70.csv,554,97,0.0,5530.0,10.0,10.0,10.0,True,True,0,0,0,0,True,,,train,deterministic_class_stratified_group_interleave,True,True,True
LLB_71,LLB,71,data/NuclearPowerPlantAccidentData/Operation_csv_data/LLB/71.csv,555,97,0.0,5540.0,10.0,10.0,10.0,True,True,0,0,0,0,True,,,test,deterministic_class_stratified_group_interleave,True,True,True
LLB_72,LLB,72,data/NuclearPowerPlantAccidentData/Operation_csv_data/LLB/72.csv,556,97,0.0,5550.0,10.0,10.0,10.0,True,True,0,0,0,0,True,,,validation,deterministic_class_stratified_group_interleave,True,True,True
LLB_73,LLB,73,data/NuclearPowerPlantAccidentData/Operation_csv_data/LLB/73.csv,556,97,0.0,5550.0,10.0,10.0,10.0,True,True,0,0,0,0,True,,,train,deterministic_class_stratified_group_interleave,True,True,True
LLB_74,LLB,74,data/NuclearPowerPlantAccidentData/Operation_csv_data/LLB/74.csv,557,97,0.0,5560.0,10.0,10.0,10.0,True,True,0,0,0,0,True,,,train,deterministic_class_stratified_group_interleave,True,True,True
LLB_75,LLB,75,data/NuclearPowerPlantAccidentData/Operation_csv_data/LLB/75.csv,556,97,0.0,5550.0,10.0,10.0,10.0,True,True,0,0,0,0,True,,,train,deterministic_class_stratified_group_interleave,True,True,True
LLB_76,LLB,76,data/NuclearPowerPlantAccidentData/Operation_csv_data/LLB/76.csv,556,97,0.0,5550.0,10.0,10.0,10.0,True,True,0,0,0,0,True,,,train,deterministic_class_stratified_group_interleave,True,True,True
LLB_77,LLB,77,data/NuclearPowerPlantAccidentData/Operation_csv_data/LLB/77.csv,557,97,0.0,5560.0,10.0,10.0,10.0,True,True,0,0,0,0,True,,,train,deterministic_class_stratified_group_interleave,True,True,True
LLB_78,LLB,78,data/NuclearPowerPlantAccidentData/Operation_csv_data/LLB/78.csv,555,97,0.0,5540.0,10.0,10.0,10.0,True,True,0,0,0,0,True,,,train,deterministic_class_stratified_group_interleave,True,True,True
LLB_79,LLB,79,data/NuclearPowerPlantAccidentData/Operation_csv_data/LLB/79.csv,555,97,0.0,5540.0,10.0,10.0,10.0,True,True,0,0,0,0,True,,,train,deterministic_class_stratified_group_interleave,True,True,True
LLB_80,LLB,80,data/NuclearPowerPlantAccidentData/Operation_csv_data/LLB/80.csv,556,97,0.0,5550.0,10.0,10.0,10.0,True,True,0,0,0,0,True,,,train,deterministic_class_stratified_group_interleave,True,True,True
LLB_81,LLB,81,data/NuclearPowerPlantAccidentData/Operation_csv_data/LLB/81.csv,556,97,0.0,5550.0,10.0,10.0,10.0,True,True,0,0,0,0,True,,,test,deterministic_class_stratified_group_interleave,True,True,True
LLB_82,LLB,82,data/NuclearPowerPlantAccidentData/Operation_csv_data/LLB/82.csv,556,97,0.0,5550.0,10.0,10.0,10.0,True,True,0,0,0,0,True,,,validation,deterministic_class_stratified_group_interleave,True,True,True
LLB_83,LLB,83,data/NuclearPowerPlantAccidentData/Operation_csv_data/LLB/83.csv,556,97,0.0,5550.0,10.0,10.0,10.0,True,True,0,0,0,0,True,,,train,deterministic_class_stratified_group_interleave,True,True,True
LLB_84,LLB,84,data/NuclearPowerPlantAccidentData/Operation_csv_data/LLB/84.csv,555,97,0.0,5540.0,10.0,10.0,10.0,True,True,0,0,0,0,True,,,train,deterministic_class_stratified_group_interleave,True,True,True
LLB_85,LLB,85,data/NuclearPowerPlantAccidentData/Operation_csv_data/LLB/85.csv,553,97,0.0,5520.0,10.0,10.0,10.0,True,True,0,0,0,0,True,,,train,deterministic_class_stratified_group_interleave,True,True,True
LLB_86,LLB,86,data/NuclearPowerPlantAccidentData/Operation_csv_data/LLB/86.csv,553,97,0.0,5520.0,10.0,10.0,10.0,True,True,0,0,0,0,True,,,train,deterministic_class_stratified_group_interleave,True,True,True
LLB_87,LLB,87,data/NuclearPowerPlantAccidentData/Operation_csv_data/LLB/87.csv,552,97,0.0,5510.0,10.0,10.0,10.0,True,True,0,0,0,0,True,,,train,deterministic_class_stratified_group_interleave,True,True,True
LLB_88,LLB,88,data/NuclearPowerPlantAccidentData/Operation_csv_data/LLB/88.csv,553,97,0.0,5520.0,10.0,10.0,10.0,True,True,0,0,0,0,True,,,train,deterministic_class_stratified_group_interleave,True,True,True
LLB_89,LLB,89,data/NuclearPowerPlantAccidentData/Operation_csv_data/LLB/89.csv,554,97,0.0,5530.0,10.0,10.0,10.0,True,True,0,0,0,0,True,,,train,deterministic_class_stratified_group_interleave,True,True,True
LLB_90,LLB,90,data/NuclearPowerPlantAccidentData/Operation_csv_data/LLB/90.csv,553,97,0.0,5520.0,10.0,10.0,10.0,True,True,0,0,0,0,True,,,train,deterministic_class_stratified_group_interleave,True,True,True
LLB_91,LLB,91,data/NuclearPowerPlantAccidentData/Operation_csv_data/LLB/91.csv,555,97,0.0,5540.0,10.0,10.0,10.0,True,True,0,0,0,0,True,,,test,deterministic_class_stratified_group_interleave,True,True,True
LLB_92,LLB,92,data/NuclearPowerPlantAccidentData/Operation_csv_data/LLB/92.csv,553,97,0.0,5520.0,10.0,10.0,10.0,True,True,0,0,0,0,True,,,validation,deterministic_class_stratified_group_interleave,True,True,True
LLB_93,LLB,93,data/NuclearPowerPlantAccidentData/Operation_csv_data/LLB/93.csv,554,97,0.0,5530.0,10.0,10.0,10.0,True,True,0,0,0,0,True,,,train,deterministic_class_stratified_group_interleave,True,True,True
LLB_94,LLB,94,data/NuclearPowerPlantAccidentData/Operation_csv_data/LLB/94.csv,555,97,0.0,5540.0,10.0,10.0,10.0,True,True,0,0,0,0,True,,,train,deterministic_class_stratified_group_interleave,True,True,True
LLB_95,LLB,95,data/NuclearPowerPlantAccidentData/Operation_csv_data/LLB/95.csv,555,97,0.0,5540.0,10.0,10.0,10.0,True,True,0,0,0,0,True,,,train,deterministic_class_stratified_group_interleave,True,True,True
LLB_96,LLB,96,data/NuclearPowerPlantAccidentData/Operation_csv_data/LLB/96.csv,554,97,0.0,5530.0,10.0,10.0,10.0,True,True,0,0,0,0,True,,,train,deterministic_class_stratified_group_interleave,True,True,True
LLB_97,LLB,97,data/NuclearPowerPlantAccidentData/Operation_csv_data/LLB/97.csv,539,97,0.0,5380.0,10.0,10.0,10.0,True,True,0,0,0,0,True,,,train,deterministic_class_stratified_group_interleave,True,True,True
LLB_98,LLB,98,data/NuclearPowerPlantAccidentData/Operation_csv_data/LLB/98.csv,554,97,0.0,5530.0,10.0,10.0,10.0,True,True,0,0,0,0,True,,,train,deterministic_class_stratified_group_interleave,True,True,True
LLB_99,LLB,99,data/NuclearPowerPlantAccidentData/Operation_csv_data/LLB/99.csv,553,97,0.0,5520.0,10.0,10.0,10.0,True,True,0,0,0,0,True,,,train,deterministic_class_stratified_group_interleave,True,True,True
LLB_100,LLB,100,data/NuclearPowerPlantAccidentData/Operation_csv_data/LLB/100.csv,554,97,0.0,5530.0,10.0,10.0,10.0,True,True,0,0,0,0,True,,,train,deterministic_class_stratified_group_interleave,True,True,True
LLB_101,LLB,101,data/NuclearPowerPlantAccidentData/Operation_csv_data/LLB/101.csv,553,97,0.0,5520.0,10.0,10.0,10.0,True,True,0,0,0,0,True,,,test,deterministic_class_stratified_group_interleave,True,True,True
LOCA_1,LOCA,1,data/NuclearPowerPlantAccidentData/Operation_csv_data/LOCA/1.csv,475,97,0.0,4740.0,10.0,10.0,10.0,True,True,0,0,0,0,True,,,test,deterministic_class_stratified_group_interleave,True,True,True
LOCA_2,LOCA,2,data/NuclearPowerPlantAccidentData/Operation_csv_data/LOCA/2.csv,471,97,0.0,4700.0,10.0,10.0,10.0,True,True,0,0,0,0,True,,,validation,deterministic_class_stratified_group_interleave,True,True,True
LOCA_3,LOCA,3,data/NuclearPowerPlantAccidentData/Operation_csv_data/LOCA/3.csv,458,97,0.0,4570.0,10.0,10.0,10.0,True,True,0,0,0,0,True,,,train,deterministic_class_stratified_group_interleave,True,True,True
LOCA_4,LOCA,4,data/NuclearPowerPlantAccidentData/Operation_csv_data/LOCA/4.csv,452,97,0.0,4510.0,10.0,10.0,10.0,True,True,0,0,0,0,True,,,train,deterministic_class_stratified_group_interleave,True,True,True
LOCA_5,LOCA,5,data/NuclearPowerPlantAccidentData/Operation_csv_data/LOCA/5.csv,449,97,0.0,4480.0,10.0,10.0,10.0,True,True,0,0,0,0,True,,,train,deterministic_class_stratified_group_interleave,True,True,True
LOCA_6,LOCA,6,data/NuclearPowerPlantAccidentData/Operation_csv_data/LOCA/6.csv,450,97,0.0,4490.0,10.0,10.0,10.0,True,True,0,0,0,0,True,,,train,deterministic_class_stratified_group_interleave,True,True,True
LOCA_7,LOCA,7,data/NuclearPowerPlantAccidentData/Operation_csv_data/LOCA/7.csv,443,97,0.0,4420.0,10.0,10.0,10.0,True,True,0,0,0,0,True,,,train,deterministic_class_stratified_group_interleave,True,True,True
LOCA_8,LOCA,8,data/NuclearPowerPlantAccidentData/Operation_csv_data/LOCA/8.csv,440,97,0.0,4390.0,10.0,10.0,10.0,True,True,0,0,0,0,True,,,train,deterministic_class_stratified_group_interleave,True,True,True
LOCA_9,LOCA,9,data/NuclearPowerPlantAccidentData/Operation_csv_data/LOCA/9.csv,430,97,0.0,4290.0,10.0,10.0,10.0,True,True,0,0,0,0,True,,,train,deterministic_class_stratified_group_interleave,True,True,True
LOCA_10,LOCA,10,data/NuclearPowerPlantAccidentData/Operation_csv_data/LOCA/10.csv,425,97,0.0,4240.0,10.0,10.0,10.0,True,True,0,0,0,0,True,,,train,deterministic_class_stratified_group_interleave,True,True,True
LOCA_11,LOCA,11,data/NuclearPowerPlantAccidentData/Operation_csv_data/LOCA/11.csv,423,97,0.0,4220.0,10.0,10.0,10.0,True,True,0,0,0,0,True,,,test,deterministic_class_stratified_group_interleave,True,True,True
LOCA_12,LOCA,12,data/NuclearPowerPlantAccidentData/Operation_csv_data/LOCA/12.csv,419,97,0.0,4180.0,10.0,10.0,10.0,True,True,0,0,0,0,True,,,validation,deterministic_class_stratified_group_interleave,True,True,True
LOCA_13,LOCA,13,data/NuclearPowerPlantAccidentData/Operation_csv_data/LOCA/13.csv,416,97,0.0,4150.0,10.0,10.0,10.0,True,True,0,0,0,0,True,,,train,deterministic_class_stratified_group_interleave,True,True,True
LOCA_14,LOCA,14,data/NuclearPowerPlantAccidentData/Operation_csv_data/LOCA/14.csv,413,97,0.0,4120.0,10.0,10.0,10.0,True,True,0,0,0,0,True,,,train,deterministic_class_stratified_group_interleave,True,True,True
LOCA_15,LOCA,15,data/NuclearPowerPlantAccidentData/Operation_csv_data/LOCA/15.csv,412,97,0.0,4110.0,10.0,10.0,10.0,True,True,0,0,0,0,True,,,train,deterministic_class_stratified_group_interleave,True,True,True
LOCA_16,LOCA,16,data/NuclearPowerPlantAccidentData/Operation_csv_data/LOCA/16.csv,412,97,0.0,4110.0,10.0,10.0,10.0,True,True,0,0,0,0,True,,,train,deterministic_class_stratified_group_interleave,True,True,True
LOCA_17,LOCA,17,data/NuclearPowerPlantAccidentData/Operation_csv_data/LOCA/17.csv,414,97,0.0,4130.0,10.0,10.0,10.0,True,True,0,0,0,0,True,,,train,deterministic_class_stratified_group_interleave,True,True,True
LOCA_18,LOCA,18,data/NuclearPowerPlantAccidentData/Operation_csv_data/LOCA/18.csv,412,97,0.0,4110.0,10.0,10.0,10.0,True,True,0,0,0,0,True,,,train,deterministic_class_stratified_group_interleave,True,True,True
LOCA_19,LOCA,19,data/NuclearPowerPlantAccidentData/Operation_csv_data/LOCA/19.csv,410,97,0.0,4090.0,10.0,10.0,10.0,True,True,0,0,0,0,True,,,train,deterministic_class_stratified_group_interleave,True,True,True
LOCA_20,LOCA,20,data/NuclearPowerPlantAccidentData/Operation_csv_data/LOCA/20.csv,409,97,0.0,4080.0,10.0,10.0,10.0,True,True,0,0,0,0,True,,,train,deterministic_class_stratified_group_interleave,True,True,True
LOCA_21,LOCA,21,data/NuclearPowerPlantAccidentData/Operation_csv_data/LOCA/21.csv,409,97,0.0,4080.0,10.0,10.0,10.0,True,True,0,0,0,0,True,,,test,deterministic_class_stratified_group_interleave,True,True,True
LOCA_22,LOCA,22,data/NuclearPowerPlantAccidentData/Operation_csv_data/LOCA/22.csv,408,97,0.0,4070.0,10.0,10.0,10.0,True,True,0,0,0,0,True,,,validation,deterministic_class_stratified_group_interleave,True,True,True
LOCA_23,LOCA,23,data/NuclearPowerPlantAccidentData/Operation_csv_data/LOCA/23.csv,406,97,0.0,4050.0,10.0,10.0,10.0,True,True,0,0,0,0,True,,,train,deterministic_class_stratified_group_interleave,True,True,True
LOCA_24,LOCA,24,data/NuclearPowerPlantAccidentData/Operation_csv_data/LOCA/24.csv,404,97,0.0,4030.0,10.0,10.0,10.0,True,True,0,0,0,0,True,,,train,deterministic_class_stratified_group_interleave,True,True,True
LOCA_25,LOCA,25,data/NuclearPowerPlantAccidentData/Operation_csv_data/LOCA/25.csv,401,97,0.0,4000.0,10.0,10.0,10.0,True,True,0,0,0,0,True,,,train,deterministic_class_stratified_group_interleave,True,True,True
LOCA_26,LOCA,26,data/NuclearPowerPlantAccidentData/Operation_csv_data/LOCA/26.csv,396,97,0.0,3950.0,10.0,10.0,10.0,True,True,0,0,0,0,True,,,train,deterministic_class_stratified_group_interleave,True,True,True
LOCA_27,LOCA,27,data/NuclearPowerPlantAccidentData/Operation_csv_data/LOCA/27.csv,388,97,0.0,3870.0,10.0,10.0,10.0,True,True,0,0,0,0,True,,,train,deterministic_class_stratified_group_interleave,True,True,True
LOCA_28,LOCA,28,data/NuclearPowerPlantAccidentData/Operation_csv_data/LOCA/28.csv,386,97,0.0,3850.0,10.0,10.0,10.0,True,True,0,0,0,0,True,,,train,deterministic_class_stratified_group_interleave,True,True,True
LOCA_29,LOCA,29,data/NuclearPowerPlantAccidentData/Operation_csv_data/LOCA/29.csv,389,97,0.0,3880.0,10.0,10.0,10.0,True,True,0,0,0,0,True,,,train,deterministic_class_stratified_group_interleave,True,True,True
LOCA_30,LOCA,30,data/NuclearPowerPlantAccidentData/Operation_csv_data/LOCA/30.csv,385,97,0.0,3840.0,10.0,10.0,10.0,True,True,0,0,0,0,True,,,train,deterministic_class_stratified_group_interleave,True,True,True
LOCA_31,LOCA,31,data/NuclearPowerPlantAccidentData/Operation_csv_data/LOCA/31.csv,377,97,0.0,3760.0,10.0,10.0,10.0,True,True,0,0,0,0,True,,,test,deterministic_class_stratified_group_interleave,True,True,True
LOCA_32,LOCA,32,data/NuclearPowerPlantAccidentData/Operation_csv_data/LOCA/32.csv,385,97,0.0,3840.0,10.0,10.0,10.0,True,True,0,0,0,0,True,,,validation,deterministic_class_stratified_group_interleave,True,True,True
LOCA_33,LOCA,33,data/NuclearPowerPlantAccidentData/Operation_csv_data/LOCA/33.csv,380,97,0.0,3790.0,10.0,10.0,10.0,True,True,0,0,0,0,True,,,train,deterministic_class_stratified_group_interleave,True,True,True
LOCA_34,LOCA,34,data/NuclearPowerPlantAccidentData/Operation_csv_data/LOCA/34.csv,381,97,0.0,3800.0,10.0,10.0,10.0,True,True,0,0,0,0,True,,,train,deterministic_class_stratified_group_interleave,True,True,True
LOCA_35,LOCA,35,data/NuclearPowerPlantAccidentData/Operation_csv_data/LOCA/35.csv,378,97,0.0,3770.0,10.0,10.0,10.0,True,True,0,0,0,0,True,,,train,deterministic_class_stratified_group_interleave,True,True,True
LOCA_36,LOCA,36,data/NuclearPowerPlantAccidentData/Operation_csv_data/LOCA/36.csv,376,97,0.0,3750.0,10.0,10.0,10.0,True,True,0,0,0,0,True,,,train,deterministic_class_stratified_group_interleave,True,True,True
LOCA_37,LOCA,37,data/NuclearPowerPlantAccidentData/Operation_csv_data/LOCA/37.csv,381,97,0.0,3800.0,10.0,10.0,10.0,True,True,0,0,0,0,True,,,train,deterministic_class_stratified_group_interleave,True,True,True
LOCA_38,LOCA,38,data/NuclearPowerPlantAccidentData/Operation_csv_data/LOCA/38.csv,378,97,0.0,3770.0,10.0,10.0,10.0,True,True,0,0,0,0,True,,,train,deterministic_class_stratified_group_interleave,True,True,True
LOCA_39,LOCA,39,data/NuclearPowerPlantAccidentData/Operation_csv_data/LOCA/39.csv,380,97,0.0,3790.0,10.0,10.0,10.0,True,True,0,0,0,0,True,,,train,deterministic_class_stratified_group_interleave,True,True,True
LOCA_40,LOCA,40,data/NuclearPowerPlantAccidentData/Operation_csv_data/LOCA/40.csv,374,97,0.0,3730.0,10.0,10.0,10.0,True,True,0,0,0,0,True,,,train,deterministic_class_stratified_group_interleave,True,True,True
LOCA_41,LOCA,41,data/NuclearPowerPlantAccidentData/Operation_csv_data/LOCA/41.csv,376,97,0.0,3750.0,10.0,10.0,10.0,True,True,0,0,0,0,True,,,test,deterministic_class_stratified_group_interleave,True,True,True
LOCA_42,LOCA,42,data/NuclearPowerPlantAccidentData/Operation_csv_data/LOCA/42.csv,370,97,0.0,3690.0,10.0,10.0,10.0,True,True,0,0,0,0,True,,,validation,deterministic_class_stratified_group_interleave,True,True,True
LOCA_43,LOCA,43,data/NuclearPowerPlantAccidentData/Operation_csv_data/LOCA/43.csv,368,97,0.0,3670.0,10.0,10.0,10.0,True,True,0,0,0,0,True,,,train,deterministic_class_stratified_group_interleave,True,True,True
LOCA_44,LOCA,44,data/NuclearPowerPlantAccidentData/Operation_csv_data/LOCA/44.csv,371,97,0.0,3700.0,10.0,10.0,10.0,True,True,0,0,0,0,True,,,train,deterministic_class_stratified_group_interleave,True,True,True
LOCA_45,LOCA,45,data/NuclearPowerPlantAccidentData/Operation_csv_data/LOCA/45.csv,363,97,0.0,3620.0,10.0,10.0,10.0,True,True,0,0,0,0,True,,,train,deterministic_class_stratified_group_interleave,True,True,True
LOCA_46,LOCA,46,data/NuclearPowerPlantAccidentData/Operation_csv_data/LOCA/46.csv,365,97,0.0,3640.0,10.0,10.0,10.0,True,True,0,0,0,0,True,,,train,deterministic_class_stratified_group_interleave,True,True,True
LOCA_47,LOCA,47,data/NuclearPowerPlantAccidentData/Operation_csv_data/LOCA/47.csv,354,97,0.0,3530.0,10.0,10.0,10.0,True,True,0,0,0,0,True,,,train,deterministic_class_stratified_group_interleave,True,True,True
LOCA_48,LOCA,48,data/NuclearPowerPlantAccidentData/Operation_csv_data/LOCA/48.csv,352,97,0.0,3510.0,10.0,10.0,10.0,True,True,0,0,0,0,True,,,train,deterministic_class_stratified_group_interleave,True,True,True
LOCA_49,LOCA,49,data/NuclearPowerPlantAccidentData/Operation_csv_data/LOCA/49.csv,347,97,0.0,3460.0,10.0,10.0,10.0,True,True,0,0,0,0,True,,,train,deterministic_class_stratified_group_interleave,True,True,True
LOCA_50,LOCA,50,data/NuclearPowerPlantAccidentData/Operation_csv_data/LOCA/50.csv,343,97,0.0,3420.0,10.0,10.0,10.0,True,True,0,0,0,0,True,,,train,deterministic_class_stratified_group_interleave,True,True,True
LOCA_51,LOCA,51,data/NuclearPowerPlantAccidentData/Operation_csv_data/LOCA/51.csv,348,97,0.0,3470.0,10.0,10.0,10.0,True,True,0,0,0,0,True,,,test,deterministic_class_stratified_group_interleave,True,True,True
LOCA_52,LOCA,52,data/NuclearPowerPlantAccidentData/Operation_csv_data/LOCA/52.csv,341,97,0.0,3400.0,10.0,10.0,10.0,True,True,0,0,0,0,True,,,validation,deterministic_class_stratified_group_interleave,True,True,True
LOCA_53,LOCA,53,data/NuclearPowerPlantAccidentData/Operation_csv_data/LOCA/53.csv,339,97,0.0,3380.0,10.0,10.0,10.0,True,True,0,0,0,0,True,,,train,deterministic_class_stratified_group_interleave,True,True,True
LOCA_54,LOCA,54,data/NuclearPowerPlantAccidentData/Operation_csv_data/LOCA/54.csv,341,97,0.0,3400.0,10.0,10.0,10.0,True,True,0,0,0,0,True,,,train,deterministic_class_stratified_group_interleave,True,True,True
LOCA_55,LOCA,55,data/NuclearPowerPlantAccidentData/Operation_csv_data/LOCA/55.csv,337,97,0.0,3360.0,10.0,10.0,10.0,True,True,0,0,0,0,True,,,train,deterministic_class_stratified_group_interleave,True,True,True
LOCA_56,LOCA,56,data/NuclearPowerPlantAccidentData/Operation_csv_data/LOCA/56.csv,332,97,0.0,3310.0,10.0,10.0,10.0,True,True,0,0,0,0,True,,,train,deterministic_class_stratified_group_interleave,True,True,True
LOCA_57,LOCA,57,data/NuclearPowerPlantAccidentData/Operation_csv_data/LOCA/57.csv,331,97,0.0,3300.0,10.0,10.0,10.0,True,True,0,0,0,0,True,,,train,deterministic_class_stratified_group_interleave,True,True,True
LOCA_58,LOCA,58,data/NuclearPowerPlantAccidentData/Operation_csv_data/LOCA/58.csv,330,97,0.0,3290.0,10.0,10.0,10.0,True,True,0,0,0,0,True,,,train,deterministic_class_stratified_group_interleave,True,True,True
LOCA_59,LOCA,59,data/NuclearPowerPlantAccidentData/Operation_csv_data/LOCA/59.csv,326,97,0.0,3250.0,10.0,10.0,10.0,True,True,0,0,0,0,True,,,train,deterministic_class_stratified_group_interleave,True,True,True
LOCA_60,LOCA,60,data/NuclearPowerPlantAccidentData/Operation_csv_data/LOCA/60.csv,325,97,0.0,3240.0,10.0,10.0,10.0,True,True,0,0,0,0,True,,,train,deterministic_class_stratified_group_interleave,True,True,True
LOCA_61,LOCA,61,data/NuclearPowerPlantAccidentData/Operation_csv_data/LOCA/61.csv,321,97,0.0,3200.0,10.0,10.0,10.0,True,True,0,0,0,0,True,,,test,deterministic_class_stratified_group_interleave,True,True,True
LOCA_62,LOCA,62,data/NuclearPowerPlantAccidentData/Operation_csv_data/LOCA/62.csv,321,97,0.0,3200.0,10.0,10.0,10.0,True,True,0,0,0,0,True,,,validation,deterministic_class_stratified_group_interleave,True,True,True
LOCA_63,LOCA,63,data/NuclearPowerPlantAccidentData/Operation_csv_data/LOCA/63.csv,317,97,0.0,3160.0,10.0,10.0,10.0,True,True,0,0,0,0,True,,,train,deterministic_class_stratified_group_interleave,True,True,True
LOCA_64,LOCA,64,data/NuclearPowerPlantAccidentData/Operation_csv_data/LOCA/64.csv,318,97,0.0,3170.0,10.0,10.0,10.0,True,True,0,0,0,0,True,,,train,deterministic_class_stratified_group_interleave,True,True,True
LOCA_65,LOCA,65,data/NuclearPowerPlantAccidentData/Operation_csv_data/LOCA/65.csv,320,97,0.0,3190.0,10.0,10.0,10.0,True,True,0,0,0,0,True,,,train,deterministic_class_stratified_group_interleave,True,True,True
LOCA_66,LOCA,66,data/NuclearPowerPlantAccidentData/Operation_csv_data/LOCA/66.csv,317,97,0.0,3160.0,10.0,10.0,10.0,True,True,0,0,0,0,True,,,train,deterministic_class_stratified_group_interleave,True,True,True
LOCA_67,LOCA,67,data/NuclearPowerPlantAccidentData/Operation_csv_data/LOCA/67.csv,312,97,0.0,3110.0,10.0,10.0,10.0,True,True,0,0,0,0,True,,,train,deterministic_class_stratified_group_interleave,True,True,True
LOCA_68,LOCA,68,data/NuclearPowerPlantAccidentData/Operation_csv_data/LOCA/68.csv,311,97,0.0,3100.0,10.0,10.0,10.0,True,True,0,0,0,0,True,,,train,deterministic_class_stratified_group_interleave,True,True,True
LOCA_69,LOCA,69,data/NuclearPowerPlantAccidentData/Operation_csv_data/LOCA/69.csv,302,97,0.0,3010.0,10.0,10.0,10.0,True,True,0,0,0,0,True,,,train,deterministic_class_stratified_group_interleave,True,True,True
LOCA_70,LOCA,70,data/NuclearPowerPlantAccidentData/Operation_csv_data/LOCA/70.csv,308,97,0.0,3070.0,10.0,10.0,10.0,True,True,0,0,0,0,True,,,train,deterministic_class_stratified_group_interleave,True,True,True
LOCA_71,LOCA,71,data/NuclearPowerPlantAccidentData/Operation_csv_data/LOCA/71.csv,459,97,0.0,4580.0,10.0,10.0,10.0,True,True,0,0,0,0,True,,,test,deterministic_class_stratified_group_interleave,True,True,True
LOCA_72,LOCA,72,data/NuclearPowerPlantAccidentData/Operation_csv_data/LOCA/72.csv,466,97,0.0,4650.0,10.0,10.0,10.0,True,True,0,0,0,0,True,,,validation,deterministic_class_stratified_group_interleave,True,True,True
LOCA_73,LOCA,73,data/NuclearPowerPlantAccidentData/Operation_csv_data/LOCA/73.csv,459,97,0.0,4580.0,10.0,10.0,10.0,True,True,0,0,0,0,True,,,train,deterministic_class_stratified_group_interleave,True,True,True
LOCA_74,LOCA,74,data/NuclearPowerPlantAccidentData/Operation_csv_data/LOCA/74.csv,456,97,0.0,4550.0,10.0,10.0,10.0,True,True,0,0,0,0,True,,,train,deterministic_class_stratified_group_interleave,True,True,True
LOCA_75,LOCA,75,data/NuclearPowerPlantAccidentData/Operation_csv_data/LOCA/75.csv,457,97,0.0,4560.0,10.0,10.0,10.0,True,True,0,0,0,0,True,,,train,deterministic_class_stratified_group_interleave,True,True,True
LOCA_76,LOCA,76,data/NuclearPowerPlantAccidentData/Operation_csv_data/LOCA/76.csv,453,97,0.0,4520.0,10.0,10.0,10.0,True,True,0,0,0,0,True,,,train,deterministic_class_stratified_group_interleave,True,True,True
LOCA_77,LOCA,77,data/NuclearPowerPlantAccidentData/Operation_csv_data/LOCA/77.csv,451,97,0.0,4500.0,10.0,10.0,10.0,True,True,0,0,0,0,True,,,train,deterministic_class_stratified_group_interleave,True,True,True
LOCA_78,LOCA,78,data/NuclearPowerPlantAccidentData/Operation_csv_data/LOCA/78.csv,443,97,0.0,4420.0,10.0,10.0,10.0,True,True,0,0,0,0,True,,,train,deterministic_class_stratified_group_interleave,True,True,True
LOCA_79,LOCA,79,data/NuclearPowerPlantAccidentData/Operation_csv_data/LOCA/79.csv,441,97,0.0,4400.0,10.0,10.0,10.0,True,True,0,0,0,0,True,,,train,deterministic_class_stratified_group_interleave,True,True,True
LOCA_80,LOCA,80,data/NuclearPowerPlantAccidentData/Operation_csv_data/LOCA/80.csv,438,97,0.0,4370.0,10.0,10.0,10.0,True,True,0,0,0,0,True,,,train,deterministic_class_stratified_group_interleave,True,True,True
LOCA_81,LOCA,81,data/NuclearPowerPlantAccidentData/Operation_csv_data/LOCA/81.csv,435,97,0.0,4340.0,10.0,10.0,10.0,True,True,0,0,0,0,True,,,test,deterministic_class_stratified_group_interleave,True,True,True
LOCA_82,LOCA,82,data/NuclearPowerPlantAccidentData/Operation_csv_data/LOCA/82.csv,433,97,0.0,4320.0,10.0,10.0,10.0,True,True,0,0,0,0,True,,,validation,deterministic_class_stratified_group_interleave,True,True,True
LOCA_83,LOCA,83,data/NuclearPowerPlantAccidentData/Operation_csv_data/LOCA/83.csv,428,97,0.0,4270.0,10.0,10.0,10.0,True,True,0,0,0,0,True,,,train,deterministic_class_stratified_group_interleave,True,True,True
LOCA_84,LOCA,84,data/NuclearPowerPlantAccidentData/Operation_csv_data/LOCA/84.csv,425,97,0.0,4240.0,10.0,10.0,10.0,True,True,0,0,0,0,True,,,train,deterministic_class_stratified_group_interleave,True,True,True
LOCA_85,LOCA,85,data/NuclearPowerPlantAccidentData/Operation_csv_data/LOCA/85.csv,425,97,0.0,4240.0,10.0,10.0,10.0,True,True,0,0,0,0,True,,,train,deterministic_class_stratified_group_interleave,True,True,True
LOCA_86,LOCA,86,data/NuclearPowerPlantAccidentData/Operation_csv_data/LOCA/86.csv,423,97,0.0,4220.0,10.0,10.0,10.0,True,True,0,0,0,0,True,,,train,deterministic_class_stratified_group_interleave,True,True,True
LOCA_87,LOCA,87,data/NuclearPowerPlantAccidentData/Operation_csv_data/LOCA/87.csv,414,97,0.0,4130.0,10.0,10.0,10.0,True,True,0,0,0,0,True,,,train,deterministic_class_stratified_group_interleave,True,True,True
LOCA_88,LOCA,88,data/NuclearPowerPlantAccidentData/Operation_csv_data/LOCA/88.csv,412,97,0.0,4110.0,10.0,10.0,10.0,True,True,0,0,0,0,True,,,train,deterministic_class_stratified_group_interleave,True,True,True
LOCA_89,LOCA,89,data/NuclearPowerPlantAccidentData/Operation_csv_data/LOCA/89.csv,412,97,0.0,4110.0,10.0,10.0,10.0,True,True,0,0,0,0,True,,,train,deterministic_class_stratified_group_interleave,True,True,True
LOCA_90,LOCA,90,data/NuclearPowerPlantAccidentData/Operation_csv_data/LOCA/90.csv,405,97,0.0,4040.0,10.0,10.0,10.0,True,True,0,0,0,0,True,,,train,deterministic_class_stratified_group_interleave,True,True,True
LOCA_91,LOCA,91,data/NuclearPowerPlantAccidentData/Operation_csv_data/LOCA/91.csv,395,97,0.0,3940.0,10.0,10.0,10.0,True,True,0,0,0,0,True,,,test,deterministic_class_stratified_group_interleave,True,True,True
LOCA_92,LOCA,92,data/NuclearPowerPlantAccidentData/Operation_csv_data/LOCA/92.csv,400,97,0.0,3990.0,10.0,10.0,10.0,True,True,0,0,0,0,True,,,validation,deterministic_class_stratified_group_interleave,True,True,True
LOCA_93,LOCA,93,data/NuclearPowerPlantAccidentData/Operation_csv_data/LOCA/93.csv,391,97,0.0,3900.0,10.0,10.0,10.0,True,True,0,0,0,0,True,,,train,deterministic_class_stratified_group_interleave,True,True,True
LOCA_94,LOCA,94,data/NuclearPowerPlantAccidentData/Operation_csv_data/LOCA/94.csv,381,97,0.0,3800.0,10.0,10.0,10.0,True,True,0,0,0,0,True,,,train,deterministic_class_stratified_group_interleave,True,True,True
LOCA_95,LOCA,95,data/NuclearPowerPlantAccidentData/Operation_csv_data/LOCA/95.csv,376,97,0.0,3750.0,10.0,10.0,10.0,True,True,0,0,0,0,True,,,train,deterministic_class_stratified_group_interleave,True,True,True
LOCA_96,LOCA,96,data/NuclearPowerPlantAccidentData/Operation_csv_data/LOCA/96.csv,374,97,0.0,3730.0,10.0,10.0,10.0,True,True,0,0,0,0,True,,,train,deterministic_class_stratified_group_interleave,True,True,True
LOCA_97,LOCA,97,data/NuclearPowerPlantAccidentData/Operation_csv_data/LOCA/97.csv,385,97,0.0,3840.0,10.0,10.0,10.0,True,True,0,0,0,0,True,,,train,deterministic_class_stratified_group_interleave,True,True,True
LOCA_98,LOCA,98,data/NuclearPowerPlantAccidentData/Operation_csv_data/LOCA/98.csv,369,97,0.0,3680.0,10.0,10.0,10.0,True,True,0,0,0,0,True,,,train,deterministic_class_stratified_group_interleave,True,True,True
LOCA_99,LOCA,99,data/NuclearPowerPlantAccidentData/Operation_csv_data/LOCA/99.csv,366,97,0.0,3650.0,10.0,10.0,10.0,True,True,0,0,0,0,True,,,train,deterministic_class_stratified_group_interleave,True,True,True
LOCA_100,LOCA,100,data/NuclearPowerPlantAccidentData/Operation_csv_data/LOCA/100.csv,344,97,0.0,3430.0,10.0,10.0,10.0,True,True,0,0,0,0,True,,,train,deterministic_class_stratified_group_interleave,True,True,True
LOCAC_1,LOCAC,1,data/NuclearPowerPlantAccidentData/Operation_csv_data/LOCAC/1.csv,504,97,0.0,5030.0,10.0,10.0,10.0,True,True,0,0,0,0,True,,,test,deterministic_class_stratified_group_interleave,True,True,True
LOCAC_2,LOCAC,2,data/NuclearPowerPlantAccidentData/Operation_csv_data/LOCAC/2.csv,520,97,0.0,5190.0,10.0,10.0,10.0,True,True,0,0,0,0,True,,,validation,deterministic_class_stratified_group_interleave,True,True,True
LOCAC_3,LOCAC,3,data/NuclearPowerPlantAccidentData/Operation_csv_data/LOCAC/3.csv,508,97,0.0,5070.0,10.0,10.0,10.0,True,True,0,0,0,0,True,,,train,deterministic_class_stratified_group_interleave,True,True,True
LOCAC_4,LOCAC,4,data/NuclearPowerPlantAccidentData/Operation_csv_data/LOCAC/4.csv,504,97,0.0,5030.0,10.0,10.0,10.0,True,True,0,0,0,0,True,,,train,deterministic_class_stratified_group_interleave,True,True,True
LOCAC_5,LOCAC,5,data/NuclearPowerPlantAccidentData/Operation_csv_data/LOCAC/5.csv,502,97,0.0,5010.0,10.0,10.0,10.0,True,True,0,0,0,0,True,,,train,deterministic_class_stratified_group_interleave,True,True,True
LOCAC_6,LOCAC,6,data/NuclearPowerPlantAccidentData/Operation_csv_data/LOCAC/6.csv,504,97,0.0,5030.0,10.0,10.0,10.0,True,True,0,0,0,0,True,,,train,deterministic_class_stratified_group_interleave,True,True,True
LOCAC_7,LOCAC,7,data/NuclearPowerPlantAccidentData/Operation_csv_data/LOCAC/7.csv,506,97,0.0,5050.0,10.0,10.0,10.0,True,True,0,0,0,0,True,,,train,deterministic_class_stratified_group_interleave,True,True,True
LOCAC_8,LOCAC,8,data/NuclearPowerPlantAccidentData/Operation_csv_data/LOCAC/8.csv,500,97,0.0,4990.0,10.0,10.0,10.0,True,True,0,0,0,0,True,,,train,deterministic_class_stratified_group_interleave,True,True,True
LOCAC_9,LOCAC,9,data/NuclearPowerPlantAccidentData/Operation_csv_data/LOCAC/9.csv,502,97,0.0,5010.0,10.0,10.0,10.0,True,True,0,0,0,0,True,,,train,deterministic_class_stratified_group_interleave,True,True,True
LOCAC_10,LOCAC,10,data/NuclearPowerPlantAccidentData/Operation_csv_data/LOCAC/10.csv,501,97,0.0,5000.0,10.0,10.0,10.0,True,True,0,0,0,0,True,,,train,deterministic_class_stratified_group_interleave,True,True,True
LOCAC_11,LOCAC,11,data/NuclearPowerPlantAccidentData/Operation_csv_data/LOCAC/11.csv,509,97,0.0,5080.0,10.0,10.0,10.0,True,True,0,0,0,0,True,,,test,deterministic_class_stratified_group_interleave,True,True,True
LOCAC_12,LOCAC,12,data/NuclearPowerPlantAccidentData/Operation_csv_data/LOCAC/12.csv,508,97,0.0,5070.0,10.0,10.0,10.0,True,True,0,0,0,0,True,,,validation,deterministic_class_stratified_group_interleave,True,True,True
LOCAC_13,LOCAC,13,data/NuclearPowerPlantAccidentData/Operation_csv_data/LOCAC/13.csv,504,97,0.0,5030.0,10.0,10.0,10.0,True,True,0,0,0,0,True,,,train,deterministic_class_stratified_group_interleave,True,True,True
LOCAC_14,LOCAC,14,data/NuclearPowerPlantAccidentData/Operation_csv_data/LOCAC/14.csv,503,97,0.0,5020.0,10.0,10.0,10.0,True,True,0,0,0,0,True,,,train,deterministic_class_stratified_group_interleave,True,True,True
LOCAC_15,LOCAC,15,data/NuclearPowerPlantAccidentData/Operation_csv_data/LOCAC/15.csv,500,97,0.0,4990.0,10.0,10.0,10.0,True,True,0,0,0,0,True,,,train,deterministic_class_stratified_group_interleave,True,True,True
LOCAC_16,LOCAC,16,data/NuclearPowerPlantAccidentData/Operation_csv_data/LOCAC/16.csv,509,97,0.0,5080.0,10.0,10.0,10.0,True,True,0,0,0,0,True,,,train,deterministic_class_stratified_group_interleave,True,True,True
LOCAC_17,LOCAC,17,data/NuclearPowerPlantAccidentData/Operation_csv_data/LOCAC/17.csv,502,97,0.0,5010.0,10.0,10.0,10.0,True,True,0,0,0,0,True,,,train,deterministic_class_stratified_group_interleave,True,True,True
LOCAC_18,LOCAC,18,data/NuclearPowerPlantAccidentData/Operation_csv_data/LOCAC/18.csv,497,97,0.0,4960.0,10.0,10.0,10.0,True,True,0,0,0,0,True,,,train,deterministic_class_stratified_group_interleave,True,True,True
LOCAC_19,LOCAC,19,data/NuclearPowerPlantAccidentData/Operation_csv_data/LOCAC/19.csv,495,97,0.0,4940.0,10.0,10.0,10.0,True,True,0,0,0,0,True,,,train,deterministic_class_stratified_group_interleave,True,True,True
LOCAC_20,LOCAC,20,data/NuclearPowerPlantAccidentData/Operation_csv_data/LOCAC/20.csv,492,97,0.0,4910.0,10.0,10.0,10.0,True,True,0,0,0,0,True,,,train,deterministic_class_stratified_group_interleave,True,True,True
LOCAC_21,LOCAC,21,data/NuclearPowerPlantAccidentData/Operation_csv_data/LOCAC/21.csv,492,97,0.0,4910.0,10.0,10.0,10.0,True,True,0,0,0,0,True,,,test,deterministic_class_stratified_group_interleave,True,True,True
LOCAC_22,LOCAC,22,data/NuclearPowerPlantAccidentData/Operation_csv_data/LOCAC/22.csv,487,97,0.0,4860.0,10.0,10.0,10.0,True,True,0,0,0,0,True,,,validation,deterministic_class_stratified_group_interleave,True,True,True
LOCAC_23,LOCAC,23,data/NuclearPowerPlantAccidentData/Operation_csv_data/LOCAC/23.csv,482,97,0.0,4810.0,10.0,10.0,10.0,True,True,0,0,0,0,True,,,train,deterministic_class_stratified_group_interleave,True,True,True
LOCAC_24,LOCAC,24,data/NuclearPowerPlantAccidentData/Operation_csv_data/LOCAC/24.csv,482,97,0.0,4810.0,10.0,10.0,10.0,True,True,0,0,0,0,True,,,train,deterministic_class_stratified_group_interleave,True,True,True
LOCAC_25,LOCAC,25,data/NuclearPowerPlantAccidentData/Operation_csv_data/LOCAC/25.csv,475,97,0.0,4740.0,10.0,10.0,10.0,True,True,0,0,0,0,True,,,train,deterministic_class_stratified_group_interleave,True,True,True
LOCAC_26,LOCAC,26,data/NuclearPowerPlantAccidentData/Operation_csv_data/LOCAC/26.csv,544,97,0.0,5430.0,10.0,10.0,10.0,True,True,0,0,0,0,True,,,train,deterministic_class_stratified_group_interleave,True,True,True
LOCAC_27,LOCAC,27,data/NuclearPowerPlantAccidentData/Operation_csv_data/LOCAC/27.csv,470,97,0.0,4690.0,10.0,10.0,10.0,True,True,0,0,0,0,True,,,train,deterministic_class_stratified_group_interleave,True,True,True
LOCAC_28,LOCAC,28,data/NuclearPowerPlantAccidentData/Operation_csv_data/LOCAC/28.csv,464,97,0.0,4630.0,10.0,10.0,10.0,True,True,0,0,0,0,True,,,train,deterministic_class_stratified_group_interleave,True,True,True
LOCAC_29,LOCAC,29,data/NuclearPowerPlantAccidentData/Operation_csv_data/LOCAC/29.csv,459,97,0.0,4580.0,10.0,10.0,10.0,True,True,0,0,0,0,True,,,train,deterministic_class_stratified_group_interleave,True,True,True
LOCAC_30,LOCAC,30,data/NuclearPowerPlantAccidentData/Operation_csv_data/LOCAC/30.csv,455,97,0.0,4540.0,10.0,10.0,10.0,True,True,0,0,0,0,True,,,train,deterministic_class_stratified_group_interleave,True,True,True
LOCAC_31,LOCAC,31,data/NuclearPowerPlantAccidentData/Operation_csv_data/LOCAC/31.csv,446,97,0.0,4450.0,10.0,10.0,10.0,True,True,0,0,0,0,True,,,test,deterministic_class_stratified_group_interleave,True,True,True
LOCAC_32,LOCAC,32,data/NuclearPowerPlantAccidentData/Operation_csv_data/LOCAC/32.csv,442,97,0.0,4410.0,10.0,10.0,10.0,True,True,0,0,0,0,True,,,validation,deterministic_class_stratified_group_interleave,True,True,True
LOCAC_33,LOCAC,33,data/NuclearPowerPlantAccidentData/Operation_csv_data/LOCAC/33.csv,436,97,0.0,4350.0,10.0,10.0,10.0,True,True,0,0,0,0,True,,,train,deterministic_class_stratified_group_interleave,True,True,True
LOCAC_34,LOCAC,34,data/NuclearPowerPlantAccidentData/Operation_csv_data/LOCAC/34.csv,439,97,0.0,4380.0,10.0,10.0,10.0,True,True,0,0,0,0,True,,,train,deterministic_class_stratified_group_interleave,True,True,True
LOCAC_35,LOCAC,35,data/NuclearPowerPlantAccidentData/Operation_csv_data/LOCAC/35.csv,432,97,0.0,4310.0,10.0,10.0,10.0,True,True,0,0,0,0,True,,,train,deterministic_class_stratified_group_interleave,True,True,True
LOCAC_36,LOCAC,36,data/NuclearPowerPlantAccidentData/Operation_csv_data/LOCAC/36.csv,424,97,0.0,4230.0,10.0,10.0,10.0,True,True,0,0,0,0,True,,,train,deterministic_class_stratified_group_interleave,True,True,True
LOCAC_37,LOCAC,37,data/NuclearPowerPlantAccidentData/Operation_csv_data/LOCAC/37.csv,425,97,0.0,4240.0,10.0,10.0,10.0,True,True,0,0,0,0,True,,,train,deterministic_class_stratified_group_interleave,True,True,True
LOCAC_38,LOCAC,38,data/NuclearPowerPlantAccidentData/Operation_csv_data/LOCAC/38.csv,426,97,0.0,4250.0,10.0,10.0,10.0,True,True,0,0,0,0,True,,,train,deterministic_class_stratified_group_interleave,True,True,True
LOCAC_39,LOCAC,39,data/NuclearPowerPlantAccidentData/Operation_csv_data/LOCAC/39.csv,426,97,0.0,4250.0,10.0,10.0,10.0,True,True,0,0,0,0,True,,,train,deterministic_class_stratified_group_interleave,True,True,True
LOCAC_40,LOCAC,40,data/NuclearPowerPlantAccidentData/Operation_csv_data/LOCAC/40.csv,422,97,0.0,4210.0,10.0,10.0,10.0,True,True,0,0,0,0,True,,,train,deterministic_class_stratified_group_interleave,True,True,True
LOCAC_41,LOCAC,41,data/NuclearPowerPlantAccidentData/Operation_csv_data/LOCAC/41.csv,424,97,0.0,4230.0,10.0,10.0,10.0,True,True,0,0,0,0,True,,,test,deterministic_class_stratified_group_interleave,True,True,True
LOCAC_42,LOCAC,42,data/NuclearPowerPlantAccidentData/Operation_csv_data/LOCAC/42.csv,426,97,0.0,4250.0,10.0,10.0,10.0,True,True,0,0,0,0,True,,,validation,deterministic_class_stratified_group_interleave,True,True,True
LOCAC_43,LOCAC,43,data/NuclearPowerPlantAccidentData/Operation_csv_data/LOCAC/43.csv,425,97,0.0,4240.0,10.0,10.0,10.0,True,True,0,0,0,0,True,,,train,deterministic_class_stratified_group_interleave,True,True,True
LOCAC_44,LOCAC,44,data/NuclearPowerPlantAccidentData/Operation_csv_data/LOCAC/44.csv,423,97,0.0,4220.0,10.0,10.0,10.0,True,True,0,0,0,0,True,,,train,deterministic_class_stratified_group_interleave,True,True,True
LOCAC_45,LOCAC,45,data/NuclearPowerPlantAccidentData/Operation_csv_data/LOCAC/45.csv,422,97,0.0,4210.0,10.0,10.0,10.0,True,True,0,0,0,0,True,,,train,deterministic_class_stratified_group_interleave,True,True,True
LOCAC_46,LOCAC,46,data/NuclearPowerPlantAccidentData/Operation_csv_data/LOCAC/46.csv,421,97,0.0,4200.0,10.0,10.0,10.0,True,True,0,0,0,0,True,,,train,deterministic_class_stratified_group_interleave,True,True,True
LOCAC_47,LOCAC,47,data/NuclearPowerPlantAccidentData/Operation_csv_data/LOCAC/47.csv,422,97,0.0,4210.0,10.0,10.0,10.0,True,True,0,0,0,0,True,,,train,deterministic_class_stratified_group_interleave,True,True,True
LOCAC_48,LOCAC,48,data/NuclearPowerPlantAccidentData/Operation_csv_data/LOCAC/48.csv,418,97,0.0,4170.0,10.0,10.0,10.0,True,True,0,0,0,0,True,,,train,deterministic_class_stratified_group_interleave,True,True,True
LOCAC_49,LOCAC,49,data/NuclearPowerPlantAccidentData/Operation_csv_data/LOCAC/49.csv,418,97,0.0,4170.0,10.0,10.0,10.0,True,True,0,0,0,0,True,,,train,deterministic_class_stratified_group_interleave,True,True,True
LOCAC_50,LOCAC,50,data/NuclearPowerPlantAccidentData/Operation_csv_data/LOCAC/50.csv,416,97,0.0,4150.0,10.0,10.0,10.0,True,True,0,0,0,0,True,,,train,deterministic_class_stratified_group_interleave,True,True,True
LOCAC_51,LOCAC,51,data/NuclearPowerPlantAccidentData/Operation_csv_data/LOCAC/51.csv,418,97,0.0,4170.0,10.0,10.0,10.0,True,True,0,0,0,0,True,,,test,deterministic_class_stratified_group_interleave,True,True,True
LOCAC_52,LOCAC,52,data/NuclearPowerPlantAccidentData/Operation_csv_data/LOCAC/52.csv,415,97,0.0,4140.0,10.0,10.0,10.0,True,True,0,0,0,0,True,,,validation,deterministic_class_stratified_group_interleave,True,True,True
LOCAC_53,LOCAC,53,data/NuclearPowerPlantAccidentData/Operation_csv_data/LOCAC/53.csv,413,97,0.0,4120.0,10.0,10.0,10.0,True,True,0,0,0,0,True,,,train,deterministic_class_stratified_group_interleave,True,True,True
LOCAC_54,LOCAC,54,data/NuclearPowerPlantAccidentData/Operation_csv_data/LOCAC/54.csv,416,97,0.0,4150.0,10.0,10.0,10.0,True,True,0,0,0,0,True,,,train,deterministic_class_stratified_group_interleave,True,True,True
LOCAC_55,LOCAC,55,data/NuclearPowerPlantAccidentData/Operation_csv_data/LOCAC/55.csv,407,97,0.0,4060.0,10.0,10.0,10.0,True,True,0,0,0,0,True,,,train,deterministic_class_stratified_group_interleave,True,True,True
LOCAC_56,LOCAC,56,data/NuclearPowerPlantAccidentData/Operation_csv_data/LOCAC/56.csv,407,97,0.0,4060.0,10.0,10.0,10.0,True,True,0,0,0,0,True,,,train,deterministic_class_stratified_group_interleave,True,True,True
LOCAC_57,LOCAC,57,data/NuclearPowerPlantAccidentData/Operation_csv_data/LOCAC/57.csv,405,97,0.0,4040.0,10.0,10.0,10.0,True,True,0,0,0,0,True,,,train,deterministic_class_stratified_group_interleave,True,True,True
LOCAC_58,LOCAC,58,data/NuclearPowerPlantAccidentData/Operation_csv_data/LOCAC/58.csv,408,97,0.0,4070.0,10.0,10.0,10.0,True,True,0,0,0,0,True,,,train,deterministic_class_stratified_group_interleave,True,True,True
LOCAC_59,LOCAC,59,data/NuclearPowerPlantAccidentData/Operation_csv_data/LOCAC/59.csv,409,97,0.0,4080.0,10.0,10.0,10.0,True,True,0,0,0,0,True,,,train,deterministic_class_stratified_group_interleave,True,True,True
LOCAC_60,LOCAC,60,data/NuclearPowerPlantAccidentData/Operation_csv_data/LOCAC/60.csv,405,97,0.0,4040.0,10.0,10.0,10.0,True,True,0,0,0,0,True,,,train,deterministic_class_stratified_group_interleave,True,True,True
LOCAC_61,LOCAC,61,data/NuclearPowerPlantAccidentData/Operation_csv_data/LOCAC/61.csv,405,97,0.0,4040.0,10.0,10.0,10.0,True,True,0,0,0,0,True,,,test,deterministic_class_stratified_group_interleave,True,True,True
LOCAC_62,LOCAC,62,data/NuclearPowerPlantAccidentData/Operation_csv_data/LOCAC/62.csv,404,97,0.0,4030.0,10.0,10.0,10.0,True,True,0,0,0,0,True,,,validation,deterministic_class_stratified_group_interleave,True,True,True
LOCAC_63,LOCAC,63,data/NuclearPowerPlantAccidentData/Operation_csv_data/LOCAC/63.csv,398,97,0.0,3970.0,10.0,10.0,10.0,True,True,0,0,0,0,True,,,train,deterministic_class_stratified_group_interleave,True,True,True
LOCAC_64,LOCAC,64,data/NuclearPowerPlantAccidentData/Operation_csv_data/LOCAC/64.csv,389,97,0.0,3880.0,10.0,10.0,10.0,True,True,0,0,0,0,True,,,train,deterministic_class_stratified_group_interleave,True,True,True
LOCAC_65,LOCAC,65,data/NuclearPowerPlantAccidentData/Operation_csv_data/LOCAC/65.csv,391,97,0.0,3900.0,10.0,10.0,10.0,True,True,0,0,0,0,True,,,train,deterministic_class_stratified_group_interleave,True,True,True
LOCAC_66,LOCAC,66,data/NuclearPowerPlantAccidentData/Operation_csv_data/LOCAC/66.csv,394,97,0.0,3930.0,10.0,10.0,10.0,True,True,0,0,0,0,True,,,train,deterministic_class_stratified_group_interleave,True,True,True
LOCAC_67,LOCAC,67,data/NuclearPowerPlantAccidentData/Operation_csv_data/LOCAC/67.csv,392,97,0.0,3910.0,10.0,10.0,10.0,True,True,0,0,0,0,True,,,train,deterministic_class_stratified_group_interleave,True,True,True
LOCAC_68,LOCAC,68,data/NuclearPowerPlantAccidentData/Operation_csv_data/LOCAC/68.csv,387,97,0.0,3860.0,10.0,10.0,10.0,True,True,0,0,0,0,True,,,train,deterministic_class_stratified_group_interleave,True,True,True
LOCAC_69,LOCAC,69,data/NuclearPowerPlantAccidentData/Operation_csv_data/LOCAC/69.csv,383,97,0.0,3820.0,10.0,10.0,10.0,True,True,0,0,0,0,True,,,train,deterministic_class_stratified_group_interleave,True,True,True
LOCAC_70,LOCAC,70,data/NuclearPowerPlantAccidentData/Operation_csv_data/LOCAC/70.csv,380,97,0.0,3790.0,10.0,10.0,10.0,True,True,0,0,0,0,True,,,train,deterministic_class_stratified_group_interleave,True,True,True
LOCAC_71,LOCAC,71,data/NuclearPowerPlantAccidentData/Operation_csv_data/LOCAC/71.csv,378,97,0.0,3770.0,10.0,10.0,10.0,True,True,0,0,0,0,True,,,test,deterministic_class_stratified_group_interleave,True,True,True
LOCAC_72,LOCAC,72,data/NuclearPowerPlantAccidentData/Operation_csv_data/LOCAC/72.csv,372,97,0.0,3710.0,10.0,10.0,10.0,True,True,0,0,0,0,True,,,validation,deterministic_class_stratified_group_interleave,True,True,True
LOCAC_73,LOCAC,73,data/NuclearPowerPlantAccidentData/Operation_csv_data/LOCAC/73.csv,367,97,0.0,3660.0,10.0,10.0,10.0,True,True,0,0,0,0,True,,,train,deterministic_class_stratified_group_interleave,True,True,True
LOCAC_74,LOCAC,74,data/NuclearPowerPlantAccidentData/Operation_csv_data/LOCAC/74.csv,374,97,0.0,3730.0,10.0,10.0,10.0,True,True,0,0,0,0,True,,,train,deterministic_class_stratified_group_interleave,True,True,True
LOCAC_75,LOCAC,75,data/NuclearPowerPlantAccidentData/Operation_csv_data/LOCAC/75.csv,489,97,0.0,4880.0,10.0,10.0,10.0,True,True,0,0,0,0,True,,,train,deterministic_class_stratified_group_interleave,True,True,True
LOCAC_76,LOCAC,76,data/NuclearPowerPlantAccidentData/Operation_csv_data/LOCAC/76.csv,491,97,0.0,4900.0,10.0,10.0,10.0,True,True,0,0,0,0,True,,,train,deterministic_class_stratified_group_interleave,True,True,True
LOCAC_77,LOCAC,77,data/NuclearPowerPlantAccidentData/Operation_csv_data/LOCAC/77.csv,494,97,0.0,4930.0,10.0,10.0,10.0,True,True,0,0,0,0,True,,,train,deterministic_class_stratified_group_interleave,True,True,True
LOCAC_78,LOCAC,78,data/NuclearPowerPlantAccidentData/Operation_csv_data/LOCAC/78.csv,494,97,0.0,4930.0,10.0,10.0,10.0,True,True,0,0,0,0,True,,,train,deterministic_class_stratified_group_interleave,True,True,True
LOCAC_79,LOCAC,79,data/NuclearPowerPlantAccidentData/Operation_csv_data/LOCAC/79.csv,489,97,0.0,4880.0,10.0,10.0,10.0,True,True,0,0,0,0,True,,,train,deterministic_class_stratified_group_interleave,True,True,True
LOCAC_80,LOCAC,80,data/NuclearPowerPlantAccidentData/Operation_csv_data/LOCAC/80.csv,489,97,0.0,4880.0,10.0,10.0,10.0,True,True,0,0,0,0,True,,,train,deterministic_class_stratified_group_interleave,True,True,True
LOCAC_81,LOCAC,81,data/NuclearPowerPlantAccidentData/Operation_csv_data/LOCAC/81.csv,489,97,0.0,4880.0,10.0,10.0,10.0,True,True,0,0,0,0,True,,,test,deterministic_class_stratified_group_interleave,True,True,True
LOCAC_82,LOCAC,82,data/NuclearPowerPlantAccidentData/Operation_csv_data/LOCAC/82.csv,483,97,0.0,4820.0,10.0,10.0,10.0,True,True,0,0,0,0,True,,,validation,deterministic_class_stratified_group_interleave,True,True,True
LOCAC_83,LOCAC,83,data/NuclearPowerPlantAccidentData/Operation_csv_data/LOCAC/83.csv,484,97,0.0,4830.0,10.0,10.0,10.0,True,True,0,0,0,0,True,,,train,deterministic_class_stratified_group_interleave,True,True,True
LOCAC_84,LOCAC,84,data/NuclearPowerPlantAccidentData/Operation_csv_data/LOCAC/84.csv,482,97,0.0,4810.0,10.0,10.0,10.0,True,True,0,0,0,0,True,,,train,deterministic_class_stratified_group_interleave,True,True,True
LOCAC_85,LOCAC,85,data/NuclearPowerPlantAccidentData/Operation_csv_data/LOCAC/85.csv,482,97,0.0,4810.0,10.0,10.0,10.0,True,True,0,0,0,0,True,,,train,deterministic_class_stratified_group_interleave,True,True,True
LOCAC_86,LOCAC,86,data/NuclearPowerPlantAccidentData/Operation_csv_data/LOCAC/86.csv,482,97,0.0,4810.0,10.0,10.0,10.0,True,True,0,0,0,0,True,,,train,deterministic_class_stratified_group_interleave,True,True,True
LOCAC_87,LOCAC,87,data/NuclearPowerPlantAccidentData/Operation_csv_data/LOCAC/87.csv,481,97,0.0,4800.0,10.0,10.0,10.0,True,True,0,0,0,0,True,,,train,deterministic_class_stratified_group_interleave,True,True,True
LOCAC_88,LOCAC,88,data/NuclearPowerPlantAccidentData/Operation_csv_data/LOCAC/88.csv,476,97,0.0,4750.0,10.0,10.0,10.0,True,True,0,0,0,0,True,,,train,deterministic_class_stratified_group_interleave,True,True,True
LOCAC_89,LOCAC,89,data/NuclearPowerPlantAccidentData/Operation_csv_data/LOCAC/89.csv,477,97,0.0,4760.0,10.0,10.0,10.0,True,True,0,0,0,0,True,,,train,deterministic_class_stratified_group_interleave,True,True,True
LOCAC_90,LOCAC,90,data/NuclearPowerPlantAccidentData/Operation_csv_data/LOCAC/90.csv,465,97,0.0,4640.0,10.0,10.0,10.0,True,True,0,0,0,0,True,,,train,deterministic_class_stratified_group_interleave,True,True,True
LOCAC_91,LOCAC,91,data/NuclearPowerPlantAccidentData/Operation_csv_data/LOCAC/91.csv,462,97,0.0,4610.0,10.0,10.0,10.0,True,True,0,0,0,0,True,,,test,deterministic_class_stratified_group_interleave,True,True,True
LOCAC_92,LOCAC,92,data/NuclearPowerPlantAccidentData/Operation_csv_data/LOCAC/92.csv,457,97,0.0,4560.0,10.0,10.0,10.0,True,True,0,0,0,0,True,,,validation,deterministic_class_stratified_group_interleave,True,True,True
LOCAC_93,LOCAC,93,data/NuclearPowerPlantAccidentData/Operation_csv_data/LOCAC/93.csv,453,97,0.0,4520.0,10.0,10.0,10.0,True,True,0,0,0,0,True,,,train,deterministic_class_stratified_group_interleave,True,True,True
LOCAC_94,LOCAC,94,data/NuclearPowerPlantAccidentData/Operation_csv_data/LOCAC/94.csv,452,97,0.0,4510.0,10.0,10.0,10.0,True,True,0,0,0,0,True,,,train,deterministic_class_stratified_group_interleave,True,True,True
LOCAC_95,LOCAC,95,data/NuclearPowerPlantAccidentData/Operation_csv_data/LOCAC/95.csv,447,97,0.0,4460.0,10.0,10.0,10.0,True,True,0,0,0,0,True,,,train,deterministic_class_stratified_group_interleave,True,True,True
LOCAC_96,LOCAC,96,data/NuclearPowerPlantAccidentData/Operation_csv_data/LOCAC/96.csv,447,97,0.0,4460.0,10.0,10.0,10.0,True,True,0,0,0,0,True,,,train,deterministic_class_stratified_group_interleave,True,True,True
LOCAC_97,LOCAC,97,data/NuclearPowerPlantAccidentData/Operation_csv_data/LOCAC/97.csv,445,97,0.0,4440.0,10.0,10.0,10.0,True,True,0,0,0,0,True,,,train,deterministic_class_stratified_group_interleave,True,True,True
LOCAC_98,LOCAC,98,data/NuclearPowerPlantAccidentData/Operation_csv_data/LOCAC/98.csv,444,97,0.0,4430.0,10.0,10.0,10.0,True,True,0,0,0,0,True,,,train,deterministic_class_stratified_group_interleave,True,True,True
LOCAC_99,LOCAC,99,data/NuclearPowerPlantAccidentData/Operation_csv_data/LOCAC/99.csv,453,97,0.0,4520.0,10.0,10.0,10.0,True,True,0,0,0,0,True,,,train,deterministic_class_stratified_group_interleave,True,True,True
LOCAC_100,LOCAC,100,data/NuclearPowerPlantAccidentData/Operation_csv_data/LOCAC/100.csv,439,97,0.0,4380.0,10.0,10.0,10.0,True,True,0,0,0,0,True,,,train,deterministic_class_stratified_group_interleave,True,True,True
LOF_1,LOF,1,data/NuclearPowerPlantAccidentData/Operation_csv_data/LOF/1.csv,512,97,0.0,5110.0,10.0,10.0,10.0,True,True,0,0,0,0,True,,,train,train_only_class_too_small_for_three_way_split,True,True,True
LR_1,LR,1,data/NuclearPowerPlantAccidentData/Operation_csv_data/LR/1.csv,557,97,0.0,5560.0,10.0,10.0,10.0,True,True,0,0,0,0,True,,,test,deterministic_class_stratified_group_interleave,True,True,True
LR_2,LR,2,data/NuclearPowerPlantAccidentData/Operation_csv_data/LR/2.csv,558,97,0.0,5570.0,10.0,10.0,10.0,True,True,0,0,0,0,True,,,validation,deterministic_class_stratified_group_interleave,True,True,True
LR_3,LR,3,data/NuclearPowerPlantAccidentData/Operation_csv_data/LR/3.csv,558,97,0.0,5570.0,10.0,10.0,10.0,True,True,0,0,0,0,True,,,train,deterministic_class_stratified_group_interleave,True,True,True
LR_4,LR,4,data/NuclearPowerPlantAccidentData/Operation_csv_data/LR/4.csv,557,97,0.0,5560.0,10.0,10.0,10.0,True,True,0,0,0,0,True,,,train,deterministic_class_stratified_group_interleave,True,True,True
LR_5,LR,5,data/NuclearPowerPlantAccidentData/Operation_csv_data/LR/5.csv,556,97,0.0,5550.0,10.0,10.0,10.0,True,True,0,0,0,0,True,,,train,deterministic_class_stratified_group_interleave,True,True,True
LR_6,LR,6,data/NuclearPowerPlantAccidentData/Operation_csv_data/LR/6.csv,556,97,0.0,5550.0,10.0,10.0,10.0,True,True,0,0,0,0,True,,,train,deterministic_class_stratified_group_interleave,True,True,True
LR_7,LR,7,data/NuclearPowerPlantAccidentData/Operation_csv_data/LR/7.csv,552,97,0.0,5510.0,10.0,10.0,10.0,True,True,0,0,0,0,True,,,train,deterministic_class_stratified_group_interleave,True,True,True
LR_8,LR,8,data/NuclearPowerPlantAccidentData/Operation_csv_data/LR/8.csv,557,97,0.0,5560.0,10.0,10.0,10.0,True,True,0,0,0,0,True,,,train,deterministic_class_stratified_group_interleave,True,True,True
LR_9,LR,9,data/NuclearPowerPlantAccidentData/Operation_csv_data/LR/9.csv,555,97,0.0,5540.0,10.0,10.0,10.0,True,True,0,0,0,0,True,,,train,deterministic_class_stratified_group_interleave,True,True,True
LR_10,LR,10,data/NuclearPowerPlantAccidentData/Operation_csv_data/LR/10.csv,555,97,0.0,5540.0,10.0,10.0,10.0,True,True,0,0,0,0,True,,,train,deterministic_class_stratified_group_interleave,True,True,True
LR_11,LR,11,data/NuclearPowerPlantAccidentData/Operation_csv_data/LR/11.csv,556,97,0.0,5550.0,10.0,10.0,10.0,True,True,0,0,0,0,True,,,test,deterministic_class_stratified_group_interleave,True,True,True
LR_12,LR,12,data/NuclearPowerPlantAccidentData/Operation_csv_data/LR/12.csv,557,97,0.0,5560.0,10.0,10.0,10.0,True,True,0,0,0,0,True,,,validation,deterministic_class_stratified_group_interleave,True,True,True
LR_13,LR,13,data/NuclearPowerPlantAccidentData/Operation_csv_data/LR/13.csv,557,97,0.0,5560.0,10.0,10.0,10.0,True,True,0,0,0,0,True,,,train,deterministic_class_stratified_group_interleave,True,True,True
LR_14,LR,14,data/NuclearPowerPlantAccidentData/Operation_csv_data/LR/14.csv,555,97,0.0,5540.0,10.0,10.0,10.0,True,True,0,0,0,0,True,,,train,deterministic_class_stratified_group_interleave,True,True,True
LR_15,LR,15,data/NuclearPowerPlantAccidentData/Operation_csv_data/LR/15.csv,555,97,0.0,5540.0,10.0,10.0,10.0,True,True,0,0,0,0,True,,,train,deterministic_class_stratified_group_interleave,True,True,True
LR_16,LR,16,data/NuclearPowerPlantAccidentData/Operation_csv_data/LR/16.csv,556,97,0.0,5550.0,10.0,10.0,10.0,True,True,0,0,0,0,True,,,train,deterministic_class_stratified_group_interleave,True,True,True
LR_17,LR,17,data/NuclearPowerPlantAccidentData/Operation_csv_data/LR/17.csv,551,97,0.0,5500.0,10.0,10.0,10.0,True,True,0,0,0,0,True,,,train,deterministic_class_stratified_group_interleave,True,True,True
LR_18,LR,18,data/NuclearPowerPlantAccidentData/Operation_csv_data/LR/18.csv,554,97,0.0,5530.0,10.0,10.0,10.0,True,True,0,0,0,0,True,,,train,deterministic_class_stratified_group_interleave,True,True,True
LR_19,LR,19,data/NuclearPowerPlantAccidentData/Operation_csv_data/LR/19.csv,554,97,0.0,5530.0,10.0,10.0,10.0,True,True,0,0,0,0,True,,,train,deterministic_class_stratified_group_interleave,True,True,True
LR_20,LR,20,data/NuclearPowerPlantAccidentData/Operation_csv_data/LR/20.csv,554,97,0.0,5530.0,10.0,10.0,10.0,True,True,0,0,0,0,True,,,train,deterministic_class_stratified_group_interleave,True,True,True
LR_21,LR,21,data/NuclearPowerPlantAccidentData/Operation_csv_data/LR/21.csv,554,97,0.0,5530.0,10.0,10.0,10.0,True,True,0,0,0,0,True,,,test,deterministic_class_stratified_group_interleave,True,True,True
LR_22,LR,22,data/NuclearPowerPlantAccidentData/Operation_csv_data/LR/22.csv,554,97,0.0,5530.0,10.0,10.0,10.0,True,True,0,0,0,0,True,,,validation,deterministic_class_stratified_group_interleave,True,True,True
LR_23,LR,23,data/NuclearPowerPlantAccidentData/Operation_csv_data/LR/23.csv,553,97,0.0,5520.0,10.0,10.0,10.0,True,True,0,0,0,0,True,,,train,deterministic_class_stratified_group_interleave,True,True,True
LR_24,LR,24,data/NuclearPowerPlantAccidentData/Operation_csv_data/LR/24.csv,553,97,0.0,5520.0,10.0,10.0,10.0,True,True,0,0,0,0,True,,,train,deterministic_class_stratified_group_interleave,True,True,True
LR_25,LR,25,data/NuclearPowerPlantAccidentData/Operation_csv_data/LR/25.csv,554,97,0.0,5530.0,10.0,10.0,10.0,True,True,0,0,0,0,True,,,train,deterministic_class_stratified_group_interleave,True,True,True
LR_26,LR,26,data/NuclearPowerPlantAccidentData/Operation_csv_data/LR/26.csv,556,97,0.0,5550.0,10.0,10.0,10.0,True,True,0,0,0,0,True,,,train,deterministic_class_stratified_group_interleave,True,True,True
LR_27,LR,27,data/NuclearPowerPlantAccidentData/Operation_csv_data/LR/27.csv,556,97,0.0,5550.0,10.0,10.0,10.0,True,True,0,0,0,0,True,,,train,deterministic_class_stratified_group_interleave,True,True,True
LR_28,LR,28,data/NuclearPowerPlantAccidentData/Operation_csv_data/LR/28.csv,555,97,0.0,5540.0,10.0,10.0,10.0,True,True,0,0,0,0,True,,,train,deterministic_class_stratified_group_interleave,True,True,True
LR_29,LR,29,data/NuclearPowerPlantAccidentData/Operation_csv_data/LR/29.csv,555,97,0.0,5540.0,10.0,10.0,10.0,True,True,0,0,0,0,True,,,train,deterministic_class_stratified_group_interleave,True,True,True
LR_30,LR,30,data/NuclearPowerPlantAccidentData/Operation_csv_data/LR/30.csv,555,97,0.0,5540.0,10.0,10.0,10.0,True,True,0,0,0,0,True,,,train,deterministic_class_stratified_group_interleave,True,True,True
LR_31,LR,31,data/NuclearPowerPlantAccidentData/Operation_csv_data/LR/31.csv,555,97,0.0,5540.0,10.0,10.0,10.0,True,True,0,0,0,0,True,,,test,deterministic_class_stratified_group_interleave,True,True,True
LR_32,LR,32,data/NuclearPowerPlantAccidentData/Operation_csv_data/LR/32.csv,555,97,0.0,5540.0,10.0,10.0,10.0,True,True,0,0,0,0,True,,,validation,deterministic_class_stratified_group_interleave,True,True,True
LR_33,LR,33,data/NuclearPowerPlantAccidentData/Operation_csv_data/LR/33.csv,553,97,0.0,5520.0,10.0,10.0,10.0,True,True,0,0,0,0,True,,,train,deterministic_class_stratified_group_interleave,True,True,True
LR_34,LR,34,data/NuclearPowerPlantAccidentData/Operation_csv_data/LR/34.csv,553,97,0.0,5520.0,10.0,10.0,10.0,True,True,0,0,0,0,True,,,train,deterministic_class_stratified_group_interleave,True,True,True
LR_35,LR,35,data/NuclearPowerPlantAccidentData/Operation_csv_data/LR/35.csv,553,97,0.0,5520.0,10.0,10.0,10.0,True,True,0,0,0,0,True,,,train,deterministic_class_stratified_group_interleave,True,True,True
LR_36,LR,36,data/NuclearPowerPlantAccidentData/Operation_csv_data/LR/36.csv,554,97,0.0,5530.0,10.0,10.0,10.0,True,True,0,0,0,0,True,,,train,deterministic_class_stratified_group_interleave,True,True,True
LR_37,LR,37,data/NuclearPowerPlantAccidentData/Operation_csv_data/LR/37.csv,555,97,0.0,5540.0,10.0,10.0,10.0,True,True,0,0,0,0,True,,,train,deterministic_class_stratified_group_interleave,True,True,True
LR_38,LR,38,data/NuclearPowerPlantAccidentData/Operation_csv_data/LR/38.csv,554,97,0.0,5530.0,10.0,10.0,10.0,True,True,0,0,0,0,True,,,train,deterministic_class_stratified_group_interleave,True,True,True
LR_39,LR,39,data/NuclearPowerPlantAccidentData/Operation_csv_data/LR/39.csv,553,97,0.0,5520.0,10.0,10.0,10.0,True,True,0,0,0,0,True,,,train,deterministic_class_stratified_group_interleave,True,True,True
LR_40,LR,40,data/NuclearPowerPlantAccidentData/Operation_csv_data/LR/40.csv,555,97,0.0,5540.0,10.0,10.0,10.0,True,True,0,0,0,0,True,,,train,deterministic_class_stratified_group_interleave,True,True,True
LR_41,LR,41,data/NuclearPowerPlantAccidentData/Operation_csv_data/LR/41.csv,554,97,0.0,5530.0,10.0,10.0,10.0,True,True,0,0,0,0,True,,,test,deterministic_class_stratified_group_interleave,True,True,True
LR_42,LR,42,data/NuclearPowerPlantAccidentData/Operation_csv_data/LR/42.csv,558,97,0.0,5570.0,10.0,10.0,10.0,True,True,0,0,0,0,True,,,validation,deterministic_class_stratified_group_interleave,True,True,True
LR_43,LR,43,data/NuclearPowerPlantAccidentData/Operation_csv_data/LR/43.csv,558,97,0.0,5570.0,10.0,10.0,10.0,True,True,0,0,0,0,True,,,train,deterministic_class_stratified_group_interleave,True,True,True
LR_44,LR,44,data/NuclearPowerPlantAccidentData/Operation_csv_data/LR/44.csv,558,97,0.0,5570.0,10.0,10.0,10.0,True,True,0,0,0,0,True,,,train,deterministic_class_stratified_group_interleave,True,True,True
LR_45,LR,45,data/NuclearPowerPlantAccidentData/Operation_csv_data/LR/45.csv,558,97,0.0,5570.0,10.0,10.0,10.0,True,True,0,0,0,0,True,,,train,deterministic_class_stratified_group_interleave,True,True,True
LR_46,LR,46,data/NuclearPowerPlantAccidentData/Operation_csv_data/LR/46.csv,556,97,0.0,5550.0,10.0,10.0,10.0,True,True,0,0,0,0,True,,,train,deterministic_class_stratified_group_interleave,True,True,True
LR_47,LR,47,data/NuclearPowerPlantAccidentData/Operation_csv_data/LR/47.csv,556,97,0.0,5550.0,10.0,10.0,10.0,True,True,0,0,0,0,True,,,train,deterministic_class_stratified_group_interleave,True,True,True
LR_48,LR,48,data/NuclearPowerPlantAccidentData/Operation_csv_data/LR/48.csv,556,97,0.0,5550.0,10.0,10.0,10.0,True,True,0,0,0,0,True,,,train,deterministic_class_stratified_group_interleave,True,True,True
LR_49,LR,49,data/NuclearPowerPlantAccidentData/Operation_csv_data/LR/49.csv,558,97,0.0,5570.0,10.0,10.0,10.0,True,True,0,0,0,0,True,,,train,deterministic_class_stratified_group_interleave,True,True,True
LR_50,LR,50,data/NuclearPowerPlantAccidentData/Operation_csv_data/LR/50.csv,558,97,0.0,5570.0,10.0,10.0,10.0,True,True,0,0,0,0,True,,,train,deterministic_class_stratified_group_interleave,True,True,True
LR_51,LR,51,data/NuclearPowerPlantAccidentData/Operation_csv_data/LR/51.csv,555,97,0.0,5540.0,10.0,10.0,10.0,True,True,0,0,0,0,True,,,test,deterministic_class_stratified_group_interleave,True,True,True
LR_52,LR,52,data/NuclearPowerPlantAccidentData/Operation_csv_data/LR/52.csv,558,97,0.0,5570.0,10.0,10.0,10.0,True,True,0,0,0,0,True,,,validation,deterministic_class_stratified_group_interleave,True,True,True
LR_53,LR,53,data/NuclearPowerPlantAccidentData/Operation_csv_data/LR/53.csv,556,97,0.0,5550.0,10.0,10.0,10.0,True,True,0,0,0,0,True,,,train,deterministic_class_stratified_group_interleave,True,True,True
LR_54,LR,54,data/NuclearPowerPlantAccidentData/Operation_csv_data/LR/54.csv,558,97,0.0,5570.0,10.0,10.0,10.0,True,True,0,0,0,0,True,,,train,deterministic_class_stratified_group_interleave,True,True,True
LR_55,LR,55,data/NuclearPowerPlantAccidentData/Operation_csv_data/LR/55.csv,556,97,0.0,5550.0,10.0,10.0,10.0,True,True,0,0,0,0,True,,,train,deterministic_class_stratified_group_interleave,True,True,True
LR_56,LR,56,data/NuclearPowerPlantAccidentData/Operation_csv_data/LR/56.csv,558,97,0.0,5570.0,10.0,10.0,10.0,True,True,0,0,0,0,True,,,train,deterministic_class_stratified_group_interleave,True,True,True
LR_57,LR,57,data/NuclearPowerPlantAccidentData/Operation_csv_data/LR/57.csv,558,97,0.0,5570.0,10.0,10.0,10.0,True,True,0,0,0,0,True,,,train,deterministic_class_stratified_group_interleave,True,True,True
LR_58,LR,58,data/NuclearPowerPlantAccidentData/Operation_csv_data/LR/58.csv,555,97,0.0,5540.0,10.0,10.0,10.0,True,True,0,0,0,0,True,,,train,deterministic_class_stratified_group_interleave,True,True,True
LR_59,LR,59,data/NuclearPowerPlantAccidentData/Operation_csv_data/LR/59.csv,555,97,0.0,5540.0,10.0,10.0,10.0,True,True,0,0,0,0,True,,,train,deterministic_class_stratified_group_interleave,True,True,True
LR_60,LR,60,data/NuclearPowerPlantAccidentData/Operation_csv_data/LR/60.csv,558,97,0.0,5570.0,10.0,10.0,10.0,True,True,0,0,0,0,True,,,train,deterministic_class_stratified_group_interleave,True,True,True
LR_61,LR,61,data/NuclearPowerPlantAccidentData/Operation_csv_data/LR/61.csv,556,97,0.0,5550.0,10.0,10.0,10.0,True,True,0,0,0,0,True,,,test,deterministic_class_stratified_group_interleave,True,True,True
LR_62,LR,62,data/NuclearPowerPlantAccidentData/Operation_csv_data/LR/62.csv,558,97,0.0,5570.0,10.0,10.0,10.0,True,True,0,0,0,0,True,,,validation,deterministic_class_stratified_group_interleave,True,True,True
LR_63,LR,63,data/NuclearPowerPlantAccidentData/Operation_csv_data/LR/63.csv,555,97,0.0,5540.0,10.0,10.0,10.0,True,True,0,0,0,0,True,,,train,deterministic_class_stratified_group_interleave,True,True,True
LR_64,LR,64,data/NuclearPowerPlantAccidentData/Operation_csv_data/LR/64.csv,557,97,0.0,5560.0,10.0,10.0,10.0,True,True,0,0,0,0,True,,,train,deterministic_class_stratified_group_interleave,True,True,True
LR_65,LR,65,data/NuclearPowerPlantAccidentData/Operation_csv_data/LR/65.csv,558,97,0.0,5570.0,10.0,10.0,10.0,True,True,0,0,0,0,True,,,train,deterministic_class_stratified_group_interleave,True,True,True
LR_66,LR,66,data/NuclearPowerPlantAccidentData/Operation_csv_data/LR/66.csv,556,97,0.0,5550.0,10.0,10.0,10.0,True,True,0,0,0,0,True,,,train,deterministic_class_stratified_group_interleave,True,True,True
LR_67,LR,67,data/NuclearPowerPlantAccidentData/Operation_csv_data/LR/67.csv,556,97,0.0,5550.0,10.0,10.0,10.0,True,True,0,0,0,0,True,,,train,deterministic_class_stratified_group_interleave,True,True,True
LR_68,LR,68,data/NuclearPowerPlantAccidentData/Operation_csv_data/LR/68.csv,557,97,0.0,5560.0,10.0,10.0,10.0,True,True,0,0,0,0,True,,,train,deterministic_class_stratified_group_interleave,True,True,True
LR_69,LR,69,data/NuclearPowerPlantAccidentData/Operation_csv_data/LR/69.csv,557,97,0.0,5560.0,10.0,10.0,10.0,True,True,0,0,0,0,True,,,train,deterministic_class_stratified_group_interleave,True,True,True
LR_70,LR,70,data/NuclearPowerPlantAccidentData/Operation_csv_data/LR/70.csv,557,97,0.0,5560.0,10.0,10.0,10.0,True,True,0,0,0,0,True,,,train,deterministic_class_stratified_group_interleave,True,True,True
LR_71,LR,71,data/NuclearPowerPlantAccidentData/Operation_csv_data/LR/71.csv,557,97,0.0,5560.0,10.0,10.0,10.0,True,True,0,0,0,0,True,,,test,deterministic_class_stratified_group_interleave,True,True,True
LR_72,LR,72,data/NuclearPowerPlantAccidentData/Operation_csv_data/LR/72.csv,558,97,0.0,5570.0,10.0,10.0,10.0,True,True,0,0,0,0,True,,,validation,deterministic_class_stratified_group_interleave,True,True,True
LR_73,LR,73,data/NuclearPowerPlantAccidentData/Operation_csv_data/LR/73.csv,555,97,0.0,5540.0,10.0,10.0,10.0,True,True,0,0,0,0,True,,,train,deterministic_class_stratified_group_interleave,True,True,True
LR_74,LR,74,data/NuclearPowerPlantAccidentData/Operation_csv_data/LR/74.csv,558,97,0.0,5570.0,10.0,10.0,10.0,True,True,0,0,0,0,True,,,train,deterministic_class_stratified_group_interleave,True,True,True
LR_75,LR,75,data/NuclearPowerPlantAccidentData/Operation_csv_data/LR/75.csv,558,97,0.0,5570.0,10.0,10.0,10.0,True,True,0,0,0,0,True,,,train,deterministic_class_stratified_group_interleave,True,True,True
LR_76,LR,76,data/NuclearPowerPlantAccidentData/Operation_csv_data/LR/76.csv,557,97,0.0,5560.0,10.0,10.0,10.0,True,True,0,0,0,0,True,,,train,deterministic_class_stratified_group_interleave,True,True,True
LR_77,LR,77,data/NuclearPowerPlantAccidentData/Operation_csv_data/LR/77.csv,558,97,0.0,5570.0,10.0,10.0,10.0,True,True,0,0,0,0,True,,,train,deterministic_class_stratified_group_interleave,True,True,True
LR_78,LR,78,data/NuclearPowerPlantAccidentData/Operation_csv_data/LR/78.csv,558,97,0.0,5570.0,10.0,10.0,10.0,True,True,0,0,0,0,True,,,train,deterministic_class_stratified_group_interleave,True,True,True
LR_79,LR,79,data/NuclearPowerPlantAccidentData/Operation_csv_data/LR/79.csv,556,97,0.0,5550.0,10.0,10.0,10.0,True,True,0,0,0,0,True,,,train,deterministic_class_stratified_group_interleave,True,True,True
LR_80,LR,80,data/NuclearPowerPlantAccidentData/Operation_csv_data/LR/80.csv,557,97,0.0,5560.0,10.0,10.0,10.0,True,True,0,0,0,0,True,,,train,deterministic_class_stratified_group_interleave,True,True,True
LR_81,LR,81,data/NuclearPowerPlantAccidentData/Operation_csv_data/LR/81.csv,557,97,0.0,5560.0,10.0,10.0,10.0,True,True,0,0,0,0,True,,,test,deterministic_class_stratified_group_interleave,True,True,True
LR_82,LR,82,data/NuclearPowerPlantAccidentData/Operation_csv_data/LR/82.csv,557,97,0.0,5560.0,10.0,10.0,10.0,True,True,0,0,0,0,True,,,validation,deterministic_class_stratified_group_interleave,True,True,True
LR_83,LR,83,data/NuclearPowerPlantAccidentData/Operation_csv_data/LR/83.csv,556,97,0.0,5550.0,10.0,10.0,10.0,True,True,0,0,0,0,True,,,train,deterministic_class_stratified_group_interleave,True,True,True
LR_84,LR,84,data/NuclearPowerPlantAccidentData/Operation_csv_data/LR/84.csv,557,97,0.0,5560.0,10.0,10.0,10.0,True,True,0,0,0,0,True,,,train,deterministic_class_stratified_group_interleave,True,True,True
LR_85,LR,85,data/NuclearPowerPlantAccidentData/Operation_csv_data/LR/85.csv,557,97,0.0,5560.0,10.0,10.0,10.0,True,True,0,0,0,0,True,,,train,deterministic_class_stratified_group_interleave,True,True,True
LR_86,LR,86,data/NuclearPowerPlantAccidentData/Operation_csv_data/LR/86.csv,557,97,0.0,5560.0,10.0,10.0,10.0,True,True,0,0,0,0,True,,,train,deterministic_class_stratified_group_interleave,True,True,True
LR_87,LR,87,data/NuclearPowerPlantAccidentData/Operation_csv_data/LR/87.csv,556,97,0.0,5550.0,10.0,10.0,10.0,True,True,0,0,0,0,True,,,train,deterministic_class_stratified_group_interleave,True,True,True
LR_88,LR,88,data/NuclearPowerPlantAccidentData/Operation_csv_data/LR/88.csv,558,97,0.0,5570.0,10.0,10.0,10.0,True,True,0,0,0,0,True,,,train,deterministic_class_stratified_group_interleave,True,True,True
LR_89,LR,89,data/NuclearPowerPlantAccidentData/Operation_csv_data/LR/89.csv,555,97,0.0,5540.0,10.0,10.0,10.0,True,True,0,0,0,0,True,,,train,deterministic_class_stratified_group_interleave,True,True,True
LR_90,LR,90,data/NuclearPowerPlantAccidentData/Operation_csv_data/LR/90.csv,557,97,0.0,5560.0,10.0,10.0,10.0,True,True,0,0,0,0,True,,,train,deterministic_class_stratified_group_interleave,True,True,True
LR_91,LR,91,data/NuclearPowerPlantAccidentData/Operation_csv_data/LR/91.csv,556,97,0.0,5550.0,10.0,10.0,10.0,True,True,0,0,0,0,True,,,test,deterministic_class_stratified_group_interleave,True,True,True
LR_92,LR,92,data/NuclearPowerPlantAccidentData/Operation_csv_data/LR/92.csv,556,97,0.0,5550.0,10.0,10.0,10.0,True,True,0,0,0,0,True,,,validation,deterministic_class_stratified_group_interleave,True,True,True
LR_93,LR,93,data/NuclearPowerPlantAccidentData/Operation_csv_data/LR/93.csv,557,97,0.0,5560.0,10.0,10.0,10.0,True,True,0,0,0,0,True,,,train,deterministic_class_stratified_group_interleave,True,True,True
LR_94,LR,94,data/NuclearPowerPlantAccidentData/Operation_csv_data/LR/94.csv,558,97,0.0,5570.0,10.0,10.0,10.0,True,True,0,0,0,0,True,,,train,deterministic_class_stratified_group_interleave,True,True,True
LR_95,LR,95,data/NuclearPowerPlantAccidentData/Operation_csv_data/LR/95.csv,558,97,0.0,5570.0,10.0,10.0,10.0,True,True,0,0,0,0,True,,,train,deterministic_class_stratified_group_interleave,True,True,True
LR_96,LR,96,data/NuclearPowerPlantAccidentData/Operation_csv_data/LR/96.csv,556,97,0.0,5550.0,10.0,10.0,10.0,True,True,0,0,0,0,True,,,train,deterministic_class_stratified_group_interleave,True,True,True
LR_97,LR,97,data/NuclearPowerPlantAccidentData/Operation_csv_data/LR/97.csv,556,97,0.0,5550.0,10.0,10.0,10.0,True,True,0,0,0,0,True,,,train,deterministic_class_stratified_group_interleave,True,True,True
LR_98,LR,98,data/NuclearPowerPlantAccidentData/Operation_csv_data/LR/98.csv,557,97,0.0,5560.0,10.0,10.0,10.0,True,True,0,0,0,0,True,,,train,deterministic_class_stratified_group_interleave,True,True,True
LR_99,LR,99,data/NuclearPowerPlantAccidentData/Operation_csv_data/LR/99.csv,557,97,0.0,5560.0,10.0,10.0,10.0,True,True,0,0,0,0,True,,,train,deterministic_class_stratified_group_interleave,True,True,True
MD_1,MD,1,data/NuclearPowerPlantAccidentData/Operation_csv_data/MD/1.csv,635,97,0.0,6340.0,10.0,10.0,10.0,True,True,0,0,0,0,True,,,test,deterministic_class_stratified_group_interleave,True,True,True
MD_2,MD,2,data/NuclearPowerPlantAccidentData/Operation_csv_data/MD/2.csv,635,97,0.0,6340.0,10.0,10.0,10.0,True,True,0,0,0,0,True,,,validation,deterministic_class_stratified_group_interleave,True,True,True
MD_3,MD,3,data/NuclearPowerPlantAccidentData/Operation_csv_data/MD/3.csv,635,97,0.0,6340.0,10.0,10.0,10.0,True,True,0,0,0,0,True,,,train,deterministic_class_stratified_group_interleave,True,True,True
MD_4,MD,4,data/NuclearPowerPlantAccidentData/Operation_csv_data/MD/4.csv,637,97,0.0,6360.0,10.0,10.0,10.0,True,True,0,0,0,0,True,,,train,deterministic_class_stratified_group_interleave,True,True,True
MD_5,MD,5,data/NuclearPowerPlantAccidentData/Operation_csv_data/MD/5.csv,637,97,0.0,6360.0,10.0,10.0,10.0,True,True,0,0,0,0,True,,,train,deterministic_class_stratified_group_interleave,True,True,True
MD_6,MD,6,data/NuclearPowerPlantAccidentData/Operation_csv_data/MD/6.csv,637,97,0.0,6360.0,10.0,10.0,10.0,True,True,0,0,0,0,True,,,train,deterministic_class_stratified_group_interleave,True,True,True
MD_7,MD,7,data/NuclearPowerPlantAccidentData/Operation_csv_data/MD/7.csv,637,97,0.0,6360.0,10.0,10.0,10.0,True,True,0,0,0,0,True,,,train,deterministic_class_stratified_group_interleave,True,True,True
MD_8,MD,8,data/NuclearPowerPlantAccidentData/Operation_csv_data/MD/8.csv,637,97,0.0,6360.0,10.0,10.0,10.0,True,True,0,0,0,0,True,,,train,deterministic_class_stratified_group_interleave,True,True,True
MD_9,MD,9,data/NuclearPowerPlantAccidentData/Operation_csv_data/MD/9.csv,636,97,0.0,6350.0,10.0,10.0,10.0,True,True,0,0,0,0,True,,,train,deterministic_class_stratified_group_interleave,True,True,True
MD_10,MD,10,data/NuclearPowerPlantAccidentData/Operation_csv_data/MD/10.csv,636,97,0.0,6350.0,10.0,10.0,10.0,True,True,0,0,0,0,True,,,train,deterministic_class_stratified_group_interleave,True,True,True
MD_11,MD,11,data/NuclearPowerPlantAccidentData/Operation_csv_data/MD/11.csv,637,97,0.0,6360.0,10.0,10.0,10.0,True,True,0,0,0,0,True,,,test,deterministic_class_stratified_group_interleave,True,True,True
MD_12,MD,12,data/NuclearPowerPlantAccidentData/Operation_csv_data/MD/12.csv,637,97,0.0,6360.0,10.0,10.0,10.0,True,True,0,0,0,0,True,,,validation,deterministic_class_stratified_group_interleave,True,True,True
MD_13,MD,13,data/NuclearPowerPlantAccidentData/Operation_csv_data/MD/13.csv,636,97,0.0,6350.0,10.0,10.0,10.0,True,True,0,0,0,0,True,,,train,deterministic_class_stratified_group_interleave,True,True,True
MD_14,MD,14,data/NuclearPowerPlantAccidentData/Operation_csv_data/MD/14.csv,636,97,0.0,6350.0,10.0,10.0,10.0,True,True,0,0,0,0,True,,,train,deterministic_class_stratified_group_interleave,True,True,True
MD_15,MD,15,data/NuclearPowerPlantAccidentData/Operation_csv_data/MD/15.csv,636,97,0.0,6350.0,10.0,10.0,10.0,True,True,0,0,0,0,True,,,train,deterministic_class_stratified_group_interleave,True,True,True
MD_16,MD,16,data/NuclearPowerPlantAccidentData/Operation_csv_data/MD/16.csv,636,97,0.0,6350.0,10.0,10.0,10.0,True,True,0,0,0,0,True,,,train,deterministic_class_stratified_group_interleave,True,True,True
MD_17,MD,17,data/NuclearPowerPlantAccidentData/Operation_csv_data/MD/17.csv,634,97,0.0,6330.0,10.0,10.0,10.0,True,True,0,0,0,0,True,,,train,deterministic_class_stratified_group_interleave,True,True,True
MD_18,MD,18,data/NuclearPowerPlantAccidentData/Operation_csv_data/MD/18.csv,635,97,0.0,6340.0,10.0,10.0,10.0,True,True,0,0,0,0,True,,,train,deterministic_class_stratified_group_interleave,True,True,True
MD_19,MD,19,data/NuclearPowerPlantAccidentData/Operation_csv_data/MD/19.csv,636,97,0.0,6350.0,10.0,10.0,10.0,True,True,0,0,0,0,True,,,train,deterministic_class_stratified_group_interleave,True,True,True
MD_20,MD,20,data/NuclearPowerPlantAccidentData/Operation_csv_data/MD/20.csv,636,97,0.0,6350.0,10.0,10.0,10.0,True,True,0,0,0,0,True,,,train,deterministic_class_stratified_group_interleave,True,True,True
MD_21,MD,21,data/NuclearPowerPlantAccidentData/Operation_csv_data/MD/21.csv,635,97,0.0,6340.0,10.0,10.0,10.0,True,True,0,0,0,0,True,,,test,deterministic_class_stratified_group_interleave,True,True,True
MD_22,MD,22,data/NuclearPowerPlantAccidentData/Operation_csv_data/MD/22.csv,635,97,0.0,6340.0,10.0,10.0,10.0,True,True,0,0,0,0,True,,,validation,deterministic_class_stratified_group_interleave,True,True,True
MD_23,MD,23,data/NuclearPowerPlantAccidentData/Operation_csv_data/MD/23.csv,636,97,0.0,6350.0,10.0,10.0,10.0,True,True,0,0,0,0,True,,,train,deterministic_class_stratified_group_interleave,True,True,True
MD_24,MD,24,data/NuclearPowerPlantAccidentData/Operation_csv_data/MD/24.csv,635,97,0.0,6340.0,10.0,10.0,10.0,True,True,0,0,0,0,True,,,train,deterministic_class_stratified_group_interleave,True,True,True
MD_25,MD,25,data/NuclearPowerPlantAccidentData/Operation_csv_data/MD/25.csv,635,97,0.0,6340.0,10.0,10.0,10.0,True,True,0,0,0,0,True,,,train,deterministic_class_stratified_group_interleave,True,True,True
MD_26,MD,26,data/NuclearPowerPlantAccidentData/Operation_csv_data/MD/26.csv,635,97,0.0,6340.0,10.0,10.0,10.0,True,True,0,0,0,0,True,,,train,deterministic_class_stratified_group_interleave,True,True,True
MD_27,MD,27,data/NuclearPowerPlantAccidentData/Operation_csv_data/MD/27.csv,635,97,0.0,6340.0,10.0,10.0,10.0,True,True,0,0,0,0,True,,,train,deterministic_class_stratified_group_interleave,True,True,True
MD_28,MD,28,data/NuclearPowerPlantAccidentData/Operation_csv_data/MD/28.csv,634,97,0.0,6330.0,10.0,10.0,10.0,True,True,0,0,0,0,True,,,train,deterministic_class_stratified_group_interleave,True,True,True
MD_29,MD,29,data/NuclearPowerPlantAccidentData/Operation_csv_data/MD/29.csv,634,97,0.0,6330.0,10.0,10.0,10.0,True,True,0,0,0,0,True,,,train,deterministic_class_stratified_group_interleave,True,True,True
MD_30,MD,30,data/NuclearPowerPlantAccidentData/Operation_csv_data/MD/30.csv,634,97,0.0,6330.0,10.0,10.0,10.0,True,True,0,0,0,0,True,,,train,deterministic_class_stratified_group_interleave,True,True,True
MD_31,MD,31,data/NuclearPowerPlantAccidentData/Operation_csv_data/MD/31.csv,638,97,0.0,6370.0,10.0,10.0,10.0,True,True,0,0,0,0,True,,,test,deterministic_class_stratified_group_interleave,True,True,True
MD_32,MD,32,data/NuclearPowerPlantAccidentData/Operation_csv_data/MD/32.csv,638,97,0.0,6370.0,10.0,10.0,10.0,True,True,0,0,0,0,True,,,validation,deterministic_class_stratified_group_interleave,True,True,True
MD_33,MD,33,data/NuclearPowerPlantAccidentData/Operation_csv_data/MD/33.csv,638,97,0.0,6370.0,10.0,10.0,10.0,True,True,0,0,0,0,True,,,train,deterministic_class_stratified_group_interleave,True,True,True
MD_34,MD,34,data/NuclearPowerPlantAccidentData/Operation_csv_data/MD/34.csv,638,97,0.0,6370.0,10.0,10.0,10.0,True,True,0,0,0,0,True,,,train,deterministic_class_stratified_group_interleave,True,True,True
MD_35,MD,35,data/NuclearPowerPlantAccidentData/Operation_csv_data/MD/35.csv,637,97,0.0,6360.0,10.0,10.0,10.0,True,True,0,0,0,0,True,,,train,deterministic_class_stratified_group_interleave,True,True,True
MD_36,MD,36,data/NuclearPowerPlantAccidentData/Operation_csv_data/MD/36.csv,637,97,0.0,6360.0,10.0,10.0,10.0,True,True,0,0,0,0,True,,,train,deterministic_class_stratified_group_interleave,True,True,True
MD_37,MD,37,data/NuclearPowerPlantAccidentData/Operation_csv_data/MD/37.csv,638,97,0.0,6370.0,10.0,10.0,10.0,True,True,0,0,0,0,True,,,train,deterministic_class_stratified_group_interleave,True,True,True
MD_38,MD,38,data/NuclearPowerPlantAccidentData/Operation_csv_data/MD/38.csv,636,97,0.0,6350.0,10.0,10.0,10.0,True,True,0,0,0,0,True,,,train,deterministic_class_stratified_group_interleave,True,True,True
MD_39,MD,39,data/NuclearPowerPlantAccidentData/Operation_csv_data/MD/39.csv,636,97,0.0,6350.0,10.0,10.0,10.0,True,True,0,0,0,0,True,,,train,deterministic_class_stratified_group_interleave,True,True,True
MD_40,MD,40,data/NuclearPowerPlantAccidentData/Operation_csv_data/MD/40.csv,636,97,0.0,6350.0,10.0,10.0,10.0,True,True,0,0,0,0,True,,,train,deterministic_class_stratified_group_interleave,True,True,True
MD_41,MD,41,data/NuclearPowerPlantAccidentData/Operation_csv_data/MD/41.csv,638,97,0.0,6370.0,10.0,10.0,10.0,True,True,0,0,0,0,True,,,test,deterministic_class_stratified_group_interleave,True,True,True
MD_42,MD,42,data/NuclearPowerPlantAccidentData/Operation_csv_data/MD/42.csv,638,97,0.0,6370.0,10.0,10.0,10.0,True,True,0,0,0,0,True,,,validation,deterministic_class_stratified_group_interleave,True,True,True
MD_43,MD,43,data/NuclearPowerPlantAccidentData/Operation_csv_data/MD/43.csv,638,97,0.0,6370.0,10.0,10.0,10.0,True,True,0,0,0,0,True,,,train,deterministic_class_stratified_group_interleave,True,True,True
MD_44,MD,44,data/NuclearPowerPlantAccidentData/Operation_csv_data/MD/44.csv,638,97,0.0,6370.0,10.0,10.0,10.0,True,True,0,0,0,0,True,,,train,deterministic_class_stratified_group_interleave,True,True,True
MD_45,MD,45,data/NuclearPowerPlantAccidentData/Operation_csv_data/MD/45.csv,539,97,0.0,5380.0,10.0,10.0,10.0,True,True,0,0,0,0,True,,,train,deterministic_class_stratified_group_interleave,True,True,True
MD_46,MD,46,data/NuclearPowerPlantAccidentData/Operation_csv_data/MD/46.csv,558,97,0.0,5570.0,10.0,10.0,10.0,True,True,0,0,0,0,True,,,train,deterministic_class_stratified_group_interleave,True,True,True
MD_47,MD,47,data/NuclearPowerPlantAccidentData/Operation_csv_data/MD/47.csv,556,97,0.0,5550.0,10.0,10.0,10.0,True,True,0,0,0,0,True,,,train,deterministic_class_stratified_group_interleave,True,True,True
MD_48,MD,48,data/NuclearPowerPlantAccidentData/Operation_csv_data/MD/48.csv,555,97,0.0,5540.0,10.0,10.0,10.0,True,True,0,0,0,0,True,,,train,deterministic_class_stratified_group_interleave,True,True,True
MD_49,MD,49,data/NuclearPowerPlantAccidentData/Operation_csv_data/MD/49.csv,556,97,0.0,5550.0,10.0,10.0,10.0,True,True,0,0,0,0,True,,,train,deterministic_class_stratified_group_interleave,True,True,True
MD_50,MD,50,data/NuclearPowerPlantAccidentData/Operation_csv_data/MD/50.csv,556,97,0.0,5550.0,10.0,10.0,10.0,True,True,0,0,0,0,True,,,train,deterministic_class_stratified_group_interleave,True,True,True
MD_51,MD,51,data/NuclearPowerPlantAccidentData/Operation_csv_data/MD/51.csv,555,97,0.0,5540.0,10.0,10.0,10.0,True,True,0,0,0,0,True,,,test,deterministic_class_stratified_group_interleave,True,True,True
MD_52,MD,52,data/NuclearPowerPlantAccidentData/Operation_csv_data/MD/52.csv,555,97,0.0,5540.0,10.0,10.0,10.0,True,True,0,0,0,0,True,,,validation,deterministic_class_stratified_group_interleave,True,True,True
MD_53,MD,53,data/NuclearPowerPlantAccidentData/Operation_csv_data/MD/53.csv,555,97,0.0,5540.0,10.0,10.0,10.0,True,True,0,0,0,0,True,,,train,deterministic_class_stratified_group_interleave,True,True,True
MD_54,MD,54,data/NuclearPowerPlantAccidentData/Operation_csv_data/MD/54.csv,557,97,0.0,5560.0,10.0,10.0,10.0,True,True,0,0,0,0,True,,,train,deterministic_class_stratified_group_interleave,True,True,True
MD_55,MD,55,data/NuclearPowerPlantAccidentData/Operation_csv_data/MD/55.csv,555,97,0.0,5540.0,10.0,10.0,10.0,True,True,0,0,0,0,True,,,train,deterministic_class_stratified_group_interleave,True,True,True
MD_56,MD,56,data/NuclearPowerPlantAccidentData/Operation_csv_data/MD/56.csv,555,97,0.0,5540.0,10.0,10.0,10.0,True,True,0,0,0,0,True,,,train,deterministic_class_stratified_group_interleave,True,True,True
MD_57,MD,57,data/NuclearPowerPlantAccidentData/Operation_csv_data/MD/57.csv,555,97,0.0,5540.0,10.0,10.0,10.0,True,True,0,0,0,0,True,,,train,deterministic_class_stratified_group_interleave,True,True,True
MD_58,MD,58,data/NuclearPowerPlantAccidentData/Operation_csv_data/MD/58.csv,547,97,0.0,5460.0,10.0,10.0,10.0,True,True,0,0,0,0,True,,,train,deterministic_class_stratified_group_interleave,True,True,True
MD_59,MD,59,data/NuclearPowerPlantAccidentData/Operation_csv_data/MD/59.csv,557,97,0.0,5560.0,10.0,10.0,10.0,True,True,0,0,0,0,True,,,train,deterministic_class_stratified_group_interleave,True,True,True
MD_60,MD,60,data/NuclearPowerPlantAccidentData/Operation_csv_data/MD/60.csv,557,97,0.0,5560.0,10.0,10.0,10.0,True,True,0,0,0,0,True,,,train,deterministic_class_stratified_group_interleave,True,True,True
MD_61,MD,61,data/NuclearPowerPlantAccidentData/Operation_csv_data/MD/61.csv,556,97,0.0,5550.0,10.0,10.0,10.0,True,True,0,0,0,0,True,,,test,deterministic_class_stratified_group_interleave,True,True,True
MD_62,MD,62,data/NuclearPowerPlantAccidentData/Operation_csv_data/MD/62.csv,556,97,0.0,5550.0,10.0,10.0,10.0,True,True,0,0,0,0,True,,,validation,deterministic_class_stratified_group_interleave,True,True,True
MD_63,MD,63,data/NuclearPowerPlantAccidentData/Operation_csv_data/MD/63.csv,556,97,0.0,5550.0,10.0,10.0,10.0,True,True,0,0,0,0,True,,,train,deterministic_class_stratified_group_interleave,True,True,True
MD_64,MD,64,data/NuclearPowerPlantAccidentData/Operation_csv_data/MD/64.csv,556,97,0.0,5550.0,10.0,10.0,10.0,True,True,0,0,0,0,True,,,train,deterministic_class_stratified_group_interleave,True,True,True
MD_65,MD,65,data/NuclearPowerPlantAccidentData/Operation_csv_data/MD/65.csv,555,97,0.0,5540.0,10.0,10.0,10.0,True,True,0,0,0,0,True,,,train,deterministic_class_stratified_group_interleave,True,True,True
MD_66,MD,66,data/NuclearPowerPlantAccidentData/Operation_csv_data/MD/66.csv,556,97,0.0,5550.0,10.0,10.0,10.0,True,True,0,0,0,0,True,,,train,deterministic_class_stratified_group_interleave,True,True,True
MD_67,MD,67,data/NuclearPowerPlantAccidentData/Operation_csv_data/MD/67.csv,541,97,0.0,5400.0,10.0,10.0,10.0,True,True,0,0,0,0,True,,,train,deterministic_class_stratified_group_interleave,True,True,True
MD_68,MD,68,data/NuclearPowerPlantAccidentData/Operation_csv_data/MD/68.csv,556,97,0.0,5550.0,10.0,10.0,10.0,True,True,0,0,0,0,True,,,train,deterministic_class_stratified_group_interleave,True,True,True
MD_69,MD,69,data/NuclearPowerPlantAccidentData/Operation_csv_data/MD/69.csv,555,97,0.0,5540.0,10.0,10.0,10.0,True,True,0,0,0,0,True,,,train,deterministic_class_stratified_group_interleave,True,True,True
MD_70,MD,70,data/NuclearPowerPlantAccidentData/Operation_csv_data/MD/70.csv,556,97,0.0,5550.0,10.0,10.0,10.0,True,True,0,0,0,0,True,,,train,deterministic_class_stratified_group_interleave,True,True,True
MD_71,MD,71,data/NuclearPowerPlantAccidentData/Operation_csv_data/MD/71.csv,555,97,0.0,5540.0,10.0,10.0,10.0,True,True,0,0,0,0,True,,,test,deterministic_class_stratified_group_interleave,True,True,True
MD_72,MD,72,data/NuclearPowerPlantAccidentData/Operation_csv_data/MD/72.csv,554,97,0.0,5530.0,10.0,10.0,10.0,True,True,0,0,0,0,True,,,validation,deterministic_class_stratified_group_interleave,True,True,True
MD_73,MD,73,data/NuclearPowerPlantAccidentData/Operation_csv_data/MD/73.csv,554,97,0.0,5530.0,10.0,10.0,10.0,True,True,0,0,0,0,True,,,train,deterministic_class_stratified_group_interleave,True,True,True
MD_74,MD,74,data/NuclearPowerPlantAccidentData/Operation_csv_data/MD/74.csv,554,97,0.0,5530.0,10.0,10.0,10.0,True,True,0,0,0,0,True,,,train,deterministic_class_stratified_group_interleave,True,True,True
MD_75,MD,75,data/NuclearPowerPlantAccidentData/Operation_csv_data/MD/75.csv,555,97,0.0,5540.0,10.0,10.0,10.0,True,True,0,0,0,0,True,,,train,deterministic_class_stratified_group_interleave,True,True,True
MD_76,MD,76,data/NuclearPowerPlantAccidentData/Operation_csv_data/MD/76.csv,555,97,0.0,5540.0,10.0,10.0,10.0,True,True,0,0,0,0,True,,,train,deterministic_class_stratified_group_interleave,True,True,True
MD_77,MD,77,data/NuclearPowerPlantAccidentData/Operation_csv_data/MD/77.csv,554,97,0.0,5530.0,10.0,10.0,10.0,True,True,0,0,0,0,True,,,train,deterministic_class_stratified_group_interleave,True,True,True
MD_78,MD,78,data/NuclearPowerPlantAccidentData/Operation_csv_data/MD/78.csv,554,97,0.0,5530.0,10.0,10.0,10.0,True,True,0,0,0,0,True,,,train,deterministic_class_stratified_group_interleave,True,True,True
MD_79,MD,79,data/NuclearPowerPlantAccidentData/Operation_csv_data/MD/79.csv,555,97,0.0,5540.0,10.0,10.0,10.0,True,True,0,0,0,0,True,,,train,deterministic_class_stratified_group_interleave,True,True,True
MD_80,MD,80,data/NuclearPowerPlantAccidentData/Operation_csv_data/MD/80.csv,554,97,0.0,5530.0,10.0,10.0,10.0,True,True,0,0,0,0,True,,,train,deterministic_class_stratified_group_interleave,True,True,True
MD_81,MD,81,data/NuclearPowerPlantAccidentData/Operation_csv_data/MD/81.csv,555,97,0.0,5540.0,10.0,10.0,10.0,True,True,0,0,0,0,True,,,test,deterministic_class_stratified_group_interleave,True,True,True
MD_82,MD,82,data/NuclearPowerPlantAccidentData/Operation_csv_data/MD/82.csv,554,97,0.0,5530.0,10.0,10.0,10.0,True,True,0,0,0,0,True,,,validation,deterministic_class_stratified_group_interleave,True,True,True
MD_83,MD,83,data/NuclearPowerPlantAccidentData/Operation_csv_data/MD/83.csv,554,97,0.0,5530.0,10.0,10.0,10.0,True,True,0,0,0,0,True,,,train,deterministic_class_stratified_group_interleave,True,True,True
MD_84,MD,84,data/NuclearPowerPlantAccidentData/Operation_csv_data/MD/84.csv,554,97,0.0,5530.0,10.0,10.0,10.0,True,True,0,0,0,0,True,,,train,deterministic_class_stratified_group_interleave,True,True,True
MD_85,MD,85,data/NuclearPowerPlantAccidentData/Operation_csv_data/MD/85.csv,554,97,0.0,5530.0,10.0,10.0,10.0,True,True,0,0,0,0,True,,,train,deterministic_class_stratified_group_interleave,True,True,True
MD_86,MD,86,data/NuclearPowerPlantAccidentData/Operation_csv_data/MD/86.csv,554,97,0.0,5530.0,10.0,10.0,10.0,True,True,0,0,0,0,True,,,train,deterministic_class_stratified_group_interleave,True,True,True
MD_87,MD,87,data/NuclearPowerPlantAccidentData/Operation_csv_data/MD/87.csv,554,97,0.0,5530.0,10.0,10.0,10.0,True,True,0,0,0,0,True,,,train,deterministic_class_stratified_group_interleave,True,True,True
MD_88,MD,88,data/NuclearPowerPlantAccidentData/Operation_csv_data/MD/88.csv,554,97,0.0,5530.0,10.0,10.0,10.0,True,True,0,0,0,0,True,,,train,deterministic_class_stratified_group_interleave,True,True,True
MD_89,MD,89,data/NuclearPowerPlantAccidentData/Operation_csv_data/MD/89.csv,554,97,0.0,5530.0,10.0,10.0,10.0,True,True,0,0,0,0,True,,,train,deterministic_class_stratified_group_interleave,True,True,True
MD_90,MD,90,data/NuclearPowerPlantAccidentData/Operation_csv_data/MD/90.csv,554,97,0.0,5530.0,10.0,10.0,10.0,True,True,0,0,0,0,True,,,train,deterministic_class_stratified_group_interleave,True,True,True
MD_91,MD,91,data/NuclearPowerPlantAccidentData/Operation_csv_data/MD/91.csv,554,97,0.0,5530.0,10.0,10.0,10.0,True,True,0,0,0,0,True,,,test,deterministic_class_stratified_group_interleave,True,True,True
MD_92,MD,92,data/NuclearPowerPlantAccidentData/Operation_csv_data/MD/92.csv,553,97,0.0,5520.0,10.0,10.0,10.0,True,True,0,0,0,0,True,,,validation,deterministic_class_stratified_group_interleave,True,True,True
MD_93,MD,93,data/NuclearPowerPlantAccidentData/Operation_csv_data/MD/93.csv,554,97,0.0,5530.0,10.0,10.0,10.0,True,True,0,0,0,0,True,,,train,deterministic_class_stratified_group_interleave,True,True,True
MD_94,MD,94,data/NuclearPowerPlantAccidentData/Operation_csv_data/MD/94.csv,553,97,0.0,5520.0,10.0,10.0,10.0,True,True,0,0,0,0,True,,,train,deterministic_class_stratified_group_interleave,True,True,True
MD_95,MD,95,data/NuclearPowerPlantAccidentData/Operation_csv_data/MD/95.csv,553,97,0.0,5520.0,10.0,10.0,10.0,True,True,0,0,0,0,True,,,train,deterministic_class_stratified_group_interleave,True,True,True
MD_96,MD,96,data/NuclearPowerPlantAccidentData/Operation_csv_data/MD/96.csv,553,97,0.0,5520.0,10.0,10.0,10.0,True,True,0,0,0,0,True,,,train,deterministic_class_stratified_group_interleave,True,True,True
MD_97,MD,97,data/NuclearPowerPlantAccidentData/Operation_csv_data/MD/97.csv,553,97,0.0,5520.0,10.0,10.0,10.0,True,True,0,0,0,0,True,,,train,deterministic_class_stratified_group_interleave,True,True,True
MD_98,MD,98,data/NuclearPowerPlantAccidentData/Operation_csv_data/MD/98.csv,553,97,0.0,5520.0,10.0,10.0,10.0,True,True,0,0,0,0,True,,,train,deterministic_class_stratified_group_interleave,True,True,True
MD_99,MD,99,data/NuclearPowerPlantAccidentData/Operation_csv_data/MD/99.csv,552,97,0.0,5510.0,10.0,10.0,10.0,True,True,0,0,0,0,True,,,train,deterministic_class_stratified_group_interleave,True,True,True
MD_100,MD,100,data/NuclearPowerPlantAccidentData/Operation_csv_data/MD/100.csv,553,97,0.0,5520.0,10.0,10.0,10.0,True,True,0,0,0,0,True,,,train,deterministic_class_stratified_group_interleave,True,True,True
RI_-100,RI,-100,data/NuclearPowerPlantAccidentData/Operation_csv_data/RI/-100.csv,11,97,0.0,100.0,10.0,10.0,10.0,True,True,0,0,0,0,True,,,test,deterministic_class_stratified_group_interleave,True,True,False
RI_-99,RI,-99,data/NuclearPowerPlantAccidentData/Operation_csv_data/RI/-99.csv,11,97,0.0,100.0,10.0,10.0,10.0,True,True,0,0,0,0,True,,,validation,deterministic_class_stratified_group_interleave,True,True,False
RI_-98,RI,-98,data/NuclearPowerPlantAccidentData/Operation_csv_data/RI/-98.csv,11,97,0.0,100.0,10.0,10.0,10.0,True,True,0,0,0,0,True,,,train,deterministic_class_stratified_group_interleave,True,True,False
RI_-97,RI,-97,data/NuclearPowerPlantAccidentData/Operation_csv_data/RI/-97.csv,11,97,0.0,100.0,10.0,10.0,10.0,True,True,0,0,0,0,True,,,train,deterministic_class_stratified_group_interleave,True,True,False
RI_-96,RI,-96,data/NuclearPowerPlantAccidentData/Operation_csv_data/RI/-96.csv,11,97,0.0,100.0,10.0,10.0,10.0,True,True,0,0,0,0,True,,,train,deterministic_class_stratified_group_interleave,True,True,False
RI_-95,RI,-95,data/NuclearPowerPlantAccidentData/Operation_csv_data/RI/-95.csv,11,97,0.0,100.0,10.0,10.0,10.0,True,True,0,0,0,0,True,,,train,deterministic_class_stratified_group_interleave,True,True,False
RI_-94,RI,-94,data/NuclearPowerPlantAccidentData/Operation_csv_data/RI/-94.csv,11,97,0.0,100.0,10.0,10.0,10.0,True,True,0,0,0,0,True,,,train,deterministic_class_stratified_group_interleave,True,True,False
RI_-93,RI,-93,data/NuclearPowerPlantAccidentData/Operation_csv_data/RI/-93.csv,11,97,0.0,100.0,10.0,10.0,10.0,True,True,0,0,0,0,True,,,train,deterministic_class_stratified_group_interleave,True,True,False
RI_-92,RI,-92,data/NuclearPowerPlantAccidentData/Operation_csv_data/RI/-92.csv,11,97,0.0,100.0,10.0,10.0,10.0,True,True,0,0,0,0,True,,,train,deterministic_class_stratified_group_interleave,True,True,False
RI_-91,RI,-91,data/NuclearPowerPlantAccidentData/Operation_csv_data/RI/-91.csv,11,97,0.0,100.0,10.0,10.0,10.0,True,True,0,0,0,0,True,,,train,deterministic_class_stratified_group_interleave,True,True,False
RI_-90,RI,-90,data/NuclearPowerPlantAccidentData/Operation_csv_data/RI/-90.csv,11,97,0.0,100.0,10.0,10.0,10.0,True,True,0,0,0,0,True,,,test,deterministic_class_stratified_group_interleave,True,True,False
RI_-89,RI,-89,data/NuclearPowerPlantAccidentData/Operation_csv_data/RI/-89.csv,11,97,0.0,100.0,10.0,10.0,10.0,True,True,0,0,0,0,True,,,validation,deterministic_class_stratified_group_interleave,True,True,False
RI_-88,RI,-88,data/NuclearPowerPlantAccidentData/Operation_csv_data/RI/-88.csv,11,97,0.0,100.0,10.0,10.0,10.0,True,True,0,0,0,0,True,,,train,deterministic_class_stratified_group_interleave,True,True,False
RI_-87,RI,-87,data/NuclearPowerPlantAccidentData/Operation_csv_data/RI/-87.csv,11,97,0.0,100.0,10.0,10.0,10.0,True,True,0,0,0,0,True,,,train,deterministic_class_stratified_group_interleave,True,True,False
RI_-86,RI,-86,data/NuclearPowerPlantAccidentData/Operation_csv_data/RI/-86.csv,11,97,0.0,100.0,10.0,10.0,10.0,True,True,0,0,0,0,True,,,train,deterministic_class_stratified_group_interleave,True,True,False
RI_-85,RI,-85,data/NuclearPowerPlantAccidentData/Operation_csv_data/RI/-85.csv,11,97,0.0,100.0,10.0,10.0,10.0,True,True,0,0,0,0,True,,,train,deterministic_class_stratified_group_interleave,True,True,False
RI_-84,RI,-84,data/NuclearPowerPlantAccidentData/Operation_csv_data/RI/-84.csv,11,97,0.0,100.0,10.0,10.0,10.0,True,True,0,0,0,0,True,,,train,deterministic_class_stratified_group_interleave,True,True,False
RI_-83,RI,-83,data/NuclearPowerPlantAccidentData/Operation_csv_data/RI/-83.csv,11,97,0.0,100.0,10.0,10.0,10.0,True,True,0,0,0,0,True,,,train,deterministic_class_stratified_group_interleave,True,True,False
RI_-82,RI,-82,data/NuclearPowerPlantAccidentData/Operation_csv_data/RI/-82.csv,160,97,0.0,1590.0,10.0,10.0,10.0,True,True,0,0,0,0,True,,,train,deterministic_class_stratified_group_interleave,True,True,True
RI_-81,RI,-81,data/NuclearPowerPlantAccidentData/Operation_csv_data/RI/-81.csv,160,97,0.0,1590.0,10.0,10.0,10.0,True,True,0,0,0,0,True,,,train,deterministic_class_stratified_group_interleave,True,True,True
RI_-80,RI,-80,data/NuclearPowerPlantAccidentData/Operation_csv_data/RI/-80.csv,159,97,0.0,1580.0,10.0,10.0,10.0,True,True,0,0,0,0,True,,,test,deterministic_class_stratified_group_interleave,True,True,True
RI_-79,RI,-79,data/NuclearPowerPlantAccidentData/Operation_csv_data/RI/-79.csv,160,97,0.0,1590.0,10.0,10.0,10.0,True,True,0,0,0,0,True,,,validation,deterministic_class_stratified_group_interleave,True,True,True
RI_-78,RI,-78,data/NuclearPowerPlantAccidentData/Operation_csv_data/RI/-78.csv,158,97,0.0,1570.0,10.0,10.0,10.0,True,True,0,0,0,0,True,,,train,deterministic_class_stratified_group_interleave,True,True,True
RI_-77,RI,-77,data/NuclearPowerPlantAccidentData/Operation_csv_data/RI/-77.csv,158,97,0.0,1570.0,10.0,10.0,10.0,True,True,0,0,0,0,True,,,train,deterministic_class_stratified_group_interleave,True,True,True
RI_-76,RI,-76,data/NuclearPowerPlantAccidentData/Operation_csv_data/RI/-76.csv,158,97,0.0,1570.0,10.0,10.0,10.0,True,True,0,0,0,0,True,,,train,deterministic_class_stratified_group_interleave,True,True,True
RI_-75,RI,-75,data/NuclearPowerPlantAccidentData/Operation_csv_data/RI/-75.csv,159,97,0.0,1580.0,10.0,10.0,10.0,True,True,0,0,0,0,True,,,train,deterministic_class_stratified_group_interleave,True,True,True
RI_-74,RI,-74,data/NuclearPowerPlantAccidentData/Operation_csv_data/RI/-74.csv,159,97,0.0,1580.0,10.0,10.0,10.0,True,True,0,0,0,0,True,,,train,deterministic_class_stratified_group_interleave,True,True,True
RI_-73,RI,-73,data/NuclearPowerPlantAccidentData/Operation_csv_data/RI/-73.csv,159,97,0.0,1580.0,10.0,10.0,10.0,True,True,0,0,0,0,True,,,train,deterministic_class_stratified_group_interleave,True,True,True
RI_-72,RI,-72,data/NuclearPowerPlantAccidentData/Operation_csv_data/RI/-72.csv,159,97,0.0,1580.0,10.0,10.0,10.0,True,True,0,0,0,0,True,,,train,deterministic_class_stratified_group_interleave,True,True,True
RI_-71,RI,-71,data/NuclearPowerPlantAccidentData/Operation_csv_data/RI/-71.csv,159,97,0.0,1580.0,10.0,10.0,10.0,True,True,0,0,0,0,True,,,train,deterministic_class_stratified_group_interleave,True,True,True
RI_-70,RI,-70,data/NuclearPowerPlantAccidentData/Operation_csv_data/RI/-70.csv,158,97,0.0,1570.0,10.0,10.0,10.0,True,True,0,0,0,0,True,,,test,deterministic_class_stratified_group_interleave,True,True,True
RI_-69,RI,-69,data/NuclearPowerPlantAccidentData/Operation_csv_data/RI/-69.csv,159,97,0.0,1580.0,10.0,10.0,10.0,True,True,0,0,0,0,True,,,validation,deterministic_class_stratified_group_interleave,True,True,True
RI_-68,RI,-68,data/NuclearPowerPlantAccidentData/Operation_csv_data/RI/-68.csv,159,97,0.0,1580.0,10.0,10.0,10.0,True,True,0,0,0,0,True,,,train,deterministic_class_stratified_group_interleave,True,True,True
RI_-67,RI,-67,data/NuclearPowerPlantAccidentData/Operation_csv_data/RI/-67.csv,159,97,0.0,1580.0,10.0,10.0,10.0,True,True,0,0,0,0,True,,,train,deterministic_class_stratified_group_interleave,True,True,True
RI_-66,RI,-66,data/NuclearPowerPlantAccidentData/Operation_csv_data/RI/-66.csv,159,97,0.0,1580.0,10.0,10.0,10.0,True,True,0,0,0,0,True,,,train,deterministic_class_stratified_group_interleave,True,True,True
RI_-65,RI,-65,data/NuclearPowerPlantAccidentData/Operation_csv_data/RI/-65.csv,159,97,0.0,1580.0,10.0,10.0,10.0,True,True,0,0,0,0,True,,,train,deterministic_class_stratified_group_interleave,True,True,True
RI_-64,RI,-64,data/NuclearPowerPlantAccidentData/Operation_csv_data/RI/-64.csv,159,97,0.0,1580.0,10.0,10.0,10.0,True,True,0,0,0,0,True,,,train,deterministic_class_stratified_group_interleave,True,True,True
RI_-63,RI,-63,data/NuclearPowerPlantAccidentData/Operation_csv_data/RI/-63.csv,159,97,0.0,1580.0,10.0,10.0,10.0,True,True,0,0,0,0,True,,,train,deterministic_class_stratified_group_interleave,True,True,True
RI_-62,RI,-62,data/NuclearPowerPlantAccidentData/Operation_csv_data/RI/-62.csv,159,97,0.0,1580.0,10.0,10.0,10.0,True,True,0,0,0,0,True,,,train,deterministic_class_stratified_group_interleave,True,True,True
RI_-61,RI,-61,data/NuclearPowerPlantAccidentData/Operation_csv_data/RI/-61.csv,159,97,0.0,1580.0,10.0,10.0,10.0,True,True,0,0,0,0,True,,,train,deterministic_class_stratified_group_interleave,True,True,True
RI_-60,RI,-60,data/NuclearPowerPlantAccidentData/Operation_csv_data/RI/-60.csv,159,97,0.0,1580.0,10.0,10.0,10.0,True,True,0,0,0,0,True,,,test,deterministic_class_stratified_group_interleave,True,True,True
RI_-59,RI,-59,data/NuclearPowerPlantAccidentData/Operation_csv_data/RI/-59.csv,159,97,0.0,1580.0,10.0,10.0,10.0,True,True,0,0,0,0,True,,,validation,deterministic_class_stratified_group_interleave,True,True,True
RI_-58,RI,-58,data/NuclearPowerPlantAccidentData/Operation_csv_data/RI/-58.csv,159,97,0.0,1580.0,10.0,10.0,10.0,True,True,0,0,0,0,True,,,train,deterministic_class_stratified_group_interleave,True,True,True
RI_-57,RI,-57,data/NuclearPowerPlantAccidentData/Operation_csv_data/RI/-57.csv,159,97,0.0,1580.0,10.0,10.0,10.0,True,True,0,0,0,0,True,,,train,deterministic_class_stratified_group_interleave,True,True,True
RI_-56,RI,-56,data/NuclearPowerPlantAccidentData/Operation_csv_data/RI/-56.csv,159,97,0.0,1580.0,10.0,10.0,10.0,True,True,0,0,0,0,True,,,train,deterministic_class_stratified_group_interleave,True,True,True
RI_-55,RI,-55,data/NuclearPowerPlantAccidentData/Operation_csv_data/RI/-55.csv,159,97,0.0,1580.0,10.0,10.0,10.0,True,True,0,0,0,0,True,,,train,deterministic_class_stratified_group_interleave,True,True,True
RI_-54,RI,-54,data/NuclearPowerPlantAccidentData/Operation_csv_data/RI/-54.csv,159,97,0.0,1580.0,10.0,10.0,10.0,True,True,0,0,0,0,True,,,train,deterministic_class_stratified_group_interleave,True,True,True
RI_-53,RI,-53,data/NuclearPowerPlantAccidentData/Operation_csv_data/RI/-53.csv,159,97,0.0,1580.0,10.0,10.0,10.0,True,True,0,0,0,0,True,,,train,deterministic_class_stratified_group_interleave,True,True,True
RI_-52,RI,-52,data/NuclearPowerPlantAccidentData/Operation_csv_data/RI/-52.csv,160,97,0.0,1590.0,10.0,10.0,10.0,True,True,0,0,0,0,True,,,train,deterministic_class_stratified_group_interleave,True,True,True
RI_-51,RI,-51,data/NuclearPowerPlantAccidentData/Operation_csv_data/RI/-51.csv,159,97,0.0,1580.0,10.0,10.0,10.0,True,True,0,0,0,0,True,,,train,deterministic_class_stratified_group_interleave,True,True,True
RI_-50,RI,-50,data/NuclearPowerPlantAccidentData/Operation_csv_data/RI/-50.csv,160,97,0.0,1590.0,10.0,10.0,10.0,True,True,0,0,0,0,True,,,test,deterministic_class_stratified_group_interleave,True,True,True
RI_-49,RI,-49,data/NuclearPowerPlantAccidentData/Operation_csv_data/RI/-49.csv,160,97,0.0,1590.0,10.0,10.0,10.0,True,True,0,0,0,0,True,,,validation,deterministic_class_stratified_group_interleave,True,True,True
RI_-48,RI,-48,data/NuclearPowerPlantAccidentData/Operation_csv_data/RI/-48.csv,159,97,0.0,1580.0,10.0,10.0,10.0,True,True,0,0,0,0,True,,,train,deterministic_class_stratified_group_interleave,True,True,True
RI_-47,RI,-47,data/NuclearPowerPlantAccidentData/Operation_csv_data/RI/-47.csv,160,97,0.0,1590.0,10.0,10.0,10.0,True,True,0,0,0,0,True,,,train,deterministic_class_stratified_group_interleave,True,True,True
RI_-46,RI,-46,data/NuclearPowerPlantAccidentData/Operation_csv_data/RI/-46.csv,159,97,0.0,1580.0,10.0,10.0,10.0,True,True,0,0,0,0,True,,,train,deterministic_class_stratified_group_interleave,True,True,True
RI_-45,RI,-45,data/NuclearPowerPlantAccidentData/Operation_csv_data/RI/-45.csv,159,97,0.0,1580.0,10.0,10.0,10.0,True,True,0,0,0,0,True,,,train,deterministic_class_stratified_group_interleave,True,True,True
RI_-44,RI,-44,data/NuclearPowerPlantAccidentData/Operation_csv_data/RI/-44.csv,319,97,0.0,3180.0,10.0,10.0,10.0,True,True,0,0,0,0,True,,,train,deterministic_class_stratified_group_interleave,True,True,True
RI_-43,RI,-43,data/NuclearPowerPlantAccidentData/Operation_csv_data/RI/-43.csv,318,97,0.0,3170.0,10.0,10.0,10.0,True,True,0,0,0,0,True,,,train,deterministic_class_stratified_group_interleave,True,True,True
RI_-42,RI,-42,data/NuclearPowerPlantAccidentData/Operation_csv_data/RI/-42.csv,318,97,0.0,3170.0,10.0,10.0,10.0,True,True,0,0,0,0,True,,,train,deterministic_class_stratified_group_interleave,True,True,True
RI_-41,RI,-41,data/NuclearPowerPlantAccidentData/Operation_csv_data/RI/-41.csv,319,97,0.0,3180.0,10.0,10.0,10.0,True,True,0,0,0,0,True,,,train,deterministic_class_stratified_group_interleave,True,True,True
RI_-40,RI,-40,data/NuclearPowerPlantAccidentData/Operation_csv_data/RI/-40.csv,317,97,0.0,3160.0,10.0,10.0,10.0,True,True,0,0,0,0,True,,,test,deterministic_class_stratified_group_interleave,True,True,True
RI_-39,RI,-39,data/NuclearPowerPlantAccidentData/Operation_csv_data/RI/-39.csv,317,97,0.0,3160.0,10.0,10.0,10.0,True,True,0,0,0,0,True,,,validation,deterministic_class_stratified_group_interleave,True,True,True
RI_-38,RI,-38,data/NuclearPowerPlantAccidentData/Operation_csv_data/RI/-38.csv,317,97,0.0,3160.0,10.0,10.0,10.0,True,True,0,0,0,0,True,,,train,deterministic_class_stratified_group_interleave,True,True,True
RI_-37,RI,-37,data/NuclearPowerPlantAccidentData/Operation_csv_data/RI/-37.csv,316,97,0.0,3150.0,10.0,10.0,10.0,True,True,0,0,0,0,True,,,train,deterministic_class_stratified_group_interleave,True,True,True
RI_-36,RI,-36,data/NuclearPowerPlantAccidentData/Operation_csv_data/RI/-36.csv,317,97,0.0,3160.0,10.0,10.0,10.0,True,True,0,0,0,0,True,,,train,deterministic_class_stratified_group_interleave,True,True,True
RI_-35,RI,-35,data/NuclearPowerPlantAccidentData/Operation_csv_data/RI/-35.csv,317,97,0.0,3160.0,10.0,10.0,10.0,True,True,0,0,0,0,True,,,train,deterministic_class_stratified_group_interleave,True,True,True
RI_-34,RI,-34,data/NuclearPowerPlantAccidentData/Operation_csv_data/RI/-34.csv,316,97,0.0,3150.0,10.0,10.0,10.0,True,True,0,0,0,0,True,,,train,deterministic_class_stratified_group_interleave,True,True,True
RI_-33,RI,-33,data/NuclearPowerPlantAccidentData/Operation_csv_data/RI/-33.csv,317,97,0.0,3160.0,10.0,10.0,10.0,True,True,0,0,0,0,True,,,train,deterministic_class_stratified_group_interleave,True,True,True
RI_-32,RI,-32,data/NuclearPowerPlantAccidentData/Operation_csv_data/RI/-32.csv,317,97,0.0,3160.0,10.0,10.0,10.0,True,True,0,0,0,0,True,,,train,deterministic_class_stratified_group_interleave,True,True,True
RI_-31,RI,-31,data/NuclearPowerPlantAccidentData/Operation_csv_data/RI/-31.csv,317,97,0.0,3160.0,10.0,10.0,10.0,True,True,0,0,0,0,True,,,train,deterministic_class_stratified_group_interleave,True,True,True
RI_-30,RI,-30,data/NuclearPowerPlantAccidentData/Operation_csv_data/RI/-30.csv,316,97,0.0,3150.0,10.0,10.0,10.0,True,True,0,0,0,0,True,,,test,deterministic_class_stratified_group_interleave,True,True,True
RI_-29,RI,-29,data/NuclearPowerPlantAccidentData/Operation_csv_data/RI/-29.csv,316,97,0.0,3150.0,10.0,10.0,10.0,True,True,0,0,0,0,True,,,validation,deterministic_class_stratified_group_interleave,True,True,True
RI_-28,RI,-28,data/NuclearPowerPlantAccidentData/Operation_csv_data/RI/-28.csv,317,97,0.0,3160.0,10.0,10.0,10.0,True,True,0,0,0,0,True,,,train,deterministic_class_stratified_group_interleave,True,True,True
RI_-27,RI,-27,data/NuclearPowerPlantAccidentData/Operation_csv_data/RI/-27.csv,316,97,0.0,3150.0,10.0,10.0,10.0,True,True,0,0,0,0,True,,,train,deterministic_class_stratified_group_interleave,True,True,True
RI_-26,RI,-26,data/NuclearPowerPlantAccidentData/Operation_csv_data/RI/-26.csv,316,97,0.0,3150.0,10.0,10.0,10.0,True,True,0,0,0,0,True,,,train,deterministic_class_stratified_group_interleave,True,True,True
RI_-25,RI,-25,data/NuclearPowerPlantAccidentData/Operation_csv_data/RI/-25.csv,317,97,0.0,3160.0,10.0,10.0,10.0,True,True,0,0,0,0,True,,,train,deterministic_class_stratified_group_interleave,True,True,True
RI_-24,RI,-24,data/NuclearPowerPlantAccidentData/Operation_csv_data/RI/-24.csv,317,97,0.0,3160.0,10.0,10.0,10.0,True,True,0,0,0,0,True,,,train,deterministic_class_stratified_group_interleave,True,True,True
RI_-23,RI,-23,data/NuclearPowerPlantAccidentData/Operation_csv_data/RI/-23.csv,317,97,0.0,3160.0,10.0,10.0,10.0,True,True,0,0,0,0,True,,,train,deterministic_class_stratified_group_interleave,True,True,True
RI_-22,RI,-22,data/NuclearPowerPlantAccidentData/Operation_csv_data/RI/-22.csv,317,97,0.0,3160.0,10.0,10.0,10.0,True,True,0,0,0,0,True,,,train,deterministic_class_stratified_group_interleave,True,True,True
RI_-21,RI,-21,data/NuclearPowerPlantAccidentData/Operation_csv_data/RI/-21.csv,318,97,0.0,3170.0,10.0,10.0,10.0,True,True,0,0,0,0,True,,,train,deterministic_class_stratified_group_interleave,True,True,True
RI_-20,RI,-20,data/NuclearPowerPlantAccidentData/Operation_csv_data/RI/-20.csv,317,97,0.0,3160.0,10.0,10.0,10.0,True,True,0,0,0,0,True,,,test,deterministic_class_stratified_group_interleave,True,True,True
RI_-19,RI,-19,data/NuclearPowerPlantAccidentData/Operation_csv_data/RI/-19.csv,317,97,0.0,3160.0,10.0,10.0,10.0,True,True,0,0,0,0,True,,,validation,deterministic_class_stratified_group_interleave,True,True,True
RI_-18,RI,-18,data/NuclearPowerPlantAccidentData/Operation_csv_data/RI/-18.csv,317,97,0.0,3160.0,10.0,10.0,10.0,True,True,0,0,0,0,True,,,train,deterministic_class_stratified_group_interleave,True,True,True
RI_-17,RI,-17,data/NuclearPowerPlantAccidentData/Operation_csv_data/RI/-17.csv,317,97,0.0,3160.0,10.0,10.0,10.0,True,True,0,0,0,0,True,,,train,deterministic_class_stratified_group_interleave,True,True,True
RI_-16,RI,-16,data/NuclearPowerPlantAccidentData/Operation_csv_data/RI/-16.csv,317,97,0.0,3160.0,10.0,10.0,10.0,True,True,0,0,0,0,True,,,train,deterministic_class_stratified_group_interleave,True,True,True
RI_-15,RI,-15,data/NuclearPowerPlantAccidentData/Operation_csv_data/RI/-15.csv,318,97,0.0,3170.0,10.0,10.0,10.0,True,True,0,0,0,0,True,,,train,deterministic_class_stratified_group_interleave,True,True,True
RI_-14,RI,-14,data/NuclearPowerPlantAccidentData/Operation_csv_data/RI/-14.csv,318,97,0.0,3170.0,10.0,10.0,10.0,True,True,0,0,0,0,True,,,train,deterministic_class_stratified_group_interleave,True,True,True
RI_-13,RI,-13,data/NuclearPowerPlantAccidentData/Operation_csv_data/RI/-13.csv,318,97,0.0,3170.0,10.0,10.0,10.0,True,True,0,0,0,0,True,,,train,deterministic_class_stratified_group_interleave,True,True,True
RI_-12,RI,-12,data/NuclearPowerPlantAccidentData/Operation_csv_data/RI/-12.csv,318,97,0.0,3170.0,10.0,10.0,10.0,True,True,0,0,0,0,True,,,train,deterministic_class_stratified_group_interleave,True,True,True
RI_-11,RI,-11,data/NuclearPowerPlantAccidentData/Operation_csv_data/RI/-11.csv,318,97,0.0,3170.0,10.0,10.0,10.0,True,True,0,0,0,0,True,,,train,deterministic_class_stratified_group_interleave,True,True,True
RI_-10,RI,-10,data/NuclearPowerPlantAccidentData/Operation_csv_data/RI/-10.csv,317,97,0.0,3160.0,10.0,10.0,10.0,True,True,0,0,0,0,True,,,test,deterministic_class_stratified_group_interleave,True,True,True
RI_-9,RI,-9,data/NuclearPowerPlantAccidentData/Operation_csv_data/RI/-9.csv,317,97,0.0,3160.0,10.0,10.0,10.0,True,True,0,0,0,0,True,,,validation,deterministic_class_stratified_group_interleave,True,True,True
RI_-8,RI,-8,data/NuclearPowerPlantAccidentData/Operation_csv_data/RI/-8.csv,318,97,0.0,3170.0,10.0,10.0,10.0,True,True,0,0,0,0,True,,,train,deterministic_class_stratified_group_interleave,True,True,True
RI_-7,RI,-7,data/NuclearPowerPlantAccidentData/Operation_csv_data/RI/-7.csv,318,97,0.0,3170.0,10.0,10.0,10.0,True,True,0,0,0,0,True,,,train,deterministic_class_stratified_group_interleave,True,True,True
RI_-6,RI,-6,data/NuclearPowerPlantAccidentData/Operation_csv_data/RI/-6.csv,318,97,0.0,3170.0,10.0,10.0,10.0,True,True,0,0,0,0,True,,,train,deterministic_class_stratified_group_interleave,True,True,True
RI_-5,RI,-5,data/NuclearPowerPlantAccidentData/Operation_csv_data/RI/-5.csv,310,97,0.0,3090.0,10.0,10.0,10.0,True,True,0,0,0,0,True,,,train,deterministic_class_stratified_group_interleave,True,True,True
RI_-4,RI,-4,data/NuclearPowerPlantAccidentData/Operation_csv_data/RI/-4.csv,319,97,0.0,3180.0,10.0,10.0,10.0,True,True,0,0,0,0,True,,,train,deterministic_class_stratified_group_interleave,True,True,True
RI_-3,RI,-3,data/NuclearPowerPlantAccidentData/Operation_csv_data/RI/-3.csv,318,97,0.0,3170.0,10.0,10.0,10.0,True,True,0,0,0,0,True,,,train,deterministic_class_stratified_group_interleave,True,True,True
RI_-2,RI,-2,data/NuclearPowerPlantAccidentData/Operation_csv_data/RI/-2.csv,319,97,0.0,3180.0,10.0,10.0,10.0,True,True,0,0,0,0,True,,,train,deterministic_class_stratified_group_interleave,True,True,True
RI_-1,RI,-1,data/NuclearPowerPlantAccidentData/Operation_csv_data/RI/-1.csv,318,97,0.0,3170.0,10.0,10.0,10.0,True,True,0,0,0,0,True,,,train,deterministic_class_stratified_group_interleave,True,True,True
RW_1,RW,1,data/NuclearPowerPlantAccidentData/Operation_csv_data/RW/1.csv,550,97,0.0,5490.0,10.0,10.0,10.0,True,True,0,0,0,0,True,,,test,deterministic_class_stratified_group_interleave,True,True,True
RW_2,RW,2,data/NuclearPowerPlantAccidentData/Operation_csv_data/RW/2.csv,555,97,0.0,5540.0,10.0,10.0,10.0,True,True,0,0,0,0,True,,,validation,deterministic_class_stratified_group_interleave,True,True,True
RW_3,RW,3,data/NuclearPowerPlantAccidentData/Operation_csv_data/RW/3.csv,209,97,0.0,2080.0,10.0,10.0,10.0,True,True,0,0,0,0,True,,,train,deterministic_class_stratified_group_interleave,True,True,True
RW_4,RW,4,data/NuclearPowerPlantAccidentData/Operation_csv_data/RW/4.csv,211,97,0.0,2100.0,10.0,10.0,10.0,True,True,0,0,0,0,True,,,train,deterministic_class_stratified_group_interleave,True,True,True
RW_5,RW,5,data/NuclearPowerPlantAccidentData/Operation_csv_data/RW/5.csv,210,97,0.0,2090.0,10.0,10.0,10.0,True,True,0,0,0,0,True,,,train,deterministic_class_stratified_group_interleave,True,True,True
RW_6,RW,6,data/NuclearPowerPlantAccidentData/Operation_csv_data/RW/6.csv,210,97,0.0,2090.0,10.0,10.0,10.0,True,True,0,0,0,0,True,,,train,deterministic_class_stratified_group_interleave,True,True,True
RW_7,RW,7,data/NuclearPowerPlantAccidentData/Operation_csv_data/RW/7.csv,209,97,0.0,2080.0,10.0,10.0,10.0,True,True,0,0,0,0,True,,,train,deterministic_class_stratified_group_interleave,True,True,True
RW_8,RW,8,data/NuclearPowerPlantAccidentData/Operation_csv_data/RW/8.csv,208,97,0.0,2070.0,10.0,10.0,10.0,True,True,0,0,0,0,True,,,train,deterministic_class_stratified_group_interleave,True,True,True
RW_9,RW,9,data/NuclearPowerPlantAccidentData/Operation_csv_data/RW/9.csv,209,97,0.0,2080.0,10.0,10.0,10.0,True,True,0,0,0,0,True,,,train,deterministic_class_stratified_group_interleave,True,True,True
RW_10,RW,10,data/NuclearPowerPlantAccidentData/Operation_csv_data/RW/10.csv,207,97,0.0,2060.0,10.0,10.0,10.0,True,True,0,0,0,0,True,,,train,deterministic_class_stratified_group_interleave,True,True,True
RW_11,RW,11,data/NuclearPowerPlantAccidentData/Operation_csv_data/RW/11.csv,208,97,0.0,2070.0,10.0,10.0,10.0,True,True,0,0,0,0,True,,,test,deterministic_class_stratified_group_interleave,True,True,True
RW_12,RW,12,data/NuclearPowerPlantAccidentData/Operation_csv_data/RW/12.csv,206,97,0.0,2050.0,10.0,10.0,10.0,True,True,0,0,0,0,True,,,validation,deterministic_class_stratified_group_interleave,True,True,True
RW_13,RW,13,data/NuclearPowerPlantAccidentData/Operation_csv_data/RW/13.csv,205,97,0.0,2040.0,10.0,10.0,10.0,True,True,0,0,0,0,True,,,train,deterministic_class_stratified_group_interleave,True,True,True
RW_14,RW,14,data/NuclearPowerPlantAccidentData/Operation_csv_data/RW/14.csv,204,97,0.0,2030.0,10.0,10.0,10.0,True,True,0,0,0,0,True,,,train,deterministic_class_stratified_group_interleave,True,True,True
RW_15,RW,15,data/NuclearPowerPlantAccidentData/Operation_csv_data/RW/15.csv,205,97,0.0,2040.0,10.0,10.0,10.0,True,True,0,0,0,0,True,,,train,deterministic_class_stratified_group_interleave,True,True,True
RW_16,RW,16,data/NuclearPowerPlantAccidentData/Operation_csv_data/RW/16.csv,202,97,0.0,2010.0,10.0,10.0,10.0,True,True,0,0,0,0,True,,,train,deterministic_class_stratified_group_interleave,True,True,True
RW_17,RW,17,data/NuclearPowerPlantAccidentData/Operation_csv_data/RW/17.csv,199,97,0.0,1980.0,10.0,10.0,10.0,True,True,0,0,0,0,True,,,train,deterministic_class_stratified_group_interleave,True,True,True
RW_18,RW,18,data/NuclearPowerPlantAccidentData/Operation_csv_data/RW/18.csv,197,97,0.0,1960.0,10.0,10.0,10.0,True,True,0,0,0,0,True,,,train,deterministic_class_stratified_group_interleave,True,True,True
RW_19,RW,19,data/NuclearPowerPlantAccidentData/Operation_csv_data/RW/19.csv,195,97,0.0,1940.0,10.0,10.0,10.0,True,True,0,0,0,0,True,,,train,deterministic_class_stratified_group_interleave,True,True,True
RW_20,RW,20,data/NuclearPowerPlantAccidentData/Operation_csv_data/RW/20.csv,192,97,0.0,1910.0,10.0,10.0,10.0,True,True,0,0,0,0,True,,,train,deterministic_class_stratified_group_interleave,True,True,True
RW_21,RW,21,data/NuclearPowerPlantAccidentData/Operation_csv_data/RW/21.csv,189,97,0.0,1880.0,10.0,10.0,10.0,True,True,0,0,0,0,True,,,test,deterministic_class_stratified_group_interleave,True,True,True
RW_22,RW,22,data/NuclearPowerPlantAccidentData/Operation_csv_data/RW/22.csv,187,97,0.0,1860.0,10.0,10.0,10.0,True,True,0,0,0,0,True,,,validation,deterministic_class_stratified_group_interleave,True,True,True
RW_23,RW,23,data/NuclearPowerPlantAccidentData/Operation_csv_data/RW/23.csv,183,97,0.0,1820.0,10.0,10.0,10.0,True,True,0,0,0,0,True,,,train,deterministic_class_stratified_group_interleave,True,True,True
RW_24,RW,24,data/NuclearPowerPlantAccidentData/Operation_csv_data/RW/24.csv,181,97,0.0,1800.0,10.0,10.0,10.0,True,True,0,0,0,0,True,,,train,deterministic_class_stratified_group_interleave,True,True,True
RW_25,RW,25,data/NuclearPowerPlantAccidentData/Operation_csv_data/RW/25.csv,177,97,0.0,1760.0,10.0,10.0,10.0,True,True,0,0,0,0,True,,,train,deterministic_class_stratified_group_interleave,True,True,True
RW_26,RW,26,data/NuclearPowerPlantAccidentData/Operation_csv_data/RW/26.csv,176,97,0.0,1750.0,10.0,10.0,10.0,True,True,0,0,0,0,True,,,train,deterministic_class_stratified_group_interleave,True,True,True
RW_27,RW,27,data/NuclearPowerPlantAccidentData/Operation_csv_data/RW/27.csv,174,97,0.0,1730.0,10.0,10.0,10.0,True,True,0,0,0,0,True,,,train,deterministic_class_stratified_group_interleave,True,True,True
RW_28,RW,28,data/NuclearPowerPlantAccidentData/Operation_csv_data/RW/28.csv,172,97,0.0,1710.0,10.0,10.0,10.0,True,True,0,0,0,0,True,,,train,deterministic_class_stratified_group_interleave,True,True,True
RW_29,RW,29,data/NuclearPowerPlantAccidentData/Operation_csv_data/RW/29.csv,171,97,0.0,1700.0,10.0,10.0,10.0,True,True,0,0,0,0,True,,,train,deterministic_class_stratified_group_interleave,True,True,True
RW_30,RW,30,data/NuclearPowerPlantAccidentData/Operation_csv_data/RW/30.csv,171,97,0.0,1700.0,10.0,10.0,10.0,True,True,0,0,0,0,True,,,train,deterministic_class_stratified_group_interleave,True,True,True
RW_31,RW,31,data/NuclearPowerPlantAccidentData/Operation_csv_data/RW/31.csv,169,97,0.0,1680.0,10.0,10.0,10.0,True,True,0,0,0,0,True,,,test,deterministic_class_stratified_group_interleave,True,True,True
RW_32,RW,32,data/NuclearPowerPlantAccidentData/Operation_csv_data/RW/32.csv,168,97,0.0,1670.0,10.0,10.0,10.0,True,True,0,0,0,0,True,,,validation,deterministic_class_stratified_group_interleave,True,True,True
RW_33,RW,33,data/NuclearPowerPlantAccidentData/Operation_csv_data/RW/33.csv,167,97,0.0,1660.0,10.0,10.0,10.0,True,True,0,0,0,0,True,,,train,deterministic_class_stratified_group_interleave,True,True,True
RW_34,RW,34,data/NuclearPowerPlantAccidentData/Operation_csv_data/RW/34.csv,166,97,0.0,1650.0,10.0,10.0,10.0,True,True,0,0,0,0,True,,,train,deterministic_class_stratified_group_interleave,True,True,True
RW_35,RW,35,data/NuclearPowerPlantAccidentData/Operation_csv_data/RW/35.csv,166,97,0.0,1650.0,10.0,10.0,10.0,True,True,0,0,0,0,True,,,train,deterministic_class_stratified_group_interleave,True,True,True
RW_36,RW,36,data/NuclearPowerPlantAccidentData/Operation_csv_data/RW/36.csv,166,97,0.0,1650.0,10.0,10.0,10.0,True,True,0,0,0,0,True,,,train,deterministic_class_stratified_group_interleave,True,True,True
RW_37,RW,37,data/NuclearPowerPlantAccidentData/Operation_csv_data/RW/37.csv,165,97,0.0,1640.0,10.0,10.0,10.0,True,True,0,0,0,0,True,,,train,deterministic_class_stratified_group_interleave,True,True,True
RW_38,RW,38,data/NuclearPowerPlantAccidentData/Operation_csv_data/RW/38.csv,167,97,0.0,1660.0,10.0,10.0,10.0,True,True,0,0,0,0,True,,,train,deterministic_class_stratified_group_interleave,True,True,True
RW_39,RW,39,data/NuclearPowerPlantAccidentData/Operation_csv_data/RW/39.csv,165,97,0.0,1640.0,10.0,10.0,10.0,True,True,0,0,0,0,True,,,train,deterministic_class_stratified_group_interleave,True,True,True
RW_40,RW,40,data/NuclearPowerPlantAccidentData/Operation_csv_data/RW/40.csv,166,97,0.0,1650.0,10.0,10.0,10.0,True,True,0,0,0,0,True,,,train,deterministic_class_stratified_group_interleave,True,True,True
RW_41,RW,41,data/NuclearPowerPlantAccidentData/Operation_csv_data/RW/41.csv,165,97,0.0,1640.0,10.0,10.0,10.0,True,True,0,0,0,0,True,,,test,deterministic_class_stratified_group_interleave,True,True,True
RW_42,RW,42,data/NuclearPowerPlantAccidentData/Operation_csv_data/RW/42.csv,164,97,0.0,1630.0,10.0,10.0,10.0,True,True,0,0,0,0,True,,,validation,deterministic_class_stratified_group_interleave,True,True,True
RW_43,RW,43,data/NuclearPowerPlantAccidentData/Operation_csv_data/RW/43.csv,165,97,0.0,1640.0,10.0,10.0,10.0,True,True,0,0,0,0,True,,,train,deterministic_class_stratified_group_interleave,True,True,True
RW_44,RW,44,data/NuclearPowerPlantAccidentData/Operation_csv_data/RW/44.csv,164,97,0.0,1630.0,10.0,10.0,10.0,True,True,0,0,0,0,True,,,train,deterministic_class_stratified_group_interleave,True,True,True
RW_45,RW,45,data/NuclearPowerPlantAccidentData/Operation_csv_data/RW/45.csv,164,97,0.0,1630.0,10.0,10.0,10.0,True,True,0,0,0,0,True,,,train,deterministic_class_stratified_group_interleave,True,True,True
RW_46,RW,46,data/NuclearPowerPlantAccidentData/Operation_csv_data/RW/46.csv,165,97,0.0,1640.0,10.0,10.0,10.0,True,True,0,0,0,0,True,,,train,deterministic_class_stratified_group_interleave,True,True,True
RW_47,RW,47,data/NuclearPowerPlantAccidentData/Operation_csv_data/RW/47.csv,164,97,0.0,1630.0,10.0,10.0,10.0,True,True,0,0,0,0,True,,,train,deterministic_class_stratified_group_interleave,True,True,True
RW_48,RW,48,data/NuclearPowerPlantAccidentData/Operation_csv_data/RW/48.csv,163,97,0.0,1620.0,10.0,10.0,10.0,True,True,0,0,0,0,True,,,train,deterministic_class_stratified_group_interleave,True,True,True
RW_49,RW,49,data/NuclearPowerPlantAccidentData/Operation_csv_data/RW/49.csv,162,97,0.0,1610.0,10.0,10.0,10.0,True,True,0,0,0,0,True,,,train,deterministic_class_stratified_group_interleave,True,True,True
RW_50,RW,50,data/NuclearPowerPlantAccidentData/Operation_csv_data/RW/50.csv,162,97,0.0,1610.0,10.0,10.0,10.0,True,True,0,0,0,0,True,,,train,deterministic_class_stratified_group_interleave,True,True,True
RW_51,RW,51,data/NuclearPowerPlantAccidentData/Operation_csv_data/RW/51.csv,162,97,0.0,1610.0,10.0,10.0,10.0,True,True,0,0,0,0,True,,,test,deterministic_class_stratified_group_interleave,True,True,True
RW_52,RW,52,data/NuclearPowerPlantAccidentData/Operation_csv_data/RW/52.csv,161,97,0.0,1600.0,10.0,10.0,10.0,True,True,0,0,0,0,True,,,validation,deterministic_class_stratified_group_interleave,True,True,True
RW_53,RW,53,data/NuclearPowerPlantAccidentData/Operation_csv_data/RW/53.csv,189,97,0.0,1880.0,10.0,10.0,10.0,True,True,0,0,0,0,True,,,train,deterministic_class_stratified_group_interleave,True,True,True
RW_54,RW,54,data/NuclearPowerPlantAccidentData/Operation_csv_data/RW/54.csv,190,97,0.0,1890.0,10.0,10.0,10.0,True,True,0,0,0,0,True,,,train,deterministic_class_stratified_group_interleave,True,True,True
RW_55,RW,55,data/NuclearPowerPlantAccidentData/Operation_csv_data/RW/55.csv,186,97,0.0,1850.0,10.0,10.0,10.0,True,True,0,0,0,0,True,,,train,deterministic_class_stratified_group_interleave,True,True,True
RW_56,RW,56,data/NuclearPowerPlantAccidentData/Operation_csv_data/RW/56.csv,186,97,0.0,1850.0,10.0,10.0,10.0,True,True,0,0,0,0,True,,,train,deterministic_class_stratified_group_interleave,True,True,True
RW_57,RW,57,data/NuclearPowerPlantAccidentData/Operation_csv_data/RW/57.csv,186,97,0.0,1850.0,10.0,10.0,10.0,True,True,0,0,0,0,True,,,train,deterministic_class_stratified_group_interleave,True,True,True
RW_58,RW,58,data/NuclearPowerPlantAccidentData/Operation_csv_data/RW/58.csv,186,97,0.0,1850.0,10.0,10.0,10.0,True,True,0,0,0,0,True,,,train,deterministic_class_stratified_group_interleave,True,True,True
RW_59,RW,59,data/NuclearPowerPlantAccidentData/Operation_csv_data/RW/59.csv,185,97,0.0,1840.0,10.0,10.0,10.0,True,True,0,0,0,0,True,,,train,deterministic_class_stratified_group_interleave,True,True,True
RW_60,RW,60,data/NuclearPowerPlantAccidentData/Operation_csv_data/RW/60.csv,184,97,0.0,1830.0,10.0,10.0,10.0,True,True,0,0,0,0,True,,,train,deterministic_class_stratified_group_interleave,True,True,True
RW_61,RW,61,data/NuclearPowerPlantAccidentData/Operation_csv_data/RW/61.csv,184,97,0.0,1830.0,10.0,10.0,10.0,True,True,0,0,0,0,True,,,test,deterministic_class_stratified_group_interleave,True,True,True
RW_62,RW,62,data/NuclearPowerPlantAccidentData/Operation_csv_data/RW/62.csv,182,97,0.0,1810.0,10.0,10.0,10.0,True,True,0,0,0,0,True,,,validation,deterministic_class_stratified_group_interleave,True,True,True
RW_63,RW,63,data/NuclearPowerPlantAccidentData/Operation_csv_data/RW/63.csv,182,97,0.0,1810.0,10.0,10.0,10.0,True,True,0,0,0,0,True,,,train,deterministic_class_stratified_group_interleave,True,True,True
RW_64,RW,64,data/NuclearPowerPlantAccidentData/Operation_csv_data/RW/64.csv,182,97,0.0,1810.0,10.0,10.0,10.0,True,True,0,0,0,0,True,,,train,deterministic_class_stratified_group_interleave,True,True,True
RW_65,RW,65,data/NuclearPowerPlantAccidentData/Operation_csv_data/RW/65.csv,181,97,0.0,1800.0,10.0,10.0,10.0,True,True,0,0,0,0,True,,,train,deterministic_class_stratified_group_interleave,True,True,True
RW_66,RW,66,data/NuclearPowerPlantAccidentData/Operation_csv_data/RW/66.csv,179,97,0.0,1780.0,10.0,10.0,10.0,True,True,0,0,0,0,True,,,train,deterministic_class_stratified_group_interleave,True,True,True
RW_67,RW,67,data/NuclearPowerPlantAccidentData/Operation_csv_data/RW/67.csv,179,97,0.0,1780.0,10.0,10.0,10.0,True,True,0,0,0,0,True,,,train,deterministic_class_stratified_group_interleave,True,True,True
RW_68,RW,68,data/NuclearPowerPlantAccidentData/Operation_csv_data/RW/68.csv,178,97,0.0,1770.0,10.0,10.0,10.0,True,True,0,0,0,0,True,,,train,deterministic_class_stratified_group_interleave,True,True,True
RW_69,RW,69,data/NuclearPowerPlantAccidentData/Operation_csv_data/RW/69.csv,177,97,0.0,1760.0,10.0,10.0,10.0,True,True,0,0,0,0,True,,,train,deterministic_class_stratified_group_interleave,True,True,True
RW_70,RW,70,data/NuclearPowerPlantAccidentData/Operation_csv_data/RW/70.csv,176,97,0.0,1750.0,10.0,10.0,10.0,True,True,0,0,0,0,True,,,train,deterministic_class_stratified_group_interleave,True,True,True
RW_71,RW,71,data/NuclearPowerPlantAccidentData/Operation_csv_data/RW/71.csv,176,97,0.0,1750.0,10.0,10.0,10.0,True,True,0,0,0,0,True,,,test,deterministic_class_stratified_group_interleave,True,True,True
RW_72,RW,72,data/NuclearPowerPlantAccidentData/Operation_csv_data/RW/72.csv,173,97,0.0,1720.0,10.0,10.0,10.0,True,True,0,0,0,0,True,,,validation,deterministic_class_stratified_group_interleave,True,True,True
RW_73,RW,73,data/NuclearPowerPlantAccidentData/Operation_csv_data/RW/73.csv,174,97,0.0,1730.0,10.0,10.0,10.0,True,True,0,0,0,0,True,,,train,deterministic_class_stratified_group_interleave,True,True,True
RW_74,RW,74,data/NuclearPowerPlantAccidentData/Operation_csv_data/RW/74.csv,171,97,0.0,1700.0,10.0,10.0,10.0,True,True,0,0,0,0,True,,,train,deterministic_class_stratified_group_interleave,True,True,True
RW_75,RW,75,data/NuclearPowerPlantAccidentData/Operation_csv_data/RW/75.csv,171,97,0.0,1700.0,10.0,10.0,10.0,True,True,0,0,0,0,True,,,train,deterministic_class_stratified_group_interleave,True,True,True
RW_76,RW,76,data/NuclearPowerPlantAccidentData/Operation_csv_data/RW/76.csv,170,97,0.0,1690.0,10.0,10.0,10.0,True,True,0,0,0,0,True,,,train,deterministic_class_stratified_group_interleave,True,True,True
RW_77,RW,77,data/NuclearPowerPlantAccidentData/Operation_csv_data/RW/77.csv,169,97,0.0,1680.0,10.0,10.0,10.0,True,True,0,0,0,0,True,,,train,deterministic_class_stratified_group_interleave,True,True,True
RW_78,RW,78,data/NuclearPowerPlantAccidentData/Operation_csv_data/RW/78.csv,169,97,0.0,1680.0,10.0,10.0,10.0,True,True,0,0,0,0,True,,,train,deterministic_class_stratified_group_interleave,True,True,True
RW_79,RW,79,data/NuclearPowerPlantAccidentData/Operation_csv_data/RW/79.csv,168,97,0.0,1670.0,10.0,10.0,10.0,True,True,0,0,0,0,True,,,train,deterministic_class_stratified_group_interleave,True,True,True
RW_80,RW,80,data/NuclearPowerPlantAccidentData/Operation_csv_data/RW/80.csv,168,97,0.0,1670.0,10.0,10.0,10.0,True,True,0,0,0,0,True,,,train,deterministic_class_stratified_group_interleave,True,True,True
RW_81,RW,81,data/NuclearPowerPlantAccidentData/Operation_csv_data/RW/81.csv,166,97,0.0,1650.0,10.0,10.0,10.0,True,True,0,0,0,0,True,,,test,deterministic_class_stratified_group_interleave,True,True,True
RW_82,RW,82,data/NuclearPowerPlantAccidentData/Operation_csv_data/RW/82.csv,165,97,0.0,1640.0,10.0,10.0,10.0,True,True,0,0,0,0,True,,,validation,deterministic_class_stratified_group_interleave,True,True,True
RW_83,RW,83,data/NuclearPowerPlantAccidentData/Operation_csv_data/RW/83.csv,164,97,0.0,1630.0,10.0,10.0,10.0,True,True,0,0,0,0,True,,,train,deterministic_class_stratified_group_interleave,True,True,True
RW_84,RW,84,data/NuclearPowerPlantAccidentData/Operation_csv_data/RW/84.csv,164,97,0.0,1630.0,10.0,10.0,10.0,True,True,0,0,0,0,True,,,train,deterministic_class_stratified_group_interleave,True,True,True
RW_85,RW,85,data/NuclearPowerPlantAccidentData/Operation_csv_data/RW/85.csv,161,97,0.0,1600.0,10.0,10.0,10.0,True,True,0,0,0,0,True,,,train,deterministic_class_stratified_group_interleave,True,True,True
RW_86,RW,86,data/NuclearPowerPlantAccidentData/Operation_csv_data/RW/86.csv,160,97,0.0,1590.0,10.0,10.0,10.0,True,True,0,0,0,0,True,,,train,deterministic_class_stratified_group_interleave,True,True,True
RW_87,RW,87,data/NuclearPowerPlantAccidentData/Operation_csv_data/RW/87.csv,159,97,0.0,1580.0,10.0,10.0,10.0,True,True,0,0,0,0,True,,,train,deterministic_class_stratified_group_interleave,True,True,True
RW_88,RW,88,data/NuclearPowerPlantAccidentData/Operation_csv_data/RW/88.csv,160,97,0.0,1590.0,10.0,10.0,10.0,True,True,0,0,0,0,True,,,train,deterministic_class_stratified_group_interleave,True,True,True
RW_89,RW,89,data/NuclearPowerPlantAccidentData/Operation_csv_data/RW/89.csv,159,97,0.0,1580.0,10.0,10.0,10.0,True,True,0,0,0,0,True,,,train,deterministic_class_stratified_group_interleave,True,True,True
RW_90,RW,90,data/NuclearPowerPlantAccidentData/Operation_csv_data/RW/90.csv,159,97,0.0,1580.0,10.0,10.0,10.0,True,True,0,0,0,0,True,,,train,deterministic_class_stratified_group_interleave,True,True,True
RW_91,RW,91,data/NuclearPowerPlantAccidentData/Operation_csv_data/RW/91.csv,158,97,0.0,1570.0,10.0,10.0,10.0,True,True,0,0,0,0,True,,,test,deterministic_class_stratified_group_interleave,True,True,True
RW_92,RW,92,data/NuclearPowerPlantAccidentData/Operation_csv_data/RW/92.csv,158,97,0.0,1570.0,10.0,10.0,10.0,True,True,0,0,0,0,True,,,validation,deterministic_class_stratified_group_interleave,True,True,True
RW_93,RW,93,data/NuclearPowerPlantAccidentData/Operation_csv_data/RW/93.csv,158,97,0.0,1570.0,10.0,10.0,10.0,True,True,0,0,0,0,True,,,train,deterministic_class_stratified_group_interleave,True,True,True
RW_94,RW,94,data/NuclearPowerPlantAccidentData/Operation_csv_data/RW/94.csv,158,97,0.0,1570.0,10.0,10.0,10.0,True,True,0,0,0,0,True,,,train,deterministic_class_stratified_group_interleave,True,True,True
RW_95,RW,95,data/NuclearPowerPlantAccidentData/Operation_csv_data/RW/95.csv,158,97,0.0,1570.0,10.0,10.0,10.0,True,True,0,0,0,0,True,,,train,deterministic_class_stratified_group_interleave,True,True,True
RW_96,RW,96,data/NuclearPowerPlantAccidentData/Operation_csv_data/RW/96.csv,157,97,0.0,1560.0,10.0,10.0,10.0,True,True,0,0,0,0,True,,,train,deterministic_class_stratified_group_interleave,True,True,True
RW_97,RW,97,data/NuclearPowerPlantAccidentData/Operation_csv_data/RW/97.csv,157,97,0.0,1560.0,10.0,10.0,10.0,True,True,0,0,0,0,True,,,train,deterministic_class_stratified_group_interleave,True,True,True
RW_98,RW,98,data/NuclearPowerPlantAccidentData/Operation_csv_data/RW/98.csv,157,97,0.0,1560.0,10.0,10.0,10.0,True,True,0,0,0,0,True,,,train,deterministic_class_stratified_group_interleave,True,True,True
RW_99,RW,99,data/NuclearPowerPlantAccidentData/Operation_csv_data/RW/99.csv,155,97,0.0,1540.0,10.0,10.0,10.0,True,True,0,0,0,0,True,,,train,deterministic_class_stratified_group_interleave,True,True,True
RW_100,RW,100,data/NuclearPowerPlantAccidentData/Operation_csv_data/RW/100.csv,156,97,0.0,1550.0,10.0,10.0,10.0,True,True,0,0,0,0,True,,,train,deterministic_class_stratified_group_interleave,True,True,True
SGATR_1,SGATR,1,data/NuclearPowerPlantAccidentData/Operation_csv_data/SGATR/1.csv,551,97,0.0,5500.0,10.0,10.0,10.0,True,True,0,0,0,0,True,,,test,deterministic_class_stratified_group_interleave,True,True,True
SGATR_2,SGATR,2,data/NuclearPowerPlantAccidentData/Operation_csv_data/SGATR/2.csv,568,97,0.0,5670.0,10.0,10.0,10.0,True,True,0,0,0,0,True,,,validation,deterministic_class_stratified_group_interleave,True,True,True
SGATR_3,SGATR,3,data/NuclearPowerPlantAccidentData/Operation_csv_data/SGATR/3.csv,532,97,0.0,5310.0,10.0,10.0,10.0,True,True,0,0,0,0,True,,,train,deterministic_class_stratified_group_interleave,True,True,True
SGATR_4,SGATR,4,data/NuclearPowerPlantAccidentData/Operation_csv_data/SGATR/4.csv,532,97,0.0,5310.0,10.0,10.0,10.0,True,True,0,0,0,0,True,,,train,deterministic_class_stratified_group_interleave,True,True,True
SGATR_5,SGATR,5,data/NuclearPowerPlantAccidentData/Operation_csv_data/SGATR/5.csv,535,97,0.0,5340.0,10.0,10.0,10.0,True,True,0,0,0,0,True,,,train,deterministic_class_stratified_group_interleave,True,True,True
SGATR_6,SGATR,6,data/NuclearPowerPlantAccidentData/Operation_csv_data/SGATR/6.csv,520,97,0.0,5190.0,10.0,10.0,10.0,True,True,0,0,0,0,True,,,train,deterministic_class_stratified_group_interleave,True,True,True
SGATR_7,SGATR,7,data/NuclearPowerPlantAccidentData/Operation_csv_data/SGATR/7.csv,527,97,0.0,5260.0,10.0,10.0,10.0,True,True,0,0,0,0,True,,,train,deterministic_class_stratified_group_interleave,True,True,True
SGATR_8,SGATR,8,data/NuclearPowerPlantAccidentData/Operation_csv_data/SGATR/8.csv,532,97,0.0,5310.0,10.0,10.0,10.0,True,True,0,0,0,0,True,,,train,deterministic_class_stratified_group_interleave,True,True,True
SGATR_9,SGATR,9,data/NuclearPowerPlantAccidentData/Operation_csv_data/SGATR/9.csv,521,97,0.0,5200.0,10.0,10.0,10.0,True,True,0,0,0,0,True,,,train,deterministic_class_stratified_group_interleave,True,True,True
SGATR_10,SGATR,10,data/NuclearPowerPlantAccidentData/Operation_csv_data/SGATR/10.csv,534,97,0.0,5330.0,10.0,10.0,10.0,True,True,0,0,0,0,True,,,train,deterministic_class_stratified_group_interleave,True,True,True
SGATR_11,SGATR,11,data/NuclearPowerPlantAccidentData/Operation_csv_data/SGATR/11.csv,523,97,0.0,5220.0,10.0,10.0,10.0,True,True,0,0,0,0,True,,,test,deterministic_class_stratified_group_interleave,True,True,True
SGATR_12,SGATR,12,data/NuclearPowerPlantAccidentData/Operation_csv_data/SGATR/12.csv,528,97,0.0,5270.0,10.0,10.0,10.0,True,True,0,0,0,0,True,,,validation,deterministic_class_stratified_group_interleave,True,True,True
SGATR_13,SGATR,13,data/NuclearPowerPlantAccidentData/Operation_csv_data/SGATR/13.csv,526,97,0.0,5250.0,10.0,10.0,10.0,True,True,0,0,0,0,True,,,train,deterministic_class_stratified_group_interleave,True,True,True
SGATR_14,SGATR,14,data/NuclearPowerPlantAccidentData/Operation_csv_data/SGATR/14.csv,518,97,0.0,5170.0,10.0,10.0,10.0,True,True,0,0,0,0,True,,,train,deterministic_class_stratified_group_interleave,True,True,True
SGATR_15,SGATR,15,data/NuclearPowerPlantAccidentData/Operation_csv_data/SGATR/15.csv,523,97,0.0,5220.0,10.0,10.0,10.0,True,True,0,0,0,0,True,,,train,deterministic_class_stratified_group_interleave,True,True,True
SGATR_16,SGATR,16,data/NuclearPowerPlantAccidentData/Operation_csv_data/SGATR/16.csv,521,97,0.0,5200.0,10.0,10.0,10.0,True,True,0,0,0,0,True,,,train,deterministic_class_stratified_group_interleave,True,True,True
SGATR_17,SGATR,17,data/NuclearPowerPlantAccidentData/Operation_csv_data/SGATR/17.csv,509,97,0.0,5080.0,10.0,10.0,10.0,True,True,0,0,0,0,True,,,train,deterministic_class_stratified_group_interleave,True,True,True
SGATR_18,SGATR,18,data/NuclearPowerPlantAccidentData/Operation_csv_data/SGATR/18.csv,507,97,0.0,5060.0,10.0,10.0,10.0,True,True,0,0,0,0,True,,,train,deterministic_class_stratified_group_interleave,True,True,True
SGATR_19,SGATR,19,data/NuclearPowerPlantAccidentData/Operation_csv_data/SGATR/19.csv,496,97,0.0,4950.0,10.0,10.0,10.0,True,True,0,0,0,0,True,,,train,deterministic_class_stratified_group_interleave,True,True,True
SGATR_20,SGATR,20,data/NuclearPowerPlantAccidentData/Operation_csv_data/SGATR/20.csv,494,97,0.0,4930.0,10.0,10.0,10.0,True,True,0,0,0,0,True,,,train,deterministic_class_stratified_group_interleave,True,True,True
SGATR_21,SGATR,21,data/NuclearPowerPlantAccidentData/Operation_csv_data/SGATR/21.csv,489,97,0.0,4880.0,10.0,10.0,10.0,True,True,0,0,0,0,True,,,test,deterministic_class_stratified_group_interleave,True,True,True
SGATR_22,SGATR,22,data/NuclearPowerPlantAccidentData/Operation_csv_data/SGATR/22.csv,478,97,0.0,4770.0,10.0,10.0,10.0,True,True,0,0,0,0,True,,,validation,deterministic_class_stratified_group_interleave,True,True,True
SGATR_23,SGATR,23,data/NuclearPowerPlantAccidentData/Operation_csv_data/SGATR/23.csv,467,97,0.0,4660.0,10.0,10.0,10.0,True,True,0,0,0,0,True,,,train,deterministic_class_stratified_group_interleave,True,True,True
SGATR_24,SGATR,24,data/NuclearPowerPlantAccidentData/Operation_csv_data/SGATR/24.csv,463,97,0.0,4620.0,10.0,10.0,10.0,True,True,0,0,0,0,True,,,train,deterministic_class_stratified_group_interleave,True,True,True
SGATR_25,SGATR,25,data/NuclearPowerPlantAccidentData/Operation_csv_data/SGATR/25.csv,456,97,0.0,4550.0,10.0,10.0,10.0,True,True,0,0,0,0,True,,,train,deterministic_class_stratified_group_interleave,True,True,True
SGATR_26,SGATR,26,data/NuclearPowerPlantAccidentData/Operation_csv_data/SGATR/26.csv,445,97,0.0,4440.0,10.0,10.0,10.0,True,True,0,0,0,0,True,,,train,deterministic_class_stratified_group_interleave,True,True,True
SGATR_27,SGATR,27,data/NuclearPowerPlantAccidentData/Operation_csv_data/SGATR/27.csv,444,97,0.0,4430.0,10.0,10.0,10.0,True,True,0,0,0,0,True,,,train,deterministic_class_stratified_group_interleave,True,True,True
SGATR_28,SGATR,28,data/NuclearPowerPlantAccidentData/Operation_csv_data/SGATR/28.csv,438,97,0.0,4370.0,10.0,10.0,10.0,True,True,0,0,0,0,True,,,train,deterministic_class_stratified_group_interleave,True,True,True
SGATR_29,SGATR,29,data/NuclearPowerPlantAccidentData/Operation_csv_data/SGATR/29.csv,434,97,0.0,4330.0,10.0,10.0,10.0,True,True,0,0,0,0,True,,,train,deterministic_class_stratified_group_interleave,True,True,True
SGATR_30,SGATR,30,data/NuclearPowerPlantAccidentData/Operation_csv_data/SGATR/30.csv,437,97,0.0,4360.0,10.0,10.0,10.0,True,True,0,0,0,0,True,,,train,deterministic_class_stratified_group_interleave,True,True,True
SGATR_31,SGATR,31,data/NuclearPowerPlantAccidentData/Operation_csv_data/SGATR/31.csv,433,97,0.0,4320.0,10.0,10.0,10.0,True,True,0,0,0,0,True,,,test,deterministic_class_stratified_group_interleave,True,True,True
SGATR_32,SGATR,32,data/NuclearPowerPlantAccidentData/Operation_csv_data/SGATR/32.csv,432,97,0.0,4310.0,10.0,10.0,10.0,True,True,0,0,0,0,True,,,validation,deterministic_class_stratified_group_interleave,True,True,True
SGATR_33,SGATR,33,data/NuclearPowerPlantAccidentData/Operation_csv_data/SGATR/33.csv,434,97,0.0,4330.0,10.0,10.0,10.0,True,True,0,0,0,0,True,,,train,deterministic_class_stratified_group_interleave,True,True,True
SGATR_34,SGATR,34,data/NuclearPowerPlantAccidentData/Operation_csv_data/SGATR/34.csv,430,97,0.0,4290.0,10.0,10.0,10.0,True,True,0,0,0,0,True,,,train,deterministic_class_stratified_group_interleave,True,True,True
SGATR_35,SGATR,35,data/NuclearPowerPlantAccidentData/Operation_csv_data/SGATR/35.csv,430,97,0.0,4290.0,10.0,10.0,10.0,True,True,0,0,0,0,True,,,train,deterministic_class_stratified_group_interleave,True,True,True
SGATR_36,SGATR,36,data/NuclearPowerPlantAccidentData/Operation_csv_data/SGATR/36.csv,432,97,0.0,4310.0,10.0,10.0,10.0,True,True,0,0,0,0,True,,,train,deterministic_class_stratified_group_interleave,True,True,True
SGATR_37,SGATR,37,data/NuclearPowerPlantAccidentData/Operation_csv_data/SGATR/37.csv,431,97,0.0,4300.0,10.0,10.0,10.0,True,True,0,0,0,0,True,,,train,deterministic_class_stratified_group_interleave,True,True,True
SGATR_38,SGATR,38,data/NuclearPowerPlantAccidentData/Operation_csv_data/SGATR/38.csv,429,97,0.0,4280.0,10.0,10.0,10.0,True,True,0,0,0,0,True,,,train,deterministic_class_stratified_group_interleave,True,True,True
SGATR_39,SGATR,39,data/NuclearPowerPlantAccidentData/Operation_csv_data/SGATR/39.csv,430,97,0.0,4290.0,10.0,10.0,10.0,True,True,0,0,0,0,True,,,train,deterministic_class_stratified_group_interleave,True,True,True
SGATR_40,SGATR,40,data/NuclearPowerPlantAccidentData/Operation_csv_data/SGATR/40.csv,433,97,0.0,4320.0,10.0,10.0,10.0,True,True,0,0,0,0,True,,,train,deterministic_class_stratified_group_interleave,True,True,True
SGATR_41,SGATR,41,data/NuclearPowerPlantAccidentData/Operation_csv_data/SGATR/41.csv,430,97,0.0,4290.0,10.0,10.0,10.0,True,True,0,0,0,0,True,,,test,deterministic_class_stratified_group_interleave,True,True,True
SGATR_42,SGATR,42,data/NuclearPowerPlantAccidentData/Operation_csv_data/SGATR/42.csv,429,97,0.0,4280.0,10.0,10.0,10.0,True,True,0,0,0,0,True,,,validation,deterministic_class_stratified_group_interleave,True,True,True
SGATR_43,SGATR,43,data/NuclearPowerPlantAccidentData/Operation_csv_data/SGATR/43.csv,494,97,0.0,4930.0,10.0,10.0,10.0,True,True,0,0,0,0,True,,,train,deterministic_class_stratified_group_interleave,True,True,True
SGATR_44,SGATR,44,data/NuclearPowerPlantAccidentData/Operation_csv_data/SGATR/44.csv,505,97,0.0,5040.0,10.0,10.0,10.0,True,True,0,0,0,0,True,,,train,deterministic_class_stratified_group_interleave,True,True,True
SGATR_45,SGATR,45,data/NuclearPowerPlantAccidentData/Operation_csv_data/SGATR/45.csv,503,97,0.0,5020.0,10.0,10.0,10.0,True,True,0,0,0,0,True,,,train,deterministic_class_stratified_group_interleave,True,True,True
SGATR_46,SGATR,46,data/NuclearPowerPlantAccidentData/Operation_csv_data/SGATR/46.csv,498,97,0.0,4970.0,10.0,10.0,10.0,True,True,0,0,0,0,True,,,train,deterministic_class_stratified_group_interleave,True,True,True
SGATR_47,SGATR,47,data/NuclearPowerPlantAccidentData/Operation_csv_data/SGATR/47.csv,495,97,0.0,4940.0,10.0,10.0,10.0,True,True,0,0,0,0,True,,,train,deterministic_class_stratified_group_interleave,True,True,True
SGATR_48,SGATR,48,data/NuclearPowerPlantAccidentData/Operation_csv_data/SGATR/48.csv,497,97,0.0,4960.0,10.0,10.0,10.0,True,True,0,0,0,0,True,,,train,deterministic_class_stratified_group_interleave,True,True,True
SGATR_49,SGATR,49,data/NuclearPowerPlantAccidentData/Operation_csv_data/SGATR/49.csv,493,97,0.0,4920.0,10.0,10.0,10.0,True,True,0,0,0,0,True,,,train,deterministic_class_stratified_group_interleave,True,True,True
SGATR_50,SGATR,50,data/NuclearPowerPlantAccidentData/Operation_csv_data/SGATR/50.csv,496,97,0.0,4950.0,10.0,10.0,10.0,True,True,0,0,0,0,True,,,train,deterministic_class_stratified_group_interleave,True,True,True
SGATR_51,SGATR,51,data/NuclearPowerPlantAccidentData/Operation_csv_data/SGATR/51.csv,494,97,0.0,4930.0,10.0,10.0,10.0,True,True,0,0,0,0,True,,,test,deterministic_class_stratified_group_interleave,True,True,True
SGATR_52,SGATR,52,data/NuclearPowerPlantAccidentData/Operation_csv_data/SGATR/52.csv,489,97,0.0,4880.0,10.0,10.0,10.0,True,True,0,0,0,0,True,,,validation,deterministic_class_stratified_group_interleave,True,True,True
SGATR_53,SGATR,53,data/NuclearPowerPlantAccidentData/Operation_csv_data/SGATR/53.csv,489,97,0.0,4880.0,10.0,10.0,10.0,True,True,0,0,0,0,True,,,train,deterministic_class_stratified_group_interleave,True,True,True
SGATR_54,SGATR,54,data/NuclearPowerPlantAccidentData/Operation_csv_data/SGATR/54.csv,487,97,0.0,4860.0,10.0,10.0,10.0,True,True,0,0,0,0,True,,,train,deterministic_class_stratified_group_interleave,True,True,True
SGATR_55,SGATR,55,data/NuclearPowerPlantAccidentData/Operation_csv_data/SGATR/55.csv,487,97,0.0,4860.0,10.0,10.0,10.0,True,True,0,0,0,0,True,,,train,deterministic_class_stratified_group_interleave,True,True,True
SGATR_56,SGATR,56,data/NuclearPowerPlantAccidentData/Operation_csv_data/SGATR/56.csv,482,97,0.0,4810.0,10.0,10.0,10.0,True,True,0,0,0,0,True,,,train,deterministic_class_stratified_group_interleave,True,True,True
SGATR_57,SGATR,57,data/NuclearPowerPlantAccidentData/Operation_csv_data/SGATR/57.csv,474,97,0.0,4730.0,10.0,10.0,10.0,True,True,0,0,0,0,True,,,train,deterministic_class_stratified_group_interleave,True,True,True
SGATR_58,SGATR,58,data/NuclearPowerPlantAccidentData/Operation_csv_data/SGATR/58.csv,471,97,0.0,4700.0,10.0,10.0,10.0,True,True,0,0,0,0,True,,,train,deterministic_class_stratified_group_interleave,True,True,True
SGATR_59,SGATR,59,data/NuclearPowerPlantAccidentData/Operation_csv_data/SGATR/59.csv,459,97,0.0,4580.0,10.0,10.0,10.0,True,True,0,0,0,0,True,,,train,deterministic_class_stratified_group_interleave,True,True,True
SGATR_60,SGATR,60,data/NuclearPowerPlantAccidentData/Operation_csv_data/SGATR/60.csv,457,97,0.0,4560.0,10.0,10.0,10.0,True,True,0,0,0,0,True,,,train,deterministic_class_stratified_group_interleave,True,True,True
SGATR_61,SGATR,61,data/NuclearPowerPlantAccidentData/Operation_csv_data/SGATR/61.csv,453,97,0.0,4520.0,10.0,10.0,10.0,True,True,0,0,0,0,True,,,test,deterministic_class_stratified_group_interleave,True,True,True
SGATR_62,SGATR,62,data/NuclearPowerPlantAccidentData/Operation_csv_data/SGATR/62.csv,451,97,0.0,4500.0,10.0,10.0,10.0,True,True,0,0,0,0,True,,,validation,deterministic_class_stratified_group_interleave,True,True,True
SGATR_63,SGATR,63,data/NuclearPowerPlantAccidentData/Operation_csv_data/SGATR/63.csv,449,97,0.0,4480.0,10.0,10.0,10.0,True,True,0,0,0,0,True,,,train,deterministic_class_stratified_group_interleave,True,True,True
SGATR_64,SGATR,64,data/NuclearPowerPlantAccidentData/Operation_csv_data/SGATR/64.csv,447,97,0.0,4460.0,10.0,10.0,10.0,True,True,0,0,0,0,True,,,train,deterministic_class_stratified_group_interleave,True,True,True
SGATR_65,SGATR,65,data/NuclearPowerPlantAccidentData/Operation_csv_data/SGATR/65.csv,442,97,0.0,4410.0,10.0,10.0,10.0,True,True,0,0,0,0,True,,,train,deterministic_class_stratified_group_interleave,True,True,True
SGATR_66,SGATR,66,data/NuclearPowerPlantAccidentData/Operation_csv_data/SGATR/66.csv,440,97,0.0,4390.0,10.0,10.0,10.0,True,True,0,0,0,0,True,,,train,deterministic_class_stratified_group_interleave,True,True,True
SGATR_67,SGATR,67,data/NuclearPowerPlantAccidentData/Operation_csv_data/SGATR/67.csv,440,97,0.0,4390.0,10.0,10.0,10.0,True,True,0,0,0,0,True,,,train,deterministic_class_stratified_group_interleave,True,True,True
SGATR_68,SGATR,68,data/NuclearPowerPlantAccidentData/Operation_csv_data/SGATR/68.csv,438,97,0.0,4370.0,10.0,10.0,10.0,True,True,0,0,0,0,True,,,train,deterministic_class_stratified_group_interleave,True,True,True
SGATR_69,SGATR,69,data/NuclearPowerPlantAccidentData/Operation_csv_data/SGATR/69.csv,434,97,0.0,4330.0,10.0,10.0,10.0,True,True,0,0,0,0,True,,,train,deterministic_class_stratified_group_interleave,True,True,True
SGATR_70,SGATR,70,data/NuclearPowerPlantAccidentData/Operation_csv_data/SGATR/70.csv,430,97,0.0,4290.0,10.0,10.0,10.0,True,True,0,0,0,0,True,,,train,deterministic_class_stratified_group_interleave,True,True,True
SGATR_71,SGATR,71,data/NuclearPowerPlantAccidentData/Operation_csv_data/SGATR/71.csv,431,97,0.0,4300.0,10.0,10.0,10.0,True,True,0,0,0,0,True,,,test,deterministic_class_stratified_group_interleave,True,True,True
SGATR_72,SGATR,72,data/NuclearPowerPlantAccidentData/Operation_csv_data/SGATR/72.csv,429,97,0.0,4280.0,10.0,10.0,10.0,True,True,0,0,0,0,True,,,validation,deterministic_class_stratified_group_interleave,True,True,True
SGATR_73,SGATR,73,data/NuclearPowerPlantAccidentData/Operation_csv_data/SGATR/73.csv,426,97,0.0,4250.0,10.0,10.0,10.0,True,True,0,0,0,0,True,,,train,deterministic_class_stratified_group_interleave,True,True,True
SGATR_74,SGATR,74,data/NuclearPowerPlantAccidentData/Operation_csv_data/SGATR/74.csv,426,97,0.0,4250.0,10.0,10.0,10.0,True,True,0,0,0,0,True,,,train,deterministic_class_stratified_group_interleave,True,True,True
SGATR_75,SGATR,75,data/NuclearPowerPlantAccidentData/Operation_csv_data/SGATR/75.csv,423,97,0.0,4220.0,10.0,10.0,10.0,True,True,0,0,0,0,True,,,train,deterministic_class_stratified_group_interleave,True,True,True
SGATR_76,SGATR,76,data/NuclearPowerPlantAccidentData/Operation_csv_data/SGATR/76.csv,422,97,0.0,4210.0,10.0,10.0,10.0,True,True,0,0,0,0,True,,,train,deterministic_class_stratified_group_interleave,True,True,True
SGATR_77,SGATR,77,data/NuclearPowerPlantAccidentData/Operation_csv_data/SGATR/77.csv,422,97,0.0,4210.0,10.0,10.0,10.0,True,True,0,0,0,0,True,,,train,deterministic_class_stratified_group_interleave,True,True,True
SGATR_78,SGATR,78,data/NuclearPowerPlantAccidentData/Operation_csv_data/SGATR/78.csv,420,97,0.0,4190.0,10.0,10.0,10.0,True,True,0,0,0,0,True,,,train,deterministic_class_stratified_group_interleave,True,True,True
SGATR_79,SGATR,79,data/NuclearPowerPlantAccidentData/Operation_csv_data/SGATR/79.csv,420,97,0.0,4190.0,10.0,10.0,10.0,True,True,0,0,0,0,True,,,train,deterministic_class_stratified_group_interleave,True,True,True
SGATR_80,SGATR,80,data/NuclearPowerPlantAccidentData/Operation_csv_data/SGATR/80.csv,419,97,0.0,4180.0,10.0,10.0,10.0,True,True,0,0,0,0,True,,,train,deterministic_class_stratified_group_interleave,True,True,True
SGATR_81,SGATR,81,data/NuclearPowerPlantAccidentData/Operation_csv_data/SGATR/81.csv,419,97,0.0,4180.0,10.0,10.0,10.0,True,True,0,0,0,0,True,,,test,deterministic_class_stratified_group_interleave,True,True,True
SGATR_82,SGATR,82,data/NuclearPowerPlantAccidentData/Operation_csv_data/SGATR/82.csv,418,97,0.0,4170.0,10.0,10.0,10.0,True,True,0,0,0,0,True,,,validation,deterministic_class_stratified_group_interleave,True,True,True
SGATR_83,SGATR,83,data/NuclearPowerPlantAccidentData/Operation_csv_data/SGATR/83.csv,418,97,0.0,4170.0,10.0,10.0,10.0,True,True,0,0,0,0,True,,,train,deterministic_class_stratified_group_interleave,True,True,True
SGATR_84,SGATR,84,data/NuclearPowerPlantAccidentData/Operation_csv_data/SGATR/84.csv,419,97,0.0,4180.0,10.0,10.0,10.0,True,True,0,0,0,0,True,,,train,deterministic_class_stratified_group_interleave,True,True,True
SGATR_85,SGATR,85,data/NuclearPowerPlantAccidentData/Operation_csv_data/SGATR/85.csv,416,97,0.0,4150.0,10.0,10.0,10.0,True,True,0,0,0,0,True,,,train,deterministic_class_stratified_group_interleave,True,True,True
SGATR_86,SGATR,86,data/NuclearPowerPlantAccidentData/Operation_csv_data/SGATR/86.csv,416,97,0.0,4150.0,10.0,10.0,10.0,True,True,0,0,0,0,True,,,train,deterministic_class_stratified_group_interleave,True,True,True
SGATR_87,SGATR,87,data/NuclearPowerPlantAccidentData/Operation_csv_data/SGATR/87.csv,414,97,0.0,4130.0,10.0,10.0,10.0,True,True,0,0,0,0,True,,,train,deterministic_class_stratified_group_interleave,True,True,True
SGATR_88,SGATR,88,data/NuclearPowerPlantAccidentData/Operation_csv_data/SGATR/88.csv,414,97,0.0,4130.0,10.0,10.0,10.0,True,True,0,0,0,0,True,,,train,deterministic_class_stratified_group_interleave,True,True,True
SGATR_89,SGATR,89,data/NuclearPowerPlantAccidentData/Operation_csv_data/SGATR/89.csv,411,97,0.0,4100.0,10.0,10.0,10.0,True,True,0,0,0,0,True,,,train,deterministic_class_stratified_group_interleave,True,True,True
SGATR_90,SGATR,90,data/NuclearPowerPlantAccidentData/Operation_csv_data/SGATR/90.csv,412,97,0.0,4110.0,10.0,10.0,10.0,True,True,0,0,0,0,True,,,train,deterministic_class_stratified_group_interleave,True,True,True
SGATR_91,SGATR,91,data/NuclearPowerPlantAccidentData/Operation_csv_data/SGATR/91.csv,410,97,0.0,4090.0,10.0,10.0,10.0,True,True,0,0,0,0,True,,,test,deterministic_class_stratified_group_interleave,True,True,True
SGATR_92,SGATR,92,data/NuclearPowerPlantAccidentData/Operation_csv_data/SGATR/92.csv,409,97,0.0,4080.0,10.0,10.0,10.0,True,True,0,0,0,0,True,,,validation,deterministic_class_stratified_group_interleave,True,True,True
SGATR_93,SGATR,93,data/NuclearPowerPlantAccidentData/Operation_csv_data/SGATR/93.csv,409,97,0.0,4080.0,10.0,10.0,10.0,True,True,0,0,0,0,True,,,train,deterministic_class_stratified_group_interleave,True,True,True
SGATR_94,SGATR,94,data/NuclearPowerPlantAccidentData/Operation_csv_data/SGATR/94.csv,406,97,0.0,4050.0,10.0,10.0,10.0,True,True,0,0,0,0,True,,,train,deterministic_class_stratified_group_interleave,True,True,True
SGATR_95,SGATR,95,data/NuclearPowerPlantAccidentData/Operation_csv_data/SGATR/95.csv,406,97,0.0,4050.0,10.0,10.0,10.0,True,True,0,0,0,0,True,,,train,deterministic_class_stratified_group_interleave,True,True,True
SGATR_96,SGATR,96,data/NuclearPowerPlantAccidentData/Operation_csv_data/SGATR/96.csv,404,97,0.0,4030.0,10.0,10.0,10.0,True,True,0,0,0,0,True,,,train,deterministic_class_stratified_group_interleave,True,True,True
SGATR_97,SGATR,97,data/NuclearPowerPlantAccidentData/Operation_csv_data/SGATR/97.csv,402,97,0.0,4010.0,10.0,10.0,10.0,True,True,0,0,0,0,True,,,train,deterministic_class_stratified_group_interleave,True,True,True
SGATR_98,SGATR,98,data/NuclearPowerPlantAccidentData/Operation_csv_data/SGATR/98.csv,402,97,0.0,4010.0,10.0,10.0,10.0,True,True,0,0,0,0,True,,,train,deterministic_class_stratified_group_interleave,True,True,True
SGATR_99,SGATR,99,data/NuclearPowerPlantAccidentData/Operation_csv_data/SGATR/99.csv,402,97,0.0,4010.0,10.0,10.0,10.0,True,True,0,0,0,0,True,,,train,deterministic_class_stratified_group_interleave,True,True,True
SGATR_100,SGATR,100,data/NuclearPowerPlantAccidentData/Operation_csv_data/SGATR/100.csv,400,97,0.0,3990.0,10.0,10.0,10.0,True,True,0,0,0,0,True,,,train,deterministic_class_stratified_group_interleave,True,True,True
SGBTR_1,SGBTR,1,data/NuclearPowerPlantAccidentData/Operation_csv_data/SGBTR/1.csv,497,97,0.0,4960.0,10.0,10.0,10.0,True,True,0,0,0,0,True,,,test,deterministic_class_stratified_group_interleave,True,True,True
SGBTR_2,SGBTR,2,data/NuclearPowerPlantAccidentData/Operation_csv_data/SGBTR/2.csv,511,97,0.0,5100.0,10.0,10.0,10.0,True,True,0,0,0,0,True,,,validation,deterministic_class_stratified_group_interleave,True,True,True
SGBTR_3,SGBTR,3,data/NuclearPowerPlantAccidentData/Operation_csv_data/SGBTR/3.csv,506,97,0.0,5050.0,10.0,10.0,10.0,True,True,0,0,0,0,True,,,train,deterministic_class_stratified_group_interleave,True,True,True
SGBTR_4,SGBTR,4,data/NuclearPowerPlantAccidentData/Operation_csv_data/SGBTR/4.csv,505,97,0.0,5040.0,10.0,10.0,10.0,True,True,0,0,0,0,True,,,train,deterministic_class_stratified_group_interleave,True,True,True
SGBTR_5,SGBTR,5,data/NuclearPowerPlantAccidentData/Operation_csv_data/SGBTR/5.csv,507,97,0.0,5060.0,10.0,10.0,10.0,True,True,0,0,0,0,True,,,train,deterministic_class_stratified_group_interleave,True,True,True
SGBTR_6,SGBTR,6,data/NuclearPowerPlantAccidentData/Operation_csv_data/SGBTR/6.csv,505,97,0.0,5040.0,10.0,10.0,10.0,True,True,0,0,0,0,True,,,train,deterministic_class_stratified_group_interleave,True,True,True
SGBTR_7,SGBTR,7,data/NuclearPowerPlantAccidentData/Operation_csv_data/SGBTR/7.csv,504,97,0.0,5030.0,10.0,10.0,10.0,True,True,0,0,0,0,True,,,train,deterministic_class_stratified_group_interleave,True,True,True
SGBTR_8,SGBTR,8,data/NuclearPowerPlantAccidentData/Operation_csv_data/SGBTR/8.csv,504,97,0.0,5030.0,10.0,10.0,10.0,True,True,0,0,0,0,True,,,train,deterministic_class_stratified_group_interleave,True,True,True
SGBTR_9,SGBTR,9,data/NuclearPowerPlantAccidentData/Operation_csv_data/SGBTR/9.csv,499,97,0.0,4980.0,10.0,10.0,10.0,True,True,0,0,0,0,True,,,train,deterministic_class_stratified_group_interleave,True,True,True
SGBTR_10,SGBTR,10,data/NuclearPowerPlantAccidentData/Operation_csv_data/SGBTR/10.csv,494,97,0.0,4930.0,10.0,10.0,10.0,True,True,0,0,0,0,True,,,train,deterministic_class_stratified_group_interleave,True,True,True
SGBTR_11,SGBTR,11,data/NuclearPowerPlantAccidentData/Operation_csv_data/SGBTR/11.csv,495,97,0.0,4940.0,10.0,10.0,10.0,True,True,0,0,0,0,True,,,test,deterministic_class_stratified_group_interleave,True,True,True
SGBTR_12,SGBTR,12,data/NuclearPowerPlantAccidentData/Operation_csv_data/SGBTR/12.csv,495,97,0.0,4940.0,10.0,10.0,10.0,True,True,0,0,0,0,True,,,validation,deterministic_class_stratified_group_interleave,True,True,True
SGBTR_13,SGBTR,13,data/NuclearPowerPlantAccidentData/Operation_csv_data/SGBTR/13.csv,490,97,0.0,4890.0,10.0,10.0,10.0,True,True,0,0,0,0,True,,,train,deterministic_class_stratified_group_interleave,True,True,True
SGBTR_14,SGBTR,14,data/NuclearPowerPlantAccidentData/Operation_csv_data/SGBTR/14.csv,486,97,0.0,4850.0,10.0,10.0,10.0,True,True,0,0,0,0,True,,,train,deterministic_class_stratified_group_interleave,True,True,True
SGBTR_15,SGBTR,15,data/NuclearPowerPlantAccidentData/Operation_csv_data/SGBTR/15.csv,483,97,0.0,4820.0,10.0,10.0,10.0,True,True,0,0,0,0,True,,,train,deterministic_class_stratified_group_interleave,True,True,True
SGBTR_16,SGBTR,16,data/NuclearPowerPlantAccidentData/Operation_csv_data/SGBTR/16.csv,460,97,0.0,4590.0,10.0,10.0,10.0,True,True,0,0,0,0,True,,,train,deterministic_class_stratified_group_interleave,True,True,True
SGBTR_17,SGBTR,17,data/NuclearPowerPlantAccidentData/Operation_csv_data/SGBTR/17.csv,458,97,0.0,4570.0,10.0,10.0,10.0,True,True,0,0,0,0,True,,,train,deterministic_class_stratified_group_interleave,True,True,True
SGBTR_18,SGBTR,18,data/NuclearPowerPlantAccidentData/Operation_csv_data/SGBTR/18.csv,455,97,0.0,4540.0,10.0,10.0,10.0,True,True,0,0,0,0,True,,,train,deterministic_class_stratified_group_interleave,True,True,True
SGBTR_19,SGBTR,19,data/NuclearPowerPlantAccidentData/Operation_csv_data/SGBTR/19.csv,453,97,0.0,4520.0,10.0,10.0,10.0,True,True,0,0,0,0,True,,,train,deterministic_class_stratified_group_interleave,True,True,True
SGBTR_20,SGBTR,20,data/NuclearPowerPlantAccidentData/Operation_csv_data/SGBTR/20.csv,450,97,0.0,4490.0,10.0,10.0,10.0,True,True,0,0,0,0,True,,,train,deterministic_class_stratified_group_interleave,True,True,True
SGBTR_21,SGBTR,21,data/NuclearPowerPlantAccidentData/Operation_csv_data/SGBTR/21.csv,449,97,0.0,4480.0,10.0,10.0,10.0,True,True,0,0,0,0,True,,,test,deterministic_class_stratified_group_interleave,True,True,True
SGBTR_22,SGBTR,22,data/NuclearPowerPlantAccidentData/Operation_csv_data/SGBTR/22.csv,447,97,0.0,4460.0,10.0,10.0,10.0,True,True,0,0,0,0,True,,,validation,deterministic_class_stratified_group_interleave,True,True,True
SGBTR_23,SGBTR,23,data/NuclearPowerPlantAccidentData/Operation_csv_data/SGBTR/23.csv,442,97,0.0,4410.0,10.0,10.0,10.0,True,True,0,0,0,0,True,,,train,deterministic_class_stratified_group_interleave,True,True,True
SGBTR_24,SGBTR,24,data/NuclearPowerPlantAccidentData/Operation_csv_data/SGBTR/24.csv,437,97,0.0,4360.0,10.0,10.0,10.0,True,True,0,0,0,0,True,,,train,deterministic_class_stratified_group_interleave,True,True,True
SGBTR_25,SGBTR,25,data/NuclearPowerPlantAccidentData/Operation_csv_data/SGBTR/25.csv,434,97,0.0,4330.0,10.0,10.0,10.0,True,True,0,0,0,0,True,,,train,deterministic_class_stratified_group_interleave,True,True,True
SGBTR_26,SGBTR,26,data/NuclearPowerPlantAccidentData/Operation_csv_data/SGBTR/26.csv,432,97,0.0,4310.0,10.0,10.0,10.0,True,True,0,0,0,0,True,,,train,deterministic_class_stratified_group_interleave,True,True,True
SGBTR_27,SGBTR,27,data/NuclearPowerPlantAccidentData/Operation_csv_data/SGBTR/27.csv,430,97,0.0,4290.0,10.0,10.0,10.0,True,True,0,0,0,0,True,,,train,deterministic_class_stratified_group_interleave,True,True,True
SGBTR_28,SGBTR,28,data/NuclearPowerPlantAccidentData/Operation_csv_data/SGBTR/28.csv,429,97,0.0,4280.0,10.0,10.0,10.0,True,True,0,0,0,0,True,,,train,deterministic_class_stratified_group_interleave,True,True,True
SGBTR_29,SGBTR,29,data/NuclearPowerPlantAccidentData/Operation_csv_data/SGBTR/29.csv,428,97,0.0,4270.0,10.0,10.0,10.0,True,True,0,0,0,0,True,,,train,deterministic_class_stratified_group_interleave,True,True,True
SGBTR_30,SGBTR,30,data/NuclearPowerPlantAccidentData/Operation_csv_data/SGBTR/30.csv,427,97,0.0,4260.0,10.0,10.0,10.0,True,True,0,0,0,0,True,,,train,deterministic_class_stratified_group_interleave,True,True,True
SGBTR_31,SGBTR,31,data/NuclearPowerPlantAccidentData/Operation_csv_data/SGBTR/31.csv,426,97,0.0,4250.0,10.0,10.0,10.0,True,True,0,0,0,0,True,,,test,deterministic_class_stratified_group_interleave,True,True,True
SGBTR_32,SGBTR,32,data/NuclearPowerPlantAccidentData/Operation_csv_data/SGBTR/32.csv,425,97,0.0,4240.0,10.0,10.0,10.0,True,True,0,0,0,0,True,,,validation,deterministic_class_stratified_group_interleave,True,True,True
SGBTR_33,SGBTR,33,data/NuclearPowerPlantAccidentData/Operation_csv_data/SGBTR/33.csv,423,97,0.0,4220.0,10.0,10.0,10.0,True,True,0,0,0,0,True,,,train,deterministic_class_stratified_group_interleave,True,True,True
SGBTR_34,SGBTR,34,data/NuclearPowerPlantAccidentData/Operation_csv_data/SGBTR/34.csv,424,97,0.0,4230.0,10.0,10.0,10.0,True,True,0,0,0,0,True,,,train,deterministic_class_stratified_group_interleave,True,True,True
SGBTR_35,SGBTR,35,data/NuclearPowerPlantAccidentData/Operation_csv_data/SGBTR/35.csv,422,97,0.0,4210.0,10.0,10.0,10.0,True,True,0,0,0,0,True,,,train,deterministic_class_stratified_group_interleave,True,True,True
SGBTR_36,SGBTR,36,data/NuclearPowerPlantAccidentData/Operation_csv_data/SGBTR/36.csv,422,97,0.0,4210.0,10.0,10.0,10.0,True,True,0,0,0,0,True,,,train,deterministic_class_stratified_group_interleave,True,True,True
SGBTR_37,SGBTR,37,data/NuclearPowerPlantAccidentData/Operation_csv_data/SGBTR/37.csv,423,97,0.0,4220.0,10.0,10.0,10.0,True,True,0,0,0,0,True,,,train,deterministic_class_stratified_group_interleave,True,True,True
SGBTR_38,SGBTR,38,data/NuclearPowerPlantAccidentData/Operation_csv_data/SGBTR/38.csv,422,97,0.0,4210.0,10.0,10.0,10.0,True,True,0,0,0,0,True,,,train,deterministic_class_stratified_group_interleave,True,True,True
SGBTR_39,SGBTR,39,data/NuclearPowerPlantAccidentData/Operation_csv_data/SGBTR/39.csv,422,97,0.0,4210.0,10.0,10.0,10.0,True,True,0,0,0,0,True,,,train,deterministic_class_stratified_group_interleave,True,True,True
SGBTR_40,SGBTR,40,data/NuclearPowerPlantAccidentData/Operation_csv_data/SGBTR/40.csv,420,97,0.0,4190.0,10.0,10.0,10.0,True,True,0,0,0,0,True,,,train,deterministic_class_stratified_group_interleave,True,True,True
SGBTR_41,SGBTR,41,data/NuclearPowerPlantAccidentData/Operation_csv_data/SGBTR/41.csv,421,97,0.0,4200.0,10.0,10.0,10.0,True,True,0,0,0,0,True,,,test,deterministic_class_stratified_group_interleave,True,True,True
SGBTR_42,SGBTR,42,data/NuclearPowerPlantAccidentData/Operation_csv_data/SGBTR/42.csv,421,97,0.0,4200.0,10.0,10.0,10.0,True,True,0,0,0,0,True,,,validation,deterministic_class_stratified_group_interleave,True,True,True
SGBTR_43,SGBTR,43,data/NuclearPowerPlantAccidentData/Operation_csv_data/SGBTR/43.csv,421,97,0.0,4200.0,10.0,10.0,10.0,True,True,0,0,0,0,True,,,train,deterministic_class_stratified_group_interleave,True,True,True
SGBTR_44,SGBTR,44,data/NuclearPowerPlantAccidentData/Operation_csv_data/SGBTR/44.csv,420,97,0.0,4190.0,10.0,10.0,10.0,True,True,0,0,0,0,True,,,train,deterministic_class_stratified_group_interleave,True,True,True
SGBTR_45,SGBTR,45,data/NuclearPowerPlantAccidentData/Operation_csv_data/SGBTR/45.csv,420,97,0.0,4190.0,10.0,10.0,10.0,True,True,0,0,0,0,True,,,train,deterministic_class_stratified_group_interleave,True,True,True
SGBTR_46,SGBTR,46,data/NuclearPowerPlantAccidentData/Operation_csv_data/SGBTR/46.csv,420,97,0.0,4190.0,10.0,10.0,10.0,True,True,0,0,0,0,True,,,train,deterministic_class_stratified_group_interleave,True,True,True
SGBTR_47,SGBTR,47,data/NuclearPowerPlantAccidentData/Operation_csv_data/SGBTR/47.csv,419,97,0.0,4180.0,10.0,10.0,10.0,True,True,0,0,0,0,True,,,train,deterministic_class_stratified_group_interleave,True,True,True
SGBTR_48,SGBTR,48,data/NuclearPowerPlantAccidentData/Operation_csv_data/SGBTR/48.csv,420,97,0.0,4190.0,10.0,10.0,10.0,True,True,0,0,0,0,True,,,train,deterministic_class_stratified_group_interleave,True,True,True
SGBTR_49,SGBTR,49,data/NuclearPowerPlantAccidentData/Operation_csv_data/SGBTR/49.csv,415,97,0.0,4140.0,10.0,10.0,10.0,True,True,0,0,0,0,True,,,train,deterministic_class_stratified_group_interleave,True,True,True
SGBTR_50,SGBTR,50,data/NuclearPowerPlantAccidentData/Operation_csv_data/SGBTR/50.csv,421,97,0.0,4200.0,10.0,10.0,10.0,True,True,0,0,0,0,True,,,train,deterministic_class_stratified_group_interleave,True,True,True
SGBTR_51,SGBTR,51,data/NuclearPowerPlantAccidentData/Operation_csv_data/SGBTR/51.csv,556,97,0.0,5550.0,10.0,10.0,10.0,True,True,0,0,0,0,True,,,test,deterministic_class_stratified_group_interleave,True,True,True
SGBTR_52,SGBTR,52,data/NuclearPowerPlantAccidentData/Operation_csv_data/SGBTR/52.csv,555,97,0.0,5540.0,10.0,10.0,10.0,True,True,0,0,0,0,True,,,validation,deterministic_class_stratified_group_interleave,True,True,True
SGBTR_53,SGBTR,53,data/NuclearPowerPlantAccidentData/Operation_csv_data/SGBTR/53.csv,555,97,0.0,5540.0,10.0,10.0,10.0,True,True,0,0,0,0,True,,,train,deterministic_class_stratified_group_interleave,True,True,True
SGBTR_54,SGBTR,54,data/NuclearPowerPlantAccidentData/Operation_csv_data/SGBTR/54.csv,557,97,0.0,5560.0,10.0,10.0,10.0,True,True,0,0,0,0,True,,,train,deterministic_class_stratified_group_interleave,True,True,True
SGBTR_55,SGBTR,55,data/NuclearPowerPlantAccidentData/Operation_csv_data/SGBTR/55.csv,554,97,0.0,5530.0,10.0,10.0,10.0,True,True,0,0,0,0,True,,,train,deterministic_class_stratified_group_interleave,True,True,True
SGBTR_56,SGBTR,56,data/NuclearPowerPlantAccidentData/Operation_csv_data/SGBTR/56.csv,553,97,0.0,5520.0,10.0,10.0,10.0,True,True,0,0,0,0,True,,,train,deterministic_class_stratified_group_interleave,True,True,True
SGBTR_57,SGBTR,57,data/NuclearPowerPlantAccidentData/Operation_csv_data/SGBTR/57.csv,553,97,0.0,5520.0,10.0,10.0,10.0,True,True,0,0,0,0,True,,,train,deterministic_class_stratified_group_interleave,True,True,True
SGBTR_58,SGBTR,58,data/NuclearPowerPlantAccidentData/Operation_csv_data/SGBTR/58.csv,554,97,0.0,5530.0,10.0,10.0,10.0,True,True,0,0,0,0,True,,,train,deterministic_class_stratified_group_interleave,True,True,True
SGBTR_59,SGBTR,59,data/NuclearPowerPlantAccidentData/Operation_csv_data/SGBTR/59.csv,550,97,0.0,5490.0,10.0,10.0,10.0,True,True,0,0,0,0,True,,,train,deterministic_class_stratified_group_interleave,True,True,True
SGBTR_60,SGBTR,60,data/NuclearPowerPlantAccidentData/Operation_csv_data/SGBTR/60.csv,549,97,0.0,5480.0,10.0,10.0,10.0,True,True,0,0,0,0,True,,,train,deterministic_class_stratified_group_interleave,True,True,True
SGBTR_61,SGBTR,61,data/NuclearPowerPlantAccidentData/Operation_csv_data/SGBTR/61.csv,551,97,0.0,5500.0,10.0,10.0,10.0,True,True,0,0,0,0,True,,,test,deterministic_class_stratified_group_interleave,True,True,True
SGBTR_62,SGBTR,62,data/NuclearPowerPlantAccidentData/Operation_csv_data/SGBTR/62.csv,550,97,0.0,5490.0,10.0,10.0,10.0,True,True,0,0,0,0,True,,,validation,deterministic_class_stratified_group_interleave,True,True,True
SGBTR_63,SGBTR,63,data/NuclearPowerPlantAccidentData/Operation_csv_data/SGBTR/63.csv,547,97,0.0,5460.0,10.0,10.0,10.0,True,True,0,0,0,0,True,,,train,deterministic_class_stratified_group_interleave,True,True,True
SGBTR_64,SGBTR,64,data/NuclearPowerPlantAccidentData/Operation_csv_data/SGBTR/64.csv,548,97,0.0,5470.0,10.0,10.0,10.0,True,True,0,0,0,0,True,,,train,deterministic_class_stratified_group_interleave,True,True,True
SGBTR_65,SGBTR,65,data/NuclearPowerPlantAccidentData/Operation_csv_data/SGBTR/65.csv,547,97,0.0,5460.0,10.0,10.0,10.0,True,True,0,0,0,0,True,,,train,deterministic_class_stratified_group_interleave,True,True,True
SGBTR_66,SGBTR,66,data/NuclearPowerPlantAccidentData/Operation_csv_data/SGBTR/66.csv,542,97,0.0,5410.0,10.0,10.0,10.0,True,True,0,0,0,0,True,,,train,deterministic_class_stratified_group_interleave,True,True,True
SGBTR_67,SGBTR,67,data/NuclearPowerPlantAccidentData/Operation_csv_data/SGBTR/67.csv,543,97,0.0,5420.0,10.0,10.0,10.0,True,True,0,0,0,0,True,,,train,deterministic_class_stratified_group_interleave,True,True,True
SGBTR_68,SGBTR,68,data/NuclearPowerPlantAccidentData/Operation_csv_data/SGBTR/68.csv,540,97,0.0,5390.0,10.0,10.0,10.0,True,True,0,0,0,0,True,,,train,deterministic_class_stratified_group_interleave,True,True,True
SGBTR_69,SGBTR,69,data/NuclearPowerPlantAccidentData/Operation_csv_data/SGBTR/69.csv,532,97,0.0,5310.0,10.0,10.0,10.0,True,True,0,0,0,0,True,,,train,deterministic_class_stratified_group_interleave,True,True,True
SGBTR_70,SGBTR,70,data/NuclearPowerPlantAccidentData/Operation_csv_data/SGBTR/70.csv,518,97,0.0,5170.0,10.0,10.0,10.0,True,True,0,0,0,0,True,,,train,deterministic_class_stratified_group_interleave,True,True,True
SGBTR_71,SGBTR,71,data/NuclearPowerPlantAccidentData/Operation_csv_data/SGBTR/71.csv,512,97,0.0,5110.0,10.0,10.0,10.0,True,True,0,0,0,0,True,,,test,deterministic_class_stratified_group_interleave,True,True,True
SGBTR_72,SGBTR,72,data/NuclearPowerPlantAccidentData/Operation_csv_data/SGBTR/72.csv,509,97,0.0,5080.0,10.0,10.0,10.0,True,True,0,0,0,0,True,,,validation,deterministic_class_stratified_group_interleave,True,True,True
SGBTR_73,SGBTR,73,data/NuclearPowerPlantAccidentData/Operation_csv_data/SGBTR/73.csv,502,97,0.0,5010.0,10.0,10.0,10.0,True,True,0,0,0,0,True,,,train,deterministic_class_stratified_group_interleave,True,True,True
SGBTR_74,SGBTR,74,data/NuclearPowerPlantAccidentData/Operation_csv_data/SGBTR/74.csv,487,97,0.0,4860.0,10.0,10.0,10.0,True,True,0,0,0,0,True,,,train,deterministic_class_stratified_group_interleave,True,True,True
SGBTR_75,SGBTR,75,data/NuclearPowerPlantAccidentData/Operation_csv_data/SGBTR/75.csv,475,97,0.0,4740.0,10.0,10.0,10.0,True,True,0,0,0,0,True,,,train,deterministic_class_stratified_group_interleave,True,True,True
SGBTR_76,SGBTR,76,data/NuclearPowerPlantAccidentData/Operation_csv_data/SGBTR/76.csv,469,97,0.0,4680.0,10.0,10.0,10.0,True,True,0,0,0,0,True,,,train,deterministic_class_stratified_group_interleave,True,True,True
SGBTR_77,SGBTR,77,data/NuclearPowerPlantAccidentData/Operation_csv_data/SGBTR/77.csv,463,97,0.0,4620.0,10.0,10.0,10.0,True,True,0,0,0,0,True,,,train,deterministic_class_stratified_group_interleave,True,True,True
SGBTR_78,SGBTR,78,data/NuclearPowerPlantAccidentData/Operation_csv_data/SGBTR/78.csv,456,97,0.0,4550.0,10.0,10.0,10.0,True,True,0,0,0,0,True,,,train,deterministic_class_stratified_group_interleave,True,True,True
SGBTR_79,SGBTR,79,data/NuclearPowerPlantAccidentData/Operation_csv_data/SGBTR/79.csv,457,97,0.0,4560.0,10.0,10.0,10.0,True,True,0,0,0,0,True,,,train,deterministic_class_stratified_group_interleave,True,True,True
SGBTR_80,SGBTR,80,data/NuclearPowerPlantAccidentData/Operation_csv_data/SGBTR/80.csv,456,97,0.0,4550.0,10.0,10.0,10.0,True,True,0,0,0,0,True,,,train,deterministic_class_stratified_group_interleave,True,True,True
SGBTR_81,SGBTR,81,data/NuclearPowerPlantAccidentData/Operation_csv_data/SGBTR/81.csv,445,97,0.0,4440.0,10.0,10.0,10.0,True,True,0,0,0,0,True,,,test,deterministic_class_stratified_group_interleave,True,True,True
SGBTR_82,SGBTR,82,data/NuclearPowerPlantAccidentData/Operation_csv_data/SGBTR/82.csv,444,97,0.0,4430.0,10.0,10.0,10.0,True,True,0,0,0,0,True,,,validation,deterministic_class_stratified_group_interleave,True,True,True
SGBTR_83,SGBTR,83,data/NuclearPowerPlantAccidentData/Operation_csv_data/SGBTR/83.csv,443,97,0.0,4420.0,10.0,10.0,10.0,True,True,0,0,0,0,True,,,train,deterministic_class_stratified_group_interleave,True,True,True
SGBTR_84,SGBTR,84,data/NuclearPowerPlantAccidentData/Operation_csv_data/SGBTR/84.csv,451,97,0.0,4500.0,10.0,10.0,10.0,True,True,0,0,0,0,True,,,train,deterministic_class_stratified_group_interleave,True,True,True
SGBTR_85,SGBTR,85,data/NuclearPowerPlantAccidentData/Operation_csv_data/SGBTR/85.csv,437,97,0.0,4360.0,10.0,10.0,10.0,True,True,0,0,0,0,True,,,train,deterministic_class_stratified_group_interleave,True,True,True
SGBTR_86,SGBTR,86,data/NuclearPowerPlantAccidentData/Operation_csv_data/SGBTR/86.csv,438,97,0.0,4370.0,10.0,10.0,10.0,True,True,0,0,0,0,True,,,train,deterministic_class_stratified_group_interleave,True,True,True
SGBTR_87,SGBTR,87,data/NuclearPowerPlantAccidentData/Operation_csv_data/SGBTR/87.csv,437,97,0.0,4360.0,10.0,10.0,10.0,True,True,0,0,0,0,True,,,train,deterministic_class_stratified_group_interleave,True,True,True
SGBTR_88,SGBTR,88,data/NuclearPowerPlantAccidentData/Operation_csv_data/SGBTR/88.csv,443,97,0.0,4420.0,10.0,10.0,10.0,True,True,0,0,0,0,True,,,train,deterministic_class_stratified_group_interleave,True,True,True
SGBTR_89,SGBTR,89,data/NuclearPowerPlantAccidentData/Operation_csv_data/SGBTR/89.csv,436,97,0.0,4350.0,10.0,10.0,10.0,True,True,0,0,0,0,True,,,train,deterministic_class_stratified_group_interleave,True,True,True
SGBTR_90,SGBTR,90,data/NuclearPowerPlantAccidentData/Operation_csv_data/SGBTR/90.csv,438,97,0.0,4370.0,10.0,10.0,10.0,True,True,0,0,0,0,True,,,train,deterministic_class_stratified_group_interleave,True,True,True
SGBTR_91,SGBTR,91,data/NuclearPowerPlantAccidentData/Operation_csv_data/SGBTR/91.csv,438,97,0.0,4370.0,10.0,10.0,10.0,True,True,0,0,0,0,True,,,test,deterministic_class_stratified_group_interleave,True,True,True
SGBTR_92,SGBTR,92,data/NuclearPowerPlantAccidentData/Operation_csv_data/SGBTR/92.csv,435,97,0.0,4340.0,10.0,10.0,10.0,True,True,0,0,0,0,True,,,validation,deterministic_class_stratified_group_interleave,True,True,True
SGBTR_93,SGBTR,93,data/NuclearPowerPlantAccidentData/Operation_csv_data/SGBTR/93.csv,435,97,0.0,4340.0,10.0,10.0,10.0,True,True,0,0,0,0,True,,,train,deterministic_class_stratified_group_interleave,True,True,True
SGBTR_94,SGBTR,94,data/NuclearPowerPlantAccidentData/Operation_csv_data/SGBTR/94.csv,435,97,0.0,4340.0,10.0,10.0,10.0,True,True,0,0,0,0,True,,,train,deterministic_class_stratified_group_interleave,True,True,True
SGBTR_95,SGBTR,95,data/NuclearPowerPlantAccidentData/Operation_csv_data/SGBTR/95.csv,435,97,0.0,4340.0,10.0,10.0,10.0,True,True,0,0,0,0,True,,,train,deterministic_class_stratified_group_interleave,True,True,True
SGBTR_96,SGBTR,96,data/NuclearPowerPlantAccidentData/Operation_csv_data/SGBTR/96.csv,433,97,0.0,4320.0,10.0,10.0,10.0,True,True,0,0,0,0,True,,,train,deterministic_class_stratified_group_interleave,True,True,True
SGBTR_97,SGBTR,97,data/NuclearPowerPlantAccidentData/Operation_csv_data/SGBTR/97.csv,432,97,0.0,4310.0,10.0,10.0,10.0,True,True,0,0,0,0,True,,,train,deterministic_class_stratified_group_interleave,True,True,True
SGBTR_98,SGBTR,98,data/NuclearPowerPlantAccidentData/Operation_csv_data/SGBTR/98.csv,431,97,0.0,4300.0,10.0,10.0,10.0,True,True,0,0,0,0,True,,,train,deterministic_class_stratified_group_interleave,True,True,True
SGBTR_99,SGBTR,99,data/NuclearPowerPlantAccidentData/Operation_csv_data/SGBTR/99.csv,430,97,0.0,4290.0,10.0,10.0,10.0,True,True,0,0,0,0,True,,,train,deterministic_class_stratified_group_interleave,True,True,True
SGBTR_100,SGBTR,100,data/NuclearPowerPlantAccidentData/Operation_csv_data/SGBTR/100.csv,430,97,0.0,4290.0,10.0,10.0,10.0,True,True,0,0,0,0,True,,,train,deterministic_class_stratified_group_interleave,True,True,True
SGBTR_101,SGBTR,101,data/NuclearPowerPlantAccidentData/Operation_csv_data/SGBTR/101.csv,428,97,0.0,4270.0,10.0,10.0,10.0,True,True,0,0,0,0,True,,,test,deterministic_class_stratified_group_interleave,True,True,True
SGBTR_102,SGBTR,102,data/NuclearPowerPlantAccidentData/Operation_csv_data/SGBTR/102.csv,427,97,0.0,4260.0,10.0,10.0,10.0,True,True,0,0,0,0,True,,,validation,deterministic_class_stratified_group_interleave,True,True,True
SGBTR_103,SGBTR,103,data/NuclearPowerPlantAccidentData/Operation_csv_data/SGBTR/103.csv,427,97,0.0,4260.0,10.0,10.0,10.0,True,True,0,0,0,0,True,,,train,deterministic_class_stratified_group_interleave,True,True,True
SGBTR_104,SGBTR,104,data/NuclearPowerPlantAccidentData/Operation_csv_data/SGBTR/104.csv,426,97,0.0,4250.0,10.0,10.0,10.0,True,True,0,0,0,0,True,,,train,deterministic_class_stratified_group_interleave,True,True,True
SGBTR_105,SGBTR,105,data/NuclearPowerPlantAccidentData/Operation_csv_data/SGBTR/105.csv,425,97,0.0,4240.0,10.0,10.0,10.0,True,True,0,0,0,0,True,,,train,deterministic_class_stratified_group_interleave,True,True,True
SGBTR_106,SGBTR,106,data/NuclearPowerPlantAccidentData/Operation_csv_data/SGBTR/106.csv,422,97,0.0,4210.0,10.0,10.0,10.0,True,True,0,0,0,0,True,,,train,deterministic_class_stratified_group_interleave,True,True,True
SGBTR_107,SGBTR,107,data/NuclearPowerPlantAccidentData/Operation_csv_data/SGBTR/107.csv,421,97,0.0,4200.0,10.0,10.0,10.0,True,True,0,0,0,0,True,,,train,deterministic_class_stratified_group_interleave,True,True,True
SGBTR_108,SGBTR,108,data/NuclearPowerPlantAccidentData/Operation_csv_data/SGBTR/108.csv,421,97,0.0,4200.0,10.0,10.0,10.0,True,True,0,0,0,0,True,,,train,deterministic_class_stratified_group_interleave,True,True,True
SGBTR_109,SGBTR,109,data/NuclearPowerPlantAccidentData/Operation_csv_data/SGBTR/109.csv,422,97,0.0,4210.0,10.0,10.0,10.0,True,True,0,0,0,0,True,,,train,deterministic_class_stratified_group_interleave,True,True,True
SGBTR_110,SGBTR,110,data/NuclearPowerPlantAccidentData/Operation_csv_data/SGBTR/110.csv,422,97,0.0,4210.0,10.0,10.0,10.0,True,True,0,0,0,0,True,,,train,deterministic_class_stratified_group_interleave,True,True,True
SLBIC_1,SLBIC,1,data/NuclearPowerPlantAccidentData/Operation_csv_data/SLBIC/1.csv,551,100,0.0,5500.0,10.0,10.0,10.0,True,True,0,0,0,0,False,WPCS;WPFW;WPMU,,test,deterministic_class_stratified_group_interleave,True,True,True
SLBIC_2,SLBIC,2,data/NuclearPowerPlantAccidentData/Operation_csv_data/SLBIC/2.csv,548,100,0.0,5470.0,10.0,10.0,10.0,True,True,0,0,0,0,False,WPCS;WPFW;WPMU,,validation,deterministic_class_stratified_group_interleave,True,True,True
SLBIC_3,SLBIC,3,data/NuclearPowerPlantAccidentData/Operation_csv_data/SLBIC/3.csv,550,100,0.0,5490.0,10.0,10.0,10.0,True,True,0,0,0,0,False,WPCS;WPFW;WPMU,,train,deterministic_class_stratified_group_interleave,True,True,True
SLBIC_4,SLBIC,4,data/NuclearPowerPlantAccidentData/Operation_csv_data/SLBIC/4.csv,549,100,0.0,5480.0,10.0,10.0,10.0,True,True,0,0,0,0,False,WPCS;WPFW;WPMU,,train,deterministic_class_stratified_group_interleave,True,True,True
SLBIC_5,SLBIC,5,data/NuclearPowerPlantAccidentData/Operation_csv_data/SLBIC/5.csv,544,100,0.0,5430.0,10.0,10.0,10.0,True,True,0,0,0,0,False,WPCS;WPFW;WPMU,,train,deterministic_class_stratified_group_interleave,True,True,True
SLBIC_6,SLBIC,6,data/NuclearPowerPlantAccidentData/Operation_csv_data/SLBIC/6.csv,543,100,0.0,5420.0,10.0,10.0,10.0,True,True,0,0,0,0,False,WPCS;WPFW;WPMU,,train,deterministic_class_stratified_group_interleave,True,True,True
SLBIC_7,SLBIC,7,data/NuclearPowerPlantAccidentData/Operation_csv_data/SLBIC/7.csv,544,100,0.0,5430.0,10.0,10.0,10.0,True,True,0,0,0,0,False,WPCS;WPFW;WPMU,,train,deterministic_class_stratified_group_interleave,True,True,True
SLBIC_8,SLBIC,8,data/NuclearPowerPlantAccidentData/Operation_csv_data/SLBIC/8.csv,547,100,0.0,5460.0,10.0,10.0,10.0,True,True,0,0,0,0,False,WPCS;WPFW;WPMU,,train,deterministic_class_stratified_group_interleave,True,True,True
SLBIC_9,SLBIC,9,data/NuclearPowerPlantAccidentData/Operation_csv_data/SLBIC/9.csv,545,100,0.0,5440.0,10.0,10.0,10.0,True,True,0,0,0,0,False,WPCS;WPFW;WPMU,,train,deterministic_class_stratified_group_interleave,True,True,True
SLBIC_10,SLBIC,10,data/NuclearPowerPlantAccidentData/Operation_csv_data/SLBIC/10.csv,544,100,0.0,5430.0,10.0,10.0,10.0,True,True,0,0,0,0,False,WPCS;WPFW;WPMU,,train,deterministic_class_stratified_group_interleave,True,True,True
SLBIC_11,SLBIC,11,data/NuclearPowerPlantAccidentData/Operation_csv_data/SLBIC/11.csv,544,100,0.0,5430.0,10.0,10.0,10.0,True,True,0,0,0,0,False,WPCS;WPFW;WPMU,,test,deterministic_class_stratified_group_interleave,True,True,True
SLBIC_12,SLBIC,12,data/NuclearPowerPlantAccidentData/Operation_csv_data/SLBIC/12.csv,543,100,0.0,5420.0,10.0,10.0,10.0,True,True,0,0,0,0,False,WPCS;WPFW;WPMU,,validation,deterministic_class_stratified_group_interleave,True,True,True
SLBIC_13,SLBIC,13,data/NuclearPowerPlantAccidentData/Operation_csv_data/SLBIC/13.csv,533,100,0.0,5320.0,10.0,10.0,10.0,True,True,0,0,0,0,False,WPCS;WPFW;WPMU,,train,deterministic_class_stratified_group_interleave,True,True,True
SLBIC_14,SLBIC,14,data/NuclearPowerPlantAccidentData/Operation_csv_data/SLBIC/14.csv,531,100,0.0,5300.0,10.0,10.0,10.0,True,True,0,0,0,0,False,WPCS;WPFW;WPMU,,train,deterministic_class_stratified_group_interleave,True,True,True
SLBIC_15,SLBIC,15,data/NuclearPowerPlantAccidentData/Operation_csv_data/SLBIC/15.csv,529,100,0.0,5280.0,10.0,10.0,10.0,True,True,0,0,0,0,False,WPCS;WPFW;WPMU,,train,deterministic_class_stratified_group_interleave,True,True,True
SLBIC_16,SLBIC,16,data/NuclearPowerPlantAccidentData/Operation_csv_data/SLBIC/16.csv,528,100,0.0,5270.0,10.0,10.0,10.0,True,True,0,0,0,0,False,WPCS;WPFW;WPMU,,train,deterministic_class_stratified_group_interleave,True,True,True
SLBIC_17,SLBIC,17,data/NuclearPowerPlantAccidentData/Operation_csv_data/SLBIC/17.csv,521,100,0.0,5200.0,10.0,10.0,10.0,True,True,0,0,0,0,False,WPCS;WPFW;WPMU,,train,deterministic_class_stratified_group_interleave,True,True,True
SLBIC_18,SLBIC,18,data/NuclearPowerPlantAccidentData/Operation_csv_data/SLBIC/18.csv,520,100,0.0,5190.0,10.0,10.0,10.0,True,True,0,0,0,0,False,WPCS;WPFW;WPMU,,train,deterministic_class_stratified_group_interleave,True,True,True
SLBIC_19,SLBIC,19,data/NuclearPowerPlantAccidentData/Operation_csv_data/SLBIC/19.csv,524,100,0.0,5230.0,10.0,10.0,10.0,True,True,0,0,0,0,False,WPCS;WPFW;WPMU,,train,deterministic_class_stratified_group_interleave,True,True,True
SLBIC_20,SLBIC,20,data/NuclearPowerPlantAccidentData/Operation_csv_data/SLBIC/20.csv,525,100,0.0,5240.0,10.0,10.0,10.0,True,True,0,0,0,0,False,WPCS;WPFW;WPMU,,train,deterministic_class_stratified_group_interleave,True,True,True
SLBIC_21,SLBIC,21,data/NuclearPowerPlantAccidentData/Operation_csv_data/SLBIC/21.csv,517,100,0.0,5160.0,10.0,10.0,10.0,True,True,0,0,0,0,False,WPCS;WPFW;WPMU,,test,deterministic_class_stratified_group_interleave,True,True,True
SLBIC_22,SLBIC,22,data/NuclearPowerPlantAccidentData/Operation_csv_data/SLBIC/22.csv,523,100,0.0,5220.0,10.0,10.0,10.0,True,True,0,0,0,0,False,WPCS;WPFW;WPMU,,validation,deterministic_class_stratified_group_interleave,True,True,True
SLBIC_23,SLBIC,23,data/NuclearPowerPlantAccidentData/Operation_csv_data/SLBIC/23.csv,518,100,0.0,5170.0,10.0,10.0,10.0,True,True,0,0,0,0,False,WPCS;WPFW;WPMU,,train,deterministic_class_stratified_group_interleave,True,True,True
SLBIC_24,SLBIC,24,data/NuclearPowerPlantAccidentData/Operation_csv_data/SLBIC/24.csv,517,100,0.0,5160.0,10.0,10.0,10.0,True,True,0,0,0,0,False,WPCS;WPFW;WPMU,,train,deterministic_class_stratified_group_interleave,True,True,True
SLBIC_25,SLBIC,25,data/NuclearPowerPlantAccidentData/Operation_csv_data/SLBIC/25.csv,518,100,0.0,5170.0,10.0,10.0,10.0,True,True,0,0,0,0,False,WPCS;WPFW;WPMU,,train,deterministic_class_stratified_group_interleave,True,True,True
SLBIC_26,SLBIC,26,data/NuclearPowerPlantAccidentData/Operation_csv_data/SLBIC/26.csv,494,97,0.0,4930.0,10.0,10.0,10.0,True,True,0,0,0,0,True,,,train,deterministic_class_stratified_group_interleave,True,True,True
SLBIC_27,SLBIC,27,data/NuclearPowerPlantAccidentData/Operation_csv_data/SLBIC/27.csv,245,97,0.0,2440.0,10.0,10.0,10.0,True,True,0,0,0,0,True,,,train,deterministic_class_stratified_group_interleave,True,True,True
SLBIC_28,SLBIC,28,data/NuclearPowerPlantAccidentData/Operation_csv_data/SLBIC/28.csv,248,97,0.0,2470.0,10.0,10.0,10.0,True,True,0,0,0,0,True,,,train,deterministic_class_stratified_group_interleave,True,True,True
SLBIC_29,SLBIC,29,data/NuclearPowerPlantAccidentData/Operation_csv_data/SLBIC/29.csv,247,97,0.0,2460.0,10.0,10.0,10.0,True,True,0,0,0,0,True,,,train,deterministic_class_stratified_group_interleave,True,True,True
SLBIC_30,SLBIC,30,data/NuclearPowerPlantAccidentData/Operation_csv_data/SLBIC/30.csv,248,97,0.0,2470.0,10.0,10.0,10.0,True,True,0,0,0,0,True,,,train,deterministic_class_stratified_group_interleave,True,True,True
SLBIC_31,SLBIC,31,data/NuclearPowerPlantAccidentData/Operation_csv_data/SLBIC/31.csv,248,97,0.0,2470.0,10.0,10.0,10.0,True,True,0,0,0,0,True,,,test,deterministic_class_stratified_group_interleave,True,True,True
SLBIC_32,SLBIC,32,data/NuclearPowerPlantAccidentData/Operation_csv_data/SLBIC/32.csv,248,97,0.0,2470.0,10.0,10.0,10.0,True,True,0,0,0,0,True,,,validation,deterministic_class_stratified_group_interleave,True,True,True
SLBIC_33,SLBIC,33,data/NuclearPowerPlantAccidentData/Operation_csv_data/SLBIC/33.csv,247,97,0.0,2460.0,10.0,10.0,10.0,True,True,0,0,0,0,True,,,train,deterministic_class_stratified_group_interleave,True,True,True
SLBIC_34,SLBIC,34,data/NuclearPowerPlantAccidentData/Operation_csv_data/SLBIC/34.csv,250,97,0.0,2490.0,10.0,10.0,10.0,True,True,0,0,0,0,True,,,train,deterministic_class_stratified_group_interleave,True,True,True
SLBIC_35,SLBIC,35,data/NuclearPowerPlantAccidentData/Operation_csv_data/SLBIC/35.csv,249,97,0.0,2480.0,10.0,10.0,10.0,True,True,0,0,0,0,True,,,train,deterministic_class_stratified_group_interleave,True,True,True
SLBIC_36,SLBIC,36,data/NuclearPowerPlantAccidentData/Operation_csv_data/SLBIC/36.csv,251,97,0.0,2500.0,10.0,10.0,10.0,True,True,0,0,0,0,True,,,train,deterministic_class_stratified_group_interleave,True,True,True
SLBIC_37,SLBIC,37,data/NuclearPowerPlantAccidentData/Operation_csv_data/SLBIC/37.csv,248,97,0.0,2470.0,10.0,10.0,10.0,True,True,0,0,0,0,True,,,train,deterministic_class_stratified_group_interleave,True,True,True
SLBIC_38,SLBIC,38,data/NuclearPowerPlantAccidentData/Operation_csv_data/SLBIC/38.csv,249,97,0.0,2480.0,10.0,10.0,10.0,True,True,0,0,0,0,True,,,train,deterministic_class_stratified_group_interleave,True,True,True
SLBIC_39,SLBIC,39,data/NuclearPowerPlantAccidentData/Operation_csv_data/SLBIC/39.csv,247,97,0.0,2460.0,10.0,10.0,10.0,True,True,0,0,0,0,True,,,train,deterministic_class_stratified_group_interleave,True,True,True
SLBIC_40,SLBIC,40,data/NuclearPowerPlantAccidentData/Operation_csv_data/SLBIC/40.csv,245,97,0.0,2440.0,10.0,10.0,10.0,True,True,0,0,0,0,True,,,train,deterministic_class_stratified_group_interleave,True,True,True
SLBIC_41,SLBIC,41,data/NuclearPowerPlantAccidentData/Operation_csv_data/SLBIC/41.csv,243,97,0.0,2420.0,10.0,10.0,10.0,True,True,0,0,0,0,True,,,test,deterministic_class_stratified_group_interleave,True,True,True
SLBIC_42,SLBIC,42,data/NuclearPowerPlantAccidentData/Operation_csv_data/SLBIC/42.csv,245,97,0.0,2440.0,10.0,10.0,10.0,True,True,0,0,0,0,True,,,validation,deterministic_class_stratified_group_interleave,True,True,True
SLBIC_43,SLBIC,43,data/NuclearPowerPlantAccidentData/Operation_csv_data/SLBIC/43.csv,243,97,0.0,2420.0,10.0,10.0,10.0,True,True,0,0,0,0,True,,,train,deterministic_class_stratified_group_interleave,True,True,True
SLBIC_44,SLBIC,44,data/NuclearPowerPlantAccidentData/Operation_csv_data/SLBIC/44.csv,241,97,0.0,2400.0,10.0,10.0,10.0,True,True,0,0,0,0,True,,,train,deterministic_class_stratified_group_interleave,True,True,True
SLBIC_45,SLBIC,45,data/NuclearPowerPlantAccidentData/Operation_csv_data/SLBIC/45.csv,241,97,0.0,2400.0,10.0,10.0,10.0,True,True,0,0,0,0,True,,,train,deterministic_class_stratified_group_interleave,True,True,True
SLBIC_46,SLBIC,46,data/NuclearPowerPlantAccidentData/Operation_csv_data/SLBIC/46.csv,239,97,0.0,2380.0,10.0,10.0,10.0,True,True,0,0,0,0,True,,,train,deterministic_class_stratified_group_interleave,True,True,True
SLBIC_47,SLBIC,47,data/NuclearPowerPlantAccidentData/Operation_csv_data/SLBIC/47.csv,237,97,0.0,2360.0,10.0,10.0,10.0,True,True,0,0,0,0,True,,,train,deterministic_class_stratified_group_interleave,True,True,True
SLBIC_48,SLBIC,48,data/NuclearPowerPlantAccidentData/Operation_csv_data/SLBIC/48.csv,236,97,0.0,2350.0,10.0,10.0,10.0,True,True,0,0,0,0,True,,,train,deterministic_class_stratified_group_interleave,True,True,True
SLBIC_49,SLBIC,49,data/NuclearPowerPlantAccidentData/Operation_csv_data/SLBIC/49.csv,232,97,0.0,2310.0,10.0,10.0,10.0,True,True,0,0,0,0,True,,,train,deterministic_class_stratified_group_interleave,True,True,True
SLBIC_50,SLBIC,50,data/NuclearPowerPlantAccidentData/Operation_csv_data/SLBIC/50.csv,227,97,0.0,2260.0,10.0,10.0,10.0,True,True,0,0,0,0,True,,,train,deterministic_class_stratified_group_interleave,True,True,True
SLBIC_51,SLBIC,51,data/NuclearPowerPlantAccidentData/Operation_csv_data/SLBIC/51.csv,224,97,0.0,2230.0,10.0,10.0,10.0,True,True,0,0,0,0,True,,,test,deterministic_class_stratified_group_interleave,True,True,True
SLBIC_52,SLBIC,52,data/NuclearPowerPlantAccidentData/Operation_csv_data/SLBIC/52.csv,223,97,0.0,2220.0,10.0,10.0,10.0,True,True,0,0,0,0,True,,,validation,deterministic_class_stratified_group_interleave,True,True,True
SLBIC_53,SLBIC,53,data/NuclearPowerPlantAccidentData/Operation_csv_data/SLBIC/53.csv,222,97,0.0,2210.0,10.0,10.0,10.0,True,True,0,0,0,0,True,,,train,deterministic_class_stratified_group_interleave,True,True,True
SLBIC_54,SLBIC,54,data/NuclearPowerPlantAccidentData/Operation_csv_data/SLBIC/54.csv,220,97,0.0,2190.0,10.0,10.0,10.0,True,True,0,0,0,0,True,,,train,deterministic_class_stratified_group_interleave,True,True,True
SLBIC_55,SLBIC,55,data/NuclearPowerPlantAccidentData/Operation_csv_data/SLBIC/55.csv,219,97,0.0,2180.0,10.0,10.0,10.0,True,True,0,0,0,0,True,,,train,deterministic_class_stratified_group_interleave,True,True,True
SLBIC_56,SLBIC,56,data/NuclearPowerPlantAccidentData/Operation_csv_data/SLBIC/56.csv,216,97,0.0,2150.0,10.0,10.0,10.0,True,True,0,0,0,0,True,,,train,deterministic_class_stratified_group_interleave,True,True,True
SLBIC_57,SLBIC,57,data/NuclearPowerPlantAccidentData/Operation_csv_data/SLBIC/57.csv,218,97,0.0,2170.0,10.0,10.0,10.0,True,True,0,0,0,0,True,,,train,deterministic_class_stratified_group_interleave,True,True,True
SLBIC_58,SLBIC,58,data/NuclearPowerPlantAccidentData/Operation_csv_data/SLBIC/58.csv,210,97,0.0,2090.0,10.0,10.0,10.0,True,True,0,0,0,0,True,,,train,deterministic_class_stratified_group_interleave,True,True,True
SLBIC_59,SLBIC,59,data/NuclearPowerPlantAccidentData/Operation_csv_data/SLBIC/59.csv,214,97,0.0,2130.0,10.0,10.0,10.0,True,True,0,0,0,0,True,,,train,deterministic_class_stratified_group_interleave,True,True,True
SLBIC_60,SLBIC,60,data/NuclearPowerPlantAccidentData/Operation_csv_data/SLBIC/60.csv,214,97,0.0,2130.0,10.0,10.0,10.0,True,True,0,0,0,0,True,,,train,deterministic_class_stratified_group_interleave,True,True,True
SLBIC_61,SLBIC,61,data/NuclearPowerPlantAccidentData/Operation_csv_data/SLBIC/61.csv,214,97,0.0,2130.0,10.0,10.0,10.0,True,True,0,0,0,0,True,,,test,deterministic_class_stratified_group_interleave,True,True,True
SLBIC_62,SLBIC,62,data/NuclearPowerPlantAccidentData/Operation_csv_data/SLBIC/62.csv,213,97,0.0,2120.0,10.0,10.0,10.0,True,True,0,0,0,0,True,,,validation,deterministic_class_stratified_group_interleave,True,True,True
SLBIC_63,SLBIC,63,data/NuclearPowerPlantAccidentData/Operation_csv_data/SLBIC/63.csv,213,97,0.0,2120.0,10.0,10.0,10.0,True,True,0,0,0,0,True,,,train,deterministic_class_stratified_group_interleave,True,True,True
SLBIC_64,SLBIC,64,data/NuclearPowerPlantAccidentData/Operation_csv_data/SLBIC/64.csv,212,97,0.0,2110.0,10.0,10.0,10.0,True,True,0,0,0,0,True,,,train,deterministic_class_stratified_group_interleave,True,True,True
SLBIC_65,SLBIC,65,data/NuclearPowerPlantAccidentData/Operation_csv_data/SLBIC/65.csv,212,97,0.0,2110.0,10.0,10.0,10.0,True,True,0,0,0,0,True,,,train,deterministic_class_stratified_group_interleave,True,True,True
SLBIC_66,SLBIC,66,data/NuclearPowerPlantAccidentData/Operation_csv_data/SLBIC/66.csv,212,97,0.0,2110.0,10.0,10.0,10.0,True,True,0,0,0,0,True,,,train,deterministic_class_stratified_group_interleave,True,True,True
SLBIC_67,SLBIC,67,data/NuclearPowerPlantAccidentData/Operation_csv_data/SLBIC/67.csv,214,97,0.0,2130.0,10.0,10.0,10.0,True,True,0,0,0,0,True,,,train,deterministic_class_stratified_group_interleave,True,True,True
SLBIC_68,SLBIC,68,data/NuclearPowerPlantAccidentData/Operation_csv_data/SLBIC/68.csv,212,97,0.0,2110.0,10.0,10.0,10.0,True,True,0,0,0,0,True,,,train,deterministic_class_stratified_group_interleave,True,True,True
SLBIC_69,SLBIC,69,data/NuclearPowerPlantAccidentData/Operation_csv_data/SLBIC/69.csv,211,97,0.0,2100.0,10.0,10.0,10.0,True,True,0,0,0,0,True,,,train,deterministic_class_stratified_group_interleave,True,True,True
SLBIC_70,SLBIC,70,data/NuclearPowerPlantAccidentData/Operation_csv_data/SLBIC/70.csv,211,97,0.0,2100.0,10.0,10.0,10.0,True,True,0,0,0,0,True,,,train,deterministic_class_stratified_group_interleave,True,True,True
SLBIC_71,SLBIC,71,data/NuclearPowerPlantAccidentData/Operation_csv_data/SLBIC/71.csv,211,97,0.0,2100.0,10.0,10.0,10.0,True,True,0,0,0,0,True,,,test,deterministic_class_stratified_group_interleave,True,True,True
SLBIC_72,SLBIC,72,data/NuclearPowerPlantAccidentData/Operation_csv_data/SLBIC/72.csv,210,97,0.0,2090.0,10.0,10.0,10.0,True,True,0,0,0,0,True,,,validation,deterministic_class_stratified_group_interleave,True,True,True
SLBIC_73,SLBIC,73,data/NuclearPowerPlantAccidentData/Operation_csv_data/SLBIC/73.csv,209,97,0.0,2080.0,10.0,10.0,10.0,True,True,0,0,0,0,True,,,train,deterministic_class_stratified_group_interleave,True,True,True
SLBIC_74,SLBIC,74,data/NuclearPowerPlantAccidentData/Operation_csv_data/SLBIC/74.csv,209,97,0.0,2080.0,10.0,10.0,10.0,True,True,0,0,0,0,True,,,train,deterministic_class_stratified_group_interleave,True,True,True
SLBIC_75,SLBIC,75,data/NuclearPowerPlantAccidentData/Operation_csv_data/SLBIC/75.csv,208,97,0.0,2070.0,10.0,10.0,10.0,True,True,0,0,0,0,True,,,train,deterministic_class_stratified_group_interleave,True,True,True
SLBIC_76,SLBIC,76,data/NuclearPowerPlantAccidentData/Operation_csv_data/SLBIC/76.csv,208,97,0.0,2070.0,10.0,10.0,10.0,True,True,0,0,0,0,True,,,train,deterministic_class_stratified_group_interleave,True,True,True
SLBIC_77,SLBIC,77,data/NuclearPowerPlantAccidentData/Operation_csv_data/SLBIC/77.csv,206,97,0.0,2050.0,10.0,10.0,10.0,True,True,0,0,0,0,True,,,train,deterministic_class_stratified_group_interleave,True,True,True
SLBIC_78,SLBIC,78,data/NuclearPowerPlantAccidentData/Operation_csv_data/SLBIC/78.csv,205,97,0.0,2040.0,10.0,10.0,10.0,True,True,0,0,0,0,True,,,train,deterministic_class_stratified_group_interleave,True,True,True
SLBIC_79,SLBIC,79,data/NuclearPowerPlantAccidentData/Operation_csv_data/SLBIC/79.csv,204,97,0.0,2030.0,10.0,10.0,10.0,True,True,0,0,0,0,True,,,train,deterministic_class_stratified_group_interleave,True,True,True
SLBIC_80,SLBIC,80,data/NuclearPowerPlantAccidentData/Operation_csv_data/SLBIC/80.csv,202,97,0.0,2010.0,10.0,10.0,10.0,True,True,0,0,0,0,True,,,train,deterministic_class_stratified_group_interleave,True,True,True
SLBIC_81,SLBIC,81,data/NuclearPowerPlantAccidentData/Operation_csv_data/SLBIC/81.csv,205,97,0.0,2040.0,10.0,10.0,10.0,True,True,0,0,0,0,True,,,test,deterministic_class_stratified_group_interleave,True,True,True
SLBIC_82,SLBIC,82,data/NuclearPowerPlantAccidentData/Operation_csv_data/SLBIC/82.csv,202,97,0.0,2010.0,10.0,10.0,10.0,True,True,0,0,0,0,True,,,validation,deterministic_class_stratified_group_interleave,True,True,True
SLBIC_83,SLBIC,83,data/NuclearPowerPlantAccidentData/Operation_csv_data/SLBIC/83.csv,202,97,0.0,2010.0,10.0,10.0,10.0,True,True,0,0,0,0,True,,,train,deterministic_class_stratified_group_interleave,True,True,True
SLBIC_84,SLBIC,84,data/NuclearPowerPlantAccidentData/Operation_csv_data/SLBIC/84.csv,199,97,0.0,1980.0,10.0,10.0,10.0,True,True,0,0,0,0,True,,,train,deterministic_class_stratified_group_interleave,True,True,True
SLBIC_85,SLBIC,85,data/NuclearPowerPlantAccidentData/Operation_csv_data/SLBIC/85.csv,198,97,0.0,1970.0,10.0,10.0,10.0,True,True,0,0,0,0,True,,,train,deterministic_class_stratified_group_interleave,True,True,True
SLBIC_86,SLBIC,86,data/NuclearPowerPlantAccidentData/Operation_csv_data/SLBIC/86.csv,195,97,0.0,1940.0,10.0,10.0,10.0,True,True,0,0,0,0,True,,,train,deterministic_class_stratified_group_interleave,True,True,True
SLBIC_87,SLBIC,87,data/NuclearPowerPlantAccidentData/Operation_csv_data/SLBIC/87.csv,192,97,0.0,1910.0,10.0,10.0,10.0,True,True,0,0,0,0,True,,,train,deterministic_class_stratified_group_interleave,True,True,True
SLBIC_88,SLBIC,88,data/NuclearPowerPlantAccidentData/Operation_csv_data/SLBIC/88.csv,197,97,0.0,1960.0,10.0,10.0,10.0,True,True,0,0,0,0,True,,,train,deterministic_class_stratified_group_interleave,True,True,True
SLBIC_89,SLBIC,89,data/NuclearPowerPlantAccidentData/Operation_csv_data/SLBIC/89.csv,195,97,0.0,1940.0,10.0,10.0,10.0,True,True,0,0,0,0,True,,,train,deterministic_class_stratified_group_interleave,True,True,True
SLBIC_90,SLBIC,90,data/NuclearPowerPlantAccidentData/Operation_csv_data/SLBIC/90.csv,191,97,0.0,1900.0,10.0,10.0,10.0,True,True,0,0,0,0,True,,,train,deterministic_class_stratified_group_interleave,True,True,True
SLBIC_91,SLBIC,91,data/NuclearPowerPlantAccidentData/Operation_csv_data/SLBIC/91.csv,189,97,0.0,1880.0,10.0,10.0,10.0,True,True,0,0,0,0,True,,,test,deterministic_class_stratified_group_interleave,True,True,True
SLBIC_92,SLBIC,92,data/NuclearPowerPlantAccidentData/Operation_csv_data/SLBIC/92.csv,185,97,0.0,1840.0,10.0,10.0,10.0,True,True,0,0,0,0,True,,,validation,deterministic_class_stratified_group_interleave,True,True,True
SLBIC_93,SLBIC,93,data/NuclearPowerPlantAccidentData/Operation_csv_data/SLBIC/93.csv,184,97,0.0,1830.0,10.0,10.0,10.0,True,True,0,0,0,0,True,,,train,deterministic_class_stratified_group_interleave,True,True,True
SLBIC_94,SLBIC,94,data/NuclearPowerPlantAccidentData/Operation_csv_data/SLBIC/94.csv,186,97,0.0,1850.0,10.0,10.0,10.0,True,True,0,0,0,0,True,,,train,deterministic_class_stratified_group_interleave,True,True,True
SLBIC_95,SLBIC,95,data/NuclearPowerPlantAccidentData/Operation_csv_data/SLBIC/95.csv,186,97,0.0,1850.0,10.0,10.0,10.0,True,True,0,0,0,0,True,,,train,deterministic_class_stratified_group_interleave,True,True,True
SLBIC_96,SLBIC,96,data/NuclearPowerPlantAccidentData/Operation_csv_data/SLBIC/96.csv,184,97,0.0,1830.0,10.0,10.0,10.0,True,True,0,0,0,0,True,,,train,deterministic_class_stratified_group_interleave,True,True,True
SLBIC_97,SLBIC,97,data/NuclearPowerPlantAccidentData/Operation_csv_data/SLBIC/97.csv,182,97,0.0,1810.0,10.0,10.0,10.0,True,True,0,0,0,0,True,,,train,deterministic_class_stratified_group_interleave,True,True,True
SLBIC_98,SLBIC,98,data/NuclearPowerPlantAccidentData/Operation_csv_data/SLBIC/98.csv,179,97,0.0,1780.0,10.0,10.0,10.0,True,True,0,0,0,0,True,,,train,deterministic_class_stratified_group_interleave,True,True,True
SLBIC_99,SLBIC,99,data/NuclearPowerPlantAccidentData/Operation_csv_data/SLBIC/99.csv,180,97,0.0,1790.0,10.0,10.0,10.0,True,True,0,0,0,0,True,,,train,deterministic_class_stratified_group_interleave,True,True,True
SLBIC_100,SLBIC,100,data/NuclearPowerPlantAccidentData/Operation_csv_data/SLBIC/100.csv,177,97,0.0,1760.0,10.0,10.0,10.0,True,True,0,0,0,0,True,,,train,deterministic_class_stratified_group_interleave,True,True,True
SLBIC_101,SLBIC,101,data/NuclearPowerPlantAccidentData/Operation_csv_data/SLBIC/101.csv,175,97,0.0,1740.0,10.0,10.0,10.0,True,True,0,0,0,0,True,,,test,deterministic_class_stratified_group_interleave,True,True,True
SLBOC_1,SLBOC,1,data/NuclearPowerPlantAccidentData/Operation_csv_data/SLBOC/1.csv,500,97,0.0,4990.0,10.0,10.0,10.0,True,True,0,0,0,0,True,,,test,deterministic_class_stratified_group_interleave,True,True,True
SLBOC_2,SLBOC,2,data/NuclearPowerPlantAccidentData/Operation_csv_data/SLBOC/2.csv,516,97,0.0,5150.0,10.0,10.0,10.0,True,True,0,0,0,0,True,,,validation,deterministic_class_stratified_group_interleave,True,True,True
SLBOC_3,SLBOC,3,data/NuclearPowerPlantAccidentData/Operation_csv_data/SLBOC/3.csv,514,97,0.0,5130.0,10.0,10.0,10.0,True,True,0,0,0,0,True,,,train,deterministic_class_stratified_group_interleave,True,True,True
SLBOC_4,SLBOC,4,data/NuclearPowerPlantAccidentData/Operation_csv_data/SLBOC/4.csv,510,97,0.0,5090.0,10.0,10.0,10.0,True,True,0,0,0,0,True,,,train,deterministic_class_stratified_group_interleave,True,True,True
SLBOC_5,SLBOC,5,data/NuclearPowerPlantAccidentData/Operation_csv_data/SLBOC/5.csv,511,97,0.0,5100.0,10.0,10.0,10.0,True,True,0,0,0,0,True,,,train,deterministic_class_stratified_group_interleave,True,True,True
SLBOC_6,SLBOC,6,data/NuclearPowerPlantAccidentData/Operation_csv_data/SLBOC/6.csv,507,97,0.0,5060.0,10.0,10.0,10.0,True,True,0,0,0,0,True,,,train,deterministic_class_stratified_group_interleave,True,True,True
SLBOC_7,SLBOC,7,data/NuclearPowerPlantAccidentData/Operation_csv_data/SLBOC/7.csv,506,97,0.0,5050.0,10.0,10.0,10.0,True,True,0,0,0,0,True,,,train,deterministic_class_stratified_group_interleave,True,True,True
SLBOC_8,SLBOC,8,data/NuclearPowerPlantAccidentData/Operation_csv_data/SLBOC/8.csv,505,97,0.0,5040.0,10.0,10.0,10.0,True,True,0,0,0,0,True,,,train,deterministic_class_stratified_group_interleave,True,True,True
SLBOC_9,SLBOC,9,data/NuclearPowerPlantAccidentData/Operation_csv_data/SLBOC/9.csv,505,97,0.0,5040.0,10.0,10.0,10.0,True,True,0,0,0,0,True,,,train,deterministic_class_stratified_group_interleave,True,True,True
SLBOC_10,SLBOC,10,data/NuclearPowerPlantAccidentData/Operation_csv_data/SLBOC/10.csv,501,97,0.0,5000.0,10.0,10.0,10.0,True,True,0,0,0,0,True,,,train,deterministic_class_stratified_group_interleave,True,True,True
SLBOC_11,SLBOC,11,data/NuclearPowerPlantAccidentData/Operation_csv_data/SLBOC/11.csv,501,97,0.0,5000.0,10.0,10.0,10.0,True,True,0,0,0,0,True,,,test,deterministic_class_stratified_group_interleave,True,True,True
SLBOC_12,SLBOC,12,data/NuclearPowerPlantAccidentData/Operation_csv_data/SLBOC/12.csv,497,97,0.0,4960.0,10.0,10.0,10.0,True,True,0,0,0,0,True,,,validation,deterministic_class_stratified_group_interleave,True,True,True
SLBOC_13,SLBOC,13,data/NuclearPowerPlantAccidentData/Operation_csv_data/SLBOC/13.csv,493,97,0.0,4920.0,10.0,10.0,10.0,True,True,0,0,0,0,True,,,train,deterministic_class_stratified_group_interleave,True,True,True
SLBOC_14,SLBOC,14,data/NuclearPowerPlantAccidentData/Operation_csv_data/SLBOC/14.csv,493,97,0.0,4920.0,10.0,10.0,10.0,True,True,0,0,0,0,True,,,train,deterministic_class_stratified_group_interleave,True,True,True
SLBOC_15,SLBOC,15,data/NuclearPowerPlantAccidentData/Operation_csv_data/SLBOC/15.csv,491,97,0.0,4900.0,10.0,10.0,10.0,True,True,0,0,0,0,True,,,train,deterministic_class_stratified_group_interleave,True,True,True
SLBOC_16,SLBOC,16,data/NuclearPowerPlantAccidentData/Operation_csv_data/SLBOC/16.csv,486,97,0.0,4850.0,10.0,10.0,10.0,True,True,0,0,0,0,True,,,train,deterministic_class_stratified_group_interleave,True,True,True
SLBOC_17,SLBOC,17,data/NuclearPowerPlantAccidentData/Operation_csv_data/SLBOC/17.csv,483,97,0.0,4820.0,10.0,10.0,10.0,True,True,0,0,0,0,True,,,train,deterministic_class_stratified_group_interleave,True,True,True
SLBOC_18,SLBOC,18,data/NuclearPowerPlantAccidentData/Operation_csv_data/SLBOC/18.csv,486,97,0.0,4850.0,10.0,10.0,10.0,True,True,0,0,0,0,True,,,train,deterministic_class_stratified_group_interleave,True,True,True
SLBOC_19,SLBOC,19,data/NuclearPowerPlantAccidentData/Operation_csv_data/SLBOC/19.csv,485,97,0.0,4840.0,10.0,10.0,10.0,True,True,0,0,0,0,True,,,train,deterministic_class_stratified_group_interleave,True,True,True
SLBOC_20,SLBOC,20,data/NuclearPowerPlantAccidentData/Operation_csv_data/SLBOC/20.csv,484,97,0.0,4830.0,10.0,10.0,10.0,True,True,0,0,0,0,True,,,train,deterministic_class_stratified_group_interleave,True,True,True
SLBOC_21,SLBOC,21,data/NuclearPowerPlantAccidentData/Operation_csv_data/SLBOC/21.csv,481,97,0.0,4800.0,10.0,10.0,10.0,True,True,0,0,0,0,True,,,test,deterministic_class_stratified_group_interleave,True,True,True
SLBOC_22,SLBOC,22,data/NuclearPowerPlantAccidentData/Operation_csv_data/SLBOC/22.csv,481,97,0.0,4800.0,10.0,10.0,10.0,True,True,0,0,0,0,True,,,validation,deterministic_class_stratified_group_interleave,True,True,True
SLBOC_23,SLBOC,23,data/NuclearPowerPlantAccidentData/Operation_csv_data/SLBOC/23.csv,480,97,0.0,4790.0,10.0,10.0,10.0,True,True,0,0,0,0,True,,,train,deterministic_class_stratified_group_interleave,True,True,True
SLBOC_24,SLBOC,24,data/NuclearPowerPlantAccidentData/Operation_csv_data/SLBOC/24.csv,476,97,0.0,4750.0,10.0,10.0,10.0,True,True,0,0,0,0,True,,,train,deterministic_class_stratified_group_interleave,True,True,True
SLBOC_25,SLBOC,25,data/NuclearPowerPlantAccidentData/Operation_csv_data/SLBOC/25.csv,480,97,0.0,4790.0,10.0,10.0,10.0,True,True,0,0,0,0,True,,,train,deterministic_class_stratified_group_interleave,True,True,True
SLBOC_26,SLBOC,26,data/NuclearPowerPlantAccidentData/Operation_csv_data/SLBOC/26.csv,480,97,0.0,4790.0,10.0,10.0,10.0,True,True,0,0,0,0,True,,,train,deterministic_class_stratified_group_interleave,True,True,True
SLBOC_27,SLBOC,27,data/NuclearPowerPlantAccidentData/Operation_csv_data/SLBOC/27.csv,465,97,0.0,4640.0,10.0,10.0,10.0,True,True,0,0,0,0,True,,,train,deterministic_class_stratified_group_interleave,True,True,True
SLBOC_28,SLBOC,28,data/NuclearPowerPlantAccidentData/Operation_csv_data/SLBOC/28.csv,461,97,0.0,4600.0,10.0,10.0,10.0,True,True,0,0,0,0,True,,,train,deterministic_class_stratified_group_interleave,True,True,True
SLBOC_29,SLBOC,29,data/NuclearPowerPlantAccidentData/Operation_csv_data/SLBOC/29.csv,450,97,0.0,4490.0,10.0,10.0,10.0,True,True,0,0,0,0,True,,,train,deterministic_class_stratified_group_interleave,True,True,True
SLBOC_30,SLBOC,30,data/NuclearPowerPlantAccidentData/Operation_csv_data/SLBOC/30.csv,448,97,0.0,4470.0,10.0,10.0,10.0,True,True,0,0,0,0,True,,,train,deterministic_class_stratified_group_interleave,True,True,True
SLBOC_31,SLBOC,31,data/NuclearPowerPlantAccidentData/Operation_csv_data/SLBOC/31.csv,445,97,0.0,4440.0,10.0,10.0,10.0,True,True,0,0,0,0,True,,,test,deterministic_class_stratified_group_interleave,True,True,True
SLBOC_32,SLBOC,32,data/NuclearPowerPlantAccidentData/Operation_csv_data/SLBOC/32.csv,443,97,0.0,4420.0,10.0,10.0,10.0,True,True,0,0,0,0,True,,,validation,deterministic_class_stratified_group_interleave,True,True,True
SLBOC_33,SLBOC,33,data/NuclearPowerPlantAccidentData/Operation_csv_data/SLBOC/33.csv,441,97,0.0,4400.0,10.0,10.0,10.0,True,True,0,0,0,0,True,,,train,deterministic_class_stratified_group_interleave,True,True,True
SLBOC_34,SLBOC,34,data/NuclearPowerPlantAccidentData/Operation_csv_data/SLBOC/34.csv,438,97,0.0,4370.0,10.0,10.0,10.0,True,True,0,0,0,0,True,,,train,deterministic_class_stratified_group_interleave,True,True,True
SLBOC_35,SLBOC,35,data/NuclearPowerPlantAccidentData/Operation_csv_data/SLBOC/35.csv,437,97,0.0,4360.0,10.0,10.0,10.0,True,True,0,0,0,0,True,,,train,deterministic_class_stratified_group_interleave,True,True,True
SLBOC_36,SLBOC,36,data/NuclearPowerPlantAccidentData/Operation_csv_data/SLBOC/36.csv,435,97,0.0,4340.0,10.0,10.0,10.0,True,True,0,0,0,0,True,,,train,deterministic_class_stratified_group_interleave,True,True,True
SLBOC_37,SLBOC,37,data/NuclearPowerPlantAccidentData/Operation_csv_data/SLBOC/37.csv,434,97,0.0,4330.0,10.0,10.0,10.0,True,True,0,0,0,0,True,,,train,deterministic_class_stratified_group_interleave,True,True,True
SLBOC_38,SLBOC,38,data/NuclearPowerPlantAccidentData/Operation_csv_data/SLBOC/38.csv,434,97,0.0,4330.0,10.0,10.0,10.0,True,True,0,0,0,0,True,,,train,deterministic_class_stratified_group_interleave,True,True,True
SLBOC_39,SLBOC,39,data/NuclearPowerPlantAccidentData/Operation_csv_data/SLBOC/39.csv,432,97,0.0,4310.0,10.0,10.0,10.0,True,True,0,0,0,0,True,,,train,deterministic_class_stratified_group_interleave,True,True,True
SLBOC_40,SLBOC,40,data/NuclearPowerPlantAccidentData/Operation_csv_data/SLBOC/40.csv,431,97,0.0,4300.0,10.0,10.0,10.0,True,True,0,0,0,0,True,,,train,deterministic_class_stratified_group_interleave,True,True,True
SLBOC_41,SLBOC,41,data/NuclearPowerPlantAccidentData/Operation_csv_data/SLBOC/41.csv,430,97,0.0,4290.0,10.0,10.0,10.0,True,True,0,0,0,0,True,,,test,deterministic_class_stratified_group_interleave,True,True,True
SLBOC_42,SLBOC,42,data/NuclearPowerPlantAccidentData/Operation_csv_data/SLBOC/42.csv,428,97,0.0,4270.0,10.0,10.0,10.0,True,True,0,0,0,0,True,,,validation,deterministic_class_stratified_group_interleave,True,True,True
SLBOC_43,SLBOC,43,data/NuclearPowerPlantAccidentData/Operation_csv_data/SLBOC/43.csv,426,97,0.0,4250.0,10.0,10.0,10.0,True,True,0,0,0,0,True,,,train,deterministic_class_stratified_group_interleave,True,True,True
SLBOC_44,SLBOC,44,data/NuclearPowerPlantAccidentData/Operation_csv_data/SLBOC/44.csv,426,97,0.0,4250.0,10.0,10.0,10.0,True,True,0,0,0,0,True,,,train,deterministic_class_stratified_group_interleave,True,True,True
SLBOC_45,SLBOC,45,data/NuclearPowerPlantAccidentData/Operation_csv_data/SLBOC/45.csv,426,97,0.0,4250.0,10.0,10.0,10.0,True,True,0,0,0,0,True,,,train,deterministic_class_stratified_group_interleave,True,True,True
SLBOC_46,SLBOC,46,data/NuclearPowerPlantAccidentData/Operation_csv_data/SLBOC/46.csv,424,97,0.0,4230.0,10.0,10.0,10.0,True,True,0,0,0,0,True,,,train,deterministic_class_stratified_group_interleave,True,True,True
SLBOC_47,SLBOC,47,data/NuclearPowerPlantAccidentData/Operation_csv_data/SLBOC/47.csv,424,97,0.0,4230.0,10.0,10.0,10.0,True,True,0,0,0,0,True,,,train,deterministic_class_stratified_group_interleave,True,True,True
SLBOC_48,SLBOC,48,data/NuclearPowerPlantAccidentData/Operation_csv_data/SLBOC/48.csv,424,97,0.0,4230.0,10.0,10.0,10.0,True,True,0,0,0,0,True,,,train,deterministic_class_stratified_group_interleave,True,True,True
SLBOC_49,SLBOC,49,data/NuclearPowerPlantAccidentData/Operation_csv_data/SLBOC/49.csv,423,97,0.0,4220.0,10.0,10.0,10.0,True,True,0,0,0,0,True,,,train,deterministic_class_stratified_group_interleave,True,True,True
SLBOC_50,SLBOC,50,data/NuclearPowerPlantAccidentData/Operation_csv_data/SLBOC/50.csv,423,97,0.0,4220.0,10.0,10.0,10.0,True,True,0,0,0,0,True,,,train,deterministic_class_stratified_group_interleave,True,True,True
SLBOC_51,SLBOC,51,data/NuclearPowerPlantAccidentData/Operation_csv_data/SLBOC/51.csv,422,97,0.0,4210.0,10.0,10.0,10.0,True,True,0,0,0,0,True,,,test,deterministic_class_stratified_group_interleave,True,True,True
SLBOC_52,SLBOC,52,data/NuclearPowerPlantAccidentData/Operation_csv_data/SLBOC/52.csv,423,97,0.0,4220.0,10.0,10.0,10.0,True,True,0,0,0,0,True,,,validation,deterministic_class_stratified_group_interleave,True,True,True
SLBOC_53,SLBOC,53,data/NuclearPowerPlantAccidentData/Operation_csv_data/SLBOC/53.csv,422,97,0.0,4210.0,10.0,10.0,10.0,True,True,0,0,0,0,True,,,train,deterministic_class_stratified_group_interleave,True,True,True
SLBOC_54,SLBOC,54,data/NuclearPowerPlantAccidentData/Operation_csv_data/SLBOC/54.csv,423,97,0.0,4220.0,10.0,10.0,10.0,True,True,0,0,0,0,True,,,train,deterministic_class_stratified_group_interleave,True,True,True
SLBOC_55,SLBOC,55,data/NuclearPowerPlantAccidentData/Operation_csv_data/SLBOC/55.csv,423,97,0.0,4220.0,10.0,10.0,10.0,True,True,0,0,0,0,True,,,train,deterministic_class_stratified_group_interleave,True,True,True
SLBOC_56,SLBOC,56,data/NuclearPowerPlantAccidentData/Operation_csv_data/SLBOC/56.csv,423,97,0.0,4220.0,10.0,10.0,10.0,True,True,0,0,0,0,True,,,train,deterministic_class_stratified_group_interleave,True,True,True
SLBOC_57,SLBOC,57,data/NuclearPowerPlantAccidentData/Operation_csv_data/SLBOC/57.csv,561,97,0.0,5600.0,10.0,10.0,10.0,True,True,0,0,0,0,True,,,train,deterministic_class_stratified_group_interleave,True,True,True
SLBOC_58,SLBOC,58,data/NuclearPowerPlantAccidentData/Operation_csv_data/SLBOC/58.csv,551,97,0.0,5500.0,10.0,10.0,10.0,True,True,0,0,0,0,True,,,train,deterministic_class_stratified_group_interleave,True,True,True
SLBOC_59,SLBOC,59,data/NuclearPowerPlantAccidentData/Operation_csv_data/SLBOC/59.csv,549,97,0.0,5480.0,10.0,10.0,10.0,True,True,0,0,0,0,True,,,train,deterministic_class_stratified_group_interleave,True,True,True
SLBOC_60,SLBOC,60,data/NuclearPowerPlantAccidentData/Operation_csv_data/SLBOC/60.csv,545,97,0.0,5440.0,10.0,10.0,10.0,True,True,0,0,0,0,True,,,train,deterministic_class_stratified_group_interleave,True,True,True
SLBOC_61,SLBOC,61,data/NuclearPowerPlantAccidentData/Operation_csv_data/SLBOC/61.csv,540,97,0.0,5390.0,10.0,10.0,10.0,True,True,0,0,0,0,True,,,test,deterministic_class_stratified_group_interleave,True,True,True
SLBOC_62,SLBOC,62,data/NuclearPowerPlantAccidentData/Operation_csv_data/SLBOC/62.csv,532,97,0.0,5310.0,10.0,10.0,10.0,True,True,0,0,0,0,True,,,validation,deterministic_class_stratified_group_interleave,True,True,True
SLBOC_63,SLBOC,63,data/NuclearPowerPlantAccidentData/Operation_csv_data/SLBOC/63.csv,525,97,0.0,5240.0,10.0,10.0,10.0,True,True,0,0,0,0,True,,,train,deterministic_class_stratified_group_interleave,True,True,True
SLBOC_64,SLBOC,64,data/NuclearPowerPlantAccidentData/Operation_csv_data/SLBOC/64.csv,515,97,0.0,5140.0,10.0,10.0,10.0,True,True,0,0,0,0,True,,,train,deterministic_class_stratified_group_interleave,True,True,True
SLBOC_65,SLBOC,65,data/NuclearPowerPlantAccidentData/Operation_csv_data/SLBOC/65.csv,513,97,0.0,5120.0,10.0,10.0,10.0,True,True,0,0,0,0,True,,,train,deterministic_class_stratified_group_interleave,True,True,True
SLBOC_66,SLBOC,66,data/NuclearPowerPlantAccidentData/Operation_csv_data/SLBOC/66.csv,514,97,0.0,5130.0,10.0,10.0,10.0,True,True,0,0,0,0,True,,,train,deterministic_class_stratified_group_interleave,True,True,True
SLBOC_67,SLBOC,67,data/NuclearPowerPlantAccidentData/Operation_csv_data/SLBOC/67.csv,511,97,0.0,5100.0,10.0,10.0,10.0,True,True,0,0,0,0,True,,,train,deterministic_class_stratified_group_interleave,True,True,True
SLBOC_68,SLBOC,68,data/NuclearPowerPlantAccidentData/Operation_csv_data/SLBOC/68.csv,506,97,0.0,5050.0,10.0,10.0,10.0,True,True,0,0,0,0,True,,,train,deterministic_class_stratified_group_interleave,True,True,True
SLBOC_69,SLBOC,69,data/NuclearPowerPlantAccidentData/Operation_csv_data/SLBOC/69.csv,503,97,0.0,5020.0,10.0,10.0,10.0,True,True,0,0,0,0,True,,,train,deterministic_class_stratified_group_interleave,True,True,True
SLBOC_70,SLBOC,70,data/NuclearPowerPlantAccidentData/Operation_csv_data/SLBOC/70.csv,505,97,0.0,5040.0,10.0,10.0,10.0,True,True,0,0,0,0,True,,,train,deterministic_class_stratified_group_interleave,True,True,True
SLBOC_71,SLBOC,71,data/NuclearPowerPlantAccidentData/Operation_csv_data/SLBOC/71.csv,510,97,0.0,5090.0,10.0,10.0,10.0,True,True,0,0,0,0,True,,,test,deterministic_class_stratified_group_interleave,True,True,True
SLBOC_72,SLBOC,72,data/NuclearPowerPlantAccidentData/Operation_csv_data/SLBOC/72.csv,514,97,0.0,5130.0,10.0,10.0,10.0,True,True,0,0,0,0,True,,,validation,deterministic_class_stratified_group_interleave,True,True,True
SLBOC_73,SLBOC,73,data/NuclearPowerPlantAccidentData/Operation_csv_data/SLBOC/73.csv,506,97,0.0,5050.0,10.0,10.0,10.0,True,True,0,0,0,0,True,,,train,deterministic_class_stratified_group_interleave,True,True,True
SLBOC_74,SLBOC,74,data/NuclearPowerPlantAccidentData/Operation_csv_data/SLBOC/74.csv,501,97,0.0,5000.0,10.0,10.0,10.0,True,True,0,0,0,0,True,,,train,deterministic_class_stratified_group_interleave,True,True,True
SLBOC_75,SLBOC,75,data/NuclearPowerPlantAccidentData/Operation_csv_data/SLBOC/75.csv,505,97,0.0,5040.0,10.0,10.0,10.0,True,True,0,0,0,0,True,,,train,deterministic_class_stratified_group_interleave,True,True,True
SLBOC_76,SLBOC,76,data/NuclearPowerPlantAccidentData/Operation_csv_data/SLBOC/76.csv,500,97,0.0,4990.0,10.0,10.0,10.0,True,True,0,0,0,0,True,,,train,deterministic_class_stratified_group_interleave,True,True,True
SLBOC_77,SLBOC,77,data/NuclearPowerPlantAccidentData/Operation_csv_data/SLBOC/77.csv,506,97,0.0,5050.0,10.0,10.0,10.0,True,True,0,0,0,0,True,,,train,deterministic_class_stratified_group_interleave,True,True,True
SLBOC_78,SLBOC,78,data/NuclearPowerPlantAccidentData/Operation_csv_data/SLBOC/78.csv,504,97,0.0,5030.0,10.0,10.0,10.0,True,True,0,0,0,0,True,,,train,deterministic_class_stratified_group_interleave,True,True,True
SLBOC_79,SLBOC,79,data/NuclearPowerPlantAccidentData/Operation_csv_data/SLBOC/79.csv,500,97,0.0,4990.0,10.0,10.0,10.0,True,True,0,0,0,0,True,,,train,deterministic_class_stratified_group_interleave,True,True,True
SLBOC_80,SLBOC,80,data/NuclearPowerPlantAccidentData/Operation_csv_data/SLBOC/80.csv,505,97,0.0,5040.0,10.0,10.0,10.0,True,True,0,0,0,0,True,,,train,deterministic_class_stratified_group_interleave,True,True,True
SLBOC_81,SLBOC,81,data/NuclearPowerPlantAccidentData/Operation_csv_data/SLBOC/81.csv,512,97,0.0,5110.0,10.0,10.0,10.0,True,True,0,0,0,0,True,,,test,deterministic_class_stratified_group_interleave,True,True,True
SLBOC_82,SLBOC,82,data/NuclearPowerPlantAccidentData/Operation_csv_data/SLBOC/82.csv,504,97,0.0,5030.0,10.0,10.0,10.0,True,True,0,0,0,0,True,,,validation,deterministic_class_stratified_group_interleave,True,True,True
SLBOC_83,SLBOC,83,data/NuclearPowerPlantAccidentData/Operation_csv_data/SLBOC/83.csv,503,97,0.0,5020.0,10.0,10.0,10.0,True,True,0,0,0,0,True,,,train,deterministic_class_stratified_group_interleave,True,True,True
SLBOC_84,SLBOC,84,data/NuclearPowerPlantAccidentData/Operation_csv_data/SLBOC/84.csv,497,97,0.0,4960.0,10.0,10.0,10.0,True,True,0,0,0,0,True,,,train,deterministic_class_stratified_group_interleave,True,True,True
SLBOC_85,SLBOC,85,data/NuclearPowerPlantAccidentData/Operation_csv_data/SLBOC/85.csv,489,97,0.0,4880.0,10.0,10.0,10.0,True,True,0,0,0,0,True,,,train,deterministic_class_stratified_group_interleave,True,True,True
SLBOC_86,SLBOC,86,data/NuclearPowerPlantAccidentData/Operation_csv_data/SLBOC/86.csv,483,97,0.0,4820.0,10.0,10.0,10.0,True,True,0,0,0,0,True,,,train,deterministic_class_stratified_group_interleave,True,True,True
SLBOC_87,SLBOC,87,data/NuclearPowerPlantAccidentData/Operation_csv_data/SLBOC/87.csv,479,97,0.0,4780.0,10.0,10.0,10.0,True,True,0,0,0,0,True,,,train,deterministic_class_stratified_group_interleave,True,True,True
SLBOC_88,SLBOC,88,data/NuclearPowerPlantAccidentData/Operation_csv_data/SLBOC/88.csv,473,97,0.0,4720.0,10.0,10.0,10.0,True,True,0,0,0,0,True,,,train,deterministic_class_stratified_group_interleave,True,True,True
SLBOC_89,SLBOC,89,data/NuclearPowerPlantAccidentData/Operation_csv_data/SLBOC/89.csv,468,97,0.0,4670.0,10.0,10.0,10.0,True,True,0,0,0,0,True,,,train,deterministic_class_stratified_group_interleave,True,True,True
SLBOC_90,SLBOC,90,data/NuclearPowerPlantAccidentData/Operation_csv_data/SLBOC/90.csv,463,97,0.0,4620.0,10.0,10.0,10.0,True,True,0,0,0,0,True,,,train,deterministic_class_stratified_group_interleave,True,True,True
SLBOC_91,SLBOC,91,data/NuclearPowerPlantAccidentData/Operation_csv_data/SLBOC/91.csv,458,97,0.0,4570.0,10.0,10.0,10.0,True,True,0,0,0,0,True,,,test,deterministic_class_stratified_group_interleave,True,True,True
SLBOC_92,SLBOC,92,data/NuclearPowerPlantAccidentData/Operation_csv_data/SLBOC/92.csv,457,97,0.0,4560.0,10.0,10.0,10.0,True,True,0,0,0,0,True,,,validation,deterministic_class_stratified_group_interleave,True,True,True
SLBOC_93,SLBOC,93,data/NuclearPowerPlantAccidentData/Operation_csv_data/SLBOC/93.csv,451,97,0.0,4500.0,10.0,10.0,10.0,True,True,0,0,0,0,True,,,train,deterministic_class_stratified_group_interleave,True,True,True
SLBOC_94,SLBOC,94,data/NuclearPowerPlantAccidentData/Operation_csv_data/SLBOC/94.csv,450,97,0.0,4490.0,10.0,10.0,10.0,True,True,0,0,0,0,True,,,train,deterministic_class_stratified_group_interleave,True,True,True
SLBOC_95,SLBOC,95,data/NuclearPowerPlantAccidentData/Operation_csv_data/SLBOC/95.csv,440,97,0.0,4390.0,10.0,10.0,10.0,True,True,0,0,0,0,True,,,train,deterministic_class_stratified_group_interleave,True,True,True
SLBOC_96,SLBOC,96,data/NuclearPowerPlantAccidentData/Operation_csv_data/SLBOC/96.csv,433,97,0.0,4320.0,10.0,10.0,10.0,True,True,0,0,0,0,True,,,train,deterministic_class_stratified_group_interleave,True,True,True
SLBOC_97,SLBOC,97,data/NuclearPowerPlantAccidentData/Operation_csv_data/SLBOC/97.csv,433,97,0.0,4320.0,10.0,10.0,10.0,True,True,0,0,0,0,True,,,train,deterministic_class_stratified_group_interleave,True,True,True
SLBOC_98,SLBOC,98,data/NuclearPowerPlantAccidentData/Operation_csv_data/SLBOC/98.csv,430,97,0.0,4290.0,10.0,10.0,10.0,True,True,0,0,0,0,True,,,train,deterministic_class_stratified_group_interleave,True,True,True
SLBOC_99,SLBOC,99,data/NuclearPowerPlantAccidentData/Operation_csv_data/SLBOC/99.csv,430,97,0.0,4290.0,10.0,10.0,10.0,True,True,0,0,0,0,True,,,train,deterministic_class_stratified_group_interleave,True,True,True
SLBOC_100,SLBOC,100,data/NuclearPowerPlantAccidentData/Operation_csv_data/SLBOC/100.csv,428,97,0.0,4270.0,10.0,10.0,10.0,True,True,0,0,0,0,True,,,train,deterministic_class_stratified_group_interleave,True,True,True
SP_1,SP,1,data/NuclearPowerPlantAccidentData/Operation_csv_data/SP/1.csv,515,97,0.0,5140.0,10.0,10.0,10.0,True,True,0,0,0,0,True,,,train,train_only_class_too_small_for_three_way_split,True,True,True
TT_1,TT,1,data/NuclearPowerPlantAccidentData/Operation_csv_data/TT/1.csv,721,97,0.0,7200.0,10.0,10.0,10.0,True,True,0,0,0,0,True,,,train,train_only_class_too_small_for_three_way_split,True,True,True
