sample_id,accident_class,split,window_s,sample_count,first_sample_s,last_sample_s,sample_points_s
FLB_1,FLB,test,30,3,10.0,30.0,"10,20,30"
FLB_10,FLB,train,30,3,10.0,30.0,"10,20,30"
FLB_100,FLB,train,30,3,10.0,30.0,"10,20,30"
FLB_11,FLB,test,30,3,10.0,30.0,"10,20,30"
FLB_12,FLB,validation,30,3,10.0,30.0,"10,20,30"
FLB_13,FLB,train,30,3,10.0,30.0,"10,20,30"
FLB_14,FLB,train,30,3,10.0,30.0,"10,20,30"
FLB_15,FLB,train,30,3,10.0,30.0,"10,20,30"
FLB_16,FLB,train,30,3,10.0,30.0,"10,20,30"
FLB_17,FLB,train,30,3,10.0,30.0,"10,20,30"
FLB_18,FLB,train,30,3,10.0,30.0,"10,20,30"
FLB_19,FLB,train,30,3,10.0,30.0,"10,20,30"
FLB_2,FLB,validation,30,3,10.0,30.0,"10,20,30"
FLB_20,FLB,train,30,3,10.0,30.0,"10,20,30"
FLB_21,FLB,test,30,3,10.0,30.0,"10,20,30"
FLB_22,FLB,validation,30,3,10.0,30.0,"10,20,30"
FLB_23,FLB,train,30,3,10.0,30.0,"10,20,30"
FLB_24,FLB,train,30,3,10.0,30.0,"10,20,30"
FLB_25,FLB,train,30,3,10.0,30.0,"10,20,30"
FLB_26,FLB,train,30,3,10.0,30.0,"10,20,30"
FLB_27,FLB,train,30,3,10.0,30.0,"10,20,30"
FLB_28,FLB,train,30,3,10.0,30.0,"10,20,30"
FLB_29,FLB,train,30,3,10.0,30.0,"10,20,30"
FLB_3,FLB,train,30,3,10.0,30.0,"10,20,30"
FLB_30,FLB,train,30,3,10.0,30.0,"10,20,30"
FLB_31,FLB,test,30,3,10.0,30.0,"10,20,30"
FLB_32,FLB,validation,30,3,10.0,30.0,"10,20,30"
FLB_33,FLB,train,30,3,10.0,30.0,"10,20,30"
FLB_34,FLB,train,30,3,10.0,30.0,"10,20,30"
FLB_35,FLB,train,30,3,10.0,30.0,"10,20,30"
FLB_36,FLB,train,30,3,10.0,30.0,"10,20,30"
FLB_37,FLB,train,30,3,10.0,30.0,"10,20,30"
FLB_38,FLB,train,30,3,10.0,30.0,"10,20,30"
FLB_39,FLB,train,30,3,10.0,30.0,"10,20,30"
FLB_4,FLB,train,30,3,10.0,30.0,"10,20,30"
FLB_40,FLB,train,30,3,10.0,30.0,"10,20,30"
FLB_41,FLB,test,30,3,10.0,30.0,"10,20,30"
FLB_42,FLB,validation,30,3,10.0,30.0,"10,20,30"
FLB_43,FLB,train,30,3,10.0,30.0,"10,20,30"
FLB_44,FLB,train,30,3,10.0,30.0,"10,20,30"
FLB_45,FLB,train,30,3,10.0,30.0,"10,20,30"
FLB_46,FLB,train,30,3,10.0,30.0,"10,20,30"
FLB_47,FLB,train,30,3,10.0,30.0,"10,20,30"
FLB_48,FLB,train,30,3,10.0,30.0,"10,20,30"
FLB_49,FLB,train,30,3,10.0,30.0,"10,20,30"
FLB_5,FLB,train,30,3,10.0,30.0,"10,20,30"
FLB_50,FLB,train,30,3,10.0,30.0,"10,20,30"
FLB_51,FLB,test,30,3,10.0,30.0,"10,20,30"
FLB_52,FLB,validation,30,3,10.0,30.0,"10,20,30"
FLB_53,FLB,train,30,3,10.0,30.0,"10,20,30"
FLB_54,FLB,train,30,3,10.0,30.0,"10,20,30"
FLB_55,FLB,train,30,3,10.0,30.0,"10,20,30"
FLB_56,FLB,train,30,3,10.0,30.0,"10,20,30"
FLB_57,FLB,train,30,3,10.0,30.0,"10,20,30"
FLB_58,FLB,train,30,3,10.0,30.0,"10,20,30"
FLB_59,FLB,train,30,3,10.0,30.0,"10,20,30"
FLB_6,FLB,train,30,3,10.0,30.0,"10,20,30"
FLB_60,FLB,train,30,3,10.0,30.0,"10,20,30"
FLB_61,FLB,test,30,3,10.0,30.0,"10,20,30"
FLB_62,FLB,validation,30,3,10.0,30.0,"10,20,30"
FLB_63,FLB,train,30,3,10.0,30.0,"10,20,30"
FLB_64,FLB,train,30,3,10.0,30.0,"10,20,30"
FLB_65,FLB,train,30,3,10.0,30.0,"10,20,30"
FLB_66,FLB,train,30,3,10.0,30.0,"10,20,30"
FLB_67,FLB,train,30,3,10.0,30.0,"10,20,30"
FLB_68,FLB,train,30,3,10.0,30.0,"10,20,30"
FLB_69,FLB,train,30,3,10.0,30.0,"10,20,30"
FLB_7,FLB,train,30,3,10.0,30.0,"10,20,30"
FLB_70,FLB,train,30,3,10.0,30.0,"10,20,30"
FLB_71,FLB,test,30,3,10.0,30.0,"10,20,30"
FLB_72,FLB,validation,30,3,10.0,30.0,"10,20,30"
FLB_73,FLB,train,30,3,10.0,30.0,"10,20,30"
FLB_74,FLB,train,30,3,10.0,30.0,"10,20,30"
FLB_75,FLB,train,30,3,10.0,30.0,"10,20,30"
FLB_76,FLB,train,30,3,10.0,30.0,"10,20,30"
FLB_77,FLB,train,30,3,10.0,30.0,"10,20,30"
FLB_78,FLB,train,30,3,10.0,30.0,"10,20,30"
FLB_79,FLB,train,30,3,10.0,30.0,"10,20,30"
FLB_8,FLB,train,30,3,10.0,30.0,"10,20,30"
FLB_80,FLB,train,30,3,10.0,30.0,"10,20,30"
FLB_81,FLB,test,30,3,10.0,30.0,"10,20,30"
FLB_82,FLB,validation,30,3,10.0,30.0,"10,20,30"
FLB_83,FLB,train,30,3,10.0,30.0,"10,20,30"
FLB_84,FLB,train,30,3,10.0,30.0,"10,20,30"
FLB_85,FLB,train,30,3,10.0,30.0,"10,20,30"
FLB_86,FLB,train,30,3,10.0,30.0,"10,20,30"
FLB_87,FLB,train,30,3,10.0,30.0,"10,20,30"
FLB_88,FLB,train,30,3,10.0,30.0,"10,20,30"
FLB_89,FLB,train,30,3,10.0,30.0,"10,20,30"
FLB_9,FLB,train,30,3,10.0,30.0,"10,20,30"
FLB_90,FLB,train,30,3,10.0,30.0,"10,20,30"
FLB_91,FLB,test,30,3,10.0,30.0,"10,20,30"
FLB_92,FLB,validation,30,3,10.0,30.0,"10,20,30"
FLB_93,FLB,train,30,3,10.0,30.0,"10,20,30"
FLB_94,FLB,train,30,3,10.0,30.0,"10,20,30"
FLB_95,FLB,train,30,3,10.0,30.0,"10,20,30"
FLB_96,FLB,train,30,3,10.0,30.0,"10,20,30"
FLB_97,FLB,train,30,3,10.0,30.0,"10,20,30"
FLB_98,FLB,train,30,3,10.0,30.0,"10,20,30"
FLB_99,FLB,train,30,3,10.0,30.0,"10,20,30"
LLB_1,LLB,test,30,3,10.0,30.0,"10,20,30"
LLB_10,LLB,train,30,3,10.0,30.0,"10,20,30"
LLB_100,LLB,train,30,3,10.0,30.0,"10,20,30"
LLB_101,LLB,test,30,3,10.0,30.0,"10,20,30"
LLB_11,LLB,test,30,3,10.0,30.0,"10,20,30"
LLB_12,LLB,validation,30,3,10.0,30.0,"10,20,30"
LLB_13,LLB,train,30,3,10.0,30.0,"10,20,30"
LLB_14,LLB,train,30,3,10.0,30.0,"10,20,30"
LLB_15,LLB,train,30,3,10.0,30.0,"10,20,30"
LLB_16,LLB,train,30,3,10.0,30.0,"10,20,30"
LLB_17,LLB,train,30,3,10.0,30.0,"10,20,30"
LLB_18,LLB,train,30,3,10.0,30.0,"10,20,30"
LLB_19,LLB,train,30,3,10.0,30.0,"10,20,30"
LLB_2,LLB,validation,30,3,10.0,30.0,"10,20,30"
LLB_20,LLB,train,30,3,10.0,30.0,"10,20,30"
LLB_21,LLB,test,30,3,10.0,30.0,"10,20,30"
LLB_22,LLB,validation,30,3,10.0,30.0,"10,20,30"
LLB_23,LLB,train,30,3,10.0,30.0,"10,20,30"
LLB_24,LLB,train,30,3,10.0,30.0,"10,20,30"
LLB_25,LLB,train,30,3,10.0,30.0,"10,20,30"
LLB_26,LLB,train,30,3,10.0,30.0,"10,20,30"
LLB_27,LLB,train,30,3,10.0,30.0,"10,20,30"
LLB_28,LLB,train,30,3,10.0,30.0,"10,20,30"
LLB_29,LLB,train,30,3,10.0,30.0,"10,20,30"
LLB_3,LLB,train,30,3,10.0,30.0,"10,20,30"
LLB_30,LLB,train,30,3,10.0,30.0,"10,20,30"
LLB_31,LLB,test,30,3,10.0,30.0,"10,20,30"
LLB_32,LLB,validation,30,3,10.0,30.0,"10,20,30"
LLB_33,LLB,train,30,3,10.0,30.0,"10,20,30"
LLB_34,LLB,train,30,3,10.0,30.0,"10,20,30"
LLB_35,LLB,train,30,3,10.0,30.0,"10,20,30"
LLB_36,LLB,train,30,3,10.0,30.0,"10,20,30"
LLB_37,LLB,train,30,3,10.0,30.0,"10,20,30"
LLB_38,LLB,train,30,3,10.0,30.0,"10,20,30"
LLB_39,LLB,train,30,3,10.0,30.0,"10,20,30"
LLB_4,LLB,train,30,3,10.0,30.0,"10,20,30"
LLB_40,LLB,train,30,3,10.0,30.0,"10,20,30"
LLB_41,LLB,test,30,3,10.0,30.0,"10,20,30"
LLB_42,LLB,validation,30,3,10.0,30.0,"10,20,30"
LLB_43,LLB,train,30,3,10.0,30.0,"10,20,30"
LLB_44,LLB,train,30,3,10.0,30.0,"10,20,30"
LLB_45,LLB,train,30,3,10.0,30.0,"10,20,30"
LLB_46,LLB,train,30,3,10.0,30.0,"10,20,30"
LLB_47,LLB,train,30,3,10.0,30.0,"10,20,30"
LLB_48,LLB,train,30,3,10.0,30.0,"10,20,30"
LLB_49,LLB,train,30,3,10.0,30.0,"10,20,30"
LLB_5,LLB,train,30,3,10.0,30.0,"10,20,30"
LLB_50,LLB,train,30,3,10.0,30.0,"10,20,30"
LLB_51,LLB,test,30,3,10.0,30.0,"10,20,30"
LLB_52,LLB,validation,30,3,10.0,30.0,"10,20,30"
LLB_53,LLB,train,30,3,10.0,30.0,"10,20,30"
LLB_54,LLB,train,30,3,10.0,30.0,"10,20,30"
LLB_55,LLB,train,30,3,10.0,30.0,"10,20,30"
LLB_56,LLB,train,30,3,10.0,30.0,"10,20,30"
LLB_57,LLB,train,30,3,10.0,30.0,"10,20,30"
LLB_58,LLB,train,30,3,10.0,30.0,"10,20,30"
LLB_59,LLB,train,30,3,10.0,30.0,"10,20,30"
LLB_6,LLB,train,30,3,10.0,30.0,"10,20,30"
LLB_60,LLB,train,30,3,10.0,30.0,"10,20,30"
LLB_61,LLB,test,30,3,10.0,30.0,"10,20,30"
LLB_62,LLB,validation,30,3,10.0,30.0,"10,20,30"
LLB_63,LLB,train,30,3,10.0,30.0,"10,20,30"
LLB_64,LLB,train,30,3,10.0,30.0,"10,20,30"
LLB_65,LLB,train,30,3,10.0,30.0,"10,20,30"
LLB_66,LLB,train,30,3,10.0,30.0,"10,20,30"
LLB_67,LLB,train,30,3,10.0,30.0,"10,20,30"
LLB_68,LLB,train,30,3,10.0,30.0,"10,20,30"
LLB_69,LLB,train,30,3,10.0,30.0,"10,20,30"
LLB_7,LLB,train,30,3,10.0,30.0,"10,20,30"
LLB_70,LLB,train,30,3,10.0,30.0,"10,20,30"
LLB_71,LLB,test,30,3,10.0,30.0,"10,20,30"
LLB_72,LLB,validation,30,3,10.0,30.0,"10,20,30"
LLB_73,LLB,train,30,3,10.0,30.0,"10,20,30"
LLB_74,LLB,train,30,3,10.0,30.0,"10,20,30"
LLB_75,LLB,train,30,3,10.0,30.0,"10,20,30"
LLB_76,LLB,train,30,3,10.0,30.0,"10,20,30"
LLB_77,LLB,train,30,3,10.0,30.0,"10,20,30"
LLB_78,LLB,train,30,3,10.0,30.0,"10,20,30"
LLB_79,LLB,train,30,3,10.0,30.0,"10,20,30"
LLB_8,LLB,train,30,3,10.0,30.0,"10,20,30"
LLB_80,LLB,train,30,3,10.0,30.0,"10,20,30"
LLB_81,LLB,test,30,3,10.0,30.0,"10,20,30"
LLB_82,LLB,validation,30,3,10.0,30.0,"10,20,30"
LLB_83,LLB,train,30,3,10.0,30.0,"10,20,30"
LLB_84,LLB,train,30,3,10.0,30.0,"10,20,30"
LLB_85,LLB,train,30,3,10.0,30.0,"10,20,30"
LLB_86,LLB,train,30,3,10.0,30.0,"10,20,30"
LLB_87,LLB,train,30,3,10.0,30.0,"10,20,30"
LLB_88,LLB,train,30,3,10.0,30.0,"10,20,30"
LLB_89,LLB,train,30,3,10.0,30.0,"10,20,30"
LLB_9,LLB,train,30,3,10.0,30.0,"10,20,30"
LLB_90,LLB,train,30,3,10.0,30.0,"10,20,30"
LLB_91,LLB,test,30,3,10.0,30.0,"10,20,30"
LLB_92,LLB,validation,30,3,10.0,30.0,"10,20,30"
LLB_93,LLB,train,30,3,10.0,30.0,"10,20,30"
LLB_94,LLB,train,30,3,10.0,30.0,"10,20,30"
LLB_95,LLB,train,30,3,10.0,30.0,"10,20,30"
LLB_96,LLB,train,30,3,10.0,30.0,"10,20,30"
LLB_97,LLB,train,30,3,10.0,30.0,"10,20,30"
LLB_98,LLB,train,30,3,10.0,30.0,"10,20,30"
LLB_99,LLB,train,30,3,10.0,30.0,"10,20,30"
LOCAC_1,LOCAC,test,30,3,10.0,30.0,"10,20,30"
LOCAC_10,LOCAC,train,30,3,10.0,30.0,"10,20,30"
LOCAC_100,LOCAC,train,30,3,10.0,30.0,"10,20,30"
LOCAC_11,LOCAC,test,30,3,10.0,30.0,"10,20,30"
LOCAC_12,LOCAC,validation,30,3,10.0,30.0,"10,20,30"
LOCAC_13,LOCAC,train,30,3,10.0,30.0,"10,20,30"
LOCAC_14,LOCAC,train,30,3,10.0,30.0,"10,20,30"
LOCAC_15,LOCAC,train,30,3,10.0,30.0,"10,20,30"
LOCAC_16,LOCAC,train,30,3,10.0,30.0,"10,20,30"
LOCAC_17,LOCAC,train,30,3,10.0,30.0,"10,20,30"
LOCAC_18,LOCAC,train,30,3,10.0,30.0,"10,20,30"
LOCAC_19,LOCAC,train,30,3,10.0,30.0,"10,20,30"
LOCAC_2,LOCAC,validation,30,3,10.0,30.0,"10,20,30"
LOCAC_20,LOCAC,train,30,3,10.0,30.0,"10,20,30"
LOCAC_21,LOCAC,test,30,3,10.0,30.0,"10,20,30"
LOCAC_22,LOCAC,validation,30,3,10.0,30.0,"10,20,30"
LOCAC_23,LOCAC,train,30,3,10.0,30.0,"10,20,30"
LOCAC_24,LOCAC,train,30,3,10.0,30.0,"10,20,30"
LOCAC_25,LOCAC,train,30,3,10.0,30.0,"10,20,30"
LOCAC_26,LOCAC,train,30,3,10.0,30.0,"10,20,30"
LOCAC_27,LOCAC,train,30,3,10.0,30.0,"10,20,30"
LOCAC_28,LOCAC,train,30,3,10.0,30.0,"10,20,30"
LOCAC_29,LOCAC,train,30,3,10.0,30.0,"10,20,30"
LOCAC_3,LOCAC,train,30,3,10.0,30.0,"10,20,30"
LOCAC_30,LOCAC,train,30,3,10.0,30.0,"10,20,30"
LOCAC_31,LOCAC,test,30,3,10.0,30.0,"10,20,30"
LOCAC_32,LOCAC,validation,30,3,10.0,30.0,"10,20,30"
LOCAC_33,LOCAC,train,30,3,10.0,30.0,"10,20,30"
LOCAC_34,LOCAC,train,30,3,10.0,30.0,"10,20,30"
LOCAC_35,LOCAC,train,30,3,10.0,30.0,"10,20,30"
LOCAC_36,LOCAC,train,30,3,10.0,30.0,"10,20,30"
LOCAC_37,LOCAC,train,30,3,10.0,30.0,"10,20,30"
LOCAC_38,LOCAC,train,30,3,10.0,30.0,"10,20,30"
LOCAC_39,LOCAC,train,30,3,10.0,30.0,"10,20,30"
LOCAC_4,LOCAC,train,30,3,10.0,30.0,"10,20,30"
LOCAC_40,LOCAC,train,30,3,10.0,30.0,"10,20,30"
LOCAC_41,LOCAC,test,30,3,10.0,30.0,"10,20,30"
LOCAC_42,LOCAC,validation,30,3,10.0,30.0,"10,20,30"
LOCAC_43,LOCAC,train,30,3,10.0,30.0,"10,20,30"
LOCAC_44,LOCAC,train,30,3,10.0,30.0,"10,20,30"
LOCAC_45,LOCAC,train,30,3,10.0,30.0,"10,20,30"
LOCAC_46,LOCAC,train,30,3,10.0,30.0,"10,20,30"
LOCAC_47,LOCAC,train,30,3,10.0,30.0,"10,20,30"
LOCAC_48,LOCAC,train,30,3,10.0,30.0,"10,20,30"
LOCAC_49,LOCAC,train,30,3,10.0,30.0,"10,20,30"
LOCAC_5,LOCAC,train,30,3,10.0,30.0,"10,20,30"
LOCAC_50,LOCAC,train,30,3,10.0,30.0,"10,20,30"
LOCAC_51,LOCAC,test,30,3,10.0,30.0,"10,20,30"
LOCAC_52,LOCAC,validation,30,3,10.0,30.0,"10,20,30"
LOCAC_53,LOCAC,train,30,3,10.0,30.0,"10,20,30"
LOCAC_54,LOCAC,train,30,3,10.0,30.0,"10,20,30"
LOCAC_55,LOCAC,train,30,3,10.0,30.0,"10,20,30"
LOCAC_56,LOCAC,train,30,3,10.0,30.0,"10,20,30"
LOCAC_57,LOCAC,train,30,3,10.0,30.0,"10,20,30"
LOCAC_58,LOCAC,train,30,3,10.0,30.0,"10,20,30"
LOCAC_59,LOCAC,train,30,3,10.0,30.0,"10,20,30"
LOCAC_6,LOCAC,train,30,3,10.0,30.0,"10,20,30"
LOCAC_60,LOCAC,train,30,3,10.0,30.0,"10,20,30"
LOCAC_61,LOCAC,test,30,3,10.0,30.0,"10,20,30"
LOCAC_62,LOCAC,validation,30,3,10.0,30.0,"10,20,30"
LOCAC_63,LOCAC,train,30,3,10.0,30.0,"10,20,30"
LOCAC_64,LOCAC,train,30,3,10.0,30.0,"10,20,30"
LOCAC_65,LOCAC,train,30,3,10.0,30.0,"10,20,30"
LOCAC_66,LOCAC,train,30,3,10.0,30.0,"10,20,30"
LOCAC_67,LOCAC,train,30,3,10.0,30.0,"10,20,30"
LOCAC_68,LOCAC,train,30,3,10.0,30.0,"10,20,30"
LOCAC_69,LOCAC,train,30,3,10.0,30.0,"10,20,30"
LOCAC_7,LOCAC,train,30,3,10.0,30.0,"10,20,30"
LOCAC_70,LOCAC,train,30,3,10.0,30.0,"10,20,30"
LOCAC_71,LOCAC,test,30,3,10.0,30.0,"10,20,30"
LOCAC_72,LOCAC,validation,30,3,10.0,30.0,"10,20,30"
LOCAC_73,LOCAC,train,30,3,10.0,30.0,"10,20,30"
LOCAC_74,LOCAC,train,30,3,10.0,30.0,"10,20,30"
LOCAC_75,LOCAC,train,30,3,10.0,30.0,"10,20,30"
LOCAC_76,LOCAC,train,30,3,10.0,30.0,"10,20,30"
LOCAC_77,LOCAC,train,30,3,10.0,30.0,"10,20,30"
LOCAC_78,LOCAC,train,30,3,10.0,30.0,"10,20,30"
LOCAC_79,LOCAC,train,30,3,10.0,30.0,"10,20,30"
LOCAC_8,LOCAC,train,30,3,10.0,30.0,"10,20,30"
LOCAC_80,LOCAC,train,30,3,10.0,30.0,"10,20,30"
LOCAC_81,LOCAC,test,30,3,10.0,30.0,"10,20,30"
LOCAC_82,LOCAC,validation,30,3,10.0,30.0,"10,20,30"
LOCAC_83,LOCAC,train,30,3,10.0,30.0,"10,20,30"
LOCAC_84,LOCAC,train,30,3,10.0,30.0,"10,20,30"
LOCAC_85,LOCAC,train,30,3,10.0,30.0,"10,20,30"
LOCAC_86,LOCAC,train,30,3,10.0,30.0,"10,20,30"
LOCAC_87,LOCAC,train,30,3,10.0,30.0,"10,20,30"
LOCAC_88,LOCAC,train,30,3,10.0,30.0,"10,20,30"
LOCAC_89,LOCAC,train,30,3,10.0,30.0,"10,20,30"
LOCAC_9,LOCAC,train,30,3,10.0,30.0,"10,20,30"
LOCAC_90,LOCAC,train,30,3,10.0,30.0,"10,20,30"
LOCAC_91,LOCAC,test,30,3,10.0,30.0,"10,20,30"
LOCAC_92,LOCAC,validation,30,3,10.0,30.0,"10,20,30"
LOCAC_93,LOCAC,train,30,3,10.0,30.0,"10,20,30"
LOCAC_94,LOCAC,train,30,3,10.0,30.0,"10,20,30"
LOCAC_95,LOCAC,train,30,3,10.0,30.0,"10,20,30"
LOCAC_96,LOCAC,train,30,3,10.0,30.0,"10,20,30"
LOCAC_97,LOCAC,train,30,3,10.0,30.0,"10,20,30"
LOCAC_98,LOCAC,train,30,3,10.0,30.0,"10,20,30"
LOCAC_99,LOCAC,train,30,3,10.0,30.0,"10,20,30"
LOCA_1,LOCA,test,30,3,10.0,30.0,"10,20,30"
LOCA_10,LOCA,train,30,3,10.0,30.0,"10,20,30"
LOCA_100,LOCA,train,30,3,10.0,30.0,"10,20,30"
LOCA_11,LOCA,test,30,3,10.0,30.0,"10,20,30"
LOCA_12,LOCA,validation,30,3,10.0,30.0,"10,20,30"
LOCA_13,LOCA,train,30,3,10.0,30.0,"10,20,30"
LOCA_14,LOCA,train,30,3,10.0,30.0,"10,20,30"
LOCA_15,LOCA,train,30,3,10.0,30.0,"10,20,30"
LOCA_16,LOCA,train,30,3,10.0,30.0,"10,20,30"
LOCA_17,LOCA,train,30,3,10.0,30.0,"10,20,30"
LOCA_18,LOCA,train,30,3,10.0,30.0,"10,20,30"
LOCA_19,LOCA,train,30,3,10.0,30.0,"10,20,30"
LOCA_2,LOCA,validation,30,3,10.0,30.0,"10,20,30"
LOCA_20,LOCA,train,30,3,10.0,30.0,"10,20,30"
LOCA_21,LOCA,test,30,3,10.0,30.0,"10,20,30"
LOCA_22,LOCA,validation,30,3,10.0,30.0,"10,20,30"
LOCA_23,LOCA,train,30,3,10.0,30.0,"10,20,30"
LOCA_24,LOCA,train,30,3,10.0,30.0,"10,20,30"
LOCA_25,LOCA,train,30,3,10.0,30.0,"10,20,30"
LOCA_26,LOCA,train,30,3,10.0,30.0,"10,20,30"
LOCA_27,LOCA,train,30,3,10.0,30.0,"10,20,30"
LOCA_28,LOCA,train,30,3,10.0,30.0,"10,20,30"
LOCA_29,LOCA,train,30,3,10.0,30.0,"10,20,30"
LOCA_3,LOCA,train,30,3,10.0,30.0,"10,20,30"
LOCA_30,LOCA,train,30,3,10.0,30.0,"10,20,30"
LOCA_31,LOCA,test,30,3,10.0,30.0,"10,20,30"
LOCA_32,LOCA,validation,30,3,10.0,30.0,"10,20,30"
LOCA_33,LOCA,train,30,3,10.0,30.0,"10,20,30"
LOCA_34,LOCA,train,30,3,10.0,30.0,"10,20,30"
LOCA_35,LOCA,train,30,3,10.0,30.0,"10,20,30"
LOCA_36,LOCA,train,30,3,10.0,30.0,"10,20,30"
LOCA_37,LOCA,train,30,3,10.0,30.0,"10,20,30"
LOCA_38,LOCA,train,30,3,10.0,30.0,"10,20,30"
LOCA_39,LOCA,train,30,3,10.0,30.0,"10,20,30"
LOCA_4,LOCA,train,30,3,10.0,30.0,"10,20,30"
LOCA_40,LOCA,train,30,3,10.0,30.0,"10,20,30"
LOCA_41,LOCA,test,30,3,10.0,30.0,"10,20,30"
LOCA_42,LOCA,validation,30,3,10.0,30.0,"10,20,30"
LOCA_43,LOCA,train,30,3,10.0,30.0,"10,20,30"
LOCA_44,LOCA,train,30,3,10.0,30.0,"10,20,30"
LOCA_45,LOCA,train,30,3,10.0,30.0,"10,20,30"
LOCA_46,LOCA,train,30,3,10.0,30.0,"10,20,30"
LOCA_47,LOCA,train,30,3,10.0,30.0,"10,20,30"
LOCA_48,LOCA,train,30,3,10.0,30.0,"10,20,30"
LOCA_49,LOCA,train,30,3,10.0,30.0,"10,20,30"
LOCA_5,LOCA,train,30,3,10.0,30.0,"10,20,30"
LOCA_50,LOCA,train,30,3,10.0,30.0,"10,20,30"
LOCA_51,LOCA,test,30,3,10.0,30.0,"10,20,30"
LOCA_52,LOCA,validation,30,3,10.0,30.0,"10,20,30"
LOCA_53,LOCA,train,30,3,10.0,30.0,"10,20,30"
LOCA_54,LOCA,train,30,3,10.0,30.0,"10,20,30"
LOCA_55,LOCA,train,30,3,10.0,30.0,"10,20,30"
LOCA_56,LOCA,train,30,3,10.0,30.0,"10,20,30"
LOCA_57,LOCA,train,30,3,10.0,30.0,"10,20,30"
LOCA_58,LOCA,train,30,3,10.0,30.0,"10,20,30"
LOCA_59,LOCA,train,30,3,10.0,30.0,"10,20,30"
LOCA_6,LOCA,train,30,3,10.0,30.0,"10,20,30"
LOCA_60,LOCA,train,30,3,10.0,30.0,"10,20,30"
LOCA_61,LOCA,test,30,3,10.0,30.0,"10,20,30"
LOCA_62,LOCA,validation,30,3,10.0,30.0,"10,20,30"
LOCA_63,LOCA,train,30,3,10.0,30.0,"10,20,30"
LOCA_64,LOCA,train,30,3,10.0,30.0,"10,20,30"
LOCA_65,LOCA,train,30,3,10.0,30.0,"10,20,30"
LOCA_66,LOCA,train,30,3,10.0,30.0,"10,20,30"
LOCA_67,LOCA,train,30,3,10.0,30.0,"10,20,30"
LOCA_68,LOCA,train,30,3,10.0,30.0,"10,20,30"
LOCA_69,LOCA,train,30,3,10.0,30.0,"10,20,30"
LOCA_7,LOCA,train,30,3,10.0,30.0,"10,20,30"
LOCA_70,LOCA,train,30,3,10.0,30.0,"10,20,30"
LOCA_71,LOCA,test,30,3,10.0,30.0,"10,20,30"
LOCA_72,LOCA,validation,30,3,10.0,30.0,"10,20,30"
LOCA_73,LOCA,train,30,3,10.0,30.0,"10,20,30"
LOCA_74,LOCA,train,30,3,10.0,30.0,"10,20,30"
LOCA_75,LOCA,train,30,3,10.0,30.0,"10,20,30"
LOCA_76,LOCA,train,30,3,10.0,30.0,"10,20,30"
LOCA_77,LOCA,train,30,3,10.0,30.0,"10,20,30"
LOCA_78,LOCA,train,30,3,10.0,30.0,"10,20,30"
LOCA_79,LOCA,train,30,3,10.0,30.0,"10,20,30"
LOCA_8,LOCA,train,30,3,10.0,30.0,"10,20,30"
LOCA_80,LOCA,train,30,3,10.0,30.0,"10,20,30"
LOCA_81,LOCA,test,30,3,10.0,30.0,"10,20,30"
LOCA_82,LOCA,validation,30,3,10.0,30.0,"10,20,30"
LOCA_83,LOCA,train,30,3,10.0,30.0,"10,20,30"
LOCA_84,LOCA,train,30,3,10.0,30.0,"10,20,30"
LOCA_85,LOCA,train,30,3,10.0,30.0,"10,20,30"
LOCA_86,LOCA,train,30,3,10.0,30.0,"10,20,30"
LOCA_87,LOCA,train,30,3,10.0,30.0,"10,20,30"
LOCA_88,LOCA,train,30,3,10.0,30.0,"10,20,30"
LOCA_89,LOCA,train,30,3,10.0,30.0,"10,20,30"
LOCA_9,LOCA,train,30,3,10.0,30.0,"10,20,30"
LOCA_90,LOCA,train,30,3,10.0,30.0,"10,20,30"
LOCA_91,LOCA,test,30,3,10.0,30.0,"10,20,30"
LOCA_92,LOCA,validation,30,3,10.0,30.0,"10,20,30"
LOCA_93,LOCA,train,30,3,10.0,30.0,"10,20,30"
LOCA_94,LOCA,train,30,3,10.0,30.0,"10,20,30"
LOCA_95,LOCA,train,30,3,10.0,30.0,"10,20,30"
LOCA_96,LOCA,train,30,3,10.0,30.0,"10,20,30"
LOCA_97,LOCA,train,30,3,10.0,30.0,"10,20,30"
LOCA_98,LOCA,train,30,3,10.0,30.0,"10,20,30"
LOCA_99,LOCA,train,30,3,10.0,30.0,"10,20,30"
LR_1,LR,test,30,3,10.0,30.0,"10,20,30"
LR_10,LR,train,30,3,10.0,30.0,"10,20,30"
LR_11,LR,test,30,3,10.0,30.0,"10,20,30"
LR_12,LR,validation,30,3,10.0,30.0,"10,20,30"
LR_13,LR,train,30,3,10.0,30.0,"10,20,30"
LR_14,LR,train,30,3,10.0,30.0,"10,20,30"
LR_15,LR,train,30,3,10.0,30.0,"10,20,30"
LR_16,LR,train,30,3,10.0,30.0,"10,20,30"
LR_17,LR,train,30,3,10.0,30.0,"10,20,30"
LR_18,LR,train,30,3,10.0,30.0,"10,20,30"
LR_19,LR,train,30,3,10.0,30.0,"10,20,30"
LR_2,LR,validation,30,3,10.0,30.0,"10,20,30"
LR_20,LR,train,30,3,10.0,30.0,"10,20,30"
LR_21,LR,test,30,3,10.0,30.0,"10,20,30"
LR_22,LR,validation,30,3,10.0,30.0,"10,20,30"
LR_23,LR,train,30,3,10.0,30.0,"10,20,30"
LR_24,LR,train,30,3,10.0,30.0,"10,20,30"
LR_25,LR,train,30,3,10.0,30.0,"10,20,30"
LR_26,LR,train,30,3,10.0,30.0,"10,20,30"
LR_27,LR,train,30,3,10.0,30.0,"10,20,30"
LR_28,LR,train,30,3,10.0,30.0,"10,20,30"
LR_29,LR,train,30,3,10.0,30.0,"10,20,30"
LR_3,LR,train,30,3,10.0,30.0,"10,20,30"
LR_30,LR,train,30,3,10.0,30.0,"10,20,30"
LR_31,LR,test,30,3,10.0,30.0,"10,20,30"
LR_32,LR,validation,30,3,10.0,30.0,"10,20,30"
LR_33,LR,train,30,3,10.0,30.0,"10,20,30"
LR_34,LR,train,30,3,10.0,30.0,"10,20,30"
LR_35,LR,train,30,3,10.0,30.0,"10,20,30"
LR_36,LR,train,30,3,10.0,30.0,"10,20,30"
LR_37,LR,train,30,3,10.0,30.0,"10,20,30"
LR_38,LR,train,30,3,10.0,30.0,"10,20,30"
LR_39,LR,train,30,3,10.0,30.0,"10,20,30"
LR_4,LR,train,30,3,10.0,30.0,"10,20,30"
LR_40,LR,train,30,3,10.0,30.0,"10,20,30"
LR_41,LR,test,30,3,10.0,30.0,"10,20,30"
LR_42,LR,validation,30,3,10.0,30.0,"10,20,30"
LR_43,LR,train,30,3,10.0,30.0,"10,20,30"
LR_44,LR,train,30,3,10.0,30.0,"10,20,30"
LR_45,LR,train,30,3,10.0,30.0,"10,20,30"
LR_46,LR,train,30,3,10.0,30.0,"10,20,30"
LR_47,LR,train,30,3,10.0,30.0,"10,20,30"
LR_48,LR,train,30,3,10.0,30.0,"10,20,30"
LR_49,LR,train,30,3,10.0,30.0,"10,20,30"
LR_5,LR,train,30,3,10.0,30.0,"10,20,30"
LR_50,LR,train,30,3,10.0,30.0,"10,20,30"
LR_51,LR,test,30,3,10.0,30.0,"10,20,30"
LR_52,LR,validation,30,3,10.0,30.0,"10,20,30"
LR_53,LR,train,30,3,10.0,30.0,"10,20,30"
LR_54,LR,train,30,3,10.0,30.0,"10,20,30"
LR_55,LR,train,30,3,10.0,30.0,"10,20,30"
LR_56,LR,train,30,3,10.0,30.0,"10,20,30"
LR_57,LR,train,30,3,10.0,30.0,"10,20,30"
LR_58,LR,train,30,3,10.0,30.0,"10,20,30"
LR_59,LR,train,30,3,10.0,30.0,"10,20,30"
LR_6,LR,train,30,3,10.0,30.0,"10,20,30"
LR_60,LR,train,30,3,10.0,30.0,"10,20,30"
LR_61,LR,test,30,3,10.0,30.0,"10,20,30"
LR_62,LR,validation,30,3,10.0,30.0,"10,20,30"
LR_63,LR,train,30,3,10.0,30.0,"10,20,30"
LR_64,LR,train,30,3,10.0,30.0,"10,20,30"
LR_65,LR,train,30,3,10.0,30.0,"10,20,30"
LR_66,LR,train,30,3,10.0,30.0,"10,20,30"
LR_67,LR,train,30,3,10.0,30.0,"10,20,30"
LR_68,LR,train,30,3,10.0,30.0,"10,20,30"
LR_69,LR,train,30,3,10.0,30.0,"10,20,30"
LR_7,LR,train,30,3,10.0,30.0,"10,20,30"
LR_70,LR,train,30,3,10.0,30.0,"10,20,30"
LR_71,LR,test,30,3,10.0,30.0,"10,20,30"
LR_72,LR,validation,30,3,10.0,30.0,"10,20,30"
LR_73,LR,train,30,3,10.0,30.0,"10,20,30"
LR_74,LR,train,30,3,10.0,30.0,"10,20,30"
LR_75,LR,train,30,3,10.0,30.0,"10,20,30"
LR_76,LR,train,30,3,10.0,30.0,"10,20,30"
LR_77,LR,train,30,3,10.0,30.0,"10,20,30"
LR_78,LR,train,30,3,10.0,30.0,"10,20,30"
LR_79,LR,train,30,3,10.0,30.0,"10,20,30"
LR_8,LR,train,30,3,10.0,30.0,"10,20,30"
LR_80,LR,train,30,3,10.0,30.0,"10,20,30"
LR_81,LR,test,30,3,10.0,30.0,"10,20,30"
LR_82,LR,validation,30,3,10.0,30.0,"10,20,30"
LR_83,LR,train,30,3,10.0,30.0,"10,20,30"
LR_84,LR,train,30,3,10.0,30.0,"10,20,30"
LR_85,LR,train,30,3,10.0,30.0,"10,20,30"
LR_86,LR,train,30,3,10.0,30.0,"10,20,30"
LR_87,LR,train,30,3,10.0,30.0,"10,20,30"
LR_88,LR,train,30,3,10.0,30.0,"10,20,30"
LR_89,LR,train,30,3,10.0,30.0,"10,20,30"
LR_9,LR,train,30,3,10.0,30.0,"10,20,30"
LR_90,LR,train,30,3,10.0,30.0,"10,20,30"
LR_91,LR,test,30,3,10.0,30.0,"10,20,30"
LR_92,LR,validation,30,3,10.0,30.0,"10,20,30"
LR_93,LR,train,30,3,10.0,30.0,"10,20,30"
LR_94,LR,train,30,3,10.0,30.0,"10,20,30"
LR_95,LR,train,30,3,10.0,30.0,"10,20,30"
LR_96,LR,train,30,3,10.0,30.0,"10,20,30"
LR_97,LR,train,30,3,10.0,30.0,"10,20,30"
LR_98,LR,train,30,3,10.0,30.0,"10,20,30"
LR_99,LR,train,30,3,10.0,30.0,"10,20,30"
MD_1,MD,test,30,3,10.0,30.0,"10,20,30"
MD_10,MD,train,30,3,10.0,30.0,"10,20,30"
MD_100,MD,train,30,3,10.0,30.0,"10,20,30"
MD_11,MD,test,30,3,10.0,30.0,"10,20,30"
MD_12,MD,validation,30,3,10.0,30.0,"10,20,30"
MD_13,MD,train,30,3,10.0,30.0,"10,20,30"
MD_14,MD,train,30,3,10.0,30.0,"10,20,30"
MD_15,MD,train,30,3,10.0,30.0,"10,20,30"
MD_16,MD,train,30,3,10.0,30.0,"10,20,30"
MD_17,MD,train,30,3,10.0,30.0,"10,20,30"
MD_18,MD,train,30,3,10.0,30.0,"10,20,30"
MD_19,MD,train,30,3,10.0,30.0,"10,20,30"
MD_2,MD,validation,30,3,10.0,30.0,"10,20,30"
MD_20,MD,train,30,3,10.0,30.0,"10,20,30"
MD_21,MD,test,30,3,10.0,30.0,"10,20,30"
MD_22,MD,validation,30,3,10.0,30.0,"10,20,30"
MD_23,MD,train,30,3,10.0,30.0,"10,20,30"
MD_24,MD,train,30,3,10.0,30.0,"10,20,30"
MD_25,MD,train,30,3,10.0,30.0,"10,20,30"
MD_26,MD,train,30,3,10.0,30.0,"10,20,30"
MD_27,MD,train,30,3,10.0,30.0,"10,20,30"
MD_28,MD,train,30,3,10.0,30.0,"10,20,30"
MD_29,MD,train,30,3,10.0,30.0,"10,20,30"
MD_3,MD,train,30,3,10.0,30.0,"10,20,30"
MD_30,MD,train,30,3,10.0,30.0,"10,20,30"
MD_31,MD,test,30,3,10.0,30.0,"10,20,30"
MD_32,MD,validation,30,3,10.0,30.0,"10,20,30"
MD_33,MD,train,30,3,10.0,30.0,"10,20,30"
MD_34,MD,train,30,3,10.0,30.0,"10,20,30"
MD_35,MD,train,30,3,10.0,30.0,"10,20,30"
MD_36,MD,train,30,3,10.0,30.0,"10,20,30"
MD_37,MD,train,30,3,10.0,30.0,"10,20,30"
MD_38,MD,train,30,3,10.0,30.0,"10,20,30"
MD_39,MD,train,30,3,10.0,30.0,"10,20,30"
MD_4,MD,train,30,3,10.0,30.0,"10,20,30"
MD_40,MD,train,30,3,10.0,30.0,"10,20,30"
MD_41,MD,test,30,3,10.0,30.0,"10,20,30"
MD_42,MD,validation,30,3,10.0,30.0,"10,20,30"
MD_43,MD,train,30,3,10.0,30.0,"10,20,30"
MD_44,MD,train,30,3,10.0,30.0,"10,20,30"
MD_45,MD,train,30,3,10.0,30.0,"10,20,30"
MD_46,MD,train,30,3,10.0,30.0,"10,20,30"
MD_47,MD,train,30,3,10.0,30.0,"10,20,30"
MD_48,MD,train,30,3,10.0,30.0,"10,20,30"
MD_49,MD,train,30,3,10.0,30.0,"10,20,30"
MD_5,MD,train,30,3,10.0,30.0,"10,20,30"
MD_50,MD,train,30,3,10.0,30.0,"10,20,30"
MD_51,MD,test,30,3,10.0,30.0,"10,20,30"
MD_52,MD,validation,30,3,10.0,30.0,"10,20,30"
MD_53,MD,train,30,3,10.0,30.0,"10,20,30"
MD_54,MD,train,30,3,10.0,30.0,"10,20,30"
MD_55,MD,train,30,3,10.0,30.0,"10,20,30"
MD_56,MD,train,30,3,10.0,30.0,"10,20,30"
MD_57,MD,train,30,3,10.0,30.0,"10,20,30"
MD_58,MD,train,30,3,10.0,30.0,"10,20,30"
MD_59,MD,train,30,3,10.0,30.0,"10,20,30"
MD_6,MD,train,30,3,10.0,30.0,"10,20,30"
MD_60,MD,train,30,3,10.0,30.0,"10,20,30"
MD_61,MD,test,30,3,10.0,30.0,"10,20,30"
MD_62,MD,validation,30,3,10.0,30.0,"10,20,30"
MD_63,MD,train,30,3,10.0,30.0,"10,20,30"
MD_64,MD,train,30,3,10.0,30.0,"10,20,30"
MD_65,MD,train,30,3,10.0,30.0,"10,20,30"
MD_66,MD,train,30,3,10.0,30.0,"10,20,30"
MD_67,MD,train,30,3,10.0,30.0,"10,20,30"
MD_68,MD,train,30,3,10.0,30.0,"10,20,30"
MD_69,MD,train,30,3,10.0,30.0,"10,20,30"
MD_7,MD,train,30,3,10.0,30.0,"10,20,30"
MD_70,MD,train,30,3,10.0,30.0,"10,20,30"
MD_71,MD,test,30,3,10.0,30.0,"10,20,30"
MD_72,MD,validation,30,3,10.0,30.0,"10,20,30"
MD_73,MD,train,30,3,10.0,30.0,"10,20,30"
MD_74,MD,train,30,3,10.0,30.0,"10,20,30"
MD_75,MD,train,30,3,10.0,30.0,"10,20,30"
MD_76,MD,train,30,3,10.0,30.0,"10,20,30"
MD_77,MD,train,30,3,10.0,30.0,"10,20,30"
MD_78,MD,train,30,3,10.0,30.0,"10,20,30"
MD_79,MD,train,30,3,10.0,30.0,"10,20,30"
MD_8,MD,train,30,3,10.0,30.0,"10,20,30"
MD_80,MD,train,30,3,10.0,30.0,"10,20,30"
MD_81,MD,test,30,3,10.0,30.0,"10,20,30"
MD_82,MD,validation,30,3,10.0,30.0,"10,20,30"
MD_83,MD,train,30,3,10.0,30.0,"10,20,30"
MD_84,MD,train,30,3,10.0,30.0,"10,20,30"
MD_85,MD,train,30,3,10.0,30.0,"10,20,30"
MD_86,MD,train,30,3,10.0,30.0,"10,20,30"
MD_87,MD,train,30,3,10.0,30.0,"10,20,30"
MD_88,MD,train,30,3,10.0,30.0,"10,20,30"
MD_89,MD,train,30,3,10.0,30.0,"10,20,30"
MD_9,MD,train,30,3,10.0,30.0,"10,20,30"
MD_90,MD,train,30,3,10.0,30.0,"10,20,30"
MD_91,MD,test,30,3,10.0,30.0,"10,20,30"
MD_92,MD,validation,30,3,10.0,30.0,"10,20,30"
MD_93,MD,train,30,3,10.0,30.0,"10,20,30"
MD_94,MD,train,30,3,10.0,30.0,"10,20,30"
MD_95,MD,train,30,3,10.0,30.0,"10,20,30"
MD_96,MD,train,30,3,10.0,30.0,"10,20,30"
MD_97,MD,train,30,3,10.0,30.0,"10,20,30"
MD_98,MD,train,30,3,10.0,30.0,"10,20,30"
MD_99,MD,train,30,3,10.0,30.0,"10,20,30"
RI_-1,RI,train,30,3,10.0,30.0,"10,20,30"
RI_-10,RI,test,30,3,10.0,30.0,"10,20,30"
RI_-100,RI,test,30,3,10.0,30.0,"10,20,30"
RI_-11,RI,train,30,3,10.0,30.0,"10,20,30"
RI_-12,RI,train,30,3,10.0,30.0,"10,20,30"
RI_-13,RI,train,30,3,10.0,30.0,"10,20,30"
RI_-14,RI,train,30,3,10.0,30.0,"10,20,30"
RI_-15,RI,train,30,3,10.0,30.0,"10,20,30"
RI_-16,RI,train,30,3,10.0,30.0,"10,20,30"
RI_-17,RI,train,30,3,10.0,30.0,"10,20,30"
RI_-18,RI,train,30,3,10.0,30.0,"10,20,30"
RI_-19,RI,validation,30,3,10.0,30.0,"10,20,30"
RI_-2,RI,train,30,3,10.0,30.0,"10,20,30"
RI_-20,RI,test,30,3,10.0,30.0,"10,20,30"
RI_-21,RI,train,30,3,10.0,30.0,"10,20,30"
RI_-22,RI,train,30,3,10.0,30.0,"10,20,30"
RI_-23,RI,train,30,3,10.0,30.0,"10,20,30"
RI_-24,RI,train,30,3,10.0,30.0,"10,20,30"
RI_-25,RI,train,30,3,10.0,30.0,"10,20,30"
RI_-26,RI,train,30,3,10.0,30.0,"10,20,30"
RI_-27,RI,train,30,3,10.0,30.0,"10,20,30"
RI_-28,RI,train,30,3,10.0,30.0,"10,20,30"
RI_-29,RI,validation,30,3,10.0,30.0,"10,20,30"
RI_-3,RI,train,30,3,10.0,30.0,"10,20,30"
RI_-30,RI,test,30,3,10.0,30.0,"10,20,30"
RI_-31,RI,train,30,3,10.0,30.0,"10,20,30"
RI_-32,RI,train,30,3,10.0,30.0,"10,20,30"
RI_-33,RI,train,30,3,10.0,30.0,"10,20,30"
RI_-34,RI,train,30,3,10.0,30.0,"10,20,30"
RI_-35,RI,train,30,3,10.0,30.0,"10,20,30"
RI_-36,RI,train,30,3,10.0,30.0,"10,20,30"
RI_-37,RI,train,30,3,10.0,30.0,"10,20,30"
RI_-38,RI,train,30,3,10.0,30.0,"10,20,30"
RI_-39,RI,validation,30,3,10.0,30.0,"10,20,30"
RI_-4,RI,train,30,3,10.0,30.0,"10,20,30"
RI_-40,RI,test,30,3,10.0,30.0,"10,20,30"
RI_-41,RI,train,30,3,10.0,30.0,"10,20,30"
RI_-42,RI,train,30,3,10.0,30.0,"10,20,30"
RI_-43,RI,train,30,3,10.0,30.0,"10,20,30"
RI_-44,RI,train,30,3,10.0,30.0,"10,20,30"
RI_-45,RI,train,30,3,10.0,30.0,"10,20,30"
RI_-46,RI,train,30,3,10.0,30.0,"10,20,30"
RI_-47,RI,train,30,3,10.0,30.0,"10,20,30"
RI_-48,RI,train,30,3,10.0,30.0,"10,20,30"
RI_-49,RI,validation,30,3,10.0,30.0,"10,20,30"
RI_-5,RI,train,30,3,10.0,30.0,"10,20,30"
RI_-50,RI,test,30,3,10.0,30.0,"10,20,30"
RI_-51,RI,train,30,3,10.0,30.0,"10,20,30"
RI_-52,RI,train,30,3,10.0,30.0,"10,20,30"
RI_-53,RI,train,30,3,10.0,30.0,"10,20,30"
RI_-54,RI,train,30,3,10.0,30.0,"10,20,30"
RI_-55,RI,train,30,3,10.0,30.0,"10,20,30"
RI_-56,RI,train,30,3,10.0,30.0,"10,20,30"
RI_-57,RI,train,30,3,10.0,30.0,"10,20,30"
RI_-58,RI,train,30,3,10.0,30.0,"10,20,30"
RI_-59,RI,validation,30,3,10.0,30.0,"10,20,30"
RI_-6,RI,train,30,3,10.0,30.0,"10,20,30"
RI_-60,RI,test,30,3,10.0,30.0,"10,20,30"
RI_-61,RI,train,30,3,10.0,30.0,"10,20,30"
RI_-62,RI,train,30,3,10.0,30.0,"10,20,30"
RI_-63,RI,train,30,3,10.0,30.0,"10,20,30"
RI_-64,RI,train,30,3,10.0,30.0,"10,20,30"
RI_-65,RI,train,30,3,10.0,30.0,"10,20,30"
RI_-66,RI,train,30,3,10.0,30.0,"10,20,30"
RI_-67,RI,train,30,3,10.0,30.0,"10,20,30"
RI_-68,RI,train,30,3,10.0,30.0,"10,20,30"
RI_-69,RI,validation,30,3,10.0,30.0,"10,20,30"
RI_-7,RI,train,30,3,10.0,30.0,"10,20,30"
RI_-70,RI,test,30,3,10.0,30.0,"10,20,30"
RI_-71,RI,train,30,3,10.0,30.0,"10,20,30"
RI_-72,RI,train,30,3,10.0,30.0,"10,20,30"
RI_-73,RI,train,30,3,10.0,30.0,"10,20,30"
RI_-74,RI,train,30,3,10.0,30.0,"10,20,30"
RI_-75,RI,train,30,3,10.0,30.0,"10,20,30"
RI_-76,RI,train,30,3,10.0,30.0,"10,20,30"
RI_-77,RI,train,30,3,10.0,30.0,"10,20,30"
RI_-78,RI,train,30,3,10.0,30.0,"10,20,30"
RI_-79,RI,validation,30,3,10.0,30.0,"10,20,30"
RI_-8,RI,train,30,3,10.0,30.0,"10,20,30"
RI_-80,RI,test,30,3,10.0,30.0,"10,20,30"
RI_-81,RI,train,30,3,10.0,30.0,"10,20,30"
RI_-82,RI,train,30,3,10.0,30.0,"10,20,30"
RI_-83,RI,train,30,3,10.0,30.0,"10,20,30"
RI_-84,RI,train,30,3,10.0,30.0,"10,20,30"
RI_-85,RI,train,30,3,10.0,30.0,"10,20,30"
RI_-86,RI,train,30,3,10.0,30.0,"10,20,30"
RI_-87,RI,train,30,3,10.0,30.0,"10,20,30"
RI_-88,RI,train,30,3,10.0,30.0,"10,20,30"
RI_-89,RI,validation,30,3,10.0,30.0,"10,20,30"
RI_-9,RI,validation,30,3,10.0,30.0,"10,20,30"
RI_-90,RI,test,30,3,10.0,30.0,"10,20,30"
RI_-91,RI,train,30,3,10.0,30.0,"10,20,30"
RI_-92,RI,train,30,3,10.0,30.0,"10,20,30"
RI_-93,RI,train,30,3,10.0,30.0,"10,20,30"
RI_-94,RI,train,30,3,10.0,30.0,"10,20,30"
RI_-95,RI,train,30,3,10.0,30.0,"10,20,30"
RI_-96,RI,train,30,3,10.0,30.0,"10,20,30"
RI_-97,RI,train,30,3,10.0,30.0,"10,20,30"
RI_-98,RI,train,30,3,10.0,30.0,"10,20,30"
RI_-99,RI,validation,30,3,10.0,30.0,"10,20,30"
RW_1,RW,test,30,3,10.0,30.0,"10,20,30"
RW_10,RW,train,30,3,10.0,30.0,"10,20,30"
RW_100,RW,train,30,3,10.0,30.0,"10,20,30"
RW_11,RW,test,30,3,10.0,30.0,"10,20,30"
RW_12,RW,validation,30,3,10.0,30.0,"10,20,30"
RW_13,RW,train,30,3,10.0,30.0,"10,20,30"
RW_14,RW,train,30,3,10.0,30.0,"10,20,30"
RW_15,RW,train,30,3,10.0,30.0,"10,20,30"
RW_16,RW,train,30,3,10.0,30.0,"10,20,30"
RW_17,RW,train,30,3,10.0,30.0,"10,20,30"
RW_18,RW,train,30,3,10.0,30.0,"10,20,30"
RW_19,RW,train,30,3,10.0,30.0,"10,20,30"
RW_2,RW,validation,30,3,10.0,30.0,"10,20,30"
RW_20,RW,train,30,3,10.0,30.0,"10,20,30"
RW_21,RW,test,30,3,10.0,30.0,"10,20,30"
RW_22,RW,validation,30,3,10.0,30.0,"10,20,30"
RW_23,RW,train,30,3,10.0,30.0,"10,20,30"
RW_24,RW,train,30,3,10.0,30.0,"10,20,30"
RW_25,RW,train,30,3,10.0,30.0,"10,20,30"
RW_26,RW,train,30,3,10.0,30.0,"10,20,30"
RW_27,RW,train,30,3,10.0,30.0,"10,20,30"
RW_28,RW,train,30,3,10.0,30.0,"10,20,30"
RW_29,RW,train,30,3,10.0,30.0,"10,20,30"
RW_3,RW,train,30,3,10.0,30.0,"10,20,30"
RW_30,RW,train,30,3,10.0,30.0,"10,20,30"
RW_31,RW,test,30,3,10.0,30.0,"10,20,30"
RW_32,RW,validation,30,3,10.0,30.0,"10,20,30"
RW_33,RW,train,30,3,10.0,30.0,"10,20,30"
RW_34,RW,train,30,3,10.0,30.0,"10,20,30"
RW_35,RW,train,30,3,10.0,30.0,"10,20,30"
RW_36,RW,train,30,3,10.0,30.0,"10,20,30"
RW_37,RW,train,30,3,10.0,30.0,"10,20,30"
RW_38,RW,train,30,3,10.0,30.0,"10,20,30"
RW_39,RW,train,30,3,10.0,30.0,"10,20,30"
RW_4,RW,train,30,3,10.0,30.0,"10,20,30"
RW_40,RW,train,30,3,10.0,30.0,"10,20,30"
RW_41,RW,test,30,3,10.0,30.0,"10,20,30"
RW_42,RW,validation,30,3,10.0,30.0,"10,20,30"
RW_43,RW,train,30,3,10.0,30.0,"10,20,30"
RW_44,RW,train,30,3,10.0,30.0,"10,20,30"
RW_45,RW,train,30,3,10.0,30.0,"10,20,30"
RW_46,RW,train,30,3,10.0,30.0,"10,20,30"
RW_47,RW,train,30,3,10.0,30.0,"10,20,30"
RW_48,RW,train,30,3,10.0,30.0,"10,20,30"
RW_49,RW,train,30,3,10.0,30.0,"10,20,30"
RW_5,RW,train,30,3,10.0,30.0,"10,20,30"
RW_50,RW,train,30,3,10.0,30.0,"10,20,30"
RW_51,RW,test,30,3,10.0,30.0,"10,20,30"
RW_52,RW,validation,30,3,10.0,30.0,"10,20,30"
RW_53,RW,train,30,3,10.0,30.0,"10,20,30"
RW_54,RW,train,30,3,10.0,30.0,"10,20,30"
RW_55,RW,train,30,3,10.0,30.0,"10,20,30"
RW_56,RW,train,30,3,10.0,30.0,"10,20,30"
RW_57,RW,train,30,3,10.0,30.0,"10,20,30"
RW_58,RW,train,30,3,10.0,30.0,"10,20,30"
RW_59,RW,train,30,3,10.0,30.0,"10,20,30"
RW_6,RW,train,30,3,10.0,30.0,"10,20,30"
RW_60,RW,train,30,3,10.0,30.0,"10,20,30"
RW_61,RW,test,30,3,10.0,30.0,"10,20,30"
RW_62,RW,validation,30,3,10.0,30.0,"10,20,30"
RW_63,RW,train,30,3,10.0,30.0,"10,20,30"
RW_64,RW,train,30,3,10.0,30.0,"10,20,30"
RW_65,RW,train,30,3,10.0,30.0,"10,20,30"
RW_66,RW,train,30,3,10.0,30.0,"10,20,30"
RW_67,RW,train,30,3,10.0,30.0,"10,20,30"
RW_68,RW,train,30,3,10.0,30.0,"10,20,30"
RW_69,RW,train,30,3,10.0,30.0,"10,20,30"
RW_7,RW,train,30,3,10.0,30.0,"10,20,30"
RW_70,RW,train,30,3,10.0,30.0,"10,20,30"
RW_71,RW,test,30,3,10.0,30.0,"10,20,30"
RW_72,RW,validation,30,3,10.0,30.0,"10,20,30"
RW_73,RW,train,30,3,10.0,30.0,"10,20,30"
RW_74,RW,train,30,3,10.0,30.0,"10,20,30"
RW_75,RW,train,30,3,10.0,30.0,"10,20,30"
RW_76,RW,train,30,3,10.0,30.0,"10,20,30"
RW_77,RW,train,30,3,10.0,30.0,"10,20,30"
RW_78,RW,train,30,3,10.0,30.0,"10,20,30"
RW_79,RW,train,30,3,10.0,30.0,"10,20,30"
RW_8,RW,train,30,3,10.0,30.0,"10,20,30"
RW_80,RW,train,30,3,10.0,30.0,"10,20,30"
RW_81,RW,test,30,3,10.0,30.0,"10,20,30"
RW_82,RW,validation,30,3,10.0,30.0,"10,20,30"
RW_83,RW,train,30,3,10.0,30.0,"10,20,30"
RW_84,RW,train,30,3,10.0,30.0,"10,20,30"
RW_85,RW,train,30,3,10.0,30.0,"10,20,30"
RW_86,RW,train,30,3,10.0,30.0,"10,20,30"
RW_87,RW,train,30,3,10.0,30.0,"10,20,30"
RW_88,RW,train,30,3,10.0,30.0,"10,20,30"
RW_89,RW,train,30,3,10.0,30.0,"10,20,30"
RW_9,RW,train,30,3,10.0,30.0,"10,20,30"
RW_90,RW,train,30,3,10.0,30.0,"10,20,30"
RW_91,RW,test,30,3,10.0,30.0,"10,20,30"
RW_92,RW,validation,30,3,10.0,30.0,"10,20,30"
RW_93,RW,train,30,3,10.0,30.0,"10,20,30"
RW_94,RW,train,30,3,10.0,30.0,"10,20,30"
RW_95,RW,train,30,3,10.0,30.0,"10,20,30"
RW_96,RW,train,30,3,10.0,30.0,"10,20,30"
RW_97,RW,train,30,3,10.0,30.0,"10,20,30"
RW_98,RW,train,30,3,10.0,30.0,"10,20,30"
RW_99,RW,train,30,3,10.0,30.0,"10,20,30"
SGATR_1,SGATR,test,30,3,10.0,30.0,"10,20,30"
SGATR_10,SGATR,train,30,3,10.0,30.0,"10,20,30"
SGATR_100,SGATR,train,30,3,10.0,30.0,"10,20,30"
SGATR_11,SGATR,test,30,3,10.0,30.0,"10,20,30"
SGATR_12,SGATR,validation,30,3,10.0,30.0,"10,20,30"
SGATR_13,SGATR,train,30,3,10.0,30.0,"10,20,30"
SGATR_14,SGATR,train,30,3,10.0,30.0,"10,20,30"
SGATR_15,SGATR,train,30,3,10.0,30.0,"10,20,30"
SGATR_16,SGATR,train,30,3,10.0,30.0,"10,20,30"
SGATR_17,SGATR,train,30,3,10.0,30.0,"10,20,30"
SGATR_18,SGATR,train,30,3,10.0,30.0,"10,20,30"
SGATR_19,SGATR,train,30,3,10.0,30.0,"10,20,30"
SGATR_2,SGATR,validation,30,3,10.0,30.0,"10,20,30"
SGATR_20,SGATR,train,30,3,10.0,30.0,"10,20,30"
SGATR_21,SGATR,test,30,3,10.0,30.0,"10,20,30"
SGATR_22,SGATR,validation,30,3,10.0,30.0,"10,20,30"
SGATR_23,SGATR,train,30,3,10.0,30.0,"10,20,30"
SGATR_24,SGATR,train,30,3,10.0,30.0,"10,20,30"
SGATR_25,SGATR,train,30,3,10.0,30.0,"10,20,30"
SGATR_26,SGATR,train,30,3,10.0,30.0,"10,20,30"
SGATR_27,SGATR,train,30,3,10.0,30.0,"10,20,30"
SGATR_28,SGATR,train,30,3,10.0,30.0,"10,20,30"
SGATR_29,SGATR,train,30,3,10.0,30.0,"10,20,30"
SGATR_3,SGATR,train,30,3,10.0,30.0,"10,20,30"
SGATR_30,SGATR,train,30,3,10.0,30.0,"10,20,30"
SGATR_31,SGATR,test,30,3,10.0,30.0,"10,20,30"
SGATR_32,SGATR,validation,30,3,10.0,30.0,"10,20,30"
SGATR_33,SGATR,train,30,3,10.0,30.0,"10,20,30"
SGATR_34,SGATR,train,30,3,10.0,30.0,"10,20,30"
SGATR_35,SGATR,train,30,3,10.0,30.0,"10,20,30"
SGATR_36,SGATR,train,30,3,10.0,30.0,"10,20,30"
SGATR_37,SGATR,train,30,3,10.0,30.0,"10,20,30"
SGATR_38,SGATR,train,30,3,10.0,30.0,"10,20,30"
SGATR_39,SGATR,train,30,3,10.0,30.0,"10,20,30"
SGATR_4,SGATR,train,30,3,10.0,30.0,"10,20,30"
SGATR_40,SGATR,train,30,3,10.0,30.0,"10,20,30"
SGATR_41,SGATR,test,30,3,10.0,30.0,"10,20,30"
SGATR_42,SGATR,validation,30,3,10.0,30.0,"10,20,30"
SGATR_43,SGATR,train,30,3,10.0,30.0,"10,20,30"
SGATR_44,SGATR,train,30,3,10.0,30.0,"10,20,30"
SGATR_45,SGATR,train,30,3,10.0,30.0,"10,20,30"
SGATR_46,SGATR,train,30,3,10.0,30.0,"10,20,30"
SGATR_47,SGATR,train,30,3,10.0,30.0,"10,20,30"
SGATR_48,SGATR,train,30,3,10.0,30.0,"10,20,30"
SGATR_49,SGATR,train,30,3,10.0,30.0,"10,20,30"
SGATR_5,SGATR,train,30,3,10.0,30.0,"10,20,30"
SGATR_50,SGATR,train,30,3,10.0,30.0,"10,20,30"
SGATR_51,SGATR,test,30,3,10.0,30.0,"10,20,30"
SGATR_52,SGATR,validation,30,3,10.0,30.0,"10,20,30"
SGATR_53,SGATR,train,30,3,10.0,30.0,"10,20,30"
SGATR_54,SGATR,train,30,3,10.0,30.0,"10,20,30"
SGATR_55,SGATR,train,30,3,10.0,30.0,"10,20,30"
SGATR_56,SGATR,train,30,3,10.0,30.0,"10,20,30"
SGATR_57,SGATR,train,30,3,10.0,30.0,"10,20,30"
SGATR_58,SGATR,train,30,3,10.0,30.0,"10,20,30"
SGATR_59,SGATR,train,30,3,10.0,30.0,"10,20,30"
SGATR_6,SGATR,train,30,3,10.0,30.0,"10,20,30"
SGATR_60,SGATR,train,30,3,10.0,30.0,"10,20,30"
SGATR_61,SGATR,test,30,3,10.0,30.0,"10,20,30"
SGATR_62,SGATR,validation,30,3,10.0,30.0,"10,20,30"
SGATR_63,SGATR,train,30,3,10.0,30.0,"10,20,30"
SGATR_64,SGATR,train,30,3,10.0,30.0,"10,20,30"
SGATR_65,SGATR,train,30,3,10.0,30.0,"10,20,30"
SGATR_66,SGATR,train,30,3,10.0,30.0,"10,20,30"
SGATR_67,SGATR,train,30,3,10.0,30.0,"10,20,30"
SGATR_68,SGATR,train,30,3,10.0,30.0,"10,20,30"
SGATR_69,SGATR,train,30,3,10.0,30.0,"10,20,30"
SGATR_7,SGATR,train,30,3,10.0,30.0,"10,20,30"
SGATR_70,SGATR,train,30,3,10.0,30.0,"10,20,30"
SGATR_71,SGATR,test,30,3,10.0,30.0,"10,20,30"
SGATR_72,SGATR,validation,30,3,10.0,30.0,"10,20,30"
SGATR_73,SGATR,train,30,3,10.0,30.0,"10,20,30"
SGATR_74,SGATR,train,30,3,10.0,30.0,"10,20,30"
SGATR_75,SGATR,train,30,3,10.0,30.0,"10,20,30"
SGATR_76,SGATR,train,30,3,10.0,30.0,"10,20,30"
SGATR_77,SGATR,train,30,3,10.0,30.0,"10,20,30"
SGATR_78,SGATR,train,30,3,10.0,30.0,"10,20,30"
SGATR_79,SGATR,train,30,3,10.0,30.0,"10,20,30"
SGATR_8,SGATR,train,30,3,10.0,30.0,"10,20,30"
SGATR_80,SGATR,train,30,3,10.0,30.0,"10,20,30"
SGATR_81,SGATR,test,30,3,10.0,30.0,"10,20,30"
SGATR_82,SGATR,validation,30,3,10.0,30.0,"10,20,30"
SGATR_83,SGATR,train,30,3,10.0,30.0,"10,20,30"
SGATR_84,SGATR,train,30,3,10.0,30.0,"10,20,30"
SGATR_85,SGATR,train,30,3,10.0,30.0,"10,20,30"
SGATR_86,SGATR,train,30,3,10.0,30.0,"10,20,30"
SGATR_87,SGATR,train,30,3,10.0,30.0,"10,20,30"
SGATR_88,SGATR,train,30,3,10.0,30.0,"10,20,30"
SGATR_89,SGATR,train,30,3,10.0,30.0,"10,20,30"
SGATR_9,SGATR,train,30,3,10.0,30.0,"10,20,30"
SGATR_90,SGATR,train,30,3,10.0,30.0,"10,20,30"
SGATR_91,SGATR,test,30,3,10.0,30.0,"10,20,30"
SGATR_92,SGATR,validation,30,3,10.0,30.0,"10,20,30"
SGATR_93,SGATR,train,30,3,10.0,30.0,"10,20,30"
SGATR_94,SGATR,train,30,3,10.0,30.0,"10,20,30"
SGATR_95,SGATR,train,30,3,10.0,30.0,"10,20,30"
SGATR_96,SGATR,train,30,3,10.0,30.0,"10,20,30"
SGATR_97,SGATR,train,30,3,10.0,30.0,"10,20,30"
SGATR_98,SGATR,train,30,3,10.0,30.0,"10,20,30"
SGATR_99,SGATR,train,30,3,10.0,30.0,"10,20,30"
SGBTR_1,SGBTR,test,30,3,10.0,30.0,"10,20,30"
SGBTR_10,SGBTR,train,30,3,10.0,30.0,"10,20,30"
SGBTR_100,SGBTR,train,30,3,10.0,30.0,"10,20,30"
SGBTR_101,SGBTR,test,30,3,10.0,30.0,"10,20,30"
SGBTR_102,SGBTR,validation,30,3,10.0,30.0,"10,20,30"
SGBTR_103,SGBTR,train,30,3,10.0,30.0,"10,20,30"
SGBTR_104,SGBTR,train,30,3,10.0,30.0,"10,20,30"
SGBTR_105,SGBTR,train,30,3,10.0,30.0,"10,20,30"
SGBTR_106,SGBTR,train,30,3,10.0,30.0,"10,20,30"
SGBTR_107,SGBTR,train,30,3,10.0,30.0,"10,20,30"
SGBTR_108,SGBTR,train,30,3,10.0,30.0,"10,20,30"
SGBTR_109,SGBTR,train,30,3,10.0,30.0,"10,20,30"
SGBTR_11,SGBTR,test,30,3,10.0,30.0,"10,20,30"
SGBTR_110,SGBTR,train,30,3,10.0,30.0,"10,20,30"
SGBTR_12,SGBTR,validation,30,3,10.0,30.0,"10,20,30"
SGBTR_13,SGBTR,train,30,3,10.0,30.0,"10,20,30"
SGBTR_14,SGBTR,train,30,3,10.0,30.0,"10,20,30"
SGBTR_15,SGBTR,train,30,3,10.0,30.0,"10,20,30"
SGBTR_16,SGBTR,train,30,3,10.0,30.0,"10,20,30"
SGBTR_17,SGBTR,train,30,3,10.0,30.0,"10,20,30"
SGBTR_18,SGBTR,train,30,3,10.0,30.0,"10,20,30"
SGBTR_19,SGBTR,train,30,3,10.0,30.0,"10,20,30"
SGBTR_2,SGBTR,validation,30,3,10.0,30.0,"10,20,30"
SGBTR_20,SGBTR,train,30,3,10.0,30.0,"10,20,30"
SGBTR_21,SGBTR,test,30,3,10.0,30.0,"10,20,30"
SGBTR_22,SGBTR,validation,30,3,10.0,30.0,"10,20,30"
SGBTR_23,SGBTR,train,30,3,10.0,30.0,"10,20,30"
SGBTR_24,SGBTR,train,30,3,10.0,30.0,"10,20,30"
SGBTR_25,SGBTR,train,30,3,10.0,30.0,"10,20,30"
SGBTR_26,SGBTR,train,30,3,10.0,30.0,"10,20,30"
SGBTR_27,SGBTR,train,30,3,10.0,30.0,"10,20,30"
SGBTR_28,SGBTR,train,30,3,10.0,30.0,"10,20,30"
SGBTR_29,SGBTR,train,30,3,10.0,30.0,"10,20,30"
SGBTR_3,SGBTR,train,30,3,10.0,30.0,"10,20,30"
SGBTR_30,SGBTR,train,30,3,10.0,30.0,"10,20,30"
SGBTR_31,SGBTR,test,30,3,10.0,30.0,"10,20,30"
SGBTR_32,SGBTR,validation,30,3,10.0,30.0,"10,20,30"
SGBTR_33,SGBTR,train,30,3,10.0,30.0,"10,20,30"
SGBTR_34,SGBTR,train,30,3,10.0,30.0,"10,20,30"
SGBTR_35,SGBTR,train,30,3,10.0,30.0,"10,20,30"
SGBTR_36,SGBTR,train,30,3,10.0,30.0,"10,20,30"
SGBTR_37,SGBTR,train,30,3,10.0,30.0,"10,20,30"
SGBTR_38,SGBTR,train,30,3,10.0,30.0,"10,20,30"
SGBTR_39,SGBTR,train,30,3,10.0,30.0,"10,20,30"
SGBTR_4,SGBTR,train,30,3,10.0,30.0,"10,20,30"
SGBTR_40,SGBTR,train,30,3,10.0,30.0,"10,20,30"
SGBTR_41,SGBTR,test,30,3,10.0,30.0,"10,20,30"
SGBTR_42,SGBTR,validation,30,3,10.0,30.0,"10,20,30"
SGBTR_43,SGBTR,train,30,3,10.0,30.0,"10,20,30"
SGBTR_44,SGBTR,train,30,3,10.0,30.0,"10,20,30"
SGBTR_45,SGBTR,train,30,3,10.0,30.0,"10,20,30"
SGBTR_46,SGBTR,train,30,3,10.0,30.0,"10,20,30"
SGBTR_47,SGBTR,train,30,3,10.0,30.0,"10,20,30"
SGBTR_48,SGBTR,train,30,3,10.0,30.0,"10,20,30"
SGBTR_49,SGBTR,train,30,3,10.0,30.0,"10,20,30"
SGBTR_5,SGBTR,train,30,3,10.0,30.0,"10,20,30"
SGBTR_50,SGBTR,train,30,3,10.0,30.0,"10,20,30"
SGBTR_51,SGBTR,test,30,3,10.0,30.0,"10,20,30"
SGBTR_52,SGBTR,validation,30,3,10.0,30.0,"10,20,30"
SGBTR_53,SGBTR,train,30,3,10.0,30.0,"10,20,30"
SGBTR_54,SGBTR,train,30,3,10.0,30.0,"10,20,30"
SGBTR_55,SGBTR,train,30,3,10.0,30.0,"10,20,30"
SGBTR_56,SGBTR,train,30,3,10.0,30.0,"10,20,30"
SGBTR_57,SGBTR,train,30,3,10.0,30.0,"10,20,30"
SGBTR_58,SGBTR,train,30,3,10.0,30.0,"10,20,30"
SGBTR_59,SGBTR,train,30,3,10.0,30.0,"10,20,30"
SGBTR_6,SGBTR,train,30,3,10.0,30.0,"10,20,30"
SGBTR_60,SGBTR,train,30,3,10.0,30.0,"10,20,30"
SGBTR_61,SGBTR,test,30,3,10.0,30.0,"10,20,30"
SGBTR_62,SGBTR,validation,30,3,10.0,30.0,"10,20,30"
SGBTR_63,SGBTR,train,30,3,10.0,30.0,"10,20,30"
SGBTR_64,SGBTR,train,30,3,10.0,30.0,"10,20,30"
SGBTR_65,SGBTR,train,30,3,10.0,30.0,"10,20,30"
SGBTR_66,SGBTR,train,30,3,10.0,30.0,"10,20,30"
SGBTR_67,SGBTR,train,30,3,10.0,30.0,"10,20,30"
SGBTR_68,SGBTR,train,30,3,10.0,30.0,"10,20,30"
SGBTR_69,SGBTR,train,30,3,10.0,30.0,"10,20,30"
SGBTR_7,SGBTR,train,30,3,10.0,30.0,"10,20,30"
SGBTR_70,SGBTR,train,30,3,10.0,30.0,"10,20,30"
SGBTR_71,SGBTR,test,30,3,10.0,30.0,"10,20,30"
SGBTR_72,SGBTR,validation,30,3,10.0,30.0,"10,20,30"
SGBTR_73,SGBTR,train,30,3,10.0,30.0,"10,20,30"
SGBTR_74,SGBTR,train,30,3,10.0,30.0,"10,20,30"
SGBTR_75,SGBTR,train,30,3,10.0,30.0,"10,20,30"
SGBTR_76,SGBTR,train,30,3,10.0,30.0,"10,20,30"
SGBTR_77,SGBTR,train,30,3,10.0,30.0,"10,20,30"
SGBTR_78,SGBTR,train,30,3,10.0,30.0,"10,20,30"
SGBTR_79,SGBTR,train,30,3,10.0,30.0,"10,20,30"
SGBTR_8,SGBTR,train,30,3,10.0,30.0,"10,20,30"
SGBTR_80,SGBTR,train,30,3,10.0,30.0,"10,20,30"
SGBTR_81,SGBTR,test,30,3,10.0,30.0,"10,20,30"
SGBTR_82,SGBTR,validation,30,3,10.0,30.0,"10,20,30"
SGBTR_83,SGBTR,train,30,3,10.0,30.0,"10,20,30"
SGBTR_84,SGBTR,train,30,3,10.0,30.0,"10,20,30"
SGBTR_85,SGBTR,train,30,3,10.0,30.0,"10,20,30"
SGBTR_86,SGBTR,train,30,3,10.0,30.0,"10,20,30"
SGBTR_87,SGBTR,train,30,3,10.0,30.0,"10,20,30"
SGBTR_88,SGBTR,train,30,3,10.0,30.0,"10,20,30"
SGBTR_89,SGBTR,train,30,3,10.0,30.0,"10,20,30"
SGBTR_9,SGBTR,train,30,3,10.0,30.0,"10,20,30"
SGBTR_90,SGBTR,train,30,3,10.0,30.0,"10,20,30"
SGBTR_91,SGBTR,test,30,3,10.0,30.0,"10,20,30"
SGBTR_92,SGBTR,validation,30,3,10.0,30.0,"10,20,30"
SGBTR_93,SGBTR,train,30,3,10.0,30.0,"10,20,30"
SGBTR_94,SGBTR,train,30,3,10.0,30.0,"10,20,30"
SGBTR_95,SGBTR,train,30,3,10.0,30.0,"10,20,30"
SGBTR_96,SGBTR,train,30,3,10.0,30.0,"10,20,30"
SGBTR_97,SGBTR,train,30,3,10.0,30.0,"10,20,30"
SGBTR_98,SGBTR,train,30,3,10.0,30.0,"10,20,30"
SGBTR_99,SGBTR,train,30,3,10.0,30.0,"10,20,30"
SLBIC_1,SLBIC,test,30,3,10.0,30.0,"10,20,30"
SLBIC_10,SLBIC,train,30,3,10.0,30.0,"10,20,30"
SLBIC_100,SLBIC,train,30,3,10.0,30.0,"10,20,30"
SLBIC_101,SLBIC,test,30,3,10.0,30.0,"10,20,30"
SLBIC_11,SLBIC,test,30,3,10.0,30.0,"10,20,30"
SLBIC_12,SLBIC,validation,30,3,10.0,30.0,"10,20,30"
SLBIC_13,SLBIC,train,30,3,10.0,30.0,"10,20,30"
SLBIC_14,SLBIC,train,30,3,10.0,30.0,"10,20,30"
SLBIC_15,SLBIC,train,30,3,10.0,30.0,"10,20,30"
SLBIC_16,SLBIC,train,30,3,10.0,30.0,"10,20,30"
SLBIC_17,SLBIC,train,30,3,10.0,30.0,"10,20,30"
SLBIC_18,SLBIC,train,30,3,10.0,30.0,"10,20,30"
SLBIC_19,SLBIC,train,30,3,10.0,30.0,"10,20,30"
SLBIC_2,SLBIC,validation,30,3,10.0,30.0,"10,20,30"
SLBIC_20,SLBIC,train,30,3,10.0,30.0,"10,20,30"
SLBIC_21,SLBIC,test,30,3,10.0,30.0,"10,20,30"
SLBIC_22,SLBIC,validation,30,3,10.0,30.0,"10,20,30"
SLBIC_23,SLBIC,train,30,3,10.0,30.0,"10,20,30"
SLBIC_24,SLBIC,train,30,3,10.0,30.0,"10,20,30"
SLBIC_25,SLBIC,train,30,3,10.0,30.0,"10,20,30"
SLBIC_26,SLBIC,train,30,3,10.0,30.0,"10,20,30"
SLBIC_27,SLBIC,train,30,3,10.0,30.0,"10,20,30"
SLBIC_28,SLBIC,train,30,3,10.0,30.0,"10,20,30"
SLBIC_29,SLBIC,train,30,3,10.0,30.0,"10,20,30"
SLBIC_3,SLBIC,train,30,3,10.0,30.0,"10,20,30"
SLBIC_30,SLBIC,train,30,3,10.0,30.0,"10,20,30"
SLBIC_31,SLBIC,test,30,3,10.0,30.0,"10,20,30"
SLBIC_32,SLBIC,validation,30,3,10.0,30.0,"10,20,30"
SLBIC_33,SLBIC,train,30,3,10.0,30.0,"10,20,30"
SLBIC_34,SLBIC,train,30,3,10.0,30.0,"10,20,30"
SLBIC_35,SLBIC,train,30,3,10.0,30.0,"10,20,30"
SLBIC_36,SLBIC,train,30,3,10.0,30.0,"10,20,30"
SLBIC_37,SLBIC,train,30,3,10.0,30.0,"10,20,30"
SLBIC_38,SLBIC,train,30,3,10.0,30.0,"10,20,30"
SLBIC_39,SLBIC,train,30,3,10.0,30.0,"10,20,30"
SLBIC_4,SLBIC,train,30,3,10.0,30.0,"10,20,30"
SLBIC_40,SLBIC,train,30,3,10.0,30.0,"10,20,30"
SLBIC_41,SLBIC,test,30,3,10.0,30.0,"10,20,30"
SLBIC_42,SLBIC,validation,30,3,10.0,30.0,"10,20,30"
SLBIC_43,SLBIC,train,30,3,10.0,30.0,"10,20,30"
SLBIC_44,SLBIC,train,30,3,10.0,30.0,"10,20,30"
SLBIC_45,SLBIC,train,30,3,10.0,30.0,"10,20,30"
SLBIC_46,SLBIC,train,30,3,10.0,30.0,"10,20,30"
SLBIC_47,SLBIC,train,30,3,10.0,30.0,"10,20,30"
SLBIC_48,SLBIC,train,30,3,10.0,30.0,"10,20,30"
SLBIC_49,SLBIC,train,30,3,10.0,30.0,"10,20,30"
SLBIC_5,SLBIC,train,30,3,10.0,30.0,"10,20,30"
SLBIC_50,SLBIC,train,30,3,10.0,30.0,"10,20,30"
SLBIC_51,SLBIC,test,30,3,10.0,30.0,"10,20,30"
SLBIC_52,SLBIC,validation,30,3,10.0,30.0,"10,20,30"
SLBIC_53,SLBIC,train,30,3,10.0,30.0,"10,20,30"
SLBIC_54,SLBIC,train,30,3,10.0,30.0,"10,20,30"
SLBIC_55,SLBIC,train,30,3,10.0,30.0,"10,20,30"
SLBIC_56,SLBIC,train,30,3,10.0,30.0,"10,20,30"
SLBIC_57,SLBIC,train,30,3,10.0,30.0,"10,20,30"
SLBIC_58,SLBIC,train,30,3,10.0,30.0,"10,20,30"
SLBIC_59,SLBIC,train,30,3,10.0,30.0,"10,20,30"
SLBIC_6,SLBIC,train,30,3,10.0,30.0,"10,20,30"
SLBIC_60,SLBIC,train,30,3,10.0,30.0,"10,20,30"
SLBIC_61,SLBIC,test,30,3,10.0,30.0,"10,20,30"
SLBIC_62,SLBIC,validation,30,3,10.0,30.0,"10,20,30"
SLBIC_63,SLBIC,train,30,3,10.0,30.0,"10,20,30"
SLBIC_64,SLBIC,train,30,3,10.0,30.0,"10,20,30"
SLBIC_65,SLBIC,train,30,3,10.0,30.0,"10,20,30"
SLBIC_66,SLBIC,train,30,3,10.0,30.0,"10,20,30"
SLBIC_67,SLBIC,train,30,3,10.0,30.0,"10,20,30"
SLBIC_68,SLBIC,train,30,3,10.0,30.0,"10,20,30"
SLBIC_69,SLBIC,train,30,3,10.0,30.0,"10,20,30"
SLBIC_7,SLBIC,train,30,3,10.0,30.0,"10,20,30"
SLBIC_70,SLBIC,train,30,3,10.0,30.0,"10,20,30"
SLBIC_71,SLBIC,test,30,3,10.0,30.0,"10,20,30"
SLBIC_72,SLBIC,validation,30,3,10.0,30.0,"10,20,30"
SLBIC_73,SLBIC,train,30,3,10.0,30.0,"10,20,30"
SLBIC_74,SLBIC,train,30,3,10.0,30.0,"10,20,30"
SLBIC_75,SLBIC,train,30,3,10.0,30.0,"10,20,30"
SLBIC_76,SLBIC,train,30,3,10.0,30.0,"10,20,30"
SLBIC_77,SLBIC,train,30,3,10.0,30.0,"10,20,30"
SLBIC_78,SLBIC,train,30,3,10.0,30.0,"10,20,30"
SLBIC_79,SLBIC,train,30,3,10.0,30.0,"10,20,30"
SLBIC_8,SLBIC,train,30,3,10.0,30.0,"10,20,30"
SLBIC_80,SLBIC,train,30,3,10.0,30.0,"10,20,30"
SLBIC_81,SLBIC,test,30,3,10.0,30.0,"10,20,30"
SLBIC_82,SLBIC,validation,30,3,10.0,30.0,"10,20,30"
SLBIC_83,SLBIC,train,30,3,10.0,30.0,"10,20,30"
SLBIC_84,SLBIC,train,30,3,10.0,30.0,"10,20,30"
SLBIC_85,SLBIC,train,30,3,10.0,30.0,"10,20,30"
SLBIC_86,SLBIC,train,30,3,10.0,30.0,"10,20,30"
SLBIC_87,SLBIC,train,30,3,10.0,30.0,"10,20,30"
SLBIC_88,SLBIC,train,30,3,10.0,30.0,"10,20,30"
SLBIC_89,SLBIC,train,30,3,10.0,30.0,"10,20,30"
SLBIC_9,SLBIC,train,30,3,10.0,30.0,"10,20,30"
SLBIC_90,SLBIC,train,30,3,10.0,30.0,"10,20,30"
SLBIC_91,SLBIC,test,30,3,10.0,30.0,"10,20,30"
SLBIC_92,SLBIC,validation,30,3,10.0,30.0,"10,20,30"
SLBIC_93,SLBIC,train,30,3,10.0,30.0,"10,20,30"
SLBIC_94,SLBIC,train,30,3,10.0,30.0,"10,20,30"
SLBIC_95,SLBIC,train,30,3,10.0,30.0,"10,20,30"
SLBIC_96,SLBIC,train,30,3,10.0,30.0,"10,20,30"
SLBIC_97,SLBIC,train,30,3,10.0,30.0,"10,20,30"
SLBIC_98,SLBIC,train,30,3,10.0,30.0,"10,20,30"
SLBIC_99,SLBIC,train,30,3,10.0,30.0,"10,20,30"
SLBOC_1,SLBOC,test,30,3,10.0,30.0,"10,20,30"
SLBOC_10,SLBOC,train,30,3,10.0,30.0,"10,20,30"
SLBOC_100,SLBOC,train,30,3,10.0,30.0,"10,20,30"
SLBOC_11,SLBOC,test,30,3,10.0,30.0,"10,20,30"
SLBOC_12,SLBOC,validation,30,3,10.0,30.0,"10,20,30"
SLBOC_13,SLBOC,train,30,3,10.0,30.0,"10,20,30"
SLBOC_14,SLBOC,train,30,3,10.0,30.0,"10,20,30"
SLBOC_15,SLBOC,train,30,3,10.0,30.0,"10,20,30"
SLBOC_16,SLBOC,train,30,3,10.0,30.0,"10,20,30"
SLBOC_17,SLBOC,train,30,3,10.0,30.0,"10,20,30"
SLBOC_18,SLBOC,train,30,3,10.0,30.0,"10,20,30"
SLBOC_19,SLBOC,train,30,3,10.0,30.0,"10,20,30"
SLBOC_2,SLBOC,validation,30,3,10.0,30.0,"10,20,30"
SLBOC_20,SLBOC,train,30,3,10.0,30.0,"10,20,30"
SLBOC_21,SLBOC,test,30,3,10.0,30.0,"10,20,30"
SLBOC_22,SLBOC,validation,30,3,10.0,30.0,"10,20,30"
SLBOC_23,SLBOC,train,30,3,10.0,30.0,"10,20,30"
SLBOC_24,SLBOC,train,30,3,10.0,30.0,"10,20,30"
SLBOC_25,SLBOC,train,30,3,10.0,30.0,"10,20,30"
SLBOC_26,SLBOC,train,30,3,10.0,30.0,"10,20,30"
SLBOC_27,SLBOC,train,30,3,10.0,30.0,"10,20,30"
SLBOC_28,SLBOC,train,30,3,10.0,30.0,"10,20,30"
SLBOC_29,SLBOC,train,30,3,10.0,30.0,"10,20,30"
SLBOC_3,SLBOC,train,30,3,10.0,30.0,"10,20,30"
SLBOC_30,SLBOC,train,30,3,10.0,30.0,"10,20,30"
SLBOC_31,SLBOC,test,30,3,10.0,30.0,"10,20,30"
SLBOC_32,SLBOC,validation,30,3,10.0,30.0,"10,20,30"
SLBOC_33,SLBOC,train,30,3,10.0,30.0,"10,20,30"
SLBOC_34,SLBOC,train,30,3,10.0,30.0,"10,20,30"
SLBOC_35,SLBOC,train,30,3,10.0,30.0,"10,20,30"
SLBOC_36,SLBOC,train,30,3,10.0,30.0,"10,20,30"
SLBOC_37,SLBOC,train,30,3,10.0,30.0,"10,20,30"
SLBOC_38,SLBOC,train,30,3,10.0,30.0,"10,20,30"
SLBOC_39,SLBOC,train,30,3,10.0,30.0,"10,20,30"
SLBOC_4,SLBOC,train,30,3,10.0,30.0,"10,20,30"
SLBOC_40,SLBOC,train,30,3,10.0,30.0,"10,20,30"
SLBOC_41,SLBOC,test,30,3,10.0,30.0,"10,20,30"
SLBOC_42,SLBOC,validation,30,3,10.0,30.0,"10,20,30"
SLBOC_43,SLBOC,train,30,3,10.0,30.0,"10,20,30"
SLBOC_44,SLBOC,train,30,3,10.0,30.0,"10,20,30"
SLBOC_45,SLBOC,train,30,3,10.0,30.0,"10,20,30"
SLBOC_46,SLBOC,train,30,3,10.0,30.0,"10,20,30"
SLBOC_47,SLBOC,train,30,3,10.0,30.0,"10,20,30"
SLBOC_48,SLBOC,train,30,3,10.0,30.0,"10,20,30"
SLBOC_49,SLBOC,train,30,3,10.0,30.0,"10,20,30"
SLBOC_5,SLBOC,train,30,3,10.0,30.0,"10,20,30"
SLBOC_50,SLBOC,train,30,3,10.0,30.0,"10,20,30"
SLBOC_51,SLBOC,test,30,3,10.0,30.0,"10,20,30"
SLBOC_52,SLBOC,validation,30,3,10.0,30.0,"10,20,30"
SLBOC_53,SLBOC,train,30,3,10.0,30.0,"10,20,30"
SLBOC_54,SLBOC,train,30,3,10.0,30.0,"10,20,30"
SLBOC_55,SLBOC,train,30,3,10.0,30.0,"10,20,30"
SLBOC_56,SLBOC,train,30,3,10.0,30.0,"10,20,30"
SLBOC_57,SLBOC,train,30,3,10.0,30.0,"10,20,30"
SLBOC_58,SLBOC,train,30,3,10.0,30.0,"10,20,30"
SLBOC_59,SLBOC,train,30,3,10.0,30.0,"10,20,30"
SLBOC_6,SLBOC,train,30,3,10.0,30.0,"10,20,30"
SLBOC_60,SLBOC,train,30,3,10.0,30.0,"10,20,30"
SLBOC_61,SLBOC,test,30,3,10.0,30.0,"10,20,30"
SLBOC_62,SLBOC,validation,30,3,10.0,30.0,"10,20,30"
SLBOC_63,SLBOC,train,30,3,10.0,30.0,"10,20,30"
SLBOC_64,SLBOC,train,30,3,10.0,30.0,"10,20,30"
SLBOC_65,SLBOC,train,30,3,10.0,30.0,"10,20,30"
SLBOC_66,SLBOC,train,30,3,10.0,30.0,"10,20,30"
SLBOC_67,SLBOC,train,30,3,10.0,30.0,"10,20,30"
SLBOC_68,SLBOC,train,30,3,10.0,30.0,"10,20,30"
SLBOC_69,SLBOC,train,30,3,10.0,30.0,"10,20,30"
SLBOC_7,SLBOC,train,30,3,10.0,30.0,"10,20,30"
SLBOC_70,SLBOC,train,30,3,10.0,30.0,"10,20,30"
SLBOC_71,SLBOC,test,30,3,10.0,30.0,"10,20,30"
SLBOC_72,SLBOC,validation,30,3,10.0,30.0,"10,20,30"
SLBOC_73,SLBOC,train,30,3,10.0,30.0,"10,20,30"
SLBOC_74,SLBOC,train,30,3,10.0,30.0,"10,20,30"
SLBOC_75,SLBOC,train,30,3,10.0,30.0,"10,20,30"
SLBOC_76,SLBOC,train,30,3,10.0,30.0,"10,20,30"
SLBOC_77,SLBOC,train,30,3,10.0,30.0,"10,20,30"
SLBOC_78,SLBOC,train,30,3,10.0,30.0,"10,20,30"
SLBOC_79,SLBOC,train,30,3,10.0,30.0,"10,20,30"
SLBOC_8,SLBOC,train,30,3,10.0,30.0,"10,20,30"
SLBOC_80,SLBOC,train,30,3,10.0,30.0,"10,20,30"
SLBOC_81,SLBOC,test,30,3,10.0,30.0,"10,20,30"
SLBOC_82,SLBOC,validation,30,3,10.0,30.0,"10,20,30"
SLBOC_83,SLBOC,train,30,3,10.0,30.0,"10,20,30"
SLBOC_84,SLBOC,train,30,3,10.0,30.0,"10,20,30"
SLBOC_85,SLBOC,train,30,3,10.0,30.0,"10,20,30"
SLBOC_86,SLBOC,train,30,3,10.0,30.0,"10,20,30"
SLBOC_87,SLBOC,train,30,3,10.0,30.0,"10,20,30"
SLBOC_88,SLBOC,train,30,3,10.0,30.0,"10,20,30"
SLBOC_89,SLBOC,train,30,3,10.0,30.0,"10,20,30"
SLBOC_9,SLBOC,train,30,3,10.0,30.0,"10,20,30"
SLBOC_90,SLBOC,train,30,3,10.0,30.0,"10,20,30"
SLBOC_91,SLBOC,test,30,3,10.0,30.0,"10,20,30"
SLBOC_92,SLBOC,validation,30,3,10.0,30.0,"10,20,30"
SLBOC_93,SLBOC,train,30,3,10.0,30.0,"10,20,30"
SLBOC_94,SLBOC,train,30,3,10.0,30.0,"10,20,30"
SLBOC_95,SLBOC,train,30,3,10.0,30.0,"10,20,30"
SLBOC_96,SLBOC,train,30,3,10.0,30.0,"10,20,30"
SLBOC_97,SLBOC,train,30,3,10.0,30.0,"10,20,30"
SLBOC_98,SLBOC,train,30,3,10.0,30.0,"10,20,30"
SLBOC_99,SLBOC,train,30,3,10.0,30.0,"10,20,30"
FLB_1,FLB,test,60,6,10.0,60.0,"10,20,30,40,50,60"
FLB_10,FLB,train,60,6,10.0,60.0,"10,20,30,40,50,60"
FLB_100,FLB,train,60,6,10.0,60.0,"10,20,30,40,50,60"
FLB_11,FLB,test,60,6,10.0,60.0,"10,20,30,40,50,60"
FLB_12,FLB,validation,60,6,10.0,60.0,"10,20,30,40,50,60"
FLB_13,FLB,train,60,6,10.0,60.0,"10,20,30,40,50,60"
FLB_14,FLB,train,60,6,10.0,60.0,"10,20,30,40,50,60"
FLB_15,FLB,train,60,6,10.0,60.0,"10,20,30,40,50,60"
FLB_16,FLB,train,60,6,10.0,60.0,"10,20,30,40,50,60"
FLB_17,FLB,train,60,6,10.0,60.0,"10,20,30,40,50,60"
FLB_18,FLB,train,60,6,10.0,60.0,"10,20,30,40,50,60"
FLB_19,FLB,train,60,6,10.0,60.0,"10,20,30,40,50,60"
FLB_2,FLB,validation,60,6,10.0,60.0,"10,20,30,40,50,60"
FLB_20,FLB,train,60,6,10.0,60.0,"10,20,30,40,50,60"
FLB_21,FLB,test,60,6,10.0,60.0,"10,20,30,40,50,60"
FLB_22,FLB,validation,60,6,10.0,60.0,"10,20,30,40,50,60"
FLB_23,FLB,train,60,6,10.0,60.0,"10,20,30,40,50,60"
FLB_24,FLB,train,60,6,10.0,60.0,"10,20,30,40,50,60"
FLB_25,FLB,train,60,6,10.0,60.0,"10,20,30,40,50,60"
FLB_26,FLB,train,60,6,10.0,60.0,"10,20,30,40,50,60"
FLB_27,FLB,train,60,6,10.0,60.0,"10,20,30,40,50,60"
FLB_28,FLB,train,60,6,10.0,60.0,"10,20,30,40,50,60"
FLB_29,FLB,train,60,6,10.0,60.0,"10,20,30,40,50,60"
FLB_3,FLB,train,60,6,10.0,60.0,"10,20,30,40,50,60"
FLB_30,FLB,train,60,6,10.0,60.0,"10,20,30,40,50,60"
FLB_31,FLB,test,60,6,10.0,60.0,"10,20,30,40,50,60"
FLB_32,FLB,validation,60,6,10.0,60.0,"10,20,30,40,50,60"
FLB_33,FLB,train,60,6,10.0,60.0,"10,20,30,40,50,60"
FLB_34,FLB,train,60,6,10.0,60.0,"10,20,30,40,50,60"
FLB_35,FLB,train,60,6,10.0,60.0,"10,20,30,40,50,60"
FLB_36,FLB,train,60,6,10.0,60.0,"10,20,30,40,50,60"
FLB_37,FLB,train,60,6,10.0,60.0,"10,20,30,40,50,60"
FLB_38,FLB,train,60,6,10.0,60.0,"10,20,30,40,50,60"
FLB_39,FLB,train,60,6,10.0,60.0,"10,20,30,40,50,60"
FLB_4,FLB,train,60,6,10.0,60.0,"10,20,30,40,50,60"
FLB_40,FLB,train,60,6,10.0,60.0,"10,20,30,40,50,60"
FLB_41,FLB,test,60,6,10.0,60.0,"10,20,30,40,50,60"
FLB_42,FLB,validation,60,6,10.0,60.0,"10,20,30,40,50,60"
FLB_43,FLB,train,60,6,10.0,60.0,"10,20,30,40,50,60"
FLB_44,FLB,train,60,6,10.0,60.0,"10,20,30,40,50,60"
FLB_45,FLB,train,60,6,10.0,60.0,"10,20,30,40,50,60"
FLB_46,FLB,train,60,6,10.0,60.0,"10,20,30,40,50,60"
FLB_47,FLB,train,60,6,10.0,60.0,"10,20,30,40,50,60"
FLB_48,FLB,train,60,6,10.0,60.0,"10,20,30,40,50,60"
FLB_49,FLB,train,60,6,10.0,60.0,"10,20,30,40,50,60"
FLB_5,FLB,train,60,6,10.0,60.0,"10,20,30,40,50,60"
FLB_50,FLB,train,60,6,10.0,60.0,"10,20,30,40,50,60"
FLB_51,FLB,test,60,6,10.0,60.0,"10,20,30,40,50,60"
FLB_52,FLB,validation,60,6,10.0,60.0,"10,20,30,40,50,60"
FLB_53,FLB,train,60,6,10.0,60.0,"10,20,30,40,50,60"
FLB_54,FLB,train,60,6,10.0,60.0,"10,20,30,40,50,60"
FLB_55,FLB,train,60,6,10.0,60.0,"10,20,30,40,50,60"
FLB_56,FLB,train,60,6,10.0,60.0,"10,20,30,40,50,60"
FLB_57,FLB,train,60,6,10.0,60.0,"10,20,30,40,50,60"
FLB_58,FLB,train,60,6,10.0,60.0,"10,20,30,40,50,60"
FLB_59,FLB,train,60,6,10.0,60.0,"10,20,30,40,50,60"
FLB_6,FLB,train,60,6,10.0,60.0,"10,20,30,40,50,60"
FLB_60,FLB,train,60,6,10.0,60.0,"10,20,30,40,50,60"
FLB_61,FLB,test,60,6,10.0,60.0,"10,20,30,40,50,60"
FLB_62,FLB,validation,60,6,10.0,60.0,"10,20,30,40,50,60"
FLB_63,FLB,train,60,6,10.0,60.0,"10,20,30,40,50,60"
FLB_64,FLB,train,60,6,10.0,60.0,"10,20,30,40,50,60"
FLB_65,FLB,train,60,6,10.0,60.0,"10,20,30,40,50,60"
FLB_66,FLB,train,60,6,10.0,60.0,"10,20,30,40,50,60"
FLB_67,FLB,train,60,6,10.0,60.0,"10,20,30,40,50,60"
FLB_68,FLB,train,60,6,10.0,60.0,"10,20,30,40,50,60"
FLB_69,FLB,train,60,6,10.0,60.0,"10,20,30,40,50,60"
FLB_7,FLB,train,60,6,10.0,60.0,"10,20,30,40,50,60"
FLB_70,FLB,train,60,6,10.0,60.0,"10,20,30,40,50,60"
FLB_71,FLB,test,60,6,10.0,60.0,"10,20,30,40,50,60"
FLB_72,FLB,validation,60,6,10.0,60.0,"10,20,30,40,50,60"
FLB_73,FLB,train,60,6,10.0,60.0,"10,20,30,40,50,60"
FLB_74,FLB,train,60,6,10.0,60.0,"10,20,30,40,50,60"
FLB_75,FLB,train,60,6,10.0,60.0,"10,20,30,40,50,60"
FLB_76,FLB,train,60,6,10.0,60.0,"10,20,30,40,50,60"
FLB_77,FLB,train,60,6,10.0,60.0,"10,20,30,40,50,60"
FLB_78,FLB,train,60,6,10.0,60.0,"10,20,30,40,50,60"
FLB_79,FLB,train,60,6,10.0,60.0,"10,20,30,40,50,60"
FLB_8,FLB,train,60,6,10.0,60.0,"10,20,30,40,50,60"
FLB_80,FLB,train,60,6,10.0,60.0,"10,20,30,40,50,60"
FLB_81,FLB,test,60,6,10.0,60.0,"10,20,30,40,50,60"
FLB_82,FLB,validation,60,6,10.0,60.0,"10,20,30,40,50,60"
FLB_83,FLB,train,60,6,10.0,60.0,"10,20,30,40,50,60"
FLB_84,FLB,train,60,6,10.0,60.0,"10,20,30,40,50,60"
FLB_85,FLB,train,60,6,10.0,60.0,"10,20,30,40,50,60"
FLB_86,FLB,train,60,6,10.0,60.0,"10,20,30,40,50,60"
FLB_87,FLB,train,60,6,10.0,60.0,"10,20,30,40,50,60"
FLB_88,FLB,train,60,6,10.0,60.0,"10,20,30,40,50,60"
FLB_89,FLB,train,60,6,10.0,60.0,"10,20,30,40,50,60"
FLB_9,FLB,train,60,6,10.0,60.0,"10,20,30,40,50,60"
FLB_90,FLB,train,60,6,10.0,60.0,"10,20,30,40,50,60"
FLB_91,FLB,test,60,6,10.0,60.0,"10,20,30,40,50,60"
FLB_92,FLB,validation,60,6,10.0,60.0,"10,20,30,40,50,60"
FLB_93,FLB,train,60,6,10.0,60.0,"10,20,30,40,50,60"
FLB_94,FLB,train,60,6,10.0,60.0,"10,20,30,40,50,60"
FLB_95,FLB,train,60,6,10.0,60.0,"10,20,30,40,50,60"
FLB_96,FLB,train,60,6,10.0,60.0,"10,20,30,40,50,60"
FLB_97,FLB,train,60,6,10.0,60.0,"10,20,30,40,50,60"
FLB_98,FLB,train,60,6,10.0,60.0,"10,20,30,40,50,60"
FLB_99,FLB,train,60,6,10.0,60.0,"10,20,30,40,50,60"
LLB_1,LLB,test,60,6,10.0,60.0,"10,20,30,40,50,60"
LLB_10,LLB,train,60,6,10.0,60.0,"10,20,30,40,50,60"
LLB_100,LLB,train,60,6,10.0,60.0,"10,20,30,40,50,60"
LLB_101,LLB,test,60,6,10.0,60.0,"10,20,30,40,50,60"
LLB_11,LLB,test,60,6,10.0,60.0,"10,20,30,40,50,60"
LLB_12,LLB,validation,60,6,10.0,60.0,"10,20,30,40,50,60"
LLB_13,LLB,train,60,6,10.0,60.0,"10,20,30,40,50,60"
LLB_14,LLB,train,60,6,10.0,60.0,"10,20,30,40,50,60"
LLB_15,LLB,train,60,6,10.0,60.0,"10,20,30,40,50,60"
LLB_16,LLB,train,60,6,10.0,60.0,"10,20,30,40,50,60"
LLB_17,LLB,train,60,6,10.0,60.0,"10,20,30,40,50,60"
LLB_18,LLB,train,60,6,10.0,60.0,"10,20,30,40,50,60"
LLB_19,LLB,train,60,6,10.0,60.0,"10,20,30,40,50,60"
LLB_2,LLB,validation,60,6,10.0,60.0,"10,20,30,40,50,60"
LLB_20,LLB,train,60,6,10.0,60.0,"10,20,30,40,50,60"
LLB_21,LLB,test,60,6,10.0,60.0,"10,20,30,40,50,60"
LLB_22,LLB,validation,60,6,10.0,60.0,"10,20,30,40,50,60"
LLB_23,LLB,train,60,6,10.0,60.0,"10,20,30,40,50,60"
LLB_24,LLB,train,60,6,10.0,60.0,"10,20,30,40,50,60"
LLB_25,LLB,train,60,6,10.0,60.0,"10,20,30,40,50,60"
LLB_26,LLB,train,60,6,10.0,60.0,"10,20,30,40,50,60"
LLB_27,LLB,train,60,6,10.0,60.0,"10,20,30,40,50,60"
LLB_28,LLB,train,60,6,10.0,60.0,"10,20,30,40,50,60"
LLB_29,LLB,train,60,6,10.0,60.0,"10,20,30,40,50,60"
LLB_3,LLB,train,60,6,10.0,60.0,"10,20,30,40,50,60"
LLB_30,LLB,train,60,6,10.0,60.0,"10,20,30,40,50,60"
LLB_31,LLB,test,60,6,10.0,60.0,"10,20,30,40,50,60"
LLB_32,LLB,validation,60,6,10.0,60.0,"10,20,30,40,50,60"
LLB_33,LLB,train,60,6,10.0,60.0,"10,20,30,40,50,60"
LLB_34,LLB,train,60,6,10.0,60.0,"10,20,30,40,50,60"
LLB_35,LLB,train,60,6,10.0,60.0,"10,20,30,40,50,60"
LLB_36,LLB,train,60,6,10.0,60.0,"10,20,30,40,50,60"
LLB_37,LLB,train,60,6,10.0,60.0,"10,20,30,40,50,60"
LLB_38,LLB,train,60,6,10.0,60.0,"10,20,30,40,50,60"
LLB_39,LLB,train,60,6,10.0,60.0,"10,20,30,40,50,60"
LLB_4,LLB,train,60,6,10.0,60.0,"10,20,30,40,50,60"
LLB_40,LLB,train,60,6,10.0,60.0,"10,20,30,40,50,60"
LLB_41,LLB,test,60,6,10.0,60.0,"10,20,30,40,50,60"
LLB_42,LLB,validation,60,6,10.0,60.0,"10,20,30,40,50,60"
LLB_43,LLB,train,60,6,10.0,60.0,"10,20,30,40,50,60"
LLB_44,LLB,train,60,6,10.0,60.0,"10,20,30,40,50,60"
LLB_45,LLB,train,60,6,10.0,60.0,"10,20,30,40,50,60"
LLB_46,LLB,train,60,6,10.0,60.0,"10,20,30,40,50,60"
LLB_47,LLB,train,60,6,10.0,60.0,"10,20,30,40,50,60"
LLB_48,LLB,train,60,6,10.0,60.0,"10,20,30,40,50,60"
LLB_49,LLB,train,60,6,10.0,60.0,"10,20,30,40,50,60"
LLB_5,LLB,train,60,6,10.0,60.0,"10,20,30,40,50,60"
LLB_50,LLB,train,60,6,10.0,60.0,"10,20,30,40,50,60"
LLB_51,LLB,test,60,6,10.0,60.0,"10,20,30,40,50,60"
LLB_52,LLB,validation,60,6,10.0,60.0,"10,20,30,40,50,60"
LLB_53,LLB,train,60,6,10.0,60.0,"10,20,30,40,50,60"
LLB_54,LLB,train,60,6,10.0,60.0,"10,20,30,40,50,60"
LLB_55,LLB,train,60,6,10.0,60.0,"10,20,30,40,50,60"
LLB_56,LLB,train,60,6,10.0,60.0,"10,20,30,40,50,60"
LLB_57,LLB,train,60,6,10.0,60.0,"10,20,30,40,50,60"
LLB_58,LLB,train,60,6,10.0,60.0,"10,20,30,40,50,60"
LLB_59,LLB,train,60,6,10.0,60.0,"10,20,30,40,50,60"
LLB_6,LLB,train,60,6,10.0,60.0,"10,20,30,40,50,60"
LLB_60,LLB,train,60,6,10.0,60.0,"10,20,30,40,50,60"
LLB_61,LLB,test,60,6,10.0,60.0,"10,20,30,40,50,60"
LLB_62,LLB,validation,60,6,10.0,60.0,"10,20,30,40,50,60"
LLB_63,LLB,train,60,6,10.0,60.0,"10,20,30,40,50,60"
LLB_64,LLB,train,60,6,10.0,60.0,"10,20,30,40,50,60"
LLB_65,LLB,train,60,6,10.0,60.0,"10,20,30,40,50,60"
LLB_66,LLB,train,60,6,10.0,60.0,"10,20,30,40,50,60"
LLB_67,LLB,train,60,6,10.0,60.0,"10,20,30,40,50,60"
LLB_68,LLB,train,60,6,10.0,60.0,"10,20,30,40,50,60"
LLB_69,LLB,train,60,6,10.0,60.0,"10,20,30,40,50,60"
LLB_7,LLB,train,60,6,10.0,60.0,"10,20,30,40,50,60"
LLB_70,LLB,train,60,6,10.0,60.0,"10,20,30,40,50,60"
LLB_71,LLB,test,60,6,10.0,60.0,"10,20,30,40,50,60"
LLB_72,LLB,validation,60,6,10.0,60.0,"10,20,30,40,50,60"
LLB_73,LLB,train,60,6,10.0,60.0,"10,20,30,40,50,60"
LLB_74,LLB,train,60,6,10.0,60.0,"10,20,30,40,50,60"
LLB_75,LLB,train,60,6,10.0,60.0,"10,20,30,40,50,60"
LLB_76,LLB,train,60,6,10.0,60.0,"10,20,30,40,50,60"
LLB_77,LLB,train,60,6,10.0,60.0,"10,20,30,40,50,60"
LLB_78,LLB,train,60,6,10.0,60.0,"10,20,30,40,50,60"
LLB_79,LLB,train,60,6,10.0,60.0,"10,20,30,40,50,60"
LLB_8,LLB,train,60,6,10.0,60.0,"10,20,30,40,50,60"
LLB_80,LLB,train,60,6,10.0,60.0,"10,20,30,40,50,60"
LLB_81,LLB,test,60,6,10.0,60.0,"10,20,30,40,50,60"
LLB_82,LLB,validation,60,6,10.0,60.0,"10,20,30,40,50,60"
LLB_83,LLB,train,60,6,10.0,60.0,"10,20,30,40,50,60"
LLB_84,LLB,train,60,6,10.0,60.0,"10,20,30,40,50,60"
LLB_85,LLB,train,60,6,10.0,60.0,"10,20,30,40,50,60"
LLB_86,LLB,train,60,6,10.0,60.0,"10,20,30,40,50,60"
LLB_87,LLB,train,60,6,10.0,60.0,"10,20,30,40,50,60"
LLB_88,LLB,train,60,6,10.0,60.0,"10,20,30,40,50,60"
LLB_89,LLB,train,60,6,10.0,60.0,"10,20,30,40,50,60"
LLB_9,LLB,train,60,6,10.0,60.0,"10,20,30,40,50,60"
LLB_90,LLB,train,60,6,10.0,60.0,"10,20,30,40,50,60"
LLB_91,LLB,test,60,6,10.0,60.0,"10,20,30,40,50,60"
LLB_92,LLB,validation,60,6,10.0,60.0,"10,20,30,40,50,60"
LLB_93,LLB,train,60,6,10.0,60.0,"10,20,30,40,50,60"
LLB_94,LLB,train,60,6,10.0,60.0,"10,20,30,40,50,60"
LLB_95,LLB,train,60,6,10.0,60.0,"10,20,30,40,50,60"
LLB_96,LLB,train,60,6,10.0,60.0,"10,20,30,40,50,60"
LLB_97,LLB,train,60,6,10.0,60.0,"10,20,30,40,50,60"
LLB_98,LLB,train,60,6,10.0,60.0,"10,20,30,40,50,60"
LLB_99,LLB,train,60,6,10.0,60.0,"10,20,30,40,50,60"
LOCAC_1,LOCAC,test,60,6,10.0,60.0,"10,20,30,40,50,60"
LOCAC_10,LOCAC,train,60,6,10.0,60.0,"10,20,30,40,50,60"
LOCAC_100,LOCAC,train,60,6,10.0,60.0,"10,20,30,40,50,60"
LOCAC_11,LOCAC,test,60,6,10.0,60.0,"10,20,30,40,50,60"
LOCAC_12,LOCAC,validation,60,6,10.0,60.0,"10,20,30,40,50,60"
LOCAC_13,LOCAC,train,60,6,10.0,60.0,"10,20,30,40,50,60"
LOCAC_14,LOCAC,train,60,6,10.0,60.0,"10,20,30,40,50,60"
LOCAC_15,LOCAC,train,60,6,10.0,60.0,"10,20,30,40,50,60"
LOCAC_16,LOCAC,train,60,6,10.0,60.0,"10,20,30,40,50,60"
LOCAC_17,LOCAC,train,60,6,10.0,60.0,"10,20,30,40,50,60"
LOCAC_18,LOCAC,train,60,6,10.0,60.0,"10,20,30,40,50,60"
LOCAC_19,LOCAC,train,60,6,10.0,60.0,"10,20,30,40,50,60"
LOCAC_2,LOCAC,validation,60,6,10.0,60.0,"10,20,30,40,50,60"
LOCAC_20,LOCAC,train,60,6,10.0,60.0,"10,20,30,40,50,60"
LOCAC_21,LOCAC,test,60,6,10.0,60.0,"10,20,30,40,50,60"
LOCAC_22,LOCAC,validation,60,6,10.0,60.0,"10,20,30,40,50,60"
LOCAC_23,LOCAC,train,60,6,10.0,60.0,"10,20,30,40,50,60"
LOCAC_24,LOCAC,train,60,6,10.0,60.0,"10,20,30,40,50,60"
LOCAC_25,LOCAC,train,60,6,10.0,60.0,"10,20,30,40,50,60"
LOCAC_26,LOCAC,train,60,6,10.0,60.0,"10,20,30,40,50,60"
LOCAC_27,LOCAC,train,60,6,10.0,60.0,"10,20,30,40,50,60"
LOCAC_28,LOCAC,train,60,6,10.0,60.0,"10,20,30,40,50,60"
LOCAC_29,LOCAC,train,60,6,10.0,60.0,"10,20,30,40,50,60"
LOCAC_3,LOCAC,train,60,6,10.0,60.0,"10,20,30,40,50,60"
LOCAC_30,LOCAC,train,60,6,10.0,60.0,"10,20,30,40,50,60"
LOCAC_31,LOCAC,test,60,6,10.0,60.0,"10,20,30,40,50,60"
LOCAC_32,LOCAC,validation,60,6,10.0,60.0,"10,20,30,40,50,60"
LOCAC_33,LOCAC,train,60,6,10.0,60.0,"10,20,30,40,50,60"
LOCAC_34,LOCAC,train,60,6,10.0,60.0,"10,20,30,40,50,60"
LOCAC_35,LOCAC,train,60,6,10.0,60.0,"10,20,30,40,50,60"
LOCAC_36,LOCAC,train,60,6,10.0,60.0,"10,20,30,40,50,60"
LOCAC_37,LOCAC,train,60,6,10.0,60.0,"10,20,30,40,50,60"
LOCAC_38,LOCAC,train,60,6,10.0,60.0,"10,20,30,40,50,60"
LOCAC_39,LOCAC,train,60,6,10.0,60.0,"10,20,30,40,50,60"
LOCAC_4,LOCAC,train,60,6,10.0,60.0,"10,20,30,40,50,60"
LOCAC_40,LOCAC,train,60,6,10.0,60.0,"10,20,30,40,50,60"
LOCAC_41,LOCAC,test,60,6,10.0,60.0,"10,20,30,40,50,60"
LOCAC_42,LOCAC,validation,60,6,10.0,60.0,"10,20,30,40,50,60"
LOCAC_43,LOCAC,train,60,6,10.0,60.0,"10,20,30,40,50,60"
LOCAC_44,LOCAC,train,60,6,10.0,60.0,"10,20,30,40,50,60"
LOCAC_45,LOCAC,train,60,6,10.0,60.0,"10,20,30,40,50,60"
LOCAC_46,LOCAC,train,60,6,10.0,60.0,"10,20,30,40,50,60"
LOCAC_47,LOCAC,train,60,6,10.0,60.0,"10,20,30,40,50,60"
LOCAC_48,LOCAC,train,60,6,10.0,60.0,"10,20,30,40,50,60"
LOCAC_49,LOCAC,train,60,6,10.0,60.0,"10,20,30,40,50,60"
LOCAC_5,LOCAC,train,60,6,10.0,60.0,"10,20,30,40,50,60"
LOCAC_50,LOCAC,train,60,6,10.0,60.0,"10,20,30,40,50,60"
LOCAC_51,LOCAC,test,60,6,10.0,60.0,"10,20,30,40,50,60"
LOCAC_52,LOCAC,validation,60,6,10.0,60.0,"10,20,30,40,50,60"
LOCAC_53,LOCAC,train,60,6,10.0,60.0,"10,20,30,40,50,60"
LOCAC_54,LOCAC,train,60,6,10.0,60.0,"10,20,30,40,50,60"
LOCAC_55,LOCAC,train,60,6,10.0,60.0,"10,20,30,40,50,60"
LOCAC_56,LOCAC,train,60,6,10.0,60.0,"10,20,30,40,50,60"
LOCAC_57,LOCAC,train,60,6,10.0,60.0,"10,20,30,40,50,60"
LOCAC_58,LOCAC,train,60,6,10.0,60.0,"10,20,30,40,50,60"
LOCAC_59,LOCAC,train,60,6,10.0,60.0,"10,20,30,40,50,60"
LOCAC_6,LOCAC,train,60,6,10.0,60.0,"10,20,30,40,50,60"
LOCAC_60,LOCAC,train,60,6,10.0,60.0,"10,20,30,40,50,60"
LOCAC_61,LOCAC,test,60,6,10.0,60.0,"10,20,30,40,50,60"
LOCAC_62,LOCAC,validation,60,6,10.0,60.0,"10,20,30,40,50,60"
LOCAC_63,LOCAC,train,60,6,10.0,60.0,"10,20,30,40,50,60"
LOCAC_64,LOCAC,train,60,6,10.0,60.0,"10,20,30,40,50,60"
LOCAC_65,LOCAC,train,60,6,10.0,60.0,"10,20,30,40,50,60"
LOCAC_66,LOCAC,train,60,6,10.0,60.0,"10,20,30,40,50,60"
LOCAC_67,LOCAC,train,60,6,10.0,60.0,"10,20,30,40,50,60"
LOCAC_68,LOCAC,train,60,6,10.0,60.0,"10,20,30,40,50,60"
LOCAC_69,LOCAC,train,60,6,10.0,60.0,"10,20,30,40,50,60"
LOCAC_7,LOCAC,train,60,6,10.0,60.0,"10,20,30,40,50,60"
LOCAC_70,LOCAC,train,60,6,10.0,60.0,"10,20,30,40,50,60"
LOCAC_71,LOCAC,test,60,6,10.0,60.0,"10,20,30,40,50,60"
LOCAC_72,LOCAC,validation,60,6,10.0,60.0,"10,20,30,40,50,60"
LOCAC_73,LOCAC,train,60,6,10.0,60.0,"10,20,30,40,50,60"
LOCAC_74,LOCAC,train,60,6,10.0,60.0,"10,20,30,40,50,60"
LOCAC_75,LOCAC,train,60,6,10.0,60.0,"10,20,30,40,50,60"
LOCAC_76,LOCAC,train,60,6,10.0,60.0,"10,20,30,40,50,60"
LOCAC_77,LOCAC,train,60,6,10.0,60.0,"10,20,30,40,50,60"
LOCAC_78,LOCAC,train,60,6,10.0,60.0,"10,20,30,40,50,60"
LOCAC_79,LOCAC,train,60,6,10.0,60.0,"10,20,30,40,50,60"
LOCAC_8,LOCAC,train,60,6,10.0,60.0,"10,20,30,40,50,60"
LOCAC_80,LOCAC,train,60,6,10.0,60.0,"10,20,30,40,50,60"
LOCAC_81,LOCAC,test,60,6,10.0,60.0,"10,20,30,40,50,60"
LOCAC_82,LOCAC,validation,60,6,10.0,60.0,"10,20,30,40,50,60"
LOCAC_83,LOCAC,train,60,6,10.0,60.0,"10,20,30,40,50,60"
LOCAC_84,LOCAC,train,60,6,10.0,60.0,"10,20,30,40,50,60"
LOCAC_85,LOCAC,train,60,6,10.0,60.0,"10,20,30,40,50,60"
LOCAC_86,LOCAC,train,60,6,10.0,60.0,"10,20,30,40,50,60"
LOCAC_87,LOCAC,train,60,6,10.0,60.0,"10,20,30,40,50,60"
LOCAC_88,LOCAC,train,60,6,10.0,60.0,"10,20,30,40,50,60"
LOCAC_89,LOCAC,train,60,6,10.0,60.0,"10,20,30,40,50,60"
LOCAC_9,LOCAC,train,60,6,10.0,60.0,"10,20,30,40,50,60"
LOCAC_90,LOCAC,train,60,6,10.0,60.0,"10,20,30,40,50,60"
LOCAC_91,LOCAC,test,60,6,10.0,60.0,"10,20,30,40,50,60"
LOCAC_92,LOCAC,validation,60,6,10.0,60.0,"10,20,30,40,50,60"
LOCAC_93,LOCAC,train,60,6,10.0,60.0,"10,20,30,40,50,60"
LOCAC_94,LOCAC,train,60,6,10.0,60.0,"10,20,30,40,50,60"
LOCAC_95,LOCAC,train,60,6,10.0,60.0,"10,20,30,40,50,60"
LOCAC_96,LOCAC,train,60,6,10.0,60.0,"10,20,30,40,50,60"
LOCAC_97,LOCAC,train,60,6,10.0,60.0,"10,20,30,40,50,60"
LOCAC_98,LOCAC,train,60,6,10.0,60.0,"10,20,30,40,50,60"
LOCAC_99,LOCAC,train,60,6,10.0,60.0,"10,20,30,40,50,60"
LOCA_1,LOCA,test,60,6,10.0,60.0,"10,20,30,40,50,60"
LOCA_10,LOCA,train,60,6,10.0,60.0,"10,20,30,40,50,60"
LOCA_100,LOCA,train,60,6,10.0,60.0,"10,20,30,40,50,60"
LOCA_11,LOCA,test,60,6,10.0,60.0,"10,20,30,40,50,60"
LOCA_12,LOCA,validation,60,6,10.0,60.0,"10,20,30,40,50,60"
LOCA_13,LOCA,train,60,6,10.0,60.0,"10,20,30,40,50,60"
LOCA_14,LOCA,train,60,6,10.0,60.0,"10,20,30,40,50,60"
LOCA_15,LOCA,train,60,6,10.0,60.0,"10,20,30,40,50,60"
LOCA_16,LOCA,train,60,6,10.0,60.0,"10,20,30,40,50,60"
LOCA_17,LOCA,train,60,6,10.0,60.0,"10,20,30,40,50,60"
LOCA_18,LOCA,train,60,6,10.0,60.0,"10,20,30,40,50,60"
LOCA_19,LOCA,train,60,6,10.0,60.0,"10,20,30,40,50,60"
LOCA_2,LOCA,validation,60,6,10.0,60.0,"10,20,30,40,50,60"
LOCA_20,LOCA,train,60,6,10.0,60.0,"10,20,30,40,50,60"
LOCA_21,LOCA,test,60,6,10.0,60.0,"10,20,30,40,50,60"
LOCA_22,LOCA,validation,60,6,10.0,60.0,"10,20,30,40,50,60"
LOCA_23,LOCA,train,60,6,10.0,60.0,"10,20,30,40,50,60"
LOCA_24,LOCA,train,60,6,10.0,60.0,"10,20,30,40,50,60"
LOCA_25,LOCA,train,60,6,10.0,60.0,"10,20,30,40,50,60"
LOCA_26,LOCA,train,60,6,10.0,60.0,"10,20,30,40,50,60"
LOCA_27,LOCA,train,60,6,10.0,60.0,"10,20,30,40,50,60"
LOCA_28,LOCA,train,60,6,10.0,60.0,"10,20,30,40,50,60"
LOCA_29,LOCA,train,60,6,10.0,60.0,"10,20,30,40,50,60"
LOCA_3,LOCA,train,60,6,10.0,60.0,"10,20,30,40,50,60"
LOCA_30,LOCA,train,60,6,10.0,60.0,"10,20,30,40,50,60"
LOCA_31,LOCA,test,60,6,10.0,60.0,"10,20,30,40,50,60"
LOCA_32,LOCA,validation,60,6,10.0,60.0,"10,20,30,40,50,60"
LOCA_33,LOCA,train,60,6,10.0,60.0,"10,20,30,40,50,60"
LOCA_34,LOCA,train,60,6,10.0,60.0,"10,20,30,40,50,60"
LOCA_35,LOCA,train,60,6,10.0,60.0,"10,20,30,40,50,60"
LOCA_36,LOCA,train,60,6,10.0,60.0,"10,20,30,40,50,60"
LOCA_37,LOCA,train,60,6,10.0,60.0,"10,20,30,40,50,60"
LOCA_38,LOCA,train,60,6,10.0,60.0,"10,20,30,40,50,60"
LOCA_39,LOCA,train,60,6,10.0,60.0,"10,20,30,40,50,60"
LOCA_4,LOCA,train,60,6,10.0,60.0,"10,20,30,40,50,60"
LOCA_40,LOCA,train,60,6,10.0,60.0,"10,20,30,40,50,60"
LOCA_41,LOCA,test,60,6,10.0,60.0,"10,20,30,40,50,60"
LOCA_42,LOCA,validation,60,6,10.0,60.0,"10,20,30,40,50,60"
LOCA_43,LOCA,train,60,6,10.0,60.0,"10,20,30,40,50,60"
LOCA_44,LOCA,train,60,6,10.0,60.0,"10,20,30,40,50,60"
LOCA_45,LOCA,train,60,6,10.0,60.0,"10,20,30,40,50,60"
LOCA_46,LOCA,train,60,6,10.0,60.0,"10,20,30,40,50,60"
LOCA_47,LOCA,train,60,6,10.0,60.0,"10,20,30,40,50,60"
LOCA_48,LOCA,train,60,6,10.0,60.0,"10,20,30,40,50,60"
LOCA_49,LOCA,train,60,6,10.0,60.0,"10,20,30,40,50,60"
LOCA_5,LOCA,train,60,6,10.0,60.0,"10,20,30,40,50,60"
LOCA_50,LOCA,train,60,6,10.0,60.0,"10,20,30,40,50,60"
LOCA_51,LOCA,test,60,6,10.0,60.0,"10,20,30,40,50,60"
LOCA_52,LOCA,validation,60,6,10.0,60.0,"10,20,30,40,50,60"
LOCA_53,LOCA,train,60,6,10.0,60.0,"10,20,30,40,50,60"
LOCA_54,LOCA,train,60,6,10.0,60.0,"10,20,30,40,50,60"
LOCA_55,LOCA,train,60,6,10.0,60.0,"10,20,30,40,50,60"
LOCA_56,LOCA,train,60,6,10.0,60.0,"10,20,30,40,50,60"
LOCA_57,LOCA,train,60,6,10.0,60.0,"10,20,30,40,50,60"
LOCA_58,LOCA,train,60,6,10.0,60.0,"10,20,30,40,50,60"
LOCA_59,LOCA,train,60,6,10.0,60.0,"10,20,30,40,50,60"
LOCA_6,LOCA,train,60,6,10.0,60.0,"10,20,30,40,50,60"
LOCA_60,LOCA,train,60,6,10.0,60.0,"10,20,30,40,50,60"
LOCA_61,LOCA,test,60,6,10.0,60.0,"10,20,30,40,50,60"
LOCA_62,LOCA,validation,60,6,10.0,60.0,"10,20,30,40,50,60"
LOCA_63,LOCA,train,60,6,10.0,60.0,"10,20,30,40,50,60"
LOCA_64,LOCA,train,60,6,10.0,60.0,"10,20,30,40,50,60"
LOCA_65,LOCA,train,60,6,10.0,60.0,"10,20,30,40,50,60"
LOCA_66,LOCA,train,60,6,10.0,60.0,"10,20,30,40,50,60"
LOCA_67,LOCA,train,60,6,10.0,60.0,"10,20,30,40,50,60"
LOCA_68,LOCA,train,60,6,10.0,60.0,"10,20,30,40,50,60"
LOCA_69,LOCA,train,60,6,10.0,60.0,"10,20,30,40,50,60"
LOCA_7,LOCA,train,60,6,10.0,60.0,"10,20,30,40,50,60"
LOCA_70,LOCA,train,60,6,10.0,60.0,"10,20,30,40,50,60"
LOCA_71,LOCA,test,60,6,10.0,60.0,"10,20,30,40,50,60"
LOCA_72,LOCA,validation,60,6,10.0,60.0,"10,20,30,40,50,60"
LOCA_73,LOCA,train,60,6,10.0,60.0,"10,20,30,40,50,60"
LOCA_74,LOCA,train,60,6,10.0,60.0,"10,20,30,40,50,60"
LOCA_75,LOCA,train,60,6,10.0,60.0,"10,20,30,40,50,60"
LOCA_76,LOCA,train,60,6,10.0,60.0,"10,20,30,40,50,60"
LOCA_77,LOCA,train,60,6,10.0,60.0,"10,20,30,40,50,60"
LOCA_78,LOCA,train,60,6,10.0,60.0,"10,20,30,40,50,60"
LOCA_79,LOCA,train,60,6,10.0,60.0,"10,20,30,40,50,60"
LOCA_8,LOCA,train,60,6,10.0,60.0,"10,20,30,40,50,60"
LOCA_80,LOCA,train,60,6,10.0,60.0,"10,20,30,40,50,60"
LOCA_81,LOCA,test,60,6,10.0,60.0,"10,20,30,40,50,60"
LOCA_82,LOCA,validation,60,6,10.0,60.0,"10,20,30,40,50,60"
LOCA_83,LOCA,train,60,6,10.0,60.0,"10,20,30,40,50,60"
LOCA_84,LOCA,train,60,6,10.0,60.0,"10,20,30,40,50,60"
LOCA_85,LOCA,train,60,6,10.0,60.0,"10,20,30,40,50,60"
LOCA_86,LOCA,train,60,6,10.0,60.0,"10,20,30,40,50,60"
LOCA_87,LOCA,train,60,6,10.0,60.0,"10,20,30,40,50,60"
LOCA_88,LOCA,train,60,6,10.0,60.0,"10,20,30,40,50,60"
LOCA_89,LOCA,train,60,6,10.0,60.0,"10,20,30,40,50,60"
LOCA_9,LOCA,train,60,6,10.0,60.0,"10,20,30,40,50,60"
LOCA_90,LOCA,train,60,6,10.0,60.0,"10,20,30,40,50,60"
LOCA_91,LOCA,test,60,6,10.0,60.0,"10,20,30,40,50,60"
LOCA_92,LOCA,validation,60,6,10.0,60.0,"10,20,30,40,50,60"
LOCA_93,LOCA,train,60,6,10.0,60.0,"10,20,30,40,50,60"
LOCA_94,LOCA,train,60,6,10.0,60.0,"10,20,30,40,50,60"
LOCA_95,LOCA,train,60,6,10.0,60.0,"10,20,30,40,50,60"
LOCA_96,LOCA,train,60,6,10.0,60.0,"10,20,30,40,50,60"
LOCA_97,LOCA,train,60,6,10.0,60.0,"10,20,30,40,50,60"
LOCA_98,LOCA,train,60,6,10.0,60.0,"10,20,30,40,50,60"
LOCA_99,LOCA,train,60,6,10.0,60.0,"10,20,30,40,50,60"
LR_1,LR,test,60,6,10.0,60.0,"10,20,30,40,50,60"
LR_10,LR,train,60,6,10.0,60.0,"10,20,30,40,50,60"
LR_11,LR,test,60,6,10.0,60.0,"10,20,30,40,50,60"
LR_12,LR,validation,60,6,10.0,60.0,"10,20,30,40,50,60"
LR_13,LR,train,60,6,10.0,60.0,"10,20,30,40,50,60"
LR_14,LR,train,60,6,10.0,60.0,"10,20,30,40,50,60"
LR_15,LR,train,60,6,10.0,60.0,"10,20,30,40,50,60"
LR_16,LR,train,60,6,10.0,60.0,"10,20,30,40,50,60"
LR_17,LR,train,60,6,10.0,60.0,"10,20,30,40,50,60"
LR_18,LR,train,60,6,10.0,60.0,"10,20,30,40,50,60"
LR_19,LR,train,60,6,10.0,60.0,"10,20,30,40,50,60"
LR_2,LR,validation,60,6,10.0,60.0,"10,20,30,40,50,60"
LR_20,LR,train,60,6,10.0,60.0,"10,20,30,40,50,60"
LR_21,LR,test,60,6,10.0,60.0,"10,20,30,40,50,60"
LR_22,LR,validation,60,6,10.0,60.0,"10,20,30,40,50,60"
LR_23,LR,train,60,6,10.0,60.0,"10,20,30,40,50,60"
LR_24,LR,train,60,6,10.0,60.0,"10,20,30,40,50,60"
LR_25,LR,train,60,6,10.0,60.0,"10,20,30,40,50,60"
LR_26,LR,train,60,6,10.0,60.0,"10,20,30,40,50,60"
LR_27,LR,train,60,6,10.0,60.0,"10,20,30,40,50,60"
LR_28,LR,train,60,6,10.0,60.0,"10,20,30,40,50,60"
LR_29,LR,train,60,6,10.0,60.0,"10,20,30,40,50,60"
LR_3,LR,train,60,6,10.0,60.0,"10,20,30,40,50,60"
LR_30,LR,train,60,6,10.0,60.0,"10,20,30,40,50,60"
LR_31,LR,test,60,6,10.0,60.0,"10,20,30,40,50,60"
LR_32,LR,validation,60,6,10.0,60.0,"10,20,30,40,50,60"
LR_33,LR,train,60,6,10.0,60.0,"10,20,30,40,50,60"
LR_34,LR,train,60,6,10.0,60.0,"10,20,30,40,50,60"
LR_35,LR,train,60,6,10.0,60.0,"10,20,30,40,50,60"
LR_36,LR,train,60,6,10.0,60.0,"10,20,30,40,50,60"
LR_37,LR,train,60,6,10.0,60.0,"10,20,30,40,50,60"
LR_38,LR,train,60,6,10.0,60.0,"10,20,30,40,50,60"
LR_39,LR,train,60,6,10.0,60.0,"10,20,30,40,50,60"
LR_4,LR,train,60,6,10.0,60.0,"10,20,30,40,50,60"
LR_40,LR,train,60,6,10.0,60.0,"10,20,30,40,50,60"
LR_41,LR,test,60,6,10.0,60.0,"10,20,30,40,50,60"
LR_42,LR,validation,60,6,10.0,60.0,"10,20,30,40,50,60"
LR_43,LR,train,60,6,10.0,60.0,"10,20,30,40,50,60"
LR_44,LR,train,60,6,10.0,60.0,"10,20,30,40,50,60"
LR_45,LR,train,60,6,10.0,60.0,"10,20,30,40,50,60"
LR_46,LR,train,60,6,10.0,60.0,"10,20,30,40,50,60"
LR_47,LR,train,60,6,10.0,60.0,"10,20,30,40,50,60"
LR_48,LR,train,60,6,10.0,60.0,"10,20,30,40,50,60"
LR_49,LR,train,60,6,10.0,60.0,"10,20,30,40,50,60"
LR_5,LR,train,60,6,10.0,60.0,"10,20,30,40,50,60"
LR_50,LR,train,60,6,10.0,60.0,"10,20,30,40,50,60"
LR_51,LR,test,60,6,10.0,60.0,"10,20,30,40,50,60"
LR_52,LR,validation,60,6,10.0,60.0,"10,20,30,40,50,60"
LR_53,LR,train,60,6,10.0,60.0,"10,20,30,40,50,60"
LR_54,LR,train,60,6,10.0,60.0,"10,20,30,40,50,60"
LR_55,LR,train,60,6,10.0,60.0,"10,20,30,40,50,60"
LR_56,LR,train,60,6,10.0,60.0,"10,20,30,40,50,60"
LR_57,LR,train,60,6,10.0,60.0,"10,20,30,40,50,60"
LR_58,LR,train,60,6,10.0,60.0,"10,20,30,40,50,60"
LR_59,LR,train,60,6,10.0,60.0,"10,20,30,40,50,60"
LR_6,LR,train,60,6,10.0,60.0,"10,20,30,40,50,60"
LR_60,LR,train,60,6,10.0,60.0,"10,20,30,40,50,60"
LR_61,LR,test,60,6,10.0,60.0,"10,20,30,40,50,60"
LR_62,LR,validation,60,6,10.0,60.0,"10,20,30,40,50,60"
LR_63,LR,train,60,6,10.0,60.0,"10,20,30,40,50,60"
LR_64,LR,train,60,6,10.0,60.0,"10,20,30,40,50,60"
LR_65,LR,train,60,6,10.0,60.0,"10,20,30,40,50,60"
LR_66,LR,train,60,6,10.0,60.0,"10,20,30,40,50,60"
LR_67,LR,train,60,6,10.0,60.0,"10,20,30,40,50,60"
LR_68,LR,train,60,6,10.0,60.0,"10,20,30,40,50,60"
LR_69,LR,train,60,6,10.0,60.0,"10,20,30,40,50,60"
LR_7,LR,train,60,6,10.0,60.0,"10,20,30,40,50,60"
LR_70,LR,train,60,6,10.0,60.0,"10,20,30,40,50,60"
LR_71,LR,test,60,6,10.0,60.0,"10,20,30,40,50,60"
LR_72,LR,validation,60,6,10.0,60.0,"10,20,30,40,50,60"
LR_73,LR,train,60,6,10.0,60.0,"10,20,30,40,50,60"
LR_74,LR,train,60,6,10.0,60.0,"10,20,30,40,50,60"
LR_75,LR,train,60,6,10.0,60.0,"10,20,30,40,50,60"
LR_76,LR,train,60,6,10.0,60.0,"10,20,30,40,50,60"
LR_77,LR,train,60,6,10.0,60.0,"10,20,30,40,50,60"
LR_78,LR,train,60,6,10.0,60.0,"10,20,30,40,50,60"
LR_79,LR,train,60,6,10.0,60.0,"10,20,30,40,50,60"
LR_8,LR,train,60,6,10.0,60.0,"10,20,30,40,50,60"
LR_80,LR,train,60,6,10.0,60.0,"10,20,30,40,50,60"
LR_81,LR,test,60,6,10.0,60.0,"10,20,30,40,50,60"
LR_82,LR,validation,60,6,10.0,60.0,"10,20,30,40,50,60"
LR_83,LR,train,60,6,10.0,60.0,"10,20,30,40,50,60"
LR_84,LR,train,60,6,10.0,60.0,"10,20,30,40,50,60"
LR_85,LR,train,60,6,10.0,60.0,"10,20,30,40,50,60"
LR_86,LR,train,60,6,10.0,60.0,"10,20,30,40,50,60"
LR_87,LR,train,60,6,10.0,60.0,"10,20,30,40,50,60"
LR_88,LR,train,60,6,10.0,60.0,"10,20,30,40,50,60"
LR_89,LR,train,60,6,10.0,60.0,"10,20,30,40,50,60"
LR_9,LR,train,60,6,10.0,60.0,"10,20,30,40,50,60"
LR_90,LR,train,60,6,10.0,60.0,"10,20,30,40,50,60"
LR_91,LR,test,60,6,10.0,60.0,"10,20,30,40,50,60"
LR_92,LR,validation,60,6,10.0,60.0,"10,20,30,40,50,60"
LR_93,LR,train,60,6,10.0,60.0,"10,20,30,40,50,60"
LR_94,LR,train,60,6,10.0,60.0,"10,20,30,40,50,60"
LR_95,LR,train,60,6,10.0,60.0,"10,20,30,40,50,60"
LR_96,LR,train,60,6,10.0,60.0,"10,20,30,40,50,60"
LR_97,LR,train,60,6,10.0,60.0,"10,20,30,40,50,60"
LR_98,LR,train,60,6,10.0,60.0,"10,20,30,40,50,60"
LR_99,LR,train,60,6,10.0,60.0,"10,20,30,40,50,60"
MD_1,MD,test,60,6,10.0,60.0,"10,20,30,40,50,60"
MD_10,MD,train,60,6,10.0,60.0,"10,20,30,40,50,60"
MD_100,MD,train,60,6,10.0,60.0,"10,20,30,40,50,60"
MD_11,MD,test,60,6,10.0,60.0,"10,20,30,40,50,60"
MD_12,MD,validation,60,6,10.0,60.0,"10,20,30,40,50,60"
MD_13,MD,train,60,6,10.0,60.0,"10,20,30,40,50,60"
MD_14,MD,train,60,6,10.0,60.0,"10,20,30,40,50,60"
MD_15,MD,train,60,6,10.0,60.0,"10,20,30,40,50,60"
MD_16,MD,train,60,6,10.0,60.0,"10,20,30,40,50,60"
MD_17,MD,train,60,6,10.0,60.0,"10,20,30,40,50,60"
MD_18,MD,train,60,6,10.0,60.0,"10,20,30,40,50,60"
MD_19,MD,train,60,6,10.0,60.0,"10,20,30,40,50,60"
MD_2,MD,validation,60,6,10.0,60.0,"10,20,30,40,50,60"
MD_20,MD,train,60,6,10.0,60.0,"10,20,30,40,50,60"
MD_21,MD,test,60,6,10.0,60.0,"10,20,30,40,50,60"
MD_22,MD,validation,60,6,10.0,60.0,"10,20,30,40,50,60"
MD_23,MD,train,60,6,10.0,60.0,"10,20,30,40,50,60"
MD_24,MD,train,60,6,10.0,60.0,"10,20,30,40,50,60"
MD_25,MD,train,60,6,10.0,60.0,"10,20,30,40,50,60"
MD_26,MD,train,60,6,10.0,60.0,"10,20,30,40,50,60"
MD_27,MD,train,60,6,10.0,60.0,"10,20,30,40,50,60"
MD_28,MD,train,60,6,10.0,60.0,"10,20,30,40,50,60"
MD_29,MD,train,60,6,10.0,60.0,"10,20,30,40,50,60"
MD_3,MD,train,60,6,10.0,60.0,"10,20,30,40,50,60"
MD_30,MD,train,60,6,10.0,60.0,"10,20,30,40,50,60"
MD_31,MD,test,60,6,10.0,60.0,"10,20,30,40,50,60"
MD_32,MD,validation,60,6,10.0,60.0,"10,20,30,40,50,60"
MD_33,MD,train,60,6,10.0,60.0,"10,20,30,40,50,60"
MD_34,MD,train,60,6,10.0,60.0,"10,20,30,40,50,60"
MD_35,MD,train,60,6,10.0,60.0,"10,20,30,40,50,60"
MD_36,MD,train,60,6,10.0,60.0,"10,20,30,40,50,60"
MD_37,MD,train,60,6,10.0,60.0,"10,20,30,40,50,60"
MD_38,MD,train,60,6,10.0,60.0,"10,20,30,40,50,60"
MD_39,MD,train,60,6,10.0,60.0,"10,20,30,40,50,60"
MD_4,MD,train,60,6,10.0,60.0,"10,20,30,40,50,60"
MD_40,MD,train,60,6,10.0,60.0,"10,20,30,40,50,60"
MD_41,MD,test,60,6,10.0,60.0,"10,20,30,40,50,60"
MD_42,MD,validation,60,6,10.0,60.0,"10,20,30,40,50,60"
MD_43,MD,train,60,6,10.0,60.0,"10,20,30,40,50,60"
MD_44,MD,train,60,6,10.0,60.0,"10,20,30,40,50,60"
MD_45,MD,train,60,6,10.0,60.0,"10,20,30,40,50,60"
MD_46,MD,train,60,6,10.0,60.0,"10,20,30,40,50,60"
MD_47,MD,train,60,6,10.0,60.0,"10,20,30,40,50,60"
MD_48,MD,train,60,6,10.0,60.0,"10,20,30,40,50,60"
MD_49,MD,train,60,6,10.0,60.0,"10,20,30,40,50,60"
MD_5,MD,train,60,6,10.0,60.0,"10,20,30,40,50,60"
MD_50,MD,train,60,6,10.0,60.0,"10,20,30,40,50,60"
MD_51,MD,test,60,6,10.0,60.0,"10,20,30,40,50,60"
MD_52,MD,validation,60,6,10.0,60.0,"10,20,30,40,50,60"
MD_53,MD,train,60,6,10.0,60.0,"10,20,30,40,50,60"
MD_54,MD,train,60,6,10.0,60.0,"10,20,30,40,50,60"
MD_55,MD,train,60,6,10.0,60.0,"10,20,30,40,50,60"
MD_56,MD,train,60,6,10.0,60.0,"10,20,30,40,50,60"
MD_57,MD,train,60,6,10.0,60.0,"10,20,30,40,50,60"
MD_58,MD,train,60,6,10.0,60.0,"10,20,30,40,50,60"
MD_59,MD,train,60,6,10.0,60.0,"10,20,30,40,50,60"
MD_6,MD,train,60,6,10.0,60.0,"10,20,30,40,50,60"
MD_60,MD,train,60,6,10.0,60.0,"10,20,30,40,50,60"
MD_61,MD,test,60,6,10.0,60.0,"10,20,30,40,50,60"
MD_62,MD,validation,60,6,10.0,60.0,"10,20,30,40,50,60"
MD_63,MD,train,60,6,10.0,60.0,"10,20,30,40,50,60"
MD_64,MD,train,60,6,10.0,60.0,"10,20,30,40,50,60"
MD_65,MD,train,60,6,10.0,60.0,"10,20,30,40,50,60"
MD_66,MD,train,60,6,10.0,60.0,"10,20,30,40,50,60"
MD_67,MD,train,60,6,10.0,60.0,"10,20,30,40,50,60"
MD_68,MD,train,60,6,10.0,60.0,"10,20,30,40,50,60"
MD_69,MD,train,60,6,10.0,60.0,"10,20,30,40,50,60"
MD_7,MD,train,60,6,10.0,60.0,"10,20,30,40,50,60"
MD_70,MD,train,60,6,10.0,60.0,"10,20,30,40,50,60"
MD_71,MD,test,60,6,10.0,60.0,"10,20,30,40,50,60"
MD_72,MD,validation,60,6,10.0,60.0,"10,20,30,40,50,60"
MD_73,MD,train,60,6,10.0,60.0,"10,20,30,40,50,60"
MD_74,MD,train,60,6,10.0,60.0,"10,20,30,40,50,60"
MD_75,MD,train,60,6,10.0,60.0,"10,20,30,40,50,60"
MD_76,MD,train,60,6,10.0,60.0,"10,20,30,40,50,60"
MD_77,MD,train,60,6,10.0,60.0,"10,20,30,40,50,60"
MD_78,MD,train,60,6,10.0,60.0,"10,20,30,40,50,60"
MD_79,MD,train,60,6,10.0,60.0,"10,20,30,40,50,60"
MD_8,MD,train,60,6,10.0,60.0,"10,20,30,40,50,60"
MD_80,MD,train,60,6,10.0,60.0,"10,20,30,40,50,60"
MD_81,MD,test,60,6,10.0,60.0,"10,20,30,40,50,60"
MD_82,MD,validation,60,6,10.0,60.0,"10,20,30,40,50,60"
MD_83,MD,train,60,6,10.0,60.0,"10,20,30,40,50,60"
MD_84,MD,train,60,6,10.0,60.0,"10,20,30,40,50,60"
MD_85,MD,train,60,6,10.0,60.0,"10,20,30,40,50,60"
MD_86,MD,train,60,6,10.0,60.0,"10,20,30,40,50,60"
MD_87,MD,train,60,6,10.0,60.0,"10,20,30,40,50,60"
MD_88,MD,train,60,6,10.0,60.0,"10,20,30,40,50,60"
MD_89,MD,train,60,6,10.0,60.0,"10,20,30,40,50,60"
MD_9,MD,train,60,6,10.0,60.0,"10,20,30,40,50,60"
MD_90,MD,train,60,6,10.0,60.0,"10,20,30,40,50,60"
MD_91,MD,test,60,6,10.0,60.0,"10,20,30,40,50,60"
MD_92,MD,validation,60,6,10.0,60.0,"10,20,30,40,50,60"
MD_93,MD,train,60,6,10.0,60.0,"10,20,30,40,50,60"
MD_94,MD,train,60,6,10.0,60.0,"10,20,30,40,50,60"
MD_95,MD,train,60,6,10.0,60.0,"10,20,30,40,50,60"
MD_96,MD,train,60,6,10.0,60.0,"10,20,30,40,50,60"
MD_97,MD,train,60,6,10.0,60.0,"10,20,30,40,50,60"
MD_98,MD,train,60,6,10.0,60.0,"10,20,30,40,50,60"
MD_99,MD,train,60,6,10.0,60.0,"10,20,30,40,50,60"
RI_-1,RI,train,60,6,10.0,60.0,"10,20,30,40,50,60"
RI_-10,RI,test,60,6,10.0,60.0,"10,20,30,40,50,60"
RI_-100,RI,test,60,6,10.0,60.0,"10,20,30,40,50,60"
RI_-11,RI,train,60,6,10.0,60.0,"10,20,30,40,50,60"
RI_-12,RI,train,60,6,10.0,60.0,"10,20,30,40,50,60"
RI_-13,RI,train,60,6,10.0,60.0,"10,20,30,40,50,60"
RI_-14,RI,train,60,6,10.0,60.0,"10,20,30,40,50,60"
RI_-15,RI,train,60,6,10.0,60.0,"10,20,30,40,50,60"
RI_-16,RI,train,60,6,10.0,60.0,"10,20,30,40,50,60"
RI_-17,RI,train,60,6,10.0,60.0,"10,20,30,40,50,60"
RI_-18,RI,train,60,6,10.0,60.0,"10,20,30,40,50,60"
RI_-19,RI,validation,60,6,10.0,60.0,"10,20,30,40,50,60"
RI_-2,RI,train,60,6,10.0,60.0,"10,20,30,40,50,60"
RI_-20,RI,test,60,6,10.0,60.0,"10,20,30,40,50,60"
RI_-21,RI,train,60,6,10.0,60.0,"10,20,30,40,50,60"
RI_-22,RI,train,60,6,10.0,60.0,"10,20,30,40,50,60"
RI_-23,RI,train,60,6,10.0,60.0,"10,20,30,40,50,60"
RI_-24,RI,train,60,6,10.0,60.0,"10,20,30,40,50,60"
RI_-25,RI,train,60,6,10.0,60.0,"10,20,30,40,50,60"
RI_-26,RI,train,60,6,10.0,60.0,"10,20,30,40,50,60"
RI_-27,RI,train,60,6,10.0,60.0,"10,20,30,40,50,60"
RI_-28,RI,train,60,6,10.0,60.0,"10,20,30,40,50,60"
RI_-29,RI,validation,60,6,10.0,60.0,"10,20,30,40,50,60"
RI_-3,RI,train,60,6,10.0,60.0,"10,20,30,40,50,60"
RI_-30,RI,test,60,6,10.0,60.0,"10,20,30,40,50,60"
RI_-31,RI,train,60,6,10.0,60.0,"10,20,30,40,50,60"
RI_-32,RI,train,60,6,10.0,60.0,"10,20,30,40,50,60"
RI_-33,RI,train,60,6,10.0,60.0,"10,20,30,40,50,60"
RI_-34,RI,train,60,6,10.0,60.0,"10,20,30,40,50,60"
RI_-35,RI,train,60,6,10.0,60.0,"10,20,30,40,50,60"
RI_-36,RI,train,60,6,10.0,60.0,"10,20,30,40,50,60"
RI_-37,RI,train,60,6,10.0,60.0,"10,20,30,40,50,60"
RI_-38,RI,train,60,6,10.0,60.0,"10,20,30,40,50,60"
RI_-39,RI,validation,60,6,10.0,60.0,"10,20,30,40,50,60"
RI_-4,RI,train,60,6,10.0,60.0,"10,20,30,40,50,60"
RI_-40,RI,test,60,6,10.0,60.0,"10,20,30,40,50,60"
RI_-41,RI,train,60,6,10.0,60.0,"10,20,30,40,50,60"
RI_-42,RI,train,60,6,10.0,60.0,"10,20,30,40,50,60"
RI_-43,RI,train,60,6,10.0,60.0,"10,20,30,40,50,60"
RI_-44,RI,train,60,6,10.0,60.0,"10,20,30,40,50,60"
RI_-45,RI,train,60,6,10.0,60.0,"10,20,30,40,50,60"
RI_-46,RI,train,60,6,10.0,60.0,"10,20,30,40,50,60"
RI_-47,RI,train,60,6,10.0,60.0,"10,20,30,40,50,60"
RI_-48,RI,train,60,6,10.0,60.0,"10,20,30,40,50,60"
RI_-49,RI,validation,60,6,10.0,60.0,"10,20,30,40,50,60"
RI_-5,RI,train,60,6,10.0,60.0,"10,20,30,40,50,60"
RI_-50,RI,test,60,6,10.0,60.0,"10,20,30,40,50,60"
RI_-51,RI,train,60,6,10.0,60.0,"10,20,30,40,50,60"
RI_-52,RI,train,60,6,10.0,60.0,"10,20,30,40,50,60"
RI_-53,RI,train,60,6,10.0,60.0,"10,20,30,40,50,60"
RI_-54,RI,train,60,6,10.0,60.0,"10,20,30,40,50,60"
RI_-55,RI,train,60,6,10.0,60.0,"10,20,30,40,50,60"
RI_-56,RI,train,60,6,10.0,60.0,"10,20,30,40,50,60"
RI_-57,RI,train,60,6,10.0,60.0,"10,20,30,40,50,60"
RI_-58,RI,train,60,6,10.0,60.0,"10,20,30,40,50,60"
RI_-59,RI,validation,60,6,10.0,60.0,"10,20,30,40,50,60"
RI_-6,RI,train,60,6,10.0,60.0,"10,20,30,40,50,60"
RI_-60,RI,test,60,6,10.0,60.0,"10,20,30,40,50,60"
RI_-61,RI,train,60,6,10.0,60.0,"10,20,30,40,50,60"
RI_-62,RI,train,60,6,10.0,60.0,"10,20,30,40,50,60"
RI_-63,RI,train,60,6,10.0,60.0,"10,20,30,40,50,60"
RI_-64,RI,train,60,6,10.0,60.0,"10,20,30,40,50,60"
RI_-65,RI,train,60,6,10.0,60.0,"10,20,30,40,50,60"
RI_-66,RI,train,60,6,10.0,60.0,"10,20,30,40,50,60"
RI_-67,RI,train,60,6,10.0,60.0,"10,20,30,40,50,60"
RI_-68,RI,train,60,6,10.0,60.0,"10,20,30,40,50,60"
RI_-69,RI,validation,60,6,10.0,60.0,"10,20,30,40,50,60"
RI_-7,RI,train,60,6,10.0,60.0,"10,20,30,40,50,60"
RI_-70,RI,test,60,6,10.0,60.0,"10,20,30,40,50,60"
RI_-71,RI,train,60,6,10.0,60.0,"10,20,30,40,50,60"
RI_-72,RI,train,60,6,10.0,60.0,"10,20,30,40,50,60"
RI_-73,RI,train,60,6,10.0,60.0,"10,20,30,40,50,60"
RI_-74,RI,train,60,6,10.0,60.0,"10,20,30,40,50,60"
RI_-75,RI,train,60,6,10.0,60.0,"10,20,30,40,50,60"
RI_-76,RI,train,60,6,10.0,60.0,"10,20,30,40,50,60"
RI_-77,RI,train,60,6,10.0,60.0,"10,20,30,40,50,60"
RI_-78,RI,train,60,6,10.0,60.0,"10,20,30,40,50,60"
RI_-79,RI,validation,60,6,10.0,60.0,"10,20,30,40,50,60"
RI_-8,RI,train,60,6,10.0,60.0,"10,20,30,40,50,60"
RI_-80,RI,test,60,6,10.0,60.0,"10,20,30,40,50,60"
RI_-81,RI,train,60,6,10.0,60.0,"10,20,30,40,50,60"
RI_-82,RI,train,60,6,10.0,60.0,"10,20,30,40,50,60"
RI_-83,RI,train,60,6,10.0,60.0,"10,20,30,40,50,60"
RI_-84,RI,train,60,6,10.0,60.0,"10,20,30,40,50,60"
RI_-85,RI,train,60,6,10.0,60.0,"10,20,30,40,50,60"
RI_-86,RI,train,60,6,10.0,60.0,"10,20,30,40,50,60"
RI_-87,RI,train,60,6,10.0,60.0,"10,20,30,40,50,60"
RI_-88,RI,train,60,6,10.0,60.0,"10,20,30,40,50,60"
RI_-89,RI,validation,60,6,10.0,60.0,"10,20,30,40,50,60"
RI_-9,RI,validation,60,6,10.0,60.0,"10,20,30,40,50,60"
RI_-90,RI,test,60,6,10.0,60.0,"10,20,30,40,50,60"
RI_-91,RI,train,60,6,10.0,60.0,"10,20,30,40,50,60"
RI_-92,RI,train,60,6,10.0,60.0,"10,20,30,40,50,60"
RI_-93,RI,train,60,6,10.0,60.0,"10,20,30,40,50,60"
RI_-94,RI,train,60,6,10.0,60.0,"10,20,30,40,50,60"
RI_-95,RI,train,60,6,10.0,60.0,"10,20,30,40,50,60"
RI_-96,RI,train,60,6,10.0,60.0,"10,20,30,40,50,60"
RI_-97,RI,train,60,6,10.0,60.0,"10,20,30,40,50,60"
RI_-98,RI,train,60,6,10.0,60.0,"10,20,30,40,50,60"
RI_-99,RI,validation,60,6,10.0,60.0,"10,20,30,40,50,60"
RW_1,RW,test,60,6,10.0,60.0,"10,20,30,40,50,60"
RW_10,RW,train,60,6,10.0,60.0,"10,20,30,40,50,60"
RW_100,RW,train,60,6,10.0,60.0,"10,20,30,40,50,60"
RW_11,RW,test,60,6,10.0,60.0,"10,20,30,40,50,60"
RW_12,RW,validation,60,6,10.0,60.0,"10,20,30,40,50,60"
RW_13,RW,train,60,6,10.0,60.0,"10,20,30,40,50,60"
RW_14,RW,train,60,6,10.0,60.0,"10,20,30,40,50,60"
RW_15,RW,train,60,6,10.0,60.0,"10,20,30,40,50,60"
RW_16,RW,train,60,6,10.0,60.0,"10,20,30,40,50,60"
RW_17,RW,train,60,6,10.0,60.0,"10,20,30,40,50,60"
RW_18,RW,train,60,6,10.0,60.0,"10,20,30,40,50,60"
RW_19,RW,train,60,6,10.0,60.0,"10,20,30,40,50,60"
RW_2,RW,validation,60,6,10.0,60.0,"10,20,30,40,50,60"
RW_20,RW,train,60,6,10.0,60.0,"10,20,30,40,50,60"
RW_21,RW,test,60,6,10.0,60.0,"10,20,30,40,50,60"
RW_22,RW,validation,60,6,10.0,60.0,"10,20,30,40,50,60"
RW_23,RW,train,60,6,10.0,60.0,"10,20,30,40,50,60"
RW_24,RW,train,60,6,10.0,60.0,"10,20,30,40,50,60"
RW_25,RW,train,60,6,10.0,60.0,"10,20,30,40,50,60"
RW_26,RW,train,60,6,10.0,60.0,"10,20,30,40,50,60"
RW_27,RW,train,60,6,10.0,60.0,"10,20,30,40,50,60"
RW_28,RW,train,60,6,10.0,60.0,"10,20,30,40,50,60"
RW_29,RW,train,60,6,10.0,60.0,"10,20,30,40,50,60"
RW_3,RW,train,60,6,10.0,60.0,"10,20,30,40,50,60"
RW_30,RW,train,60,6,10.0,60.0,"10,20,30,40,50,60"
RW_31,RW,test,60,6,10.0,60.0,"10,20,30,40,50,60"
RW_32,RW,validation,60,6,10.0,60.0,"10,20,30,40,50,60"
RW_33,RW,train,60,6,10.0,60.0,"10,20,30,40,50,60"
RW_34,RW,train,60,6,10.0,60.0,"10,20,30,40,50,60"
RW_35,RW,train,60,6,10.0,60.0,"10,20,30,40,50,60"
RW_36,RW,train,60,6,10.0,60.0,"10,20,30,40,50,60"
RW_37,RW,train,60,6,10.0,60.0,"10,20,30,40,50,60"
RW_38,RW,train,60,6,10.0,60.0,"10,20,30,40,50,60"
RW_39,RW,train,60,6,10.0,60.0,"10,20,30,40,50,60"
RW_4,RW,train,60,6,10.0,60.0,"10,20,30,40,50,60"
RW_40,RW,train,60,6,10.0,60.0,"10,20,30,40,50,60"
RW_41,RW,test,60,6,10.0,60.0,"10,20,30,40,50,60"
RW_42,RW,validation,60,6,10.0,60.0,"10,20,30,40,50,60"
RW_43,RW,train,60,6,10.0,60.0,"10,20,30,40,50,60"
RW_44,RW,train,60,6,10.0,60.0,"10,20,30,40,50,60"
RW_45,RW,train,60,6,10.0,60.0,"10,20,30,40,50,60"
RW_46,RW,train,60,6,10.0,60.0,"10,20,30,40,50,60"
RW_47,RW,train,60,6,10.0,60.0,"10,20,30,40,50,60"
RW_48,RW,train,60,6,10.0,60.0,"10,20,30,40,50,60"
RW_49,RW,train,60,6,10.0,60.0,"10,20,30,40,50,60"
RW_5,RW,train,60,6,10.0,60.0,"10,20,30,40,50,60"
RW_50,RW,train,60,6,10.0,60.0,"10,20,30,40,50,60"
RW_51,RW,test,60,6,10.0,60.0,"10,20,30,40,50,60"
RW_52,RW,validation,60,6,10.0,60.0,"10,20,30,40,50,60"
RW_53,RW,train,60,6,10.0,60.0,"10,20,30,40,50,60"
RW_54,RW,train,60,6,10.0,60.0,"10,20,30,40,50,60"
RW_55,RW,train,60,6,10.0,60.0,"10,20,30,40,50,60"
RW_56,RW,train,60,6,10.0,60.0,"10,20,30,40,50,60"
RW_57,RW,train,60,6,10.0,60.0,"10,20,30,40,50,60"
RW_58,RW,train,60,6,10.0,60.0,"10,20,30,40,50,60"
RW_59,RW,train,60,6,10.0,60.0,"10,20,30,40,50,60"
RW_6,RW,train,60,6,10.0,60.0,"10,20,30,40,50,60"
RW_60,RW,train,60,6,10.0,60.0,"10,20,30,40,50,60"
RW_61,RW,test,60,6,10.0,60.0,"10,20,30,40,50,60"
RW_62,RW,validation,60,6,10.0,60.0,"10,20,30,40,50,60"
RW_63,RW,train,60,6,10.0,60.0,"10,20,30,40,50,60"
RW_64,RW,train,60,6,10.0,60.0,"10,20,30,40,50,60"
RW_65,RW,train,60,6,10.0,60.0,"10,20,30,40,50,60"
RW_66,RW,train,60,6,10.0,60.0,"10,20,30,40,50,60"
RW_67,RW,train,60,6,10.0,60.0,"10,20,30,40,50,60"
RW_68,RW,train,60,6,10.0,60.0,"10,20,30,40,50,60"
RW_69,RW,train,60,6,10.0,60.0,"10,20,30,40,50,60"
RW_7,RW,train,60,6,10.0,60.0,"10,20,30,40,50,60"
RW_70,RW,train,60,6,10.0,60.0,"10,20,30,40,50,60"
RW_71,RW,test,60,6,10.0,60.0,"10,20,30,40,50,60"
RW_72,RW,validation,60,6,10.0,60.0,"10,20,30,40,50,60"
RW_73,RW,train,60,6,10.0,60.0,"10,20,30,40,50,60"
RW_74,RW,train,60,6,10.0,60.0,"10,20,30,40,50,60"
RW_75,RW,train,60,6,10.0,60.0,"10,20,30,40,50,60"
RW_76,RW,train,60,6,10.0,60.0,"10,20,30,40,50,60"
RW_77,RW,train,60,6,10.0,60.0,"10,20,30,40,50,60"
RW_78,RW,train,60,6,10.0,60.0,"10,20,30,40,50,60"
RW_79,RW,train,60,6,10.0,60.0,"10,20,30,40,50,60"
RW_8,RW,train,60,6,10.0,60.0,"10,20,30,40,50,60"
RW_80,RW,train,60,6,10.0,60.0,"10,20,30,40,50,60"
RW_81,RW,test,60,6,10.0,60.0,"10,20,30,40,50,60"
RW_82,RW,validation,60,6,10.0,60.0,"10,20,30,40,50,60"
RW_83,RW,train,60,6,10.0,60.0,"10,20,30,40,50,60"
RW_84,RW,train,60,6,10.0,60.0,"10,20,30,40,50,60"
RW_85,RW,train,60,6,10.0,60.0,"10,20,30,40,50,60"
RW_86,RW,train,60,6,10.0,60.0,"10,20,30,40,50,60"
RW_87,RW,train,60,6,10.0,60.0,"10,20,30,40,50,60"
RW_88,RW,train,60,6,10.0,60.0,"10,20,30,40,50,60"
RW_89,RW,train,60,6,10.0,60.0,"10,20,30,40,50,60"
RW_9,RW,train,60,6,10.0,60.0,"10,20,30,40,50,60"
RW_90,RW,train,60,6,10.0,60.0,"10,20,30,40,50,60"
RW_91,RW,test,60,6,10.0,60.0,"10,20,30,40,50,60"
RW_92,RW,validation,60,6,10.0,60.0,"10,20,30,40,50,60"
RW_93,RW,train,60,6,10.0,60.0,"10,20,30,40,50,60"
RW_94,RW,train,60,6,10.0,60.0,"10,20,30,40,50,60"
RW_95,RW,train,60,6,10.0,60.0,"10,20,30,40,50,60"
RW_96,RW,train,60,6,10.0,60.0,"10,20,30,40,50,60"
RW_97,RW,train,60,6,10.0,60.0,"10,20,30,40,50,60"
RW_98,RW,train,60,6,10.0,60.0,"10,20,30,40,50,60"
RW_99,RW,train,60,6,10.0,60.0,"10,20,30,40,50,60"
SGATR_1,SGATR,test,60,6,10.0,60.0,"10,20,30,40,50,60"
SGATR_10,SGATR,train,60,6,10.0,60.0,"10,20,30,40,50,60"
SGATR_100,SGATR,train,60,6,10.0,60.0,"10,20,30,40,50,60"
SGATR_11,SGATR,test,60,6,10.0,60.0,"10,20,30,40,50,60"
SGATR_12,SGATR,validation,60,6,10.0,60.0,"10,20,30,40,50,60"
SGATR_13,SGATR,train,60,6,10.0,60.0,"10,20,30,40,50,60"
SGATR_14,SGATR,train,60,6,10.0,60.0,"10,20,30,40,50,60"
SGATR_15,SGATR,train,60,6,10.0,60.0,"10,20,30,40,50,60"
SGATR_16,SGATR,train,60,6,10.0,60.0,"10,20,30,40,50,60"
SGATR_17,SGATR,train,60,6,10.0,60.0,"10,20,30,40,50,60"
SGATR_18,SGATR,train,60,6,10.0,60.0,"10,20,30,40,50,60"
SGATR_19,SGATR,train,60,6,10.0,60.0,"10,20,30,40,50,60"
SGATR_2,SGATR,validation,60,6,10.0,60.0,"10,20,30,40,50,60"
SGATR_20,SGATR,train,60,6,10.0,60.0,"10,20,30,40,50,60"
SGATR_21,SGATR,test,60,6,10.0,60.0,"10,20,30,40,50,60"
SGATR_22,SGATR,validation,60,6,10.0,60.0,"10,20,30,40,50,60"
SGATR_23,SGATR,train,60,6,10.0,60.0,"10,20,30,40,50,60"
SGATR_24,SGATR,train,60,6,10.0,60.0,"10,20,30,40,50,60"
SGATR_25,SGATR,train,60,6,10.0,60.0,"10,20,30,40,50,60"
SGATR_26,SGATR,train,60,6,10.0,60.0,"10,20,30,40,50,60"
SGATR_27,SGATR,train,60,6,10.0,60.0,"10,20,30,40,50,60"
SGATR_28,SGATR,train,60,6,10.0,60.0,"10,20,30,40,50,60"
SGATR_29,SGATR,train,60,6,10.0,60.0,"10,20,30,40,50,60"
SGATR_3,SGATR,train,60,6,10.0,60.0,"10,20,30,40,50,60"
SGATR_30,SGATR,train,60,6,10.0,60.0,"10,20,30,40,50,60"
SGATR_31,SGATR,test,60,6,10.0,60.0,"10,20,30,40,50,60"
SGATR_32,SGATR,validation,60,6,10.0,60.0,"10,20,30,40,50,60"
SGATR_33,SGATR,train,60,6,10.0,60.0,"10,20,30,40,50,60"
SGATR_34,SGATR,train,60,6,10.0,60.0,"10,20,30,40,50,60"
SGATR_35,SGATR,train,60,6,10.0,60.0,"10,20,30,40,50,60"
SGATR_36,SGATR,train,60,6,10.0,60.0,"10,20,30,40,50,60"
SGATR_37,SGATR,train,60,6,10.0,60.0,"10,20,30,40,50,60"
SGATR_38,SGATR,train,60,6,10.0,60.0,"10,20,30,40,50,60"
SGATR_39,SGATR,train,60,6,10.0,60.0,"10,20,30,40,50,60"
SGATR_4,SGATR,train,60,6,10.0,60.0,"10,20,30,40,50,60"
SGATR_40,SGATR,train,60,6,10.0,60.0,"10,20,30,40,50,60"
SGATR_41,SGATR,test,60,6,10.0,60.0,"10,20,30,40,50,60"
SGATR_42,SGATR,validation,60,6,10.0,60.0,"10,20,30,40,50,60"
SGATR_43,SGATR,train,60,6,10.0,60.0,"10,20,30,40,50,60"
SGATR_44,SGATR,train,60,6,10.0,60.0,"10,20,30,40,50,60"
SGATR_45,SGATR,train,60,6,10.0,60.0,"10,20,30,40,50,60"
SGATR_46,SGATR,train,60,6,10.0,60.0,"10,20,30,40,50,60"
SGATR_47,SGATR,train,60,6,10.0,60.0,"10,20,30,40,50,60"
SGATR_48,SGATR,train,60,6,10.0,60.0,"10,20,30,40,50,60"
SGATR_49,SGATR,train,60,6,10.0,60.0,"10,20,30,40,50,60"
SGATR_5,SGATR,train,60,6,10.0,60.0,"10,20,30,40,50,60"
SGATR_50,SGATR,train,60,6,10.0,60.0,"10,20,30,40,50,60"
SGATR_51,SGATR,test,60,6,10.0,60.0,"10,20,30,40,50,60"
SGATR_52,SGATR,validation,60,6,10.0,60.0,"10,20,30,40,50,60"
SGATR_53,SGATR,train,60,6,10.0,60.0,"10,20,30,40,50,60"
SGATR_54,SGATR,train,60,6,10.0,60.0,"10,20,30,40,50,60"
SGATR_55,SGATR,train,60,6,10.0,60.0,"10,20,30,40,50,60"
SGATR_56,SGATR,train,60,6,10.0,60.0,"10,20,30,40,50,60"
SGATR_57,SGATR,train,60,6,10.0,60.0,"10,20,30,40,50,60"
SGATR_58,SGATR,train,60,6,10.0,60.0,"10,20,30,40,50,60"
SGATR_59,SGATR,train,60,6,10.0,60.0,"10,20,30,40,50,60"
SGATR_6,SGATR,train,60,6,10.0,60.0,"10,20,30,40,50,60"
SGATR_60,SGATR,train,60,6,10.0,60.0,"10,20,30,40,50,60"
SGATR_61,SGATR,test,60,6,10.0,60.0,"10,20,30,40,50,60"
SGATR_62,SGATR,validation,60,6,10.0,60.0,"10,20,30,40,50,60"
SGATR_63,SGATR,train,60,6,10.0,60.0,"10,20,30,40,50,60"
SGATR_64,SGATR,train,60,6,10.0,60.0,"10,20,30,40,50,60"
SGATR_65,SGATR,train,60,6,10.0,60.0,"10,20,30,40,50,60"
SGATR_66,SGATR,train,60,6,10.0,60.0,"10,20,30,40,50,60"
SGATR_67,SGATR,train,60,6,10.0,60.0,"10,20,30,40,50,60"
SGATR_68,SGATR,train,60,6,10.0,60.0,"10,20,30,40,50,60"
SGATR_69,SGATR,train,60,6,10.0,60.0,"10,20,30,40,50,60"
SGATR_7,SGATR,train,60,6,10.0,60.0,"10,20,30,40,50,60"
SGATR_70,SGATR,train,60,6,10.0,60.0,"10,20,30,40,50,60"
SGATR_71,SGATR,test,60,6,10.0,60.0,"10,20,30,40,50,60"
SGATR_72,SGATR,validation,60,6,10.0,60.0,"10,20,30,40,50,60"
SGATR_73,SGATR,train,60,6,10.0,60.0,"10,20,30,40,50,60"
SGATR_74,SGATR,train,60,6,10.0,60.0,"10,20,30,40,50,60"
SGATR_75,SGATR,train,60,6,10.0,60.0,"10,20,30,40,50,60"
SGATR_76,SGATR,train,60,6,10.0,60.0,"10,20,30,40,50,60"
SGATR_77,SGATR,train,60,6,10.0,60.0,"10,20,30,40,50,60"
SGATR_78,SGATR,train,60,6,10.0,60.0,"10,20,30,40,50,60"
SGATR_79,SGATR,train,60,6,10.0,60.0,"10,20,30,40,50,60"
SGATR_8,SGATR,train,60,6,10.0,60.0,"10,20,30,40,50,60"
SGATR_80,SGATR,train,60,6,10.0,60.0,"10,20,30,40,50,60"
SGATR_81,SGATR,test,60,6,10.0,60.0,"10,20,30,40,50,60"
SGATR_82,SGATR,validation,60,6,10.0,60.0,"10,20,30,40,50,60"
SGATR_83,SGATR,train,60,6,10.0,60.0,"10,20,30,40,50,60"
SGATR_84,SGATR,train,60,6,10.0,60.0,"10,20,30,40,50,60"
SGATR_85,SGATR,train,60,6,10.0,60.0,"10,20,30,40,50,60"
SGATR_86,SGATR,train,60,6,10.0,60.0,"10,20,30,40,50,60"
SGATR_87,SGATR,train,60,6,10.0,60.0,"10,20,30,40,50,60"
SGATR_88,SGATR,train,60,6,10.0,60.0,"10,20,30,40,50,60"
SGATR_89,SGATR,train,60,6,10.0,60.0,"10,20,30,40,50,60"
SGATR_9,SGATR,train,60,6,10.0,60.0,"10,20,30,40,50,60"
SGATR_90,SGATR,train,60,6,10.0,60.0,"10,20,30,40,50,60"
SGATR_91,SGATR,test,60,6,10.0,60.0,"10,20,30,40,50,60"
SGATR_92,SGATR,validation,60,6,10.0,60.0,"10,20,30,40,50,60"
SGATR_93,SGATR,train,60,6,10.0,60.0,"10,20,30,40,50,60"
SGATR_94,SGATR,train,60,6,10.0,60.0,"10,20,30,40,50,60"
SGATR_95,SGATR,train,60,6,10.0,60.0,"10,20,30,40,50,60"
SGATR_96,SGATR,train,60,6,10.0,60.0,"10,20,30,40,50,60"
SGATR_97,SGATR,train,60,6,10.0,60.0,"10,20,30,40,50,60"
SGATR_98,SGATR,train,60,6,10.0,60.0,"10,20,30,40,50,60"
SGATR_99,SGATR,train,60,6,10.0,60.0,"10,20,30,40,50,60"
SGBTR_1,SGBTR,test,60,6,10.0,60.0,"10,20,30,40,50,60"
SGBTR_10,SGBTR,train,60,6,10.0,60.0,"10,20,30,40,50,60"
SGBTR_100,SGBTR,train,60,6,10.0,60.0,"10,20,30,40,50,60"
SGBTR_101,SGBTR,test,60,6,10.0,60.0,"10,20,30,40,50,60"
SGBTR_102,SGBTR,validation,60,6,10.0,60.0,"10,20,30,40,50,60"
SGBTR_103,SGBTR,train,60,6,10.0,60.0,"10,20,30,40,50,60"
SGBTR_104,SGBTR,train,60,6,10.0,60.0,"10,20,30,40,50,60"
SGBTR_105,SGBTR,train,60,6,10.0,60.0,"10,20,30,40,50,60"
SGBTR_106,SGBTR,train,60,6,10.0,60.0,"10,20,30,40,50,60"
SGBTR_107,SGBTR,train,60,6,10.0,60.0,"10,20,30,40,50,60"
SGBTR_108,SGBTR,train,60,6,10.0,60.0,"10,20,30,40,50,60"
SGBTR_109,SGBTR,train,60,6,10.0,60.0,"10,20,30,40,50,60"
SGBTR_11,SGBTR,test,60,6,10.0,60.0,"10,20,30,40,50,60"
SGBTR_110,SGBTR,train,60,6,10.0,60.0,"10,20,30,40,50,60"
SGBTR_12,SGBTR,validation,60,6,10.0,60.0,"10,20,30,40,50,60"
SGBTR_13,SGBTR,train,60,6,10.0,60.0,"10,20,30,40,50,60"
SGBTR_14,SGBTR,train,60,6,10.0,60.0,"10,20,30,40,50,60"
SGBTR_15,SGBTR,train,60,6,10.0,60.0,"10,20,30,40,50,60"
SGBTR_16,SGBTR,train,60,6,10.0,60.0,"10,20,30,40,50,60"
SGBTR_17,SGBTR,train,60,6,10.0,60.0,"10,20,30,40,50,60"
SGBTR_18,SGBTR,train,60,6,10.0,60.0,"10,20,30,40,50,60"
SGBTR_19,SGBTR,train,60,6,10.0,60.0,"10,20,30,40,50,60"
SGBTR_2,SGBTR,validation,60,6,10.0,60.0,"10,20,30,40,50,60"
SGBTR_20,SGBTR,train,60,6,10.0,60.0,"10,20,30,40,50,60"
SGBTR_21,SGBTR,test,60,6,10.0,60.0,"10,20,30,40,50,60"
SGBTR_22,SGBTR,validation,60,6,10.0,60.0,"10,20,30,40,50,60"
SGBTR_23,SGBTR,train,60,6,10.0,60.0,"10,20,30,40,50,60"
SGBTR_24,SGBTR,train,60,6,10.0,60.0,"10,20,30,40,50,60"
SGBTR_25,SGBTR,train,60,6,10.0,60.0,"10,20,30,40,50,60"
SGBTR_26,SGBTR,train,60,6,10.0,60.0,"10,20,30,40,50,60"
SGBTR_27,SGBTR,train,60,6,10.0,60.0,"10,20,30,40,50,60"
SGBTR_28,SGBTR,train,60,6,10.0,60.0,"10,20,30,40,50,60"
SGBTR_29,SGBTR,train,60,6,10.0,60.0,"10,20,30,40,50,60"
SGBTR_3,SGBTR,train,60,6,10.0,60.0,"10,20,30,40,50,60"
SGBTR_30,SGBTR,train,60,6,10.0,60.0,"10,20,30,40,50,60"
SGBTR_31,SGBTR,test,60,6,10.0,60.0,"10,20,30,40,50,60"
SGBTR_32,SGBTR,validation,60,6,10.0,60.0,"10,20,30,40,50,60"
SGBTR_33,SGBTR,train,60,6,10.0,60.0,"10,20,30,40,50,60"
SGBTR_34,SGBTR,train,60,6,10.0,60.0,"10,20,30,40,50,60"
SGBTR_35,SGBTR,train,60,6,10.0,60.0,"10,20,30,40,50,60"
SGBTR_36,SGBTR,train,60,6,10.0,60.0,"10,20,30,40,50,60"
SGBTR_37,SGBTR,train,60,6,10.0,60.0,"10,20,30,40,50,60"
SGBTR_38,SGBTR,train,60,6,10.0,60.0,"10,20,30,40,50,60"
SGBTR_39,SGBTR,train,60,6,10.0,60.0,"10,20,30,40,50,60"
SGBTR_4,SGBTR,train,60,6,10.0,60.0,"10,20,30,40,50,60"
SGBTR_40,SGBTR,train,60,6,10.0,60.0,"10,20,30,40,50,60"
SGBTR_41,SGBTR,test,60,6,10.0,60.0,"10,20,30,40,50,60"
SGBTR_42,SGBTR,validation,60,6,10.0,60.0,"10,20,30,40,50,60"
SGBTR_43,SGBTR,train,60,6,10.0,60.0,"10,20,30,40,50,60"
SGBTR_44,SGBTR,train,60,6,10.0,60.0,"10,20,30,40,50,60"
SGBTR_45,SGBTR,train,60,6,10.0,60.0,"10,20,30,40,50,60"
SGBTR_46,SGBTR,train,60,6,10.0,60.0,"10,20,30,40,50,60"
SGBTR_47,SGBTR,train,60,6,10.0,60.0,"10,20,30,40,50,60"
SGBTR_48,SGBTR,train,60,6,10.0,60.0,"10,20,30,40,50,60"
SGBTR_49,SGBTR,train,60,6,10.0,60.0,"10,20,30,40,50,60"
SGBTR_5,SGBTR,train,60,6,10.0,60.0,"10,20,30,40,50,60"
SGBTR_50,SGBTR,train,60,6,10.0,60.0,"10,20,30,40,50,60"
SGBTR_51,SGBTR,test,60,6,10.0,60.0,"10,20,30,40,50,60"
SGBTR_52,SGBTR,validation,60,6,10.0,60.0,"10,20,30,40,50,60"
SGBTR_53,SGBTR,train,60,6,10.0,60.0,"10,20,30,40,50,60"
SGBTR_54,SGBTR,train,60,6,10.0,60.0,"10,20,30,40,50,60"
SGBTR_55,SGBTR,train,60,6,10.0,60.0,"10,20,30,40,50,60"
SGBTR_56,SGBTR,train,60,6,10.0,60.0,"10,20,30,40,50,60"
SGBTR_57,SGBTR,train,60,6,10.0,60.0,"10,20,30,40,50,60"
SGBTR_58,SGBTR,train,60,6,10.0,60.0,"10,20,30,40,50,60"
SGBTR_59,SGBTR,train,60,6,10.0,60.0,"10,20,30,40,50,60"
SGBTR_6,SGBTR,train,60,6,10.0,60.0,"10,20,30,40,50,60"
SGBTR_60,SGBTR,train,60,6,10.0,60.0,"10,20,30,40,50,60"
SGBTR_61,SGBTR,test,60,6,10.0,60.0,"10,20,30,40,50,60"
SGBTR_62,SGBTR,validation,60,6,10.0,60.0,"10,20,30,40,50,60"
SGBTR_63,SGBTR,train,60,6,10.0,60.0,"10,20,30,40,50,60"
SGBTR_64,SGBTR,train,60,6,10.0,60.0,"10,20,30,40,50,60"
SGBTR_65,SGBTR,train,60,6,10.0,60.0,"10,20,30,40,50,60"
SGBTR_66,SGBTR,train,60,6,10.0,60.0,"10,20,30,40,50,60"
SGBTR_67,SGBTR,train,60,6,10.0,60.0,"10,20,30,40,50,60"
SGBTR_68,SGBTR,train,60,6,10.0,60.0,"10,20,30,40,50,60"
SGBTR_69,SGBTR,train,60,6,10.0,60.0,"10,20,30,40,50,60"
SGBTR_7,SGBTR,train,60,6,10.0,60.0,"10,20,30,40,50,60"
SGBTR_70,SGBTR,train,60,6,10.0,60.0,"10,20,30,40,50,60"
SGBTR_71,SGBTR,test,60,6,10.0,60.0,"10,20,30,40,50,60"
SGBTR_72,SGBTR,validation,60,6,10.0,60.0,"10,20,30,40,50,60"
SGBTR_73,SGBTR,train,60,6,10.0,60.0,"10,20,30,40,50,60"
SGBTR_74,SGBTR,train,60,6,10.0,60.0,"10,20,30,40,50,60"
SGBTR_75,SGBTR,train,60,6,10.0,60.0,"10,20,30,40,50,60"
SGBTR_76,SGBTR,train,60,6,10.0,60.0,"10,20,30,40,50,60"
SGBTR_77,SGBTR,train,60,6,10.0,60.0,"10,20,30,40,50,60"
SGBTR_78,SGBTR,train,60,6,10.0,60.0,"10,20,30,40,50,60"
SGBTR_79,SGBTR,train,60,6,10.0,60.0,"10,20,30,40,50,60"
SGBTR_8,SGBTR,train,60,6,10.0,60.0,"10,20,30,40,50,60"
SGBTR_80,SGBTR,train,60,6,10.0,60.0,"10,20,30,40,50,60"
SGBTR_81,SGBTR,test,60,6,10.0,60.0,"10,20,30,40,50,60"
SGBTR_82,SGBTR,validation,60,6,10.0,60.0,"10,20,30,40,50,60"
SGBTR_83,SGBTR,train,60,6,10.0,60.0,"10,20,30,40,50,60"
SGBTR_84,SGBTR,train,60,6,10.0,60.0,"10,20,30,40,50,60"
SGBTR_85,SGBTR,train,60,6,10.0,60.0,"10,20,30,40,50,60"
SGBTR_86,SGBTR,train,60,6,10.0,60.0,"10,20,30,40,50,60"
SGBTR_87,SGBTR,train,60,6,10.0,60.0,"10,20,30,40,50,60"
SGBTR_88,SGBTR,train,60,6,10.0,60.0,"10,20,30,40,50,60"
SGBTR_89,SGBTR,train,60,6,10.0,60.0,"10,20,30,40,50,60"
SGBTR_9,SGBTR,train,60,6,10.0,60.0,"10,20,30,40,50,60"
SGBTR_90,SGBTR,train,60,6,10.0,60.0,"10,20,30,40,50,60"
SGBTR_91,SGBTR,test,60,6,10.0,60.0,"10,20,30,40,50,60"
SGBTR_92,SGBTR,validation,60,6,10.0,60.0,"10,20,30,40,50,60"
SGBTR_93,SGBTR,train,60,6,10.0,60.0,"10,20,30,40,50,60"
SGBTR_94,SGBTR,train,60,6,10.0,60.0,"10,20,30,40,50,60"
SGBTR_95,SGBTR,train,60,6,10.0,60.0,"10,20,30,40,50,60"
SGBTR_96,SGBTR,train,60,6,10.0,60.0,"10,20,30,40,50,60"
SGBTR_97,SGBTR,train,60,6,10.0,60.0,"10,20,30,40,50,60"
SGBTR_98,SGBTR,train,60,6,10.0,60.0,"10,20,30,40,50,60"
SGBTR_99,SGBTR,train,60,6,10.0,60.0,"10,20,30,40,50,60"
SLBIC_1,SLBIC,test,60,6,10.0,60.0,"10,20,30,40,50,60"
SLBIC_10,SLBIC,train,60,6,10.0,60.0,"10,20,30,40,50,60"
SLBIC_100,SLBIC,train,60,6,10.0,60.0,"10,20,30,40,50,60"
SLBIC_101,SLBIC,test,60,6,10.0,60.0,"10,20,30,40,50,60"
SLBIC_11,SLBIC,test,60,6,10.0,60.0,"10,20,30,40,50,60"
SLBIC_12,SLBIC,validation,60,6,10.0,60.0,"10,20,30,40,50,60"
SLBIC_13,SLBIC,train,60,6,10.0,60.0,"10,20,30,40,50,60"
SLBIC_14,SLBIC,train,60,6,10.0,60.0,"10,20,30,40,50,60"
SLBIC_15,SLBIC,train,60,6,10.0,60.0,"10,20,30,40,50,60"
SLBIC_16,SLBIC,train,60,6,10.0,60.0,"10,20,30,40,50,60"
SLBIC_17,SLBIC,train,60,6,10.0,60.0,"10,20,30,40,50,60"
SLBIC_18,SLBIC,train,60,6,10.0,60.0,"10,20,30,40,50,60"
SLBIC_19,SLBIC,train,60,6,10.0,60.0,"10,20,30,40,50,60"
SLBIC_2,SLBIC,validation,60,6,10.0,60.0,"10,20,30,40,50,60"
SLBIC_20,SLBIC,train,60,6,10.0,60.0,"10,20,30,40,50,60"
SLBIC_21,SLBIC,test,60,6,10.0,60.0,"10,20,30,40,50,60"
SLBIC_22,SLBIC,validation,60,6,10.0,60.0,"10,20,30,40,50,60"
SLBIC_23,SLBIC,train,60,6,10.0,60.0,"10,20,30,40,50,60"
SLBIC_24,SLBIC,train,60,6,10.0,60.0,"10,20,30,40,50,60"
SLBIC_25,SLBIC,train,60,6,10.0,60.0,"10,20,30,40,50,60"
SLBIC_26,SLBIC,train,60,6,10.0,60.0,"10,20,30,40,50,60"
SLBIC_27,SLBIC,train,60,6,10.0,60.0,"10,20,30,40,50,60"
SLBIC_28,SLBIC,train,60,6,10.0,60.0,"10,20,30,40,50,60"
SLBIC_29,SLBIC,train,60,6,10.0,60.0,"10,20,30,40,50,60"
SLBIC_3,SLBIC,train,60,6,10.0,60.0,"10,20,30,40,50,60"
SLBIC_30,SLBIC,train,60,6,10.0,60.0,"10,20,30,40,50,60"
SLBIC_31,SLBIC,test,60,6,10.0,60.0,"10,20,30,40,50,60"
SLBIC_32,SLBIC,validation,60,6,10.0,60.0,"10,20,30,40,50,60"
SLBIC_33,SLBIC,train,60,6,10.0,60.0,"10,20,30,40,50,60"
SLBIC_34,SLBIC,train,60,6,10.0,60.0,"10,20,30,40,50,60"
SLBIC_35,SLBIC,train,60,6,10.0,60.0,"10,20,30,40,50,60"
SLBIC_36,SLBIC,train,60,6,10.0,60.0,"10,20,30,40,50,60"
SLBIC_37,SLBIC,train,60,6,10.0,60.0,"10,20,30,40,50,60"
SLBIC_38,SLBIC,train,60,6,10.0,60.0,"10,20,30,40,50,60"
SLBIC_39,SLBIC,train,60,6,10.0,60.0,"10,20,30,40,50,60"
SLBIC_4,SLBIC,train,60,6,10.0,60.0,"10,20,30,40,50,60"
SLBIC_40,SLBIC,train,60,6,10.0,60.0,"10,20,30,40,50,60"
SLBIC_41,SLBIC,test,60,6,10.0,60.0,"10,20,30,40,50,60"
SLBIC_42,SLBIC,validation,60,6,10.0,60.0,"10,20,30,40,50,60"
SLBIC_43,SLBIC,train,60,6,10.0,60.0,"10,20,30,40,50,60"
SLBIC_44,SLBIC,train,60,6,10.0,60.0,"10,20,30,40,50,60"
SLBIC_45,SLBIC,train,60,6,10.0,60.0,"10,20,30,40,50,60"
SLBIC_46,SLBIC,train,60,6,10.0,60.0,"10,20,30,40,50,60"
SLBIC_47,SLBIC,train,60,6,10.0,60.0,"10,20,30,40,50,60"
SLBIC_48,SLBIC,train,60,6,10.0,60.0,"10,20,30,40,50,60"
SLBIC_49,SLBIC,train,60,6,10.0,60.0,"10,20,30,40,50,60"
SLBIC_5,SLBIC,train,60,6,10.0,60.0,"10,20,30,40,50,60"
SLBIC_50,SLBIC,train,60,6,10.0,60.0,"10,20,30,40,50,60"
SLBIC_51,SLBIC,test,60,6,10.0,60.0,"10,20,30,40,50,60"
SLBIC_52,SLBIC,validation,60,6,10.0,60.0,"10,20,30,40,50,60"
SLBIC_53,SLBIC,train,60,6,10.0,60.0,"10,20,30,40,50,60"
SLBIC_54,SLBIC,train,60,6,10.0,60.0,"10,20,30,40,50,60"
SLBIC_55,SLBIC,train,60,6,10.0,60.0,"10,20,30,40,50,60"
SLBIC_56,SLBIC,train,60,6,10.0,60.0,"10,20,30,40,50,60"
SLBIC_57,SLBIC,train,60,6,10.0,60.0,"10,20,30,40,50,60"
SLBIC_58,SLBIC,train,60,6,10.0,60.0,"10,20,30,40,50,60"
SLBIC_59,SLBIC,train,60,6,10.0,60.0,"10,20,30,40,50,60"
SLBIC_6,SLBIC,train,60,6,10.0,60.0,"10,20,30,40,50,60"
SLBIC_60,SLBIC,train,60,6,10.0,60.0,"10,20,30,40,50,60"
SLBIC_61,SLBIC,test,60,6,10.0,60.0,"10,20,30,40,50,60"
SLBIC_62,SLBIC,validation,60,6,10.0,60.0,"10,20,30,40,50,60"
SLBIC_63,SLBIC,train,60,6,10.0,60.0,"10,20,30,40,50,60"
SLBIC_64,SLBIC,train,60,6,10.0,60.0,"10,20,30,40,50,60"
SLBIC_65,SLBIC,train,60,6,10.0,60.0,"10,20,30,40,50,60"
SLBIC_66,SLBIC,train,60,6,10.0,60.0,"10,20,30,40,50,60"
SLBIC_67,SLBIC,train,60,6,10.0,60.0,"10,20,30,40,50,60"
SLBIC_68,SLBIC,train,60,6,10.0,60.0,"10,20,30,40,50,60"
SLBIC_69,SLBIC,train,60,6,10.0,60.0,"10,20,30,40,50,60"
SLBIC_7,SLBIC,train,60,6,10.0,60.0,"10,20,30,40,50,60"
SLBIC_70,SLBIC,train,60,6,10.0,60.0,"10,20,30,40,50,60"
SLBIC_71,SLBIC,test,60,6,10.0,60.0,"10,20,30,40,50,60"
SLBIC_72,SLBIC,validation,60,6,10.0,60.0,"10,20,30,40,50,60"
SLBIC_73,SLBIC,train,60,6,10.0,60.0,"10,20,30,40,50,60"
SLBIC_74,SLBIC,train,60,6,10.0,60.0,"10,20,30,40,50,60"
SLBIC_75,SLBIC,train,60,6,10.0,60.0,"10,20,30,40,50,60"
SLBIC_76,SLBIC,train,60,6,10.0,60.0,"10,20,30,40,50,60"
SLBIC_77,SLBIC,train,60,6,10.0,60.0,"10,20,30,40,50,60"
SLBIC_78,SLBIC,train,60,6,10.0,60.0,"10,20,30,40,50,60"
SLBIC_79,SLBIC,train,60,6,10.0,60.0,"10,20,30,40,50,60"
SLBIC_8,SLBIC,train,60,6,10.0,60.0,"10,20,30,40,50,60"
SLBIC_80,SLBIC,train,60,6,10.0,60.0,"10,20,30,40,50,60"
SLBIC_81,SLBIC,test,60,6,10.0,60.0,"10,20,30,40,50,60"
SLBIC_82,SLBIC,validation,60,6,10.0,60.0,"10,20,30,40,50,60"
SLBIC_83,SLBIC,train,60,6,10.0,60.0,"10,20,30,40,50,60"
SLBIC_84,SLBIC,train,60,6,10.0,60.0,"10,20,30,40,50,60"
SLBIC_85,SLBIC,train,60,6,10.0,60.0,"10,20,30,40,50,60"
SLBIC_86,SLBIC,train,60,6,10.0,60.0,"10,20,30,40,50,60"
SLBIC_87,SLBIC,train,60,6,10.0,60.0,"10,20,30,40,50,60"
SLBIC_88,SLBIC,train,60,6,10.0,60.0,"10,20,30,40,50,60"
SLBIC_89,SLBIC,train,60,6,10.0,60.0,"10,20,30,40,50,60"
SLBIC_9,SLBIC,train,60,6,10.0,60.0,"10,20,30,40,50,60"
SLBIC_90,SLBIC,train,60,6,10.0,60.0,"10,20,30,40,50,60"
SLBIC_91,SLBIC,test,60,6,10.0,60.0,"10,20,30,40,50,60"
SLBIC_92,SLBIC,validation,60,6,10.0,60.0,"10,20,30,40,50,60"
SLBIC_93,SLBIC,train,60,6,10.0,60.0,"10,20,30,40,50,60"
SLBIC_94,SLBIC,train,60,6,10.0,60.0,"10,20,30,40,50,60"
SLBIC_95,SLBIC,train,60,6,10.0,60.0,"10,20,30,40,50,60"
SLBIC_96,SLBIC,train,60,6,10.0,60.0,"10,20,30,40,50,60"
SLBIC_97,SLBIC,train,60,6,10.0,60.0,"10,20,30,40,50,60"
SLBIC_98,SLBIC,train,60,6,10.0,60.0,"10,20,30,40,50,60"
SLBIC_99,SLBIC,train,60,6,10.0,60.0,"10,20,30,40,50,60"
SLBOC_1,SLBOC,test,60,6,10.0,60.0,"10,20,30,40,50,60"
SLBOC_10,SLBOC,train,60,6,10.0,60.0,"10,20,30,40,50,60"
SLBOC_100,SLBOC,train,60,6,10.0,60.0,"10,20,30,40,50,60"
SLBOC_11,SLBOC,test,60,6,10.0,60.0,"10,20,30,40,50,60"
SLBOC_12,SLBOC,validation,60,6,10.0,60.0,"10,20,30,40,50,60"
SLBOC_13,SLBOC,train,60,6,10.0,60.0,"10,20,30,40,50,60"
SLBOC_14,SLBOC,train,60,6,10.0,60.0,"10,20,30,40,50,60"
SLBOC_15,SLBOC,train,60,6,10.0,60.0,"10,20,30,40,50,60"
SLBOC_16,SLBOC,train,60,6,10.0,60.0,"10,20,30,40,50,60"
SLBOC_17,SLBOC,train,60,6,10.0,60.0,"10,20,30,40,50,60"
SLBOC_18,SLBOC,train,60,6,10.0,60.0,"10,20,30,40,50,60"
SLBOC_19,SLBOC,train,60,6,10.0,60.0,"10,20,30,40,50,60"
SLBOC_2,SLBOC,validation,60,6,10.0,60.0,"10,20,30,40,50,60"
SLBOC_20,SLBOC,train,60,6,10.0,60.0,"10,20,30,40,50,60"
SLBOC_21,SLBOC,test,60,6,10.0,60.0,"10,20,30,40,50,60"
SLBOC_22,SLBOC,validation,60,6,10.0,60.0,"10,20,30,40,50,60"
SLBOC_23,SLBOC,train,60,6,10.0,60.0,"10,20,30,40,50,60"
SLBOC_24,SLBOC,train,60,6,10.0,60.0,"10,20,30,40,50,60"
SLBOC_25,SLBOC,train,60,6,10.0,60.0,"10,20,30,40,50,60"
SLBOC_26,SLBOC,train,60,6,10.0,60.0,"10,20,30,40,50,60"
SLBOC_27,SLBOC,train,60,6,10.0,60.0,"10,20,30,40,50,60"
SLBOC_28,SLBOC,train,60,6,10.0,60.0,"10,20,30,40,50,60"
SLBOC_29,SLBOC,train,60,6,10.0,60.0,"10,20,30,40,50,60"
SLBOC_3,SLBOC,train,60,6,10.0,60.0,"10,20,30,40,50,60"
SLBOC_30,SLBOC,train,60,6,10.0,60.0,"10,20,30,40,50,60"
SLBOC_31,SLBOC,test,60,6,10.0,60.0,"10,20,30,40,50,60"
SLBOC_32,SLBOC,validation,60,6,10.0,60.0,"10,20,30,40,50,60"
SLBOC_33,SLBOC,train,60,6,10.0,60.0,"10,20,30,40,50,60"
SLBOC_34,SLBOC,train,60,6,10.0,60.0,"10,20,30,40,50,60"
SLBOC_35,SLBOC,train,60,6,10.0,60.0,"10,20,30,40,50,60"
SLBOC_36,SLBOC,train,60,6,10.0,60.0,"10,20,30,40,50,60"
SLBOC_37,SLBOC,train,60,6,10.0,60.0,"10,20,30,40,50,60"
SLBOC_38,SLBOC,train,60,6,10.0,60.0,"10,20,30,40,50,60"
SLBOC_39,SLBOC,train,60,6,10.0,60.0,"10,20,30,40,50,60"
SLBOC_4,SLBOC,train,60,6,10.0,60.0,"10,20,30,40,50,60"
SLBOC_40,SLBOC,train,60,6,10.0,60.0,"10,20,30,40,50,60"
SLBOC_41,SLBOC,test,60,6,10.0,60.0,"10,20,30,40,50,60"
SLBOC_42,SLBOC,validation,60,6,10.0,60.0,"10,20,30,40,50,60"
SLBOC_43,SLBOC,train,60,6,10.0,60.0,"10,20,30,40,50,60"
SLBOC_44,SLBOC,train,60,6,10.0,60.0,"10,20,30,40,50,60"
SLBOC_45,SLBOC,train,60,6,10.0,60.0,"10,20,30,40,50,60"
SLBOC_46,SLBOC,train,60,6,10.0,60.0,"10,20,30,40,50,60"
SLBOC_47,SLBOC,train,60,6,10.0,60.0,"10,20,30,40,50,60"
SLBOC_48,SLBOC,train,60,6,10.0,60.0,"10,20,30,40,50,60"
SLBOC_49,SLBOC,train,60,6,10.0,60.0,"10,20,30,40,50,60"
SLBOC_5,SLBOC,train,60,6,10.0,60.0,"10,20,30,40,50,60"
SLBOC_50,SLBOC,train,60,6,10.0,60.0,"10,20,30,40,50,60"
SLBOC_51,SLBOC,test,60,6,10.0,60.0,"10,20,30,40,50,60"
SLBOC_52,SLBOC,validation,60,6,10.0,60.0,"10,20,30,40,50,60"
SLBOC_53,SLBOC,train,60,6,10.0,60.0,"10,20,30,40,50,60"
SLBOC_54,SLBOC,train,60,6,10.0,60.0,"10,20,30,40,50,60"
SLBOC_55,SLBOC,train,60,6,10.0,60.0,"10,20,30,40,50,60"
SLBOC_56,SLBOC,train,60,6,10.0,60.0,"10,20,30,40,50,60"
SLBOC_57,SLBOC,train,60,6,10.0,60.0,"10,20,30,40,50,60"
SLBOC_58,SLBOC,train,60,6,10.0,60.0,"10,20,30,40,50,60"
SLBOC_59,SLBOC,train,60,6,10.0,60.0,"10,20,30,40,50,60"
SLBOC_6,SLBOC,train,60,6,10.0,60.0,"10,20,30,40,50,60"
SLBOC_60,SLBOC,train,60,6,10.0,60.0,"10,20,30,40,50,60"
SLBOC_61,SLBOC,test,60,6,10.0,60.0,"10,20,30,40,50,60"
SLBOC_62,SLBOC,validation,60,6,10.0,60.0,"10,20,30,40,50,60"
SLBOC_63,SLBOC,train,60,6,10.0,60.0,"10,20,30,40,50,60"
SLBOC_64,SLBOC,train,60,6,10.0,60.0,"10,20,30,40,50,60"
SLBOC_65,SLBOC,train,60,6,10.0,60.0,"10,20,30,40,50,60"
SLBOC_66,SLBOC,train,60,6,10.0,60.0,"10,20,30,40,50,60"
SLBOC_67,SLBOC,train,60,6,10.0,60.0,"10,20,30,40,50,60"
SLBOC_68,SLBOC,train,60,6,10.0,60.0,"10,20,30,40,50,60"
SLBOC_69,SLBOC,train,60,6,10.0,60.0,"10,20,30,40,50,60"
SLBOC_7,SLBOC,train,60,6,10.0,60.0,"10,20,30,40,50,60"
SLBOC_70,SLBOC,train,60,6,10.0,60.0,"10,20,30,40,50,60"
SLBOC_71,SLBOC,test,60,6,10.0,60.0,"10,20,30,40,50,60"
SLBOC_72,SLBOC,validation,60,6,10.0,60.0,"10,20,30,40,50,60"
SLBOC_73,SLBOC,train,60,6,10.0,60.0,"10,20,30,40,50,60"
SLBOC_74,SLBOC,train,60,6,10.0,60.0,"10,20,30,40,50,60"
SLBOC_75,SLBOC,train,60,6,10.0,60.0,"10,20,30,40,50,60"
SLBOC_76,SLBOC,train,60,6,10.0,60.0,"10,20,30,40,50,60"
SLBOC_77,SLBOC,train,60,6,10.0,60.0,"10,20,30,40,50,60"
SLBOC_78,SLBOC,train,60,6,10.0,60.0,"10,20,30,40,50,60"
SLBOC_79,SLBOC,train,60,6,10.0,60.0,"10,20,30,40,50,60"
SLBOC_8,SLBOC,train,60,6,10.0,60.0,"10,20,30,40,50,60"
SLBOC_80,SLBOC,train,60,6,10.0,60.0,"10,20,30,40,50,60"
SLBOC_81,SLBOC,test,60,6,10.0,60.0,"10,20,30,40,50,60"
SLBOC_82,SLBOC,validation,60,6,10.0,60.0,"10,20,30,40,50,60"
SLBOC_83,SLBOC,train,60,6,10.0,60.0,"10,20,30,40,50,60"
SLBOC_84,SLBOC,train,60,6,10.0,60.0,"10,20,30,40,50,60"
SLBOC_85,SLBOC,train,60,6,10.0,60.0,"10,20,30,40,50,60"
SLBOC_86,SLBOC,train,60,6,10.0,60.0,"10,20,30,40,50,60"
SLBOC_87,SLBOC,train,60,6,10.0,60.0,"10,20,30,40,50,60"
SLBOC_88,SLBOC,train,60,6,10.0,60.0,"10,20,30,40,50,60"
SLBOC_89,SLBOC,train,60,6,10.0,60.0,"10,20,30,40,50,60"
SLBOC_9,SLBOC,train,60,6,10.0,60.0,"10,20,30,40,50,60"
SLBOC_90,SLBOC,train,60,6,10.0,60.0,"10,20,30,40,50,60"
SLBOC_91,SLBOC,test,60,6,10.0,60.0,"10,20,30,40,50,60"
SLBOC_92,SLBOC,validation,60,6,10.0,60.0,"10,20,30,40,50,60"
SLBOC_93,SLBOC,train,60,6,10.0,60.0,"10,20,30,40,50,60"
SLBOC_94,SLBOC,train,60,6,10.0,60.0,"10,20,30,40,50,60"
SLBOC_95,SLBOC,train,60,6,10.0,60.0,"10,20,30,40,50,60"
SLBOC_96,SLBOC,train,60,6,10.0,60.0,"10,20,30,40,50,60"
SLBOC_97,SLBOC,train,60,6,10.0,60.0,"10,20,30,40,50,60"
SLBOC_98,SLBOC,train,60,6,10.0,60.0,"10,20,30,40,50,60"
SLBOC_99,SLBOC,train,60,6,10.0,60.0,"10,20,30,40,50,60"
FLB_1,FLB,test,120,12,10.0,120.0,"10,20,30,40,50,60,70,80,90,100,110,120"
FLB_10,FLB,train,120,12,10.0,120.0,"10,20,30,40,50,60,70,80,90,100,110,120"
FLB_100,FLB,train,120,12,10.0,120.0,"10,20,30,40,50,60,70,80,90,100,110,120"
FLB_11,FLB,test,120,12,10.0,120.0,"10,20,30,40,50,60,70,80,90,100,110,120"
FLB_12,FLB,validation,120,12,10.0,120.0,"10,20,30,40,50,60,70,80,90,100,110,120"
FLB_13,FLB,train,120,12,10.0,120.0,"10,20,30,40,50,60,70,80,90,100,110,120"
FLB_14,FLB,train,120,12,10.0,120.0,"10,20,30,40,50,60,70,80,90,100,110,120"
FLB_15,FLB,train,120,12,10.0,120.0,"10,20,30,40,50,60,70,80,90,100,110,120"
FLB_16,FLB,train,120,12,10.0,120.0,"10,20,30,40,50,60,70,80,90,100,110,120"
FLB_17,FLB,train,120,12,10.0,120.0,"10,20,30,40,50,60,70,80,90,100,110,120"
FLB_18,FLB,train,120,12,10.0,120.0,"10,20,30,40,50,60,70,80,90,100,110,120"
FLB_19,FLB,train,120,12,10.0,120.0,"10,20,30,40,50,60,70,80,90,100,110,120"
FLB_2,FLB,validation,120,12,10.0,120.0,"10,20,30,40,50,60,70,80,90,100,110,120"
FLB_20,FLB,train,120,12,10.0,120.0,"10,20,30,40,50,60,70,80,90,100,110,120"
FLB_21,FLB,test,120,12,10.0,120.0,"10,20,30,40,50,60,70,80,90,100,110,120"
FLB_22,FLB,validation,120,12,10.0,120.0,"10,20,30,40,50,60,70,80,90,100,110,120"
FLB_23,FLB,train,120,12,10.0,120.0,"10,20,30,40,50,60,70,80,90,100,110,120"
FLB_24,FLB,train,120,12,10.0,120.0,"10,20,30,40,50,60,70,80,90,100,110,120"
FLB_25,FLB,train,120,12,10.0,120.0,"10,20,30,40,50,60,70,80,90,100,110,120"
FLB_26,FLB,train,120,12,10.0,120.0,"10,20,30,40,50,60,70,80,90,100,110,120"
FLB_27,FLB,train,120,12,10.0,120.0,"10,20,30,40,50,60,70,80,90,100,110,120"
FLB_28,FLB,train,120,12,10.0,120.0,"10,20,30,40,50,60,70,80,90,100,110,120"
FLB_29,FLB,train,120,12,10.0,120.0,"10,20,30,40,50,60,70,80,90,100,110,120"
FLB_3,FLB,train,120,12,10.0,120.0,"10,20,30,40,50,60,70,80,90,100,110,120"
FLB_30,FLB,train,120,12,10.0,120.0,"10,20,30,40,50,60,70,80,90,100,110,120"
FLB_31,FLB,test,120,12,10.0,120.0,"10,20,30,40,50,60,70,80,90,100,110,120"
FLB_32,FLB,validation,120,12,10.0,120.0,"10,20,30,40,50,60,70,80,90,100,110,120"
FLB_33,FLB,train,120,12,10.0,120.0,"10,20,30,40,50,60,70,80,90,100,110,120"
FLB_34,FLB,train,120,12,10.0,120.0,"10,20,30,40,50,60,70,80,90,100,110,120"
FLB_35,FLB,train,120,12,10.0,120.0,"10,20,30,40,50,60,70,80,90,100,110,120"
FLB_36,FLB,train,120,12,10.0,120.0,"10,20,30,40,50,60,70,80,90,100,110,120"
FLB_37,FLB,train,120,12,10.0,120.0,"10,20,30,40,50,60,70,80,90,100,110,120"
FLB_38,FLB,train,120,12,10.0,120.0,"10,20,30,40,50,60,70,80,90,100,110,120"
FLB_39,FLB,train,120,12,10.0,120.0,"10,20,30,40,50,60,70,80,90,100,110,120"
FLB_4,FLB,train,120,12,10.0,120.0,"10,20,30,40,50,60,70,80,90,100,110,120"
FLB_40,FLB,train,120,12,10.0,120.0,"10,20,30,40,50,60,70,80,90,100,110,120"
FLB_41,FLB,test,120,12,10.0,120.0,"10,20,30,40,50,60,70,80,90,100,110,120"
FLB_42,FLB,validation,120,12,10.0,120.0,"10,20,30,40,50,60,70,80,90,100,110,120"
FLB_43,FLB,train,120,12,10.0,120.0,"10,20,30,40,50,60,70,80,90,100,110,120"
FLB_44,FLB,train,120,12,10.0,120.0,"10,20,30,40,50,60,70,80,90,100,110,120"
FLB_45,FLB,train,120,12,10.0,120.0,"10,20,30,40,50,60,70,80,90,100,110,120"
FLB_46,FLB,train,120,12,10.0,120.0,"10,20,30,40,50,60,70,80,90,100,110,120"
FLB_47,FLB,train,120,12,10.0,120.0,"10,20,30,40,50,60,70,80,90,100,110,120"
FLB_48,FLB,train,120,12,10.0,120.0,"10,20,30,40,50,60,70,80,90,100,110,120"
FLB_49,FLB,train,120,12,10.0,120.0,"10,20,30,40,50,60,70,80,90,100,110,120"
FLB_5,FLB,train,120,12,10.0,120.0,"10,20,30,40,50,60,70,80,90,100,110,120"
FLB_50,FLB,train,120,12,10.0,120.0,"10,20,30,40,50,60,70,80,90,100,110,120"
FLB_51,FLB,test,120,12,10.0,120.0,"10,20,30,40,50,60,70,80,90,100,110,120"
FLB_52,FLB,validation,120,12,10.0,120.0,"10,20,30,40,50,60,70,80,90,100,110,120"
FLB_53,FLB,train,120,12,10.0,120.0,"10,20,30,40,50,60,70,80,90,100,110,120"
FLB_54,FLB,train,120,12,10.0,120.0,"10,20,30,40,50,60,70,80,90,100,110,120"
FLB_55,FLB,train,120,12,10.0,120.0,"10,20,30,40,50,60,70,80,90,100,110,120"
FLB_56,FLB,train,120,12,10.0,120.0,"10,20,30,40,50,60,70,80,90,100,110,120"
FLB_57,FLB,train,120,12,10.0,120.0,"10,20,30,40,50,60,70,80,90,100,110,120"
FLB_58,FLB,train,120,12,10.0,120.0,"10,20,30,40,50,60,70,80,90,100,110,120"
FLB_59,FLB,train,120,12,10.0,120.0,"10,20,30,40,50,60,70,80,90,100,110,120"
FLB_6,FLB,train,120,12,10.0,120.0,"10,20,30,40,50,60,70,80,90,100,110,120"
FLB_60,FLB,train,120,12,10.0,120.0,"10,20,30,40,50,60,70,80,90,100,110,120"
FLB_61,FLB,test,120,12,10.0,120.0,"10,20,30,40,50,60,70,80,90,100,110,120"
FLB_62,FLB,validation,120,12,10.0,120.0,"10,20,30,40,50,60,70,80,90,100,110,120"
FLB_63,FLB,train,120,12,10.0,120.0,"10,20,30,40,50,60,70,80,90,100,110,120"
FLB_64,FLB,train,120,12,10.0,120.0,"10,20,30,40,50,60,70,80,90,100,110,120"
FLB_65,FLB,train,120,12,10.0,120.0,"10,20,30,40,50,60,70,80,90,100,110,120"
FLB_66,FLB,train,120,12,10.0,120.0,"10,20,30,40,50,60,70,80,90,100,110,120"
FLB_67,FLB,train,120,12,10.0,120.0,"10,20,30,40,50,60,70,80,90,100,110,120"
FLB_68,FLB,train,120,12,10.0,120.0,"10,20,30,40,50,60,70,80,90,100,110,120"
FLB_69,FLB,train,120,12,10.0,120.0,"10,20,30,40,50,60,70,80,90,100,110,120"
FLB_7,FLB,train,120,12,10.0,120.0,"10,20,30,40,50,60,70,80,90,100,110,120"
FLB_70,FLB,train,120,12,10.0,120.0,"10,20,30,40,50,60,70,80,90,100,110,120"
FLB_71,FLB,test,120,12,10.0,120.0,"10,20,30,40,50,60,70,80,90,100,110,120"
FLB_72,FLB,validation,120,12,10.0,120.0,"10,20,30,40,50,60,70,80,90,100,110,120"
FLB_73,FLB,train,120,12,10.0,120.0,"10,20,30,40,50,60,70,80,90,100,110,120"
FLB_74,FLB,train,120,12,10.0,120.0,"10,20,30,40,50,60,70,80,90,100,110,120"
FLB_75,FLB,train,120,12,10.0,120.0,"10,20,30,40,50,60,70,80,90,100,110,120"
FLB_76,FLB,train,120,12,10.0,120.0,"10,20,30,40,50,60,70,80,90,100,110,120"
FLB_77,FLB,train,120,12,10.0,120.0,"10,20,30,40,50,60,70,80,90,100,110,120"
FLB_78,FLB,train,120,12,10.0,120.0,"10,20,30,40,50,60,70,80,90,100,110,120"
FLB_79,FLB,train,120,12,10.0,120.0,"10,20,30,40,50,60,70,80,90,100,110,120"
FLB_8,FLB,train,120,12,10.0,120.0,"10,20,30,40,50,60,70,80,90,100,110,120"
FLB_80,FLB,train,120,12,10.0,120.0,"10,20,30,40,50,60,70,80,90,100,110,120"
FLB_81,FLB,test,120,12,10.0,120.0,"10,20,30,40,50,60,70,80,90,100,110,120"
FLB_82,FLB,validation,120,12,10.0,120.0,"10,20,30,40,50,60,70,80,90,100,110,120"
FLB_83,FLB,train,120,12,10.0,120.0,"10,20,30,40,50,60,70,80,90,100,110,120"
FLB_84,FLB,train,120,12,10.0,120.0,"10,20,30,40,50,60,70,80,90,100,110,120"
FLB_85,FLB,train,120,12,10.0,120.0,"10,20,30,40,50,60,70,80,90,100,110,120"
FLB_86,FLB,train,120,12,10.0,120.0,"10,20,30,40,50,60,70,80,90,100,110,120"
FLB_87,FLB,train,120,12,10.0,120.0,"10,20,30,40,50,60,70,80,90,100,110,120"
FLB_88,FLB,train,120,12,10.0,120.0,"10,20,30,40,50,60,70,80,90,100,110,120"
FLB_89,FLB,train,120,12,10.0,120.0,"10,20,30,40,50,60,70,80,90,100,110,120"
FLB_9,FLB,train,120,12,10.0,120.0,"10,20,30,40,50,60,70,80,90,100,110,120"
FLB_90,FLB,train,120,12,10.0,120.0,"10,20,30,40,50,60,70,80,90,100,110,120"
FLB_91,FLB,test,120,12,10.0,120.0,"10,20,30,40,50,60,70,80,90,100,110,120"
FLB_92,FLB,validation,120,12,10.0,120.0,"10,20,30,40,50,60,70,80,90,100,110,120"
FLB_93,FLB,train,120,12,10.0,120.0,"10,20,30,40,50,60,70,80,90,100,110,120"
FLB_94,FLB,train,120,12,10.0,120.0,"10,20,30,40,50,60,70,80,90,100,110,120"
FLB_95,FLB,train,120,12,10.0,120.0,"10,20,30,40,50,60,70,80,90,100,110,120"
FLB_96,FLB,train,120,12,10.0,120.0,"10,20,30,40,50,60,70,80,90,100,110,120"
FLB_97,FLB,train,120,12,10.0,120.0,"10,20,30,40,50,60,70,80,90,100,110,120"
FLB_98,FLB,train,120,12,10.0,120.0,"10,20,30,40,50,60,70,80,90,100,110,120"
FLB_99,FLB,train,120,12,10.0,120.0,"10,20,30,40,50,60,70,80,90,100,110,120"
LLB_1,LLB,test,120,12,10.0,120.0,"10,20,30,40,50,60,70,80,90,100,110,120"
LLB_10,LLB,train,120,12,10.0,120.0,"10,20,30,40,50,60,70,80,90,100,110,120"
LLB_100,LLB,train,120,12,10.0,120.0,"10,20,30,40,50,60,70,80,90,100,110,120"
LLB_101,LLB,test,120,12,10.0,120.0,"10,20,30,40,50,60,70,80,90,100,110,120"
LLB_11,LLB,test,120,12,10.0,120.0,"10,20,30,40,50,60,70,80,90,100,110,120"
LLB_12,LLB,validation,120,12,10.0,120.0,"10,20,30,40,50,60,70,80,90,100,110,120"
LLB_13,LLB,train,120,12,10.0,120.0,"10,20,30,40,50,60,70,80,90,100,110,120"
LLB_14,LLB,train,120,12,10.0,120.0,"10,20,30,40,50,60,70,80,90,100,110,120"
LLB_15,LLB,train,120,12,10.0,120.0,"10,20,30,40,50,60,70,80,90,100,110,120"
LLB_16,LLB,train,120,12,10.0,120.0,"10,20,30,40,50,60,70,80,90,100,110,120"
LLB_17,LLB,train,120,12,10.0,120.0,"10,20,30,40,50,60,70,80,90,100,110,120"
LLB_18,LLB,train,120,12,10.0,120.0,"10,20,30,40,50,60,70,80,90,100,110,120"
LLB_19,LLB,train,120,12,10.0,120.0,"10,20,30,40,50,60,70,80,90,100,110,120"
LLB_2,LLB,validation,120,12,10.0,120.0,"10,20,30,40,50,60,70,80,90,100,110,120"
LLB_20,LLB,train,120,12,10.0,120.0,"10,20,30,40,50,60,70,80,90,100,110,120"
LLB_21,LLB,test,120,12,10.0,120.0,"10,20,30,40,50,60,70,80,90,100,110,120"
LLB_22,LLB,validation,120,12,10.0,120.0,"10,20,30,40,50,60,70,80,90,100,110,120"
LLB_23,LLB,train,120,12,10.0,120.0,"10,20,30,40,50,60,70,80,90,100,110,120"
LLB_24,LLB,train,120,12,10.0,120.0,"10,20,30,40,50,60,70,80,90,100,110,120"
LLB_25,LLB,train,120,12,10.0,120.0,"10,20,30,40,50,60,70,80,90,100,110,120"
LLB_26,LLB,train,120,12,10.0,120.0,"10,20,30,40,50,60,70,80,90,100,110,120"
LLB_27,LLB,train,120,12,10.0,120.0,"10,20,30,40,50,60,70,80,90,100,110,120"
LLB_28,LLB,train,120,12,10.0,120.0,"10,20,30,40,50,60,70,80,90,100,110,120"
LLB_29,LLB,train,120,12,10.0,120.0,"10,20,30,40,50,60,70,80,90,100,110,120"
LLB_3,LLB,train,120,12,10.0,120.0,"10,20,30,40,50,60,70,80,90,100,110,120"
LLB_30,LLB,train,120,12,10.0,120.0,"10,20,30,40,50,60,70,80,90,100,110,120"
LLB_31,LLB,test,120,12,10.0,120.0,"10,20,30,40,50,60,70,80,90,100,110,120"
LLB_32,LLB,validation,120,12,10.0,120.0,"10,20,30,40,50,60,70,80,90,100,110,120"
LLB_33,LLB,train,120,12,10.0,120.0,"10,20,30,40,50,60,70,80,90,100,110,120"
LLB_34,LLB,train,120,12,10.0,120.0,"10,20,30,40,50,60,70,80,90,100,110,120"
LLB_35,LLB,train,120,12,10.0,120.0,"10,20,30,40,50,60,70,80,90,100,110,120"
LLB_36,LLB,train,120,12,10.0,120.0,"10,20,30,40,50,60,70,80,90,100,110,120"
LLB_37,LLB,train,120,12,10.0,120.0,"10,20,30,40,50,60,70,80,90,100,110,120"
LLB_38,LLB,train,120,12,10.0,120.0,"10,20,30,40,50,60,70,80,90,100,110,120"
LLB_39,LLB,train,120,12,10.0,120.0,"10,20,30,40,50,60,70,80,90,100,110,120"
LLB_4,LLB,train,120,12,10.0,120.0,"10,20,30,40,50,60,70,80,90,100,110,120"
LLB_40,LLB,train,120,12,10.0,120.0,"10,20,30,40,50,60,70,80,90,100,110,120"
LLB_41,LLB,test,120,12,10.0,120.0,"10,20,30,40,50,60,70,80,90,100,110,120"
LLB_42,LLB,validation,120,12,10.0,120.0,"10,20,30,40,50,60,70,80,90,100,110,120"
LLB_43,LLB,train,120,12,10.0,120.0,"10,20,30,40,50,60,70,80,90,100,110,120"
LLB_44,LLB,train,120,12,10.0,120.0,"10,20,30,40,50,60,70,80,90,100,110,120"
LLB_45,LLB,train,120,12,10.0,120.0,"10,20,30,40,50,60,70,80,90,100,110,120"
LLB_46,LLB,train,120,12,10.0,120.0,"10,20,30,40,50,60,70,80,90,100,110,120"
LLB_47,LLB,train,120,12,10.0,120.0,"10,20,30,40,50,60,70,80,90,100,110,120"
LLB_48,LLB,train,120,12,10.0,120.0,"10,20,30,40,50,60,70,80,90,100,110,120"
LLB_49,LLB,train,120,12,10.0,120.0,"10,20,30,40,50,60,70,80,90,100,110,120"
LLB_5,LLB,train,120,12,10.0,120.0,"10,20,30,40,50,60,70,80,90,100,110,120"
LLB_50,LLB,train,120,12,10.0,120.0,"10,20,30,40,50,60,70,80,90,100,110,120"
LLB_51,LLB,test,120,12,10.0,120.0,"10,20,30,40,50,60,70,80,90,100,110,120"
LLB_52,LLB,validation,120,12,10.0,120.0,"10,20,30,40,50,60,70,80,90,100,110,120"
LLB_53,LLB,train,120,12,10.0,120.0,"10,20,30,40,50,60,70,80,90,100,110,120"
LLB_54,LLB,train,120,12,10.0,120.0,"10,20,30,40,50,60,70,80,90,100,110,120"
LLB_55,LLB,train,120,12,10.0,120.0,"10,20,30,40,50,60,70,80,90,100,110,120"
LLB_56,LLB,train,120,12,10.0,120.0,"10,20,30,40,50,60,70,80,90,100,110,120"
LLB_57,LLB,train,120,12,10.0,120.0,"10,20,30,40,50,60,70,80,90,100,110,120"
LLB_58,LLB,train,120,12,10.0,120.0,"10,20,30,40,50,60,70,80,90,100,110,120"
LLB_59,LLB,train,120,12,10.0,120.0,"10,20,30,40,50,60,70,80,90,100,110,120"
LLB_6,LLB,train,120,12,10.0,120.0,"10,20,30,40,50,60,70,80,90,100,110,120"
LLB_60,LLB,train,120,12,10.0,120.0,"10,20,30,40,50,60,70,80,90,100,110,120"
LLB_61,LLB,test,120,12,10.0,120.0,"10,20,30,40,50,60,70,80,90,100,110,120"
LLB_62,LLB,validation,120,12,10.0,120.0,"10,20,30,40,50,60,70,80,90,100,110,120"
LLB_63,LLB,train,120,12,10.0,120.0,"10,20,30,40,50,60,70,80,90,100,110,120"
LLB_64,LLB,train,120,12,10.0,120.0,"10,20,30,40,50,60,70,80,90,100,110,120"
LLB_65,LLB,train,120,12,10.0,120.0,"10,20,30,40,50,60,70,80,90,100,110,120"
LLB_66,LLB,train,120,12,10.0,120.0,"10,20,30,40,50,60,70,80,90,100,110,120"
LLB_67,LLB,train,120,12,10.0,120.0,"10,20,30,40,50,60,70,80,90,100,110,120"
LLB_68,LLB,train,120,12,10.0,120.0,"10,20,30,40,50,60,70,80,90,100,110,120"
LLB_69,LLB,train,120,12,10.0,120.0,"10,20,30,40,50,60,70,80,90,100,110,120"
LLB_7,LLB,train,120,12,10.0,120.0,"10,20,30,40,50,60,70,80,90,100,110,120"
LLB_70,LLB,train,120,12,10.0,120.0,"10,20,30,40,50,60,70,80,90,100,110,120"
LLB_71,LLB,test,120,12,10.0,120.0,"10,20,30,40,50,60,70,80,90,100,110,120"
LLB_72,LLB,validation,120,12,10.0,120.0,"10,20,30,40,50,60,70,80,90,100,110,120"
LLB_73,LLB,train,120,12,10.0,120.0,"10,20,30,40,50,60,70,80,90,100,110,120"
LLB_74,LLB,train,120,12,10.0,120.0,"10,20,30,40,50,60,70,80,90,100,110,120"
LLB_75,LLB,train,120,12,10.0,120.0,"10,20,30,40,50,60,70,80,90,100,110,120"
LLB_76,LLB,train,120,12,10.0,120.0,"10,20,30,40,50,60,70,80,90,100,110,120"
LLB_77,LLB,train,120,12,10.0,120.0,"10,20,30,40,50,60,70,80,90,100,110,120"
LLB_78,LLB,train,120,12,10.0,120.0,"10,20,30,40,50,60,70,80,90,100,110,120"
LLB_79,LLB,train,120,12,10.0,120.0,"10,20,30,40,50,60,70,80,90,100,110,120"
LLB_8,LLB,train,120,12,10.0,120.0,"10,20,30,40,50,60,70,80,90,100,110,120"
LLB_80,LLB,train,120,12,10.0,120.0,"10,20,30,40,50,60,70,80,90,100,110,120"
LLB_81,LLB,test,120,12,10.0,120.0,"10,20,30,40,50,60,70,80,90,100,110,120"
LLB_82,LLB,validation,120,12,10.0,120.0,"10,20,30,40,50,60,70,80,90,100,110,120"
LLB_83,LLB,train,120,12,10.0,120.0,"10,20,30,40,50,60,70,80,90,100,110,120"
LLB_84,LLB,train,120,12,10.0,120.0,"10,20,30,40,50,60,70,80,90,100,110,120"
LLB_85,LLB,train,120,12,10.0,120.0,"10,20,30,40,50,60,70,80,90,100,110,120"
LLB_86,LLB,train,120,12,10.0,120.0,"10,20,30,40,50,60,70,80,90,100,110,120"
LLB_87,LLB,train,120,12,10.0,120.0,"10,20,30,40,50,60,70,80,90,100,110,120"
LLB_88,LLB,train,120,12,10.0,120.0,"10,20,30,40,50,60,70,80,90,100,110,120"
LLB_89,LLB,train,120,12,10.0,120.0,"10,20,30,40,50,60,70,80,90,100,110,120"
LLB_9,LLB,train,120,12,10.0,120.0,"10,20,30,40,50,60,70,80,90,100,110,120"
LLB_90,LLB,train,120,12,10.0,120.0,"10,20,30,40,50,60,70,80,90,100,110,120"
LLB_91,LLB,test,120,12,10.0,120.0,"10,20,30,40,50,60,70,80,90,100,110,120"
LLB_92,LLB,validation,120,12,10.0,120.0,"10,20,30,40,50,60,70,80,90,100,110,120"
LLB_93,LLB,train,120,12,10.0,120.0,"10,20,30,40,50,60,70,80,90,100,110,120"
LLB_94,LLB,train,120,12,10.0,120.0,"10,20,30,40,50,60,70,80,90,100,110,120"
LLB_95,LLB,train,120,12,10.0,120.0,"10,20,30,40,50,60,70,80,90,100,110,120"
LLB_96,LLB,train,120,12,10.0,120.0,"10,20,30,40,50,60,70,80,90,100,110,120"
LLB_97,LLB,train,120,12,10.0,120.0,"10,20,30,40,50,60,70,80,90,100,110,120"
LLB_98,LLB,train,120,12,10.0,120.0,"10,20,30,40,50,60,70,80,90,100,110,120"
LLB_99,LLB,train,120,12,10.0,120.0,"10,20,30,40,50,60,70,80,90,100,110,120"
LOCAC_1,LOCAC,test,120,12,10.0,120.0,"10,20,30,40,50,60,70,80,90,100,110,120"
LOCAC_10,LOCAC,train,120,12,10.0,120.0,"10,20,30,40,50,60,70,80,90,100,110,120"
LOCAC_100,LOCAC,train,120,12,10.0,120.0,"10,20,30,40,50,60,70,80,90,100,110,120"
LOCAC_11,LOCAC,test,120,12,10.0,120.0,"10,20,30,40,50,60,70,80,90,100,110,120"
LOCAC_12,LOCAC,validation,120,12,10.0,120.0,"10,20,30,40,50,60,70,80,90,100,110,120"
LOCAC_13,LOCAC,train,120,12,10.0,120.0,"10,20,30,40,50,60,70,80,90,100,110,120"
LOCAC_14,LOCAC,train,120,12,10.0,120.0,"10,20,30,40,50,60,70,80,90,100,110,120"
LOCAC_15,LOCAC,train,120,12,10.0,120.0,"10,20,30,40,50,60,70,80,90,100,110,120"
LOCAC_16,LOCAC,train,120,12,10.0,120.0,"10,20,30,40,50,60,70,80,90,100,110,120"
LOCAC_17,LOCAC,train,120,12,10.0,120.0,"10,20,30,40,50,60,70,80,90,100,110,120"
LOCAC_18,LOCAC,train,120,12,10.0,120.0,"10,20,30,40,50,60,70,80,90,100,110,120"
LOCAC_19,LOCAC,train,120,12,10.0,120.0,"10,20,30,40,50,60,70,80,90,100,110,120"
LOCAC_2,LOCAC,validation,120,12,10.0,120.0,"10,20,30,40,50,60,70,80,90,100,110,120"
LOCAC_20,LOCAC,train,120,12,10.0,120.0,"10,20,30,40,50,60,70,80,90,100,110,120"
LOCAC_21,LOCAC,test,120,12,10.0,120.0,"10,20,30,40,50,60,70,80,90,100,110,120"
LOCAC_22,LOCAC,validation,120,12,10.0,120.0,"10,20,30,40,50,60,70,80,90,100,110,120"
LOCAC_23,LOCAC,train,120,12,10.0,120.0,"10,20,30,40,50,60,70,80,90,100,110,120"
LOCAC_24,LOCAC,train,120,12,10.0,120.0,"10,20,30,40,50,60,70,80,90,100,110,120"
LOCAC_25,LOCAC,train,120,12,10.0,120.0,"10,20,30,40,50,60,70,80,90,100,110,120"
LOCAC_26,LOCAC,train,120,12,10.0,120.0,"10,20,30,40,50,60,70,80,90,100,110,120"
LOCAC_27,LOCAC,train,120,12,10.0,120.0,"10,20,30,40,50,60,70,80,90,100,110,120"
LOCAC_28,LOCAC,train,120,12,10.0,120.0,"10,20,30,40,50,60,70,80,90,100,110,120"
LOCAC_29,LOCAC,train,120,12,10.0,120.0,"10,20,30,40,50,60,70,80,90,100,110,120"
LOCAC_3,LOCAC,train,120,12,10.0,120.0,"10,20,30,40,50,60,70,80,90,100,110,120"
LOCAC_30,LOCAC,train,120,12,10.0,120.0,"10,20,30,40,50,60,70,80,90,100,110,120"
LOCAC_31,LOCAC,test,120,12,10.0,120.0,"10,20,30,40,50,60,70,80,90,100,110,120"
LOCAC_32,LOCAC,validation,120,12,10.0,120.0,"10,20,30,40,50,60,70,80,90,100,110,120"
LOCAC_33,LOCAC,train,120,12,10.0,120.0,"10,20,30,40,50,60,70,80,90,100,110,120"
LOCAC_34,LOCAC,train,120,12,10.0,120.0,"10,20,30,40,50,60,70,80,90,100,110,120"
LOCAC_35,LOCAC,train,120,12,10.0,120.0,"10,20,30,40,50,60,70,80,90,100,110,120"
LOCAC_36,LOCAC,train,120,12,10.0,120.0,"10,20,30,40,50,60,70,80,90,100,110,120"
LOCAC_37,LOCAC,train,120,12,10.0,120.0,"10,20,30,40,50,60,70,80,90,100,110,120"
LOCAC_38,LOCAC,train,120,12,10.0,120.0,"10,20,30,40,50,60,70,80,90,100,110,120"
LOCAC_39,LOCAC,train,120,12,10.0,120.0,"10,20,30,40,50,60,70,80,90,100,110,120"
LOCAC_4,LOCAC,train,120,12,10.0,120.0,"10,20,30,40,50,60,70,80,90,100,110,120"
LOCAC_40,LOCAC,train,120,12,10.0,120.0,"10,20,30,40,50,60,70,80,90,100,110,120"
LOCAC_41,LOCAC,test,120,12,10.0,120.0,"10,20,30,40,50,60,70,80,90,100,110,120"
LOCAC_42,LOCAC,validation,120,12,10.0,120.0,"10,20,30,40,50,60,70,80,90,100,110,120"
LOCAC_43,LOCAC,train,120,12,10.0,120.0,"10,20,30,40,50,60,70,80,90,100,110,120"
LOCAC_44,LOCAC,train,120,12,10.0,120.0,"10,20,30,40,50,60,70,80,90,100,110,120"
LOCAC_45,LOCAC,train,120,12,10.0,120.0,"10,20,30,40,50,60,70,80,90,100,110,120"
LOCAC_46,LOCAC,train,120,12,10.0,120.0,"10,20,30,40,50,60,70,80,90,100,110,120"
LOCAC_47,LOCAC,train,120,12,10.0,120.0,"10,20,30,40,50,60,70,80,90,100,110,120"
LOCAC_48,LOCAC,train,120,12,10.0,120.0,"10,20,30,40,50,60,70,80,90,100,110,120"
LOCAC_49,LOCAC,train,120,12,10.0,120.0,"10,20,30,40,50,60,70,80,90,100,110,120"
LOCAC_5,LOCAC,train,120,12,10.0,120.0,"10,20,30,40,50,60,70,80,90,100,110,120"
LOCAC_50,LOCAC,train,120,12,10.0,120.0,"10,20,30,40,50,60,70,80,90,100,110,120"
LOCAC_51,LOCAC,test,120,12,10.0,120.0,"10,20,30,40,50,60,70,80,90,100,110,120"
LOCAC_52,LOCAC,validation,120,12,10.0,120.0,"10,20,30,40,50,60,70,80,90,100,110,120"
LOCAC_53,LOCAC,train,120,12,10.0,120.0,"10,20,30,40,50,60,70,80,90,100,110,120"
LOCAC_54,LOCAC,train,120,12,10.0,120.0,"10,20,30,40,50,60,70,80,90,100,110,120"
LOCAC_55,LOCAC,train,120,12,10.0,120.0,"10,20,30,40,50,60,70,80,90,100,110,120"
LOCAC_56,LOCAC,train,120,12,10.0,120.0,"10,20,30,40,50,60,70,80,90,100,110,120"
LOCAC_57,LOCAC,train,120,12,10.0,120.0,"10,20,30,40,50,60,70,80,90,100,110,120"
LOCAC_58,LOCAC,train,120,12,10.0,120.0,"10,20,30,40,50,60,70,80,90,100,110,120"
LOCAC_59,LOCAC,train,120,12,10.0,120.0,"10,20,30,40,50,60,70,80,90,100,110,120"
LOCAC_6,LOCAC,train,120,12,10.0,120.0,"10,20,30,40,50,60,70,80,90,100,110,120"
LOCAC_60,LOCAC,train,120,12,10.0,120.0,"10,20,30,40,50,60,70,80,90,100,110,120"
LOCAC_61,LOCAC,test,120,12,10.0,120.0,"10,20,30,40,50,60,70,80,90,100,110,120"
LOCAC_62,LOCAC,validation,120,12,10.0,120.0,"10,20,30,40,50,60,70,80,90,100,110,120"
LOCAC_63,LOCAC,train,120,12,10.0,120.0,"10,20,30,40,50,60,70,80,90,100,110,120"
LOCAC_64,LOCAC,train,120,12,10.0,120.0,"10,20,30,40,50,60,70,80,90,100,110,120"
LOCAC_65,LOCAC,train,120,12,10.0,120.0,"10,20,30,40,50,60,70,80,90,100,110,120"
LOCAC_66,LOCAC,train,120,12,10.0,120.0,"10,20,30,40,50,60,70,80,90,100,110,120"
LOCAC_67,LOCAC,train,120,12,10.0,120.0,"10,20,30,40,50,60,70,80,90,100,110,120"
LOCAC_68,LOCAC,train,120,12,10.0,120.0,"10,20,30,40,50,60,70,80,90,100,110,120"
LOCAC_69,LOCAC,train,120,12,10.0,120.0,"10,20,30,40,50,60,70,80,90,100,110,120"
LOCAC_7,LOCAC,train,120,12,10.0,120.0,"10,20,30,40,50,60,70,80,90,100,110,120"
LOCAC_70,LOCAC,train,120,12,10.0,120.0,"10,20,30,40,50,60,70,80,90,100,110,120"
LOCAC_71,LOCAC,test,120,12,10.0,120.0,"10,20,30,40,50,60,70,80,90,100,110,120"
LOCAC_72,LOCAC,validation,120,12,10.0,120.0,"10,20,30,40,50,60,70,80,90,100,110,120"
LOCAC_73,LOCAC,train,120,12,10.0,120.0,"10,20,30,40,50,60,70,80,90,100,110,120"
LOCAC_74,LOCAC,train,120,12,10.0,120.0,"10,20,30,40,50,60,70,80,90,100,110,120"
LOCAC_75,LOCAC,train,120,12,10.0,120.0,"10,20,30,40,50,60,70,80,90,100,110,120"
LOCAC_76,LOCAC,train,120,12,10.0,120.0,"10,20,30,40,50,60,70,80,90,100,110,120"
LOCAC_77,LOCAC,train,120,12,10.0,120.0,"10,20,30,40,50,60,70,80,90,100,110,120"
LOCAC_78,LOCAC,train,120,12,10.0,120.0,"10,20,30,40,50,60,70,80,90,100,110,120"
LOCAC_79,LOCAC,train,120,12,10.0,120.0,"10,20,30,40,50,60,70,80,90,100,110,120"
LOCAC_8,LOCAC,train,120,12,10.0,120.0,"10,20,30,40,50,60,70,80,90,100,110,120"
LOCAC_80,LOCAC,train,120,12,10.0,120.0,"10,20,30,40,50,60,70,80,90,100,110,120"
LOCAC_81,LOCAC,test,120,12,10.0,120.0,"10,20,30,40,50,60,70,80,90,100,110,120"
LOCAC_82,LOCAC,validation,120,12,10.0,120.0,"10,20,30,40,50,60,70,80,90,100,110,120"
LOCAC_83,LOCAC,train,120,12,10.0,120.0,"10,20,30,40,50,60,70,80,90,100,110,120"
LOCAC_84,LOCAC,train,120,12,10.0,120.0,"10,20,30,40,50,60,70,80,90,100,110,120"
LOCAC_85,LOCAC,train,120,12,10.0,120.0,"10,20,30,40,50,60,70,80,90,100,110,120"
LOCAC_86,LOCAC,train,120,12,10.0,120.0,"10,20,30,40,50,60,70,80,90,100,110,120"
LOCAC_87,LOCAC,train,120,12,10.0,120.0,"10,20,30,40,50,60,70,80,90,100,110,120"
LOCAC_88,LOCAC,train,120,12,10.0,120.0,"10,20,30,40,50,60,70,80,90,100,110,120"
LOCAC_89,LOCAC,train,120,12,10.0,120.0,"10,20,30,40,50,60,70,80,90,100,110,120"
LOCAC_9,LOCAC,train,120,12,10.0,120.0,"10,20,30,40,50,60,70,80,90,100,110,120"
LOCAC_90,LOCAC,train,120,12,10.0,120.0,"10,20,30,40,50,60,70,80,90,100,110,120"
LOCAC_91,LOCAC,test,120,12,10.0,120.0,"10,20,30,40,50,60,70,80,90,100,110,120"
LOCAC_92,LOCAC,validation,120,12,10.0,120.0,"10,20,30,40,50,60,70,80,90,100,110,120"
LOCAC_93,LOCAC,train,120,12,10.0,120.0,"10,20,30,40,50,60,70,80,90,100,110,120"
LOCAC_94,LOCAC,train,120,12,10.0,120.0,"10,20,30,40,50,60,70,80,90,100,110,120"
LOCAC_95,LOCAC,train,120,12,10.0,120.0,"10,20,30,40,50,60,70,80,90,100,110,120"
LOCAC_96,LOCAC,train,120,12,10.0,120.0,"10,20,30,40,50,60,70,80,90,100,110,120"
LOCAC_97,LOCAC,train,120,12,10.0,120.0,"10,20,30,40,50,60,70,80,90,100,110,120"
LOCAC_98,LOCAC,train,120,12,10.0,120.0,"10,20,30,40,50,60,70,80,90,100,110,120"
LOCAC_99,LOCAC,train,120,12,10.0,120.0,"10,20,30,40,50,60,70,80,90,100,110,120"
LOCA_1,LOCA,test,120,12,10.0,120.0,"10,20,30,40,50,60,70,80,90,100,110,120"
LOCA_10,LOCA,train,120,12,10.0,120.0,"10,20,30,40,50,60,70,80,90,100,110,120"
LOCA_100,LOCA,train,120,12,10.0,120.0,"10,20,30,40,50,60,70,80,90,100,110,120"
LOCA_11,LOCA,test,120,12,10.0,120.0,"10,20,30,40,50,60,70,80,90,100,110,120"
LOCA_12,LOCA,validation,120,12,10.0,120.0,"10,20,30,40,50,60,70,80,90,100,110,120"
LOCA_13,LOCA,train,120,12,10.0,120.0,"10,20,30,40,50,60,70,80,90,100,110,120"
LOCA_14,LOCA,train,120,12,10.0,120.0,"10,20,30,40,50,60,70,80,90,100,110,120"
LOCA_15,LOCA,train,120,12,10.0,120.0,"10,20,30,40,50,60,70,80,90,100,110,120"
LOCA_16,LOCA,train,120,12,10.0,120.0,"10,20,30,40,50,60,70,80,90,100,110,120"
LOCA_17,LOCA,train,120,12,10.0,120.0,"10,20,30,40,50,60,70,80,90,100,110,120"
LOCA_18,LOCA,train,120,12,10.0,120.0,"10,20,30,40,50,60,70,80,90,100,110,120"
LOCA_19,LOCA,train,120,12,10.0,120.0,"10,20,30,40,50,60,70,80,90,100,110,120"
LOCA_2,LOCA,validation,120,12,10.0,120.0,"10,20,30,40,50,60,70,80,90,100,110,120"
LOCA_20,LOCA,train,120,12,10.0,120.0,"10,20,30,40,50,60,70,80,90,100,110,120"
LOCA_21,LOCA,test,120,12,10.0,120.0,"10,20,30,40,50,60,70,80,90,100,110,120"
LOCA_22,LOCA,validation,120,12,10.0,120.0,"10,20,30,40,50,60,70,80,90,100,110,120"
LOCA_23,LOCA,train,120,12,10.0,120.0,"10,20,30,40,50,60,70,80,90,100,110,120"
LOCA_24,LOCA,train,120,12,10.0,120.0,"10,20,30,40,50,60,70,80,90,100,110,120"
LOCA_25,LOCA,train,120,12,10.0,120.0,"10,20,30,40,50,60,70,80,90,100,110,120"
LOCA_26,LOCA,train,120,12,10.0,120.0,"10,20,30,40,50,60,70,80,90,100,110,120"
LOCA_27,LOCA,train,120,12,10.0,120.0,"10,20,30,40,50,60,70,80,90,100,110,120"
LOCA_28,LOCA,train,120,12,10.0,120.0,"10,20,30,40,50,60,70,80,90,100,110,120"
LOCA_29,LOCA,train,120,12,10.0,120.0,"10,20,30,40,50,60,70,80,90,100,110,120"
LOCA_3,LOCA,train,120,12,10.0,120.0,"10,20,30,40,50,60,70,80,90,100,110,120"
LOCA_30,LOCA,train,120,12,10.0,120.0,"10,20,30,40,50,60,70,80,90,100,110,120"
LOCA_31,LOCA,test,120,12,10.0,120.0,"10,20,30,40,50,60,70,80,90,100,110,120"
LOCA_32,LOCA,validation,120,12,10.0,120.0,"10,20,30,40,50,60,70,80,90,100,110,120"
LOCA_33,LOCA,train,120,12,10.0,120.0,"10,20,30,40,50,60,70,80,90,100,110,120"
LOCA_34,LOCA,train,120,12,10.0,120.0,"10,20,30,40,50,60,70,80,90,100,110,120"
LOCA_35,LOCA,train,120,12,10.0,120.0,"10,20,30,40,50,60,70,80,90,100,110,120"
LOCA_36,LOCA,train,120,12,10.0,120.0,"10,20,30,40,50,60,70,80,90,100,110,120"
LOCA_37,LOCA,train,120,12,10.0,120.0,"10,20,30,40,50,60,70,80,90,100,110,120"
LOCA_38,LOCA,train,120,12,10.0,120.0,"10,20,30,40,50,60,70,80,90,100,110,120"
LOCA_39,LOCA,train,120,12,10.0,120.0,"10,20,30,40,50,60,70,80,90,100,110,120"
LOCA_4,LOCA,train,120,12,10.0,120.0,"10,20,30,40,50,60,70,80,90,100,110,120"
LOCA_40,LOCA,train,120,12,10.0,120.0,"10,20,30,40,50,60,70,80,90,100,110,120"
LOCA_41,LOCA,test,120,12,10.0,120.0,"10,20,30,40,50,60,70,80,90,100,110,120"
LOCA_42,LOCA,validation,120,12,10.0,120.0,"10,20,30,40,50,60,70,80,90,100,110,120"
LOCA_43,LOCA,train,120,12,10.0,120.0,"10,20,30,40,50,60,70,80,90,100,110,120"
LOCA_44,LOCA,train,120,12,10.0,120.0,"10,20,30,40,50,60,70,80,90,100,110,120"
LOCA_45,LOCA,train,120,12,10.0,120.0,"10,20,30,40,50,60,70,80,90,100,110,120"
LOCA_46,LOCA,train,120,12,10.0,120.0,"10,20,30,40,50,60,70,80,90,100,110,120"
LOCA_47,LOCA,train,120,12,10.0,120.0,"10,20,30,40,50,60,70,80,90,100,110,120"
LOCA_48,LOCA,train,120,12,10.0,120.0,"10,20,30,40,50,60,70,80,90,100,110,120"
LOCA_49,LOCA,train,120,12,10.0,120.0,"10,20,30,40,50,60,70,80,90,100,110,120"
LOCA_5,LOCA,train,120,12,10.0,120.0,"10,20,30,40,50,60,70,80,90,100,110,120"
LOCA_50,LOCA,train,120,12,10.0,120.0,"10,20,30,40,50,60,70,80,90,100,110,120"
LOCA_51,LOCA,test,120,12,10.0,120.0,"10,20,30,40,50,60,70,80,90,100,110,120"
LOCA_52,LOCA,validation,120,12,10.0,120.0,"10,20,30,40,50,60,70,80,90,100,110,120"
LOCA_53,LOCA,train,120,12,10.0,120.0,"10,20,30,40,50,60,70,80,90,100,110,120"
LOCA_54,LOCA,train,120,12,10.0,120.0,"10,20,30,40,50,60,70,80,90,100,110,120"
LOCA_55,LOCA,train,120,12,10.0,120.0,"10,20,30,40,50,60,70,80,90,100,110,120"
LOCA_56,LOCA,train,120,12,10.0,120.0,"10,20,30,40,50,60,70,80,90,100,110,120"
LOCA_57,LOCA,train,120,12,10.0,120.0,"10,20,30,40,50,60,70,80,90,100,110,120"
LOCA_58,LOCA,train,120,12,10.0,120.0,"10,20,30,40,50,60,70,80,90,100,110,120"
LOCA_59,LOCA,train,120,12,10.0,120.0,"10,20,30,40,50,60,70,80,90,100,110,120"
LOCA_6,LOCA,train,120,12,10.0,120.0,"10,20,30,40,50,60,70,80,90,100,110,120"
LOCA_60,LOCA,train,120,12,10.0,120.0,"10,20,30,40,50,60,70,80,90,100,110,120"
LOCA_61,LOCA,test,120,12,10.0,120.0,"10,20,30,40,50,60,70,80,90,100,110,120"
LOCA_62,LOCA,validation,120,12,10.0,120.0,"10,20,30,40,50,60,70,80,90,100,110,120"
LOCA_63,LOCA,train,120,12,10.0,120.0,"10,20,30,40,50,60,70,80,90,100,110,120"
LOCA_64,LOCA,train,120,12,10.0,120.0,"10,20,30,40,50,60,70,80,90,100,110,120"
LOCA_65,LOCA,train,120,12,10.0,120.0,"10,20,30,40,50,60,70,80,90,100,110,120"
LOCA_66,LOCA,train,120,12,10.0,120.0,"10,20,30,40,50,60,70,80,90,100,110,120"
LOCA_67,LOCA,train,120,12,10.0,120.0,"10,20,30,40,50,60,70,80,90,100,110,120"
LOCA_68,LOCA,train,120,12,10.0,120.0,"10,20,30,40,50,60,70,80,90,100,110,120"
LOCA_69,LOCA,train,120,12,10.0,120.0,"10,20,30,40,50,60,70,80,90,100,110,120"
LOCA_7,LOCA,train,120,12,10.0,120.0,"10,20,30,40,50,60,70,80,90,100,110,120"
LOCA_70,LOCA,train,120,12,10.0,120.0,"10,20,30,40,50,60,70,80,90,100,110,120"
LOCA_71,LOCA,test,120,12,10.0,120.0,"10,20,30,40,50,60,70,80,90,100,110,120"
LOCA_72,LOCA,validation,120,12,10.0,120.0,"10,20,30,40,50,60,70,80,90,100,110,120"
LOCA_73,LOCA,train,120,12,10.0,120.0,"10,20,30,40,50,60,70,80,90,100,110,120"
LOCA_74,LOCA,train,120,12,10.0,120.0,"10,20,30,40,50,60,70,80,90,100,110,120"
LOCA_75,LOCA,train,120,12,10.0,120.0,"10,20,30,40,50,60,70,80,90,100,110,120"
LOCA_76,LOCA,train,120,12,10.0,120.0,"10,20,30,40,50,60,70,80,90,100,110,120"
LOCA_77,LOCA,train,120,12,10.0,120.0,"10,20,30,40,50,60,70,80,90,100,110,120"
LOCA_78,LOCA,train,120,12,10.0,120.0,"10,20,30,40,50,60,70,80,90,100,110,120"
LOCA_79,LOCA,train,120,12,10.0,120.0,"10,20,30,40,50,60,70,80,90,100,110,120"
LOCA_8,LOCA,train,120,12,10.0,120.0,"10,20,30,40,50,60,70,80,90,100,110,120"
LOCA_80,LOCA,train,120,12,10.0,120.0,"10,20,30,40,50,60,70,80,90,100,110,120"
LOCA_81,LOCA,test,120,12,10.0,120.0,"10,20,30,40,50,60,70,80,90,100,110,120"
LOCA_82,LOCA,validation,120,12,10.0,120.0,"10,20,30,40,50,60,70,80,90,100,110,120"
LOCA_83,LOCA,train,120,12,10.0,120.0,"10,20,30,40,50,60,70,80,90,100,110,120"
LOCA_84,LOCA,train,120,12,10.0,120.0,"10,20,30,40,50,60,70,80,90,100,110,120"
LOCA_85,LOCA,train,120,12,10.0,120.0,"10,20,30,40,50,60,70,80,90,100,110,120"
LOCA_86,LOCA,train,120,12,10.0,120.0,"10,20,30,40,50,60,70,80,90,100,110,120"
LOCA_87,LOCA,train,120,12,10.0,120.0,"10,20,30,40,50,60,70,80,90,100,110,120"
LOCA_88,LOCA,train,120,12,10.0,120.0,"10,20,30,40,50,60,70,80,90,100,110,120"
LOCA_89,LOCA,train,120,12,10.0,120.0,"10,20,30,40,50,60,70,80,90,100,110,120"
LOCA_9,LOCA,train,120,12,10.0,120.0,"10,20,30,40,50,60,70,80,90,100,110,120"
LOCA_90,LOCA,train,120,12,10.0,120.0,"10,20,30,40,50,60,70,80,90,100,110,120"
LOCA_91,LOCA,test,120,12,10.0,120.0,"10,20,30,40,50,60,70,80,90,100,110,120"
LOCA_92,LOCA,validation,120,12,10.0,120.0,"10,20,30,40,50,60,70,80,90,100,110,120"
LOCA_93,LOCA,train,120,12,10.0,120.0,"10,20,30,40,50,60,70,80,90,100,110,120"
LOCA_94,LOCA,train,120,12,10.0,120.0,"10,20,30,40,50,60,70,80,90,100,110,120"
LOCA_95,LOCA,train,120,12,10.0,120.0,"10,20,30,40,50,60,70,80,90,100,110,120"
LOCA_96,LOCA,train,120,12,10.0,120.0,"10,20,30,40,50,60,70,80,90,100,110,120"
LOCA_97,LOCA,train,120,12,10.0,120.0,"10,20,30,40,50,60,70,80,90,100,110,120"
LOCA_98,LOCA,train,120,12,10.0,120.0,"10,20,30,40,50,60,70,80,90,100,110,120"
LOCA_99,LOCA,train,120,12,10.0,120.0,"10,20,30,40,50,60,70,80,90,100,110,120"
LR_1,LR,test,120,12,10.0,120.0,"10,20,30,40,50,60,70,80,90,100,110,120"
LR_10,LR,train,120,12,10.0,120.0,"10,20,30,40,50,60,70,80,90,100,110,120"
LR_11,LR,test,120,12,10.0,120.0,"10,20,30,40,50,60,70,80,90,100,110,120"
LR_12,LR,validation,120,12,10.0,120.0,"10,20,30,40,50,60,70,80,90,100,110,120"
LR_13,LR,train,120,12,10.0,120.0,"10,20,30,40,50,60,70,80,90,100,110,120"
LR_14,LR,train,120,12,10.0,120.0,"10,20,30,40,50,60,70,80,90,100,110,120"
LR_15,LR,train,120,12,10.0,120.0,"10,20,30,40,50,60,70,80,90,100,110,120"
LR_16,LR,train,120,12,10.0,120.0,"10,20,30,40,50,60,70,80,90,100,110,120"
LR_17,LR,train,120,12,10.0,120.0,"10,20,30,40,50,60,70,80,90,100,110,120"
LR_18,LR,train,120,12,10.0,120.0,"10,20,30,40,50,60,70,80,90,100,110,120"
LR_19,LR,train,120,12,10.0,120.0,"10,20,30,40,50,60,70,80,90,100,110,120"
LR_2,LR,validation,120,12,10.0,120.0,"10,20,30,40,50,60,70,80,90,100,110,120"
LR_20,LR,train,120,12,10.0,120.0,"10,20,30,40,50,60,70,80,90,100,110,120"
LR_21,LR,test,120,12,10.0,120.0,"10,20,30,40,50,60,70,80,90,100,110,120"
LR_22,LR,validation,120,12,10.0,120.0,"10,20,30,40,50,60,70,80,90,100,110,120"
LR_23,LR,train,120,12,10.0,120.0,"10,20,30,40,50,60,70,80,90,100,110,120"
LR_24,LR,train,120,12,10.0,120.0,"10,20,30,40,50,60,70,80,90,100,110,120"
LR_25,LR,train,120,12,10.0,120.0,"10,20,30,40,50,60,70,80,90,100,110,120"
LR_26,LR,train,120,12,10.0,120.0,"10,20,30,40,50,60,70,80,90,100,110,120"
LR_27,LR,train,120,12,10.0,120.0,"10,20,30,40,50,60,70,80,90,100,110,120"
LR_28,LR,train,120,12,10.0,120.0,"10,20,30,40,50,60,70,80,90,100,110,120"
LR_29,LR,train,120,12,10.0,120.0,"10,20,30,40,50,60,70,80,90,100,110,120"
LR_3,LR,train,120,12,10.0,120.0,"10,20,30,40,50,60,70,80,90,100,110,120"
LR_30,LR,train,120,12,10.0,120.0,"10,20,30,40,50,60,70,80,90,100,110,120"
LR_31,LR,test,120,12,10.0,120.0,"10,20,30,40,50,60,70,80,90,100,110,120"
LR_32,LR,validation,120,12,10.0,120.0,"10,20,30,40,50,60,70,80,90,100,110,120"
LR_33,LR,train,120,12,10.0,120.0,"10,20,30,40,50,60,70,80,90,100,110,120"
LR_34,LR,train,120,12,10.0,120.0,"10,20,30,40,50,60,70,80,90,100,110,120"
LR_35,LR,train,120,12,10.0,120.0,"10,20,30,40,50,60,70,80,90,100,110,120"
LR_36,LR,train,120,12,10.0,120.0,"10,20,30,40,50,60,70,80,90,100,110,120"
LR_37,LR,train,120,12,10.0,120.0,"10,20,30,40,50,60,70,80,90,100,110,120"
LR_38,LR,train,120,12,10.0,120.0,"10,20,30,40,50,60,70,80,90,100,110,120"
LR_39,LR,train,120,12,10.0,120.0,"10,20,30,40,50,60,70,80,90,100,110,120"
LR_4,LR,train,120,12,10.0,120.0,"10,20,30,40,50,60,70,80,90,100,110,120"
LR_40,LR,train,120,12,10.0,120.0,"10,20,30,40,50,60,70,80,90,100,110,120"
LR_41,LR,test,120,12,10.0,120.0,"10,20,30,40,50,60,70,80,90,100,110,120"
LR_42,LR,validation,120,12,10.0,120.0,"10,20,30,40,50,60,70,80,90,100,110,120"
LR_43,LR,train,120,12,10.0,120.0,"10,20,30,40,50,60,70,80,90,100,110,120"
LR_44,LR,train,120,12,10.0,120.0,"10,20,30,40,50,60,70,80,90,100,110,120"
LR_45,LR,train,120,12,10.0,120.0,"10,20,30,40,50,60,70,80,90,100,110,120"
LR_46,LR,train,120,12,10.0,120.0,"10,20,30,40,50,60,70,80,90,100,110,120"
LR_47,LR,train,120,12,10.0,120.0,"10,20,30,40,50,60,70,80,90,100,110,120"
LR_48,LR,train,120,12,10.0,120.0,"10,20,30,40,50,60,70,80,90,100,110,120"
LR_49,LR,train,120,12,10.0,120.0,"10,20,30,40,50,60,70,80,90,100,110,120"
LR_5,LR,train,120,12,10.0,120.0,"10,20,30,40,50,60,70,80,90,100,110,120"
LR_50,LR,train,120,12,10.0,120.0,"10,20,30,40,50,60,70,80,90,100,110,120"
LR_51,LR,test,120,12,10.0,120.0,"10,20,30,40,50,60,70,80,90,100,110,120"
LR_52,LR,validation,120,12,10.0,120.0,"10,20,30,40,50,60,70,80,90,100,110,120"
LR_53,LR,train,120,12,10.0,120.0,"10,20,30,40,50,60,70,80,90,100,110,120"
LR_54,LR,train,120,12,10.0,120.0,"10,20,30,40,50,60,70,80,90,100,110,120"
LR_55,LR,train,120,12,10.0,120.0,"10,20,30,40,50,60,70,80,90,100,110,120"
LR_56,LR,train,120,12,10.0,120.0,"10,20,30,40,50,60,70,80,90,100,110,120"
LR_57,LR,train,120,12,10.0,120.0,"10,20,30,40,50,60,70,80,90,100,110,120"
LR_58,LR,train,120,12,10.0,120.0,"10,20,30,40,50,60,70,80,90,100,110,120"
LR_59,LR,train,120,12,10.0,120.0,"10,20,30,40,50,60,70,80,90,100,110,120"
LR_6,LR,train,120,12,10.0,120.0,"10,20,30,40,50,60,70,80,90,100,110,120"
LR_60,LR,train,120,12,10.0,120.0,"10,20,30,40,50,60,70,80,90,100,110,120"
LR_61,LR,test,120,12,10.0,120.0,"10,20,30,40,50,60,70,80,90,100,110,120"
LR_62,LR,validation,120,12,10.0,120.0,"10,20,30,40,50,60,70,80,90,100,110,120"
LR_63,LR,train,120,12,10.0,120.0,"10,20,30,40,50,60,70,80,90,100,110,120"
LR_64,LR,train,120,12,10.0,120.0,"10,20,30,40,50,60,70,80,90,100,110,120"
LR_65,LR,train,120,12,10.0,120.0,"10,20,30,40,50,60,70,80,90,100,110,120"
LR_66,LR,train,120,12,10.0,120.0,"10,20,30,40,50,60,70,80,90,100,110,120"
LR_67,LR,train,120,12,10.0,120.0,"10,20,30,40,50,60,70,80,90,100,110,120"
LR_68,LR,train,120,12,10.0,120.0,"10,20,30,40,50,60,70,80,90,100,110,120"
LR_69,LR,train,120,12,10.0,120.0,"10,20,30,40,50,60,70,80,90,100,110,120"
LR_7,LR,train,120,12,10.0,120.0,"10,20,30,40,50,60,70,80,90,100,110,120"
LR_70,LR,train,120,12,10.0,120.0,"10,20,30,40,50,60,70,80,90,100,110,120"
LR_71,LR,test,120,12,10.0,120.0,"10,20,30,40,50,60,70,80,90,100,110,120"
LR_72,LR,validation,120,12,10.0,120.0,"10,20,30,40,50,60,70,80,90,100,110,120"
LR_73,LR,train,120,12,10.0,120.0,"10,20,30,40,50,60,70,80,90,100,110,120"
LR_74,LR,train,120,12,10.0,120.0,"10,20,30,40,50,60,70,80,90,100,110,120"
LR_75,LR,train,120,12,10.0,120.0,"10,20,30,40,50,60,70,80,90,100,110,120"
LR_76,LR,train,120,12,10.0,120.0,"10,20,30,40,50,60,70,80,90,100,110,120"
LR_77,LR,train,120,12,10.0,120.0,"10,20,30,40,50,60,70,80,90,100,110,120"
LR_78,LR,train,120,12,10.0,120.0,"10,20,30,40,50,60,70,80,90,100,110,120"
LR_79,LR,train,120,12,10.0,120.0,"10,20,30,40,50,60,70,80,90,100,110,120"
LR_8,LR,train,120,12,10.0,120.0,"10,20,30,40,50,60,70,80,90,100,110,120"
LR_80,LR,train,120,12,10.0,120.0,"10,20,30,40,50,60,70,80,90,100,110,120"
LR_81,LR,test,120,12,10.0,120.0,"10,20,30,40,50,60,70,80,90,100,110,120"
LR_82,LR,validation,120,12,10.0,120.0,"10,20,30,40,50,60,70,80,90,100,110,120"
LR_83,LR,train,120,12,10.0,120.0,"10,20,30,40,50,60,70,80,90,100,110,120"
LR_84,LR,train,120,12,10.0,120.0,"10,20,30,40,50,60,70,80,90,100,110,120"
LR_85,LR,train,120,12,10.0,120.0,"10,20,30,40,50,60,70,80,90,100,110,120"
LR_86,LR,train,120,12,10.0,120.0,"10,20,30,40,50,60,70,80,90,100,110,120"
LR_87,LR,train,120,12,10.0,120.0,"10,20,30,40,50,60,70,80,90,100,110,120"
LR_88,LR,train,120,12,10.0,120.0,"10,20,30,40,50,60,70,80,90,100,110,120"
LR_89,LR,train,120,12,10.0,120.0,"10,20,30,40,50,60,70,80,90,100,110,120"
LR_9,LR,train,120,12,10.0,120.0,"10,20,30,40,50,60,70,80,90,100,110,120"
LR_90,LR,train,120,12,10.0,120.0,"10,20,30,40,50,60,70,80,90,100,110,120"
LR_91,LR,test,120,12,10.0,120.0,"10,20,30,40,50,60,70,80,90,100,110,120"
LR_92,LR,validation,120,12,10.0,120.0,"10,20,30,40,50,60,70,80,90,100,110,120"
LR_93,LR,train,120,12,10.0,120.0,"10,20,30,40,50,60,70,80,90,100,110,120"
LR_94,LR,train,120,12,10.0,120.0,"10,20,30,40,50,60,70,80,90,100,110,120"
LR_95,LR,train,120,12,10.0,120.0,"10,20,30,40,50,60,70,80,90,100,110,120"
LR_96,LR,train,120,12,10.0,120.0,"10,20,30,40,50,60,70,80,90,100,110,120"
LR_97,LR,train,120,12,10.0,120.0,"10,20,30,40,50,60,70,80,90,100,110,120"
LR_98,LR,train,120,12,10.0,120.0,"10,20,30,40,50,60,70,80,90,100,110,120"
LR_99,LR,train,120,12,10.0,120.0,"10,20,30,40,50,60,70,80,90,100,110,120"
MD_1,MD,test,120,12,10.0,120.0,"10,20,30,40,50,60,70,80,90,100,110,120"
MD_10,MD,train,120,12,10.0,120.0,"10,20,30,40,50,60,70,80,90,100,110,120"
MD_100,MD,train,120,12,10.0,120.0,"10,20,30,40,50,60,70,80,90,100,110,120"
MD_11,MD,test,120,12,10.0,120.0,"10,20,30,40,50,60,70,80,90,100,110,120"
MD_12,MD,validation,120,12,10.0,120.0,"10,20,30,40,50,60,70,80,90,100,110,120"
MD_13,MD,train,120,12,10.0,120.0,"10,20,30,40,50,60,70,80,90,100,110,120"
MD_14,MD,train,120,12,10.0,120.0,"10,20,30,40,50,60,70,80,90,100,110,120"
MD_15,MD,train,120,12,10.0,120.0,"10,20,30,40,50,60,70,80,90,100,110,120"
MD_16,MD,train,120,12,10.0,120.0,"10,20,30,40,50,60,70,80,90,100,110,120"
MD_17,MD,train,120,12,10.0,120.0,"10,20,30,40,50,60,70,80,90,100,110,120"
MD_18,MD,train,120,12,10.0,120.0,"10,20,30,40,50,60,70,80,90,100,110,120"
MD_19,MD,train,120,12,10.0,120.0,"10,20,30,40,50,60,70,80,90,100,110,120"
MD_2,MD,validation,120,12,10.0,120.0,"10,20,30,40,50,60,70,80,90,100,110,120"
MD_20,MD,train,120,12,10.0,120.0,"10,20,30,40,50,60,70,80,90,100,110,120"
MD_21,MD,test,120,12,10.0,120.0,"10,20,30,40,50,60,70,80,90,100,110,120"
MD_22,MD,validation,120,12,10.0,120.0,"10,20,30,40,50,60,70,80,90,100,110,120"
MD_23,MD,train,120,12,10.0,120.0,"10,20,30,40,50,60,70,80,90,100,110,120"
MD_24,MD,train,120,12,10.0,120.0,"10,20,30,40,50,60,70,80,90,100,110,120"
MD_25,MD,train,120,12,10.0,120.0,"10,20,30,40,50,60,70,80,90,100,110,120"
MD_26,MD,train,120,12,10.0,120.0,"10,20,30,40,50,60,70,80,90,100,110,120"
MD_27,MD,train,120,12,10.0,120.0,"10,20,30,40,50,60,70,80,90,100,110,120"
MD_28,MD,train,120,12,10.0,120.0,"10,20,30,40,50,60,70,80,90,100,110,120"
MD_29,MD,train,120,12,10.0,120.0,"10,20,30,40,50,60,70,80,90,100,110,120"
MD_3,MD,train,120,12,10.0,120.0,"10,20,30,40,50,60,70,80,90,100,110,120"
MD_30,MD,train,120,12,10.0,120.0,"10,20,30,40,50,60,70,80,90,100,110,120"
MD_31,MD,test,120,12,10.0,120.0,"10,20,30,40,50,60,70,80,90,100,110,120"
MD_32,MD,validation,120,12,10.0,120.0,"10,20,30,40,50,60,70,80,90,100,110,120"
MD_33,MD,train,120,12,10.0,120.0,"10,20,30,40,50,60,70,80,90,100,110,120"
MD_34,MD,train,120,12,10.0,120.0,"10,20,30,40,50,60,70,80,90,100,110,120"
MD_35,MD,train,120,12,10.0,120.0,"10,20,30,40,50,60,70,80,90,100,110,120"
MD_36,MD,train,120,12,10.0,120.0,"10,20,30,40,50,60,70,80,90,100,110,120"
MD_37,MD,train,120,12,10.0,120.0,"10,20,30,40,50,60,70,80,90,100,110,120"
MD_38,MD,train,120,12,10.0,120.0,"10,20,30,40,50,60,70,80,90,100,110,120"
MD_39,MD,train,120,12,10.0,120.0,"10,20,30,40,50,60,70,80,90,100,110,120"
MD_4,MD,train,120,12,10.0,120.0,"10,20,30,40,50,60,70,80,90,100,110,120"
MD_40,MD,train,120,12,10.0,120.0,"10,20,30,40,50,60,70,80,90,100,110,120"
MD_41,MD,test,120,12,10.0,120.0,"10,20,30,40,50,60,70,80,90,100,110,120"
MD_42,MD,validation,120,12,10.0,120.0,"10,20,30,40,50,60,70,80,90,100,110,120"
MD_43,MD,train,120,12,10.0,120.0,"10,20,30,40,50,60,70,80,90,100,110,120"
MD_44,MD,train,120,12,10.0,120.0,"10,20,30,40,50,60,70,80,90,100,110,120"
MD_45,MD,train,120,12,10.0,120.0,"10,20,30,40,50,60,70,80,90,100,110,120"
MD_46,MD,train,120,12,10.0,120.0,"10,20,30,40,50,60,70,80,90,100,110,120"
MD_47,MD,train,120,12,10.0,120.0,"10,20,30,40,50,60,70,80,90,100,110,120"
MD_48,MD,train,120,12,10.0,120.0,"10,20,30,40,50,60,70,80,90,100,110,120"
MD_49,MD,train,120,12,10.0,120.0,"10,20,30,40,50,60,70,80,90,100,110,120"
MD_5,MD,train,120,12,10.0,120.0,"10,20,30,40,50,60,70,80,90,100,110,120"
MD_50,MD,train,120,12,10.0,120.0,"10,20,30,40,50,60,70,80,90,100,110,120"
MD_51,MD,test,120,12,10.0,120.0,"10,20,30,40,50,60,70,80,90,100,110,120"
MD_52,MD,validation,120,12,10.0,120.0,"10,20,30,40,50,60,70,80,90,100,110,120"
MD_53,MD,train,120,12,10.0,120.0,"10,20,30,40,50,60,70,80,90,100,110,120"
MD_54,MD,train,120,12,10.0,120.0,"10,20,30,40,50,60,70,80,90,100,110,120"
MD_55,MD,train,120,12,10.0,120.0,"10,20,30,40,50,60,70,80,90,100,110,120"
MD_56,MD,train,120,12,10.0,120.0,"10,20,30,40,50,60,70,80,90,100,110,120"
MD_57,MD,train,120,12,10.0,120.0,"10,20,30,40,50,60,70,80,90,100,110,120"
MD_58,MD,train,120,12,10.0,120.0,"10,20,30,40,50,60,70,80,90,100,110,120"
MD_59,MD,train,120,12,10.0,120.0,"10,20,30,40,50,60,70,80,90,100,110,120"
MD_6,MD,train,120,12,10.0,120.0,"10,20,30,40,50,60,70,80,90,100,110,120"
MD_60,MD,train,120,12,10.0,120.0,"10,20,30,40,50,60,70,80,90,100,110,120"
MD_61,MD,test,120,12,10.0,120.0,"10,20,30,40,50,60,70,80,90,100,110,120"
MD_62,MD,validation,120,12,10.0,120.0,"10,20,30,40,50,60,70,80,90,100,110,120"
MD_63,MD,train,120,12,10.0,120.0,"10,20,30,40,50,60,70,80,90,100,110,120"
MD_64,MD,train,120,12,10.0,120.0,"10,20,30,40,50,60,70,80,90,100,110,120"
MD_65,MD,train,120,12,10.0,120.0,"10,20,30,40,50,60,70,80,90,100,110,120"
MD_66,MD,train,120,12,10.0,120.0,"10,20,30,40,50,60,70,80,90,100,110,120"
MD_67,MD,train,120,12,10.0,120.0,"10,20,30,40,50,60,70,80,90,100,110,120"
MD_68,MD,train,120,12,10.0,120.0,"10,20,30,40,50,60,70,80,90,100,110,120"
MD_69,MD,train,120,12,10.0,120.0,"10,20,30,40,50,60,70,80,90,100,110,120"
MD_7,MD,train,120,12,10.0,120.0,"10,20,30,40,50,60,70,80,90,100,110,120"
MD_70,MD,train,120,12,10.0,120.0,"10,20,30,40,50,60,70,80,90,100,110,120"
MD_71,MD,test,120,12,10.0,120.0,"10,20,30,40,50,60,70,80,90,100,110,120"
MD_72,MD,validation,120,12,10.0,120.0,"10,20,30,40,50,60,70,80,90,100,110,120"
MD_73,MD,train,120,12,10.0,120.0,"10,20,30,40,50,60,70,80,90,100,110,120"
MD_74,MD,train,120,12,10.0,120.0,"10,20,30,40,50,60,70,80,90,100,110,120"
MD_75,MD,train,120,12,10.0,120.0,"10,20,30,40,50,60,70,80,90,100,110,120"
MD_76,MD,train,120,12,10.0,120.0,"10,20,30,40,50,60,70,80,90,100,110,120"
MD_77,MD,train,120,12,10.0,120.0,"10,20,30,40,50,60,70,80,90,100,110,120"
MD_78,MD,train,120,12,10.0,120.0,"10,20,30,40,50,60,70,80,90,100,110,120"
MD_79,MD,train,120,12,10.0,120.0,"10,20,30,40,50,60,70,80,90,100,110,120"
MD_8,MD,train,120,12,10.0,120.0,"10,20,30,40,50,60,70,80,90,100,110,120"
MD_80,MD,train,120,12,10.0,120.0,"10,20,30,40,50,60,70,80,90,100,110,120"
MD_81,MD,test,120,12,10.0,120.0,"10,20,30,40,50,60,70,80,90,100,110,120"
MD_82,MD,validation,120,12,10.0,120.0,"10,20,30,40,50,60,70,80,90,100,110,120"
MD_83,MD,train,120,12,10.0,120.0,"10,20,30,40,50,60,70,80,90,100,110,120"
MD_84,MD,train,120,12,10.0,120.0,"10,20,30,40,50,60,70,80,90,100,110,120"
MD_85,MD,train,120,12,10.0,120.0,"10,20,30,40,50,60,70,80,90,100,110,120"
MD_86,MD,train,120,12,10.0,120.0,"10,20,30,40,50,60,70,80,90,100,110,120"
MD_87,MD,train,120,12,10.0,120.0,"10,20,30,40,50,60,70,80,90,100,110,120"
MD_88,MD,train,120,12,10.0,120.0,"10,20,30,40,50,60,70,80,90,100,110,120"
MD_89,MD,train,120,12,10.0,120.0,"10,20,30,40,50,60,70,80,90,100,110,120"
MD_9,MD,train,120,12,10.0,120.0,"10,20,30,40,50,60,70,80,90,100,110,120"
MD_90,MD,train,120,12,10.0,120.0,"10,20,30,40,50,60,70,80,90,100,110,120"
MD_91,MD,test,120,12,10.0,120.0,"10,20,30,40,50,60,70,80,90,100,110,120"
MD_92,MD,validation,120,12,10.0,120.0,"10,20,30,40,50,60,70,80,90,100,110,120"
MD_93,MD,train,120,12,10.0,120.0,"10,20,30,40,50,60,70,80,90,100,110,120"
MD_94,MD,train,120,12,10.0,120.0,"10,20,30,40,50,60,70,80,90,100,110,120"
MD_95,MD,train,120,12,10.0,120.0,"10,20,30,40,50,60,70,80,90,100,110,120"
MD_96,MD,train,120,12,10.0,120.0,"10,20,30,40,50,60,70,80,90,100,110,120"
MD_97,MD,train,120,12,10.0,120.0,"10,20,30,40,50,60,70,80,90,100,110,120"
MD_98,MD,train,120,12,10.0,120.0,"10,20,30,40,50,60,70,80,90,100,110,120"
MD_99,MD,train,120,12,10.0,120.0,"10,20,30,40,50,60,70,80,90,100,110,120"
RI_-1,RI,train,120,12,10.0,120.0,"10,20,30,40,50,60,70,80,90,100,110,120"
RI_-10,RI,test,120,12,10.0,120.0,"10,20,30,40,50,60,70,80,90,100,110,120"
RI_-11,RI,train,120,12,10.0,120.0,"10,20,30,40,50,60,70,80,90,100,110,120"
RI_-12,RI,train,120,12,10.0,120.0,"10,20,30,40,50,60,70,80,90,100,110,120"
RI_-13,RI,train,120,12,10.0,120.0,"10,20,30,40,50,60,70,80,90,100,110,120"
RI_-14,RI,train,120,12,10.0,120.0,"10,20,30,40,50,60,70,80,90,100,110,120"
RI_-15,RI,train,120,12,10.0,120.0,"10,20,30,40,50,60,70,80,90,100,110,120"
RI_-16,RI,train,120,12,10.0,120.0,"10,20,30,40,50,60,70,80,90,100,110,120"
RI_-17,RI,train,120,12,10.0,120.0,"10,20,30,40,50,60,70,80,90,100,110,120"
RI_-18,RI,train,120,12,10.0,120.0,"10,20,30,40,50,60,70,80,90,100,110,120"
RI_-19,RI,validation,120,12,10.0,120.0,"10,20,30,40,50,60,70,80,90,100,110,120"
RI_-2,RI,train,120,12,10.0,120.0,"10,20,30,40,50,60,70,80,90,100,110,120"
RI_-20,RI,test,120,12,10.0,120.0,"10,20,30,40,50,60,70,80,90,100,110,120"
RI_-21,RI,train,120,12,10.0,120.0,"10,20,30,40,50,60,70,80,90,100,110,120"
RI_-22,RI,train,120,12,10.0,120.0,"10,20,30,40,50,60,70,80,90,100,110,120"
RI_-23,RI,train,120,12,10.0,120.0,"10,20,30,40,50,60,70,80,90,100,110,120"
RI_-24,RI,train,120,12,10.0,120.0,"10,20,30,40,50,60,70,80,90,100,110,120"
RI_-25,RI,train,120,12,10.0,120.0,"10,20,30,40,50,60,70,80,90,100,110,120"
RI_-26,RI,train,120,12,10.0,120.0,"10,20,30,40,50,60,70,80,90,100,110,120"
RI_-27,RI,train,120,12,10.0,120.0,"10,20,30,40,50,60,70,80,90,100,110,120"
RI_-28,RI,train,120,12,10.0,120.0,"10,20,30,40,50,60,70,80,90,100,110,120"
RI_-29,RI,validation,120,12,10.0,120.0,"10,20,30,40,50,60,70,80,90,100,110,120"
RI_-3,RI,train,120,12,10.0,120.0,"10,20,30,40,50,60,70,80,90,100,110,120"
RI_-30,RI,test,120,12,10.0,120.0,"10,20,30,40,50,60,70,80,90,100,110,120"
RI_-31,RI,train,120,12,10.0,120.0,"10,20,30,40,50,60,70,80,90,100,110,120"
RI_-32,RI,train,120,12,10.0,120.0,"10,20,30,40,50,60,70,80,90,100,110,120"
RI_-33,RI,train,120,12,10.0,120.0,"10,20,30,40,50,60,70,80,90,100,110,120"
RI_-34,RI,train,120,12,10.0,120.0,"10,20,30,40,50,60,70,80,90,100,110,120"
RI_-35,RI,train,120,12,10.0,120.0,"10,20,30,40,50,60,70,80,90,100,110,120"
RI_-36,RI,train,120,12,10.0,120.0,"10,20,30,40,50,60,70,80,90,100,110,120"
RI_-37,RI,train,120,12,10.0,120.0,"10,20,30,40,50,60,70,80,90,100,110,120"
RI_-38,RI,train,120,12,10.0,120.0,"10,20,30,40,50,60,70,80,90,100,110,120"
RI_-39,RI,validation,120,12,10.0,120.0,"10,20,30,40,50,60,70,80,90,100,110,120"
RI_-4,RI,train,120,12,10.0,120.0,"10,20,30,40,50,60,70,80,90,100,110,120"
RI_-40,RI,test,120,12,10.0,120.0,"10,20,30,40,50,60,70,80,90,100,110,120"
RI_-41,RI,train,120,12,10.0,120.0,"10,20,30,40,50,60,70,80,90,100,110,120"
RI_-42,RI,train,120,12,10.0,120.0,"10,20,30,40,50,60,70,80,90,100,110,120"
RI_-43,RI,train,120,12,10.0,120.0,"10,20,30,40,50,60,70,80,90,100,110,120"
RI_-44,RI,train,120,12,10.0,120.0,"10,20,30,40,50,60,70,80,90,100,110,120"
RI_-45,RI,train,120,12,10.0,120.0,"10,20,30,40,50,60,70,80,90,100,110,120"
RI_-46,RI,train,120,12,10.0,120.0,"10,20,30,40,50,60,70,80,90,100,110,120"
RI_-47,RI,train,120,12,10.0,120.0,"10,20,30,40,50,60,70,80,90,100,110,120"
RI_-48,RI,train,120,12,10.0,120.0,"10,20,30,40,50,60,70,80,90,100,110,120"
RI_-49,RI,validation,120,12,10.0,120.0,"10,20,30,40,50,60,70,80,90,100,110,120"
RI_-5,RI,train,120,12,10.0,120.0,"10,20,30,40,50,60,70,80,90,100,110,120"
RI_-50,RI,test,120,12,10.0,120.0,"10,20,30,40,50,60,70,80,90,100,110,120"
RI_-51,RI,train,120,12,10.0,120.0,"10,20,30,40,50,60,70,80,90,100,110,120"
RI_-52,RI,train,120,12,10.0,120.0,"10,20,30,40,50,60,70,80,90,100,110,120"
RI_-53,RI,train,120,12,10.0,120.0,"10,20,30,40,50,60,70,80,90,100,110,120"
RI_-54,RI,train,120,12,10.0,120.0,"10,20,30,40,50,60,70,80,90,100,110,120"
RI_-55,RI,train,120,12,10.0,120.0,"10,20,30,40,50,60,70,80,90,100,110,120"
RI_-56,RI,train,120,12,10.0,120.0,"10,20,30,40,50,60,70,80,90,100,110,120"
RI_-57,RI,train,120,12,10.0,120.0,"10,20,30,40,50,60,70,80,90,100,110,120"
RI_-58,RI,train,120,12,10.0,120.0,"10,20,30,40,50,60,70,80,90,100,110,120"
RI_-59,RI,validation,120,12,10.0,120.0,"10,20,30,40,50,60,70,80,90,100,110,120"
RI_-6,RI,train,120,12,10.0,120.0,"10,20,30,40,50,60,70,80,90,100,110,120"
RI_-60,RI,test,120,12,10.0,120.0,"10,20,30,40,50,60,70,80,90,100,110,120"
RI_-61,RI,train,120,12,10.0,120.0,"10,20,30,40,50,60,70,80,90,100,110,120"
RI_-62,RI,train,120,12,10.0,120.0,"10,20,30,40,50,60,70,80,90,100,110,120"
RI_-63,RI,train,120,12,10.0,120.0,"10,20,30,40,50,60,70,80,90,100,110,120"
RI_-64,RI,train,120,12,10.0,120.0,"10,20,30,40,50,60,70,80,90,100,110,120"
RI_-65,RI,train,120,12,10.0,120.0,"10,20,30,40,50,60,70,80,90,100,110,120"
RI_-66,RI,train,120,12,10.0,120.0,"10,20,30,40,50,60,70,80,90,100,110,120"
RI_-67,RI,train,120,12,10.0,120.0,"10,20,30,40,50,60,70,80,90,100,110,120"
RI_-68,RI,train,120,12,10.0,120.0,"10,20,30,40,50,60,70,80,90,100,110,120"
RI_-69,RI,validation,120,12,10.0,120.0,"10,20,30,40,50,60,70,80,90,100,110,120"
RI_-7,RI,train,120,12,10.0,120.0,"10,20,30,40,50,60,70,80,90,100,110,120"
RI_-70,RI,test,120,12,10.0,120.0,"10,20,30,40,50,60,70,80,90,100,110,120"
RI_-71,RI,train,120,12,10.0,120.0,"10,20,30,40,50,60,70,80,90,100,110,120"
RI_-72,RI,train,120,12,10.0,120.0,"10,20,30,40,50,60,70,80,90,100,110,120"
RI_-73,RI,train,120,12,10.0,120.0,"10,20,30,40,50,60,70,80,90,100,110,120"
RI_-74,RI,train,120,12,10.0,120.0,"10,20,30,40,50,60,70,80,90,100,110,120"
RI_-75,RI,train,120,12,10.0,120.0,"10,20,30,40,50,60,70,80,90,100,110,120"
RI_-76,RI,train,120,12,10.0,120.0,"10,20,30,40,50,60,70,80,90,100,110,120"
RI_-77,RI,train,120,12,10.0,120.0,"10,20,30,40,50,60,70,80,90,100,110,120"
RI_-78,RI,train,120,12,10.0,120.0,"10,20,30,40,50,60,70,80,90,100,110,120"
RI_-79,RI,validation,120,12,10.0,120.0,"10,20,30,40,50,60,70,80,90,100,110,120"
RI_-8,RI,train,120,12,10.0,120.0,"10,20,30,40,50,60,70,80,90,100,110,120"
RI_-80,RI,test,120,12,10.0,120.0,"10,20,30,40,50,60,70,80,90,100,110,120"
RI_-81,RI,train,120,12,10.0,120.0,"10,20,30,40,50,60,70,80,90,100,110,120"
RI_-82,RI,train,120,12,10.0,120.0,"10,20,30,40,50,60,70,80,90,100,110,120"
RI_-9,RI,validation,120,12,10.0,120.0,"10,20,30,40,50,60,70,80,90,100,110,120"
RW_1,RW,test,120,12,10.0,120.0,"10,20,30,40,50,60,70,80,90,100,110,120"
RW_10,RW,train,120,12,10.0,120.0,"10,20,30,40,50,60,70,80,90,100,110,120"
RW_100,RW,train,120,12,10.0,120.0,"10,20,30,40,50,60,70,80,90,100,110,120"
RW_11,RW,test,120,12,10.0,120.0,"10,20,30,40,50,60,70,80,90,100,110,120"
RW_12,RW,validation,120,12,10.0,120.0,"10,20,30,40,50,60,70,80,90,100,110,120"
RW_13,RW,train,120,12,10.0,120.0,"10,20,30,40,50,60,70,80,90,100,110,120"
RW_14,RW,train,120,12,10.0,120.0,"10,20,30,40,50,60,70,80,90,100,110,120"
RW_15,RW,train,120,12,10.0,120.0,"10,20,30,40,50,60,70,80,90,100,110,120"
RW_16,RW,train,120,12,10.0,120.0,"10,20,30,40,50,60,70,80,90,100,110,120"
RW_17,RW,train,120,12,10.0,120.0,"10,20,30,40,50,60,70,80,90,100,110,120"
RW_18,RW,train,120,12,10.0,120.0,"10,20,30,40,50,60,70,80,90,100,110,120"
RW_19,RW,train,120,12,10.0,120.0,"10,20,30,40,50,60,70,80,90,100,110,120"
RW_2,RW,validation,120,12,10.0,120.0,"10,20,30,40,50,60,70,80,90,100,110,120"
RW_20,RW,train,120,12,10.0,120.0,"10,20,30,40,50,60,70,80,90,100,110,120"
RW_21,RW,test,120,12,10.0,120.0,"10,20,30,40,50,60,70,80,90,100,110,120"
RW_22,RW,validation,120,12,10.0,120.0,"10,20,30,40,50,60,70,80,90,100,110,120"
RW_23,RW,train,120,12,10.0,120.0,"10,20,30,40,50,60,70,80,90,100,110,120"
RW_24,RW,train,120,12,10.0,120.0,"10,20,30,40,50,60,70,80,90,100,110,120"
RW_25,RW,train,120,12,10.0,120.0,"10,20,30,40,50,60,70,80,90,100,110,120"
RW_26,RW,train,120,12,10.0,120.0,"10,20,30,40,50,60,70,80,90,100,110,120"
RW_27,RW,train,120,12,10.0,120.0,"10,20,30,40,50,60,70,80,90,100,110,120"
RW_28,RW,train,120,12,10.0,120.0,"10,20,30,40,50,60,70,80,90,100,110,120"
RW_29,RW,train,120,12,10.0,120.0,"10,20,30,40,50,60,70,80,90,100,110,120"
RW_3,RW,train,120,12,10.0,120.0,"10,20,30,40,50,60,70,80,90,100,110,120"
RW_30,RW,train,120,12,10.0,120.0,"10,20,30,40,50,60,70,80,90,100,110,120"
RW_31,RW,test,120,12,10.0,120.0,"10,20,30,40,50,60,70,80,90,100,110,120"
RW_32,RW,validation,120,12,10.0,120.0,"10,20,30,40,50,60,70,80,90,100,110,120"
RW_33,RW,train,120,12,10.0,120.0,"10,20,30,40,50,60,70,80,90,100,110,120"
RW_34,RW,train,120,12,10.0,120.0,"10,20,30,40,50,60,70,80,90,100,110,120"
RW_35,RW,train,120,12,10.0,120.0,"10,20,30,40,50,60,70,80,90,100,110,120"
RW_36,RW,train,120,12,10.0,120.0,"10,20,30,40,50,60,70,80,90,100,110,120"
RW_37,RW,train,120,12,10.0,120.0,"10,20,30,40,50,60,70,80,90,100,110,120"
RW_38,RW,train,120,12,10.0,120.0,"10,20,30,40,50,60,70,80,90,100,110,120"
RW_39,RW,train,120,12,10.0,120.0,"10,20,30,40,50,60,70,80,90,100,110,120"
RW_4,RW,train,120,12,10.0,120.0,"10,20,30,40,50,60,70,80,90,100,110,120"
RW_40,RW,train,120,12,10.0,120.0,"10,20,30,40,50,60,70,80,90,100,110,120"
RW_41,RW,test,120,12,10.0,120.0,"10,20,30,40,50,60,70,80,90,100,110,120"
RW_42,RW,validation,120,12,10.0,120.0,"10,20,30,40,50,60,70,80,90,100,110,120"
RW_43,RW,train,120,12,10.0,120.0,"10,20,30,40,50,60,70,80,90,100,110,120"
RW_44,RW,train,120,12,10.0,120.0,"10,20,30,40,50,60,70,80,90,100,110,120"
RW_45,RW,train,120,12,10.0,120.0,"10,20,30,40,50,60,70,80,90,100,110,120"
RW_46,RW,train,120,12,10.0,120.0,"10,20,30,40,50,60,70,80,90,100,110,120"
RW_47,RW,train,120,12,10.0,120.0,"10,20,30,40,50,60,70,80,90,100,110,120"
RW_48,RW,train,120,12,10.0,120.0,"10,20,30,40,50,60,70,80,90,100,110,120"
RW_49,RW,train,120,12,10.0,120.0,"10,20,30,40,50,60,70,80,90,100,110,120"
RW_5,RW,train,120,12,10.0,120.0,"10,20,30,40,50,60,70,80,90,100,110,120"
RW_50,RW,train,120,12,10.0,120.0,"10,20,30,40,50,60,70,80,90,100,110,120"
RW_51,RW,test,120,12,10.0,120.0,"10,20,30,40,50,60,70,80,90,100,110,120"
RW_52,RW,validation,120,12,10.0,120.0,"10,20,30,40,50,60,70,80,90,100,110,120"
RW_53,RW,train,120,12,10.0,120.0,"10,20,30,40,50,60,70,80,90,100,110,120"
RW_54,RW,train,120,12,10.0,120.0,"10,20,30,40,50,60,70,80,90,100,110,120"
RW_55,RW,train,120,12,10.0,120.0,"10,20,30,40,50,60,70,80,90,100,110,120"
RW_56,RW,train,120,12,10.0,120.0,"10,20,30,40,50,60,70,80,90,100,110,120"
RW_57,RW,train,120,12,10.0,120.0,"10,20,30,40,50,60,70,80,90,100,110,120"
RW_58,RW,train,120,12,10.0,120.0,"10,20,30,40,50,60,70,80,90,100,110,120"
RW_59,RW,train,120,12,10.0,120.0,"10,20,30,40,50,60,70,80,90,100,110,120"
RW_6,RW,train,120,12,10.0,120.0,"10,20,30,40,50,60,70,80,90,100,110,120"
RW_60,RW,train,120,12,10.0,120.0,"10,20,30,40,50,60,70,80,90,100,110,120"
RW_61,RW,test,120,12,10.0,120.0,"10,20,30,40,50,60,70,80,90,100,110,120"
RW_62,RW,validation,120,12,10.0,120.0,"10,20,30,40,50,60,70,80,90,100,110,120"
RW_63,RW,train,120,12,10.0,120.0,"10,20,30,40,50,60,70,80,90,100,110,120"
RW_64,RW,train,120,12,10.0,120.0,"10,20,30,40,50,60,70,80,90,100,110,120"
RW_65,RW,train,120,12,10.0,120.0,"10,20,30,40,50,60,70,80,90,100,110,120"
RW_66,RW,train,120,12,10.0,120.0,"10,20,30,40,50,60,70,80,90,100,110,120"
RW_67,RW,train,120,12,10.0,120.0,"10,20,30,40,50,60,70,80,90,100,110,120"
RW_68,RW,train,120,12,10.0,120.0,"10,20,30,40,50,60,70,80,90,100,110,120"
RW_69,RW,train,120,12,10.0,120.0,"10,20,30,40,50,60,70,80,90,100,110,120"
RW_7,RW,train,120,12,10.0,120.0,"10,20,30,40,50,60,70,80,90,100,110,120"
RW_70,RW,train,120,12,10.0,120.0,"10,20,30,40,50,60,70,80,90,100,110,120"
RW_71,RW,test,120,12,10.0,120.0,"10,20,30,40,50,60,70,80,90,100,110,120"
RW_72,RW,validation,120,12,10.0,120.0,"10,20,30,40,50,60,70,80,90,100,110,120"
RW_73,RW,train,120,12,10.0,120.0,"10,20,30,40,50,60,70,80,90,100,110,120"
RW_74,RW,train,120,12,10.0,120.0,"10,20,30,40,50,60,70,80,90,100,110,120"
RW_75,RW,train,120,12,10.0,120.0,"10,20,30,40,50,60,70,80,90,100,110,120"
RW_76,RW,train,120,12,10.0,120.0,"10,20,30,40,50,60,70,80,90,100,110,120"
RW_77,RW,train,120,12,10.0,120.0,"10,20,30,40,50,60,70,80,90,100,110,120"
RW_78,RW,train,120,12,10.0,120.0,"10,20,30,40,50,60,70,80,90,100,110,120"
RW_79,RW,train,120,12,10.0,120.0,"10,20,30,40,50,60,70,80,90,100,110,120"
RW_8,RW,train,120,12,10.0,120.0,"10,20,30,40,50,60,70,80,90,100,110,120"
RW_80,RW,train,120,12,10.0,120.0,"10,20,30,40,50,60,70,80,90,100,110,120"
RW_81,RW,test,120,12,10.0,120.0,"10,20,30,40,50,60,70,80,90,100,110,120"
RW_82,RW,validation,120,12,10.0,120.0,"10,20,30,40,50,60,70,80,90,100,110,120"
RW_83,RW,train,120,12,10.0,120.0,"10,20,30,40,50,60,70,80,90,100,110,120"
RW_84,RW,train,120,12,10.0,120.0,"10,20,30,40,50,60,70,80,90,100,110,120"
RW_85,RW,train,120,12,10.0,120.0,"10,20,30,40,50,60,70,80,90,100,110,120"
RW_86,RW,train,120,12,10.0,120.0,"10,20,30,40,50,60,70,80,90,100,110,120"
RW_87,RW,train,120,12,10.0,120.0,"10,20,30,40,50,60,70,80,90,100,110,120"
RW_88,RW,train,120,12,10.0,120.0,"10,20,30,40,50,60,70,80,90,100,110,120"
RW_89,RW,train,120,12,10.0,120.0,"10,20,30,40,50,60,70,80,90,100,110,120"
RW_9,RW,train,120,12,10.0,120.0,"10,20,30,40,50,60,70,80,90,100,110,120"
RW_90,RW,train,120,12,10.0,120.0,"10,20,30,40,50,60,70,80,90,100,110,120"
RW_91,RW,test,120,12,10.0,120.0,"10,20,30,40,50,60,70,80,90,100,110,120"
RW_92,RW,validation,120,12,10.0,120.0,"10,20,30,40,50,60,70,80,90,100,110,120"
RW_93,RW,train,120,12,10.0,120.0,"10,20,30,40,50,60,70,80,90,100,110,120"
RW_94,RW,train,120,12,10.0,120.0,"10,20,30,40,50,60,70,80,90,100,110,120"
RW_95,RW,train,120,12,10.0,120.0,"10,20,30,40,50,60,70,80,90,100,110,120"
RW_96,RW,train,120,12,10.0,120.0,"10,20,30,40,50,60,70,80,90,100,110,120"
RW_97,RW,train,120,12,10.0,120.0,"10,20,30,40,50,60,70,80,90,100,110,120"
RW_98,RW,train,120,12,10.0,120.0,"10,20,30,40,50,60,70,80,90,100,110,120"
RW_99,RW,train,120,12,10.0,120.0,"10,20,30,40,50,60,70,80,90,100,110,120"
SGATR_1,SGATR,test,120,12,10.0,120.0,"10,20,30,40,50,60,70,80,90,100,110,120"
SGATR_10,SGATR,train,120,12,10.0,120.0,"10,20,30,40,50,60,70,80,90,100,110,120"
SGATR_100,SGATR,train,120,12,10.0,120.0,"10,20,30,40,50,60,70,80,90,100,110,120"
SGATR_11,SGATR,test,120,12,10.0,120.0,"10,20,30,40,50,60,70,80,90,100,110,120"
SGATR_12,SGATR,validation,120,12,10.0,120.0,"10,20,30,40,50,60,70,80,90,100,110,120"
SGATR_13,SGATR,train,120,12,10.0,120.0,"10,20,30,40,50,60,70,80,90,100,110,120"
SGATR_14,SGATR,train,120,12,10.0,120.0,"10,20,30,40,50,60,70,80,90,100,110,120"
SGATR_15,SGATR,train,120,12,10.0,120.0,"10,20,30,40,50,60,70,80,90,100,110,120"
SGATR_16,SGATR,train,120,12,10.0,120.0,"10,20,30,40,50,60,70,80,90,100,110,120"
SGATR_17,SGATR,train,120,12,10.0,120.0,"10,20,30,40,50,60,70,80,90,100,110,120"
SGATR_18,SGATR,train,120,12,10.0,120.0,"10,20,30,40,50,60,70,80,90,100,110,120"
SGATR_19,SGATR,train,120,12,10.0,120.0,"10,20,30,40,50,60,70,80,90,100,110,120"
SGATR_2,SGATR,validation,120,12,10.0,120.0,"10,20,30,40,50,60,70,80,90,100,110,120"
SGATR_20,SGATR,train,120,12,10.0,120.0,"10,20,30,40,50,60,70,80,90,100,110,120"
SGATR_21,SGATR,test,120,12,10.0,120.0,"10,20,30,40,50,60,70,80,90,100,110,120"
SGATR_22,SGATR,validation,120,12,10.0,120.0,"10,20,30,40,50,60,70,80,90,100,110,120"
SGATR_23,SGATR,train,120,12,10.0,120.0,"10,20,30,40,50,60,70,80,90,100,110,120"
SGATR_24,SGATR,train,120,12,10.0,120.0,"10,20,30,40,50,60,70,80,90,100,110,120"
SGATR_25,SGATR,train,120,12,10.0,120.0,"10,20,30,40,50,60,70,80,90,100,110,120"
SGATR_26,SGATR,train,120,12,10.0,120.0,"10,20,30,40,50,60,70,80,90,100,110,120"
SGATR_27,SGATR,train,120,12,10.0,120.0,"10,20,30,40,50,60,70,80,90,100,110,120"
SGATR_28,SGATR,train,120,12,10.0,120.0,"10,20,30,40,50,60,70,80,90,100,110,120"
SGATR_29,SGATR,train,120,12,10.0,120.0,"10,20,30,40,50,60,70,80,90,100,110,120"
SGATR_3,SGATR,train,120,12,10.0,120.0,"10,20,30,40,50,60,70,80,90,100,110,120"
SGATR_30,SGATR,train,120,12,10.0,120.0,"10,20,30,40,50,60,70,80,90,100,110,120"
SGATR_31,SGATR,test,120,12,10.0,120.0,"10,20,30,40,50,60,70,80,90,100,110,120"
SGATR_32,SGATR,validation,120,12,10.0,120.0,"10,20,30,40,50,60,70,80,90,100,110,120"
SGATR_33,SGATR,train,120,12,10.0,120.0,"10,20,30,40,50,60,70,80,90,100,110,120"
SGATR_34,SGATR,train,120,12,10.0,120.0,"10,20,30,40,50,60,70,80,90,100,110,120"
SGATR_35,SGATR,train,120,12,10.0,120.0,"10,20,30,40,50,60,70,80,90,100,110,120"
SGATR_36,SGATR,train,120,12,10.0,120.0,"10,20,30,40,50,60,70,80,90,100,110,120"
SGATR_37,SGATR,train,120,12,10.0,120.0,"10,20,30,40,50,60,70,80,90,100,110,120"
SGATR_38,SGATR,train,120,12,10.0,120.0,"10,20,30,40,50,60,70,80,90,100,110,120"
SGATR_39,SGATR,train,120,12,10.0,120.0,"10,20,30,40,50,60,70,80,90,100,110,120"
SGATR_4,SGATR,train,120,12,10.0,120.0,"10,20,30,40,50,60,70,80,90,100,110,120"
SGATR_40,SGATR,train,120,12,10.0,120.0,"10,20,30,40,50,60,70,80,90,100,110,120"
SGATR_41,SGATR,test,120,12,10.0,120.0,"10,20,30,40,50,60,70,80,90,100,110,120"
SGATR_42,SGATR,validation,120,12,10.0,120.0,"10,20,30,40,50,60,70,80,90,100,110,120"
SGATR_43,SGATR,train,120,12,10.0,120.0,"10,20,30,40,50,60,70,80,90,100,110,120"
SGATR_44,SGATR,train,120,12,10.0,120.0,"10,20,30,40,50,60,70,80,90,100,110,120"
SGATR_45,SGATR,train,120,12,10.0,120.0,"10,20,30,40,50,60,70,80,90,100,110,120"
SGATR_46,SGATR,train,120,12,10.0,120.0,"10,20,30,40,50,60,70,80,90,100,110,120"
SGATR_47,SGATR,train,120,12,10.0,120.0,"10,20,30,40,50,60,70,80,90,100,110,120"
SGATR_48,SGATR,train,120,12,10.0,120.0,"10,20,30,40,50,60,70,80,90,100,110,120"
SGATR_49,SGATR,train,120,12,10.0,120.0,"10,20,30,40,50,60,70,80,90,100,110,120"
SGATR_5,SGATR,train,120,12,10.0,120.0,"10,20,30,40,50,60,70,80,90,100,110,120"
SGATR_50,SGATR,train,120,12,10.0,120.0,"10,20,30,40,50,60,70,80,90,100,110,120"
SGATR_51,SGATR,test,120,12,10.0,120.0,"10,20,30,40,50,60,70,80,90,100,110,120"
SGATR_52,SGATR,validation,120,12,10.0,120.0,"10,20,30,40,50,60,70,80,90,100,110,120"
SGATR_53,SGATR,train,120,12,10.0,120.0,"10,20,30,40,50,60,70,80,90,100,110,120"
SGATR_54,SGATR,train,120,12,10.0,120.0,"10,20,30,40,50,60,70,80,90,100,110,120"
SGATR_55,SGATR,train,120,12,10.0,120.0,"10,20,30,40,50,60,70,80,90,100,110,120"
SGATR_56,SGATR,train,120,12,10.0,120.0,"10,20,30,40,50,60,70,80,90,100,110,120"
SGATR_57,SGATR,train,120,12,10.0,120.0,"10,20,30,40,50,60,70,80,90,100,110,120"
SGATR_58,SGATR,train,120,12,10.0,120.0,"10,20,30,40,50,60,70,80,90,100,110,120"
SGATR_59,SGATR,train,120,12,10.0,120.0,"10,20,30,40,50,60,70,80,90,100,110,120"
SGATR_6,SGATR,train,120,12,10.0,120.0,"10,20,30,40,50,60,70,80,90,100,110,120"
SGATR_60,SGATR,train,120,12,10.0,120.0,"10,20,30,40,50,60,70,80,90,100,110,120"
SGATR_61,SGATR,test,120,12,10.0,120.0,"10,20,30,40,50,60,70,80,90,100,110,120"
SGATR_62,SGATR,validation,120,12,10.0,120.0,"10,20,30,40,50,60,70,80,90,100,110,120"
SGATR_63,SGATR,train,120,12,10.0,120.0,"10,20,30,40,50,60,70,80,90,100,110,120"
SGATR_64,SGATR,train,120,12,10.0,120.0,"10,20,30,40,50,60,70,80,90,100,110,120"
SGATR_65,SGATR,train,120,12,10.0,120.0,"10,20,30,40,50,60,70,80,90,100,110,120"
SGATR_66,SGATR,train,120,12,10.0,120.0,"10,20,30,40,50,60,70,80,90,100,110,120"
SGATR_67,SGATR,train,120,12,10.0,120.0,"10,20,30,40,50,60,70,80,90,100,110,120"
SGATR_68,SGATR,train,120,12,10.0,120.0,"10,20,30,40,50,60,70,80,90,100,110,120"
SGATR_69,SGATR,train,120,12,10.0,120.0,"10,20,30,40,50,60,70,80,90,100,110,120"
SGATR_7,SGATR,train,120,12,10.0,120.0,"10,20,30,40,50,60,70,80,90,100,110,120"
SGATR_70,SGATR,train,120,12,10.0,120.0,"10,20,30,40,50,60,70,80,90,100,110,120"
SGATR_71,SGATR,test,120,12,10.0,120.0,"10,20,30,40,50,60,70,80,90,100,110,120"
SGATR_72,SGATR,validation,120,12,10.0,120.0,"10,20,30,40,50,60,70,80,90,100,110,120"
SGATR_73,SGATR,train,120,12,10.0,120.0,"10,20,30,40,50,60,70,80,90,100,110,120"
SGATR_74,SGATR,train,120,12,10.0,120.0,"10,20,30,40,50,60,70,80,90,100,110,120"
SGATR_75,SGATR,train,120,12,10.0,120.0,"10,20,30,40,50,60,70,80,90,100,110,120"
SGATR_76,SGATR,train,120,12,10.0,120.0,"10,20,30,40,50,60,70,80,90,100,110,120"
SGATR_77,SGATR,train,120,12,10.0,120.0,"10,20,30,40,50,60,70,80,90,100,110,120"
SGATR_78,SGATR,train,120,12,10.0,120.0,"10,20,30,40,50,60,70,80,90,100,110,120"
SGATR_79,SGATR,train,120,12,10.0,120.0,"10,20,30,40,50,60,70,80,90,100,110,120"
SGATR_8,SGATR,train,120,12,10.0,120.0,"10,20,30,40,50,60,70,80,90,100,110,120"
SGATR_80,SGATR,train,120,12,10.0,120.0,"10,20,30,40,50,60,70,80,90,100,110,120"
SGATR_81,SGATR,test,120,12,10.0,120.0,"10,20,30,40,50,60,70,80,90,100,110,120"
SGATR_82,SGATR,validation,120,12,10.0,120.0,"10,20,30,40,50,60,70,80,90,100,110,120"
SGATR_83,SGATR,train,120,12,10.0,120.0,"10,20,30,40,50,60,70,80,90,100,110,120"
SGATR_84,SGATR,train,120,12,10.0,120.0,"10,20,30,40,50,60,70,80,90,100,110,120"
SGATR_85,SGATR,train,120,12,10.0,120.0,"10,20,30,40,50,60,70,80,90,100,110,120"
SGATR_86,SGATR,train,120,12,10.0,120.0,"10,20,30,40,50,60,70,80,90,100,110,120"
SGATR_87,SGATR,train,120,12,10.0,120.0,"10,20,30,40,50,60,70,80,90,100,110,120"
SGATR_88,SGATR,train,120,12,10.0,120.0,"10,20,30,40,50,60,70,80,90,100,110,120"
SGATR_89,SGATR,train,120,12,10.0,120.0,"10,20,30,40,50,60,70,80,90,100,110,120"
SGATR_9,SGATR,train,120,12,10.0,120.0,"10,20,30,40,50,60,70,80,90,100,110,120"
SGATR_90,SGATR,train,120,12,10.0,120.0,"10,20,30,40,50,60,70,80,90,100,110,120"
SGATR_91,SGATR,test,120,12,10.0,120.0,"10,20,30,40,50,60,70,80,90,100,110,120"
SGATR_92,SGATR,validation,120,12,10.0,120.0,"10,20,30,40,50,60,70,80,90,100,110,120"
SGATR_93,SGATR,train,120,12,10.0,120.0,"10,20,30,40,50,60,70,80,90,100,110,120"
SGATR_94,SGATR,train,120,12,10.0,120.0,"10,20,30,40,50,60,70,80,90,100,110,120"
SGATR_95,SGATR,train,120,12,10.0,120.0,"10,20,30,40,50,60,70,80,90,100,110,120"
SGATR_96,SGATR,train,120,12,10.0,120.0,"10,20,30,40,50,60,70,80,90,100,110,120"
SGATR_97,SGATR,train,120,12,10.0,120.0,"10,20,30,40,50,60,70,80,90,100,110,120"
SGATR_98,SGATR,train,120,12,10.0,120.0,"10,20,30,40,50,60,70,80,90,100,110,120"
SGATR_99,SGATR,train,120,12,10.0,120.0,"10,20,30,40,50,60,70,80,90,100,110,120"
SGBTR_1,SGBTR,test,120,12,10.0,120.0,"10,20,30,40,50,60,70,80,90,100,110,120"
SGBTR_10,SGBTR,train,120,12,10.0,120.0,"10,20,30,40,50,60,70,80,90,100,110,120"
SGBTR_100,SGBTR,train,120,12,10.0,120.0,"10,20,30,40,50,60,70,80,90,100,110,120"
SGBTR_101,SGBTR,test,120,12,10.0,120.0,"10,20,30,40,50,60,70,80,90,100,110,120"
SGBTR_102,SGBTR,validation,120,12,10.0,120.0,"10,20,30,40,50,60,70,80,90,100,110,120"
SGBTR_103,SGBTR,train,120,12,10.0,120.0,"10,20,30,40,50,60,70,80,90,100,110,120"
SGBTR_104,SGBTR,train,120,12,10.0,120.0,"10,20,30,40,50,60,70,80,90,100,110,120"
SGBTR_105,SGBTR,train,120,12,10.0,120.0,"10,20,30,40,50,60,70,80,90,100,110,120"
SGBTR_106,SGBTR,train,120,12,10.0,120.0,"10,20,30,40,50,60,70,80,90,100,110,120"
SGBTR_107,SGBTR,train,120,12,10.0,120.0,"10,20,30,40,50,60,70,80,90,100,110,120"
SGBTR_108,SGBTR,train,120,12,10.0,120.0,"10,20,30,40,50,60,70,80,90,100,110,120"
SGBTR_109,SGBTR,train,120,12,10.0,120.0,"10,20,30,40,50,60,70,80,90,100,110,120"
SGBTR_11,SGBTR,test,120,12,10.0,120.0,"10,20,30,40,50,60,70,80,90,100,110,120"
SGBTR_110,SGBTR,train,120,12,10.0,120.0,"10,20,30,40,50,60,70,80,90,100,110,120"
SGBTR_12,SGBTR,validation,120,12,10.0,120.0,"10,20,30,40,50,60,70,80,90,100,110,120"
SGBTR_13,SGBTR,train,120,12,10.0,120.0,"10,20,30,40,50,60,70,80,90,100,110,120"
SGBTR_14,SGBTR,train,120,12,10.0,120.0,"10,20,30,40,50,60,70,80,90,100,110,120"
SGBTR_15,SGBTR,train,120,12,10.0,120.0,"10,20,30,40,50,60,70,80,90,100,110,120"
SGBTR_16,SGBTR,train,120,12,10.0,120.0,"10,20,30,40,50,60,70,80,90,100,110,120"
SGBTR_17,SGBTR,train,120,12,10.0,120.0,"10,20,30,40,50,60,70,80,90,100,110,120"
SGBTR_18,SGBTR,train,120,12,10.0,120.0,"10,20,30,40,50,60,70,80,90,100,110,120"
SGBTR_19,SGBTR,train,120,12,10.0,120.0,"10,20,30,40,50,60,70,80,90,100,110,120"
SGBTR_2,SGBTR,validation,120,12,10.0,120.0,"10,20,30,40,50,60,70,80,90,100,110,120"
SGBTR_20,SGBTR,train,120,12,10.0,120.0,"10,20,30,40,50,60,70,80,90,100,110,120"
SGBTR_21,SGBTR,test,120,12,10.0,120.0,"10,20,30,40,50,60,70,80,90,100,110,120"
SGBTR_22,SGBTR,validation,120,12,10.0,120.0,"10,20,30,40,50,60,70,80,90,100,110,120"
SGBTR_23,SGBTR,train,120,12,10.0,120.0,"10,20,30,40,50,60,70,80,90,100,110,120"
SGBTR_24,SGBTR,train,120,12,10.0,120.0,"10,20,30,40,50,60,70,80,90,100,110,120"
SGBTR_25,SGBTR,train,120,12,10.0,120.0,"10,20,30,40,50,60,70,80,90,100,110,120"
SGBTR_26,SGBTR,train,120,12,10.0,120.0,"10,20,30,40,50,60,70,80,90,100,110,120"
SGBTR_27,SGBTR,train,120,12,10.0,120.0,"10,20,30,40,50,60,70,80,90,100,110,120"
SGBTR_28,SGBTR,train,120,12,10.0,120.0,"10,20,30,40,50,60,70,80,90,100,110,120"
SGBTR_29,SGBTR,train,120,12,10.0,120.0,"10,20,30,40,50,60,70,80,90,100,110,120"
SGBTR_3,SGBTR,train,120,12,10.0,120.0,"10,20,30,40,50,60,70,80,90,100,110,120"
SGBTR_30,SGBTR,train,120,12,10.0,120.0,"10,20,30,40,50,60,70,80,90,100,110,120"
SGBTR_31,SGBTR,test,120,12,10.0,120.0,"10,20,30,40,50,60,70,80,90,100,110,120"
SGBTR_32,SGBTR,validation,120,12,10.0,120.0,"10,20,30,40,50,60,70,80,90,100,110,120"
SGBTR_33,SGBTR,train,120,12,10.0,120.0,"10,20,30,40,50,60,70,80,90,100,110,120"
SGBTR_34,SGBTR,train,120,12,10.0,120.0,"10,20,30,40,50,60,70,80,90,100,110,120"
SGBTR_35,SGBTR,train,120,12,10.0,120.0,"10,20,30,40,50,60,70,80,90,100,110,120"
SGBTR_36,SGBTR,train,120,12,10.0,120.0,"10,20,30,40,50,60,70,80,90,100,110,120"
SGBTR_37,SGBTR,train,120,12,10.0,120.0,"10,20,30,40,50,60,70,80,90,100,110,120"
SGBTR_38,SGBTR,train,120,12,10.0,120.0,"10,20,30,40,50,60,70,80,90,100,110,120"
SGBTR_39,SGBTR,train,120,12,10.0,120.0,"10,20,30,40,50,60,70,80,90,100,110,120"
SGBTR_4,SGBTR,train,120,12,10.0,120.0,"10,20,30,40,50,60,70,80,90,100,110,120"
SGBTR_40,SGBTR,train,120,12,10.0,120.0,"10,20,30,40,50,60,70,80,90,100,110,120"
SGBTR_41,SGBTR,test,120,12,10.0,120.0,"10,20,30,40,50,60,70,80,90,100,110,120"
SGBTR_42,SGBTR,validation,120,12,10.0,120.0,"10,20,30,40,50,60,70,80,90,100,110,120"
SGBTR_43,SGBTR,train,120,12,10.0,120.0,"10,20,30,40,50,60,70,80,90,100,110,120"
SGBTR_44,SGBTR,train,120,12,10.0,120.0,"10,20,30,40,50,60,70,80,90,100,110,120"
SGBTR_45,SGBTR,train,120,12,10.0,120.0,"10,20,30,40,50,60,70,80,90,100,110,120"
SGBTR_46,SGBTR,train,120,12,10.0,120.0,"10,20,30,40,50,60,70,80,90,100,110,120"
SGBTR_47,SGBTR,train,120,12,10.0,120.0,"10,20,30,40,50,60,70,80,90,100,110,120"
SGBTR_48,SGBTR,train,120,12,10.0,120.0,"10,20,30,40,50,60,70,80,90,100,110,120"
SGBTR_49,SGBTR,train,120,12,10.0,120.0,"10,20,30,40,50,60,70,80,90,100,110,120"
SGBTR_5,SGBTR,train,120,12,10.0,120.0,"10,20,30,40,50,60,70,80,90,100,110,120"
SGBTR_50,SGBTR,train,120,12,10.0,120.0,"10,20,30,40,50,60,70,80,90,100,110,120"
SGBTR_51,SGBTR,test,120,12,10.0,120.0,"10,20,30,40,50,60,70,80,90,100,110,120"
SGBTR_52,SGBTR,validation,120,12,10.0,120.0,"10,20,30,40,50,60,70,80,90,100,110,120"
SGBTR_53,SGBTR,train,120,12,10.0,120.0,"10,20,30,40,50,60,70,80,90,100,110,120"
SGBTR_54,SGBTR,train,120,12,10.0,120.0,"10,20,30,40,50,60,70,80,90,100,110,120"
SGBTR_55,SGBTR,train,120,12,10.0,120.0,"10,20,30,40,50,60,70,80,90,100,110,120"
SGBTR_56,SGBTR,train,120,12,10.0,120.0,"10,20,30,40,50,60,70,80,90,100,110,120"
SGBTR_57,SGBTR,train,120,12,10.0,120.0,"10,20,30,40,50,60,70,80,90,100,110,120"
SGBTR_58,SGBTR,train,120,12,10.0,120.0,"10,20,30,40,50,60,70,80,90,100,110,120"
SGBTR_59,SGBTR,train,120,12,10.0,120.0,"10,20,30,40,50,60,70,80,90,100,110,120"
SGBTR_6,SGBTR,train,120,12,10.0,120.0,"10,20,30,40,50,60,70,80,90,100,110,120"
SGBTR_60,SGBTR,train,120,12,10.0,120.0,"10,20,30,40,50,60,70,80,90,100,110,120"
SGBTR_61,SGBTR,test,120,12,10.0,120.0,"10,20,30,40,50,60,70,80,90,100,110,120"
SGBTR_62,SGBTR,validation,120,12,10.0,120.0,"10,20,30,40,50,60,70,80,90,100,110,120"
SGBTR_63,SGBTR,train,120,12,10.0,120.0,"10,20,30,40,50,60,70,80,90,100,110,120"
SGBTR_64,SGBTR,train,120,12,10.0,120.0,"10,20,30,40,50,60,70,80,90,100,110,120"
SGBTR_65,SGBTR,train,120,12,10.0,120.0,"10,20,30,40,50,60,70,80,90,100,110,120"
SGBTR_66,SGBTR,train,120,12,10.0,120.0,"10,20,30,40,50,60,70,80,90,100,110,120"
SGBTR_67,SGBTR,train,120,12,10.0,120.0,"10,20,30,40,50,60,70,80,90,100,110,120"
SGBTR_68,SGBTR,train,120,12,10.0,120.0,"10,20,30,40,50,60,70,80,90,100,110,120"
SGBTR_69,SGBTR,train,120,12,10.0,120.0,"10,20,30,40,50,60,70,80,90,100,110,120"
SGBTR_7,SGBTR,train,120,12,10.0,120.0,"10,20,30,40,50,60,70,80,90,100,110,120"
SGBTR_70,SGBTR,train,120,12,10.0,120.0,"10,20,30,40,50,60,70,80,90,100,110,120"
SGBTR_71,SGBTR,test,120,12,10.0,120.0,"10,20,30,40,50,60,70,80,90,100,110,120"
SGBTR_72,SGBTR,validation,120,12,10.0,120.0,"10,20,30,40,50,60,70,80,90,100,110,120"
SGBTR_73,SGBTR,train,120,12,10.0,120.0,"10,20,30,40,50,60,70,80,90,100,110,120"
SGBTR_74,SGBTR,train,120,12,10.0,120.0,"10,20,30,40,50,60,70,80,90,100,110,120"
SGBTR_75,SGBTR,train,120,12,10.0,120.0,"10,20,30,40,50,60,70,80,90,100,110,120"
SGBTR_76,SGBTR,train,120,12,10.0,120.0,"10,20,30,40,50,60,70,80,90,100,110,120"
SGBTR_77,SGBTR,train,120,12,10.0,120.0,"10,20,30,40,50,60,70,80,90,100,110,120"
SGBTR_78,SGBTR,train,120,12,10.0,120.0,"10,20,30,40,50,60,70,80,90,100,110,120"
SGBTR_79,SGBTR,train,120,12,10.0,120.0,"10,20,30,40,50,60,70,80,90,100,110,120"
SGBTR_8,SGBTR,train,120,12,10.0,120.0,"10,20,30,40,50,60,70,80,90,100,110,120"
SGBTR_80,SGBTR,train,120,12,10.0,120.0,"10,20,30,40,50,60,70,80,90,100,110,120"
SGBTR_81,SGBTR,test,120,12,10.0,120.0,"10,20,30,40,50,60,70,80,90,100,110,120"
SGBTR_82,SGBTR,validation,120,12,10.0,120.0,"10,20,30,40,50,60,70,80,90,100,110,120"
SGBTR_83,SGBTR,train,120,12,10.0,120.0,"10,20,30,40,50,60,70,80,90,100,110,120"
SGBTR_84,SGBTR,train,120,12,10.0,120.0,"10,20,30,40,50,60,70,80,90,100,110,120"
SGBTR_85,SGBTR,train,120,12,10.0,120.0,"10,20,30,40,50,60,70,80,90,100,110,120"
SGBTR_86,SGBTR,train,120,12,10.0,120.0,"10,20,30,40,50,60,70,80,90,100,110,120"
SGBTR_87,SGBTR,train,120,12,10.0,120.0,"10,20,30,40,50,60,70,80,90,100,110,120"
SGBTR_88,SGBTR,train,120,12,10.0,120.0,"10,20,30,40,50,60,70,80,90,100,110,120"
SGBTR_89,SGBTR,train,120,12,10.0,120.0,"10,20,30,40,50,60,70,80,90,100,110,120"
SGBTR_9,SGBTR,train,120,12,10.0,120.0,"10,20,30,40,50,60,70,80,90,100,110,120"
SGBTR_90,SGBTR,train,120,12,10.0,120.0,"10,20,30,40,50,60,70,80,90,100,110,120"
SGBTR_91,SGBTR,test,120,12,10.0,120.0,"10,20,30,40,50,60,70,80,90,100,110,120"
SGBTR_92,SGBTR,validation,120,12,10.0,120.0,"10,20,30,40,50,60,70,80,90,100,110,120"
SGBTR_93,SGBTR,train,120,12,10.0,120.0,"10,20,30,40,50,60,70,80,90,100,110,120"
SGBTR_94,SGBTR,train,120,12,10.0,120.0,"10,20,30,40,50,60,70,80,90,100,110,120"
SGBTR_95,SGBTR,train,120,12,10.0,120.0,"10,20,30,40,50,60,70,80,90,100,110,120"
SGBTR_96,SGBTR,train,120,12,10.0,120.0,"10,20,30,40,50,60,70,80,90,100,110,120"
SGBTR_97,SGBTR,train,120,12,10.0,120.0,"10,20,30,40,50,60,70,80,90,100,110,120"
SGBTR_98,SGBTR,train,120,12,10.0,120.0,"10,20,30,40,50,60,70,80,90,100,110,120"
SGBTR_99,SGBTR,train,120,12,10.0,120.0,"10,20,30,40,50,60,70,80,90,100,110,120"
SLBIC_1,SLBIC,test,120,12,10.0,120.0,"10,20,30,40,50,60,70,80,90,100,110,120"
SLBIC_10,SLBIC,train,120,12,10.0,120.0,"10,20,30,40,50,60,70,80,90,100,110,120"
SLBIC_100,SLBIC,train,120,12,10.0,120.0,"10,20,30,40,50,60,70,80,90,100,110,120"
SLBIC_101,SLBIC,test,120,12,10.0,120.0,"10,20,30,40,50,60,70,80,90,100,110,120"
SLBIC_11,SLBIC,test,120,12,10.0,120.0,"10,20,30,40,50,60,70,80,90,100,110,120"
SLBIC_12,SLBIC,validation,120,12,10.0,120.0,"10,20,30,40,50,60,70,80,90,100,110,120"
SLBIC_13,SLBIC,train,120,12,10.0,120.0,"10,20,30,40,50,60,70,80,90,100,110,120"
SLBIC_14,SLBIC,train,120,12,10.0,120.0,"10,20,30,40,50,60,70,80,90,100,110,120"
SLBIC_15,SLBIC,train,120,12,10.0,120.0,"10,20,30,40,50,60,70,80,90,100,110,120"
SLBIC_16,SLBIC,train,120,12,10.0,120.0,"10,20,30,40,50,60,70,80,90,100,110,120"
SLBIC_17,SLBIC,train,120,12,10.0,120.0,"10,20,30,40,50,60,70,80,90,100,110,120"
SLBIC_18,SLBIC,train,120,12,10.0,120.0,"10,20,30,40,50,60,70,80,90,100,110,120"
SLBIC_19,SLBIC,train,120,12,10.0,120.0,"10,20,30,40,50,60,70,80,90,100,110,120"
SLBIC_2,SLBIC,validation,120,12,10.0,120.0,"10,20,30,40,50,60,70,80,90,100,110,120"
SLBIC_20,SLBIC,train,120,12,10.0,120.0,"10,20,30,40,50,60,70,80,90,100,110,120"
SLBIC_21,SLBIC,test,120,12,10.0,120.0,"10,20,30,40,50,60,70,80,90,100,110,120"
SLBIC_22,SLBIC,validation,120,12,10.0,120.0,"10,20,30,40,50,60,70,80,90,100,110,120"
SLBIC_23,SLBIC,train,120,12,10.0,120.0,"10,20,30,40,50,60,70,80,90,100,110,120"
SLBIC_24,SLBIC,train,120,12,10.0,120.0,"10,20,30,40,50,60,70,80,90,100,110,120"
SLBIC_25,SLBIC,train,120,12,10.0,120.0,"10,20,30,40,50,60,70,80,90,100,110,120"
SLBIC_26,SLBIC,train,120,12,10.0,120.0,"10,20,30,40,50,60,70,80,90,100,110,120"
SLBIC_27,SLBIC,train,120,12,10.0,120.0,"10,20,30,40,50,60,70,80,90,100,110,120"
SLBIC_28,SLBIC,train,120,12,10.0,120.0,"10,20,30,40,50,60,70,80,90,100,110,120"
SLBIC_29,SLBIC,train,120,12,10.0,120.0,"10,20,30,40,50,60,70,80,90,100,110,120"
SLBIC_3,SLBIC,train,120,12,10.0,120.0,"10,20,30,40,50,60,70,80,90,100,110,120"
SLBIC_30,SLBIC,train,120,12,10.0,120.0,"10,20,30,40,50,60,70,80,90,100,110,120"
SLBIC_31,SLBIC,test,120,12,10.0,120.0,"10,20,30,40,50,60,70,80,90,100,110,120"
SLBIC_32,SLBIC,validation,120,12,10.0,120.0,"10,20,30,40,50,60,70,80,90,100,110,120"
SLBIC_33,SLBIC,train,120,12,10.0,120.0,"10,20,30,40,50,60,70,80,90,100,110,120"
SLBIC_34,SLBIC,train,120,12,10.0,120.0,"10,20,30,40,50,60,70,80,90,100,110,120"
SLBIC_35,SLBIC,train,120,12,10.0,120.0,"10,20,30,40,50,60,70,80,90,100,110,120"
SLBIC_36,SLBIC,train,120,12,10.0,120.0,"10,20,30,40,50,60,70,80,90,100,110,120"
SLBIC_37,SLBIC,train,120,12,10.0,120.0,"10,20,30,40,50,60,70,80,90,100,110,120"
SLBIC_38,SLBIC,train,120,12,10.0,120.0,"10,20,30,40,50,60,70,80,90,100,110,120"
SLBIC_39,SLBIC,train,120,12,10.0,120.0,"10,20,30,40,50,60,70,80,90,100,110,120"
SLBIC_4,SLBIC,train,120,12,10.0,120.0,"10,20,30,40,50,60,70,80,90,100,110,120"
SLBIC_40,SLBIC,train,120,12,10.0,120.0,"10,20,30,40,50,60,70,80,90,100,110,120"
SLBIC_41,SLBIC,test,120,12,10.0,120.0,"10,20,30,40,50,60,70,80,90,100,110,120"
SLBIC_42,SLBIC,validation,120,12,10.0,120.0,"10,20,30,40,50,60,70,80,90,100,110,120"
SLBIC_43,SLBIC,train,120,12,10.0,120.0,"10,20,30,40,50,60,70,80,90,100,110,120"
SLBIC_44,SLBIC,train,120,12,10.0,120.0,"10,20,30,40,50,60,70,80,90,100,110,120"
SLBIC_45,SLBIC,train,120,12,10.0,120.0,"10,20,30,40,50,60,70,80,90,100,110,120"
SLBIC_46,SLBIC,train,120,12,10.0,120.0,"10,20,30,40,50,60,70,80,90,100,110,120"
SLBIC_47,SLBIC,train,120,12,10.0,120.0,"10,20,30,40,50,60,70,80,90,100,110,120"
SLBIC_48,SLBIC,train,120,12,10.0,120.0,"10,20,30,40,50,60,70,80,90,100,110,120"
SLBIC_49,SLBIC,train,120,12,10.0,120.0,"10,20,30,40,50,60,70,80,90,100,110,120"
SLBIC_5,SLBIC,train,120,12,10.0,120.0,"10,20,30,40,50,60,70,80,90,100,110,120"
SLBIC_50,SLBIC,train,120,12,10.0,120.0,"10,20,30,40,50,60,70,80,90,100,110,120"
SLBIC_51,SLBIC,test,120,12,10.0,120.0,"10,20,30,40,50,60,70,80,90,100,110,120"
SLBIC_52,SLBIC,validation,120,12,10.0,120.0,"10,20,30,40,50,60,70,80,90,100,110,120"
SLBIC_53,SLBIC,train,120,12,10.0,120.0,"10,20,30,40,50,60,70,80,90,100,110,120"
SLBIC_54,SLBIC,train,120,12,10.0,120.0,"10,20,30,40,50,60,70,80,90,100,110,120"
SLBIC_55,SLBIC,train,120,12,10.0,120.0,"10,20,30,40,50,60,70,80,90,100,110,120"
SLBIC_56,SLBIC,train,120,12,10.0,120.0,"10,20,30,40,50,60,70,80,90,100,110,120"
SLBIC_57,SLBIC,train,120,12,10.0,120.0,"10,20,30,40,50,60,70,80,90,100,110,120"
SLBIC_58,SLBIC,train,120,12,10.0,120.0,"10,20,30,40,50,60,70,80,90,100,110,120"
SLBIC_59,SLBIC,train,120,12,10.0,120.0,"10,20,30,40,50,60,70,80,90,100,110,120"
SLBIC_6,SLBIC,train,120,12,10.0,120.0,"10,20,30,40,50,60,70,80,90,100,110,120"
SLBIC_60,SLBIC,train,120,12,10.0,120.0,"10,20,30,40,50,60,70,80,90,100,110,120"
SLBIC_61,SLBIC,test,120,12,10.0,120.0,"10,20,30,40,50,60,70,80,90,100,110,120"
SLBIC_62,SLBIC,validation,120,12,10.0,120.0,"10,20,30,40,50,60,70,80,90,100,110,120"
SLBIC_63,SLBIC,train,120,12,10.0,120.0,"10,20,30,40,50,60,70,80,90,100,110,120"
SLBIC_64,SLBIC,train,120,12,10.0,120.0,"10,20,30,40,50,60,70,80,90,100,110,120"
SLBIC_65,SLBIC,train,120,12,10.0,120.0,"10,20,30,40,50,60,70,80,90,100,110,120"
SLBIC_66,SLBIC,train,120,12,10.0,120.0,"10,20,30,40,50,60,70,80,90,100,110,120"
SLBIC_67,SLBIC,train,120,12,10.0,120.0,"10,20,30,40,50,60,70,80,90,100,110,120"
SLBIC_68,SLBIC,train,120,12,10.0,120.0,"10,20,30,40,50,60,70,80,90,100,110,120"
SLBIC_69,SLBIC,train,120,12,10.0,120.0,"10,20,30,40,50,60,70,80,90,100,110,120"
SLBIC_7,SLBIC,train,120,12,10.0,120.0,"10,20,30,40,50,60,70,80,90,100,110,120"
SLBIC_70,SLBIC,train,120,12,10.0,120.0,"10,20,30,40,50,60,70,80,90,100,110,120"
SLBIC_71,SLBIC,test,120,12,10.0,120.0,"10,20,30,40,50,60,70,80,90,100,110,120"
SLBIC_72,SLBIC,validation,120,12,10.0,120.0,"10,20,30,40,50,60,70,80,90,100,110,120"
SLBIC_73,SLBIC,train,120,12,10.0,120.0,"10,20,30,40,50,60,70,80,90,100,110,120"
SLBIC_74,SLBIC,train,120,12,10.0,120.0,"10,20,30,40,50,60,70,80,90,100,110,120"
SLBIC_75,SLBIC,train,120,12,10.0,120.0,"10,20,30,40,50,60,70,80,90,100,110,120"
SLBIC_76,SLBIC,train,120,12,10.0,120.0,"10,20,30,40,50,60,70,80,90,100,110,120"
SLBIC_77,SLBIC,train,120,12,10.0,120.0,"10,20,30,40,50,60,70,80,90,100,110,120"
SLBIC_78,SLBIC,train,120,12,10.0,120.0,"10,20,30,40,50,60,70,80,90,100,110,120"
SLBIC_79,SLBIC,train,120,12,10.0,120.0,"10,20,30,40,50,60,70,80,90,100,110,120"
SLBIC_8,SLBIC,train,120,12,10.0,120.0,"10,20,30,40,50,60,70,80,90,100,110,120"
SLBIC_80,SLBIC,train,120,12,10.0,120.0,"10,20,30,40,50,60,70,80,90,100,110,120"
SLBIC_81,SLBIC,test,120,12,10.0,120.0,"10,20,30,40,50,60,70,80,90,100,110,120"
SLBIC_82,SLBIC,validation,120,12,10.0,120.0,"10,20,30,40,50,60,70,80,90,100,110,120"
SLBIC_83,SLBIC,train,120,12,10.0,120.0,"10,20,30,40,50,60,70,80,90,100,110,120"
SLBIC_84,SLBIC,train,120,12,10.0,120.0,"10,20,30,40,50,60,70,80,90,100,110,120"
SLBIC_85,SLBIC,train,120,12,10.0,120.0,"10,20,30,40,50,60,70,80,90,100,110,120"
SLBIC_86,SLBIC,train,120,12,10.0,120.0,"10,20,30,40,50,60,70,80,90,100,110,120"
SLBIC_87,SLBIC,train,120,12,10.0,120.0,"10,20,30,40,50,60,70,80,90,100,110,120"
SLBIC_88,SLBIC,train,120,12,10.0,120.0,"10,20,30,40,50,60,70,80,90,100,110,120"
SLBIC_89,SLBIC,train,120,12,10.0,120.0,"10,20,30,40,50,60,70,80,90,100,110,120"
SLBIC_9,SLBIC,train,120,12,10.0,120.0,"10,20,30,40,50,60,70,80,90,100,110,120"
SLBIC_90,SLBIC,train,120,12,10.0,120.0,"10,20,30,40,50,60,70,80,90,100,110,120"
SLBIC_91,SLBIC,test,120,12,10.0,120.0,"10,20,30,40,50,60,70,80,90,100,110,120"
SLBIC_92,SLBIC,validation,120,12,10.0,120.0,"10,20,30,40,50,60,70,80,90,100,110,120"
SLBIC_93,SLBIC,train,120,12,10.0,120.0,"10,20,30,40,50,60,70,80,90,100,110,120"
SLBIC_94,SLBIC,train,120,12,10.0,120.0,"10,20,30,40,50,60,70,80,90,100,110,120"
SLBIC_95,SLBIC,train,120,12,10.0,120.0,"10,20,30,40,50,60,70,80,90,100,110,120"
SLBIC_96,SLBIC,train,120,12,10.0,120.0,"10,20,30,40,50,60,70,80,90,100,110,120"
SLBIC_97,SLBIC,train,120,12,10.0,120.0,"10,20,30,40,50,60,70,80,90,100,110,120"
SLBIC_98,SLBIC,train,120,12,10.0,120.0,"10,20,30,40,50,60,70,80,90,100,110,120"
SLBIC_99,SLBIC,train,120,12,10.0,120.0,"10,20,30,40,50,60,70,80,90,100,110,120"
SLBOC_1,SLBOC,test,120,12,10.0,120.0,"10,20,30,40,50,60,70,80,90,100,110,120"
SLBOC_10,SLBOC,train,120,12,10.0,120.0,"10,20,30,40,50,60,70,80,90,100,110,120"
SLBOC_100,SLBOC,train,120,12,10.0,120.0,"10,20,30,40,50,60,70,80,90,100,110,120"
SLBOC_11,SLBOC,test,120,12,10.0,120.0,"10,20,30,40,50,60,70,80,90,100,110,120"
SLBOC_12,SLBOC,validation,120,12,10.0,120.0,"10,20,30,40,50,60,70,80,90,100,110,120"
SLBOC_13,SLBOC,train,120,12,10.0,120.0,"10,20,30,40,50,60,70,80,90,100,110,120"
SLBOC_14,SLBOC,train,120,12,10.0,120.0,"10,20,30,40,50,60,70,80,90,100,110,120"
SLBOC_15,SLBOC,train,120,12,10.0,120.0,"10,20,30,40,50,60,70,80,90,100,110,120"
SLBOC_16,SLBOC,train,120,12,10.0,120.0,"10,20,30,40,50,60,70,80,90,100,110,120"
SLBOC_17,SLBOC,train,120,12,10.0,120.0,"10,20,30,40,50,60,70,80,90,100,110,120"
SLBOC_18,SLBOC,train,120,12,10.0,120.0,"10,20,30,40,50,60,70,80,90,100,110,120"
SLBOC_19,SLBOC,train,120,12,10.0,120.0,"10,20,30,40,50,60,70,80,90,100,110,120"
SLBOC_2,SLBOC,validation,120,12,10.0,120.0,"10,20,30,40,50,60,70,80,90,100,110,120"
SLBOC_20,SLBOC,train,120,12,10.0,120.0,"10,20,30,40,50,60,70,80,90,100,110,120"
SLBOC_21,SLBOC,test,120,12,10.0,120.0,"10,20,30,40,50,60,70,80,90,100,110,120"
SLBOC_22,SLBOC,validation,120,12,10.0,120.0,"10,20,30,40,50,60,70,80,90,100,110,120"
SLBOC_23,SLBOC,train,120,12,10.0,120.0,"10,20,30,40,50,60,70,80,90,100,110,120"
SLBOC_24,SLBOC,train,120,12,10.0,120.0,"10,20,30,40,50,60,70,80,90,100,110,120"
SLBOC_25,SLBOC,train,120,12,10.0,120.0,"10,20,30,40,50,60,70,80,90,100,110,120"
SLBOC_26,SLBOC,train,120,12,10.0,120.0,"10,20,30,40,50,60,70,80,90,100,110,120"
SLBOC_27,SLBOC,train,120,12,10.0,120.0,"10,20,30,40,50,60,70,80,90,100,110,120"
SLBOC_28,SLBOC,train,120,12,10.0,120.0,"10,20,30,40,50,60,70,80,90,100,110,120"
SLBOC_29,SLBOC,train,120,12,10.0,120.0,"10,20,30,40,50,60,70,80,90,100,110,120"
SLBOC_3,SLBOC,train,120,12,10.0,120.0,"10,20,30,40,50,60,70,80,90,100,110,120"
SLBOC_30,SLBOC,train,120,12,10.0,120.0,"10,20,30,40,50,60,70,80,90,100,110,120"
SLBOC_31,SLBOC,test,120,12,10.0,120.0,"10,20,30,40,50,60,70,80,90,100,110,120"
SLBOC_32,SLBOC,validation,120,12,10.0,120.0,"10,20,30,40,50,60,70,80,90,100,110,120"
SLBOC_33,SLBOC,train,120,12,10.0,120.0,"10,20,30,40,50,60,70,80,90,100,110,120"
SLBOC_34,SLBOC,train,120,12,10.0,120.0,"10,20,30,40,50,60,70,80,90,100,110,120"
SLBOC_35,SLBOC,train,120,12,10.0,120.0,"10,20,30,40,50,60,70,80,90,100,110,120"
SLBOC_36,SLBOC,train,120,12,10.0,120.0,"10,20,30,40,50,60,70,80,90,100,110,120"
SLBOC_37,SLBOC,train,120,12,10.0,120.0,"10,20,30,40,50,60,70,80,90,100,110,120"
SLBOC_38,SLBOC,train,120,12,10.0,120.0,"10,20,30,40,50,60,70,80,90,100,110,120"
SLBOC_39,SLBOC,train,120,12,10.0,120.0,"10,20,30,40,50,60,70,80,90,100,110,120"
SLBOC_4,SLBOC,train,120,12,10.0,120.0,"10,20,30,40,50,60,70,80,90,100,110,120"
SLBOC_40,SLBOC,train,120,12,10.0,120.0,"10,20,30,40,50,60,70,80,90,100,110,120"
SLBOC_41,SLBOC,test,120,12,10.0,120.0,"10,20,30,40,50,60,70,80,90,100,110,120"
SLBOC_42,SLBOC,validation,120,12,10.0,120.0,"10,20,30,40,50,60,70,80,90,100,110,120"
SLBOC_43,SLBOC,train,120,12,10.0,120.0,"10,20,30,40,50,60,70,80,90,100,110,120"
SLBOC_44,SLBOC,train,120,12,10.0,120.0,"10,20,30,40,50,60,70,80,90,100,110,120"
SLBOC_45,SLBOC,train,120,12,10.0,120.0,"10,20,30,40,50,60,70,80,90,100,110,120"
SLBOC_46,SLBOC,train,120,12,10.0,120.0,"10,20,30,40,50,60,70,80,90,100,110,120"
SLBOC_47,SLBOC,train,120,12,10.0,120.0,"10,20,30,40,50,60,70,80,90,100,110,120"
SLBOC_48,SLBOC,train,120,12,10.0,120.0,"10,20,30,40,50,60,70,80,90,100,110,120"
SLBOC_49,SLBOC,train,120,12,10.0,120.0,"10,20,30,40,50,60,70,80,90,100,110,120"
SLBOC_5,SLBOC,train,120,12,10.0,120.0,"10,20,30,40,50,60,70,80,90,100,110,120"
SLBOC_50,SLBOC,train,120,12,10.0,120.0,"10,20,30,40,50,60,70,80,90,100,110,120"
SLBOC_51,SLBOC,test,120,12,10.0,120.0,"10,20,30,40,50,60,70,80,90,100,110,120"
SLBOC_52,SLBOC,validation,120,12,10.0,120.0,"10,20,30,40,50,60,70,80,90,100,110,120"
SLBOC_53,SLBOC,train,120,12,10.0,120.0,"10,20,30,40,50,60,70,80,90,100,110,120"
SLBOC_54,SLBOC,train,120,12,10.0,120.0,"10,20,30,40,50,60,70,80,90,100,110,120"
SLBOC_55,SLBOC,train,120,12,10.0,120.0,"10,20,30,40,50,60,70,80,90,100,110,120"
SLBOC_56,SLBOC,train,120,12,10.0,120.0,"10,20,30,40,50,60,70,80,90,100,110,120"
SLBOC_57,SLBOC,train,120,12,10.0,120.0,"10,20,30,40,50,60,70,80,90,100,110,120"
SLBOC_58,SLBOC,train,120,12,10.0,120.0,"10,20,30,40,50,60,70,80,90,100,110,120"
SLBOC_59,SLBOC,train,120,12,10.0,120.0,"10,20,30,40,50,60,70,80,90,100,110,120"
SLBOC_6,SLBOC,train,120,12,10.0,120.0,"10,20,30,40,50,60,70,80,90,100,110,120"
SLBOC_60,SLBOC,train,120,12,10.0,120.0,"10,20,30,40,50,60,70,80,90,100,110,120"
SLBOC_61,SLBOC,test,120,12,10.0,120.0,"10,20,30,40,50,60,70,80,90,100,110,120"
SLBOC_62,SLBOC,validation,120,12,10.0,120.0,"10,20,30,40,50,60,70,80,90,100,110,120"
SLBOC_63,SLBOC,train,120,12,10.0,120.0,"10,20,30,40,50,60,70,80,90,100,110,120"
SLBOC_64,SLBOC,train,120,12,10.0,120.0,"10,20,30,40,50,60,70,80,90,100,110,120"
SLBOC_65,SLBOC,train,120,12,10.0,120.0,"10,20,30,40,50,60,70,80,90,100,110,120"
SLBOC_66,SLBOC,train,120,12,10.0,120.0,"10,20,30,40,50,60,70,80,90,100,110,120"
SLBOC_67,SLBOC,train,120,12,10.0,120.0,"10,20,30,40,50,60,70,80,90,100,110,120"
SLBOC_68,SLBOC,train,120,12,10.0,120.0,"10,20,30,40,50,60,70,80,90,100,110,120"
SLBOC_69,SLBOC,train,120,12,10.0,120.0,"10,20,30,40,50,60,70,80,90,100,110,120"
SLBOC_7,SLBOC,train,120,12,10.0,120.0,"10,20,30,40,50,60,70,80,90,100,110,120"
SLBOC_70,SLBOC,train,120,12,10.0,120.0,"10,20,30,40,50,60,70,80,90,100,110,120"
SLBOC_71,SLBOC,test,120,12,10.0,120.0,"10,20,30,40,50,60,70,80,90,100,110,120"
SLBOC_72,SLBOC,validation,120,12,10.0,120.0,"10,20,30,40,50,60,70,80,90,100,110,120"
SLBOC_73,SLBOC,train,120,12,10.0,120.0,"10,20,30,40,50,60,70,80,90,100,110,120"
SLBOC_74,SLBOC,train,120,12,10.0,120.0,"10,20,30,40,50,60,70,80,90,100,110,120"
SLBOC_75,SLBOC,train,120,12,10.0,120.0,"10,20,30,40,50,60,70,80,90,100,110,120"
SLBOC_76,SLBOC,train,120,12,10.0,120.0,"10,20,30,40,50,60,70,80,90,100,110,120"
SLBOC_77,SLBOC,train,120,12,10.0,120.0,"10,20,30,40,50,60,70,80,90,100,110,120"
SLBOC_78,SLBOC,train,120,12,10.0,120.0,"10,20,30,40,50,60,70,80,90,100,110,120"
SLBOC_79,SLBOC,train,120,12,10.0,120.0,"10,20,30,40,50,60,70,80,90,100,110,120"
SLBOC_8,SLBOC,train,120,12,10.0,120.0,"10,20,30,40,50,60,70,80,90,100,110,120"
SLBOC_80,SLBOC,train,120,12,10.0,120.0,"10,20,30,40,50,60,70,80,90,100,110,120"
SLBOC_81,SLBOC,test,120,12,10.0,120.0,"10,20,30,40,50,60,70,80,90,100,110,120"
SLBOC_82,SLBOC,validation,120,12,10.0,120.0,"10,20,30,40,50,60,70,80,90,100,110,120"
SLBOC_83,SLBOC,train,120,12,10.0,120.0,"10,20,30,40,50,60,70,80,90,100,110,120"
SLBOC_84,SLBOC,train,120,12,10.0,120.0,"10,20,30,40,50,60,70,80,90,100,110,120"
SLBOC_85,SLBOC,train,120,12,10.0,120.0,"10,20,30,40,50,60,70,80,90,100,110,120"
SLBOC_86,SLBOC,train,120,12,10.0,120.0,"10,20,30,40,50,60,70,80,90,100,110,120"
SLBOC_87,SLBOC,train,120,12,10.0,120.0,"10,20,30,40,50,60,70,80,90,100,110,120"
SLBOC_88,SLBOC,train,120,12,10.0,120.0,"10,20,30,40,50,60,70,80,90,100,110,120"
SLBOC_89,SLBOC,train,120,12,10.0,120.0,"10,20,30,40,50,60,70,80,90,100,110,120"
SLBOC_9,SLBOC,train,120,12,10.0,120.0,"10,20,30,40,50,60,70,80,90,100,110,120"
SLBOC_90,SLBOC,train,120,12,10.0,120.0,"10,20,30,40,50,60,70,80,90,100,110,120"
SLBOC_91,SLBOC,test,120,12,10.0,120.0,"10,20,30,40,50,60,70,80,90,100,110,120"
SLBOC_92,SLBOC,validation,120,12,10.0,120.0,"10,20,30,40,50,60,70,80,90,100,110,120"
SLBOC_93,SLBOC,train,120,12,10.0,120.0,"10,20,30,40,50,60,70,80,90,100,110,120"
SLBOC_94,SLBOC,train,120,12,10.0,120.0,"10,20,30,40,50,60,70,80,90,100,110,120"
SLBOC_95,SLBOC,train,120,12,10.0,120.0,"10,20,30,40,50,60,70,80,90,100,110,120"
SLBOC_96,SLBOC,train,120,12,10.0,120.0,"10,20,30,40,50,60,70,80,90,100,110,120"
SLBOC_97,SLBOC,train,120,12,10.0,120.0,"10,20,30,40,50,60,70,80,90,100,110,120"
SLBOC_98,SLBOC,train,120,12,10.0,120.0,"10,20,30,40,50,60,70,80,90,100,110,120"
SLBOC_99,SLBOC,train,120,12,10.0,120.0,"10,20,30,40,50,60,70,80,90,100,110,120"
