sample_id,accident_class,split,window_s,first_protection_s,protection_time_known,strict_pre_protection,sample_count,first_sample_s,last_sample_s,sample_points_s
FLB_1,FLB,test,10,,False,False,1,10.0,10.0,10
FLB_10,FLB,train,10,687.0,True,True,1,10.0,10.0,10
FLB_100,FLB,train,10,164.0,True,True,1,10.0,10.0,10
FLB_11,FLB,test,10,633.5,True,True,1,10.0,10.0,10
FLB_12,FLB,validation,10,589.5,True,True,1,10.0,10.0,10
FLB_13,FLB,train,10,552.5,True,True,1,10.0,10.0,10
FLB_14,FLB,train,10,520.0,True,True,1,10.0,10.0,10
FLB_15,FLB,train,10,493.0,True,True,1,10.0,10.0,10
FLB_16,FLB,train,10,468.5,True,True,1,10.0,10.0,10
FLB_17,FLB,train,10,447.0,True,True,1,10.0,10.0,10
FLB_18,FLB,train,10,428.5,True,True,1,10.0,10.0,10
FLB_19,FLB,train,10,411.0,True,True,1,10.0,10.0,10
FLB_2,FLB,validation,10,2958.5,True,True,1,10.0,10.0,10
FLB_20,FLB,train,10,396.0,True,True,1,10.0,10.0,10
FLB_21,FLB,test,10,382.0,True,True,1,10.0,10.0,10
FLB_22,FLB,validation,10,369.5,True,True,1,10.0,10.0,10
FLB_23,FLB,train,10,358.0,True,True,1,10.0,10.0,10
FLB_24,FLB,train,10,347.5,True,True,1,10.0,10.0,10
FLB_25,FLB,train,10,338.0,True,True,1,10.0,10.0,10
FLB_26,FLB,train,10,329.0,True,True,1,10.0,10.0,10
FLB_27,FLB,train,10,321.0,True,True,1,10.0,10.0,10
FLB_28,FLB,train,10,313.0,True,True,1,10.0,10.0,10
FLB_29,FLB,train,10,306.0,True,True,1,10.0,10.0,10
FLB_3,FLB,train,10,2033.0,True,True,1,10.0,10.0,10
FLB_30,FLB,train,10,299.5,True,True,1,10.0,10.0,10
FLB_31,FLB,test,10,293.0,True,True,1,10.0,10.0,10
FLB_32,FLB,validation,10,287.0,True,True,1,10.0,10.0,10
FLB_33,FLB,train,10,281.5,True,True,1,10.0,10.0,10
FLB_34,FLB,train,10,276.5,True,True,1,10.0,10.0,10
FLB_35,FLB,train,10,271.5,True,True,1,10.0,10.0,10
FLB_36,FLB,train,10,267.0,True,True,1,10.0,10.0,10
FLB_37,FLB,train,10,262.5,True,True,1,10.0,10.0,10
FLB_38,FLB,train,10,258.5,True,True,1,10.0,10.0,10
FLB_39,FLB,train,10,254.5,True,True,1,10.0,10.0,10
FLB_4,FLB,train,10,1569.5,True,True,1,10.0,10.0,10
FLB_40,FLB,train,10,251.0,True,True,1,10.0,10.0,10
FLB_41,FLB,test,10,247.5,True,True,1,10.0,10.0,10
FLB_42,FLB,validation,10,244.0,True,True,1,10.0,10.0,10
FLB_43,FLB,train,10,241.0,True,True,1,10.0,10.0,10
FLB_44,FLB,train,10,238.0,True,True,1,10.0,10.0,10
FLB_45,FLB,train,10,235.0,True,True,1,10.0,10.0,10
FLB_46,FLB,train,10,232.0,True,True,1,10.0,10.0,10
FLB_47,FLB,train,10,229.5,True,True,1,10.0,10.0,10
FLB_48,FLB,train,10,227.0,True,True,1,10.0,10.0,10
FLB_49,FLB,train,10,224.5,True,True,1,10.0,10.0,10
FLB_5,FLB,train,10,1263.5,True,True,1,10.0,10.0,10
FLB_50,FLB,train,10,222.0,True,True,1,10.0,10.0,10
FLB_51,FLB,test,10,219.5,True,True,1,10.0,10.0,10
FLB_52,FLB,validation,10,217.5,True,True,1,10.0,10.0,10
FLB_53,FLB,train,10,215.5,True,True,1,10.0,10.0,10
FLB_54,FLB,train,10,213.5,True,True,1,10.0,10.0,10
FLB_55,FLB,train,10,211.5,True,True,1,10.0,10.0,10
FLB_56,FLB,train,10,209.5,True,True,1,10.0,10.0,10
FLB_57,FLB,train,10,207.5,True,True,1,10.0,10.0,10
FLB_58,FLB,train,10,206.0,True,True,1,10.0,10.0,10
FLB_59,FLB,train,10,204.5,True,True,1,10.0,10.0,10
FLB_6,FLB,train,10,1073.0,True,True,1,10.0,10.0,10
FLB_60,FLB,train,10,202.5,True,True,1,10.0,10.0,10
FLB_61,FLB,test,10,201.0,True,True,1,10.0,10.0,10
FLB_62,FLB,validation,10,199.5,True,True,1,10.0,10.0,10
FLB_63,FLB,train,10,198.0,True,True,1,10.0,10.0,10
FLB_64,FLB,train,10,196.5,True,True,1,10.0,10.0,10
FLB_65,FLB,train,10,195.0,True,True,1,10.0,10.0,10
FLB_66,FLB,train,10,194.0,True,True,1,10.0,10.0,10
FLB_67,FLB,train,10,192.5,True,True,1,10.0,10.0,10
FLB_68,FLB,train,10,191.0,True,True,1,10.0,10.0,10
FLB_69,FLB,train,10,190.0,True,True,1,10.0,10.0,10
FLB_7,FLB,train,10,938.5,True,True,1,10.0,10.0,10
FLB_70,FLB,train,10,189.0,True,True,1,10.0,10.0,10
FLB_71,FLB,test,10,187.5,True,True,1,10.0,10.0,10
FLB_72,FLB,validation,10,186.5,True,True,1,10.0,10.0,10
FLB_73,FLB,train,10,185.5,True,True,1,10.0,10.0,10
FLB_74,FLB,train,10,184.5,True,True,1,10.0,10.0,10
FLB_75,FLB,train,10,183.5,True,True,1,10.0,10.0,10
FLB_76,FLB,train,10,182.5,True,True,1,10.0,10.0,10
FLB_77,FLB,train,10,181.5,True,True,1,10.0,10.0,10
FLB_78,FLB,train,10,180.5,True,True,1,10.0,10.0,10
FLB_79,FLB,train,10,179.5,True,True,1,10.0,10.0,10
FLB_8,FLB,train,10,830.5,True,True,1,10.0,10.0,10
FLB_80,FLB,train,10,178.5,True,True,1,10.0,10.0,10
FLB_81,FLB,test,10,177.5,True,True,1,10.0,10.0,10
FLB_82,FLB,validation,10,176.5,True,True,1,10.0,10.0,10
FLB_83,FLB,train,10,176.0,True,True,1,10.0,10.0,10
FLB_84,FLB,train,10,175.0,True,True,1,10.0,10.0,10
FLB_85,FLB,train,10,174.0,True,True,1,10.0,10.0,10
FLB_86,FLB,train,10,173.5,True,True,1,10.0,10.0,10
FLB_87,FLB,train,10,172.5,True,True,1,10.0,10.0,10
FLB_88,FLB,train,10,172.0,True,True,1,10.0,10.0,10
FLB_89,FLB,train,10,171.0,True,True,1,10.0,10.0,10
FLB_9,FLB,train,10,751.0,True,True,1,10.0,10.0,10
FLB_90,FLB,train,10,170.5,True,True,1,10.0,10.0,10
FLB_91,FLB,test,10,169.5,True,True,1,10.0,10.0,10
FLB_92,FLB,validation,10,169.0,True,True,1,10.0,10.0,10
FLB_93,FLB,train,10,168.5,True,True,1,10.0,10.0,10
FLB_94,FLB,train,10,167.5,True,True,1,10.0,10.0,10
FLB_95,FLB,train,10,167.0,True,True,1,10.0,10.0,10
FLB_96,FLB,train,10,166.5,True,True,1,10.0,10.0,10
FLB_97,FLB,train,10,166.0,True,True,1,10.0,10.0,10
FLB_98,FLB,train,10,165.0,True,True,1,10.0,10.0,10
FLB_99,FLB,train,10,164.5,True,True,1,10.0,10.0,10
LLB_1,LLB,test,10,,False,False,1,10.0,10.0,10
LLB_10,LLB,train,10,,False,False,1,10.0,10.0,10
LLB_100,LLB,train,10,,False,False,1,10.0,10.0,10
LLB_101,LLB,test,10,,False,False,1,10.0,10.0,10
LLB_11,LLB,test,10,,False,False,1,10.0,10.0,10
LLB_12,LLB,validation,10,,False,False,1,10.0,10.0,10
LLB_13,LLB,train,10,,False,False,1,10.0,10.0,10
LLB_14,LLB,train,10,,False,False,1,10.0,10.0,10
LLB_15,LLB,train,10,,False,False,1,10.0,10.0,10
LLB_16,LLB,train,10,,False,False,1,10.0,10.0,10
LLB_17,LLB,train,10,,False,False,1,10.0,10.0,10
LLB_18,LLB,train,10,,False,False,1,10.0,10.0,10
LLB_19,LLB,train,10,,False,False,1,10.0,10.0,10
LLB_2,LLB,validation,10,,False,False,1,10.0,10.0,10
LLB_20,LLB,train,10,,False,False,1,10.0,10.0,10
LLB_21,LLB,test,10,,False,False,1,10.0,10.0,10
LLB_22,LLB,validation,10,,False,False,1,10.0,10.0,10
LLB_23,LLB,train,10,,False,False,1,10.0,10.0,10
LLB_24,LLB,train,10,,False,False,1,10.0,10.0,10
LLB_25,LLB,train,10,,False,False,1,10.0,10.0,10
LLB_26,LLB,train,10,,False,False,1,10.0,10.0,10
LLB_27,LLB,train,10,,False,False,1,10.0,10.0,10
LLB_28,LLB,train,10,,False,False,1,10.0,10.0,10
LLB_29,LLB,train,10,,False,False,1,10.0,10.0,10
LLB_3,LLB,train,10,,False,False,1,10.0,10.0,10
LLB_30,LLB,train,10,,False,False,1,10.0,10.0,10
LLB_31,LLB,test,10,,False,False,1,10.0,10.0,10
LLB_32,LLB,validation,10,,False,False,1,10.0,10.0,10
LLB_33,LLB,train,10,,False,False,1,10.0,10.0,10
LLB_34,LLB,train,10,,False,False,1,10.0,10.0,10
LLB_35,LLB,train,10,,False,False,1,10.0,10.0,10
LLB_36,LLB,train,10,,False,False,1,10.0,10.0,10
LLB_37,LLB,train,10,,False,False,1,10.0,10.0,10
LLB_38,LLB,train,10,,False,False,1,10.0,10.0,10
LLB_39,LLB,train,10,,False,False,1,10.0,10.0,10
LLB_4,LLB,train,10,,False,False,1,10.0,10.0,10
LLB_40,LLB,train,10,,False,False,1,10.0,10.0,10
LLB_41,LLB,test,10,,False,False,1,10.0,10.0,10
LLB_42,LLB,validation,10,,False,False,1,10.0,10.0,10
LLB_43,LLB,train,10,,False,False,1,10.0,10.0,10
LLB_44,LLB,train,10,,False,False,1,10.0,10.0,10
LLB_45,LLB,train,10,,False,False,1,10.0,10.0,10
LLB_46,LLB,train,10,,False,False,1,10.0,10.0,10
LLB_47,LLB,train,10,,False,False,1,10.0,10.0,10
LLB_48,LLB,train,10,,False,False,1,10.0,10.0,10
LLB_49,LLB,train,10,,False,False,1,10.0,10.0,10
LLB_5,LLB,train,10,,False,False,1,10.0,10.0,10
LLB_50,LLB,train,10,,False,False,1,10.0,10.0,10
LLB_51,LLB,test,10,,False,False,1,10.0,10.0,10
LLB_52,LLB,validation,10,,False,False,1,10.0,10.0,10
LLB_53,LLB,train,10,,False,False,1,10.0,10.0,10
LLB_54,LLB,train,10,,False,False,1,10.0,10.0,10
LLB_55,LLB,train,10,,False,False,1,10.0,10.0,10
LLB_56,LLB,train,10,,False,False,1,10.0,10.0,10
LLB_57,LLB,train,10,,False,False,1,10.0,10.0,10
LLB_58,LLB,train,10,,False,False,1,10.0,10.0,10
LLB_59,LLB,train,10,,False,False,1,10.0,10.0,10
LLB_6,LLB,train,10,,False,False,1,10.0,10.0,10
LLB_60,LLB,train,10,,False,False,1,10.0,10.0,10
LLB_61,LLB,test,10,,False,False,1,10.0,10.0,10
LLB_62,LLB,validation,10,,False,False,1,10.0,10.0,10
LLB_63,LLB,train,10,,False,False,1,10.0,10.0,10
LLB_64,LLB,train,10,,False,False,1,10.0,10.0,10
LLB_65,LLB,train,10,,False,False,1,10.0,10.0,10
LLB_66,LLB,train,10,,False,False,1,10.0,10.0,10
LLB_67,LLB,train,10,,False,False,1,10.0,10.0,10
LLB_68,LLB,train,10,,False,False,1,10.0,10.0,10
LLB_69,LLB,train,10,,False,False,1,10.0,10.0,10
LLB_7,LLB,train,10,,False,False,1,10.0,10.0,10
LLB_70,LLB,train,10,,False,False,1,10.0,10.0,10
LLB_71,LLB,test,10,,False,False,1,10.0,10.0,10
LLB_72,LLB,validation,10,,False,False,1,10.0,10.0,10
LLB_73,LLB,train,10,,False,False,1,10.0,10.0,10
LLB_74,LLB,train,10,,False,False,1,10.0,10.0,10
LLB_75,LLB,train,10,,False,False,1,10.0,10.0,10
LLB_76,LLB,train,10,,False,False,1,10.0,10.0,10
LLB_77,LLB,train,10,,False,False,1,10.0,10.0,10
LLB_78,LLB,train,10,,False,False,1,10.0,10.0,10
LLB_79,LLB,train,10,,False,False,1,10.0,10.0,10
LLB_8,LLB,train,10,,False,False,1,10.0,10.0,10
LLB_80,LLB,train,10,,False,False,1,10.0,10.0,10
LLB_81,LLB,test,10,,False,False,1,10.0,10.0,10
LLB_82,LLB,validation,10,,False,False,1,10.0,10.0,10
LLB_83,LLB,train,10,,False,False,1,10.0,10.0,10
LLB_84,LLB,train,10,,False,False,1,10.0,10.0,10
LLB_85,LLB,train,10,,False,False,1,10.0,10.0,10
LLB_86,LLB,train,10,,False,False,1,10.0,10.0,10
LLB_87,LLB,train,10,,False,False,1,10.0,10.0,10
LLB_88,LLB,train,10,,False,False,1,10.0,10.0,10
LLB_89,LLB,train,10,,False,False,1,10.0,10.0,10
LLB_9,LLB,train,10,,False,False,1,10.0,10.0,10
LLB_90,LLB,train,10,,False,False,1,10.0,10.0,10
LLB_91,LLB,test,10,,False,False,1,10.0,10.0,10
LLB_92,LLB,validation,10,,False,False,1,10.0,10.0,10
LLB_93,LLB,train,10,,False,False,1,10.0,10.0,10
LLB_94,LLB,train,10,,False,False,1,10.0,10.0,10
LLB_95,LLB,train,10,,False,False,1,10.0,10.0,10
LLB_96,LLB,train,10,,False,False,1,10.0,10.0,10
LLB_97,LLB,train,10,,False,False,1,10.0,10.0,10
LLB_98,LLB,train,10,,False,False,1,10.0,10.0,10
LLB_99,LLB,train,10,,False,False,1,10.0,10.0,10
LOCAC_1,LOCAC,test,10,2521.5,True,True,1,10.0,10.0,10
LOCAC_10,LOCAC,train,10,224.0,True,True,1,10.0,10.0,10
LOCAC_100,LOCAC,train,10,118.0,True,True,1,10.0,10.0,10
LOCAC_11,LOCAC,test,10,211.5,True,True,1,10.0,10.0,10
LOCAC_12,LOCAC,validation,10,201.0,True,True,1,10.0,10.0,10
LOCAC_13,LOCAC,train,10,192.5,True,True,1,10.0,10.0,10
LOCAC_14,LOCAC,train,10,185.5,True,True,1,10.0,10.0,10
LOCAC_15,LOCAC,train,10,179.5,True,True,1,10.0,10.0,10
LOCAC_16,LOCAC,train,10,174.5,True,True,1,10.0,10.0,10
LOCAC_17,LOCAC,train,10,170.0,True,True,1,10.0,10.0,10
LOCAC_18,LOCAC,train,10,166.0,True,True,1,10.0,10.0,10
LOCAC_19,LOCAC,train,10,162.5,True,True,1,10.0,10.0,10
LOCAC_2,LOCAC,validation,10,1299.0,True,True,1,10.0,10.0,10
LOCAC_20,LOCAC,train,10,159.5,True,True,1,10.0,10.0,10
LOCAC_21,LOCAC,test,10,157.0,True,True,1,10.0,10.0,10
LOCAC_22,LOCAC,validation,10,154.5,True,True,1,10.0,10.0,10
LOCAC_23,LOCAC,train,10,152.5,True,True,1,10.0,10.0,10
LOCAC_24,LOCAC,train,10,150.5,True,True,1,10.0,10.0,10
LOCAC_25,LOCAC,train,10,148.5,True,True,1,10.0,10.0,10
LOCAC_26,LOCAC,train,10,463.5,True,True,1,10.0,10.0,10
LOCAC_27,LOCAC,train,10,145.5,True,True,1,10.0,10.0,10
LOCAC_28,LOCAC,train,10,144.0,True,True,1,10.0,10.0,10
LOCAC_29,LOCAC,train,10,142.5,True,True,1,10.0,10.0,10
LOCAC_3,LOCAC,train,10,917.0,True,True,1,10.0,10.0,10
LOCAC_30,LOCAC,train,10,416.5,True,True,1,10.0,10.0,10
LOCAC_31,LOCAC,test,10,140.0,True,True,1,10.0,10.0,10
LOCAC_32,LOCAC,validation,10,139.0,True,True,1,10.0,10.0,10
LOCAC_33,LOCAC,train,10,138.0,True,True,1,10.0,10.0,10
LOCAC_34,LOCAC,train,10,137.0,True,True,1,10.0,10.0,10
LOCAC_35,LOCAC,train,10,136.5,True,True,1,10.0,10.0,10
LOCAC_36,LOCAC,train,10,135.5,True,True,1,10.0,10.0,10
LOCAC_37,LOCAC,train,10,134.5,True,True,1,10.0,10.0,10
LOCAC_38,LOCAC,train,10,134.0,True,True,1,10.0,10.0,10
LOCAC_39,LOCAC,train,10,133.5,True,True,1,10.0,10.0,10
LOCAC_4,LOCAC,train,10,569.5,True,True,1,10.0,10.0,10
LOCAC_40,LOCAC,train,10,132.5,True,True,1,10.0,10.0,10
LOCAC_41,LOCAC,test,10,132.0,True,True,1,10.0,10.0,10
LOCAC_42,LOCAC,validation,10,131.5,True,True,1,10.0,10.0,10
LOCAC_43,LOCAC,train,10,131.0,True,True,1,10.0,10.0,10
LOCAC_44,LOCAC,train,10,130.5,True,True,1,10.0,10.0,10
LOCAC_45,LOCAC,train,10,130.0,True,True,1,10.0,10.0,10
LOCAC_46,LOCAC,train,10,129.5,True,True,1,10.0,10.0,10
LOCAC_47,LOCAC,train,10,129.0,True,True,1,10.0,10.0,10
LOCAC_48,LOCAC,train,10,128.5,True,True,1,10.0,10.0,10
LOCAC_49,LOCAC,train,10,128.0,True,True,1,10.0,10.0,10
LOCAC_5,LOCAC,train,10,418.0,True,True,1,10.0,10.0,10
LOCAC_50,LOCAC,train,10,127.5,True,True,1,10.0,10.0,10
LOCAC_51,LOCAC,test,10,127.0,True,True,1,10.0,10.0,10
LOCAC_52,LOCAC,validation,10,127.0,True,True,1,10.0,10.0,10
LOCAC_53,LOCAC,train,10,126.5,True,True,1,10.0,10.0,10
LOCAC_54,LOCAC,train,10,126.0,True,True,1,10.0,10.0,10
LOCAC_55,LOCAC,train,10,125.5,True,True,1,10.0,10.0,10
LOCAC_56,LOCAC,train,10,125.5,True,True,1,10.0,10.0,10
LOCAC_57,LOCAC,train,10,125.0,True,True,1,10.0,10.0,10
LOCAC_58,LOCAC,train,10,125.0,True,True,1,10.0,10.0,10
LOCAC_59,LOCAC,train,10,124.5,True,True,1,10.0,10.0,10
LOCAC_6,LOCAC,train,10,340.5,True,True,1,10.0,10.0,10
LOCAC_60,LOCAC,train,10,124.0,True,True,1,10.0,10.0,10
LOCAC_61,LOCAC,test,10,124.0,True,True,1,10.0,10.0,10
LOCAC_62,LOCAC,validation,10,123.5,True,True,1,10.0,10.0,10
LOCAC_63,LOCAC,train,10,123.5,True,True,1,10.0,10.0,10
LOCAC_64,LOCAC,train,10,123.0,True,True,1,10.0,10.0,10
LOCAC_65,LOCAC,train,10,123.0,True,True,1,10.0,10.0,10
LOCAC_66,LOCAC,train,10,122.5,True,True,1,10.0,10.0,10
LOCAC_67,LOCAC,train,10,122.5,True,True,1,10.0,10.0,10
LOCAC_68,LOCAC,train,10,122.0,True,True,1,10.0,10.0,10
LOCAC_69,LOCAC,train,10,122.0,True,True,1,10.0,10.0,10
LOCAC_7,LOCAC,train,10,294.0,True,True,1,10.0,10.0,10
LOCAC_70,LOCAC,train,10,122.0,True,True,1,10.0,10.0,10
LOCAC_71,LOCAC,test,10,121.5,True,True,1,10.0,10.0,10
LOCAC_72,LOCAC,validation,10,121.5,True,True,1,10.0,10.0,10
LOCAC_73,LOCAC,train,10,121.5,True,True,1,10.0,10.0,10
LOCAC_74,LOCAC,train,10,121.0,True,True,1,10.0,10.0,10
LOCAC_75,LOCAC,train,10,121.0,True,True,1,10.0,10.0,10
LOCAC_76,LOCAC,train,10,121.0,True,True,1,10.0,10.0,10
LOCAC_77,LOCAC,train,10,120.5,True,True,1,10.0,10.0,10
LOCAC_78,LOCAC,train,10,120.5,True,True,1,10.0,10.0,10
LOCAC_79,LOCAC,train,10,120.5,True,True,1,10.0,10.0,10
LOCAC_8,LOCAC,train,10,263.0,True,True,1,10.0,10.0,10
LOCAC_80,LOCAC,train,10,120.0,True,True,1,10.0,10.0,10
LOCAC_81,LOCAC,test,10,120.0,True,True,1,10.0,10.0,10
LOCAC_82,LOCAC,validation,10,120.0,True,True,1,10.0,10.0,10
LOCAC_83,LOCAC,train,10,119.5,True,True,1,10.0,10.0,10
LOCAC_84,LOCAC,train,10,119.5,True,True,1,10.0,10.0,10
LOCAC_85,LOCAC,train,10,119.5,True,True,1,10.0,10.0,10
LOCAC_86,LOCAC,train,10,119.5,True,True,1,10.0,10.0,10
LOCAC_87,LOCAC,train,10,119.0,True,True,1,10.0,10.0,10
LOCAC_88,LOCAC,train,10,119.0,True,True,1,10.0,10.0,10
LOCAC_89,LOCAC,train,10,119.0,True,True,1,10.0,10.0,10
LOCAC_9,LOCAC,train,10,241.0,True,True,1,10.0,10.0,10
LOCAC_90,LOCAC,train,10,119.0,True,True,1,10.0,10.0,10
LOCAC_91,LOCAC,test,10,118.5,True,True,1,10.0,10.0,10
LOCAC_92,LOCAC,validation,10,118.5,True,True,1,10.0,10.0,10
LOCAC_93,LOCAC,train,10,118.5,True,True,1,10.0,10.0,10
LOCAC_94,LOCAC,train,10,118.5,True,True,1,10.0,10.0,10
LOCAC_95,LOCAC,train,10,118.5,True,True,1,10.0,10.0,10
LOCAC_96,LOCAC,train,10,118.0,True,True,1,10.0,10.0,10
LOCAC_97,LOCAC,train,10,118.0,True,True,1,10.0,10.0,10
LOCAC_98,LOCAC,train,10,118.0,True,True,1,10.0,10.0,10
LOCAC_99,LOCAC,train,10,118.0,True,True,1,10.0,10.0,10
LOCA_1,LOCA,test,10,2031.5,True,True,1,10.0,10.0,10
LOCA_10,LOCA,train,10,224.0,True,True,1,10.0,10.0,10
LOCA_100,LOCA,train,10,117.5,True,True,1,10.0,10.0,10
LOCA_11,LOCA,test,10,211.0,True,True,1,10.0,10.0,10
LOCA_12,LOCA,validation,10,200.5,True,True,1,10.0,10.0,10
LOCA_13,LOCA,train,10,192.0,True,True,1,10.0,10.0,10
LOCA_14,LOCA,train,10,185.0,True,True,1,10.0,10.0,10
LOCA_15,LOCA,train,10,179.0,True,True,1,10.0,10.0,10
LOCA_16,LOCA,train,10,174.0,True,True,1,10.0,10.0,10
LOCA_17,LOCA,train,10,169.5,True,True,1,10.0,10.0,10
LOCA_18,LOCA,train,10,166.0,True,True,1,10.0,10.0,10
LOCA_19,LOCA,train,10,162.5,True,True,1,10.0,10.0,10
LOCA_2,LOCA,validation,10,1094.5,True,True,1,10.0,10.0,10
LOCA_20,LOCA,train,10,159.5,True,True,1,10.0,10.0,10
LOCA_21,LOCA,test,10,156.5,True,True,1,10.0,10.0,10
LOCA_22,LOCA,validation,10,154.5,True,True,1,10.0,10.0,10
LOCA_23,LOCA,train,10,152.0,True,True,1,10.0,10.0,10
LOCA_24,LOCA,train,10,150.0,True,True,1,10.0,10.0,10
LOCA_25,LOCA,train,10,148.0,True,True,1,10.0,10.0,10
LOCA_26,LOCA,train,10,146.5,True,True,1,10.0,10.0,10
LOCA_27,LOCA,train,10,145.0,True,True,1,10.0,10.0,10
LOCA_28,LOCA,train,10,143.5,True,True,1,10.0,10.0,10
LOCA_29,LOCA,train,10,142.0,True,True,1,10.0,10.0,10
LOCA_3,LOCA,train,10,790.5,True,True,1,10.0,10.0,10
LOCA_30,LOCA,train,10,141.0,True,True,1,10.0,10.0,10
LOCA_31,LOCA,test,10,140.0,True,True,1,10.0,10.0,10
LOCA_32,LOCA,validation,10,139.0,True,True,1,10.0,10.0,10
LOCA_33,LOCA,train,10,138.0,True,True,1,10.0,10.0,10
LOCA_34,LOCA,train,10,137.0,True,True,1,10.0,10.0,10
LOCA_35,LOCA,train,10,136.0,True,True,1,10.0,10.0,10
LOCA_36,LOCA,train,10,135.0,True,True,1,10.0,10.0,10
LOCA_37,LOCA,train,10,134.5,True,True,1,10.0,10.0,10
LOCA_38,LOCA,train,10,133.5,True,True,1,10.0,10.0,10
LOCA_39,LOCA,train,10,133.0,True,True,1,10.0,10.0,10
LOCA_4,LOCA,train,10,569.0,True,True,1,10.0,10.0,10
LOCA_40,LOCA,train,10,132.5,True,True,1,10.0,10.0,10
LOCA_41,LOCA,test,10,131.5,True,True,1,10.0,10.0,10
LOCA_42,LOCA,validation,10,131.0,True,True,1,10.0,10.0,10
LOCA_43,LOCA,train,10,45.0,True,True,1,10.0,10.0,10
LOCA_44,LOCA,train,10,130.0,True,True,1,10.0,10.0,10
LOCA_45,LOCA,train,10,129.5,True,True,1,10.0,10.0,10
LOCA_46,LOCA,train,10,129.0,True,True,1,10.0,10.0,10
LOCA_47,LOCA,train,10,128.5,True,True,1,10.0,10.0,10
LOCA_48,LOCA,train,10,128.0,True,True,1,10.0,10.0,10
LOCA_49,LOCA,train,10,127.5,True,True,1,10.0,10.0,10
LOCA_5,LOCA,train,10,417.5,True,True,1,10.0,10.0,10
LOCA_50,LOCA,train,10,127.5,True,True,1,10.0,10.0,10
LOCA_51,LOCA,test,10,127.0,True,True,1,10.0,10.0,10
LOCA_52,LOCA,validation,10,126.5,True,True,1,10.0,10.0,10
LOCA_53,LOCA,train,10,126.0,True,True,1,10.0,10.0,10
LOCA_54,LOCA,train,10,126.0,True,True,1,10.0,10.0,10
LOCA_55,LOCA,train,10,125.5,True,True,1,10.0,10.0,10
LOCA_56,LOCA,train,10,125.0,True,True,1,10.0,10.0,10
LOCA_57,LOCA,train,10,125.0,True,True,1,10.0,10.0,10
LOCA_58,LOCA,train,10,124.5,True,True,1,10.0,10.0,10
LOCA_59,LOCA,train,10,124.0,True,True,1,10.0,10.0,10
LOCA_6,LOCA,train,10,340.0,True,True,1,10.0,10.0,10
LOCA_60,LOCA,train,10,124.0,True,True,1,10.0,10.0,10
LOCA_61,LOCA,test,10,123.5,True,True,1,10.0,10.0,10
LOCA_62,LOCA,validation,10,123.5,True,True,1,10.0,10.0,10
LOCA_63,LOCA,train,10,123.0,True,True,1,10.0,10.0,10
LOCA_64,LOCA,train,10,123.0,True,True,1,10.0,10.0,10
LOCA_65,LOCA,train,10,122.5,True,True,1,10.0,10.0,10
LOCA_66,LOCA,train,10,122.5,True,True,1,10.0,10.0,10
LOCA_67,LOCA,train,10,122.0,True,True,1,10.0,10.0,10
LOCA_68,LOCA,train,10,122.0,True,True,1,10.0,10.0,10
LOCA_69,LOCA,train,10,122.0,True,True,1,10.0,10.0,10
LOCA_7,LOCA,train,10,293.5,True,True,1,10.0,10.0,10
LOCA_70,LOCA,train,10,121.5,True,True,1,10.0,10.0,10
LOCA_71,LOCA,test,10,121.5,True,True,1,10.0,10.0,10
LOCA_72,LOCA,validation,10,121.0,True,True,1,10.0,10.0,10
LOCA_73,LOCA,train,10,121.0,True,True,1,10.0,10.0,10
LOCA_74,LOCA,train,10,121.0,True,True,1,10.0,10.0,10
LOCA_75,LOCA,train,10,120.5,True,True,1,10.0,10.0,10
LOCA_76,LOCA,train,10,120.5,True,True,1,10.0,10.0,10
LOCA_77,LOCA,train,10,120.5,True,True,1,10.0,10.0,10
LOCA_78,LOCA,train,10,120.0,True,True,1,10.0,10.0,10
LOCA_79,LOCA,train,10,120.0,True,True,1,10.0,10.0,10
LOCA_8,LOCA,train,10,262.5,True,True,1,10.0,10.0,10
LOCA_80,LOCA,train,10,120.0,True,True,1,10.0,10.0,10
LOCA_81,LOCA,test,10,119.5,True,True,1,10.0,10.0,10
LOCA_82,LOCA,validation,10,119.5,True,True,1,10.0,10.0,10
LOCA_83,LOCA,train,10,119.5,True,True,1,10.0,10.0,10
LOCA_84,LOCA,train,10,119.5,True,True,1,10.0,10.0,10
LOCA_85,LOCA,train,10,119.0,True,True,1,10.0,10.0,10
LOCA_86,LOCA,train,10,119.0,True,True,1,10.0,10.0,10
LOCA_87,LOCA,train,10,119.0,True,True,1,10.0,10.0,10
LOCA_88,LOCA,train,10,119.0,True,True,1,10.0,10.0,10
LOCA_89,LOCA,train,10,118.5,True,True,1,10.0,10.0,10
LOCA_9,LOCA,train,10,240.5,True,True,1,10.0,10.0,10
LOCA_90,LOCA,train,10,118.5,True,True,1,10.0,10.0,10
LOCA_91,LOCA,test,10,118.5,True,True,1,10.0,10.0,10
LOCA_92,LOCA,validation,10,118.5,True,True,1,10.0,10.0,10
LOCA_93,LOCA,train,10,118.0,True,True,1,10.0,10.0,10
LOCA_94,LOCA,train,10,118.0,True,True,1,10.0,10.0,10
LOCA_95,LOCA,train,10,118.0,True,True,1,10.0,10.0,10
LOCA_96,LOCA,train,10,118.0,True,True,1,10.0,10.0,10
LOCA_97,LOCA,train,10,118.0,True,True,1,10.0,10.0,10
LOCA_98,LOCA,train,10,117.5,True,True,1,10.0,10.0,10
LOCA_99,LOCA,train,10,117.5,True,True,1,10.0,10.0,10
LR_1,LR,test,10,,False,False,1,10.0,10.0,10
LR_10,LR,train,10,,False,False,1,10.0,10.0,10
LR_11,LR,test,10,,False,False,1,10.0,10.0,10
LR_12,LR,validation,10,,False,False,1,10.0,10.0,10
LR_13,LR,train,10,,False,False,1,10.0,10.0,10
LR_14,LR,train,10,,False,False,1,10.0,10.0,10
LR_15,LR,train,10,,False,False,1,10.0,10.0,10
LR_16,LR,train,10,,False,False,1,10.0,10.0,10
LR_17,LR,train,10,,False,False,1,10.0,10.0,10
LR_18,LR,train,10,,False,False,1,10.0,10.0,10
LR_19,LR,train,10,,False,False,1,10.0,10.0,10
LR_2,LR,validation,10,,False,False,1,10.0,10.0,10
LR_20,LR,train,10,,False,False,1,10.0,10.0,10
LR_21,LR,test,10,,False,False,1,10.0,10.0,10
LR_22,LR,validation,10,,False,False,1,10.0,10.0,10
LR_23,LR,train,10,,False,False,1,10.0,10.0,10
LR_24,LR,train,10,,False,False,1,10.0,10.0,10
LR_25,LR,train,10,,False,False,1,10.0,10.0,10
LR_26,LR,train,10,,False,False,1,10.0,10.0,10
LR_27,LR,train,10,,False,False,1,10.0,10.0,10
LR_28,LR,train,10,,False,False,1,10.0,10.0,10
LR_29,LR,train,10,,False,False,1,10.0,10.0,10
LR_3,LR,train,10,,False,False,1,10.0,10.0,10
LR_30,LR,train,10,,False,False,1,10.0,10.0,10
LR_31,LR,test,10,,False,False,1,10.0,10.0,10
LR_32,LR,validation,10,,False,False,1,10.0,10.0,10
LR_33,LR,train,10,,False,False,1,10.0,10.0,10
LR_34,LR,train,10,,False,False,1,10.0,10.0,10
LR_35,LR,train,10,,False,False,1,10.0,10.0,10
LR_36,LR,train,10,,False,False,1,10.0,10.0,10
LR_37,LR,train,10,,False,False,1,10.0,10.0,10
LR_38,LR,train,10,,False,False,1,10.0,10.0,10
LR_39,LR,train,10,,False,False,1,10.0,10.0,10
LR_4,LR,train,10,,False,False,1,10.0,10.0,10
LR_40,LR,train,10,,False,False,1,10.0,10.0,10
LR_41,LR,test,10,,False,False,1,10.0,10.0,10
LR_42,LR,validation,10,,False,False,1,10.0,10.0,10
LR_43,LR,train,10,,False,False,1,10.0,10.0,10
LR_44,LR,train,10,,False,False,1,10.0,10.0,10
LR_45,LR,train,10,,False,False,1,10.0,10.0,10
LR_46,LR,train,10,,False,False,1,10.0,10.0,10
LR_47,LR,train,10,,False,False,1,10.0,10.0,10
LR_48,LR,train,10,,False,False,1,10.0,10.0,10
LR_49,LR,train,10,,False,False,1,10.0,10.0,10
LR_5,LR,train,10,,False,False,1,10.0,10.0,10
LR_50,LR,train,10,,False,False,1,10.0,10.0,10
LR_51,LR,test,10,,False,False,1,10.0,10.0,10
LR_52,LR,validation,10,,False,False,1,10.0,10.0,10
LR_53,LR,train,10,,False,False,1,10.0,10.0,10
LR_54,LR,train,10,,False,False,1,10.0,10.0,10
LR_55,LR,train,10,,False,False,1,10.0,10.0,10
LR_56,LR,train,10,,False,False,1,10.0,10.0,10
LR_57,LR,train,10,,False,False,1,10.0,10.0,10
LR_58,LR,train,10,,False,False,1,10.0,10.0,10
LR_59,LR,train,10,,False,False,1,10.0,10.0,10
LR_6,LR,train,10,,False,False,1,10.0,10.0,10
LR_60,LR,train,10,,False,False,1,10.0,10.0,10
LR_61,LR,test,10,,False,False,1,10.0,10.0,10
LR_62,LR,validation,10,,False,False,1,10.0,10.0,10
LR_63,LR,train,10,,False,False,1,10.0,10.0,10
LR_64,LR,train,10,,False,False,1,10.0,10.0,10
LR_65,LR,train,10,,False,False,1,10.0,10.0,10
LR_66,LR,train,10,,False,False,1,10.0,10.0,10
LR_67,LR,train,10,,False,False,1,10.0,10.0,10
LR_68,LR,train,10,,False,False,1,10.0,10.0,10
LR_69,LR,train,10,,False,False,1,10.0,10.0,10
LR_7,LR,train,10,,False,False,1,10.0,10.0,10
LR_70,LR,train,10,,False,False,1,10.0,10.0,10
LR_71,LR,test,10,,False,False,1,10.0,10.0,10
LR_72,LR,validation,10,,False,False,1,10.0,10.0,10
LR_73,LR,train,10,,False,False,1,10.0,10.0,10
LR_74,LR,train,10,,False,False,1,10.0,10.0,10
LR_75,LR,train,10,,False,False,1,10.0,10.0,10
LR_76,LR,train,10,,False,False,1,10.0,10.0,10
LR_77,LR,train,10,,False,False,1,10.0,10.0,10
LR_78,LR,train,10,,False,False,1,10.0,10.0,10
LR_79,LR,train,10,,False,False,1,10.0,10.0,10
LR_8,LR,train,10,,False,False,1,10.0,10.0,10
LR_80,LR,train,10,,False,False,1,10.0,10.0,10
LR_81,LR,test,10,,False,False,1,10.0,10.0,10
LR_82,LR,validation,10,,False,False,1,10.0,10.0,10
LR_83,LR,train,10,,False,False,1,10.0,10.0,10
LR_84,LR,train,10,,False,False,1,10.0,10.0,10
LR_85,LR,train,10,,False,False,1,10.0,10.0,10
LR_86,LR,train,10,,False,False,1,10.0,10.0,10
LR_87,LR,train,10,,False,False,1,10.0,10.0,10
LR_88,LR,train,10,,False,False,1,10.0,10.0,10
LR_89,LR,train,10,,False,False,1,10.0,10.0,10
LR_9,LR,train,10,,False,False,1,10.0,10.0,10
LR_90,LR,train,10,,False,False,1,10.0,10.0,10
LR_91,LR,test,10,,False,False,1,10.0,10.0,10
LR_92,LR,validation,10,,False,False,1,10.0,10.0,10
LR_93,LR,train,10,,False,False,1,10.0,10.0,10
LR_94,LR,train,10,,False,False,1,10.0,10.0,10
LR_95,LR,train,10,,False,False,1,10.0,10.0,10
LR_96,LR,train,10,,False,False,1,10.0,10.0,10
LR_97,LR,train,10,,False,False,1,10.0,10.0,10
LR_98,LR,train,10,,False,False,1,10.0,10.0,10
LR_99,LR,train,10,,False,False,1,10.0,10.0,10
MD_1,MD,test,10,,False,False,1,10.0,10.0,10
MD_10,MD,train,10,,False,False,1,10.0,10.0,10
MD_100,MD,train,10,,False,False,1,10.0,10.0,10
MD_11,MD,test,10,,False,False,1,10.0,10.0,10
MD_12,MD,validation,10,,False,False,1,10.0,10.0,10
MD_13,MD,train,10,,False,False,1,10.0,10.0,10
MD_14,MD,train,10,,False,False,1,10.0,10.0,10
MD_15,MD,train,10,,False,False,1,10.0,10.0,10
MD_16,MD,train,10,,False,False,1,10.0,10.0,10
MD_17,MD,train,10,,False,False,1,10.0,10.0,10
MD_18,MD,train,10,,False,False,1,10.0,10.0,10
MD_19,MD,train,10,,False,False,1,10.0,10.0,10
MD_2,MD,validation,10,,False,False,1,10.0,10.0,10
MD_20,MD,train,10,,False,False,1,10.0,10.0,10
MD_21,MD,test,10,,False,False,1,10.0,10.0,10
MD_22,MD,validation,10,,False,False,1,10.0,10.0,10
MD_23,MD,train,10,,False,False,1,10.0,10.0,10
MD_24,MD,train,10,,False,False,1,10.0,10.0,10
MD_25,MD,train,10,,False,False,1,10.0,10.0,10
MD_26,MD,train,10,,False,False,1,10.0,10.0,10
MD_27,MD,train,10,,False,False,1,10.0,10.0,10
MD_28,MD,train,10,,False,False,1,10.0,10.0,10
MD_29,MD,train,10,,False,False,1,10.0,10.0,10
MD_3,MD,train,10,,False,False,1,10.0,10.0,10
MD_30,MD,train,10,,False,False,1,10.0,10.0,10
MD_31,MD,test,10,,False,False,1,10.0,10.0,10
MD_32,MD,validation,10,,False,False,1,10.0,10.0,10
MD_33,MD,train,10,,False,False,1,10.0,10.0,10
MD_34,MD,train,10,,False,False,1,10.0,10.0,10
MD_35,MD,train,10,,False,False,1,10.0,10.0,10
MD_36,MD,train,10,,False,False,1,10.0,10.0,10
MD_37,MD,train,10,,False,False,1,10.0,10.0,10
MD_38,MD,train,10,,False,False,1,10.0,10.0,10
MD_39,MD,train,10,,False,False,1,10.0,10.0,10
MD_4,MD,train,10,,False,False,1,10.0,10.0,10
MD_40,MD,train,10,,False,False,1,10.0,10.0,10
MD_41,MD,test,10,,False,False,1,10.0,10.0,10
MD_42,MD,validation,10,,False,False,1,10.0,10.0,10
MD_43,MD,train,10,,False,False,1,10.0,10.0,10
MD_44,MD,train,10,,False,False,1,10.0,10.0,10
MD_45,MD,train,10,,False,False,1,10.0,10.0,10
MD_46,MD,train,10,,False,False,1,10.0,10.0,10
MD_47,MD,train,10,,False,False,1,10.0,10.0,10
MD_48,MD,train,10,,False,False,1,10.0,10.0,10
MD_49,MD,train,10,,False,False,1,10.0,10.0,10
MD_5,MD,train,10,,False,False,1,10.0,10.0,10
MD_50,MD,train,10,,False,False,1,10.0,10.0,10
MD_51,MD,test,10,,False,False,1,10.0,10.0,10
MD_52,MD,validation,10,,False,False,1,10.0,10.0,10
MD_53,MD,train,10,,False,False,1,10.0,10.0,10
MD_54,MD,train,10,,False,False,1,10.0,10.0,10
MD_55,MD,train,10,,False,False,1,10.0,10.0,10
MD_56,MD,train,10,,False,False,1,10.0,10.0,10
MD_57,MD,train,10,,False,False,1,10.0,10.0,10
MD_58,MD,train,10,,False,False,1,10.0,10.0,10
MD_59,MD,train,10,,False,False,1,10.0,10.0,10
MD_6,MD,train,10,,False,False,1,10.0,10.0,10
MD_60,MD,train,10,,False,False,1,10.0,10.0,10
MD_61,MD,test,10,,False,False,1,10.0,10.0,10
MD_62,MD,validation,10,,False,False,1,10.0,10.0,10
MD_63,MD,train,10,,False,False,1,10.0,10.0,10
MD_64,MD,train,10,,False,False,1,10.0,10.0,10
MD_65,MD,train,10,,False,False,1,10.0,10.0,10
MD_66,MD,train,10,,False,False,1,10.0,10.0,10
MD_67,MD,train,10,,False,False,1,10.0,10.0,10
MD_68,MD,train,10,,False,False,1,10.0,10.0,10
MD_69,MD,train,10,,False,False,1,10.0,10.0,10
MD_7,MD,train,10,,False,False,1,10.0,10.0,10
MD_70,MD,train,10,,False,False,1,10.0,10.0,10
MD_71,MD,test,10,,False,False,1,10.0,10.0,10
MD_72,MD,validation,10,,False,False,1,10.0,10.0,10
MD_73,MD,train,10,,False,False,1,10.0,10.0,10
MD_74,MD,train,10,,False,False,1,10.0,10.0,10
MD_75,MD,train,10,,False,False,1,10.0,10.0,10
MD_76,MD,train,10,,False,False,1,10.0,10.0,10
MD_77,MD,train,10,,False,False,1,10.0,10.0,10
MD_78,MD,train,10,,False,False,1,10.0,10.0,10
MD_79,MD,train,10,,False,False,1,10.0,10.0,10
MD_8,MD,train,10,,False,False,1,10.0,10.0,10
MD_80,MD,train,10,,False,False,1,10.0,10.0,10
MD_81,MD,test,10,,False,False,1,10.0,10.0,10
MD_82,MD,validation,10,,False,False,1,10.0,10.0,10
MD_83,MD,train,10,,False,False,1,10.0,10.0,10
MD_84,MD,train,10,,False,False,1,10.0,10.0,10
MD_85,MD,train,10,,False,False,1,10.0,10.0,10
MD_86,MD,train,10,,False,False,1,10.0,10.0,10
MD_87,MD,train,10,,False,False,1,10.0,10.0,10
MD_88,MD,train,10,,False,False,1,10.0,10.0,10
MD_89,MD,train,10,,False,False,1,10.0,10.0,10
MD_9,MD,train,10,,False,False,1,10.0,10.0,10
MD_90,MD,train,10,,False,False,1,10.0,10.0,10
MD_91,MD,test,10,,False,False,1,10.0,10.0,10
MD_92,MD,validation,10,,False,False,1,10.0,10.0,10
MD_93,MD,train,10,,False,False,1,10.0,10.0,10
MD_94,MD,train,10,,False,False,1,10.0,10.0,10
MD_95,MD,train,10,,False,False,1,10.0,10.0,10
MD_96,MD,train,10,,False,False,1,10.0,10.0,10
MD_97,MD,train,10,,False,False,1,10.0,10.0,10
MD_98,MD,train,10,,False,False,1,10.0,10.0,10
MD_99,MD,train,10,,False,False,1,10.0,10.0,10
RI_-1,RI,train,10,528.0,True,True,1,10.0,10.0,10
RI_-10,RI,test,10,609.5,True,True,1,10.0,10.0,10
RI_-100,RI,test,10,,False,False,1,10.0,10.0,10
RI_-11,RI,train,10,677.0,True,True,1,10.0,10.0,10
RI_-12,RI,train,10,686.5,True,True,1,10.0,10.0,10
RI_-13,RI,train,10,768.5,True,True,1,10.0,10.0,10
RI_-14,RI,train,10,883.5,True,True,1,10.0,10.0,10
RI_-15,RI,train,10,916.0,True,True,1,10.0,10.0,10
RI_-16,RI,train,10,1047.5,True,True,1,10.0,10.0,10
RI_-17,RI,train,10,1229.5,True,True,1,10.0,10.0,10
RI_-18,RI,train,10,1239.5,True,True,1,10.0,10.0,10
RI_-19,RI,validation,10,1429.0,True,True,1,10.0,10.0,10
RI_-2,RI,train,10,592.5,True,True,1,10.0,10.0,10
RI_-20,RI,test,10,1679.5,True,True,1,10.0,10.0,10
RI_-21,RI,train,10,1720.5,True,True,1,10.0,10.0,10
RI_-22,RI,train,10,2253.5,True,True,1,10.0,10.0,10
RI_-23,RI,train,10,2811.0,True,True,1,10.0,10.0,10
RI_-24,RI,train,10,,False,False,1,10.0,10.0,10
RI_-25,RI,train,10,,False,False,1,10.0,10.0,10
RI_-26,RI,train,10,,False,False,1,10.0,10.0,10
RI_-27,RI,train,10,,False,False,1,10.0,10.0,10
RI_-28,RI,train,10,,False,False,1,10.0,10.0,10
RI_-29,RI,validation,10,,False,False,1,10.0,10.0,10
RI_-3,RI,train,10,637.5,True,True,1,10.0,10.0,10
RI_-30,RI,test,10,,False,False,1,10.0,10.0,10
RI_-31,RI,train,10,124.0,True,True,1,10.0,10.0,10
RI_-32,RI,train,10,123.0,True,True,1,10.0,10.0,10
RI_-33,RI,train,10,122.0,True,True,1,10.0,10.0,10
RI_-34,RI,train,10,121.0,True,True,1,10.0,10.0,10
RI_-35,RI,train,10,120.5,True,True,1,10.0,10.0,10
RI_-36,RI,train,10,120.0,True,True,1,10.0,10.0,10
RI_-37,RI,train,10,120.0,True,True,1,10.0,10.0,10
RI_-38,RI,train,10,119.5,True,True,1,10.0,10.0,10
RI_-39,RI,validation,10,119.0,True,True,1,10.0,10.0,10
RI_-4,RI,train,10,680.5,True,True,1,10.0,10.0,10
RI_-40,RI,test,10,119.0,True,True,1,10.0,10.0,10
RI_-41,RI,train,10,118.5,True,True,1,10.0,10.0,10
RI_-42,RI,train,10,118.5,True,True,1,10.0,10.0,10
RI_-43,RI,train,10,118.5,True,True,1,10.0,10.0,10
RI_-44,RI,train,10,118.0,True,True,1,10.0,10.0,10
RI_-45,RI,train,10,118.0,True,True,1,10.0,10.0,10
RI_-46,RI,train,10,118.0,True,True,1,10.0,10.0,10
RI_-47,RI,train,10,118.0,True,True,1,10.0,10.0,10
RI_-48,RI,train,10,118.0,True,True,1,10.0,10.0,10
RI_-49,RI,validation,10,118.0,True,True,1,10.0,10.0,10
RI_-5,RI,train,10,658.0,True,True,1,10.0,10.0,10
RI_-50,RI,test,10,118.0,True,True,1,10.0,10.0,10
RI_-51,RI,train,10,118.0,True,True,1,10.0,10.0,10
RI_-52,RI,train,10,118.0,True,True,1,10.0,10.0,10
RI_-53,RI,train,10,117.5,True,True,1,10.0,10.0,10
RI_-54,RI,train,10,117.5,True,True,1,10.0,10.0,10
RI_-55,RI,train,10,117.5,True,True,1,10.0,10.0,10
RI_-56,RI,train,10,117.5,True,True,1,10.0,10.0,10
RI_-57,RI,train,10,117.5,True,True,1,10.0,10.0,10
RI_-58,RI,train,10,117.5,True,True,1,10.0,10.0,10
RI_-59,RI,validation,10,117.5,True,True,1,10.0,10.0,10
RI_-6,RI,train,10,893.5,True,True,1,10.0,10.0,10
RI_-60,RI,test,10,117.5,True,True,1,10.0,10.0,10
RI_-61,RI,train,10,117.5,True,True,1,10.0,10.0,10
RI_-62,RI,train,10,117.5,True,True,1,10.0,10.0,10
RI_-63,RI,train,10,117.5,True,True,1,10.0,10.0,10
RI_-64,RI,train,10,117.5,True,True,1,10.0,10.0,10
RI_-65,RI,train,10,117.5,True,True,1,10.0,10.0,10
RI_-66,RI,train,10,117.5,True,True,1,10.0,10.0,10
RI_-67,RI,train,10,117.5,True,True,1,10.0,10.0,10
RI_-68,RI,train,10,117.5,True,True,1,10.0,10.0,10
RI_-69,RI,validation,10,117.0,True,True,1,10.0,10.0,10
RI_-7,RI,train,10,746.0,True,True,1,10.0,10.0,10
RI_-70,RI,test,10,117.0,True,True,1,10.0,10.0,10
RI_-71,RI,train,10,117.0,True,True,1,10.0,10.0,10
RI_-72,RI,train,10,117.0,True,True,1,10.0,10.0,10
RI_-73,RI,train,10,117.0,True,True,1,10.0,10.0,10
RI_-74,RI,train,10,117.0,True,True,1,10.0,10.0,10
RI_-75,RI,train,10,117.0,True,True,1,10.0,10.0,10
RI_-76,RI,train,10,117.0,True,True,1,10.0,10.0,10
RI_-77,RI,train,10,117.0,True,True,1,10.0,10.0,10
RI_-78,RI,train,10,117.0,True,True,1,10.0,10.0,10
RI_-79,RI,validation,10,117.0,True,True,1,10.0,10.0,10
RI_-8,RI,train,10,609.0,True,True,1,10.0,10.0,10
RI_-80,RI,test,10,117.0,True,True,1,10.0,10.0,10
RI_-81,RI,train,10,117.0,True,True,1,10.0,10.0,10
RI_-82,RI,train,10,116.0,True,True,1,10.0,10.0,10
RI_-83,RI,train,10,,False,False,1,10.0,10.0,10
RI_-84,RI,train,10,,False,False,1,10.0,10.0,10
RI_-85,RI,train,10,,False,False,1,10.0,10.0,10
RI_-86,RI,train,10,,False,False,1,10.0,10.0,10
RI_-87,RI,train,10,,False,False,1,10.0,10.0,10
RI_-88,RI,train,10,,False,False,1,10.0,10.0,10
RI_-89,RI,validation,10,,False,False,1,10.0,10.0,10
RI_-9,RI,validation,10,578.0,True,True,1,10.0,10.0,10
RI_-90,RI,test,10,,False,False,1,10.0,10.0,10
RI_-91,RI,train,10,,False,False,1,10.0,10.0,10
RI_-92,RI,train,10,,False,False,1,10.0,10.0,10
RI_-93,RI,train,10,,False,False,1,10.0,10.0,10
RI_-94,RI,train,10,,False,False,1,10.0,10.0,10
RI_-95,RI,train,10,,False,False,1,10.0,10.0,10
RI_-96,RI,train,10,,False,False,1,10.0,10.0,10
RI_-97,RI,train,10,,False,False,1,10.0,10.0,10
RI_-98,RI,train,10,,False,False,1,10.0,10.0,10
RI_-99,RI,validation,10,,False,False,1,10.0,10.0,10
RW_1,RW,test,10,403.5,True,True,1,10.0,10.0,10
RW_10,RW,train,10,103.0,True,True,1,10.0,10.0,10
RW_100,RW,train,10,102.0,True,True,1,10.0,10.0,10
RW_11,RW,test,10,103.0,True,True,1,10.0,10.0,10
RW_12,RW,validation,10,103.0,True,True,1,10.0,10.0,10
RW_13,RW,train,10,103.0,True,True,1,10.0,10.0,10
RW_14,RW,train,10,103.0,True,True,1,10.0,10.0,10
RW_15,RW,train,10,102.5,True,True,1,10.0,10.0,10
RW_16,RW,train,10,102.5,True,True,1,10.0,10.0,10
RW_17,RW,train,10,102.5,True,True,1,10.0,10.0,10
RW_18,RW,train,10,102.5,True,True,1,10.0,10.0,10
RW_19,RW,train,10,102.5,True,True,1,10.0,10.0,10
RW_2,RW,validation,10,362.5,True,True,1,10.0,10.0,10
RW_20,RW,train,10,102.5,True,True,1,10.0,10.0,10
RW_21,RW,test,10,102.5,True,True,1,10.0,10.0,10
RW_22,RW,validation,10,102.5,True,True,1,10.0,10.0,10
RW_23,RW,train,10,102.5,True,True,1,10.0,10.0,10
RW_24,RW,train,10,102.5,True,True,1,10.0,10.0,10
RW_25,RW,train,10,102.5,True,True,1,10.0,10.0,10
RW_26,RW,train,10,102.5,True,True,1,10.0,10.0,10
RW_27,RW,train,10,102.5,True,True,1,10.0,10.0,10
RW_28,RW,train,10,102.5,True,True,1,10.0,10.0,10
RW_29,RW,train,10,102.5,True,True,1,10.0,10.0,10
RW_3,RW,train,10,337.5,True,True,1,10.0,10.0,10
RW_30,RW,train,10,102.5,True,True,1,10.0,10.0,10
RW_31,RW,test,10,102.5,True,True,1,10.0,10.0,10
RW_32,RW,validation,10,102.5,True,True,1,10.0,10.0,10
RW_33,RW,train,10,102.0,True,True,1,10.0,10.0,10
RW_34,RW,train,10,102.0,True,True,1,10.0,10.0,10
RW_35,RW,train,10,102.0,True,True,1,10.0,10.0,10
RW_36,RW,train,10,102.0,True,True,1,10.0,10.0,10
RW_37,RW,train,10,102.0,True,True,1,10.0,10.0,10
RW_38,RW,train,10,102.0,True,True,1,10.0,10.0,10
RW_39,RW,train,10,102.0,True,True,1,10.0,10.0,10
RW_4,RW,train,10,106.0,True,True,1,10.0,10.0,10
RW_40,RW,train,10,102.0,True,True,1,10.0,10.0,10
RW_41,RW,test,10,102.0,True,True,1,10.0,10.0,10
RW_42,RW,validation,10,102.0,True,True,1,10.0,10.0,10
RW_43,RW,train,10,102.0,True,True,1,10.0,10.0,10
RW_44,RW,train,10,102.0,True,True,1,10.0,10.0,10
RW_45,RW,train,10,102.0,True,True,1,10.0,10.0,10
RW_46,RW,train,10,102.0,True,True,1,10.0,10.0,10
RW_47,RW,train,10,102.0,True,True,1,10.0,10.0,10
RW_48,RW,train,10,102.0,True,True,1,10.0,10.0,10
RW_49,RW,train,10,102.0,True,True,1,10.0,10.0,10
RW_5,RW,train,10,105.0,True,True,1,10.0,10.0,10
RW_50,RW,train,10,102.0,True,True,1,10.0,10.0,10
RW_51,RW,test,10,102.0,True,True,1,10.0,10.0,10
RW_52,RW,validation,10,102.0,True,True,1,10.0,10.0,10
RW_53,RW,train,10,102.0,True,True,1,10.0,10.0,10
RW_54,RW,train,10,102.0,True,True,1,10.0,10.0,10
RW_55,RW,train,10,102.0,True,True,1,10.0,10.0,10
RW_56,RW,train,10,102.0,True,True,1,10.0,10.0,10
RW_57,RW,train,10,102.0,True,True,1,10.0,10.0,10
RW_58,RW,train,10,102.0,True,True,1,10.0,10.0,10
RW_59,RW,train,10,102.0,True,True,1,10.0,10.0,10
RW_6,RW,train,10,104.0,True,True,1,10.0,10.0,10
RW_60,RW,train,10,102.0,True,True,1,10.0,10.0,10
RW_61,RW,test,10,102.0,True,True,1,10.0,10.0,10
RW_62,RW,validation,10,102.0,True,True,1,10.0,10.0,10
RW_63,RW,train,10,102.0,True,True,1,10.0,10.0,10
RW_64,RW,train,10,102.0,True,True,1,10.0,10.0,10
RW_65,RW,train,10,102.0,True,True,1,10.0,10.0,10
RW_66,RW,train,10,102.0,True,True,1,10.0,10.0,10
RW_67,RW,train,10,102.0,True,True,1,10.0,10.0,10
RW_68,RW,train,10,102.0,True,True,1,10.0,10.0,10
RW_69,RW,train,10,102.0,True,True,1,10.0,10.0,10
RW_7,RW,train,10,104.0,True,True,1,10.0,10.0,10
RW_70,RW,train,10,102.0,True,True,1,10.0,10.0,10
RW_71,RW,test,10,102.0,True,True,1,10.0,10.0,10
RW_72,RW,validation,10,102.0,True,True,1,10.0,10.0,10
RW_73,RW,train,10,102.0,True,True,1,10.0,10.0,10
RW_74,RW,train,10,102.0,True,True,1,10.0,10.0,10
RW_75,RW,train,10,102.0,True,True,1,10.0,10.0,10
RW_76,RW,train,10,102.0,True,True,1,10.0,10.0,10
RW_77,RW,train,10,102.0,True,True,1,10.0,10.0,10
RW_78,RW,train,10,102.0,True,True,1,10.0,10.0,10
RW_79,RW,train,10,102.0,True,True,1,10.0,10.0,10
RW_8,RW,train,10,103.5,True,True,1,10.0,10.0,10
RW_80,RW,train,10,102.0,True,True,1,10.0,10.0,10
RW_81,RW,test,10,102.0,True,True,1,10.0,10.0,10
RW_82,RW,validation,10,102.0,True,True,1,10.0,10.0,10
RW_83,RW,train,10,102.0,True,True,1,10.0,10.0,10
RW_84,RW,train,10,102.0,True,True,1,10.0,10.0,10
RW_85,RW,train,10,102.0,True,True,1,10.0,10.0,10
RW_86,RW,train,10,102.0,True,True,1,10.0,10.0,10
RW_87,RW,train,10,102.0,True,True,1,10.0,10.0,10
RW_88,RW,train,10,102.0,True,True,1,10.0,10.0,10
RW_89,RW,train,10,102.0,True,True,1,10.0,10.0,10
RW_9,RW,train,10,103.5,True,True,1,10.0,10.0,10
RW_90,RW,train,10,102.0,True,True,1,10.0,10.0,10
RW_91,RW,test,10,102.0,True,True,1,10.0,10.0,10
RW_92,RW,validation,10,102.0,True,True,1,10.0,10.0,10
RW_93,RW,train,10,102.0,True,True,1,10.0,10.0,10
RW_94,RW,train,10,102.0,True,True,1,10.0,10.0,10
RW_95,RW,train,10,102.0,True,True,1,10.0,10.0,10
RW_96,RW,train,10,102.0,True,True,1,10.0,10.0,10
RW_97,RW,train,10,102.0,True,True,1,10.0,10.0,10
RW_98,RW,train,10,102.0,True,True,1,10.0,10.0,10
RW_99,RW,train,10,102.0,True,True,1,10.0,10.0,10
SGATR_1,SGATR,test,10,,False,False,1,10.0,10.0,10
SGATR_10,SGATR,train,10,,False,False,1,10.0,10.0,10
SGATR_100,SGATR,train,10,695.0,True,True,1,10.0,10.0,10
SGATR_11,SGATR,test,10,,False,False,1,10.0,10.0,10
SGATR_12,SGATR,validation,10,,False,False,1,10.0,10.0,10
SGATR_13,SGATR,train,10,,False,False,1,10.0,10.0,10
SGATR_14,SGATR,train,10,,False,False,1,10.0,10.0,10
SGATR_15,SGATR,train,10,,False,False,1,10.0,10.0,10
SGATR_16,SGATR,train,10,,False,False,1,10.0,10.0,10
SGATR_17,SGATR,train,10,,False,False,1,10.0,10.0,10
SGATR_18,SGATR,train,10,,False,False,1,10.0,10.0,10
SGATR_19,SGATR,train,10,,False,False,1,10.0,10.0,10
SGATR_2,SGATR,validation,10,,False,False,1,10.0,10.0,10
SGATR_20,SGATR,train,10,,False,False,1,10.0,10.0,10
SGATR_21,SGATR,test,10,,False,False,1,10.0,10.0,10
SGATR_22,SGATR,validation,10,,False,False,1,10.0,10.0,10
SGATR_23,SGATR,train,10,,False,False,1,10.0,10.0,10
SGATR_24,SGATR,train,10,,False,False,1,10.0,10.0,10
SGATR_25,SGATR,train,10,,False,False,1,10.0,10.0,10
SGATR_26,SGATR,train,10,,False,False,1,10.0,10.0,10
SGATR_27,SGATR,train,10,,False,False,1,10.0,10.0,10
SGATR_28,SGATR,train,10,,False,False,1,10.0,10.0,10
SGATR_29,SGATR,train,10,,False,False,1,10.0,10.0,10
SGATR_3,SGATR,train,10,,False,False,1,10.0,10.0,10
SGATR_30,SGATR,train,10,,False,False,1,10.0,10.0,10
SGATR_31,SGATR,test,10,,False,False,1,10.0,10.0,10
SGATR_32,SGATR,validation,10,,False,False,1,10.0,10.0,10
SGATR_33,SGATR,train,10,,False,False,1,10.0,10.0,10
SGATR_34,SGATR,train,10,,False,False,1,10.0,10.0,10
SGATR_35,SGATR,train,10,,False,False,1,10.0,10.0,10
SGATR_36,SGATR,train,10,,False,False,1,10.0,10.0,10
SGATR_37,SGATR,train,10,,False,False,1,10.0,10.0,10
SGATR_38,SGATR,train,10,,False,False,1,10.0,10.0,10
SGATR_39,SGATR,train,10,,False,False,1,10.0,10.0,10
SGATR_4,SGATR,train,10,,False,False,1,10.0,10.0,10
SGATR_40,SGATR,train,10,,False,False,1,10.0,10.0,10
SGATR_41,SGATR,test,10,,False,False,1,10.0,10.0,10
SGATR_42,SGATR,validation,10,,False,False,1,10.0,10.0,10
SGATR_43,SGATR,train,10,,False,False,1,10.0,10.0,10
SGATR_44,SGATR,train,10,,False,False,1,10.0,10.0,10
SGATR_45,SGATR,train,10,,False,False,1,10.0,10.0,10
SGATR_46,SGATR,train,10,,False,False,1,10.0,10.0,10
SGATR_47,SGATR,train,10,,False,False,1,10.0,10.0,10
SGATR_48,SGATR,train,10,,False,False,1,10.0,10.0,10
SGATR_49,SGATR,train,10,,False,False,1,10.0,10.0,10
SGATR_5,SGATR,train,10,,False,False,1,10.0,10.0,10
SGATR_50,SGATR,train,10,,False,False,1,10.0,10.0,10
SGATR_51,SGATR,test,10,,False,False,1,10.0,10.0,10
SGATR_52,SGATR,validation,10,,False,False,1,10.0,10.0,10
SGATR_53,SGATR,train,10,,False,False,1,10.0,10.0,10
SGATR_54,SGATR,train,10,,False,False,1,10.0,10.0,10
SGATR_55,SGATR,train,10,,False,False,1,10.0,10.0,10
SGATR_56,SGATR,train,10,,False,False,1,10.0,10.0,10
SGATR_57,SGATR,train,10,2483.5,True,True,1,10.0,10.0,10
SGATR_58,SGATR,train,10,2344.5,True,True,1,10.0,10.0,10
SGATR_59,SGATR,train,10,2220.0,True,True,1,10.0,10.0,10
SGATR_6,SGATR,train,10,,False,False,1,10.0,10.0,10
SGATR_60,SGATR,train,10,2107.5,True,True,1,10.0,10.0,10
SGATR_61,SGATR,test,10,2007.5,True,True,1,10.0,10.0,10
SGATR_62,SGATR,validation,10,1916.5,True,True,1,10.0,10.0,10
SGATR_63,SGATR,train,10,1833.0,True,True,1,10.0,10.0,10
SGATR_64,SGATR,train,10,1756.5,True,True,1,10.0,10.0,10
SGATR_65,SGATR,train,10,1686.0,True,True,1,10.0,10.0,10
SGATR_66,SGATR,train,10,1620.0,True,True,1,10.0,10.0,10
SGATR_67,SGATR,train,10,1559.5,True,True,1,10.0,10.0,10
SGATR_68,SGATR,train,10,1502.5,True,True,1,10.0,10.0,10
SGATR_69,SGATR,train,10,1450.0,True,True,1,10.0,10.0,10
SGATR_7,SGATR,train,10,,False,False,1,10.0,10.0,10
SGATR_70,SGATR,train,10,1400.5,True,True,1,10.0,10.0,10
SGATR_71,SGATR,test,10,1354.0,True,True,1,10.0,10.0,10
SGATR_72,SGATR,validation,10,1311.0,True,True,1,10.0,10.0,10
SGATR_73,SGATR,train,10,1270.0,True,True,1,10.0,10.0,10
SGATR_74,SGATR,train,10,1232.0,True,True,1,10.0,10.0,10
SGATR_75,SGATR,train,10,1196.0,True,True,1,10.0,10.0,10
SGATR_76,SGATR,train,10,1162.0,True,True,1,10.0,10.0,10
SGATR_77,SGATR,train,10,1129.5,True,True,1,10.0,10.0,10
SGATR_78,SGATR,train,10,1099.5,True,True,1,10.0,10.0,10
SGATR_79,SGATR,train,10,1070.5,True,True,1,10.0,10.0,10
SGATR_8,SGATR,train,10,,False,False,1,10.0,10.0,10
SGATR_80,SGATR,train,10,1043.0,True,True,1,10.0,10.0,10
SGATR_81,SGATR,test,10,1017.0,True,True,1,10.0,10.0,10
SGATR_82,SGATR,validation,10,992.5,True,True,1,10.0,10.0,10
SGATR_83,SGATR,train,10,969.0,True,True,1,10.0,10.0,10
SGATR_84,SGATR,train,10,947.0,True,True,1,10.0,10.0,10
SGATR_85,SGATR,train,10,925.5,True,True,1,10.0,10.0,10
SGATR_86,SGATR,train,10,905.0,True,True,1,10.0,10.0,10
SGATR_87,SGATR,train,10,885.5,True,True,1,10.0,10.0,10
SGATR_88,SGATR,train,10,867.0,True,True,1,10.0,10.0,10
SGATR_89,SGATR,train,10,849.5,True,True,1,10.0,10.0,10
SGATR_9,SGATR,train,10,,False,False,1,10.0,10.0,10
SGATR_90,SGATR,train,10,832.0,True,True,1,10.0,10.0,10
SGATR_91,SGATR,test,10,816.0,True,True,1,10.0,10.0,10
SGATR_92,SGATR,validation,10,800.5,True,True,1,10.0,10.0,10
SGATR_93,SGATR,train,10,785.5,True,True,1,10.0,10.0,10
SGATR_94,SGATR,train,10,771.0,True,True,1,10.0,10.0,10
SGATR_95,SGATR,train,10,757.0,True,True,1,10.0,10.0,10
SGATR_96,SGATR,train,10,743.5,True,True,1,10.0,10.0,10
SGATR_97,SGATR,train,10,731.0,True,True,1,10.0,10.0,10
SGATR_98,SGATR,train,10,718.5,True,True,1,10.0,10.0,10
SGATR_99,SGATR,train,10,706.5,True,True,1,10.0,10.0,10
SGBTR_1,SGBTR,test,10,,False,False,1,10.0,10.0,10
SGBTR_10,SGBTR,train,10,,False,False,1,10.0,10.0,10
SGBTR_100,SGBTR,train,10,694.5,True,True,1,10.0,10.0,10
SGBTR_101,SGBTR,test,10,683.5,True,True,1,10.0,10.0,10
SGBTR_102,SGBTR,validation,10,673.0,True,True,1,10.0,10.0,10
SGBTR_103,SGBTR,train,10,662.5,True,True,1,10.0,10.0,10
SGBTR_104,SGBTR,train,10,652.5,True,True,1,10.0,10.0,10
SGBTR_105,SGBTR,train,10,643.0,True,True,1,10.0,10.0,10
SGBTR_106,SGBTR,train,10,633.5,True,True,1,10.0,10.0,10
SGBTR_107,SGBTR,train,10,624.5,True,True,1,10.0,10.0,10
SGBTR_108,SGBTR,train,10,616.0,True,True,1,10.0,10.0,10
SGBTR_109,SGBTR,train,10,607.0,True,True,1,10.0,10.0,10
SGBTR_11,SGBTR,test,10,,False,False,1,10.0,10.0,10
SGBTR_110,SGBTR,train,10,599.0,True,True,1,10.0,10.0,10
SGBTR_12,SGBTR,validation,10,,False,False,1,10.0,10.0,10
SGBTR_13,SGBTR,train,10,,False,False,1,10.0,10.0,10
SGBTR_14,SGBTR,train,10,,False,False,1,10.0,10.0,10
SGBTR_15,SGBTR,train,10,,False,False,1,10.0,10.0,10
SGBTR_16,SGBTR,train,10,,False,False,1,10.0,10.0,10
SGBTR_17,SGBTR,train,10,,False,False,1,10.0,10.0,10
SGBTR_18,SGBTR,train,10,,False,False,1,10.0,10.0,10
SGBTR_19,SGBTR,train,10,,False,False,1,10.0,10.0,10
SGBTR_2,SGBTR,validation,10,,False,False,1,10.0,10.0,10
SGBTR_20,SGBTR,train,10,,False,False,1,10.0,10.0,10
SGBTR_21,SGBTR,test,10,,False,False,1,10.0,10.0,10
SGBTR_22,SGBTR,validation,10,,False,False,1,10.0,10.0,10
SGBTR_23,SGBTR,train,10,,False,False,1,10.0,10.0,10
SGBTR_24,SGBTR,train,10,,False,False,1,10.0,10.0,10
SGBTR_25,SGBTR,train,10,,False,False,1,10.0,10.0,10
SGBTR_26,SGBTR,train,10,,False,False,1,10.0,10.0,10
SGBTR_27,SGBTR,train,10,,False,False,1,10.0,10.0,10
SGBTR_28,SGBTR,train,10,,False,False,1,10.0,10.0,10
SGBTR_29,SGBTR,train,10,,False,False,1,10.0,10.0,10
SGBTR_3,SGBTR,train,10,,False,False,1,10.0,10.0,10
SGBTR_30,SGBTR,train,10,,False,False,1,10.0,10.0,10
SGBTR_31,SGBTR,test,10,,False,False,1,10.0,10.0,10
SGBTR_32,SGBTR,validation,10,,False,False,1,10.0,10.0,10
SGBTR_33,SGBTR,train,10,,False,False,1,10.0,10.0,10
SGBTR_34,SGBTR,train,10,,False,False,1,10.0,10.0,10
SGBTR_35,SGBTR,train,10,,False,False,1,10.0,10.0,10
SGBTR_36,SGBTR,train,10,,False,False,1,10.0,10.0,10
SGBTR_37,SGBTR,train,10,,False,False,1,10.0,10.0,10
SGBTR_38,SGBTR,train,10,,False,False,1,10.0,10.0,10
SGBTR_39,SGBTR,train,10,,False,False,1,10.0,10.0,10
SGBTR_4,SGBTR,train,10,,False,False,1,10.0,10.0,10
SGBTR_40,SGBTR,train,10,,False,False,1,10.0,10.0,10
SGBTR_41,SGBTR,test,10,,False,False,1,10.0,10.0,10
SGBTR_42,SGBTR,validation,10,,False,False,1,10.0,10.0,10
SGBTR_43,SGBTR,train,10,,False,False,1,10.0,10.0,10
SGBTR_44,SGBTR,train,10,,False,False,1,10.0,10.0,10
SGBTR_45,SGBTR,train,10,,False,False,1,10.0,10.0,10
SGBTR_46,SGBTR,train,10,,False,False,1,10.0,10.0,10
SGBTR_47,SGBTR,train,10,,False,False,1,10.0,10.0,10
SGBTR_48,SGBTR,train,10,,False,False,1,10.0,10.0,10
SGBTR_49,SGBTR,train,10,,False,False,1,10.0,10.0,10
SGBTR_5,SGBTR,train,10,,False,False,1,10.0,10.0,10
SGBTR_50,SGBTR,train,10,,False,False,1,10.0,10.0,10
SGBTR_51,SGBTR,test,10,,False,False,1,10.0,10.0,10
SGBTR_52,SGBTR,validation,10,,False,False,1,10.0,10.0,10
SGBTR_53,SGBTR,train,10,,False,False,1,10.0,10.0,10
SGBTR_54,SGBTR,train,10,,False,False,1,10.0,10.0,10
SGBTR_55,SGBTR,train,10,,False,False,1,10.0,10.0,10
SGBTR_56,SGBTR,train,10,,False,False,1,10.0,10.0,10
SGBTR_57,SGBTR,train,10,2483.0,True,True,1,10.0,10.0,10
SGBTR_58,SGBTR,train,10,2344.0,True,True,1,10.0,10.0,10
SGBTR_59,SGBTR,train,10,2219.0,True,True,1,10.0,10.0,10
SGBTR_6,SGBTR,train,10,,False,False,1,10.0,10.0,10
SGBTR_60,SGBTR,train,10,2107.0,True,True,1,10.0,10.0,10
SGBTR_61,SGBTR,test,10,2007.0,True,True,1,10.0,10.0,10
SGBTR_62,SGBTR,validation,10,1916.0,True,True,1,10.0,10.0,10
SGBTR_63,SGBTR,train,10,1832.5,True,True,1,10.0,10.0,10
SGBTR_64,SGBTR,train,10,1756.0,True,True,1,10.0,10.0,10
SGBTR_65,SGBTR,train,10,1685.0,True,True,1,10.0,10.0,10
SGBTR_66,SGBTR,train,10,1619.5,True,True,1,10.0,10.0,10
SGBTR_67,SGBTR,train,10,1559.0,True,True,1,10.0,10.0,10
SGBTR_68,SGBTR,train,10,1502.0,True,True,1,10.0,10.0,10
SGBTR_69,SGBTR,train,10,1449.0,True,True,1,10.0,10.0,10
SGBTR_7,SGBTR,train,10,,False,False,1,10.0,10.0,10
SGBTR_70,SGBTR,train,10,1399.5,True,True,1,10.0,10.0,10
SGBTR_71,SGBTR,test,10,1353.5,True,True,1,10.0,10.0,10
SGBTR_72,SGBTR,validation,10,1310.5,True,True,1,10.0,10.0,10
SGBTR_73,SGBTR,train,10,1269.5,True,True,1,10.0,10.0,10
SGBTR_74,SGBTR,train,10,1231.5,True,True,1,10.0,10.0,10
SGBTR_75,SGBTR,train,10,1195.0,True,True,1,10.0,10.0,10
SGBTR_76,SGBTR,train,10,1161.0,True,True,1,10.0,10.0,10
SGBTR_77,SGBTR,train,10,1129.5,True,True,1,10.0,10.0,10
SGBTR_78,SGBTR,train,10,1098.5,True,True,1,10.0,10.0,10
SGBTR_79,SGBTR,train,10,1070.0,True,True,1,10.0,10.0,10
SGBTR_8,SGBTR,train,10,,False,False,1,10.0,10.0,10
SGBTR_80,SGBTR,train,10,1042.5,True,True,1,10.0,10.0,10
SGBTR_81,SGBTR,test,10,1017.0,True,True,1,10.0,10.0,10
SGBTR_82,SGBTR,validation,10,992.0,True,True,1,10.0,10.0,10
SGBTR_83,SGBTR,train,10,968.5,True,True,1,10.0,10.0,10
SGBTR_84,SGBTR,train,10,946.5,True,True,1,10.0,10.0,10
SGBTR_85,SGBTR,train,10,925.0,True,True,1,10.0,10.0,10
SGBTR_86,SGBTR,train,10,905.0,True,True,1,10.0,10.0,10
SGBTR_87,SGBTR,train,10,885.5,True,True,1,10.0,10.0,10
SGBTR_88,SGBTR,train,10,866.5,True,True,1,10.0,10.0,10
SGBTR_89,SGBTR,train,10,849.0,True,True,1,10.0,10.0,10
SGBTR_9,SGBTR,train,10,,False,False,1,10.0,10.0,10
SGBTR_90,SGBTR,train,10,832.0,True,True,1,10.0,10.0,10
SGBTR_91,SGBTR,test,10,815.5,True,True,1,10.0,10.0,10
SGBTR_92,SGBTR,validation,10,800.0,True,True,1,10.0,10.0,10
SGBTR_93,SGBTR,train,10,785.0,True,True,1,10.0,10.0,10
SGBTR_94,SGBTR,train,10,770.5,True,True,1,10.0,10.0,10
SGBTR_95,SGBTR,train,10,756.5,True,True,1,10.0,10.0,10
SGBTR_96,SGBTR,train,10,743.5,True,True,1,10.0,10.0,10
SGBTR_97,SGBTR,train,10,730.5,True,True,1,10.0,10.0,10
SGBTR_98,SGBTR,train,10,718.0,True,True,1,10.0,10.0,10
SGBTR_99,SGBTR,train,10,706.0,True,True,1,10.0,10.0,10
SLBIC_1,SLBIC,test,10,,False,False,1,10.0,10.0,10
SLBIC_10,SLBIC,train,10,,False,False,1,10.0,10.0,10
SLBIC_100,SLBIC,train,10,205.0,True,True,1,10.0,10.0,10
SLBIC_101,SLBIC,test,10,204.0,True,True,1,10.0,10.0,10
SLBIC_11,SLBIC,test,10,,False,False,1,10.0,10.0,10
SLBIC_12,SLBIC,validation,10,,False,False,1,10.0,10.0,10
SLBIC_13,SLBIC,train,10,,False,False,1,10.0,10.0,10
SLBIC_14,SLBIC,train,10,5232.0,True,True,1,10.0,10.0,10
SLBIC_15,SLBIC,train,10,4386.0,True,True,1,10.0,10.0,10
SLBIC_16,SLBIC,train,10,3893.0,True,True,1,10.0,10.0,10
SLBIC_17,SLBIC,train,10,3672.0,True,True,1,10.0,10.0,10
SLBIC_18,SLBIC,train,10,3489.5,True,True,1,10.0,10.0,10
SLBIC_19,SLBIC,train,10,3348.5,True,True,1,10.0,10.0,10
SLBIC_2,SLBIC,validation,10,,False,False,1,10.0,10.0,10
SLBIC_20,SLBIC,train,10,3314.0,True,True,1,10.0,10.0,10
SLBIC_21,SLBIC,test,10,3247.5,True,True,1,10.0,10.0,10
SLBIC_22,SLBIC,validation,10,3181.5,True,True,1,10.0,10.0,10
SLBIC_23,SLBIC,train,10,3053.5,True,True,1,10.0,10.0,10
SLBIC_24,SLBIC,train,10,2925.5,True,True,1,10.0,10.0,10
SLBIC_25,SLBIC,train,10,2739.0,True,True,1,10.0,10.0,10
SLBIC_26,SLBIC,train,10,463.5,True,True,1,10.0,10.0,10
SLBIC_27,SLBIC,train,10,450.5,True,True,1,10.0,10.0,10
SLBIC_28,SLBIC,train,10,438.5,True,True,1,10.0,10.0,10
SLBIC_29,SLBIC,train,10,427.0,True,True,1,10.0,10.0,10
SLBIC_3,SLBIC,train,10,,False,False,1,10.0,10.0,10
SLBIC_30,SLBIC,train,10,416.5,True,True,1,10.0,10.0,10
SLBIC_31,SLBIC,test,10,407.0,True,True,1,10.0,10.0,10
SLBIC_32,SLBIC,validation,10,397.5,True,True,1,10.0,10.0,10
SLBIC_33,SLBIC,train,10,389.0,True,True,1,10.0,10.0,10
SLBIC_34,SLBIC,train,10,381.0,True,True,1,10.0,10.0,10
SLBIC_35,SLBIC,train,10,373.5,True,True,1,10.0,10.0,10
SLBIC_36,SLBIC,train,10,366.5,True,True,1,10.0,10.0,10
SLBIC_37,SLBIC,train,10,359.5,True,True,1,10.0,10.0,10
SLBIC_38,SLBIC,train,10,353.0,True,True,1,10.0,10.0,10
SLBIC_39,SLBIC,train,10,347.0,True,True,1,10.0,10.0,10
SLBIC_4,SLBIC,train,10,,False,False,1,10.0,10.0,10
SLBIC_40,SLBIC,train,10,341.0,True,True,1,10.0,10.0,10
SLBIC_41,SLBIC,test,10,335.5,True,True,1,10.0,10.0,10
SLBIC_42,SLBIC,validation,10,330.5,True,True,1,10.0,10.0,10
SLBIC_43,SLBIC,train,10,325.5,True,True,1,10.0,10.0,10
SLBIC_44,SLBIC,train,10,320.5,True,True,1,10.0,10.0,10
SLBIC_45,SLBIC,train,10,316.0,True,True,1,10.0,10.0,10
SLBIC_46,SLBIC,train,10,311.5,True,True,1,10.0,10.0,10
SLBIC_47,SLBIC,train,10,307.5,True,True,1,10.0,10.0,10
SLBIC_48,SLBIC,train,10,303.5,True,True,1,10.0,10.0,10
SLBIC_49,SLBIC,train,10,299.5,True,True,1,10.0,10.0,10
SLBIC_5,SLBIC,train,10,,False,False,1,10.0,10.0,10
SLBIC_50,SLBIC,train,10,296.0,True,True,1,10.0,10.0,10
SLBIC_51,SLBIC,test,10,292.5,True,True,1,10.0,10.0,10
SLBIC_52,SLBIC,validation,10,289.0,True,True,1,10.0,10.0,10
SLBIC_53,SLBIC,train,10,285.5,True,True,1,10.0,10.0,10
SLBIC_54,SLBIC,train,10,282.5,True,True,1,10.0,10.0,10
SLBIC_55,SLBIC,train,10,279.5,True,True,1,10.0,10.0,10
SLBIC_56,SLBIC,train,10,276.5,True,True,1,10.0,10.0,10
SLBIC_57,SLBIC,train,10,273.5,True,True,1,10.0,10.0,10
SLBIC_58,SLBIC,train,10,271.0,True,True,1,10.0,10.0,10
SLBIC_59,SLBIC,train,10,268.0,True,True,1,10.0,10.0,10
SLBIC_6,SLBIC,train,10,,False,False,1,10.0,10.0,10
SLBIC_60,SLBIC,train,10,265.5,True,True,1,10.0,10.0,10
SLBIC_61,SLBIC,test,10,263.0,True,True,1,10.0,10.0,10
SLBIC_62,SLBIC,validation,10,260.5,True,True,1,10.0,10.0,10
SLBIC_63,SLBIC,train,10,258.5,True,True,1,10.0,10.0,10
SLBIC_64,SLBIC,train,10,256.0,True,True,1,10.0,10.0,10
SLBIC_65,SLBIC,train,10,254.0,True,True,1,10.0,10.0,10
SLBIC_66,SLBIC,train,10,252.0,True,True,1,10.0,10.0,10
SLBIC_67,SLBIC,train,10,250.0,True,True,1,10.0,10.0,10
SLBIC_68,SLBIC,train,10,248.0,True,True,1,10.0,10.0,10
SLBIC_69,SLBIC,train,10,246.0,True,True,1,10.0,10.0,10
SLBIC_7,SLBIC,train,10,,False,False,1,10.0,10.0,10
SLBIC_70,SLBIC,train,10,244.0,True,True,1,10.0,10.0,10
SLBIC_71,SLBIC,test,10,242.0,True,True,1,10.0,10.0,10
SLBIC_72,SLBIC,validation,10,240.5,True,True,1,10.0,10.0,10
SLBIC_73,SLBIC,train,10,238.5,True,True,1,10.0,10.0,10
SLBIC_74,SLBIC,train,10,237.0,True,True,1,10.0,10.0,10
SLBIC_75,SLBIC,train,10,235.5,True,True,1,10.0,10.0,10
SLBIC_76,SLBIC,train,10,234.0,True,True,1,10.0,10.0,10
SLBIC_77,SLBIC,train,10,232.5,True,True,1,10.0,10.0,10
SLBIC_78,SLBIC,train,10,231.0,True,True,1,10.0,10.0,10
SLBIC_79,SLBIC,train,10,229.5,True,True,1,10.0,10.0,10
SLBIC_8,SLBIC,train,10,,False,False,1,10.0,10.0,10
SLBIC_80,SLBIC,train,10,228.0,True,True,1,10.0,10.0,10
SLBIC_81,SLBIC,test,10,226.5,True,True,1,10.0,10.0,10
SLBIC_82,SLBIC,validation,10,225.0,True,True,1,10.0,10.0,10
SLBIC_83,SLBIC,train,10,223.5,True,True,1,10.0,10.0,10
SLBIC_84,SLBIC,train,10,222.5,True,True,1,10.0,10.0,10
SLBIC_85,SLBIC,train,10,221.0,True,True,1,10.0,10.0,10
SLBIC_86,SLBIC,train,10,220.0,True,True,1,10.0,10.0,10
SLBIC_87,SLBIC,train,10,218.5,True,True,1,10.0,10.0,10
SLBIC_88,SLBIC,train,10,217.5,True,True,1,10.0,10.0,10
SLBIC_89,SLBIC,train,10,216.5,True,True,1,10.0,10.0,10
SLBIC_9,SLBIC,train,10,,False,False,1,10.0,10.0,10
SLBIC_90,SLBIC,train,10,215.0,True,True,1,10.0,10.0,10
SLBIC_91,SLBIC,test,10,214.0,True,True,1,10.0,10.0,10
SLBIC_92,SLBIC,validation,10,213.0,True,True,1,10.0,10.0,10
SLBIC_93,SLBIC,train,10,212.0,True,True,1,10.0,10.0,10
SLBIC_94,SLBIC,train,10,211.0,True,True,1,10.0,10.0,10
SLBIC_95,SLBIC,train,10,210.0,True,True,1,10.0,10.0,10
SLBIC_96,SLBIC,train,10,209.0,True,True,1,10.0,10.0,10
SLBIC_97,SLBIC,train,10,208.0,True,True,1,10.0,10.0,10
SLBIC_98,SLBIC,train,10,207.0,True,True,1,10.0,10.0,10
SLBIC_99,SLBIC,train,10,206.0,True,True,1,10.0,10.0,10
SLBOC_1,SLBOC,test,10,,False,False,1,10.0,10.0,10
SLBOC_10,SLBOC,train,10,,False,False,1,10.0,10.0,10
SLBOC_100,SLBOC,train,10,,False,False,1,10.0,10.0,10
SLBOC_11,SLBOC,test,10,,False,False,1,10.0,10.0,10
SLBOC_12,SLBOC,validation,10,,False,False,1,10.0,10.0,10
SLBOC_13,SLBOC,train,10,,False,False,1,10.0,10.0,10
SLBOC_14,SLBOC,train,10,,False,False,1,10.0,10.0,10
SLBOC_15,SLBOC,train,10,,False,False,1,10.0,10.0,10
SLBOC_16,SLBOC,train,10,,False,False,1,10.0,10.0,10
SLBOC_17,SLBOC,train,10,,False,False,1,10.0,10.0,10
SLBOC_18,SLBOC,train,10,,False,False,1,10.0,10.0,10
SLBOC_19,SLBOC,train,10,,False,False,1,10.0,10.0,10
SLBOC_2,SLBOC,validation,10,,False,False,1,10.0,10.0,10
SLBOC_20,SLBOC,train,10,,False,False,1,10.0,10.0,10
SLBOC_21,SLBOC,test,10,,False,False,1,10.0,10.0,10
SLBOC_22,SLBOC,validation,10,,False,False,1,10.0,10.0,10
SLBOC_23,SLBOC,train,10,,False,False,1,10.0,10.0,10
SLBOC_24,SLBOC,train,10,,False,False,1,10.0,10.0,10
SLBOC_25,SLBOC,train,10,,False,False,1,10.0,10.0,10
SLBOC_26,SLBOC,train,10,,False,False,1,10.0,10.0,10
SLBOC_27,SLBOC,train,10,,False,False,1,10.0,10.0,10
SLBOC_28,SLBOC,train,10,,False,False,1,10.0,10.0,10
SLBOC_29,SLBOC,train,10,,False,False,1,10.0,10.0,10
SLBOC_3,SLBOC,train,10,,False,False,1,10.0,10.0,10
SLBOC_30,SLBOC,train,10,,False,False,1,10.0,10.0,10
SLBOC_31,SLBOC,test,10,,False,False,1,10.0,10.0,10
SLBOC_32,SLBOC,validation,10,,False,False,1,10.0,10.0,10
SLBOC_33,SLBOC,train,10,,False,False,1,10.0,10.0,10
SLBOC_34,SLBOC,train,10,,False,False,1,10.0,10.0,10
SLBOC_35,SLBOC,train,10,,False,False,1,10.0,10.0,10
SLBOC_36,SLBOC,train,10,,False,False,1,10.0,10.0,10
SLBOC_37,SLBOC,train,10,,False,False,1,10.0,10.0,10
SLBOC_38,SLBOC,train,10,,False,False,1,10.0,10.0,10
SLBOC_39,SLBOC,train,10,,False,False,1,10.0,10.0,10
SLBOC_4,SLBOC,train,10,,False,False,1,10.0,10.0,10
SLBOC_40,SLBOC,train,10,,False,False,1,10.0,10.0,10
SLBOC_41,SLBOC,test,10,,False,False,1,10.0,10.0,10
SLBOC_42,SLBOC,validation,10,,False,False,1,10.0,10.0,10
SLBOC_43,SLBOC,train,10,,False,False,1,10.0,10.0,10
SLBOC_44,SLBOC,train,10,,False,False,1,10.0,10.0,10
SLBOC_45,SLBOC,train,10,,False,False,1,10.0,10.0,10
SLBOC_46,SLBOC,train,10,,False,False,1,10.0,10.0,10
SLBOC_47,SLBOC,train,10,,False,False,1,10.0,10.0,10
SLBOC_48,SLBOC,train,10,,False,False,1,10.0,10.0,10
SLBOC_49,SLBOC,train,10,,False,False,1,10.0,10.0,10
SLBOC_5,SLBOC,train,10,,False,False,1,10.0,10.0,10
SLBOC_50,SLBOC,train,10,,False,False,1,10.0,10.0,10
SLBOC_51,SLBOC,test,10,,False,False,1,10.0,10.0,10
SLBOC_52,SLBOC,validation,10,,False,False,1,10.0,10.0,10
SLBOC_53,SLBOC,train,10,,False,False,1,10.0,10.0,10
SLBOC_54,SLBOC,train,10,,False,False,1,10.0,10.0,10
SLBOC_55,SLBOC,train,10,,False,False,1,10.0,10.0,10
SLBOC_56,SLBOC,train,10,,False,False,1,10.0,10.0,10
SLBOC_57,SLBOC,train,10,,False,False,1,10.0,10.0,10
SLBOC_58,SLBOC,train,10,,False,False,1,10.0,10.0,10
SLBOC_59,SLBOC,train,10,,False,False,1,10.0,10.0,10
SLBOC_6,SLBOC,train,10,,False,False,1,10.0,10.0,10
SLBOC_60,SLBOC,train,10,,False,False,1,10.0,10.0,10
SLBOC_61,SLBOC,test,10,,False,False,1,10.0,10.0,10
SLBOC_62,SLBOC,validation,10,,False,False,1,10.0,10.0,10
SLBOC_63,SLBOC,train,10,,False,False,1,10.0,10.0,10
SLBOC_64,SLBOC,train,10,,False,False,1,10.0,10.0,10
SLBOC_65,SLBOC,train,10,,False,False,1,10.0,10.0,10
SLBOC_66,SLBOC,train,10,,False,False,1,10.0,10.0,10
SLBOC_67,SLBOC,train,10,,False,False,1,10.0,10.0,10
SLBOC_68,SLBOC,train,10,,False,False,1,10.0,10.0,10
SLBOC_69,SLBOC,train,10,,False,False,1,10.0,10.0,10
SLBOC_7,SLBOC,train,10,,False,False,1,10.0,10.0,10
SLBOC_70,SLBOC,train,10,,False,False,1,10.0,10.0,10
SLBOC_71,SLBOC,test,10,,False,False,1,10.0,10.0,10
SLBOC_72,SLBOC,validation,10,,False,False,1,10.0,10.0,10
SLBOC_73,SLBOC,train,10,,False,False,1,10.0,10.0,10
SLBOC_74,SLBOC,train,10,,False,False,1,10.0,10.0,10
SLBOC_75,SLBOC,train,10,,False,False,1,10.0,10.0,10
SLBOC_76,SLBOC,train,10,,False,False,1,10.0,10.0,10
SLBOC_77,SLBOC,train,10,,False,False,1,10.0,10.0,10
SLBOC_78,SLBOC,train,10,,False,False,1,10.0,10.0,10
SLBOC_79,SLBOC,train,10,,False,False,1,10.0,10.0,10
SLBOC_8,SLBOC,train,10,,False,False,1,10.0,10.0,10
SLBOC_80,SLBOC,train,10,,False,False,1,10.0,10.0,10
SLBOC_81,SLBOC,test,10,,False,False,1,10.0,10.0,10
SLBOC_82,SLBOC,validation,10,,False,False,1,10.0,10.0,10
SLBOC_83,SLBOC,train,10,,False,False,1,10.0,10.0,10
SLBOC_84,SLBOC,train,10,,False,False,1,10.0,10.0,10
SLBOC_85,SLBOC,train,10,,False,False,1,10.0,10.0,10
SLBOC_86,SLBOC,train,10,,False,False,1,10.0,10.0,10
SLBOC_87,SLBOC,train,10,,False,False,1,10.0,10.0,10
SLBOC_88,SLBOC,train,10,,False,False,1,10.0,10.0,10
SLBOC_89,SLBOC,train,10,,False,False,1,10.0,10.0,10
SLBOC_9,SLBOC,train,10,,False,False,1,10.0,10.0,10
SLBOC_90,SLBOC,train,10,,False,False,1,10.0,10.0,10
SLBOC_91,SLBOC,test,10,,False,False,1,10.0,10.0,10
SLBOC_92,SLBOC,validation,10,,False,False,1,10.0,10.0,10
SLBOC_93,SLBOC,train,10,,False,False,1,10.0,10.0,10
SLBOC_94,SLBOC,train,10,,False,False,1,10.0,10.0,10
SLBOC_95,SLBOC,train,10,,False,False,1,10.0,10.0,10
SLBOC_96,SLBOC,train,10,,False,False,1,10.0,10.0,10
SLBOC_97,SLBOC,train,10,,False,False,1,10.0,10.0,10
SLBOC_98,SLBOC,train,10,,False,False,1,10.0,10.0,10
SLBOC_99,SLBOC,train,10,,False,False,1,10.0,10.0,10
FLB_1,FLB,test,20,,False,False,2,10.0,20.0,"10,20"
FLB_10,FLB,train,20,687.0,True,True,2,10.0,20.0,"10,20"
FLB_100,FLB,train,20,164.0,True,True,2,10.0,20.0,"10,20"
FLB_11,FLB,test,20,633.5,True,True,2,10.0,20.0,"10,20"
FLB_12,FLB,validation,20,589.5,True,True,2,10.0,20.0,"10,20"
FLB_13,FLB,train,20,552.5,True,True,2,10.0,20.0,"10,20"
FLB_14,FLB,train,20,520.0,True,True,2,10.0,20.0,"10,20"
FLB_15,FLB,train,20,493.0,True,True,2,10.0,20.0,"10,20"
FLB_16,FLB,train,20,468.5,True,True,2,10.0,20.0,"10,20"
FLB_17,FLB,train,20,447.0,True,True,2,10.0,20.0,"10,20"
FLB_18,FLB,train,20,428.5,True,True,2,10.0,20.0,"10,20"
FLB_19,FLB,train,20,411.0,True,True,2,10.0,20.0,"10,20"
FLB_2,FLB,validation,20,2958.5,True,True,2,10.0,20.0,"10,20"
FLB_20,FLB,train,20,396.0,True,True,2,10.0,20.0,"10,20"
FLB_21,FLB,test,20,382.0,True,True,2,10.0,20.0,"10,20"
FLB_22,FLB,validation,20,369.5,True,True,2,10.0,20.0,"10,20"
FLB_23,FLB,train,20,358.0,True,True,2,10.0,20.0,"10,20"
FLB_24,FLB,train,20,347.5,True,True,2,10.0,20.0,"10,20"
FLB_25,FLB,train,20,338.0,True,True,2,10.0,20.0,"10,20"
FLB_26,FLB,train,20,329.0,True,True,2,10.0,20.0,"10,20"
FLB_27,FLB,train,20,321.0,True,True,2,10.0,20.0,"10,20"
FLB_28,FLB,train,20,313.0,True,True,2,10.0,20.0,"10,20"
FLB_29,FLB,train,20,306.0,True,True,2,10.0,20.0,"10,20"
FLB_3,FLB,train,20,2033.0,True,True,2,10.0,20.0,"10,20"
FLB_30,FLB,train,20,299.5,True,True,2,10.0,20.0,"10,20"
FLB_31,FLB,test,20,293.0,True,True,2,10.0,20.0,"10,20"
FLB_32,FLB,validation,20,287.0,True,True,2,10.0,20.0,"10,20"
FLB_33,FLB,train,20,281.5,True,True,2,10.0,20.0,"10,20"
FLB_34,FLB,train,20,276.5,True,True,2,10.0,20.0,"10,20"
FLB_35,FLB,train,20,271.5,True,True,2,10.0,20.0,"10,20"
FLB_36,FLB,train,20,267.0,True,True,2,10.0,20.0,"10,20"
FLB_37,FLB,train,20,262.5,True,True,2,10.0,20.0,"10,20"
FLB_38,FLB,train,20,258.5,True,True,2,10.0,20.0,"10,20"
FLB_39,FLB,train,20,254.5,True,True,2,10.0,20.0,"10,20"
FLB_4,FLB,train,20,1569.5,True,True,2,10.0,20.0,"10,20"
FLB_40,FLB,train,20,251.0,True,True,2,10.0,20.0,"10,20"
FLB_41,FLB,test,20,247.5,True,True,2,10.0,20.0,"10,20"
FLB_42,FLB,validation,20,244.0,True,True,2,10.0,20.0,"10,20"
FLB_43,FLB,train,20,241.0,True,True,2,10.0,20.0,"10,20"
FLB_44,FLB,train,20,238.0,True,True,2,10.0,20.0,"10,20"
FLB_45,FLB,train,20,235.0,True,True,2,10.0,20.0,"10,20"
FLB_46,FLB,train,20,232.0,True,True,2,10.0,20.0,"10,20"
FLB_47,FLB,train,20,229.5,True,True,2,10.0,20.0,"10,20"
FLB_48,FLB,train,20,227.0,True,True,2,10.0,20.0,"10,20"
FLB_49,FLB,train,20,224.5,True,True,2,10.0,20.0,"10,20"
FLB_5,FLB,train,20,1263.5,True,True,2,10.0,20.0,"10,20"
FLB_50,FLB,train,20,222.0,True,True,2,10.0,20.0,"10,20"
FLB_51,FLB,test,20,219.5,True,True,2,10.0,20.0,"10,20"
FLB_52,FLB,validation,20,217.5,True,True,2,10.0,20.0,"10,20"
FLB_53,FLB,train,20,215.5,True,True,2,10.0,20.0,"10,20"
FLB_54,FLB,train,20,213.5,True,True,2,10.0,20.0,"10,20"
FLB_55,FLB,train,20,211.5,True,True,2,10.0,20.0,"10,20"
FLB_56,FLB,train,20,209.5,True,True,2,10.0,20.0,"10,20"
FLB_57,FLB,train,20,207.5,True,True,2,10.0,20.0,"10,20"
FLB_58,FLB,train,20,206.0,True,True,2,10.0,20.0,"10,20"
FLB_59,FLB,train,20,204.5,True,True,2,10.0,20.0,"10,20"
FLB_6,FLB,train,20,1073.0,True,True,2,10.0,20.0,"10,20"
FLB_60,FLB,train,20,202.5,True,True,2,10.0,20.0,"10,20"
FLB_61,FLB,test,20,201.0,True,True,2,10.0,20.0,"10,20"
FLB_62,FLB,validation,20,199.5,True,True,2,10.0,20.0,"10,20"
FLB_63,FLB,train,20,198.0,True,True,2,10.0,20.0,"10,20"
FLB_64,FLB,train,20,196.5,True,True,2,10.0,20.0,"10,20"
FLB_65,FLB,train,20,195.0,True,True,2,10.0,20.0,"10,20"
FLB_66,FLB,train,20,194.0,True,True,2,10.0,20.0,"10,20"
FLB_67,FLB,train,20,192.5,True,True,2,10.0,20.0,"10,20"
FLB_68,FLB,train,20,191.0,True,True,2,10.0,20.0,"10,20"
FLB_69,FLB,train,20,190.0,True,True,2,10.0,20.0,"10,20"
FLB_7,FLB,train,20,938.5,True,True,2,10.0,20.0,"10,20"
FLB_70,FLB,train,20,189.0,True,True,2,10.0,20.0,"10,20"
FLB_71,FLB,test,20,187.5,True,True,2,10.0,20.0,"10,20"
FLB_72,FLB,validation,20,186.5,True,True,2,10.0,20.0,"10,20"
FLB_73,FLB,train,20,185.5,True,True,2,10.0,20.0,"10,20"
FLB_74,FLB,train,20,184.5,True,True,2,10.0,20.0,"10,20"
FLB_75,FLB,train,20,183.5,True,True,2,10.0,20.0,"10,20"
FLB_76,FLB,train,20,182.5,True,True,2,10.0,20.0,"10,20"
FLB_77,FLB,train,20,181.5,True,True,2,10.0,20.0,"10,20"
FLB_78,FLB,train,20,180.5,True,True,2,10.0,20.0,"10,20"
FLB_79,FLB,train,20,179.5,True,True,2,10.0,20.0,"10,20"
FLB_8,FLB,train,20,830.5,True,True,2,10.0,20.0,"10,20"
FLB_80,FLB,train,20,178.5,True,True,2,10.0,20.0,"10,20"
FLB_81,FLB,test,20,177.5,True,True,2,10.0,20.0,"10,20"
FLB_82,FLB,validation,20,176.5,True,True,2,10.0,20.0,"10,20"
FLB_83,FLB,train,20,176.0,True,True,2,10.0,20.0,"10,20"
FLB_84,FLB,train,20,175.0,True,True,2,10.0,20.0,"10,20"
FLB_85,FLB,train,20,174.0,True,True,2,10.0,20.0,"10,20"
FLB_86,FLB,train,20,173.5,True,True,2,10.0,20.0,"10,20"
FLB_87,FLB,train,20,172.5,True,True,2,10.0,20.0,"10,20"
FLB_88,FLB,train,20,172.0,True,True,2,10.0,20.0,"10,20"
FLB_89,FLB,train,20,171.0,True,True,2,10.0,20.0,"10,20"
FLB_9,FLB,train,20,751.0,True,True,2,10.0,20.0,"10,20"
FLB_90,FLB,train,20,170.5,True,True,2,10.0,20.0,"10,20"
FLB_91,FLB,test,20,169.5,True,True,2,10.0,20.0,"10,20"
FLB_92,FLB,validation,20,169.0,True,True,2,10.0,20.0,"10,20"
FLB_93,FLB,train,20,168.5,True,True,2,10.0,20.0,"10,20"
FLB_94,FLB,train,20,167.5,True,True,2,10.0,20.0,"10,20"
FLB_95,FLB,train,20,167.0,True,True,2,10.0,20.0,"10,20"
FLB_96,FLB,train,20,166.5,True,True,2,10.0,20.0,"10,20"
FLB_97,FLB,train,20,166.0,True,True,2,10.0,20.0,"10,20"
FLB_98,FLB,train,20,165.0,True,True,2,10.0,20.0,"10,20"
FLB_99,FLB,train,20,164.5,True,True,2,10.0,20.0,"10,20"
LLB_1,LLB,test,20,,False,False,2,10.0,20.0,"10,20"
LLB_10,LLB,train,20,,False,False,2,10.0,20.0,"10,20"
LLB_100,LLB,train,20,,False,False,2,10.0,20.0,"10,20"
LLB_101,LLB,test,20,,False,False,2,10.0,20.0,"10,20"
LLB_11,LLB,test,20,,False,False,2,10.0,20.0,"10,20"
LLB_12,LLB,validation,20,,False,False,2,10.0,20.0,"10,20"
LLB_13,LLB,train,20,,False,False,2,10.0,20.0,"10,20"
LLB_14,LLB,train,20,,False,False,2,10.0,20.0,"10,20"
LLB_15,LLB,train,20,,False,False,2,10.0,20.0,"10,20"
LLB_16,LLB,train,20,,False,False,2,10.0,20.0,"10,20"
LLB_17,LLB,train,20,,False,False,2,10.0,20.0,"10,20"
LLB_18,LLB,train,20,,False,False,2,10.0,20.0,"10,20"
LLB_19,LLB,train,20,,False,False,2,10.0,20.0,"10,20"
LLB_2,LLB,validation,20,,False,False,2,10.0,20.0,"10,20"
LLB_20,LLB,train,20,,False,False,2,10.0,20.0,"10,20"
LLB_21,LLB,test,20,,False,False,2,10.0,20.0,"10,20"
LLB_22,LLB,validation,20,,False,False,2,10.0,20.0,"10,20"
LLB_23,LLB,train,20,,False,False,2,10.0,20.0,"10,20"
LLB_24,LLB,train,20,,False,False,2,10.0,20.0,"10,20"
LLB_25,LLB,train,20,,False,False,2,10.0,20.0,"10,20"
LLB_26,LLB,train,20,,False,False,2,10.0,20.0,"10,20"
LLB_27,LLB,train,20,,False,False,2,10.0,20.0,"10,20"
LLB_28,LLB,train,20,,False,False,2,10.0,20.0,"10,20"
LLB_29,LLB,train,20,,False,False,2,10.0,20.0,"10,20"
LLB_3,LLB,train,20,,False,False,2,10.0,20.0,"10,20"
LLB_30,LLB,train,20,,False,False,2,10.0,20.0,"10,20"
LLB_31,LLB,test,20,,False,False,2,10.0,20.0,"10,20"
LLB_32,LLB,validation,20,,False,False,2,10.0,20.0,"10,20"
LLB_33,LLB,train,20,,False,False,2,10.0,20.0,"10,20"
LLB_34,LLB,train,20,,False,False,2,10.0,20.0,"10,20"
LLB_35,LLB,train,20,,False,False,2,10.0,20.0,"10,20"
LLB_36,LLB,train,20,,False,False,2,10.0,20.0,"10,20"
LLB_37,LLB,train,20,,False,False,2,10.0,20.0,"10,20"
LLB_38,LLB,train,20,,False,False,2,10.0,20.0,"10,20"
LLB_39,LLB,train,20,,False,False,2,10.0,20.0,"10,20"
LLB_4,LLB,train,20,,False,False,2,10.0,20.0,"10,20"
LLB_40,LLB,train,20,,False,False,2,10.0,20.0,"10,20"
LLB_41,LLB,test,20,,False,False,2,10.0,20.0,"10,20"
LLB_42,LLB,validation,20,,False,False,2,10.0,20.0,"10,20"
LLB_43,LLB,train,20,,False,False,2,10.0,20.0,"10,20"
LLB_44,LLB,train,20,,False,False,2,10.0,20.0,"10,20"
LLB_45,LLB,train,20,,False,False,2,10.0,20.0,"10,20"
LLB_46,LLB,train,20,,False,False,2,10.0,20.0,"10,20"
LLB_47,LLB,train,20,,False,False,2,10.0,20.0,"10,20"
LLB_48,LLB,train,20,,False,False,2,10.0,20.0,"10,20"
LLB_49,LLB,train,20,,False,False,2,10.0,20.0,"10,20"
LLB_5,LLB,train,20,,False,False,2,10.0,20.0,"10,20"
LLB_50,LLB,train,20,,False,False,2,10.0,20.0,"10,20"
LLB_51,LLB,test,20,,False,False,2,10.0,20.0,"10,20"
LLB_52,LLB,validation,20,,False,False,2,10.0,20.0,"10,20"
LLB_53,LLB,train,20,,False,False,2,10.0,20.0,"10,20"
LLB_54,LLB,train,20,,False,False,2,10.0,20.0,"10,20"
LLB_55,LLB,train,20,,False,False,2,10.0,20.0,"10,20"
LLB_56,LLB,train,20,,False,False,2,10.0,20.0,"10,20"
LLB_57,LLB,train,20,,False,False,2,10.0,20.0,"10,20"
LLB_58,LLB,train,20,,False,False,2,10.0,20.0,"10,20"
LLB_59,LLB,train,20,,False,False,2,10.0,20.0,"10,20"
LLB_6,LLB,train,20,,False,False,2,10.0,20.0,"10,20"
LLB_60,LLB,train,20,,False,False,2,10.0,20.0,"10,20"
LLB_61,LLB,test,20,,False,False,2,10.0,20.0,"10,20"
LLB_62,LLB,validation,20,,False,False,2,10.0,20.0,"10,20"
LLB_63,LLB,train,20,,False,False,2,10.0,20.0,"10,20"
LLB_64,LLB,train,20,,False,False,2,10.0,20.0,"10,20"
LLB_65,LLB,train,20,,False,False,2,10.0,20.0,"10,20"
LLB_66,LLB,train,20,,False,False,2,10.0,20.0,"10,20"
LLB_67,LLB,train,20,,False,False,2,10.0,20.0,"10,20"
LLB_68,LLB,train,20,,False,False,2,10.0,20.0,"10,20"
LLB_69,LLB,train,20,,False,False,2,10.0,20.0,"10,20"
LLB_7,LLB,train,20,,False,False,2,10.0,20.0,"10,20"
LLB_70,LLB,train,20,,False,False,2,10.0,20.0,"10,20"
LLB_71,LLB,test,20,,False,False,2,10.0,20.0,"10,20"
LLB_72,LLB,validation,20,,False,False,2,10.0,20.0,"10,20"
LLB_73,LLB,train,20,,False,False,2,10.0,20.0,"10,20"
LLB_74,LLB,train,20,,False,False,2,10.0,20.0,"10,20"
LLB_75,LLB,train,20,,False,False,2,10.0,20.0,"10,20"
LLB_76,LLB,train,20,,False,False,2,10.0,20.0,"10,20"
LLB_77,LLB,train,20,,False,False,2,10.0,20.0,"10,20"
LLB_78,LLB,train,20,,False,False,2,10.0,20.0,"10,20"
LLB_79,LLB,train,20,,False,False,2,10.0,20.0,"10,20"
LLB_8,LLB,train,20,,False,False,2,10.0,20.0,"10,20"
LLB_80,LLB,train,20,,False,False,2,10.0,20.0,"10,20"
LLB_81,LLB,test,20,,False,False,2,10.0,20.0,"10,20"
LLB_82,LLB,validation,20,,False,False,2,10.0,20.0,"10,20"
LLB_83,LLB,train,20,,False,False,2,10.0,20.0,"10,20"
LLB_84,LLB,train,20,,False,False,2,10.0,20.0,"10,20"
LLB_85,LLB,train,20,,False,False,2,10.0,20.0,"10,20"
LLB_86,LLB,train,20,,False,False,2,10.0,20.0,"10,20"
LLB_87,LLB,train,20,,False,False,2,10.0,20.0,"10,20"
LLB_88,LLB,train,20,,False,False,2,10.0,20.0,"10,20"
LLB_89,LLB,train,20,,False,False,2,10.0,20.0,"10,20"
LLB_9,LLB,train,20,,False,False,2,10.0,20.0,"10,20"
LLB_90,LLB,train,20,,False,False,2,10.0,20.0,"10,20"
LLB_91,LLB,test,20,,False,False,2,10.0,20.0,"10,20"
LLB_92,LLB,validation,20,,False,False,2,10.0,20.0,"10,20"
LLB_93,LLB,train,20,,False,False,2,10.0,20.0,"10,20"
LLB_94,LLB,train,20,,False,False,2,10.0,20.0,"10,20"
LLB_95,LLB,train,20,,False,False,2,10.0,20.0,"10,20"
LLB_96,LLB,train,20,,False,False,2,10.0,20.0,"10,20"
LLB_97,LLB,train,20,,False,False,2,10.0,20.0,"10,20"
LLB_98,LLB,train,20,,False,False,2,10.0,20.0,"10,20"
LLB_99,LLB,train,20,,False,False,2,10.0,20.0,"10,20"
LOCAC_1,LOCAC,test,20,2521.5,True,True,2,10.0,20.0,"10,20"
LOCAC_10,LOCAC,train,20,224.0,True,True,2,10.0,20.0,"10,20"
LOCAC_100,LOCAC,train,20,118.0,True,True,2,10.0,20.0,"10,20"
LOCAC_11,LOCAC,test,20,211.5,True,True,2,10.0,20.0,"10,20"
LOCAC_12,LOCAC,validation,20,201.0,True,True,2,10.0,20.0,"10,20"
LOCAC_13,LOCAC,train,20,192.5,True,True,2,10.0,20.0,"10,20"
LOCAC_14,LOCAC,train,20,185.5,True,True,2,10.0,20.0,"10,20"
LOCAC_15,LOCAC,train,20,179.5,True,True,2,10.0,20.0,"10,20"
LOCAC_16,LOCAC,train,20,174.5,True,True,2,10.0,20.0,"10,20"
LOCAC_17,LOCAC,train,20,170.0,True,True,2,10.0,20.0,"10,20"
LOCAC_18,LOCAC,train,20,166.0,True,True,2,10.0,20.0,"10,20"
LOCAC_19,LOCAC,train,20,162.5,True,True,2,10.0,20.0,"10,20"
LOCAC_2,LOCAC,validation,20,1299.0,True,True,2,10.0,20.0,"10,20"
LOCAC_20,LOCAC,train,20,159.5,True,True,2,10.0,20.0,"10,20"
LOCAC_21,LOCAC,test,20,157.0,True,True,2,10.0,20.0,"10,20"
LOCAC_22,LOCAC,validation,20,154.5,True,True,2,10.0,20.0,"10,20"
LOCAC_23,LOCAC,train,20,152.5,True,True,2,10.0,20.0,"10,20"
LOCAC_24,LOCAC,train,20,150.5,True,True,2,10.0,20.0,"10,20"
LOCAC_25,LOCAC,train,20,148.5,True,True,2,10.0,20.0,"10,20"
LOCAC_26,LOCAC,train,20,463.5,True,True,2,10.0,20.0,"10,20"
LOCAC_27,LOCAC,train,20,145.5,True,True,2,10.0,20.0,"10,20"
LOCAC_28,LOCAC,train,20,144.0,True,True,2,10.0,20.0,"10,20"
LOCAC_29,LOCAC,train,20,142.5,True,True,2,10.0,20.0,"10,20"
LOCAC_3,LOCAC,train,20,917.0,True,True,2,10.0,20.0,"10,20"
LOCAC_30,LOCAC,train,20,416.5,True,True,2,10.0,20.0,"10,20"
LOCAC_31,LOCAC,test,20,140.0,True,True,2,10.0,20.0,"10,20"
LOCAC_32,LOCAC,validation,20,139.0,True,True,2,10.0,20.0,"10,20"
LOCAC_33,LOCAC,train,20,138.0,True,True,2,10.0,20.0,"10,20"
LOCAC_34,LOCAC,train,20,137.0,True,True,2,10.0,20.0,"10,20"
LOCAC_35,LOCAC,train,20,136.5,True,True,2,10.0,20.0,"10,20"
LOCAC_36,LOCAC,train,20,135.5,True,True,2,10.0,20.0,"10,20"
LOCAC_37,LOCAC,train,20,134.5,True,True,2,10.0,20.0,"10,20"
LOCAC_38,LOCAC,train,20,134.0,True,True,2,10.0,20.0,"10,20"
LOCAC_39,LOCAC,train,20,133.5,True,True,2,10.0,20.0,"10,20"
LOCAC_4,LOCAC,train,20,569.5,True,True,2,10.0,20.0,"10,20"
LOCAC_40,LOCAC,train,20,132.5,True,True,2,10.0,20.0,"10,20"
LOCAC_41,LOCAC,test,20,132.0,True,True,2,10.0,20.0,"10,20"
LOCAC_42,LOCAC,validation,20,131.5,True,True,2,10.0,20.0,"10,20"
LOCAC_43,LOCAC,train,20,131.0,True,True,2,10.0,20.0,"10,20"
LOCAC_44,LOCAC,train,20,130.5,True,True,2,10.0,20.0,"10,20"
LOCAC_45,LOCAC,train,20,130.0,True,True,2,10.0,20.0,"10,20"
LOCAC_46,LOCAC,train,20,129.5,True,True,2,10.0,20.0,"10,20"
LOCAC_47,LOCAC,train,20,129.0,True,True,2,10.0,20.0,"10,20"
LOCAC_48,LOCAC,train,20,128.5,True,True,2,10.0,20.0,"10,20"
LOCAC_49,LOCAC,train,20,128.0,True,True,2,10.0,20.0,"10,20"
LOCAC_5,LOCAC,train,20,418.0,True,True,2,10.0,20.0,"10,20"
LOCAC_50,LOCAC,train,20,127.5,True,True,2,10.0,20.0,"10,20"
LOCAC_51,LOCAC,test,20,127.0,True,True,2,10.0,20.0,"10,20"
LOCAC_52,LOCAC,validation,20,127.0,True,True,2,10.0,20.0,"10,20"
LOCAC_53,LOCAC,train,20,126.5,True,True,2,10.0,20.0,"10,20"
LOCAC_54,LOCAC,train,20,126.0,True,True,2,10.0,20.0,"10,20"
LOCAC_55,LOCAC,train,20,125.5,True,True,2,10.0,20.0,"10,20"
LOCAC_56,LOCAC,train,20,125.5,True,True,2,10.0,20.0,"10,20"
LOCAC_57,LOCAC,train,20,125.0,True,True,2,10.0,20.0,"10,20"
LOCAC_58,LOCAC,train,20,125.0,True,True,2,10.0,20.0,"10,20"
LOCAC_59,LOCAC,train,20,124.5,True,True,2,10.0,20.0,"10,20"
LOCAC_6,LOCAC,train,20,340.5,True,True,2,10.0,20.0,"10,20"
LOCAC_60,LOCAC,train,20,124.0,True,True,2,10.0,20.0,"10,20"
LOCAC_61,LOCAC,test,20,124.0,True,True,2,10.0,20.0,"10,20"
LOCAC_62,LOCAC,validation,20,123.5,True,True,2,10.0,20.0,"10,20"
LOCAC_63,LOCAC,train,20,123.5,True,True,2,10.0,20.0,"10,20"
LOCAC_64,LOCAC,train,20,123.0,True,True,2,10.0,20.0,"10,20"
LOCAC_65,LOCAC,train,20,123.0,True,True,2,10.0,20.0,"10,20"
LOCAC_66,LOCAC,train,20,122.5,True,True,2,10.0,20.0,"10,20"
LOCAC_67,LOCAC,train,20,122.5,True,True,2,10.0,20.0,"10,20"
LOCAC_68,LOCAC,train,20,122.0,True,True,2,10.0,20.0,"10,20"
LOCAC_69,LOCAC,train,20,122.0,True,True,2,10.0,20.0,"10,20"
LOCAC_7,LOCAC,train,20,294.0,True,True,2,10.0,20.0,"10,20"
LOCAC_70,LOCAC,train,20,122.0,True,True,2,10.0,20.0,"10,20"
LOCAC_71,LOCAC,test,20,121.5,True,True,2,10.0,20.0,"10,20"
LOCAC_72,LOCAC,validation,20,121.5,True,True,2,10.0,20.0,"10,20"
LOCAC_73,LOCAC,train,20,121.5,True,True,2,10.0,20.0,"10,20"
LOCAC_74,LOCAC,train,20,121.0,True,True,2,10.0,20.0,"10,20"
LOCAC_75,LOCAC,train,20,121.0,True,True,2,10.0,20.0,"10,20"
LOCAC_76,LOCAC,train,20,121.0,True,True,2,10.0,20.0,"10,20"
LOCAC_77,LOCAC,train,20,120.5,True,True,2,10.0,20.0,"10,20"
LOCAC_78,LOCAC,train,20,120.5,True,True,2,10.0,20.0,"10,20"
LOCAC_79,LOCAC,train,20,120.5,True,True,2,10.0,20.0,"10,20"
LOCAC_8,LOCAC,train,20,263.0,True,True,2,10.0,20.0,"10,20"
LOCAC_80,LOCAC,train,20,120.0,True,True,2,10.0,20.0,"10,20"
LOCAC_81,LOCAC,test,20,120.0,True,True,2,10.0,20.0,"10,20"
LOCAC_82,LOCAC,validation,20,120.0,True,True,2,10.0,20.0,"10,20"
LOCAC_83,LOCAC,train,20,119.5,True,True,2,10.0,20.0,"10,20"
LOCAC_84,LOCAC,train,20,119.5,True,True,2,10.0,20.0,"10,20"
LOCAC_85,LOCAC,train,20,119.5,True,True,2,10.0,20.0,"10,20"
LOCAC_86,LOCAC,train,20,119.5,True,True,2,10.0,20.0,"10,20"
LOCAC_87,LOCAC,train,20,119.0,True,True,2,10.0,20.0,"10,20"
LOCAC_88,LOCAC,train,20,119.0,True,True,2,10.0,20.0,"10,20"
LOCAC_89,LOCAC,train,20,119.0,True,True,2,10.0,20.0,"10,20"
LOCAC_9,LOCAC,train,20,241.0,True,True,2,10.0,20.0,"10,20"
LOCAC_90,LOCAC,train,20,119.0,True,True,2,10.0,20.0,"10,20"
LOCAC_91,LOCAC,test,20,118.5,True,True,2,10.0,20.0,"10,20"
LOCAC_92,LOCAC,validation,20,118.5,True,True,2,10.0,20.0,"10,20"
LOCAC_93,LOCAC,train,20,118.5,True,True,2,10.0,20.0,"10,20"
LOCAC_94,LOCAC,train,20,118.5,True,True,2,10.0,20.0,"10,20"
LOCAC_95,LOCAC,train,20,118.5,True,True,2,10.0,20.0,"10,20"
LOCAC_96,LOCAC,train,20,118.0,True,True,2,10.0,20.0,"10,20"
LOCAC_97,LOCAC,train,20,118.0,True,True,2,10.0,20.0,"10,20"
LOCAC_98,LOCAC,train,20,118.0,True,True,2,10.0,20.0,"10,20"
LOCAC_99,LOCAC,train,20,118.0,True,True,2,10.0,20.0,"10,20"
LOCA_1,LOCA,test,20,2031.5,True,True,2,10.0,20.0,"10,20"
LOCA_10,LOCA,train,20,224.0,True,True,2,10.0,20.0,"10,20"
LOCA_100,LOCA,train,20,117.5,True,True,2,10.0,20.0,"10,20"
LOCA_11,LOCA,test,20,211.0,True,True,2,10.0,20.0,"10,20"
LOCA_12,LOCA,validation,20,200.5,True,True,2,10.0,20.0,"10,20"
LOCA_13,LOCA,train,20,192.0,True,True,2,10.0,20.0,"10,20"
LOCA_14,LOCA,train,20,185.0,True,True,2,10.0,20.0,"10,20"
LOCA_15,LOCA,train,20,179.0,True,True,2,10.0,20.0,"10,20"
LOCA_16,LOCA,train,20,174.0,True,True,2,10.0,20.0,"10,20"
LOCA_17,LOCA,train,20,169.5,True,True,2,10.0,20.0,"10,20"
LOCA_18,LOCA,train,20,166.0,True,True,2,10.0,20.0,"10,20"
LOCA_19,LOCA,train,20,162.5,True,True,2,10.0,20.0,"10,20"
LOCA_2,LOCA,validation,20,1094.5,True,True,2,10.0,20.0,"10,20"
LOCA_20,LOCA,train,20,159.5,True,True,2,10.0,20.0,"10,20"
LOCA_21,LOCA,test,20,156.5,True,True,2,10.0,20.0,"10,20"
LOCA_22,LOCA,validation,20,154.5,True,True,2,10.0,20.0,"10,20"
LOCA_23,LOCA,train,20,152.0,True,True,2,10.0,20.0,"10,20"
LOCA_24,LOCA,train,20,150.0,True,True,2,10.0,20.0,"10,20"
LOCA_25,LOCA,train,20,148.0,True,True,2,10.0,20.0,"10,20"
LOCA_26,LOCA,train,20,146.5,True,True,2,10.0,20.0,"10,20"
LOCA_27,LOCA,train,20,145.0,True,True,2,10.0,20.0,"10,20"
LOCA_28,LOCA,train,20,143.5,True,True,2,10.0,20.0,"10,20"
LOCA_29,LOCA,train,20,142.0,True,True,2,10.0,20.0,"10,20"
LOCA_3,LOCA,train,20,790.5,True,True,2,10.0,20.0,"10,20"
LOCA_30,LOCA,train,20,141.0,True,True,2,10.0,20.0,"10,20"
LOCA_31,LOCA,test,20,140.0,True,True,2,10.0,20.0,"10,20"
LOCA_32,LOCA,validation,20,139.0,True,True,2,10.0,20.0,"10,20"
LOCA_33,LOCA,train,20,138.0,True,True,2,10.0,20.0,"10,20"
LOCA_34,LOCA,train,20,137.0,True,True,2,10.0,20.0,"10,20"
LOCA_35,LOCA,train,20,136.0,True,True,2,10.0,20.0,"10,20"
LOCA_36,LOCA,train,20,135.0,True,True,2,10.0,20.0,"10,20"
LOCA_37,LOCA,train,20,134.5,True,True,2,10.0,20.0,"10,20"
LOCA_38,LOCA,train,20,133.5,True,True,2,10.0,20.0,"10,20"
LOCA_39,LOCA,train,20,133.0,True,True,2,10.0,20.0,"10,20"
LOCA_4,LOCA,train,20,569.0,True,True,2,10.0,20.0,"10,20"
LOCA_40,LOCA,train,20,132.5,True,True,2,10.0,20.0,"10,20"
LOCA_41,LOCA,test,20,131.5,True,True,2,10.0,20.0,"10,20"
LOCA_42,LOCA,validation,20,131.0,True,True,2,10.0,20.0,"10,20"
LOCA_43,LOCA,train,20,45.0,True,True,2,10.0,20.0,"10,20"
LOCA_44,LOCA,train,20,130.0,True,True,2,10.0,20.0,"10,20"
LOCA_45,LOCA,train,20,129.5,True,True,2,10.0,20.0,"10,20"
LOCA_46,LOCA,train,20,129.0,True,True,2,10.0,20.0,"10,20"
LOCA_47,LOCA,train,20,128.5,True,True,2,10.0,20.0,"10,20"
LOCA_48,LOCA,train,20,128.0,True,True,2,10.0,20.0,"10,20"
LOCA_49,LOCA,train,20,127.5,True,True,2,10.0,20.0,"10,20"
LOCA_5,LOCA,train,20,417.5,True,True,2,10.0,20.0,"10,20"
LOCA_50,LOCA,train,20,127.5,True,True,2,10.0,20.0,"10,20"
LOCA_51,LOCA,test,20,127.0,True,True,2,10.0,20.0,"10,20"
LOCA_52,LOCA,validation,20,126.5,True,True,2,10.0,20.0,"10,20"
LOCA_53,LOCA,train,20,126.0,True,True,2,10.0,20.0,"10,20"
LOCA_54,LOCA,train,20,126.0,True,True,2,10.0,20.0,"10,20"
LOCA_55,LOCA,train,20,125.5,True,True,2,10.0,20.0,"10,20"
LOCA_56,LOCA,train,20,125.0,True,True,2,10.0,20.0,"10,20"
LOCA_57,LOCA,train,20,125.0,True,True,2,10.0,20.0,"10,20"
LOCA_58,LOCA,train,20,124.5,True,True,2,10.0,20.0,"10,20"
LOCA_59,LOCA,train,20,124.0,True,True,2,10.0,20.0,"10,20"
LOCA_6,LOCA,train,20,340.0,True,True,2,10.0,20.0,"10,20"
LOCA_60,LOCA,train,20,124.0,True,True,2,10.0,20.0,"10,20"
LOCA_61,LOCA,test,20,123.5,True,True,2,10.0,20.0,"10,20"
LOCA_62,LOCA,validation,20,123.5,True,True,2,10.0,20.0,"10,20"
LOCA_63,LOCA,train,20,123.0,True,True,2,10.0,20.0,"10,20"
LOCA_64,LOCA,train,20,123.0,True,True,2,10.0,20.0,"10,20"
LOCA_65,LOCA,train,20,122.5,True,True,2,10.0,20.0,"10,20"
LOCA_66,LOCA,train,20,122.5,True,True,2,10.0,20.0,"10,20"
LOCA_67,LOCA,train,20,122.0,True,True,2,10.0,20.0,"10,20"
LOCA_68,LOCA,train,20,122.0,True,True,2,10.0,20.0,"10,20"
LOCA_69,LOCA,train,20,122.0,True,True,2,10.0,20.0,"10,20"
LOCA_7,LOCA,train,20,293.5,True,True,2,10.0,20.0,"10,20"
LOCA_70,LOCA,train,20,121.5,True,True,2,10.0,20.0,"10,20"
LOCA_71,LOCA,test,20,121.5,True,True,2,10.0,20.0,"10,20"
LOCA_72,LOCA,validation,20,121.0,True,True,2,10.0,20.0,"10,20"
LOCA_73,LOCA,train,20,121.0,True,True,2,10.0,20.0,"10,20"
LOCA_74,LOCA,train,20,121.0,True,True,2,10.0,20.0,"10,20"
LOCA_75,LOCA,train,20,120.5,True,True,2,10.0,20.0,"10,20"
LOCA_76,LOCA,train,20,120.5,True,True,2,10.0,20.0,"10,20"
LOCA_77,LOCA,train,20,120.5,True,True,2,10.0,20.0,"10,20"
LOCA_78,LOCA,train,20,120.0,True,True,2,10.0,20.0,"10,20"
LOCA_79,LOCA,train,20,120.0,True,True,2,10.0,20.0,"10,20"
LOCA_8,LOCA,train,20,262.5,True,True,2,10.0,20.0,"10,20"
LOCA_80,LOCA,train,20,120.0,True,True,2,10.0,20.0,"10,20"
LOCA_81,LOCA,test,20,119.5,True,True,2,10.0,20.0,"10,20"
LOCA_82,LOCA,validation,20,119.5,True,True,2,10.0,20.0,"10,20"
LOCA_83,LOCA,train,20,119.5,True,True,2,10.0,20.0,"10,20"
LOCA_84,LOCA,train,20,119.5,True,True,2,10.0,20.0,"10,20"
LOCA_85,LOCA,train,20,119.0,True,True,2,10.0,20.0,"10,20"
LOCA_86,LOCA,train,20,119.0,True,True,2,10.0,20.0,"10,20"
LOCA_87,LOCA,train,20,119.0,True,True,2,10.0,20.0,"10,20"
LOCA_88,LOCA,train,20,119.0,True,True,2,10.0,20.0,"10,20"
LOCA_89,LOCA,train,20,118.5,True,True,2,10.0,20.0,"10,20"
LOCA_9,LOCA,train,20,240.5,True,True,2,10.0,20.0,"10,20"
LOCA_90,LOCA,train,20,118.5,True,True,2,10.0,20.0,"10,20"
LOCA_91,LOCA,test,20,118.5,True,True,2,10.0,20.0,"10,20"
LOCA_92,LOCA,validation,20,118.5,True,True,2,10.0,20.0,"10,20"
LOCA_93,LOCA,train,20,118.0,True,True,2,10.0,20.0,"10,20"
LOCA_94,LOCA,train,20,118.0,True,True,2,10.0,20.0,"10,20"
LOCA_95,LOCA,train,20,118.0,True,True,2,10.0,20.0,"10,20"
LOCA_96,LOCA,train,20,118.0,True,True,2,10.0,20.0,"10,20"
LOCA_97,LOCA,train,20,118.0,True,True,2,10.0,20.0,"10,20"
LOCA_98,LOCA,train,20,117.5,True,True,2,10.0,20.0,"10,20"
LOCA_99,LOCA,train,20,117.5,True,True,2,10.0,20.0,"10,20"
LR_1,LR,test,20,,False,False,2,10.0,20.0,"10,20"
LR_10,LR,train,20,,False,False,2,10.0,20.0,"10,20"
LR_11,LR,test,20,,False,False,2,10.0,20.0,"10,20"
LR_12,LR,validation,20,,False,False,2,10.0,20.0,"10,20"
LR_13,LR,train,20,,False,False,2,10.0,20.0,"10,20"
LR_14,LR,train,20,,False,False,2,10.0,20.0,"10,20"
LR_15,LR,train,20,,False,False,2,10.0,20.0,"10,20"
LR_16,LR,train,20,,False,False,2,10.0,20.0,"10,20"
LR_17,LR,train,20,,False,False,2,10.0,20.0,"10,20"
LR_18,LR,train,20,,False,False,2,10.0,20.0,"10,20"
LR_19,LR,train,20,,False,False,2,10.0,20.0,"10,20"
LR_2,LR,validation,20,,False,False,2,10.0,20.0,"10,20"
LR_20,LR,train,20,,False,False,2,10.0,20.0,"10,20"
LR_21,LR,test,20,,False,False,2,10.0,20.0,"10,20"
LR_22,LR,validation,20,,False,False,2,10.0,20.0,"10,20"
LR_23,LR,train,20,,False,False,2,10.0,20.0,"10,20"
LR_24,LR,train,20,,False,False,2,10.0,20.0,"10,20"
LR_25,LR,train,20,,False,False,2,10.0,20.0,"10,20"
LR_26,LR,train,20,,False,False,2,10.0,20.0,"10,20"
LR_27,LR,train,20,,False,False,2,10.0,20.0,"10,20"
LR_28,LR,train,20,,False,False,2,10.0,20.0,"10,20"
LR_29,LR,train,20,,False,False,2,10.0,20.0,"10,20"
LR_3,LR,train,20,,False,False,2,10.0,20.0,"10,20"
LR_30,LR,train,20,,False,False,2,10.0,20.0,"10,20"
LR_31,LR,test,20,,False,False,2,10.0,20.0,"10,20"
LR_32,LR,validation,20,,False,False,2,10.0,20.0,"10,20"
LR_33,LR,train,20,,False,False,2,10.0,20.0,"10,20"
LR_34,LR,train,20,,False,False,2,10.0,20.0,"10,20"
LR_35,LR,train,20,,False,False,2,10.0,20.0,"10,20"
LR_36,LR,train,20,,False,False,2,10.0,20.0,"10,20"
LR_37,LR,train,20,,False,False,2,10.0,20.0,"10,20"
LR_38,LR,train,20,,False,False,2,10.0,20.0,"10,20"
LR_39,LR,train,20,,False,False,2,10.0,20.0,"10,20"
LR_4,LR,train,20,,False,False,2,10.0,20.0,"10,20"
LR_40,LR,train,20,,False,False,2,10.0,20.0,"10,20"
LR_41,LR,test,20,,False,False,2,10.0,20.0,"10,20"
LR_42,LR,validation,20,,False,False,2,10.0,20.0,"10,20"
LR_43,LR,train,20,,False,False,2,10.0,20.0,"10,20"
LR_44,LR,train,20,,False,False,2,10.0,20.0,"10,20"
LR_45,LR,train,20,,False,False,2,10.0,20.0,"10,20"
LR_46,LR,train,20,,False,False,2,10.0,20.0,"10,20"
LR_47,LR,train,20,,False,False,2,10.0,20.0,"10,20"
LR_48,LR,train,20,,False,False,2,10.0,20.0,"10,20"
LR_49,LR,train,20,,False,False,2,10.0,20.0,"10,20"
LR_5,LR,train,20,,False,False,2,10.0,20.0,"10,20"
LR_50,LR,train,20,,False,False,2,10.0,20.0,"10,20"
LR_51,LR,test,20,,False,False,2,10.0,20.0,"10,20"
LR_52,LR,validation,20,,False,False,2,10.0,20.0,"10,20"
LR_53,LR,train,20,,False,False,2,10.0,20.0,"10,20"
LR_54,LR,train,20,,False,False,2,10.0,20.0,"10,20"
LR_55,LR,train,20,,False,False,2,10.0,20.0,"10,20"
LR_56,LR,train,20,,False,False,2,10.0,20.0,"10,20"
LR_57,LR,train,20,,False,False,2,10.0,20.0,"10,20"
LR_58,LR,train,20,,False,False,2,10.0,20.0,"10,20"
LR_59,LR,train,20,,False,False,2,10.0,20.0,"10,20"
LR_6,LR,train,20,,False,False,2,10.0,20.0,"10,20"
LR_60,LR,train,20,,False,False,2,10.0,20.0,"10,20"
LR_61,LR,test,20,,False,False,2,10.0,20.0,"10,20"
LR_62,LR,validation,20,,False,False,2,10.0,20.0,"10,20"
LR_63,LR,train,20,,False,False,2,10.0,20.0,"10,20"
LR_64,LR,train,20,,False,False,2,10.0,20.0,"10,20"
LR_65,LR,train,20,,False,False,2,10.0,20.0,"10,20"
LR_66,LR,train,20,,False,False,2,10.0,20.0,"10,20"
LR_67,LR,train,20,,False,False,2,10.0,20.0,"10,20"
LR_68,LR,train,20,,False,False,2,10.0,20.0,"10,20"
LR_69,LR,train,20,,False,False,2,10.0,20.0,"10,20"
LR_7,LR,train,20,,False,False,2,10.0,20.0,"10,20"
LR_70,LR,train,20,,False,False,2,10.0,20.0,"10,20"
LR_71,LR,test,20,,False,False,2,10.0,20.0,"10,20"
LR_72,LR,validation,20,,False,False,2,10.0,20.0,"10,20"
LR_73,LR,train,20,,False,False,2,10.0,20.0,"10,20"
LR_74,LR,train,20,,False,False,2,10.0,20.0,"10,20"
LR_75,LR,train,20,,False,False,2,10.0,20.0,"10,20"
LR_76,LR,train,20,,False,False,2,10.0,20.0,"10,20"
LR_77,LR,train,20,,False,False,2,10.0,20.0,"10,20"
LR_78,LR,train,20,,False,False,2,10.0,20.0,"10,20"
LR_79,LR,train,20,,False,False,2,10.0,20.0,"10,20"
LR_8,LR,train,20,,False,False,2,10.0,20.0,"10,20"
LR_80,LR,train,20,,False,False,2,10.0,20.0,"10,20"
LR_81,LR,test,20,,False,False,2,10.0,20.0,"10,20"
LR_82,LR,validation,20,,False,False,2,10.0,20.0,"10,20"
LR_83,LR,train,20,,False,False,2,10.0,20.0,"10,20"
LR_84,LR,train,20,,False,False,2,10.0,20.0,"10,20"
LR_85,LR,train,20,,False,False,2,10.0,20.0,"10,20"
LR_86,LR,train,20,,False,False,2,10.0,20.0,"10,20"
LR_87,LR,train,20,,False,False,2,10.0,20.0,"10,20"
LR_88,LR,train,20,,False,False,2,10.0,20.0,"10,20"
LR_89,LR,train,20,,False,False,2,10.0,20.0,"10,20"
LR_9,LR,train,20,,False,False,2,10.0,20.0,"10,20"
LR_90,LR,train,20,,False,False,2,10.0,20.0,"10,20"
LR_91,LR,test,20,,False,False,2,10.0,20.0,"10,20"
LR_92,LR,validation,20,,False,False,2,10.0,20.0,"10,20"
LR_93,LR,train,20,,False,False,2,10.0,20.0,"10,20"
LR_94,LR,train,20,,False,False,2,10.0,20.0,"10,20"
LR_95,LR,train,20,,False,False,2,10.0,20.0,"10,20"
LR_96,LR,train,20,,False,False,2,10.0,20.0,"10,20"
LR_97,LR,train,20,,False,False,2,10.0,20.0,"10,20"
LR_98,LR,train,20,,False,False,2,10.0,20.0,"10,20"
LR_99,LR,train,20,,False,False,2,10.0,20.0,"10,20"
MD_1,MD,test,20,,False,False,2,10.0,20.0,"10,20"
MD_10,MD,train,20,,False,False,2,10.0,20.0,"10,20"
MD_100,MD,train,20,,False,False,2,10.0,20.0,"10,20"
MD_11,MD,test,20,,False,False,2,10.0,20.0,"10,20"
MD_12,MD,validation,20,,False,False,2,10.0,20.0,"10,20"
MD_13,MD,train,20,,False,False,2,10.0,20.0,"10,20"
MD_14,MD,train,20,,False,False,2,10.0,20.0,"10,20"
MD_15,MD,train,20,,False,False,2,10.0,20.0,"10,20"
MD_16,MD,train,20,,False,False,2,10.0,20.0,"10,20"
MD_17,MD,train,20,,False,False,2,10.0,20.0,"10,20"
MD_18,MD,train,20,,False,False,2,10.0,20.0,"10,20"
MD_19,MD,train,20,,False,False,2,10.0,20.0,"10,20"
MD_2,MD,validation,20,,False,False,2,10.0,20.0,"10,20"
MD_20,MD,train,20,,False,False,2,10.0,20.0,"10,20"
MD_21,MD,test,20,,False,False,2,10.0,20.0,"10,20"
MD_22,MD,validation,20,,False,False,2,10.0,20.0,"10,20"
MD_23,MD,train,20,,False,False,2,10.0,20.0,"10,20"
MD_24,MD,train,20,,False,False,2,10.0,20.0,"10,20"
MD_25,MD,train,20,,False,False,2,10.0,20.0,"10,20"
MD_26,MD,train,20,,False,False,2,10.0,20.0,"10,20"
MD_27,MD,train,20,,False,False,2,10.0,20.0,"10,20"
MD_28,MD,train,20,,False,False,2,10.0,20.0,"10,20"
MD_29,MD,train,20,,False,False,2,10.0,20.0,"10,20"
MD_3,MD,train,20,,False,False,2,10.0,20.0,"10,20"
MD_30,MD,train,20,,False,False,2,10.0,20.0,"10,20"
MD_31,MD,test,20,,False,False,2,10.0,20.0,"10,20"
MD_32,MD,validation,20,,False,False,2,10.0,20.0,"10,20"
MD_33,MD,train,20,,False,False,2,10.0,20.0,"10,20"
MD_34,MD,train,20,,False,False,2,10.0,20.0,"10,20"
MD_35,MD,train,20,,False,False,2,10.0,20.0,"10,20"
MD_36,MD,train,20,,False,False,2,10.0,20.0,"10,20"
MD_37,MD,train,20,,False,False,2,10.0,20.0,"10,20"
MD_38,MD,train,20,,False,False,2,10.0,20.0,"10,20"
MD_39,MD,train,20,,False,False,2,10.0,20.0,"10,20"
MD_4,MD,train,20,,False,False,2,10.0,20.0,"10,20"
MD_40,MD,train,20,,False,False,2,10.0,20.0,"10,20"
MD_41,MD,test,20,,False,False,2,10.0,20.0,"10,20"
MD_42,MD,validation,20,,False,False,2,10.0,20.0,"10,20"
MD_43,MD,train,20,,False,False,2,10.0,20.0,"10,20"
MD_44,MD,train,20,,False,False,2,10.0,20.0,"10,20"
MD_45,MD,train,20,,False,False,2,10.0,20.0,"10,20"
MD_46,MD,train,20,,False,False,2,10.0,20.0,"10,20"
MD_47,MD,train,20,,False,False,2,10.0,20.0,"10,20"
MD_48,MD,train,20,,False,False,2,10.0,20.0,"10,20"
MD_49,MD,train,20,,False,False,2,10.0,20.0,"10,20"
MD_5,MD,train,20,,False,False,2,10.0,20.0,"10,20"
MD_50,MD,train,20,,False,False,2,10.0,20.0,"10,20"
MD_51,MD,test,20,,False,False,2,10.0,20.0,"10,20"
MD_52,MD,validation,20,,False,False,2,10.0,20.0,"10,20"
MD_53,MD,train,20,,False,False,2,10.0,20.0,"10,20"
MD_54,MD,train,20,,False,False,2,10.0,20.0,"10,20"
MD_55,MD,train,20,,False,False,2,10.0,20.0,"10,20"
MD_56,MD,train,20,,False,False,2,10.0,20.0,"10,20"
MD_57,MD,train,20,,False,False,2,10.0,20.0,"10,20"
MD_58,MD,train,20,,False,False,2,10.0,20.0,"10,20"
MD_59,MD,train,20,,False,False,2,10.0,20.0,"10,20"
MD_6,MD,train,20,,False,False,2,10.0,20.0,"10,20"
MD_60,MD,train,20,,False,False,2,10.0,20.0,"10,20"
MD_61,MD,test,20,,False,False,2,10.0,20.0,"10,20"
MD_62,MD,validation,20,,False,False,2,10.0,20.0,"10,20"
MD_63,MD,train,20,,False,False,2,10.0,20.0,"10,20"
MD_64,MD,train,20,,False,False,2,10.0,20.0,"10,20"
MD_65,MD,train,20,,False,False,2,10.0,20.0,"10,20"
MD_66,MD,train,20,,False,False,2,10.0,20.0,"10,20"
MD_67,MD,train,20,,False,False,2,10.0,20.0,"10,20"
MD_68,MD,train,20,,False,False,2,10.0,20.0,"10,20"
MD_69,MD,train,20,,False,False,2,10.0,20.0,"10,20"
MD_7,MD,train,20,,False,False,2,10.0,20.0,"10,20"
MD_70,MD,train,20,,False,False,2,10.0,20.0,"10,20"
MD_71,MD,test,20,,False,False,2,10.0,20.0,"10,20"
MD_72,MD,validation,20,,False,False,2,10.0,20.0,"10,20"
MD_73,MD,train,20,,False,False,2,10.0,20.0,"10,20"
MD_74,MD,train,20,,False,False,2,10.0,20.0,"10,20"
MD_75,MD,train,20,,False,False,2,10.0,20.0,"10,20"
MD_76,MD,train,20,,False,False,2,10.0,20.0,"10,20"
MD_77,MD,train,20,,False,False,2,10.0,20.0,"10,20"
MD_78,MD,train,20,,False,False,2,10.0,20.0,"10,20"
MD_79,MD,train,20,,False,False,2,10.0,20.0,"10,20"
MD_8,MD,train,20,,False,False,2,10.0,20.0,"10,20"
MD_80,MD,train,20,,False,False,2,10.0,20.0,"10,20"
MD_81,MD,test,20,,False,False,2,10.0,20.0,"10,20"
MD_82,MD,validation,20,,False,False,2,10.0,20.0,"10,20"
MD_83,MD,train,20,,False,False,2,10.0,20.0,"10,20"
MD_84,MD,train,20,,False,False,2,10.0,20.0,"10,20"
MD_85,MD,train,20,,False,False,2,10.0,20.0,"10,20"
MD_86,MD,train,20,,False,False,2,10.0,20.0,"10,20"
MD_87,MD,train,20,,False,False,2,10.0,20.0,"10,20"
MD_88,MD,train,20,,False,False,2,10.0,20.0,"10,20"
MD_89,MD,train,20,,False,False,2,10.0,20.0,"10,20"
MD_9,MD,train,20,,False,False,2,10.0,20.0,"10,20"
MD_90,MD,train,20,,False,False,2,10.0,20.0,"10,20"
MD_91,MD,test,20,,False,False,2,10.0,20.0,"10,20"
MD_92,MD,validation,20,,False,False,2,10.0,20.0,"10,20"
MD_93,MD,train,20,,False,False,2,10.0,20.0,"10,20"
MD_94,MD,train,20,,False,False,2,10.0,20.0,"10,20"
MD_95,MD,train,20,,False,False,2,10.0,20.0,"10,20"
MD_96,MD,train,20,,False,False,2,10.0,20.0,"10,20"
MD_97,MD,train,20,,False,False,2,10.0,20.0,"10,20"
MD_98,MD,train,20,,False,False,2,10.0,20.0,"10,20"
MD_99,MD,train,20,,False,False,2,10.0,20.0,"10,20"
RI_-1,RI,train,20,528.0,True,True,2,10.0,20.0,"10,20"
RI_-10,RI,test,20,609.5,True,True,2,10.0,20.0,"10,20"
RI_-100,RI,test,20,,False,False,2,10.0,20.0,"10,20"
RI_-11,RI,train,20,677.0,True,True,2,10.0,20.0,"10,20"
RI_-12,RI,train,20,686.5,True,True,2,10.0,20.0,"10,20"
RI_-13,RI,train,20,768.5,True,True,2,10.0,20.0,"10,20"
RI_-14,RI,train,20,883.5,True,True,2,10.0,20.0,"10,20"
RI_-15,RI,train,20,916.0,True,True,2,10.0,20.0,"10,20"
RI_-16,RI,train,20,1047.5,True,True,2,10.0,20.0,"10,20"
RI_-17,RI,train,20,1229.5,True,True,2,10.0,20.0,"10,20"
RI_-18,RI,train,20,1239.5,True,True,2,10.0,20.0,"10,20"
RI_-19,RI,validation,20,1429.0,True,True,2,10.0,20.0,"10,20"
RI_-2,RI,train,20,592.5,True,True,2,10.0,20.0,"10,20"
RI_-20,RI,test,20,1679.5,True,True,2,10.0,20.0,"10,20"
RI_-21,RI,train,20,1720.5,True,True,2,10.0,20.0,"10,20"
RI_-22,RI,train,20,2253.5,True,True,2,10.0,20.0,"10,20"
RI_-23,RI,train,20,2811.0,True,True,2,10.0,20.0,"10,20"
RI_-24,RI,train,20,,False,False,2,10.0,20.0,"10,20"
RI_-25,RI,train,20,,False,False,2,10.0,20.0,"10,20"
RI_-26,RI,train,20,,False,False,2,10.0,20.0,"10,20"
RI_-27,RI,train,20,,False,False,2,10.0,20.0,"10,20"
RI_-28,RI,train,20,,False,False,2,10.0,20.0,"10,20"
RI_-29,RI,validation,20,,False,False,2,10.0,20.0,"10,20"
RI_-3,RI,train,20,637.5,True,True,2,10.0,20.0,"10,20"
RI_-30,RI,test,20,,False,False,2,10.0,20.0,"10,20"
RI_-31,RI,train,20,124.0,True,True,2,10.0,20.0,"10,20"
RI_-32,RI,train,20,123.0,True,True,2,10.0,20.0,"10,20"
RI_-33,RI,train,20,122.0,True,True,2,10.0,20.0,"10,20"
RI_-34,RI,train,20,121.0,True,True,2,10.0,20.0,"10,20"
RI_-35,RI,train,20,120.5,True,True,2,10.0,20.0,"10,20"
RI_-36,RI,train,20,120.0,True,True,2,10.0,20.0,"10,20"
RI_-37,RI,train,20,120.0,True,True,2,10.0,20.0,"10,20"
RI_-38,RI,train,20,119.5,True,True,2,10.0,20.0,"10,20"
RI_-39,RI,validation,20,119.0,True,True,2,10.0,20.0,"10,20"
RI_-4,RI,train,20,680.5,True,True,2,10.0,20.0,"10,20"
RI_-40,RI,test,20,119.0,True,True,2,10.0,20.0,"10,20"
RI_-41,RI,train,20,118.5,True,True,2,10.0,20.0,"10,20"
RI_-42,RI,train,20,118.5,True,True,2,10.0,20.0,"10,20"
RI_-43,RI,train,20,118.5,True,True,2,10.0,20.0,"10,20"
RI_-44,RI,train,20,118.0,True,True,2,10.0,20.0,"10,20"
RI_-45,RI,train,20,118.0,True,True,2,10.0,20.0,"10,20"
RI_-46,RI,train,20,118.0,True,True,2,10.0,20.0,"10,20"
RI_-47,RI,train,20,118.0,True,True,2,10.0,20.0,"10,20"
RI_-48,RI,train,20,118.0,True,True,2,10.0,20.0,"10,20"
RI_-49,RI,validation,20,118.0,True,True,2,10.0,20.0,"10,20"
RI_-5,RI,train,20,658.0,True,True,2,10.0,20.0,"10,20"
RI_-50,RI,test,20,118.0,True,True,2,10.0,20.0,"10,20"
RI_-51,RI,train,20,118.0,True,True,2,10.0,20.0,"10,20"
RI_-52,RI,train,20,118.0,True,True,2,10.0,20.0,"10,20"
RI_-53,RI,train,20,117.5,True,True,2,10.0,20.0,"10,20"
RI_-54,RI,train,20,117.5,True,True,2,10.0,20.0,"10,20"
RI_-55,RI,train,20,117.5,True,True,2,10.0,20.0,"10,20"
RI_-56,RI,train,20,117.5,True,True,2,10.0,20.0,"10,20"
RI_-57,RI,train,20,117.5,True,True,2,10.0,20.0,"10,20"
RI_-58,RI,train,20,117.5,True,True,2,10.0,20.0,"10,20"
RI_-59,RI,validation,20,117.5,True,True,2,10.0,20.0,"10,20"
RI_-6,RI,train,20,893.5,True,True,2,10.0,20.0,"10,20"
RI_-60,RI,test,20,117.5,True,True,2,10.0,20.0,"10,20"
RI_-61,RI,train,20,117.5,True,True,2,10.0,20.0,"10,20"
RI_-62,RI,train,20,117.5,True,True,2,10.0,20.0,"10,20"
RI_-63,RI,train,20,117.5,True,True,2,10.0,20.0,"10,20"
RI_-64,RI,train,20,117.5,True,True,2,10.0,20.0,"10,20"
RI_-65,RI,train,20,117.5,True,True,2,10.0,20.0,"10,20"
RI_-66,RI,train,20,117.5,True,True,2,10.0,20.0,"10,20"
RI_-67,RI,train,20,117.5,True,True,2,10.0,20.0,"10,20"
RI_-68,RI,train,20,117.5,True,True,2,10.0,20.0,"10,20"
RI_-69,RI,validation,20,117.0,True,True,2,10.0,20.0,"10,20"
RI_-7,RI,train,20,746.0,True,True,2,10.0,20.0,"10,20"
RI_-70,RI,test,20,117.0,True,True,2,10.0,20.0,"10,20"
RI_-71,RI,train,20,117.0,True,True,2,10.0,20.0,"10,20"
RI_-72,RI,train,20,117.0,True,True,2,10.0,20.0,"10,20"
RI_-73,RI,train,20,117.0,True,True,2,10.0,20.0,"10,20"
RI_-74,RI,train,20,117.0,True,True,2,10.0,20.0,"10,20"
RI_-75,RI,train,20,117.0,True,True,2,10.0,20.0,"10,20"
RI_-76,RI,train,20,117.0,True,True,2,10.0,20.0,"10,20"
RI_-77,RI,train,20,117.0,True,True,2,10.0,20.0,"10,20"
RI_-78,RI,train,20,117.0,True,True,2,10.0,20.0,"10,20"
RI_-79,RI,validation,20,117.0,True,True,2,10.0,20.0,"10,20"
RI_-8,RI,train,20,609.0,True,True,2,10.0,20.0,"10,20"
RI_-80,RI,test,20,117.0,True,True,2,10.0,20.0,"10,20"
RI_-81,RI,train,20,117.0,True,True,2,10.0,20.0,"10,20"
RI_-82,RI,train,20,116.0,True,True,2,10.0,20.0,"10,20"
RI_-83,RI,train,20,,False,False,2,10.0,20.0,"10,20"
RI_-84,RI,train,20,,False,False,2,10.0,20.0,"10,20"
RI_-85,RI,train,20,,False,False,2,10.0,20.0,"10,20"
RI_-86,RI,train,20,,False,False,2,10.0,20.0,"10,20"
RI_-87,RI,train,20,,False,False,2,10.0,20.0,"10,20"
RI_-88,RI,train,20,,False,False,2,10.0,20.0,"10,20"
RI_-89,RI,validation,20,,False,False,2,10.0,20.0,"10,20"
RI_-9,RI,validation,20,578.0,True,True,2,10.0,20.0,"10,20"
RI_-90,RI,test,20,,False,False,2,10.0,20.0,"10,20"
RI_-91,RI,train,20,,False,False,2,10.0,20.0,"10,20"
RI_-92,RI,train,20,,False,False,2,10.0,20.0,"10,20"
RI_-93,RI,train,20,,False,False,2,10.0,20.0,"10,20"
RI_-94,RI,train,20,,False,False,2,10.0,20.0,"10,20"
RI_-95,RI,train,20,,False,False,2,10.0,20.0,"10,20"
RI_-96,RI,train,20,,False,False,2,10.0,20.0,"10,20"
RI_-97,RI,train,20,,False,False,2,10.0,20.0,"10,20"
RI_-98,RI,train,20,,False,False,2,10.0,20.0,"10,20"
RI_-99,RI,validation,20,,False,False,2,10.0,20.0,"10,20"
RW_1,RW,test,20,403.5,True,True,2,10.0,20.0,"10,20"
RW_10,RW,train,20,103.0,True,True,2,10.0,20.0,"10,20"
RW_100,RW,train,20,102.0,True,True,2,10.0,20.0,"10,20"
RW_11,RW,test,20,103.0,True,True,2,10.0,20.0,"10,20"
RW_12,RW,validation,20,103.0,True,True,2,10.0,20.0,"10,20"
RW_13,RW,train,20,103.0,True,True,2,10.0,20.0,"10,20"
RW_14,RW,train,20,103.0,True,True,2,10.0,20.0,"10,20"
RW_15,RW,train,20,102.5,True,True,2,10.0,20.0,"10,20"
RW_16,RW,train,20,102.5,True,True,2,10.0,20.0,"10,20"
RW_17,RW,train,20,102.5,True,True,2,10.0,20.0,"10,20"
RW_18,RW,train,20,102.5,True,True,2,10.0,20.0,"10,20"
RW_19,RW,train,20,102.5,True,True,2,10.0,20.0,"10,20"
RW_2,RW,validation,20,362.5,True,True,2,10.0,20.0,"10,20"
RW_20,RW,train,20,102.5,True,True,2,10.0,20.0,"10,20"
RW_21,RW,test,20,102.5,True,True,2,10.0,20.0,"10,20"
RW_22,RW,validation,20,102.5,True,True,2,10.0,20.0,"10,20"
RW_23,RW,train,20,102.5,True,True,2,10.0,20.0,"10,20"
RW_24,RW,train,20,102.5,True,True,2,10.0,20.0,"10,20"
RW_25,RW,train,20,102.5,True,True,2,10.0,20.0,"10,20"
RW_26,RW,train,20,102.5,True,True,2,10.0,20.0,"10,20"
RW_27,RW,train,20,102.5,True,True,2,10.0,20.0,"10,20"
RW_28,RW,train,20,102.5,True,True,2,10.0,20.0,"10,20"
RW_29,RW,train,20,102.5,True,True,2,10.0,20.0,"10,20"
RW_3,RW,train,20,337.5,True,True,2,10.0,20.0,"10,20"
RW_30,RW,train,20,102.5,True,True,2,10.0,20.0,"10,20"
RW_31,RW,test,20,102.5,True,True,2,10.0,20.0,"10,20"
RW_32,RW,validation,20,102.5,True,True,2,10.0,20.0,"10,20"
RW_33,RW,train,20,102.0,True,True,2,10.0,20.0,"10,20"
RW_34,RW,train,20,102.0,True,True,2,10.0,20.0,"10,20"
RW_35,RW,train,20,102.0,True,True,2,10.0,20.0,"10,20"
RW_36,RW,train,20,102.0,True,True,2,10.0,20.0,"10,20"
RW_37,RW,train,20,102.0,True,True,2,10.0,20.0,"10,20"
RW_38,RW,train,20,102.0,True,True,2,10.0,20.0,"10,20"
RW_39,RW,train,20,102.0,True,True,2,10.0,20.0,"10,20"
RW_4,RW,train,20,106.0,True,True,2,10.0,20.0,"10,20"
RW_40,RW,train,20,102.0,True,True,2,10.0,20.0,"10,20"
RW_41,RW,test,20,102.0,True,True,2,10.0,20.0,"10,20"
RW_42,RW,validation,20,102.0,True,True,2,10.0,20.0,"10,20"
RW_43,RW,train,20,102.0,True,True,2,10.0,20.0,"10,20"
RW_44,RW,train,20,102.0,True,True,2,10.0,20.0,"10,20"
RW_45,RW,train,20,102.0,True,True,2,10.0,20.0,"10,20"
RW_46,RW,train,20,102.0,True,True,2,10.0,20.0,"10,20"
RW_47,RW,train,20,102.0,True,True,2,10.0,20.0,"10,20"
RW_48,RW,train,20,102.0,True,True,2,10.0,20.0,"10,20"
RW_49,RW,train,20,102.0,True,True,2,10.0,20.0,"10,20"
RW_5,RW,train,20,105.0,True,True,2,10.0,20.0,"10,20"
RW_50,RW,train,20,102.0,True,True,2,10.0,20.0,"10,20"
RW_51,RW,test,20,102.0,True,True,2,10.0,20.0,"10,20"
RW_52,RW,validation,20,102.0,True,True,2,10.0,20.0,"10,20"
RW_53,RW,train,20,102.0,True,True,2,10.0,20.0,"10,20"
RW_54,RW,train,20,102.0,True,True,2,10.0,20.0,"10,20"
RW_55,RW,train,20,102.0,True,True,2,10.0,20.0,"10,20"
RW_56,RW,train,20,102.0,True,True,2,10.0,20.0,"10,20"
RW_57,RW,train,20,102.0,True,True,2,10.0,20.0,"10,20"
RW_58,RW,train,20,102.0,True,True,2,10.0,20.0,"10,20"
RW_59,RW,train,20,102.0,True,True,2,10.0,20.0,"10,20"
RW_6,RW,train,20,104.0,True,True,2,10.0,20.0,"10,20"
RW_60,RW,train,20,102.0,True,True,2,10.0,20.0,"10,20"
RW_61,RW,test,20,102.0,True,True,2,10.0,20.0,"10,20"
RW_62,RW,validation,20,102.0,True,True,2,10.0,20.0,"10,20"
RW_63,RW,train,20,102.0,True,True,2,10.0,20.0,"10,20"
RW_64,RW,train,20,102.0,True,True,2,10.0,20.0,"10,20"
RW_65,RW,train,20,102.0,True,True,2,10.0,20.0,"10,20"
RW_66,RW,train,20,102.0,True,True,2,10.0,20.0,"10,20"
RW_67,RW,train,20,102.0,True,True,2,10.0,20.0,"10,20"
RW_68,RW,train,20,102.0,True,True,2,10.0,20.0,"10,20"
RW_69,RW,train,20,102.0,True,True,2,10.0,20.0,"10,20"
RW_7,RW,train,20,104.0,True,True,2,10.0,20.0,"10,20"
RW_70,RW,train,20,102.0,True,True,2,10.0,20.0,"10,20"
RW_71,RW,test,20,102.0,True,True,2,10.0,20.0,"10,20"
RW_72,RW,validation,20,102.0,True,True,2,10.0,20.0,"10,20"
RW_73,RW,train,20,102.0,True,True,2,10.0,20.0,"10,20"
RW_74,RW,train,20,102.0,True,True,2,10.0,20.0,"10,20"
RW_75,RW,train,20,102.0,True,True,2,10.0,20.0,"10,20"
RW_76,RW,train,20,102.0,True,True,2,10.0,20.0,"10,20"
RW_77,RW,train,20,102.0,True,True,2,10.0,20.0,"10,20"
RW_78,RW,train,20,102.0,True,True,2,10.0,20.0,"10,20"
RW_79,RW,train,20,102.0,True,True,2,10.0,20.0,"10,20"
RW_8,RW,train,20,103.5,True,True,2,10.0,20.0,"10,20"
RW_80,RW,train,20,102.0,True,True,2,10.0,20.0,"10,20"
RW_81,RW,test,20,102.0,True,True,2,10.0,20.0,"10,20"
RW_82,RW,validation,20,102.0,True,True,2,10.0,20.0,"10,20"
RW_83,RW,train,20,102.0,True,True,2,10.0,20.0,"10,20"
RW_84,RW,train,20,102.0,True,True,2,10.0,20.0,"10,20"
RW_85,RW,train,20,102.0,True,True,2,10.0,20.0,"10,20"
RW_86,RW,train,20,102.0,True,True,2,10.0,20.0,"10,20"
RW_87,RW,train,20,102.0,True,True,2,10.0,20.0,"10,20"
RW_88,RW,train,20,102.0,True,True,2,10.0,20.0,"10,20"
RW_89,RW,train,20,102.0,True,True,2,10.0,20.0,"10,20"
RW_9,RW,train,20,103.5,True,True,2,10.0,20.0,"10,20"
RW_90,RW,train,20,102.0,True,True,2,10.0,20.0,"10,20"
RW_91,RW,test,20,102.0,True,True,2,10.0,20.0,"10,20"
RW_92,RW,validation,20,102.0,True,True,2,10.0,20.0,"10,20"
RW_93,RW,train,20,102.0,True,True,2,10.0,20.0,"10,20"
RW_94,RW,train,20,102.0,True,True,2,10.0,20.0,"10,20"
RW_95,RW,train,20,102.0,True,True,2,10.0,20.0,"10,20"
RW_96,RW,train,20,102.0,True,True,2,10.0,20.0,"10,20"
RW_97,RW,train,20,102.0,True,True,2,10.0,20.0,"10,20"
RW_98,RW,train,20,102.0,True,True,2,10.0,20.0,"10,20"
RW_99,RW,train,20,102.0,True,True,2,10.0,20.0,"10,20"
SGATR_1,SGATR,test,20,,False,False,2,10.0,20.0,"10,20"
SGATR_10,SGATR,train,20,,False,False,2,10.0,20.0,"10,20"
SGATR_100,SGATR,train,20,695.0,True,True,2,10.0,20.0,"10,20"
SGATR_11,SGATR,test,20,,False,False,2,10.0,20.0,"10,20"
SGATR_12,SGATR,validation,20,,False,False,2,10.0,20.0,"10,20"
SGATR_13,SGATR,train,20,,False,False,2,10.0,20.0,"10,20"
SGATR_14,SGATR,train,20,,False,False,2,10.0,20.0,"10,20"
SGATR_15,SGATR,train,20,,False,False,2,10.0,20.0,"10,20"
SGATR_16,SGATR,train,20,,False,False,2,10.0,20.0,"10,20"
SGATR_17,SGATR,train,20,,False,False,2,10.0,20.0,"10,20"
SGATR_18,SGATR,train,20,,False,False,2,10.0,20.0,"10,20"
SGATR_19,SGATR,train,20,,False,False,2,10.0,20.0,"10,20"
SGATR_2,SGATR,validation,20,,False,False,2,10.0,20.0,"10,20"
SGATR_20,SGATR,train,20,,False,False,2,10.0,20.0,"10,20"
SGATR_21,SGATR,test,20,,False,False,2,10.0,20.0,"10,20"
SGATR_22,SGATR,validation,20,,False,False,2,10.0,20.0,"10,20"
SGATR_23,SGATR,train,20,,False,False,2,10.0,20.0,"10,20"
SGATR_24,SGATR,train,20,,False,False,2,10.0,20.0,"10,20"
SGATR_25,SGATR,train,20,,False,False,2,10.0,20.0,"10,20"
SGATR_26,SGATR,train,20,,False,False,2,10.0,20.0,"10,20"
SGATR_27,SGATR,train,20,,False,False,2,10.0,20.0,"10,20"
SGATR_28,SGATR,train,20,,False,False,2,10.0,20.0,"10,20"
SGATR_29,SGATR,train,20,,False,False,2,10.0,20.0,"10,20"
SGATR_3,SGATR,train,20,,False,False,2,10.0,20.0,"10,20"
SGATR_30,SGATR,train,20,,False,False,2,10.0,20.0,"10,20"
SGATR_31,SGATR,test,20,,False,False,2,10.0,20.0,"10,20"
SGATR_32,SGATR,validation,20,,False,False,2,10.0,20.0,"10,20"
SGATR_33,SGATR,train,20,,False,False,2,10.0,20.0,"10,20"
SGATR_34,SGATR,train,20,,False,False,2,10.0,20.0,"10,20"
SGATR_35,SGATR,train,20,,False,False,2,10.0,20.0,"10,20"
SGATR_36,SGATR,train,20,,False,False,2,10.0,20.0,"10,20"
SGATR_37,SGATR,train,20,,False,False,2,10.0,20.0,"10,20"
SGATR_38,SGATR,train,20,,False,False,2,10.0,20.0,"10,20"
SGATR_39,SGATR,train,20,,False,False,2,10.0,20.0,"10,20"
SGATR_4,SGATR,train,20,,False,False,2,10.0,20.0,"10,20"
SGATR_40,SGATR,train,20,,False,False,2,10.0,20.0,"10,20"
SGATR_41,SGATR,test,20,,False,False,2,10.0,20.0,"10,20"
SGATR_42,SGATR,validation,20,,False,False,2,10.0,20.0,"10,20"
SGATR_43,SGATR,train,20,,False,False,2,10.0,20.0,"10,20"
SGATR_44,SGATR,train,20,,False,False,2,10.0,20.0,"10,20"
SGATR_45,SGATR,train,20,,False,False,2,10.0,20.0,"10,20"
SGATR_46,SGATR,train,20,,False,False,2,10.0,20.0,"10,20"
SGATR_47,SGATR,train,20,,False,False,2,10.0,20.0,"10,20"
SGATR_48,SGATR,train,20,,False,False,2,10.0,20.0,"10,20"
SGATR_49,SGATR,train,20,,False,False,2,10.0,20.0,"10,20"
SGATR_5,SGATR,train,20,,False,False,2,10.0,20.0,"10,20"
SGATR_50,SGATR,train,20,,False,False,2,10.0,20.0,"10,20"
SGATR_51,SGATR,test,20,,False,False,2,10.0,20.0,"10,20"
SGATR_52,SGATR,validation,20,,False,False,2,10.0,20.0,"10,20"
SGATR_53,SGATR,train,20,,False,False,2,10.0,20.0,"10,20"
SGATR_54,SGATR,train,20,,False,False,2,10.0,20.0,"10,20"
SGATR_55,SGATR,train,20,,False,False,2,10.0,20.0,"10,20"
SGATR_56,SGATR,train,20,,False,False,2,10.0,20.0,"10,20"
SGATR_57,SGATR,train,20,2483.5,True,True,2,10.0,20.0,"10,20"
SGATR_58,SGATR,train,20,2344.5,True,True,2,10.0,20.0,"10,20"
SGATR_59,SGATR,train,20,2220.0,True,True,2,10.0,20.0,"10,20"
SGATR_6,SGATR,train,20,,False,False,2,10.0,20.0,"10,20"
SGATR_60,SGATR,train,20,2107.5,True,True,2,10.0,20.0,"10,20"
SGATR_61,SGATR,test,20,2007.5,True,True,2,10.0,20.0,"10,20"
SGATR_62,SGATR,validation,20,1916.5,True,True,2,10.0,20.0,"10,20"
SGATR_63,SGATR,train,20,1833.0,True,True,2,10.0,20.0,"10,20"
SGATR_64,SGATR,train,20,1756.5,True,True,2,10.0,20.0,"10,20"
SGATR_65,SGATR,train,20,1686.0,True,True,2,10.0,20.0,"10,20"
SGATR_66,SGATR,train,20,1620.0,True,True,2,10.0,20.0,"10,20"
SGATR_67,SGATR,train,20,1559.5,True,True,2,10.0,20.0,"10,20"
SGATR_68,SGATR,train,20,1502.5,True,True,2,10.0,20.0,"10,20"
SGATR_69,SGATR,train,20,1450.0,True,True,2,10.0,20.0,"10,20"
SGATR_7,SGATR,train,20,,False,False,2,10.0,20.0,"10,20"
SGATR_70,SGATR,train,20,1400.5,True,True,2,10.0,20.0,"10,20"
SGATR_71,SGATR,test,20,1354.0,True,True,2,10.0,20.0,"10,20"
SGATR_72,SGATR,validation,20,1311.0,True,True,2,10.0,20.0,"10,20"
SGATR_73,SGATR,train,20,1270.0,True,True,2,10.0,20.0,"10,20"
SGATR_74,SGATR,train,20,1232.0,True,True,2,10.0,20.0,"10,20"
SGATR_75,SGATR,train,20,1196.0,True,True,2,10.0,20.0,"10,20"
SGATR_76,SGATR,train,20,1162.0,True,True,2,10.0,20.0,"10,20"
SGATR_77,SGATR,train,20,1129.5,True,True,2,10.0,20.0,"10,20"
SGATR_78,SGATR,train,20,1099.5,True,True,2,10.0,20.0,"10,20"
SGATR_79,SGATR,train,20,1070.5,True,True,2,10.0,20.0,"10,20"
SGATR_8,SGATR,train,20,,False,False,2,10.0,20.0,"10,20"
SGATR_80,SGATR,train,20,1043.0,True,True,2,10.0,20.0,"10,20"
SGATR_81,SGATR,test,20,1017.0,True,True,2,10.0,20.0,"10,20"
SGATR_82,SGATR,validation,20,992.5,True,True,2,10.0,20.0,"10,20"
SGATR_83,SGATR,train,20,969.0,True,True,2,10.0,20.0,"10,20"
SGATR_84,SGATR,train,20,947.0,True,True,2,10.0,20.0,"10,20"
SGATR_85,SGATR,train,20,925.5,True,True,2,10.0,20.0,"10,20"
SGATR_86,SGATR,train,20,905.0,True,True,2,10.0,20.0,"10,20"
SGATR_87,SGATR,train,20,885.5,True,True,2,10.0,20.0,"10,20"
SGATR_88,SGATR,train,20,867.0,True,True,2,10.0,20.0,"10,20"
SGATR_89,SGATR,train,20,849.5,True,True,2,10.0,20.0,"10,20"
SGATR_9,SGATR,train,20,,False,False,2,10.0,20.0,"10,20"
SGATR_90,SGATR,train,20,832.0,True,True,2,10.0,20.0,"10,20"
SGATR_91,SGATR,test,20,816.0,True,True,2,10.0,20.0,"10,20"
SGATR_92,SGATR,validation,20,800.5,True,True,2,10.0,20.0,"10,20"
SGATR_93,SGATR,train,20,785.5,True,True,2,10.0,20.0,"10,20"
SGATR_94,SGATR,train,20,771.0,True,True,2,10.0,20.0,"10,20"
SGATR_95,SGATR,train,20,757.0,True,True,2,10.0,20.0,"10,20"
SGATR_96,SGATR,train,20,743.5,True,True,2,10.0,20.0,"10,20"
SGATR_97,SGATR,train,20,731.0,True,True,2,10.0,20.0,"10,20"
SGATR_98,SGATR,train,20,718.5,True,True,2,10.0,20.0,"10,20"
SGATR_99,SGATR,train,20,706.5,True,True,2,10.0,20.0,"10,20"
SGBTR_1,SGBTR,test,20,,False,False,2,10.0,20.0,"10,20"
SGBTR_10,SGBTR,train,20,,False,False,2,10.0,20.0,"10,20"
SGBTR_100,SGBTR,train,20,694.5,True,True,2,10.0,20.0,"10,20"
SGBTR_101,SGBTR,test,20,683.5,True,True,2,10.0,20.0,"10,20"
SGBTR_102,SGBTR,validation,20,673.0,True,True,2,10.0,20.0,"10,20"
SGBTR_103,SGBTR,train,20,662.5,True,True,2,10.0,20.0,"10,20"
SGBTR_104,SGBTR,train,20,652.5,True,True,2,10.0,20.0,"10,20"
SGBTR_105,SGBTR,train,20,643.0,True,True,2,10.0,20.0,"10,20"
SGBTR_106,SGBTR,train,20,633.5,True,True,2,10.0,20.0,"10,20"
SGBTR_107,SGBTR,train,20,624.5,True,True,2,10.0,20.0,"10,20"
SGBTR_108,SGBTR,train,20,616.0,True,True,2,10.0,20.0,"10,20"
SGBTR_109,SGBTR,train,20,607.0,True,True,2,10.0,20.0,"10,20"
SGBTR_11,SGBTR,test,20,,False,False,2,10.0,20.0,"10,20"
SGBTR_110,SGBTR,train,20,599.0,True,True,2,10.0,20.0,"10,20"
SGBTR_12,SGBTR,validation,20,,False,False,2,10.0,20.0,"10,20"
SGBTR_13,SGBTR,train,20,,False,False,2,10.0,20.0,"10,20"
SGBTR_14,SGBTR,train,20,,False,False,2,10.0,20.0,"10,20"
SGBTR_15,SGBTR,train,20,,False,False,2,10.0,20.0,"10,20"
SGBTR_16,SGBTR,train,20,,False,False,2,10.0,20.0,"10,20"
SGBTR_17,SGBTR,train,20,,False,False,2,10.0,20.0,"10,20"
SGBTR_18,SGBTR,train,20,,False,False,2,10.0,20.0,"10,20"
SGBTR_19,SGBTR,train,20,,False,False,2,10.0,20.0,"10,20"
SGBTR_2,SGBTR,validation,20,,False,False,2,10.0,20.0,"10,20"
SGBTR_20,SGBTR,train,20,,False,False,2,10.0,20.0,"10,20"
SGBTR_21,SGBTR,test,20,,False,False,2,10.0,20.0,"10,20"
SGBTR_22,SGBTR,validation,20,,False,False,2,10.0,20.0,"10,20"
SGBTR_23,SGBTR,train,20,,False,False,2,10.0,20.0,"10,20"
SGBTR_24,SGBTR,train,20,,False,False,2,10.0,20.0,"10,20"
SGBTR_25,SGBTR,train,20,,False,False,2,10.0,20.0,"10,20"
SGBTR_26,SGBTR,train,20,,False,False,2,10.0,20.0,"10,20"
SGBTR_27,SGBTR,train,20,,False,False,2,10.0,20.0,"10,20"
SGBTR_28,SGBTR,train,20,,False,False,2,10.0,20.0,"10,20"
SGBTR_29,SGBTR,train,20,,False,False,2,10.0,20.0,"10,20"
SGBTR_3,SGBTR,train,20,,False,False,2,10.0,20.0,"10,20"
SGBTR_30,SGBTR,train,20,,False,False,2,10.0,20.0,"10,20"
SGBTR_31,SGBTR,test,20,,False,False,2,10.0,20.0,"10,20"
SGBTR_32,SGBTR,validation,20,,False,False,2,10.0,20.0,"10,20"
SGBTR_33,SGBTR,train,20,,False,False,2,10.0,20.0,"10,20"
SGBTR_34,SGBTR,train,20,,False,False,2,10.0,20.0,"10,20"
SGBTR_35,SGBTR,train,20,,False,False,2,10.0,20.0,"10,20"
SGBTR_36,SGBTR,train,20,,False,False,2,10.0,20.0,"10,20"
SGBTR_37,SGBTR,train,20,,False,False,2,10.0,20.0,"10,20"
SGBTR_38,SGBTR,train,20,,False,False,2,10.0,20.0,"10,20"
SGBTR_39,SGBTR,train,20,,False,False,2,10.0,20.0,"10,20"
SGBTR_4,SGBTR,train,20,,False,False,2,10.0,20.0,"10,20"
SGBTR_40,SGBTR,train,20,,False,False,2,10.0,20.0,"10,20"
SGBTR_41,SGBTR,test,20,,False,False,2,10.0,20.0,"10,20"
SGBTR_42,SGBTR,validation,20,,False,False,2,10.0,20.0,"10,20"
SGBTR_43,SGBTR,train,20,,False,False,2,10.0,20.0,"10,20"
SGBTR_44,SGBTR,train,20,,False,False,2,10.0,20.0,"10,20"
SGBTR_45,SGBTR,train,20,,False,False,2,10.0,20.0,"10,20"
SGBTR_46,SGBTR,train,20,,False,False,2,10.0,20.0,"10,20"
SGBTR_47,SGBTR,train,20,,False,False,2,10.0,20.0,"10,20"
SGBTR_48,SGBTR,train,20,,False,False,2,10.0,20.0,"10,20"
SGBTR_49,SGBTR,train,20,,False,False,2,10.0,20.0,"10,20"
SGBTR_5,SGBTR,train,20,,False,False,2,10.0,20.0,"10,20"
SGBTR_50,SGBTR,train,20,,False,False,2,10.0,20.0,"10,20"
SGBTR_51,SGBTR,test,20,,False,False,2,10.0,20.0,"10,20"
SGBTR_52,SGBTR,validation,20,,False,False,2,10.0,20.0,"10,20"
SGBTR_53,SGBTR,train,20,,False,False,2,10.0,20.0,"10,20"
SGBTR_54,SGBTR,train,20,,False,False,2,10.0,20.0,"10,20"
SGBTR_55,SGBTR,train,20,,False,False,2,10.0,20.0,"10,20"
SGBTR_56,SGBTR,train,20,,False,False,2,10.0,20.0,"10,20"
SGBTR_57,SGBTR,train,20,2483.0,True,True,2,10.0,20.0,"10,20"
SGBTR_58,SGBTR,train,20,2344.0,True,True,2,10.0,20.0,"10,20"
SGBTR_59,SGBTR,train,20,2219.0,True,True,2,10.0,20.0,"10,20"
SGBTR_6,SGBTR,train,20,,False,False,2,10.0,20.0,"10,20"
SGBTR_60,SGBTR,train,20,2107.0,True,True,2,10.0,20.0,"10,20"
SGBTR_61,SGBTR,test,20,2007.0,True,True,2,10.0,20.0,"10,20"
SGBTR_62,SGBTR,validation,20,1916.0,True,True,2,10.0,20.0,"10,20"
SGBTR_63,SGBTR,train,20,1832.5,True,True,2,10.0,20.0,"10,20"
SGBTR_64,SGBTR,train,20,1756.0,True,True,2,10.0,20.0,"10,20"
SGBTR_65,SGBTR,train,20,1685.0,True,True,2,10.0,20.0,"10,20"
SGBTR_66,SGBTR,train,20,1619.5,True,True,2,10.0,20.0,"10,20"
SGBTR_67,SGBTR,train,20,1559.0,True,True,2,10.0,20.0,"10,20"
SGBTR_68,SGBTR,train,20,1502.0,True,True,2,10.0,20.0,"10,20"
SGBTR_69,SGBTR,train,20,1449.0,True,True,2,10.0,20.0,"10,20"
SGBTR_7,SGBTR,train,20,,False,False,2,10.0,20.0,"10,20"
SGBTR_70,SGBTR,train,20,1399.5,True,True,2,10.0,20.0,"10,20"
SGBTR_71,SGBTR,test,20,1353.5,True,True,2,10.0,20.0,"10,20"
SGBTR_72,SGBTR,validation,20,1310.5,True,True,2,10.0,20.0,"10,20"
SGBTR_73,SGBTR,train,20,1269.5,True,True,2,10.0,20.0,"10,20"
SGBTR_74,SGBTR,train,20,1231.5,True,True,2,10.0,20.0,"10,20"
SGBTR_75,SGBTR,train,20,1195.0,True,True,2,10.0,20.0,"10,20"
SGBTR_76,SGBTR,train,20,1161.0,True,True,2,10.0,20.0,"10,20"
SGBTR_77,SGBTR,train,20,1129.5,True,True,2,10.0,20.0,"10,20"
SGBTR_78,SGBTR,train,20,1098.5,True,True,2,10.0,20.0,"10,20"
SGBTR_79,SGBTR,train,20,1070.0,True,True,2,10.0,20.0,"10,20"
SGBTR_8,SGBTR,train,20,,False,False,2,10.0,20.0,"10,20"
SGBTR_80,SGBTR,train,20,1042.5,True,True,2,10.0,20.0,"10,20"
SGBTR_81,SGBTR,test,20,1017.0,True,True,2,10.0,20.0,"10,20"
SGBTR_82,SGBTR,validation,20,992.0,True,True,2,10.0,20.0,"10,20"
SGBTR_83,SGBTR,train,20,968.5,True,True,2,10.0,20.0,"10,20"
SGBTR_84,SGBTR,train,20,946.5,True,True,2,10.0,20.0,"10,20"
SGBTR_85,SGBTR,train,20,925.0,True,True,2,10.0,20.0,"10,20"
SGBTR_86,SGBTR,train,20,905.0,True,True,2,10.0,20.0,"10,20"
SGBTR_87,SGBTR,train,20,885.5,True,True,2,10.0,20.0,"10,20"
SGBTR_88,SGBTR,train,20,866.5,True,True,2,10.0,20.0,"10,20"
SGBTR_89,SGBTR,train,20,849.0,True,True,2,10.0,20.0,"10,20"
SGBTR_9,SGBTR,train,20,,False,False,2,10.0,20.0,"10,20"
SGBTR_90,SGBTR,train,20,832.0,True,True,2,10.0,20.0,"10,20"
SGBTR_91,SGBTR,test,20,815.5,True,True,2,10.0,20.0,"10,20"
SGBTR_92,SGBTR,validation,20,800.0,True,True,2,10.0,20.0,"10,20"
SGBTR_93,SGBTR,train,20,785.0,True,True,2,10.0,20.0,"10,20"
SGBTR_94,SGBTR,train,20,770.5,True,True,2,10.0,20.0,"10,20"
SGBTR_95,SGBTR,train,20,756.5,True,True,2,10.0,20.0,"10,20"
SGBTR_96,SGBTR,train,20,743.5,True,True,2,10.0,20.0,"10,20"
SGBTR_97,SGBTR,train,20,730.5,True,True,2,10.0,20.0,"10,20"
SGBTR_98,SGBTR,train,20,718.0,True,True,2,10.0,20.0,"10,20"
SGBTR_99,SGBTR,train,20,706.0,True,True,2,10.0,20.0,"10,20"
SLBIC_1,SLBIC,test,20,,False,False,2,10.0,20.0,"10,20"
SLBIC_10,SLBIC,train,20,,False,False,2,10.0,20.0,"10,20"
SLBIC_100,SLBIC,train,20,205.0,True,True,2,10.0,20.0,"10,20"
SLBIC_101,SLBIC,test,20,204.0,True,True,2,10.0,20.0,"10,20"
SLBIC_11,SLBIC,test,20,,False,False,2,10.0,20.0,"10,20"
SLBIC_12,SLBIC,validation,20,,False,False,2,10.0,20.0,"10,20"
SLBIC_13,SLBIC,train,20,,False,False,2,10.0,20.0,"10,20"
SLBIC_14,SLBIC,train,20,5232.0,True,True,2,10.0,20.0,"10,20"
SLBIC_15,SLBIC,train,20,4386.0,True,True,2,10.0,20.0,"10,20"
SLBIC_16,SLBIC,train,20,3893.0,True,True,2,10.0,20.0,"10,20"
SLBIC_17,SLBIC,train,20,3672.0,True,True,2,10.0,20.0,"10,20"
SLBIC_18,SLBIC,train,20,3489.5,True,True,2,10.0,20.0,"10,20"
SLBIC_19,SLBIC,train,20,3348.5,True,True,2,10.0,20.0,"10,20"
SLBIC_2,SLBIC,validation,20,,False,False,2,10.0,20.0,"10,20"
SLBIC_20,SLBIC,train,20,3314.0,True,True,2,10.0,20.0,"10,20"
SLBIC_21,SLBIC,test,20,3247.5,True,True,2,10.0,20.0,"10,20"
SLBIC_22,SLBIC,validation,20,3181.5,True,True,2,10.0,20.0,"10,20"
SLBIC_23,SLBIC,train,20,3053.5,True,True,2,10.0,20.0,"10,20"
SLBIC_24,SLBIC,train,20,2925.5,True,True,2,10.0,20.0,"10,20"
SLBIC_25,SLBIC,train,20,2739.0,True,True,2,10.0,20.0,"10,20"
SLBIC_26,SLBIC,train,20,463.5,True,True,2,10.0,20.0,"10,20"
SLBIC_27,SLBIC,train,20,450.5,True,True,2,10.0,20.0,"10,20"
SLBIC_28,SLBIC,train,20,438.5,True,True,2,10.0,20.0,"10,20"
SLBIC_29,SLBIC,train,20,427.0,True,True,2,10.0,20.0,"10,20"
SLBIC_3,SLBIC,train,20,,False,False,2,10.0,20.0,"10,20"
SLBIC_30,SLBIC,train,20,416.5,True,True,2,10.0,20.0,"10,20"
SLBIC_31,SLBIC,test,20,407.0,True,True,2,10.0,20.0,"10,20"
SLBIC_32,SLBIC,validation,20,397.5,True,True,2,10.0,20.0,"10,20"
SLBIC_33,SLBIC,train,20,389.0,True,True,2,10.0,20.0,"10,20"
SLBIC_34,SLBIC,train,20,381.0,True,True,2,10.0,20.0,"10,20"
SLBIC_35,SLBIC,train,20,373.5,True,True,2,10.0,20.0,"10,20"
SLBIC_36,SLBIC,train,20,366.5,True,True,2,10.0,20.0,"10,20"
SLBIC_37,SLBIC,train,20,359.5,True,True,2,10.0,20.0,"10,20"
SLBIC_38,SLBIC,train,20,353.0,True,True,2,10.0,20.0,"10,20"
SLBIC_39,SLBIC,train,20,347.0,True,True,2,10.0,20.0,"10,20"
SLBIC_4,SLBIC,train,20,,False,False,2,10.0,20.0,"10,20"
SLBIC_40,SLBIC,train,20,341.0,True,True,2,10.0,20.0,"10,20"
SLBIC_41,SLBIC,test,20,335.5,True,True,2,10.0,20.0,"10,20"
SLBIC_42,SLBIC,validation,20,330.5,True,True,2,10.0,20.0,"10,20"
SLBIC_43,SLBIC,train,20,325.5,True,True,2,10.0,20.0,"10,20"
SLBIC_44,SLBIC,train,20,320.5,True,True,2,10.0,20.0,"10,20"
SLBIC_45,SLBIC,train,20,316.0,True,True,2,10.0,20.0,"10,20"
SLBIC_46,SLBIC,train,20,311.5,True,True,2,10.0,20.0,"10,20"
SLBIC_47,SLBIC,train,20,307.5,True,True,2,10.0,20.0,"10,20"
SLBIC_48,SLBIC,train,20,303.5,True,True,2,10.0,20.0,"10,20"
SLBIC_49,SLBIC,train,20,299.5,True,True,2,10.0,20.0,"10,20"
SLBIC_5,SLBIC,train,20,,False,False,2,10.0,20.0,"10,20"
SLBIC_50,SLBIC,train,20,296.0,True,True,2,10.0,20.0,"10,20"
SLBIC_51,SLBIC,test,20,292.5,True,True,2,10.0,20.0,"10,20"
SLBIC_52,SLBIC,validation,20,289.0,True,True,2,10.0,20.0,"10,20"
SLBIC_53,SLBIC,train,20,285.5,True,True,2,10.0,20.0,"10,20"
SLBIC_54,SLBIC,train,20,282.5,True,True,2,10.0,20.0,"10,20"
SLBIC_55,SLBIC,train,20,279.5,True,True,2,10.0,20.0,"10,20"
SLBIC_56,SLBIC,train,20,276.5,True,True,2,10.0,20.0,"10,20"
SLBIC_57,SLBIC,train,20,273.5,True,True,2,10.0,20.0,"10,20"
SLBIC_58,SLBIC,train,20,271.0,True,True,2,10.0,20.0,"10,20"
SLBIC_59,SLBIC,train,20,268.0,True,True,2,10.0,20.0,"10,20"
SLBIC_6,SLBIC,train,20,,False,False,2,10.0,20.0,"10,20"
SLBIC_60,SLBIC,train,20,265.5,True,True,2,10.0,20.0,"10,20"
SLBIC_61,SLBIC,test,20,263.0,True,True,2,10.0,20.0,"10,20"
SLBIC_62,SLBIC,validation,20,260.5,True,True,2,10.0,20.0,"10,20"
SLBIC_63,SLBIC,train,20,258.5,True,True,2,10.0,20.0,"10,20"
SLBIC_64,SLBIC,train,20,256.0,True,True,2,10.0,20.0,"10,20"
SLBIC_65,SLBIC,train,20,254.0,True,True,2,10.0,20.0,"10,20"
SLBIC_66,SLBIC,train,20,252.0,True,True,2,10.0,20.0,"10,20"
SLBIC_67,SLBIC,train,20,250.0,True,True,2,10.0,20.0,"10,20"
SLBIC_68,SLBIC,train,20,248.0,True,True,2,10.0,20.0,"10,20"
SLBIC_69,SLBIC,train,20,246.0,True,True,2,10.0,20.0,"10,20"
SLBIC_7,SLBIC,train,20,,False,False,2,10.0,20.0,"10,20"
SLBIC_70,SLBIC,train,20,244.0,True,True,2,10.0,20.0,"10,20"
SLBIC_71,SLBIC,test,20,242.0,True,True,2,10.0,20.0,"10,20"
SLBIC_72,SLBIC,validation,20,240.5,True,True,2,10.0,20.0,"10,20"
SLBIC_73,SLBIC,train,20,238.5,True,True,2,10.0,20.0,"10,20"
SLBIC_74,SLBIC,train,20,237.0,True,True,2,10.0,20.0,"10,20"
SLBIC_75,SLBIC,train,20,235.5,True,True,2,10.0,20.0,"10,20"
SLBIC_76,SLBIC,train,20,234.0,True,True,2,10.0,20.0,"10,20"
SLBIC_77,SLBIC,train,20,232.5,True,True,2,10.0,20.0,"10,20"
SLBIC_78,SLBIC,train,20,231.0,True,True,2,10.0,20.0,"10,20"
SLBIC_79,SLBIC,train,20,229.5,True,True,2,10.0,20.0,"10,20"
SLBIC_8,SLBIC,train,20,,False,False,2,10.0,20.0,"10,20"
SLBIC_80,SLBIC,train,20,228.0,True,True,2,10.0,20.0,"10,20"
SLBIC_81,SLBIC,test,20,226.5,True,True,2,10.0,20.0,"10,20"
SLBIC_82,SLBIC,validation,20,225.0,True,True,2,10.0,20.0,"10,20"
SLBIC_83,SLBIC,train,20,223.5,True,True,2,10.0,20.0,"10,20"
SLBIC_84,SLBIC,train,20,222.5,True,True,2,10.0,20.0,"10,20"
SLBIC_85,SLBIC,train,20,221.0,True,True,2,10.0,20.0,"10,20"
SLBIC_86,SLBIC,train,20,220.0,True,True,2,10.0,20.0,"10,20"
SLBIC_87,SLBIC,train,20,218.5,True,True,2,10.0,20.0,"10,20"
SLBIC_88,SLBIC,train,20,217.5,True,True,2,10.0,20.0,"10,20"
SLBIC_89,SLBIC,train,20,216.5,True,True,2,10.0,20.0,"10,20"
SLBIC_9,SLBIC,train,20,,False,False,2,10.0,20.0,"10,20"
SLBIC_90,SLBIC,train,20,215.0,True,True,2,10.0,20.0,"10,20"
SLBIC_91,SLBIC,test,20,214.0,True,True,2,10.0,20.0,"10,20"
SLBIC_92,SLBIC,validation,20,213.0,True,True,2,10.0,20.0,"10,20"
SLBIC_93,SLBIC,train,20,212.0,True,True,2,10.0,20.0,"10,20"
SLBIC_94,SLBIC,train,20,211.0,True,True,2,10.0,20.0,"10,20"
SLBIC_95,SLBIC,train,20,210.0,True,True,2,10.0,20.0,"10,20"
SLBIC_96,SLBIC,train,20,209.0,True,True,2,10.0,20.0,"10,20"
SLBIC_97,SLBIC,train,20,208.0,True,True,2,10.0,20.0,"10,20"
SLBIC_98,SLBIC,train,20,207.0,True,True,2,10.0,20.0,"10,20"
SLBIC_99,SLBIC,train,20,206.0,True,True,2,10.0,20.0,"10,20"
SLBOC_1,SLBOC,test,20,,False,False,2,10.0,20.0,"10,20"
SLBOC_10,SLBOC,train,20,,False,False,2,10.0,20.0,"10,20"
SLBOC_100,SLBOC,train,20,,False,False,2,10.0,20.0,"10,20"
SLBOC_11,SLBOC,test,20,,False,False,2,10.0,20.0,"10,20"
SLBOC_12,SLBOC,validation,20,,False,False,2,10.0,20.0,"10,20"
SLBOC_13,SLBOC,train,20,,False,False,2,10.0,20.0,"10,20"
SLBOC_14,SLBOC,train,20,,False,False,2,10.0,20.0,"10,20"
SLBOC_15,SLBOC,train,20,,False,False,2,10.0,20.0,"10,20"
SLBOC_16,SLBOC,train,20,,False,False,2,10.0,20.0,"10,20"
SLBOC_17,SLBOC,train,20,,False,False,2,10.0,20.0,"10,20"
SLBOC_18,SLBOC,train,20,,False,False,2,10.0,20.0,"10,20"
SLBOC_19,SLBOC,train,20,,False,False,2,10.0,20.0,"10,20"
SLBOC_2,SLBOC,validation,20,,False,False,2,10.0,20.0,"10,20"
SLBOC_20,SLBOC,train,20,,False,False,2,10.0,20.0,"10,20"
SLBOC_21,SLBOC,test,20,,False,False,2,10.0,20.0,"10,20"
SLBOC_22,SLBOC,validation,20,,False,False,2,10.0,20.0,"10,20"
SLBOC_23,SLBOC,train,20,,False,False,2,10.0,20.0,"10,20"
SLBOC_24,SLBOC,train,20,,False,False,2,10.0,20.0,"10,20"
SLBOC_25,SLBOC,train,20,,False,False,2,10.0,20.0,"10,20"
SLBOC_26,SLBOC,train,20,,False,False,2,10.0,20.0,"10,20"
SLBOC_27,SLBOC,train,20,,False,False,2,10.0,20.0,"10,20"
SLBOC_28,SLBOC,train,20,,False,False,2,10.0,20.0,"10,20"
SLBOC_29,SLBOC,train,20,,False,False,2,10.0,20.0,"10,20"
SLBOC_3,SLBOC,train,20,,False,False,2,10.0,20.0,"10,20"
SLBOC_30,SLBOC,train,20,,False,False,2,10.0,20.0,"10,20"
SLBOC_31,SLBOC,test,20,,False,False,2,10.0,20.0,"10,20"
SLBOC_32,SLBOC,validation,20,,False,False,2,10.0,20.0,"10,20"
SLBOC_33,SLBOC,train,20,,False,False,2,10.0,20.0,"10,20"
SLBOC_34,SLBOC,train,20,,False,False,2,10.0,20.0,"10,20"
SLBOC_35,SLBOC,train,20,,False,False,2,10.0,20.0,"10,20"
SLBOC_36,SLBOC,train,20,,False,False,2,10.0,20.0,"10,20"
SLBOC_37,SLBOC,train,20,,False,False,2,10.0,20.0,"10,20"
SLBOC_38,SLBOC,train,20,,False,False,2,10.0,20.0,"10,20"
SLBOC_39,SLBOC,train,20,,False,False,2,10.0,20.0,"10,20"
SLBOC_4,SLBOC,train,20,,False,False,2,10.0,20.0,"10,20"
SLBOC_40,SLBOC,train,20,,False,False,2,10.0,20.0,"10,20"
SLBOC_41,SLBOC,test,20,,False,False,2,10.0,20.0,"10,20"
SLBOC_42,SLBOC,validation,20,,False,False,2,10.0,20.0,"10,20"
SLBOC_43,SLBOC,train,20,,False,False,2,10.0,20.0,"10,20"
SLBOC_44,SLBOC,train,20,,False,False,2,10.0,20.0,"10,20"
SLBOC_45,SLBOC,train,20,,False,False,2,10.0,20.0,"10,20"
SLBOC_46,SLBOC,train,20,,False,False,2,10.0,20.0,"10,20"
SLBOC_47,SLBOC,train,20,,False,False,2,10.0,20.0,"10,20"
SLBOC_48,SLBOC,train,20,,False,False,2,10.0,20.0,"10,20"
SLBOC_49,SLBOC,train,20,,False,False,2,10.0,20.0,"10,20"
SLBOC_5,SLBOC,train,20,,False,False,2,10.0,20.0,"10,20"
SLBOC_50,SLBOC,train,20,,False,False,2,10.0,20.0,"10,20"
SLBOC_51,SLBOC,test,20,,False,False,2,10.0,20.0,"10,20"
SLBOC_52,SLBOC,validation,20,,False,False,2,10.0,20.0,"10,20"
SLBOC_53,SLBOC,train,20,,False,False,2,10.0,20.0,"10,20"
SLBOC_54,SLBOC,train,20,,False,False,2,10.0,20.0,"10,20"
SLBOC_55,SLBOC,train,20,,False,False,2,10.0,20.0,"10,20"
SLBOC_56,SLBOC,train,20,,False,False,2,10.0,20.0,"10,20"
SLBOC_57,SLBOC,train,20,,False,False,2,10.0,20.0,"10,20"
SLBOC_58,SLBOC,train,20,,False,False,2,10.0,20.0,"10,20"
SLBOC_59,SLBOC,train,20,,False,False,2,10.0,20.0,"10,20"
SLBOC_6,SLBOC,train,20,,False,False,2,10.0,20.0,"10,20"
SLBOC_60,SLBOC,train,20,,False,False,2,10.0,20.0,"10,20"
SLBOC_61,SLBOC,test,20,,False,False,2,10.0,20.0,"10,20"
SLBOC_62,SLBOC,validation,20,,False,False,2,10.0,20.0,"10,20"
SLBOC_63,SLBOC,train,20,,False,False,2,10.0,20.0,"10,20"
SLBOC_64,SLBOC,train,20,,False,False,2,10.0,20.0,"10,20"
SLBOC_65,SLBOC,train,20,,False,False,2,10.0,20.0,"10,20"
SLBOC_66,SLBOC,train,20,,False,False,2,10.0,20.0,"10,20"
SLBOC_67,SLBOC,train,20,,False,False,2,10.0,20.0,"10,20"
SLBOC_68,SLBOC,train,20,,False,False,2,10.0,20.0,"10,20"
SLBOC_69,SLBOC,train,20,,False,False,2,10.0,20.0,"10,20"
SLBOC_7,SLBOC,train,20,,False,False,2,10.0,20.0,"10,20"
SLBOC_70,SLBOC,train,20,,False,False,2,10.0,20.0,"10,20"
SLBOC_71,SLBOC,test,20,,False,False,2,10.0,20.0,"10,20"
SLBOC_72,SLBOC,validation,20,,False,False,2,10.0,20.0,"10,20"
SLBOC_73,SLBOC,train,20,,False,False,2,10.0,20.0,"10,20"
SLBOC_74,SLBOC,train,20,,False,False,2,10.0,20.0,"10,20"
SLBOC_75,SLBOC,train,20,,False,False,2,10.0,20.0,"10,20"
SLBOC_76,SLBOC,train,20,,False,False,2,10.0,20.0,"10,20"
SLBOC_77,SLBOC,train,20,,False,False,2,10.0,20.0,"10,20"
SLBOC_78,SLBOC,train,20,,False,False,2,10.0,20.0,"10,20"
SLBOC_79,SLBOC,train,20,,False,False,2,10.0,20.0,"10,20"
SLBOC_8,SLBOC,train,20,,False,False,2,10.0,20.0,"10,20"
SLBOC_80,SLBOC,train,20,,False,False,2,10.0,20.0,"10,20"
SLBOC_81,SLBOC,test,20,,False,False,2,10.0,20.0,"10,20"
SLBOC_82,SLBOC,validation,20,,False,False,2,10.0,20.0,"10,20"
SLBOC_83,SLBOC,train,20,,False,False,2,10.0,20.0,"10,20"
SLBOC_84,SLBOC,train,20,,False,False,2,10.0,20.0,"10,20"
SLBOC_85,SLBOC,train,20,,False,False,2,10.0,20.0,"10,20"
SLBOC_86,SLBOC,train,20,,False,False,2,10.0,20.0,"10,20"
SLBOC_87,SLBOC,train,20,,False,False,2,10.0,20.0,"10,20"
SLBOC_88,SLBOC,train,20,,False,False,2,10.0,20.0,"10,20"
SLBOC_89,SLBOC,train,20,,False,False,2,10.0,20.0,"10,20"
SLBOC_9,SLBOC,train,20,,False,False,2,10.0,20.0,"10,20"
SLBOC_90,SLBOC,train,20,,False,False,2,10.0,20.0,"10,20"
SLBOC_91,SLBOC,test,20,,False,False,2,10.0,20.0,"10,20"
SLBOC_92,SLBOC,validation,20,,False,False,2,10.0,20.0,"10,20"
SLBOC_93,SLBOC,train,20,,False,False,2,10.0,20.0,"10,20"
SLBOC_94,SLBOC,train,20,,False,False,2,10.0,20.0,"10,20"
SLBOC_95,SLBOC,train,20,,False,False,2,10.0,20.0,"10,20"
SLBOC_96,SLBOC,train,20,,False,False,2,10.0,20.0,"10,20"
SLBOC_97,SLBOC,train,20,,False,False,2,10.0,20.0,"10,20"
SLBOC_98,SLBOC,train,20,,False,False,2,10.0,20.0,"10,20"
SLBOC_99,SLBOC,train,20,,False,False,2,10.0,20.0,"10,20"
FLB_1,FLB,test,30,,False,False,3,10.0,30.0,"10,20,30"
FLB_10,FLB,train,30,687.0,True,True,3,10.0,30.0,"10,20,30"
FLB_100,FLB,train,30,164.0,True,True,3,10.0,30.0,"10,20,30"
FLB_11,FLB,test,30,633.5,True,True,3,10.0,30.0,"10,20,30"
FLB_12,FLB,validation,30,589.5,True,True,3,10.0,30.0,"10,20,30"
FLB_13,FLB,train,30,552.5,True,True,3,10.0,30.0,"10,20,30"
FLB_14,FLB,train,30,520.0,True,True,3,10.0,30.0,"10,20,30"
FLB_15,FLB,train,30,493.0,True,True,3,10.0,30.0,"10,20,30"
FLB_16,FLB,train,30,468.5,True,True,3,10.0,30.0,"10,20,30"
FLB_17,FLB,train,30,447.0,True,True,3,10.0,30.0,"10,20,30"
FLB_18,FLB,train,30,428.5,True,True,3,10.0,30.0,"10,20,30"
FLB_19,FLB,train,30,411.0,True,True,3,10.0,30.0,"10,20,30"
FLB_2,FLB,validation,30,2958.5,True,True,3,10.0,30.0,"10,20,30"
FLB_20,FLB,train,30,396.0,True,True,3,10.0,30.0,"10,20,30"
FLB_21,FLB,test,30,382.0,True,True,3,10.0,30.0,"10,20,30"
FLB_22,FLB,validation,30,369.5,True,True,3,10.0,30.0,"10,20,30"
FLB_23,FLB,train,30,358.0,True,True,3,10.0,30.0,"10,20,30"
FLB_24,FLB,train,30,347.5,True,True,3,10.0,30.0,"10,20,30"
FLB_25,FLB,train,30,338.0,True,True,3,10.0,30.0,"10,20,30"
FLB_26,FLB,train,30,329.0,True,True,3,10.0,30.0,"10,20,30"
FLB_27,FLB,train,30,321.0,True,True,3,10.0,30.0,"10,20,30"
FLB_28,FLB,train,30,313.0,True,True,3,10.0,30.0,"10,20,30"
FLB_29,FLB,train,30,306.0,True,True,3,10.0,30.0,"10,20,30"
FLB_3,FLB,train,30,2033.0,True,True,3,10.0,30.0,"10,20,30"
FLB_30,FLB,train,30,299.5,True,True,3,10.0,30.0,"10,20,30"
FLB_31,FLB,test,30,293.0,True,True,3,10.0,30.0,"10,20,30"
FLB_32,FLB,validation,30,287.0,True,True,3,10.0,30.0,"10,20,30"
FLB_33,FLB,train,30,281.5,True,True,3,10.0,30.0,"10,20,30"
FLB_34,FLB,train,30,276.5,True,True,3,10.0,30.0,"10,20,30"
FLB_35,FLB,train,30,271.5,True,True,3,10.0,30.0,"10,20,30"
FLB_36,FLB,train,30,267.0,True,True,3,10.0,30.0,"10,20,30"
FLB_37,FLB,train,30,262.5,True,True,3,10.0,30.0,"10,20,30"
FLB_38,FLB,train,30,258.5,True,True,3,10.0,30.0,"10,20,30"
FLB_39,FLB,train,30,254.5,True,True,3,10.0,30.0,"10,20,30"
FLB_4,FLB,train,30,1569.5,True,True,3,10.0,30.0,"10,20,30"
FLB_40,FLB,train,30,251.0,True,True,3,10.0,30.0,"10,20,30"
FLB_41,FLB,test,30,247.5,True,True,3,10.0,30.0,"10,20,30"
FLB_42,FLB,validation,30,244.0,True,True,3,10.0,30.0,"10,20,30"
FLB_43,FLB,train,30,241.0,True,True,3,10.0,30.0,"10,20,30"
FLB_44,FLB,train,30,238.0,True,True,3,10.0,30.0,"10,20,30"
FLB_45,FLB,train,30,235.0,True,True,3,10.0,30.0,"10,20,30"
FLB_46,FLB,train,30,232.0,True,True,3,10.0,30.0,"10,20,30"
FLB_47,FLB,train,30,229.5,True,True,3,10.0,30.0,"10,20,30"
FLB_48,FLB,train,30,227.0,True,True,3,10.0,30.0,"10,20,30"
FLB_49,FLB,train,30,224.5,True,True,3,10.0,30.0,"10,20,30"
FLB_5,FLB,train,30,1263.5,True,True,3,10.0,30.0,"10,20,30"
FLB_50,FLB,train,30,222.0,True,True,3,10.0,30.0,"10,20,30"
FLB_51,FLB,test,30,219.5,True,True,3,10.0,30.0,"10,20,30"
FLB_52,FLB,validation,30,217.5,True,True,3,10.0,30.0,"10,20,30"
FLB_53,FLB,train,30,215.5,True,True,3,10.0,30.0,"10,20,30"
FLB_54,FLB,train,30,213.5,True,True,3,10.0,30.0,"10,20,30"
FLB_55,FLB,train,30,211.5,True,True,3,10.0,30.0,"10,20,30"
FLB_56,FLB,train,30,209.5,True,True,3,10.0,30.0,"10,20,30"
FLB_57,FLB,train,30,207.5,True,True,3,10.0,30.0,"10,20,30"
FLB_58,FLB,train,30,206.0,True,True,3,10.0,30.0,"10,20,30"
FLB_59,FLB,train,30,204.5,True,True,3,10.0,30.0,"10,20,30"
FLB_6,FLB,train,30,1073.0,True,True,3,10.0,30.0,"10,20,30"
FLB_60,FLB,train,30,202.5,True,True,3,10.0,30.0,"10,20,30"
FLB_61,FLB,test,30,201.0,True,True,3,10.0,30.0,"10,20,30"
FLB_62,FLB,validation,30,199.5,True,True,3,10.0,30.0,"10,20,30"
FLB_63,FLB,train,30,198.0,True,True,3,10.0,30.0,"10,20,30"
FLB_64,FLB,train,30,196.5,True,True,3,10.0,30.0,"10,20,30"
FLB_65,FLB,train,30,195.0,True,True,3,10.0,30.0,"10,20,30"
FLB_66,FLB,train,30,194.0,True,True,3,10.0,30.0,"10,20,30"
FLB_67,FLB,train,30,192.5,True,True,3,10.0,30.0,"10,20,30"
FLB_68,FLB,train,30,191.0,True,True,3,10.0,30.0,"10,20,30"
FLB_69,FLB,train,30,190.0,True,True,3,10.0,30.0,"10,20,30"
FLB_7,FLB,train,30,938.5,True,True,3,10.0,30.0,"10,20,30"
FLB_70,FLB,train,30,189.0,True,True,3,10.0,30.0,"10,20,30"
FLB_71,FLB,test,30,187.5,True,True,3,10.0,30.0,"10,20,30"
FLB_72,FLB,validation,30,186.5,True,True,3,10.0,30.0,"10,20,30"
FLB_73,FLB,train,30,185.5,True,True,3,10.0,30.0,"10,20,30"
FLB_74,FLB,train,30,184.5,True,True,3,10.0,30.0,"10,20,30"
FLB_75,FLB,train,30,183.5,True,True,3,10.0,30.0,"10,20,30"
FLB_76,FLB,train,30,182.5,True,True,3,10.0,30.0,"10,20,30"
FLB_77,FLB,train,30,181.5,True,True,3,10.0,30.0,"10,20,30"
FLB_78,FLB,train,30,180.5,True,True,3,10.0,30.0,"10,20,30"
FLB_79,FLB,train,30,179.5,True,True,3,10.0,30.0,"10,20,30"
FLB_8,FLB,train,30,830.5,True,True,3,10.0,30.0,"10,20,30"
FLB_80,FLB,train,30,178.5,True,True,3,10.0,30.0,"10,20,30"
FLB_81,FLB,test,30,177.5,True,True,3,10.0,30.0,"10,20,30"
FLB_82,FLB,validation,30,176.5,True,True,3,10.0,30.0,"10,20,30"
FLB_83,FLB,train,30,176.0,True,True,3,10.0,30.0,"10,20,30"
FLB_84,FLB,train,30,175.0,True,True,3,10.0,30.0,"10,20,30"
FLB_85,FLB,train,30,174.0,True,True,3,10.0,30.0,"10,20,30"
FLB_86,FLB,train,30,173.5,True,True,3,10.0,30.0,"10,20,30"
FLB_87,FLB,train,30,172.5,True,True,3,10.0,30.0,"10,20,30"
FLB_88,FLB,train,30,172.0,True,True,3,10.0,30.0,"10,20,30"
FLB_89,FLB,train,30,171.0,True,True,3,10.0,30.0,"10,20,30"
FLB_9,FLB,train,30,751.0,True,True,3,10.0,30.0,"10,20,30"
FLB_90,FLB,train,30,170.5,True,True,3,10.0,30.0,"10,20,30"
FLB_91,FLB,test,30,169.5,True,True,3,10.0,30.0,"10,20,30"
FLB_92,FLB,validation,30,169.0,True,True,3,10.0,30.0,"10,20,30"
FLB_93,FLB,train,30,168.5,True,True,3,10.0,30.0,"10,20,30"
FLB_94,FLB,train,30,167.5,True,True,3,10.0,30.0,"10,20,30"
FLB_95,FLB,train,30,167.0,True,True,3,10.0,30.0,"10,20,30"
FLB_96,FLB,train,30,166.5,True,True,3,10.0,30.0,"10,20,30"
FLB_97,FLB,train,30,166.0,True,True,3,10.0,30.0,"10,20,30"
FLB_98,FLB,train,30,165.0,True,True,3,10.0,30.0,"10,20,30"
FLB_99,FLB,train,30,164.5,True,True,3,10.0,30.0,"10,20,30"
LLB_1,LLB,test,30,,False,False,3,10.0,30.0,"10,20,30"
LLB_10,LLB,train,30,,False,False,3,10.0,30.0,"10,20,30"
LLB_100,LLB,train,30,,False,False,3,10.0,30.0,"10,20,30"
LLB_101,LLB,test,30,,False,False,3,10.0,30.0,"10,20,30"
LLB_11,LLB,test,30,,False,False,3,10.0,30.0,"10,20,30"
LLB_12,LLB,validation,30,,False,False,3,10.0,30.0,"10,20,30"
LLB_13,LLB,train,30,,False,False,3,10.0,30.0,"10,20,30"
LLB_14,LLB,train,30,,False,False,3,10.0,30.0,"10,20,30"
LLB_15,LLB,train,30,,False,False,3,10.0,30.0,"10,20,30"
LLB_16,LLB,train,30,,False,False,3,10.0,30.0,"10,20,30"
LLB_17,LLB,train,30,,False,False,3,10.0,30.0,"10,20,30"
LLB_18,LLB,train,30,,False,False,3,10.0,30.0,"10,20,30"
LLB_19,LLB,train,30,,False,False,3,10.0,30.0,"10,20,30"
LLB_2,LLB,validation,30,,False,False,3,10.0,30.0,"10,20,30"
LLB_20,LLB,train,30,,False,False,3,10.0,30.0,"10,20,30"
LLB_21,LLB,test,30,,False,False,3,10.0,30.0,"10,20,30"
LLB_22,LLB,validation,30,,False,False,3,10.0,30.0,"10,20,30"
LLB_23,LLB,train,30,,False,False,3,10.0,30.0,"10,20,30"
LLB_24,LLB,train,30,,False,False,3,10.0,30.0,"10,20,30"
LLB_25,LLB,train,30,,False,False,3,10.0,30.0,"10,20,30"
LLB_26,LLB,train,30,,False,False,3,10.0,30.0,"10,20,30"
LLB_27,LLB,train,30,,False,False,3,10.0,30.0,"10,20,30"
LLB_28,LLB,train,30,,False,False,3,10.0,30.0,"10,20,30"
LLB_29,LLB,train,30,,False,False,3,10.0,30.0,"10,20,30"
LLB_3,LLB,train,30,,False,False,3,10.0,30.0,"10,20,30"
LLB_30,LLB,train,30,,False,False,3,10.0,30.0,"10,20,30"
LLB_31,LLB,test,30,,False,False,3,10.0,30.0,"10,20,30"
LLB_32,LLB,validation,30,,False,False,3,10.0,30.0,"10,20,30"
LLB_33,LLB,train,30,,False,False,3,10.0,30.0,"10,20,30"
LLB_34,LLB,train,30,,False,False,3,10.0,30.0,"10,20,30"
LLB_35,LLB,train,30,,False,False,3,10.0,30.0,"10,20,30"
LLB_36,LLB,train,30,,False,False,3,10.0,30.0,"10,20,30"
LLB_37,LLB,train,30,,False,False,3,10.0,30.0,"10,20,30"
LLB_38,LLB,train,30,,False,False,3,10.0,30.0,"10,20,30"
LLB_39,LLB,train,30,,False,False,3,10.0,30.0,"10,20,30"
LLB_4,LLB,train,30,,False,False,3,10.0,30.0,"10,20,30"
LLB_40,LLB,train,30,,False,False,3,10.0,30.0,"10,20,30"
LLB_41,LLB,test,30,,False,False,3,10.0,30.0,"10,20,30"
LLB_42,LLB,validation,30,,False,False,3,10.0,30.0,"10,20,30"
LLB_43,LLB,train,30,,False,False,3,10.0,30.0,"10,20,30"
LLB_44,LLB,train,30,,False,False,3,10.0,30.0,"10,20,30"
LLB_45,LLB,train,30,,False,False,3,10.0,30.0,"10,20,30"
LLB_46,LLB,train,30,,False,False,3,10.0,30.0,"10,20,30"
LLB_47,LLB,train,30,,False,False,3,10.0,30.0,"10,20,30"
LLB_48,LLB,train,30,,False,False,3,10.0,30.0,"10,20,30"
LLB_49,LLB,train,30,,False,False,3,10.0,30.0,"10,20,30"
LLB_5,LLB,train,30,,False,False,3,10.0,30.0,"10,20,30"
LLB_50,LLB,train,30,,False,False,3,10.0,30.0,"10,20,30"
LLB_51,LLB,test,30,,False,False,3,10.0,30.0,"10,20,30"
LLB_52,LLB,validation,30,,False,False,3,10.0,30.0,"10,20,30"
LLB_53,LLB,train,30,,False,False,3,10.0,30.0,"10,20,30"
LLB_54,LLB,train,30,,False,False,3,10.0,30.0,"10,20,30"
LLB_55,LLB,train,30,,False,False,3,10.0,30.0,"10,20,30"
LLB_56,LLB,train,30,,False,False,3,10.0,30.0,"10,20,30"
LLB_57,LLB,train,30,,False,False,3,10.0,30.0,"10,20,30"
LLB_58,LLB,train,30,,False,False,3,10.0,30.0,"10,20,30"
LLB_59,LLB,train,30,,False,False,3,10.0,30.0,"10,20,30"
LLB_6,LLB,train,30,,False,False,3,10.0,30.0,"10,20,30"
LLB_60,LLB,train,30,,False,False,3,10.0,30.0,"10,20,30"
LLB_61,LLB,test,30,,False,False,3,10.0,30.0,"10,20,30"
LLB_62,LLB,validation,30,,False,False,3,10.0,30.0,"10,20,30"
LLB_63,LLB,train,30,,False,False,3,10.0,30.0,"10,20,30"
LLB_64,LLB,train,30,,False,False,3,10.0,30.0,"10,20,30"
LLB_65,LLB,train,30,,False,False,3,10.0,30.0,"10,20,30"
LLB_66,LLB,train,30,,False,False,3,10.0,30.0,"10,20,30"
LLB_67,LLB,train,30,,False,False,3,10.0,30.0,"10,20,30"
LLB_68,LLB,train,30,,False,False,3,10.0,30.0,"10,20,30"
LLB_69,LLB,train,30,,False,False,3,10.0,30.0,"10,20,30"
LLB_7,LLB,train,30,,False,False,3,10.0,30.0,"10,20,30"
LLB_70,LLB,train,30,,False,False,3,10.0,30.0,"10,20,30"
LLB_71,LLB,test,30,,False,False,3,10.0,30.0,"10,20,30"
LLB_72,LLB,validation,30,,False,False,3,10.0,30.0,"10,20,30"
LLB_73,LLB,train,30,,False,False,3,10.0,30.0,"10,20,30"
LLB_74,LLB,train,30,,False,False,3,10.0,30.0,"10,20,30"
LLB_75,LLB,train,30,,False,False,3,10.0,30.0,"10,20,30"
LLB_76,LLB,train,30,,False,False,3,10.0,30.0,"10,20,30"
LLB_77,LLB,train,30,,False,False,3,10.0,30.0,"10,20,30"
LLB_78,LLB,train,30,,False,False,3,10.0,30.0,"10,20,30"
LLB_79,LLB,train,30,,False,False,3,10.0,30.0,"10,20,30"
LLB_8,LLB,train,30,,False,False,3,10.0,30.0,"10,20,30"
LLB_80,LLB,train,30,,False,False,3,10.0,30.0,"10,20,30"
LLB_81,LLB,test,30,,False,False,3,10.0,30.0,"10,20,30"
LLB_82,LLB,validation,30,,False,False,3,10.0,30.0,"10,20,30"
LLB_83,LLB,train,30,,False,False,3,10.0,30.0,"10,20,30"
LLB_84,LLB,train,30,,False,False,3,10.0,30.0,"10,20,30"
LLB_85,LLB,train,30,,False,False,3,10.0,30.0,"10,20,30"
LLB_86,LLB,train,30,,False,False,3,10.0,30.0,"10,20,30"
LLB_87,LLB,train,30,,False,False,3,10.0,30.0,"10,20,30"
LLB_88,LLB,train,30,,False,False,3,10.0,30.0,"10,20,30"
LLB_89,LLB,train,30,,False,False,3,10.0,30.0,"10,20,30"
LLB_9,LLB,train,30,,False,False,3,10.0,30.0,"10,20,30"
LLB_90,LLB,train,30,,False,False,3,10.0,30.0,"10,20,30"
LLB_91,LLB,test,30,,False,False,3,10.0,30.0,"10,20,30"
LLB_92,LLB,validation,30,,False,False,3,10.0,30.0,"10,20,30"
LLB_93,LLB,train,30,,False,False,3,10.0,30.0,"10,20,30"
LLB_94,LLB,train,30,,False,False,3,10.0,30.0,"10,20,30"
LLB_95,LLB,train,30,,False,False,3,10.0,30.0,"10,20,30"
LLB_96,LLB,train,30,,False,False,3,10.0,30.0,"10,20,30"
LLB_97,LLB,train,30,,False,False,3,10.0,30.0,"10,20,30"
LLB_98,LLB,train,30,,False,False,3,10.0,30.0,"10,20,30"
LLB_99,LLB,train,30,,False,False,3,10.0,30.0,"10,20,30"
LOCAC_1,LOCAC,test,30,2521.5,True,True,3,10.0,30.0,"10,20,30"
LOCAC_10,LOCAC,train,30,224.0,True,True,3,10.0,30.0,"10,20,30"
LOCAC_100,LOCAC,train,30,118.0,True,True,3,10.0,30.0,"10,20,30"
LOCAC_11,LOCAC,test,30,211.5,True,True,3,10.0,30.0,"10,20,30"
LOCAC_12,LOCAC,validation,30,201.0,True,True,3,10.0,30.0,"10,20,30"
LOCAC_13,LOCAC,train,30,192.5,True,True,3,10.0,30.0,"10,20,30"
LOCAC_14,LOCAC,train,30,185.5,True,True,3,10.0,30.0,"10,20,30"
LOCAC_15,LOCAC,train,30,179.5,True,True,3,10.0,30.0,"10,20,30"
LOCAC_16,LOCAC,train,30,174.5,True,True,3,10.0,30.0,"10,20,30"
LOCAC_17,LOCAC,train,30,170.0,True,True,3,10.0,30.0,"10,20,30"
LOCAC_18,LOCAC,train,30,166.0,True,True,3,10.0,30.0,"10,20,30"
LOCAC_19,LOCAC,train,30,162.5,True,True,3,10.0,30.0,"10,20,30"
LOCAC_2,LOCAC,validation,30,1299.0,True,True,3,10.0,30.0,"10,20,30"
LOCAC_20,LOCAC,train,30,159.5,True,True,3,10.0,30.0,"10,20,30"
LOCAC_21,LOCAC,test,30,157.0,True,True,3,10.0,30.0,"10,20,30"
LOCAC_22,LOCAC,validation,30,154.5,True,True,3,10.0,30.0,"10,20,30"
LOCAC_23,LOCAC,train,30,152.5,True,True,3,10.0,30.0,"10,20,30"
LOCAC_24,LOCAC,train,30,150.5,True,True,3,10.0,30.0,"10,20,30"
LOCAC_25,LOCAC,train,30,148.5,True,True,3,10.0,30.0,"10,20,30"
LOCAC_26,LOCAC,train,30,463.5,True,True,3,10.0,30.0,"10,20,30"
LOCAC_27,LOCAC,train,30,145.5,True,True,3,10.0,30.0,"10,20,30"
LOCAC_28,LOCAC,train,30,144.0,True,True,3,10.0,30.0,"10,20,30"
LOCAC_29,LOCAC,train,30,142.5,True,True,3,10.0,30.0,"10,20,30"
LOCAC_3,LOCAC,train,30,917.0,True,True,3,10.0,30.0,"10,20,30"
LOCAC_30,LOCAC,train,30,416.5,True,True,3,10.0,30.0,"10,20,30"
LOCAC_31,LOCAC,test,30,140.0,True,True,3,10.0,30.0,"10,20,30"
LOCAC_32,LOCAC,validation,30,139.0,True,True,3,10.0,30.0,"10,20,30"
LOCAC_33,LOCAC,train,30,138.0,True,True,3,10.0,30.0,"10,20,30"
LOCAC_34,LOCAC,train,30,137.0,True,True,3,10.0,30.0,"10,20,30"
LOCAC_35,LOCAC,train,30,136.5,True,True,3,10.0,30.0,"10,20,30"
LOCAC_36,LOCAC,train,30,135.5,True,True,3,10.0,30.0,"10,20,30"
LOCAC_37,LOCAC,train,30,134.5,True,True,3,10.0,30.0,"10,20,30"
LOCAC_38,LOCAC,train,30,134.0,True,True,3,10.0,30.0,"10,20,30"
LOCAC_39,LOCAC,train,30,133.5,True,True,3,10.0,30.0,"10,20,30"
LOCAC_4,LOCAC,train,30,569.5,True,True,3,10.0,30.0,"10,20,30"
LOCAC_40,LOCAC,train,30,132.5,True,True,3,10.0,30.0,"10,20,30"
LOCAC_41,LOCAC,test,30,132.0,True,True,3,10.0,30.0,"10,20,30"
LOCAC_42,LOCAC,validation,30,131.5,True,True,3,10.0,30.0,"10,20,30"
LOCAC_43,LOCAC,train,30,131.0,True,True,3,10.0,30.0,"10,20,30"
LOCAC_44,LOCAC,train,30,130.5,True,True,3,10.0,30.0,"10,20,30"
LOCAC_45,LOCAC,train,30,130.0,True,True,3,10.0,30.0,"10,20,30"
LOCAC_46,LOCAC,train,30,129.5,True,True,3,10.0,30.0,"10,20,30"
LOCAC_47,LOCAC,train,30,129.0,True,True,3,10.0,30.0,"10,20,30"
LOCAC_48,LOCAC,train,30,128.5,True,True,3,10.0,30.0,"10,20,30"
LOCAC_49,LOCAC,train,30,128.0,True,True,3,10.0,30.0,"10,20,30"
LOCAC_5,LOCAC,train,30,418.0,True,True,3,10.0,30.0,"10,20,30"
LOCAC_50,LOCAC,train,30,127.5,True,True,3,10.0,30.0,"10,20,30"
LOCAC_51,LOCAC,test,30,127.0,True,True,3,10.0,30.0,"10,20,30"
LOCAC_52,LOCAC,validation,30,127.0,True,True,3,10.0,30.0,"10,20,30"
LOCAC_53,LOCAC,train,30,126.5,True,True,3,10.0,30.0,"10,20,30"
LOCAC_54,LOCAC,train,30,126.0,True,True,3,10.0,30.0,"10,20,30"
LOCAC_55,LOCAC,train,30,125.5,True,True,3,10.0,30.0,"10,20,30"
LOCAC_56,LOCAC,train,30,125.5,True,True,3,10.0,30.0,"10,20,30"
LOCAC_57,LOCAC,train,30,125.0,True,True,3,10.0,30.0,"10,20,30"
LOCAC_58,LOCAC,train,30,125.0,True,True,3,10.0,30.0,"10,20,30"
LOCAC_59,LOCAC,train,30,124.5,True,True,3,10.0,30.0,"10,20,30"
LOCAC_6,LOCAC,train,30,340.5,True,True,3,10.0,30.0,"10,20,30"
LOCAC_60,LOCAC,train,30,124.0,True,True,3,10.0,30.0,"10,20,30"
LOCAC_61,LOCAC,test,30,124.0,True,True,3,10.0,30.0,"10,20,30"
LOCAC_62,LOCAC,validation,30,123.5,True,True,3,10.0,30.0,"10,20,30"
LOCAC_63,LOCAC,train,30,123.5,True,True,3,10.0,30.0,"10,20,30"
LOCAC_64,LOCAC,train,30,123.0,True,True,3,10.0,30.0,"10,20,30"
LOCAC_65,LOCAC,train,30,123.0,True,True,3,10.0,30.0,"10,20,30"
LOCAC_66,LOCAC,train,30,122.5,True,True,3,10.0,30.0,"10,20,30"
LOCAC_67,LOCAC,train,30,122.5,True,True,3,10.0,30.0,"10,20,30"
LOCAC_68,LOCAC,train,30,122.0,True,True,3,10.0,30.0,"10,20,30"
LOCAC_69,LOCAC,train,30,122.0,True,True,3,10.0,30.0,"10,20,30"
LOCAC_7,LOCAC,train,30,294.0,True,True,3,10.0,30.0,"10,20,30"
LOCAC_70,LOCAC,train,30,122.0,True,True,3,10.0,30.0,"10,20,30"
LOCAC_71,LOCAC,test,30,121.5,True,True,3,10.0,30.0,"10,20,30"
LOCAC_72,LOCAC,validation,30,121.5,True,True,3,10.0,30.0,"10,20,30"
LOCAC_73,LOCAC,train,30,121.5,True,True,3,10.0,30.0,"10,20,30"
LOCAC_74,LOCAC,train,30,121.0,True,True,3,10.0,30.0,"10,20,30"
LOCAC_75,LOCAC,train,30,121.0,True,True,3,10.0,30.0,"10,20,30"
LOCAC_76,LOCAC,train,30,121.0,True,True,3,10.0,30.0,"10,20,30"
LOCAC_77,LOCAC,train,30,120.5,True,True,3,10.0,30.0,"10,20,30"
LOCAC_78,LOCAC,train,30,120.5,True,True,3,10.0,30.0,"10,20,30"
LOCAC_79,LOCAC,train,30,120.5,True,True,3,10.0,30.0,"10,20,30"
LOCAC_8,LOCAC,train,30,263.0,True,True,3,10.0,30.0,"10,20,30"
LOCAC_80,LOCAC,train,30,120.0,True,True,3,10.0,30.0,"10,20,30"
LOCAC_81,LOCAC,test,30,120.0,True,True,3,10.0,30.0,"10,20,30"
LOCAC_82,LOCAC,validation,30,120.0,True,True,3,10.0,30.0,"10,20,30"
LOCAC_83,LOCAC,train,30,119.5,True,True,3,10.0,30.0,"10,20,30"
LOCAC_84,LOCAC,train,30,119.5,True,True,3,10.0,30.0,"10,20,30"
LOCAC_85,LOCAC,train,30,119.5,True,True,3,10.0,30.0,"10,20,30"
LOCAC_86,LOCAC,train,30,119.5,True,True,3,10.0,30.0,"10,20,30"
LOCAC_87,LOCAC,train,30,119.0,True,True,3,10.0,30.0,"10,20,30"
LOCAC_88,LOCAC,train,30,119.0,True,True,3,10.0,30.0,"10,20,30"
LOCAC_89,LOCAC,train,30,119.0,True,True,3,10.0,30.0,"10,20,30"
LOCAC_9,LOCAC,train,30,241.0,True,True,3,10.0,30.0,"10,20,30"
LOCAC_90,LOCAC,train,30,119.0,True,True,3,10.0,30.0,"10,20,30"
LOCAC_91,LOCAC,test,30,118.5,True,True,3,10.0,30.0,"10,20,30"
LOCAC_92,LOCAC,validation,30,118.5,True,True,3,10.0,30.0,"10,20,30"
LOCAC_93,LOCAC,train,30,118.5,True,True,3,10.0,30.0,"10,20,30"
LOCAC_94,LOCAC,train,30,118.5,True,True,3,10.0,30.0,"10,20,30"
LOCAC_95,LOCAC,train,30,118.5,True,True,3,10.0,30.0,"10,20,30"
LOCAC_96,LOCAC,train,30,118.0,True,True,3,10.0,30.0,"10,20,30"
LOCAC_97,LOCAC,train,30,118.0,True,True,3,10.0,30.0,"10,20,30"
LOCAC_98,LOCAC,train,30,118.0,True,True,3,10.0,30.0,"10,20,30"
LOCAC_99,LOCAC,train,30,118.0,True,True,3,10.0,30.0,"10,20,30"
LOCA_1,LOCA,test,30,2031.5,True,True,3,10.0,30.0,"10,20,30"
LOCA_10,LOCA,train,30,224.0,True,True,3,10.0,30.0,"10,20,30"
LOCA_100,LOCA,train,30,117.5,True,True,3,10.0,30.0,"10,20,30"
LOCA_11,LOCA,test,30,211.0,True,True,3,10.0,30.0,"10,20,30"
LOCA_12,LOCA,validation,30,200.5,True,True,3,10.0,30.0,"10,20,30"
LOCA_13,LOCA,train,30,192.0,True,True,3,10.0,30.0,"10,20,30"
LOCA_14,LOCA,train,30,185.0,True,True,3,10.0,30.0,"10,20,30"
LOCA_15,LOCA,train,30,179.0,True,True,3,10.0,30.0,"10,20,30"
LOCA_16,LOCA,train,30,174.0,True,True,3,10.0,30.0,"10,20,30"
LOCA_17,LOCA,train,30,169.5,True,True,3,10.0,30.0,"10,20,30"
LOCA_18,LOCA,train,30,166.0,True,True,3,10.0,30.0,"10,20,30"
LOCA_19,LOCA,train,30,162.5,True,True,3,10.0,30.0,"10,20,30"
LOCA_2,LOCA,validation,30,1094.5,True,True,3,10.0,30.0,"10,20,30"
LOCA_20,LOCA,train,30,159.5,True,True,3,10.0,30.0,"10,20,30"
LOCA_21,LOCA,test,30,156.5,True,True,3,10.0,30.0,"10,20,30"
LOCA_22,LOCA,validation,30,154.5,True,True,3,10.0,30.0,"10,20,30"
LOCA_23,LOCA,train,30,152.0,True,True,3,10.0,30.0,"10,20,30"
LOCA_24,LOCA,train,30,150.0,True,True,3,10.0,30.0,"10,20,30"
LOCA_25,LOCA,train,30,148.0,True,True,3,10.0,30.0,"10,20,30"
LOCA_26,LOCA,train,30,146.5,True,True,3,10.0,30.0,"10,20,30"
LOCA_27,LOCA,train,30,145.0,True,True,3,10.0,30.0,"10,20,30"
LOCA_28,LOCA,train,30,143.5,True,True,3,10.0,30.0,"10,20,30"
LOCA_29,LOCA,train,30,142.0,True,True,3,10.0,30.0,"10,20,30"
LOCA_3,LOCA,train,30,790.5,True,True,3,10.0,30.0,"10,20,30"
LOCA_30,LOCA,train,30,141.0,True,True,3,10.0,30.0,"10,20,30"
LOCA_31,LOCA,test,30,140.0,True,True,3,10.0,30.0,"10,20,30"
LOCA_32,LOCA,validation,30,139.0,True,True,3,10.0,30.0,"10,20,30"
LOCA_33,LOCA,train,30,138.0,True,True,3,10.0,30.0,"10,20,30"
LOCA_34,LOCA,train,30,137.0,True,True,3,10.0,30.0,"10,20,30"
LOCA_35,LOCA,train,30,136.0,True,True,3,10.0,30.0,"10,20,30"
LOCA_36,LOCA,train,30,135.0,True,True,3,10.0,30.0,"10,20,30"
LOCA_37,LOCA,train,30,134.5,True,True,3,10.0,30.0,"10,20,30"
LOCA_38,LOCA,train,30,133.5,True,True,3,10.0,30.0,"10,20,30"
LOCA_39,LOCA,train,30,133.0,True,True,3,10.0,30.0,"10,20,30"
LOCA_4,LOCA,train,30,569.0,True,True,3,10.0,30.0,"10,20,30"
LOCA_40,LOCA,train,30,132.5,True,True,3,10.0,30.0,"10,20,30"
LOCA_41,LOCA,test,30,131.5,True,True,3,10.0,30.0,"10,20,30"
LOCA_42,LOCA,validation,30,131.0,True,True,3,10.0,30.0,"10,20,30"
LOCA_43,LOCA,train,30,45.0,True,True,3,10.0,30.0,"10,20,30"
LOCA_44,LOCA,train,30,130.0,True,True,3,10.0,30.0,"10,20,30"
LOCA_45,LOCA,train,30,129.5,True,True,3,10.0,30.0,"10,20,30"
LOCA_46,LOCA,train,30,129.0,True,True,3,10.0,30.0,"10,20,30"
LOCA_47,LOCA,train,30,128.5,True,True,3,10.0,30.0,"10,20,30"
LOCA_48,LOCA,train,30,128.0,True,True,3,10.0,30.0,"10,20,30"
LOCA_49,LOCA,train,30,127.5,True,True,3,10.0,30.0,"10,20,30"
LOCA_5,LOCA,train,30,417.5,True,True,3,10.0,30.0,"10,20,30"
LOCA_50,LOCA,train,30,127.5,True,True,3,10.0,30.0,"10,20,30"
LOCA_51,LOCA,test,30,127.0,True,True,3,10.0,30.0,"10,20,30"
LOCA_52,LOCA,validation,30,126.5,True,True,3,10.0,30.0,"10,20,30"
LOCA_53,LOCA,train,30,126.0,True,True,3,10.0,30.0,"10,20,30"
LOCA_54,LOCA,train,30,126.0,True,True,3,10.0,30.0,"10,20,30"
LOCA_55,LOCA,train,30,125.5,True,True,3,10.0,30.0,"10,20,30"
LOCA_56,LOCA,train,30,125.0,True,True,3,10.0,30.0,"10,20,30"
LOCA_57,LOCA,train,30,125.0,True,True,3,10.0,30.0,"10,20,30"
LOCA_58,LOCA,train,30,124.5,True,True,3,10.0,30.0,"10,20,30"
LOCA_59,LOCA,train,30,124.0,True,True,3,10.0,30.0,"10,20,30"
LOCA_6,LOCA,train,30,340.0,True,True,3,10.0,30.0,"10,20,30"
LOCA_60,LOCA,train,30,124.0,True,True,3,10.0,30.0,"10,20,30"
LOCA_61,LOCA,test,30,123.5,True,True,3,10.0,30.0,"10,20,30"
LOCA_62,LOCA,validation,30,123.5,True,True,3,10.0,30.0,"10,20,30"
LOCA_63,LOCA,train,30,123.0,True,True,3,10.0,30.0,"10,20,30"
LOCA_64,LOCA,train,30,123.0,True,True,3,10.0,30.0,"10,20,30"
LOCA_65,LOCA,train,30,122.5,True,True,3,10.0,30.0,"10,20,30"
LOCA_66,LOCA,train,30,122.5,True,True,3,10.0,30.0,"10,20,30"
LOCA_67,LOCA,train,30,122.0,True,True,3,10.0,30.0,"10,20,30"
LOCA_68,LOCA,train,30,122.0,True,True,3,10.0,30.0,"10,20,30"
LOCA_69,LOCA,train,30,122.0,True,True,3,10.0,30.0,"10,20,30"
LOCA_7,LOCA,train,30,293.5,True,True,3,10.0,30.0,"10,20,30"
LOCA_70,LOCA,train,30,121.5,True,True,3,10.0,30.0,"10,20,30"
LOCA_71,LOCA,test,30,121.5,True,True,3,10.0,30.0,"10,20,30"
LOCA_72,LOCA,validation,30,121.0,True,True,3,10.0,30.0,"10,20,30"
LOCA_73,LOCA,train,30,121.0,True,True,3,10.0,30.0,"10,20,30"
LOCA_74,LOCA,train,30,121.0,True,True,3,10.0,30.0,"10,20,30"
LOCA_75,LOCA,train,30,120.5,True,True,3,10.0,30.0,"10,20,30"
LOCA_76,LOCA,train,30,120.5,True,True,3,10.0,30.0,"10,20,30"
LOCA_77,LOCA,train,30,120.5,True,True,3,10.0,30.0,"10,20,30"
LOCA_78,LOCA,train,30,120.0,True,True,3,10.0,30.0,"10,20,30"
LOCA_79,LOCA,train,30,120.0,True,True,3,10.0,30.0,"10,20,30"
LOCA_8,LOCA,train,30,262.5,True,True,3,10.0,30.0,"10,20,30"
LOCA_80,LOCA,train,30,120.0,True,True,3,10.0,30.0,"10,20,30"
LOCA_81,LOCA,test,30,119.5,True,True,3,10.0,30.0,"10,20,30"
LOCA_82,LOCA,validation,30,119.5,True,True,3,10.0,30.0,"10,20,30"
LOCA_83,LOCA,train,30,119.5,True,True,3,10.0,30.0,"10,20,30"
LOCA_84,LOCA,train,30,119.5,True,True,3,10.0,30.0,"10,20,30"
LOCA_85,LOCA,train,30,119.0,True,True,3,10.0,30.0,"10,20,30"
LOCA_86,LOCA,train,30,119.0,True,True,3,10.0,30.0,"10,20,30"
LOCA_87,LOCA,train,30,119.0,True,True,3,10.0,30.0,"10,20,30"
LOCA_88,LOCA,train,30,119.0,True,True,3,10.0,30.0,"10,20,30"
LOCA_89,LOCA,train,30,118.5,True,True,3,10.0,30.0,"10,20,30"
LOCA_9,LOCA,train,30,240.5,True,True,3,10.0,30.0,"10,20,30"
LOCA_90,LOCA,train,30,118.5,True,True,3,10.0,30.0,"10,20,30"
LOCA_91,LOCA,test,30,118.5,True,True,3,10.0,30.0,"10,20,30"
LOCA_92,LOCA,validation,30,118.5,True,True,3,10.0,30.0,"10,20,30"
LOCA_93,LOCA,train,30,118.0,True,True,3,10.0,30.0,"10,20,30"
LOCA_94,LOCA,train,30,118.0,True,True,3,10.0,30.0,"10,20,30"
LOCA_95,LOCA,train,30,118.0,True,True,3,10.0,30.0,"10,20,30"
LOCA_96,LOCA,train,30,118.0,True,True,3,10.0,30.0,"10,20,30"
LOCA_97,LOCA,train,30,118.0,True,True,3,10.0,30.0,"10,20,30"
LOCA_98,LOCA,train,30,117.5,True,True,3,10.0,30.0,"10,20,30"
LOCA_99,LOCA,train,30,117.5,True,True,3,10.0,30.0,"10,20,30"
LR_1,LR,test,30,,False,False,3,10.0,30.0,"10,20,30"
LR_10,LR,train,30,,False,False,3,10.0,30.0,"10,20,30"
LR_11,LR,test,30,,False,False,3,10.0,30.0,"10,20,30"
LR_12,LR,validation,30,,False,False,3,10.0,30.0,"10,20,30"
LR_13,LR,train,30,,False,False,3,10.0,30.0,"10,20,30"
LR_14,LR,train,30,,False,False,3,10.0,30.0,"10,20,30"
LR_15,LR,train,30,,False,False,3,10.0,30.0,"10,20,30"
LR_16,LR,train,30,,False,False,3,10.0,30.0,"10,20,30"
LR_17,LR,train,30,,False,False,3,10.0,30.0,"10,20,30"
LR_18,LR,train,30,,False,False,3,10.0,30.0,"10,20,30"
LR_19,LR,train,30,,False,False,3,10.0,30.0,"10,20,30"
LR_2,LR,validation,30,,False,False,3,10.0,30.0,"10,20,30"
LR_20,LR,train,30,,False,False,3,10.0,30.0,"10,20,30"
LR_21,LR,test,30,,False,False,3,10.0,30.0,"10,20,30"
LR_22,LR,validation,30,,False,False,3,10.0,30.0,"10,20,30"
LR_23,LR,train,30,,False,False,3,10.0,30.0,"10,20,30"
LR_24,LR,train,30,,False,False,3,10.0,30.0,"10,20,30"
LR_25,LR,train,30,,False,False,3,10.0,30.0,"10,20,30"
LR_26,LR,train,30,,False,False,3,10.0,30.0,"10,20,30"
LR_27,LR,train,30,,False,False,3,10.0,30.0,"10,20,30"
LR_28,LR,train,30,,False,False,3,10.0,30.0,"10,20,30"
LR_29,LR,train,30,,False,False,3,10.0,30.0,"10,20,30"
LR_3,LR,train,30,,False,False,3,10.0,30.0,"10,20,30"
LR_30,LR,train,30,,False,False,3,10.0,30.0,"10,20,30"
LR_31,LR,test,30,,False,False,3,10.0,30.0,"10,20,30"
LR_32,LR,validation,30,,False,False,3,10.0,30.0,"10,20,30"
LR_33,LR,train,30,,False,False,3,10.0,30.0,"10,20,30"
LR_34,LR,train,30,,False,False,3,10.0,30.0,"10,20,30"
LR_35,LR,train,30,,False,False,3,10.0,30.0,"10,20,30"
LR_36,LR,train,30,,False,False,3,10.0,30.0,"10,20,30"
LR_37,LR,train,30,,False,False,3,10.0,30.0,"10,20,30"
LR_38,LR,train,30,,False,False,3,10.0,30.0,"10,20,30"
LR_39,LR,train,30,,False,False,3,10.0,30.0,"10,20,30"
LR_4,LR,train,30,,False,False,3,10.0,30.0,"10,20,30"
LR_40,LR,train,30,,False,False,3,10.0,30.0,"10,20,30"
LR_41,LR,test,30,,False,False,3,10.0,30.0,"10,20,30"
LR_42,LR,validation,30,,False,False,3,10.0,30.0,"10,20,30"
LR_43,LR,train,30,,False,False,3,10.0,30.0,"10,20,30"
LR_44,LR,train,30,,False,False,3,10.0,30.0,"10,20,30"
LR_45,LR,train,30,,False,False,3,10.0,30.0,"10,20,30"
LR_46,LR,train,30,,False,False,3,10.0,30.0,"10,20,30"
LR_47,LR,train,30,,False,False,3,10.0,30.0,"10,20,30"
LR_48,LR,train,30,,False,False,3,10.0,30.0,"10,20,30"
LR_49,LR,train,30,,False,False,3,10.0,30.0,"10,20,30"
LR_5,LR,train,30,,False,False,3,10.0,30.0,"10,20,30"
LR_50,LR,train,30,,False,False,3,10.0,30.0,"10,20,30"
LR_51,LR,test,30,,False,False,3,10.0,30.0,"10,20,30"
LR_52,LR,validation,30,,False,False,3,10.0,30.0,"10,20,30"
LR_53,LR,train,30,,False,False,3,10.0,30.0,"10,20,30"
LR_54,LR,train,30,,False,False,3,10.0,30.0,"10,20,30"
LR_55,LR,train,30,,False,False,3,10.0,30.0,"10,20,30"
LR_56,LR,train,30,,False,False,3,10.0,30.0,"10,20,30"
LR_57,LR,train,30,,False,False,3,10.0,30.0,"10,20,30"
LR_58,LR,train,30,,False,False,3,10.0,30.0,"10,20,30"
LR_59,LR,train,30,,False,False,3,10.0,30.0,"10,20,30"
LR_6,LR,train,30,,False,False,3,10.0,30.0,"10,20,30"
LR_60,LR,train,30,,False,False,3,10.0,30.0,"10,20,30"
LR_61,LR,test,30,,False,False,3,10.0,30.0,"10,20,30"
LR_62,LR,validation,30,,False,False,3,10.0,30.0,"10,20,30"
LR_63,LR,train,30,,False,False,3,10.0,30.0,"10,20,30"
LR_64,LR,train,30,,False,False,3,10.0,30.0,"10,20,30"
LR_65,LR,train,30,,False,False,3,10.0,30.0,"10,20,30"
LR_66,LR,train,30,,False,False,3,10.0,30.0,"10,20,30"
LR_67,LR,train,30,,False,False,3,10.0,30.0,"10,20,30"
LR_68,LR,train,30,,False,False,3,10.0,30.0,"10,20,30"
LR_69,LR,train,30,,False,False,3,10.0,30.0,"10,20,30"
LR_7,LR,train,30,,False,False,3,10.0,30.0,"10,20,30"
LR_70,LR,train,30,,False,False,3,10.0,30.0,"10,20,30"
LR_71,LR,test,30,,False,False,3,10.0,30.0,"10,20,30"
LR_72,LR,validation,30,,False,False,3,10.0,30.0,"10,20,30"
LR_73,LR,train,30,,False,False,3,10.0,30.0,"10,20,30"
LR_74,LR,train,30,,False,False,3,10.0,30.0,"10,20,30"
LR_75,LR,train,30,,False,False,3,10.0,30.0,"10,20,30"
LR_76,LR,train,30,,False,False,3,10.0,30.0,"10,20,30"
LR_77,LR,train,30,,False,False,3,10.0,30.0,"10,20,30"
LR_78,LR,train,30,,False,False,3,10.0,30.0,"10,20,30"
LR_79,LR,train,30,,False,False,3,10.0,30.0,"10,20,30"
LR_8,LR,train,30,,False,False,3,10.0,30.0,"10,20,30"
LR_80,LR,train,30,,False,False,3,10.0,30.0,"10,20,30"
LR_81,LR,test,30,,False,False,3,10.0,30.0,"10,20,30"
LR_82,LR,validation,30,,False,False,3,10.0,30.0,"10,20,30"
LR_83,LR,train,30,,False,False,3,10.0,30.0,"10,20,30"
LR_84,LR,train,30,,False,False,3,10.0,30.0,"10,20,30"
LR_85,LR,train,30,,False,False,3,10.0,30.0,"10,20,30"
LR_86,LR,train,30,,False,False,3,10.0,30.0,"10,20,30"
LR_87,LR,train,30,,False,False,3,10.0,30.0,"10,20,30"
LR_88,LR,train,30,,False,False,3,10.0,30.0,"10,20,30"
LR_89,LR,train,30,,False,False,3,10.0,30.0,"10,20,30"
LR_9,LR,train,30,,False,False,3,10.0,30.0,"10,20,30"
LR_90,LR,train,30,,False,False,3,10.0,30.0,"10,20,30"
LR_91,LR,test,30,,False,False,3,10.0,30.0,"10,20,30"
LR_92,LR,validation,30,,False,False,3,10.0,30.0,"10,20,30"
LR_93,LR,train,30,,False,False,3,10.0,30.0,"10,20,30"
LR_94,LR,train,30,,False,False,3,10.0,30.0,"10,20,30"
LR_95,LR,train,30,,False,False,3,10.0,30.0,"10,20,30"
LR_96,LR,train,30,,False,False,3,10.0,30.0,"10,20,30"
LR_97,LR,train,30,,False,False,3,10.0,30.0,"10,20,30"
LR_98,LR,train,30,,False,False,3,10.0,30.0,"10,20,30"
LR_99,LR,train,30,,False,False,3,10.0,30.0,"10,20,30"
MD_1,MD,test,30,,False,False,3,10.0,30.0,"10,20,30"
MD_10,MD,train,30,,False,False,3,10.0,30.0,"10,20,30"
MD_100,MD,train,30,,False,False,3,10.0,30.0,"10,20,30"
MD_11,MD,test,30,,False,False,3,10.0,30.0,"10,20,30"
MD_12,MD,validation,30,,False,False,3,10.0,30.0,"10,20,30"
MD_13,MD,train,30,,False,False,3,10.0,30.0,"10,20,30"
MD_14,MD,train,30,,False,False,3,10.0,30.0,"10,20,30"
MD_15,MD,train,30,,False,False,3,10.0,30.0,"10,20,30"
MD_16,MD,train,30,,False,False,3,10.0,30.0,"10,20,30"
MD_17,MD,train,30,,False,False,3,10.0,30.0,"10,20,30"
MD_18,MD,train,30,,False,False,3,10.0,30.0,"10,20,30"
MD_19,MD,train,30,,False,False,3,10.0,30.0,"10,20,30"
MD_2,MD,validation,30,,False,False,3,10.0,30.0,"10,20,30"
MD_20,MD,train,30,,False,False,3,10.0,30.0,"10,20,30"
MD_21,MD,test,30,,False,False,3,10.0,30.0,"10,20,30"
MD_22,MD,validation,30,,False,False,3,10.0,30.0,"10,20,30"
MD_23,MD,train,30,,False,False,3,10.0,30.0,"10,20,30"
MD_24,MD,train,30,,False,False,3,10.0,30.0,"10,20,30"
MD_25,MD,train,30,,False,False,3,10.0,30.0,"10,20,30"
MD_26,MD,train,30,,False,False,3,10.0,30.0,"10,20,30"
MD_27,MD,train,30,,False,False,3,10.0,30.0,"10,20,30"
MD_28,MD,train,30,,False,False,3,10.0,30.0,"10,20,30"
MD_29,MD,train,30,,False,False,3,10.0,30.0,"10,20,30"
MD_3,MD,train,30,,False,False,3,10.0,30.0,"10,20,30"
MD_30,MD,train,30,,False,False,3,10.0,30.0,"10,20,30"
MD_31,MD,test,30,,False,False,3,10.0,30.0,"10,20,30"
MD_32,MD,validation,30,,False,False,3,10.0,30.0,"10,20,30"
MD_33,MD,train,30,,False,False,3,10.0,30.0,"10,20,30"
MD_34,MD,train,30,,False,False,3,10.0,30.0,"10,20,30"
MD_35,MD,train,30,,False,False,3,10.0,30.0,"10,20,30"
MD_36,MD,train,30,,False,False,3,10.0,30.0,"10,20,30"
MD_37,MD,train,30,,False,False,3,10.0,30.0,"10,20,30"
MD_38,MD,train,30,,False,False,3,10.0,30.0,"10,20,30"
MD_39,MD,train,30,,False,False,3,10.0,30.0,"10,20,30"
MD_4,MD,train,30,,False,False,3,10.0,30.0,"10,20,30"
MD_40,MD,train,30,,False,False,3,10.0,30.0,"10,20,30"
MD_41,MD,test,30,,False,False,3,10.0,30.0,"10,20,30"
MD_42,MD,validation,30,,False,False,3,10.0,30.0,"10,20,30"
MD_43,MD,train,30,,False,False,3,10.0,30.0,"10,20,30"
MD_44,MD,train,30,,False,False,3,10.0,30.0,"10,20,30"
MD_45,MD,train,30,,False,False,3,10.0,30.0,"10,20,30"
MD_46,MD,train,30,,False,False,3,10.0,30.0,"10,20,30"
MD_47,MD,train,30,,False,False,3,10.0,30.0,"10,20,30"
MD_48,MD,train,30,,False,False,3,10.0,30.0,"10,20,30"
MD_49,MD,train,30,,False,False,3,10.0,30.0,"10,20,30"
MD_5,MD,train,30,,False,False,3,10.0,30.0,"10,20,30"
MD_50,MD,train,30,,False,False,3,10.0,30.0,"10,20,30"
MD_51,MD,test,30,,False,False,3,10.0,30.0,"10,20,30"
MD_52,MD,validation,30,,False,False,3,10.0,30.0,"10,20,30"
MD_53,MD,train,30,,False,False,3,10.0,30.0,"10,20,30"
MD_54,MD,train,30,,False,False,3,10.0,30.0,"10,20,30"
MD_55,MD,train,30,,False,False,3,10.0,30.0,"10,20,30"
MD_56,MD,train,30,,False,False,3,10.0,30.0,"10,20,30"
MD_57,MD,train,30,,False,False,3,10.0,30.0,"10,20,30"
MD_58,MD,train,30,,False,False,3,10.0,30.0,"10,20,30"
MD_59,MD,train,30,,False,False,3,10.0,30.0,"10,20,30"
MD_6,MD,train,30,,False,False,3,10.0,30.0,"10,20,30"
MD_60,MD,train,30,,False,False,3,10.0,30.0,"10,20,30"
MD_61,MD,test,30,,False,False,3,10.0,30.0,"10,20,30"
MD_62,MD,validation,30,,False,False,3,10.0,30.0,"10,20,30"
MD_63,MD,train,30,,False,False,3,10.0,30.0,"10,20,30"
MD_64,MD,train,30,,False,False,3,10.0,30.0,"10,20,30"
MD_65,MD,train,30,,False,False,3,10.0,30.0,"10,20,30"
MD_66,MD,train,30,,False,False,3,10.0,30.0,"10,20,30"
MD_67,MD,train,30,,False,False,3,10.0,30.0,"10,20,30"
MD_68,MD,train,30,,False,False,3,10.0,30.0,"10,20,30"
MD_69,MD,train,30,,False,False,3,10.0,30.0,"10,20,30"
MD_7,MD,train,30,,False,False,3,10.0,30.0,"10,20,30"
MD_70,MD,train,30,,False,False,3,10.0,30.0,"10,20,30"
MD_71,MD,test,30,,False,False,3,10.0,30.0,"10,20,30"
MD_72,MD,validation,30,,False,False,3,10.0,30.0,"10,20,30"
MD_73,MD,train,30,,False,False,3,10.0,30.0,"10,20,30"
MD_74,MD,train,30,,False,False,3,10.0,30.0,"10,20,30"
MD_75,MD,train,30,,False,False,3,10.0,30.0,"10,20,30"
MD_76,MD,train,30,,False,False,3,10.0,30.0,"10,20,30"
MD_77,MD,train,30,,False,False,3,10.0,30.0,"10,20,30"
MD_78,MD,train,30,,False,False,3,10.0,30.0,"10,20,30"
MD_79,MD,train,30,,False,False,3,10.0,30.0,"10,20,30"
MD_8,MD,train,30,,False,False,3,10.0,30.0,"10,20,30"
MD_80,MD,train,30,,False,False,3,10.0,30.0,"10,20,30"
MD_81,MD,test,30,,False,False,3,10.0,30.0,"10,20,30"
MD_82,MD,validation,30,,False,False,3,10.0,30.0,"10,20,30"
MD_83,MD,train,30,,False,False,3,10.0,30.0,"10,20,30"
MD_84,MD,train,30,,False,False,3,10.0,30.0,"10,20,30"
MD_85,MD,train,30,,False,False,3,10.0,30.0,"10,20,30"
MD_86,MD,train,30,,False,False,3,10.0,30.0,"10,20,30"
MD_87,MD,train,30,,False,False,3,10.0,30.0,"10,20,30"
MD_88,MD,train,30,,False,False,3,10.0,30.0,"10,20,30"
MD_89,MD,train,30,,False,False,3,10.0,30.0,"10,20,30"
MD_9,MD,train,30,,False,False,3,10.0,30.0,"10,20,30"
MD_90,MD,train,30,,False,False,3,10.0,30.0,"10,20,30"
MD_91,MD,test,30,,False,False,3,10.0,30.0,"10,20,30"
MD_92,MD,validation,30,,False,False,3,10.0,30.0,"10,20,30"
MD_93,MD,train,30,,False,False,3,10.0,30.0,"10,20,30"
MD_94,MD,train,30,,False,False,3,10.0,30.0,"10,20,30"
MD_95,MD,train,30,,False,False,3,10.0,30.0,"10,20,30"
MD_96,MD,train,30,,False,False,3,10.0,30.0,"10,20,30"
MD_97,MD,train,30,,False,False,3,10.0,30.0,"10,20,30"
MD_98,MD,train,30,,False,False,3,10.0,30.0,"10,20,30"
MD_99,MD,train,30,,False,False,3,10.0,30.0,"10,20,30"
RI_-1,RI,train,30,528.0,True,True,3,10.0,30.0,"10,20,30"
RI_-10,RI,test,30,609.5,True,True,3,10.0,30.0,"10,20,30"
RI_-100,RI,test,30,,False,False,3,10.0,30.0,"10,20,30"
RI_-11,RI,train,30,677.0,True,True,3,10.0,30.0,"10,20,30"
RI_-12,RI,train,30,686.5,True,True,3,10.0,30.0,"10,20,30"
RI_-13,RI,train,30,768.5,True,True,3,10.0,30.0,"10,20,30"
RI_-14,RI,train,30,883.5,True,True,3,10.0,30.0,"10,20,30"
RI_-15,RI,train,30,916.0,True,True,3,10.0,30.0,"10,20,30"
RI_-16,RI,train,30,1047.5,True,True,3,10.0,30.0,"10,20,30"
RI_-17,RI,train,30,1229.5,True,True,3,10.0,30.0,"10,20,30"
RI_-18,RI,train,30,1239.5,True,True,3,10.0,30.0,"10,20,30"
RI_-19,RI,validation,30,1429.0,True,True,3,10.0,30.0,"10,20,30"
RI_-2,RI,train,30,592.5,True,True,3,10.0,30.0,"10,20,30"
RI_-20,RI,test,30,1679.5,True,True,3,10.0,30.0,"10,20,30"
RI_-21,RI,train,30,1720.5,True,True,3,10.0,30.0,"10,20,30"
RI_-22,RI,train,30,2253.5,True,True,3,10.0,30.0,"10,20,30"
RI_-23,RI,train,30,2811.0,True,True,3,10.0,30.0,"10,20,30"
RI_-24,RI,train,30,,False,False,3,10.0,30.0,"10,20,30"
RI_-25,RI,train,30,,False,False,3,10.0,30.0,"10,20,30"
RI_-26,RI,train,30,,False,False,3,10.0,30.0,"10,20,30"
RI_-27,RI,train,30,,False,False,3,10.0,30.0,"10,20,30"
RI_-28,RI,train,30,,False,False,3,10.0,30.0,"10,20,30"
RI_-29,RI,validation,30,,False,False,3,10.0,30.0,"10,20,30"
RI_-3,RI,train,30,637.5,True,True,3,10.0,30.0,"10,20,30"
RI_-30,RI,test,30,,False,False,3,10.0,30.0,"10,20,30"
RI_-31,RI,train,30,124.0,True,True,3,10.0,30.0,"10,20,30"
RI_-32,RI,train,30,123.0,True,True,3,10.0,30.0,"10,20,30"
RI_-33,RI,train,30,122.0,True,True,3,10.0,30.0,"10,20,30"
RI_-34,RI,train,30,121.0,True,True,3,10.0,30.0,"10,20,30"
RI_-35,RI,train,30,120.5,True,True,3,10.0,30.0,"10,20,30"
RI_-36,RI,train,30,120.0,True,True,3,10.0,30.0,"10,20,30"
RI_-37,RI,train,30,120.0,True,True,3,10.0,30.0,"10,20,30"
RI_-38,RI,train,30,119.5,True,True,3,10.0,30.0,"10,20,30"
RI_-39,RI,validation,30,119.0,True,True,3,10.0,30.0,"10,20,30"
RI_-4,RI,train,30,680.5,True,True,3,10.0,30.0,"10,20,30"
RI_-40,RI,test,30,119.0,True,True,3,10.0,30.0,"10,20,30"
RI_-41,RI,train,30,118.5,True,True,3,10.0,30.0,"10,20,30"
RI_-42,RI,train,30,118.5,True,True,3,10.0,30.0,"10,20,30"
RI_-43,RI,train,30,118.5,True,True,3,10.0,30.0,"10,20,30"
RI_-44,RI,train,30,118.0,True,True,3,10.0,30.0,"10,20,30"
RI_-45,RI,train,30,118.0,True,True,3,10.0,30.0,"10,20,30"
RI_-46,RI,train,30,118.0,True,True,3,10.0,30.0,"10,20,30"
RI_-47,RI,train,30,118.0,True,True,3,10.0,30.0,"10,20,30"
RI_-48,RI,train,30,118.0,True,True,3,10.0,30.0,"10,20,30"
RI_-49,RI,validation,30,118.0,True,True,3,10.0,30.0,"10,20,30"
RI_-5,RI,train,30,658.0,True,True,3,10.0,30.0,"10,20,30"
RI_-50,RI,test,30,118.0,True,True,3,10.0,30.0,"10,20,30"
RI_-51,RI,train,30,118.0,True,True,3,10.0,30.0,"10,20,30"
RI_-52,RI,train,30,118.0,True,True,3,10.0,30.0,"10,20,30"
RI_-53,RI,train,30,117.5,True,True,3,10.0,30.0,"10,20,30"
RI_-54,RI,train,30,117.5,True,True,3,10.0,30.0,"10,20,30"
RI_-55,RI,train,30,117.5,True,True,3,10.0,30.0,"10,20,30"
RI_-56,RI,train,30,117.5,True,True,3,10.0,30.0,"10,20,30"
RI_-57,RI,train,30,117.5,True,True,3,10.0,30.0,"10,20,30"
RI_-58,RI,train,30,117.5,True,True,3,10.0,30.0,"10,20,30"
RI_-59,RI,validation,30,117.5,True,True,3,10.0,30.0,"10,20,30"
RI_-6,RI,train,30,893.5,True,True,3,10.0,30.0,"10,20,30"
RI_-60,RI,test,30,117.5,True,True,3,10.0,30.0,"10,20,30"
RI_-61,RI,train,30,117.5,True,True,3,10.0,30.0,"10,20,30"
RI_-62,RI,train,30,117.5,True,True,3,10.0,30.0,"10,20,30"
RI_-63,RI,train,30,117.5,True,True,3,10.0,30.0,"10,20,30"
RI_-64,RI,train,30,117.5,True,True,3,10.0,30.0,"10,20,30"
RI_-65,RI,train,30,117.5,True,True,3,10.0,30.0,"10,20,30"
RI_-66,RI,train,30,117.5,True,True,3,10.0,30.0,"10,20,30"
RI_-67,RI,train,30,117.5,True,True,3,10.0,30.0,"10,20,30"
RI_-68,RI,train,30,117.5,True,True,3,10.0,30.0,"10,20,30"
RI_-69,RI,validation,30,117.0,True,True,3,10.0,30.0,"10,20,30"
RI_-7,RI,train,30,746.0,True,True,3,10.0,30.0,"10,20,30"
RI_-70,RI,test,30,117.0,True,True,3,10.0,30.0,"10,20,30"
RI_-71,RI,train,30,117.0,True,True,3,10.0,30.0,"10,20,30"
RI_-72,RI,train,30,117.0,True,True,3,10.0,30.0,"10,20,30"
RI_-73,RI,train,30,117.0,True,True,3,10.0,30.0,"10,20,30"
RI_-74,RI,train,30,117.0,True,True,3,10.0,30.0,"10,20,30"
RI_-75,RI,train,30,117.0,True,True,3,10.0,30.0,"10,20,30"
RI_-76,RI,train,30,117.0,True,True,3,10.0,30.0,"10,20,30"
RI_-77,RI,train,30,117.0,True,True,3,10.0,30.0,"10,20,30"
RI_-78,RI,train,30,117.0,True,True,3,10.0,30.0,"10,20,30"
RI_-79,RI,validation,30,117.0,True,True,3,10.0,30.0,"10,20,30"
RI_-8,RI,train,30,609.0,True,True,3,10.0,30.0,"10,20,30"
RI_-80,RI,test,30,117.0,True,True,3,10.0,30.0,"10,20,30"
RI_-81,RI,train,30,117.0,True,True,3,10.0,30.0,"10,20,30"
RI_-82,RI,train,30,116.0,True,True,3,10.0,30.0,"10,20,30"
RI_-83,RI,train,30,,False,False,3,10.0,30.0,"10,20,30"
RI_-84,RI,train,30,,False,False,3,10.0,30.0,"10,20,30"
RI_-85,RI,train,30,,False,False,3,10.0,30.0,"10,20,30"
RI_-86,RI,train,30,,False,False,3,10.0,30.0,"10,20,30"
RI_-87,RI,train,30,,False,False,3,10.0,30.0,"10,20,30"
RI_-88,RI,train,30,,False,False,3,10.0,30.0,"10,20,30"
RI_-89,RI,validation,30,,False,False,3,10.0,30.0,"10,20,30"
RI_-9,RI,validation,30,578.0,True,True,3,10.0,30.0,"10,20,30"
RI_-90,RI,test,30,,False,False,3,10.0,30.0,"10,20,30"
RI_-91,RI,train,30,,False,False,3,10.0,30.0,"10,20,30"
RI_-92,RI,train,30,,False,False,3,10.0,30.0,"10,20,30"
RI_-93,RI,train,30,,False,False,3,10.0,30.0,"10,20,30"
RI_-94,RI,train,30,,False,False,3,10.0,30.0,"10,20,30"
RI_-95,RI,train,30,,False,False,3,10.0,30.0,"10,20,30"
RI_-96,RI,train,30,,False,False,3,10.0,30.0,"10,20,30"
RI_-97,RI,train,30,,False,False,3,10.0,30.0,"10,20,30"
RI_-98,RI,train,30,,False,False,3,10.0,30.0,"10,20,30"
RI_-99,RI,validation,30,,False,False,3,10.0,30.0,"10,20,30"
RW_1,RW,test,30,403.5,True,True,3,10.0,30.0,"10,20,30"
RW_10,RW,train,30,103.0,True,True,3,10.0,30.0,"10,20,30"
RW_100,RW,train,30,102.0,True,True,3,10.0,30.0,"10,20,30"
RW_11,RW,test,30,103.0,True,True,3,10.0,30.0,"10,20,30"
RW_12,RW,validation,30,103.0,True,True,3,10.0,30.0,"10,20,30"
RW_13,RW,train,30,103.0,True,True,3,10.0,30.0,"10,20,30"
RW_14,RW,train,30,103.0,True,True,3,10.0,30.0,"10,20,30"
RW_15,RW,train,30,102.5,True,True,3,10.0,30.0,"10,20,30"
RW_16,RW,train,30,102.5,True,True,3,10.0,30.0,"10,20,30"
RW_17,RW,train,30,102.5,True,True,3,10.0,30.0,"10,20,30"
RW_18,RW,train,30,102.5,True,True,3,10.0,30.0,"10,20,30"
RW_19,RW,train,30,102.5,True,True,3,10.0,30.0,"10,20,30"
RW_2,RW,validation,30,362.5,True,True,3,10.0,30.0,"10,20,30"
RW_20,RW,train,30,102.5,True,True,3,10.0,30.0,"10,20,30"
RW_21,RW,test,30,102.5,True,True,3,10.0,30.0,"10,20,30"
RW_22,RW,validation,30,102.5,True,True,3,10.0,30.0,"10,20,30"
RW_23,RW,train,30,102.5,True,True,3,10.0,30.0,"10,20,30"
RW_24,RW,train,30,102.5,True,True,3,10.0,30.0,"10,20,30"
RW_25,RW,train,30,102.5,True,True,3,10.0,30.0,"10,20,30"
RW_26,RW,train,30,102.5,True,True,3,10.0,30.0,"10,20,30"
RW_27,RW,train,30,102.5,True,True,3,10.0,30.0,"10,20,30"
RW_28,RW,train,30,102.5,True,True,3,10.0,30.0,"10,20,30"
RW_29,RW,train,30,102.5,True,True,3,10.0,30.0,"10,20,30"
RW_3,RW,train,30,337.5,True,True,3,10.0,30.0,"10,20,30"
RW_30,RW,train,30,102.5,True,True,3,10.0,30.0,"10,20,30"
RW_31,RW,test,30,102.5,True,True,3,10.0,30.0,"10,20,30"
RW_32,RW,validation,30,102.5,True,True,3,10.0,30.0,"10,20,30"
RW_33,RW,train,30,102.0,True,True,3,10.0,30.0,"10,20,30"
RW_34,RW,train,30,102.0,True,True,3,10.0,30.0,"10,20,30"
RW_35,RW,train,30,102.0,True,True,3,10.0,30.0,"10,20,30"
RW_36,RW,train,30,102.0,True,True,3,10.0,30.0,"10,20,30"
RW_37,RW,train,30,102.0,True,True,3,10.0,30.0,"10,20,30"
RW_38,RW,train,30,102.0,True,True,3,10.0,30.0,"10,20,30"
RW_39,RW,train,30,102.0,True,True,3,10.0,30.0,"10,20,30"
RW_4,RW,train,30,106.0,True,True,3,10.0,30.0,"10,20,30"
RW_40,RW,train,30,102.0,True,True,3,10.0,30.0,"10,20,30"
RW_41,RW,test,30,102.0,True,True,3,10.0,30.0,"10,20,30"
RW_42,RW,validation,30,102.0,True,True,3,10.0,30.0,"10,20,30"
RW_43,RW,train,30,102.0,True,True,3,10.0,30.0,"10,20,30"
RW_44,RW,train,30,102.0,True,True,3,10.0,30.0,"10,20,30"
RW_45,RW,train,30,102.0,True,True,3,10.0,30.0,"10,20,30"
RW_46,RW,train,30,102.0,True,True,3,10.0,30.0,"10,20,30"
RW_47,RW,train,30,102.0,True,True,3,10.0,30.0,"10,20,30"
RW_48,RW,train,30,102.0,True,True,3,10.0,30.0,"10,20,30"
RW_49,RW,train,30,102.0,True,True,3,10.0,30.0,"10,20,30"
RW_5,RW,train,30,105.0,True,True,3,10.0,30.0,"10,20,30"
RW_50,RW,train,30,102.0,True,True,3,10.0,30.0,"10,20,30"
RW_51,RW,test,30,102.0,True,True,3,10.0,30.0,"10,20,30"
RW_52,RW,validation,30,102.0,True,True,3,10.0,30.0,"10,20,30"
RW_53,RW,train,30,102.0,True,True,3,10.0,30.0,"10,20,30"
RW_54,RW,train,30,102.0,True,True,3,10.0,30.0,"10,20,30"
RW_55,RW,train,30,102.0,True,True,3,10.0,30.0,"10,20,30"
RW_56,RW,train,30,102.0,True,True,3,10.0,30.0,"10,20,30"
RW_57,RW,train,30,102.0,True,True,3,10.0,30.0,"10,20,30"
RW_58,RW,train,30,102.0,True,True,3,10.0,30.0,"10,20,30"
RW_59,RW,train,30,102.0,True,True,3,10.0,30.0,"10,20,30"
RW_6,RW,train,30,104.0,True,True,3,10.0,30.0,"10,20,30"
RW_60,RW,train,30,102.0,True,True,3,10.0,30.0,"10,20,30"
RW_61,RW,test,30,102.0,True,True,3,10.0,30.0,"10,20,30"
RW_62,RW,validation,30,102.0,True,True,3,10.0,30.0,"10,20,30"
RW_63,RW,train,30,102.0,True,True,3,10.0,30.0,"10,20,30"
RW_64,RW,train,30,102.0,True,True,3,10.0,30.0,"10,20,30"
RW_65,RW,train,30,102.0,True,True,3,10.0,30.0,"10,20,30"
RW_66,RW,train,30,102.0,True,True,3,10.0,30.0,"10,20,30"
RW_67,RW,train,30,102.0,True,True,3,10.0,30.0,"10,20,30"
RW_68,RW,train,30,102.0,True,True,3,10.0,30.0,"10,20,30"
RW_69,RW,train,30,102.0,True,True,3,10.0,30.0,"10,20,30"
RW_7,RW,train,30,104.0,True,True,3,10.0,30.0,"10,20,30"
RW_70,RW,train,30,102.0,True,True,3,10.0,30.0,"10,20,30"
RW_71,RW,test,30,102.0,True,True,3,10.0,30.0,"10,20,30"
RW_72,RW,validation,30,102.0,True,True,3,10.0,30.0,"10,20,30"
RW_73,RW,train,30,102.0,True,True,3,10.0,30.0,"10,20,30"
RW_74,RW,train,30,102.0,True,True,3,10.0,30.0,"10,20,30"
RW_75,RW,train,30,102.0,True,True,3,10.0,30.0,"10,20,30"
RW_76,RW,train,30,102.0,True,True,3,10.0,30.0,"10,20,30"
RW_77,RW,train,30,102.0,True,True,3,10.0,30.0,"10,20,30"
RW_78,RW,train,30,102.0,True,True,3,10.0,30.0,"10,20,30"
RW_79,RW,train,30,102.0,True,True,3,10.0,30.0,"10,20,30"
RW_8,RW,train,30,103.5,True,True,3,10.0,30.0,"10,20,30"
RW_80,RW,train,30,102.0,True,True,3,10.0,30.0,"10,20,30"
RW_81,RW,test,30,102.0,True,True,3,10.0,30.0,"10,20,30"
RW_82,RW,validation,30,102.0,True,True,3,10.0,30.0,"10,20,30"
RW_83,RW,train,30,102.0,True,True,3,10.0,30.0,"10,20,30"
RW_84,RW,train,30,102.0,True,True,3,10.0,30.0,"10,20,30"
RW_85,RW,train,30,102.0,True,True,3,10.0,30.0,"10,20,30"
RW_86,RW,train,30,102.0,True,True,3,10.0,30.0,"10,20,30"
RW_87,RW,train,30,102.0,True,True,3,10.0,30.0,"10,20,30"
RW_88,RW,train,30,102.0,True,True,3,10.0,30.0,"10,20,30"
RW_89,RW,train,30,102.0,True,True,3,10.0,30.0,"10,20,30"
RW_9,RW,train,30,103.5,True,True,3,10.0,30.0,"10,20,30"
RW_90,RW,train,30,102.0,True,True,3,10.0,30.0,"10,20,30"
RW_91,RW,test,30,102.0,True,True,3,10.0,30.0,"10,20,30"
RW_92,RW,validation,30,102.0,True,True,3,10.0,30.0,"10,20,30"
RW_93,RW,train,30,102.0,True,True,3,10.0,30.0,"10,20,30"
RW_94,RW,train,30,102.0,True,True,3,10.0,30.0,"10,20,30"
RW_95,RW,train,30,102.0,True,True,3,10.0,30.0,"10,20,30"
RW_96,RW,train,30,102.0,True,True,3,10.0,30.0,"10,20,30"
RW_97,RW,train,30,102.0,True,True,3,10.0,30.0,"10,20,30"
RW_98,RW,train,30,102.0,True,True,3,10.0,30.0,"10,20,30"
RW_99,RW,train,30,102.0,True,True,3,10.0,30.0,"10,20,30"
SGATR_1,SGATR,test,30,,False,False,3,10.0,30.0,"10,20,30"
SGATR_10,SGATR,train,30,,False,False,3,10.0,30.0,"10,20,30"
SGATR_100,SGATR,train,30,695.0,True,True,3,10.0,30.0,"10,20,30"
SGATR_11,SGATR,test,30,,False,False,3,10.0,30.0,"10,20,30"
SGATR_12,SGATR,validation,30,,False,False,3,10.0,30.0,"10,20,30"
SGATR_13,SGATR,train,30,,False,False,3,10.0,30.0,"10,20,30"
SGATR_14,SGATR,train,30,,False,False,3,10.0,30.0,"10,20,30"
SGATR_15,SGATR,train,30,,False,False,3,10.0,30.0,"10,20,30"
SGATR_16,SGATR,train,30,,False,False,3,10.0,30.0,"10,20,30"
SGATR_17,SGATR,train,30,,False,False,3,10.0,30.0,"10,20,30"
SGATR_18,SGATR,train,30,,False,False,3,10.0,30.0,"10,20,30"
SGATR_19,SGATR,train,30,,False,False,3,10.0,30.0,"10,20,30"
SGATR_2,SGATR,validation,30,,False,False,3,10.0,30.0,"10,20,30"
SGATR_20,SGATR,train,30,,False,False,3,10.0,30.0,"10,20,30"
SGATR_21,SGATR,test,30,,False,False,3,10.0,30.0,"10,20,30"
SGATR_22,SGATR,validation,30,,False,False,3,10.0,30.0,"10,20,30"
SGATR_23,SGATR,train,30,,False,False,3,10.0,30.0,"10,20,30"
SGATR_24,SGATR,train,30,,False,False,3,10.0,30.0,"10,20,30"
SGATR_25,SGATR,train,30,,False,False,3,10.0,30.0,"10,20,30"
SGATR_26,SGATR,train,30,,False,False,3,10.0,30.0,"10,20,30"
SGATR_27,SGATR,train,30,,False,False,3,10.0,30.0,"10,20,30"
SGATR_28,SGATR,train,30,,False,False,3,10.0,30.0,"10,20,30"
SGATR_29,SGATR,train,30,,False,False,3,10.0,30.0,"10,20,30"
SGATR_3,SGATR,train,30,,False,False,3,10.0,30.0,"10,20,30"
SGATR_30,SGATR,train,30,,False,False,3,10.0,30.0,"10,20,30"
SGATR_31,SGATR,test,30,,False,False,3,10.0,30.0,"10,20,30"
SGATR_32,SGATR,validation,30,,False,False,3,10.0,30.0,"10,20,30"
SGATR_33,SGATR,train,30,,False,False,3,10.0,30.0,"10,20,30"
SGATR_34,SGATR,train,30,,False,False,3,10.0,30.0,"10,20,30"
SGATR_35,SGATR,train,30,,False,False,3,10.0,30.0,"10,20,30"
SGATR_36,SGATR,train,30,,False,False,3,10.0,30.0,"10,20,30"
SGATR_37,SGATR,train,30,,False,False,3,10.0,30.0,"10,20,30"
SGATR_38,SGATR,train,30,,False,False,3,10.0,30.0,"10,20,30"
SGATR_39,SGATR,train,30,,False,False,3,10.0,30.0,"10,20,30"
SGATR_4,SGATR,train,30,,False,False,3,10.0,30.0,"10,20,30"
SGATR_40,SGATR,train,30,,False,False,3,10.0,30.0,"10,20,30"
SGATR_41,SGATR,test,30,,False,False,3,10.0,30.0,"10,20,30"
SGATR_42,SGATR,validation,30,,False,False,3,10.0,30.0,"10,20,30"
SGATR_43,SGATR,train,30,,False,False,3,10.0,30.0,"10,20,30"
SGATR_44,SGATR,train,30,,False,False,3,10.0,30.0,"10,20,30"
SGATR_45,SGATR,train,30,,False,False,3,10.0,30.0,"10,20,30"
SGATR_46,SGATR,train,30,,False,False,3,10.0,30.0,"10,20,30"
SGATR_47,SGATR,train,30,,False,False,3,10.0,30.0,"10,20,30"
SGATR_48,SGATR,train,30,,False,False,3,10.0,30.0,"10,20,30"
SGATR_49,SGATR,train,30,,False,False,3,10.0,30.0,"10,20,30"
SGATR_5,SGATR,train,30,,False,False,3,10.0,30.0,"10,20,30"
SGATR_50,SGATR,train,30,,False,False,3,10.0,30.0,"10,20,30"
SGATR_51,SGATR,test,30,,False,False,3,10.0,30.0,"10,20,30"
SGATR_52,SGATR,validation,30,,False,False,3,10.0,30.0,"10,20,30"
SGATR_53,SGATR,train,30,,False,False,3,10.0,30.0,"10,20,30"
SGATR_54,SGATR,train,30,,False,False,3,10.0,30.0,"10,20,30"
SGATR_55,SGATR,train,30,,False,False,3,10.0,30.0,"10,20,30"
SGATR_56,SGATR,train,30,,False,False,3,10.0,30.0,"10,20,30"
SGATR_57,SGATR,train,30,2483.5,True,True,3,10.0,30.0,"10,20,30"
SGATR_58,SGATR,train,30,2344.5,True,True,3,10.0,30.0,"10,20,30"
SGATR_59,SGATR,train,30,2220.0,True,True,3,10.0,30.0,"10,20,30"
SGATR_6,SGATR,train,30,,False,False,3,10.0,30.0,"10,20,30"
SGATR_60,SGATR,train,30,2107.5,True,True,3,10.0,30.0,"10,20,30"
SGATR_61,SGATR,test,30,2007.5,True,True,3,10.0,30.0,"10,20,30"
SGATR_62,SGATR,validation,30,1916.5,True,True,3,10.0,30.0,"10,20,30"
SGATR_63,SGATR,train,30,1833.0,True,True,3,10.0,30.0,"10,20,30"
SGATR_64,SGATR,train,30,1756.5,True,True,3,10.0,30.0,"10,20,30"
SGATR_65,SGATR,train,30,1686.0,True,True,3,10.0,30.0,"10,20,30"
SGATR_66,SGATR,train,30,1620.0,True,True,3,10.0,30.0,"10,20,30"
SGATR_67,SGATR,train,30,1559.5,True,True,3,10.0,30.0,"10,20,30"
SGATR_68,SGATR,train,30,1502.5,True,True,3,10.0,30.0,"10,20,30"
SGATR_69,SGATR,train,30,1450.0,True,True,3,10.0,30.0,"10,20,30"
SGATR_7,SGATR,train,30,,False,False,3,10.0,30.0,"10,20,30"
SGATR_70,SGATR,train,30,1400.5,True,True,3,10.0,30.0,"10,20,30"
SGATR_71,SGATR,test,30,1354.0,True,True,3,10.0,30.0,"10,20,30"
SGATR_72,SGATR,validation,30,1311.0,True,True,3,10.0,30.0,"10,20,30"
SGATR_73,SGATR,train,30,1270.0,True,True,3,10.0,30.0,"10,20,30"
SGATR_74,SGATR,train,30,1232.0,True,True,3,10.0,30.0,"10,20,30"
SGATR_75,SGATR,train,30,1196.0,True,True,3,10.0,30.0,"10,20,30"
SGATR_76,SGATR,train,30,1162.0,True,True,3,10.0,30.0,"10,20,30"
SGATR_77,SGATR,train,30,1129.5,True,True,3,10.0,30.0,"10,20,30"
SGATR_78,SGATR,train,30,1099.5,True,True,3,10.0,30.0,"10,20,30"
SGATR_79,SGATR,train,30,1070.5,True,True,3,10.0,30.0,"10,20,30"
SGATR_8,SGATR,train,30,,False,False,3,10.0,30.0,"10,20,30"
SGATR_80,SGATR,train,30,1043.0,True,True,3,10.0,30.0,"10,20,30"
SGATR_81,SGATR,test,30,1017.0,True,True,3,10.0,30.0,"10,20,30"
SGATR_82,SGATR,validation,30,992.5,True,True,3,10.0,30.0,"10,20,30"
SGATR_83,SGATR,train,30,969.0,True,True,3,10.0,30.0,"10,20,30"
SGATR_84,SGATR,train,30,947.0,True,True,3,10.0,30.0,"10,20,30"
SGATR_85,SGATR,train,30,925.5,True,True,3,10.0,30.0,"10,20,30"
SGATR_86,SGATR,train,30,905.0,True,True,3,10.0,30.0,"10,20,30"
SGATR_87,SGATR,train,30,885.5,True,True,3,10.0,30.0,"10,20,30"
SGATR_88,SGATR,train,30,867.0,True,True,3,10.0,30.0,"10,20,30"
SGATR_89,SGATR,train,30,849.5,True,True,3,10.0,30.0,"10,20,30"
SGATR_9,SGATR,train,30,,False,False,3,10.0,30.0,"10,20,30"
SGATR_90,SGATR,train,30,832.0,True,True,3,10.0,30.0,"10,20,30"
SGATR_91,SGATR,test,30,816.0,True,True,3,10.0,30.0,"10,20,30"
SGATR_92,SGATR,validation,30,800.5,True,True,3,10.0,30.0,"10,20,30"
SGATR_93,SGATR,train,30,785.5,True,True,3,10.0,30.0,"10,20,30"
SGATR_94,SGATR,train,30,771.0,True,True,3,10.0,30.0,"10,20,30"
SGATR_95,SGATR,train,30,757.0,True,True,3,10.0,30.0,"10,20,30"
SGATR_96,SGATR,train,30,743.5,True,True,3,10.0,30.0,"10,20,30"
SGATR_97,SGATR,train,30,731.0,True,True,3,10.0,30.0,"10,20,30"
SGATR_98,SGATR,train,30,718.5,True,True,3,10.0,30.0,"10,20,30"
SGATR_99,SGATR,train,30,706.5,True,True,3,10.0,30.0,"10,20,30"
SGBTR_1,SGBTR,test,30,,False,False,3,10.0,30.0,"10,20,30"
SGBTR_10,SGBTR,train,30,,False,False,3,10.0,30.0,"10,20,30"
SGBTR_100,SGBTR,train,30,694.5,True,True,3,10.0,30.0,"10,20,30"
SGBTR_101,SGBTR,test,30,683.5,True,True,3,10.0,30.0,"10,20,30"
SGBTR_102,SGBTR,validation,30,673.0,True,True,3,10.0,30.0,"10,20,30"
SGBTR_103,SGBTR,train,30,662.5,True,True,3,10.0,30.0,"10,20,30"
SGBTR_104,SGBTR,train,30,652.5,True,True,3,10.0,30.0,"10,20,30"
SGBTR_105,SGBTR,train,30,643.0,True,True,3,10.0,30.0,"10,20,30"
SGBTR_106,SGBTR,train,30,633.5,True,True,3,10.0,30.0,"10,20,30"
SGBTR_107,SGBTR,train,30,624.5,True,True,3,10.0,30.0,"10,20,30"
SGBTR_108,SGBTR,train,30,616.0,True,True,3,10.0,30.0,"10,20,30"
SGBTR_109,SGBTR,train,30,607.0,True,True,3,10.0,30.0,"10,20,30"
SGBTR_11,SGBTR,test,30,,False,False,3,10.0,30.0,"10,20,30"
SGBTR_110,SGBTR,train,30,599.0,True,True,3,10.0,30.0,"10,20,30"
SGBTR_12,SGBTR,validation,30,,False,False,3,10.0,30.0,"10,20,30"
SGBTR_13,SGBTR,train,30,,False,False,3,10.0,30.0,"10,20,30"
SGBTR_14,SGBTR,train,30,,False,False,3,10.0,30.0,"10,20,30"
SGBTR_15,SGBTR,train,30,,False,False,3,10.0,30.0,"10,20,30"
SGBTR_16,SGBTR,train,30,,False,False,3,10.0,30.0,"10,20,30"
SGBTR_17,SGBTR,train,30,,False,False,3,10.0,30.0,"10,20,30"
SGBTR_18,SGBTR,train,30,,False,False,3,10.0,30.0,"10,20,30"
SGBTR_19,SGBTR,train,30,,False,False,3,10.0,30.0,"10,20,30"
SGBTR_2,SGBTR,validation,30,,False,False,3,10.0,30.0,"10,20,30"
SGBTR_20,SGBTR,train,30,,False,False,3,10.0,30.0,"10,20,30"
SGBTR_21,SGBTR,test,30,,False,False,3,10.0,30.0,"10,20,30"
SGBTR_22,SGBTR,validation,30,,False,False,3,10.0,30.0,"10,20,30"
SGBTR_23,SGBTR,train,30,,False,False,3,10.0,30.0,"10,20,30"
SGBTR_24,SGBTR,train,30,,False,False,3,10.0,30.0,"10,20,30"
SGBTR_25,SGBTR,train,30,,False,False,3,10.0,30.0,"10,20,30"
SGBTR_26,SGBTR,train,30,,False,False,3,10.0,30.0,"10,20,30"
SGBTR_27,SGBTR,train,30,,False,False,3,10.0,30.0,"10,20,30"
SGBTR_28,SGBTR,train,30,,False,False,3,10.0,30.0,"10,20,30"
SGBTR_29,SGBTR,train,30,,False,False,3,10.0,30.0,"10,20,30"
SGBTR_3,SGBTR,train,30,,False,False,3,10.0,30.0,"10,20,30"
SGBTR_30,SGBTR,train,30,,False,False,3,10.0,30.0,"10,20,30"
SGBTR_31,SGBTR,test,30,,False,False,3,10.0,30.0,"10,20,30"
SGBTR_32,SGBTR,validation,30,,False,False,3,10.0,30.0,"10,20,30"
SGBTR_33,SGBTR,train,30,,False,False,3,10.0,30.0,"10,20,30"
SGBTR_34,SGBTR,train,30,,False,False,3,10.0,30.0,"10,20,30"
SGBTR_35,SGBTR,train,30,,False,False,3,10.0,30.0,"10,20,30"
SGBTR_36,SGBTR,train,30,,False,False,3,10.0,30.0,"10,20,30"
SGBTR_37,SGBTR,train,30,,False,False,3,10.0,30.0,"10,20,30"
SGBTR_38,SGBTR,train,30,,False,False,3,10.0,30.0,"10,20,30"
SGBTR_39,SGBTR,train,30,,False,False,3,10.0,30.0,"10,20,30"
SGBTR_4,SGBTR,train,30,,False,False,3,10.0,30.0,"10,20,30"
SGBTR_40,SGBTR,train,30,,False,False,3,10.0,30.0,"10,20,30"
SGBTR_41,SGBTR,test,30,,False,False,3,10.0,30.0,"10,20,30"
SGBTR_42,SGBTR,validation,30,,False,False,3,10.0,30.0,"10,20,30"
SGBTR_43,SGBTR,train,30,,False,False,3,10.0,30.0,"10,20,30"
SGBTR_44,SGBTR,train,30,,False,False,3,10.0,30.0,"10,20,30"
SGBTR_45,SGBTR,train,30,,False,False,3,10.0,30.0,"10,20,30"
SGBTR_46,SGBTR,train,30,,False,False,3,10.0,30.0,"10,20,30"
SGBTR_47,SGBTR,train,30,,False,False,3,10.0,30.0,"10,20,30"
SGBTR_48,SGBTR,train,30,,False,False,3,10.0,30.0,"10,20,30"
SGBTR_49,SGBTR,train,30,,False,False,3,10.0,30.0,"10,20,30"
SGBTR_5,SGBTR,train,30,,False,False,3,10.0,30.0,"10,20,30"
SGBTR_50,SGBTR,train,30,,False,False,3,10.0,30.0,"10,20,30"
SGBTR_51,SGBTR,test,30,,False,False,3,10.0,30.0,"10,20,30"
SGBTR_52,SGBTR,validation,30,,False,False,3,10.0,30.0,"10,20,30"
SGBTR_53,SGBTR,train,30,,False,False,3,10.0,30.0,"10,20,30"
SGBTR_54,SGBTR,train,30,,False,False,3,10.0,30.0,"10,20,30"
SGBTR_55,SGBTR,train,30,,False,False,3,10.0,30.0,"10,20,30"
SGBTR_56,SGBTR,train,30,,False,False,3,10.0,30.0,"10,20,30"
SGBTR_57,SGBTR,train,30,2483.0,True,True,3,10.0,30.0,"10,20,30"
SGBTR_58,SGBTR,train,30,2344.0,True,True,3,10.0,30.0,"10,20,30"
SGBTR_59,SGBTR,train,30,2219.0,True,True,3,10.0,30.0,"10,20,30"
SGBTR_6,SGBTR,train,30,,False,False,3,10.0,30.0,"10,20,30"
SGBTR_60,SGBTR,train,30,2107.0,True,True,3,10.0,30.0,"10,20,30"
SGBTR_61,SGBTR,test,30,2007.0,True,True,3,10.0,30.0,"10,20,30"
SGBTR_62,SGBTR,validation,30,1916.0,True,True,3,10.0,30.0,"10,20,30"
SGBTR_63,SGBTR,train,30,1832.5,True,True,3,10.0,30.0,"10,20,30"
SGBTR_64,SGBTR,train,30,1756.0,True,True,3,10.0,30.0,"10,20,30"
SGBTR_65,SGBTR,train,30,1685.0,True,True,3,10.0,30.0,"10,20,30"
SGBTR_66,SGBTR,train,30,1619.5,True,True,3,10.0,30.0,"10,20,30"
SGBTR_67,SGBTR,train,30,1559.0,True,True,3,10.0,30.0,"10,20,30"
SGBTR_68,SGBTR,train,30,1502.0,True,True,3,10.0,30.0,"10,20,30"
SGBTR_69,SGBTR,train,30,1449.0,True,True,3,10.0,30.0,"10,20,30"
SGBTR_7,SGBTR,train,30,,False,False,3,10.0,30.0,"10,20,30"
SGBTR_70,SGBTR,train,30,1399.5,True,True,3,10.0,30.0,"10,20,30"
SGBTR_71,SGBTR,test,30,1353.5,True,True,3,10.0,30.0,"10,20,30"
SGBTR_72,SGBTR,validation,30,1310.5,True,True,3,10.0,30.0,"10,20,30"
SGBTR_73,SGBTR,train,30,1269.5,True,True,3,10.0,30.0,"10,20,30"
SGBTR_74,SGBTR,train,30,1231.5,True,True,3,10.0,30.0,"10,20,30"
SGBTR_75,SGBTR,train,30,1195.0,True,True,3,10.0,30.0,"10,20,30"
SGBTR_76,SGBTR,train,30,1161.0,True,True,3,10.0,30.0,"10,20,30"
SGBTR_77,SGBTR,train,30,1129.5,True,True,3,10.0,30.0,"10,20,30"
SGBTR_78,SGBTR,train,30,1098.5,True,True,3,10.0,30.0,"10,20,30"
SGBTR_79,SGBTR,train,30,1070.0,True,True,3,10.0,30.0,"10,20,30"
SGBTR_8,SGBTR,train,30,,False,False,3,10.0,30.0,"10,20,30"
SGBTR_80,SGBTR,train,30,1042.5,True,True,3,10.0,30.0,"10,20,30"
SGBTR_81,SGBTR,test,30,1017.0,True,True,3,10.0,30.0,"10,20,30"
SGBTR_82,SGBTR,validation,30,992.0,True,True,3,10.0,30.0,"10,20,30"
SGBTR_83,SGBTR,train,30,968.5,True,True,3,10.0,30.0,"10,20,30"
SGBTR_84,SGBTR,train,30,946.5,True,True,3,10.0,30.0,"10,20,30"
SGBTR_85,SGBTR,train,30,925.0,True,True,3,10.0,30.0,"10,20,30"
SGBTR_86,SGBTR,train,30,905.0,True,True,3,10.0,30.0,"10,20,30"
SGBTR_87,SGBTR,train,30,885.5,True,True,3,10.0,30.0,"10,20,30"
SGBTR_88,SGBTR,train,30,866.5,True,True,3,10.0,30.0,"10,20,30"
SGBTR_89,SGBTR,train,30,849.0,True,True,3,10.0,30.0,"10,20,30"
SGBTR_9,SGBTR,train,30,,False,False,3,10.0,30.0,"10,20,30"
SGBTR_90,SGBTR,train,30,832.0,True,True,3,10.0,30.0,"10,20,30"
SGBTR_91,SGBTR,test,30,815.5,True,True,3,10.0,30.0,"10,20,30"
SGBTR_92,SGBTR,validation,30,800.0,True,True,3,10.0,30.0,"10,20,30"
SGBTR_93,SGBTR,train,30,785.0,True,True,3,10.0,30.0,"10,20,30"
SGBTR_94,SGBTR,train,30,770.5,True,True,3,10.0,30.0,"10,20,30"
SGBTR_95,SGBTR,train,30,756.5,True,True,3,10.0,30.0,"10,20,30"
SGBTR_96,SGBTR,train,30,743.5,True,True,3,10.0,30.0,"10,20,30"
SGBTR_97,SGBTR,train,30,730.5,True,True,3,10.0,30.0,"10,20,30"
SGBTR_98,SGBTR,train,30,718.0,True,True,3,10.0,30.0,"10,20,30"
SGBTR_99,SGBTR,train,30,706.0,True,True,3,10.0,30.0,"10,20,30"
SLBIC_1,SLBIC,test,30,,False,False,3,10.0,30.0,"10,20,30"
SLBIC_10,SLBIC,train,30,,False,False,3,10.0,30.0,"10,20,30"
SLBIC_100,SLBIC,train,30,205.0,True,True,3,10.0,30.0,"10,20,30"
SLBIC_101,SLBIC,test,30,204.0,True,True,3,10.0,30.0,"10,20,30"
SLBIC_11,SLBIC,test,30,,False,False,3,10.0,30.0,"10,20,30"
SLBIC_12,SLBIC,validation,30,,False,False,3,10.0,30.0,"10,20,30"
SLBIC_13,SLBIC,train,30,,False,False,3,10.0,30.0,"10,20,30"
SLBIC_14,SLBIC,train,30,5232.0,True,True,3,10.0,30.0,"10,20,30"
SLBIC_15,SLBIC,train,30,4386.0,True,True,3,10.0,30.0,"10,20,30"
SLBIC_16,SLBIC,train,30,3893.0,True,True,3,10.0,30.0,"10,20,30"
SLBIC_17,SLBIC,train,30,3672.0,True,True,3,10.0,30.0,"10,20,30"
SLBIC_18,SLBIC,train,30,3489.5,True,True,3,10.0,30.0,"10,20,30"
SLBIC_19,SLBIC,train,30,3348.5,True,True,3,10.0,30.0,"10,20,30"
SLBIC_2,SLBIC,validation,30,,False,False,3,10.0,30.0,"10,20,30"
SLBIC_20,SLBIC,train,30,3314.0,True,True,3,10.0,30.0,"10,20,30"
SLBIC_21,SLBIC,test,30,3247.5,True,True,3,10.0,30.0,"10,20,30"
SLBIC_22,SLBIC,validation,30,3181.5,True,True,3,10.0,30.0,"10,20,30"
SLBIC_23,SLBIC,train,30,3053.5,True,True,3,10.0,30.0,"10,20,30"
SLBIC_24,SLBIC,train,30,2925.5,True,True,3,10.0,30.0,"10,20,30"
SLBIC_25,SLBIC,train,30,2739.0,True,True,3,10.0,30.0,"10,20,30"
SLBIC_26,SLBIC,train,30,463.5,True,True,3,10.0,30.0,"10,20,30"
SLBIC_27,SLBIC,train,30,450.5,True,True,3,10.0,30.0,"10,20,30"
SLBIC_28,SLBIC,train,30,438.5,True,True,3,10.0,30.0,"10,20,30"
SLBIC_29,SLBIC,train,30,427.0,True,True,3,10.0,30.0,"10,20,30"
SLBIC_3,SLBIC,train,30,,False,False,3,10.0,30.0,"10,20,30"
SLBIC_30,SLBIC,train,30,416.5,True,True,3,10.0,30.0,"10,20,30"
SLBIC_31,SLBIC,test,30,407.0,True,True,3,10.0,30.0,"10,20,30"
SLBIC_32,SLBIC,validation,30,397.5,True,True,3,10.0,30.0,"10,20,30"
SLBIC_33,SLBIC,train,30,389.0,True,True,3,10.0,30.0,"10,20,30"
SLBIC_34,SLBIC,train,30,381.0,True,True,3,10.0,30.0,"10,20,30"
SLBIC_35,SLBIC,train,30,373.5,True,True,3,10.0,30.0,"10,20,30"
SLBIC_36,SLBIC,train,30,366.5,True,True,3,10.0,30.0,"10,20,30"
SLBIC_37,SLBIC,train,30,359.5,True,True,3,10.0,30.0,"10,20,30"
SLBIC_38,SLBIC,train,30,353.0,True,True,3,10.0,30.0,"10,20,30"
SLBIC_39,SLBIC,train,30,347.0,True,True,3,10.0,30.0,"10,20,30"
SLBIC_4,SLBIC,train,30,,False,False,3,10.0,30.0,"10,20,30"
SLBIC_40,SLBIC,train,30,341.0,True,True,3,10.0,30.0,"10,20,30"
SLBIC_41,SLBIC,test,30,335.5,True,True,3,10.0,30.0,"10,20,30"
SLBIC_42,SLBIC,validation,30,330.5,True,True,3,10.0,30.0,"10,20,30"
SLBIC_43,SLBIC,train,30,325.5,True,True,3,10.0,30.0,"10,20,30"
SLBIC_44,SLBIC,train,30,320.5,True,True,3,10.0,30.0,"10,20,30"
SLBIC_45,SLBIC,train,30,316.0,True,True,3,10.0,30.0,"10,20,30"
SLBIC_46,SLBIC,train,30,311.5,True,True,3,10.0,30.0,"10,20,30"
SLBIC_47,SLBIC,train,30,307.5,True,True,3,10.0,30.0,"10,20,30"
SLBIC_48,SLBIC,train,30,303.5,True,True,3,10.0,30.0,"10,20,30"
SLBIC_49,SLBIC,train,30,299.5,True,True,3,10.0,30.0,"10,20,30"
SLBIC_5,SLBIC,train,30,,False,False,3,10.0,30.0,"10,20,30"
SLBIC_50,SLBIC,train,30,296.0,True,True,3,10.0,30.0,"10,20,30"
SLBIC_51,SLBIC,test,30,292.5,True,True,3,10.0,30.0,"10,20,30"
SLBIC_52,SLBIC,validation,30,289.0,True,True,3,10.0,30.0,"10,20,30"
SLBIC_53,SLBIC,train,30,285.5,True,True,3,10.0,30.0,"10,20,30"
SLBIC_54,SLBIC,train,30,282.5,True,True,3,10.0,30.0,"10,20,30"
SLBIC_55,SLBIC,train,30,279.5,True,True,3,10.0,30.0,"10,20,30"
SLBIC_56,SLBIC,train,30,276.5,True,True,3,10.0,30.0,"10,20,30"
SLBIC_57,SLBIC,train,30,273.5,True,True,3,10.0,30.0,"10,20,30"
SLBIC_58,SLBIC,train,30,271.0,True,True,3,10.0,30.0,"10,20,30"
SLBIC_59,SLBIC,train,30,268.0,True,True,3,10.0,30.0,"10,20,30"
SLBIC_6,SLBIC,train,30,,False,False,3,10.0,30.0,"10,20,30"
SLBIC_60,SLBIC,train,30,265.5,True,True,3,10.0,30.0,"10,20,30"
SLBIC_61,SLBIC,test,30,263.0,True,True,3,10.0,30.0,"10,20,30"
SLBIC_62,SLBIC,validation,30,260.5,True,True,3,10.0,30.0,"10,20,30"
SLBIC_63,SLBIC,train,30,258.5,True,True,3,10.0,30.0,"10,20,30"
SLBIC_64,SLBIC,train,30,256.0,True,True,3,10.0,30.0,"10,20,30"
SLBIC_65,SLBIC,train,30,254.0,True,True,3,10.0,30.0,"10,20,30"
SLBIC_66,SLBIC,train,30,252.0,True,True,3,10.0,30.0,"10,20,30"
SLBIC_67,SLBIC,train,30,250.0,True,True,3,10.0,30.0,"10,20,30"
SLBIC_68,SLBIC,train,30,248.0,True,True,3,10.0,30.0,"10,20,30"
SLBIC_69,SLBIC,train,30,246.0,True,True,3,10.0,30.0,"10,20,30"
SLBIC_7,SLBIC,train,30,,False,False,3,10.0,30.0,"10,20,30"
SLBIC_70,SLBIC,train,30,244.0,True,True,3,10.0,30.0,"10,20,30"
SLBIC_71,SLBIC,test,30,242.0,True,True,3,10.0,30.0,"10,20,30"
SLBIC_72,SLBIC,validation,30,240.5,True,True,3,10.0,30.0,"10,20,30"
SLBIC_73,SLBIC,train,30,238.5,True,True,3,10.0,30.0,"10,20,30"
SLBIC_74,SLBIC,train,30,237.0,True,True,3,10.0,30.0,"10,20,30"
SLBIC_75,SLBIC,train,30,235.5,True,True,3,10.0,30.0,"10,20,30"
SLBIC_76,SLBIC,train,30,234.0,True,True,3,10.0,30.0,"10,20,30"
SLBIC_77,SLBIC,train,30,232.5,True,True,3,10.0,30.0,"10,20,30"
SLBIC_78,SLBIC,train,30,231.0,True,True,3,10.0,30.0,"10,20,30"
SLBIC_79,SLBIC,train,30,229.5,True,True,3,10.0,30.0,"10,20,30"
SLBIC_8,SLBIC,train,30,,False,False,3,10.0,30.0,"10,20,30"
SLBIC_80,SLBIC,train,30,228.0,True,True,3,10.0,30.0,"10,20,30"
SLBIC_81,SLBIC,test,30,226.5,True,True,3,10.0,30.0,"10,20,30"
SLBIC_82,SLBIC,validation,30,225.0,True,True,3,10.0,30.0,"10,20,30"
SLBIC_83,SLBIC,train,30,223.5,True,True,3,10.0,30.0,"10,20,30"
SLBIC_84,SLBIC,train,30,222.5,True,True,3,10.0,30.0,"10,20,30"
SLBIC_85,SLBIC,train,30,221.0,True,True,3,10.0,30.0,"10,20,30"
SLBIC_86,SLBIC,train,30,220.0,True,True,3,10.0,30.0,"10,20,30"
SLBIC_87,SLBIC,train,30,218.5,True,True,3,10.0,30.0,"10,20,30"
SLBIC_88,SLBIC,train,30,217.5,True,True,3,10.0,30.0,"10,20,30"
SLBIC_89,SLBIC,train,30,216.5,True,True,3,10.0,30.0,"10,20,30"
SLBIC_9,SLBIC,train,30,,False,False,3,10.0,30.0,"10,20,30"
SLBIC_90,SLBIC,train,30,215.0,True,True,3,10.0,30.0,"10,20,30"
SLBIC_91,SLBIC,test,30,214.0,True,True,3,10.0,30.0,"10,20,30"
SLBIC_92,SLBIC,validation,30,213.0,True,True,3,10.0,30.0,"10,20,30"
SLBIC_93,SLBIC,train,30,212.0,True,True,3,10.0,30.0,"10,20,30"
SLBIC_94,SLBIC,train,30,211.0,True,True,3,10.0,30.0,"10,20,30"
SLBIC_95,SLBIC,train,30,210.0,True,True,3,10.0,30.0,"10,20,30"
SLBIC_96,SLBIC,train,30,209.0,True,True,3,10.0,30.0,"10,20,30"
SLBIC_97,SLBIC,train,30,208.0,True,True,3,10.0,30.0,"10,20,30"
SLBIC_98,SLBIC,train,30,207.0,True,True,3,10.0,30.0,"10,20,30"
SLBIC_99,SLBIC,train,30,206.0,True,True,3,10.0,30.0,"10,20,30"
SLBOC_1,SLBOC,test,30,,False,False,3,10.0,30.0,"10,20,30"
SLBOC_10,SLBOC,train,30,,False,False,3,10.0,30.0,"10,20,30"
SLBOC_100,SLBOC,train,30,,False,False,3,10.0,30.0,"10,20,30"
SLBOC_11,SLBOC,test,30,,False,False,3,10.0,30.0,"10,20,30"
SLBOC_12,SLBOC,validation,30,,False,False,3,10.0,30.0,"10,20,30"
SLBOC_13,SLBOC,train,30,,False,False,3,10.0,30.0,"10,20,30"
SLBOC_14,SLBOC,train,30,,False,False,3,10.0,30.0,"10,20,30"
SLBOC_15,SLBOC,train,30,,False,False,3,10.0,30.0,"10,20,30"
SLBOC_16,SLBOC,train,30,,False,False,3,10.0,30.0,"10,20,30"
SLBOC_17,SLBOC,train,30,,False,False,3,10.0,30.0,"10,20,30"
SLBOC_18,SLBOC,train,30,,False,False,3,10.0,30.0,"10,20,30"
SLBOC_19,SLBOC,train,30,,False,False,3,10.0,30.0,"10,20,30"
SLBOC_2,SLBOC,validation,30,,False,False,3,10.0,30.0,"10,20,30"
SLBOC_20,SLBOC,train,30,,False,False,3,10.0,30.0,"10,20,30"
SLBOC_21,SLBOC,test,30,,False,False,3,10.0,30.0,"10,20,30"
SLBOC_22,SLBOC,validation,30,,False,False,3,10.0,30.0,"10,20,30"
SLBOC_23,SLBOC,train,30,,False,False,3,10.0,30.0,"10,20,30"
SLBOC_24,SLBOC,train,30,,False,False,3,10.0,30.0,"10,20,30"
SLBOC_25,SLBOC,train,30,,False,False,3,10.0,30.0,"10,20,30"
SLBOC_26,SLBOC,train,30,,False,False,3,10.0,30.0,"10,20,30"
SLBOC_27,SLBOC,train,30,,False,False,3,10.0,30.0,"10,20,30"
SLBOC_28,SLBOC,train,30,,False,False,3,10.0,30.0,"10,20,30"
SLBOC_29,SLBOC,train,30,,False,False,3,10.0,30.0,"10,20,30"
SLBOC_3,SLBOC,train,30,,False,False,3,10.0,30.0,"10,20,30"
SLBOC_30,SLBOC,train,30,,False,False,3,10.0,30.0,"10,20,30"
SLBOC_31,SLBOC,test,30,,False,False,3,10.0,30.0,"10,20,30"
SLBOC_32,SLBOC,validation,30,,False,False,3,10.0,30.0,"10,20,30"
SLBOC_33,SLBOC,train,30,,False,False,3,10.0,30.0,"10,20,30"
SLBOC_34,SLBOC,train,30,,False,False,3,10.0,30.0,"10,20,30"
SLBOC_35,SLBOC,train,30,,False,False,3,10.0,30.0,"10,20,30"
SLBOC_36,SLBOC,train,30,,False,False,3,10.0,30.0,"10,20,30"
SLBOC_37,SLBOC,train,30,,False,False,3,10.0,30.0,"10,20,30"
SLBOC_38,SLBOC,train,30,,False,False,3,10.0,30.0,"10,20,30"
SLBOC_39,SLBOC,train,30,,False,False,3,10.0,30.0,"10,20,30"
SLBOC_4,SLBOC,train,30,,False,False,3,10.0,30.0,"10,20,30"
SLBOC_40,SLBOC,train,30,,False,False,3,10.0,30.0,"10,20,30"
SLBOC_41,SLBOC,test,30,,False,False,3,10.0,30.0,"10,20,30"
SLBOC_42,SLBOC,validation,30,,False,False,3,10.0,30.0,"10,20,30"
SLBOC_43,SLBOC,train,30,,False,False,3,10.0,30.0,"10,20,30"
SLBOC_44,SLBOC,train,30,,False,False,3,10.0,30.0,"10,20,30"
SLBOC_45,SLBOC,train,30,,False,False,3,10.0,30.0,"10,20,30"
SLBOC_46,SLBOC,train,30,,False,False,3,10.0,30.0,"10,20,30"
SLBOC_47,SLBOC,train,30,,False,False,3,10.0,30.0,"10,20,30"
SLBOC_48,SLBOC,train,30,,False,False,3,10.0,30.0,"10,20,30"
SLBOC_49,SLBOC,train,30,,False,False,3,10.0,30.0,"10,20,30"
SLBOC_5,SLBOC,train,30,,False,False,3,10.0,30.0,"10,20,30"
SLBOC_50,SLBOC,train,30,,False,False,3,10.0,30.0,"10,20,30"
SLBOC_51,SLBOC,test,30,,False,False,3,10.0,30.0,"10,20,30"
SLBOC_52,SLBOC,validation,30,,False,False,3,10.0,30.0,"10,20,30"
SLBOC_53,SLBOC,train,30,,False,False,3,10.0,30.0,"10,20,30"
SLBOC_54,SLBOC,train,30,,False,False,3,10.0,30.0,"10,20,30"
SLBOC_55,SLBOC,train,30,,False,False,3,10.0,30.0,"10,20,30"
SLBOC_56,SLBOC,train,30,,False,False,3,10.0,30.0,"10,20,30"
SLBOC_57,SLBOC,train,30,,False,False,3,10.0,30.0,"10,20,30"
SLBOC_58,SLBOC,train,30,,False,False,3,10.0,30.0,"10,20,30"
SLBOC_59,SLBOC,train,30,,False,False,3,10.0,30.0,"10,20,30"
SLBOC_6,SLBOC,train,30,,False,False,3,10.0,30.0,"10,20,30"
SLBOC_60,SLBOC,train,30,,False,False,3,10.0,30.0,"10,20,30"
SLBOC_61,SLBOC,test,30,,False,False,3,10.0,30.0,"10,20,30"
SLBOC_62,SLBOC,validation,30,,False,False,3,10.0,30.0,"10,20,30"
SLBOC_63,SLBOC,train,30,,False,False,3,10.0,30.0,"10,20,30"
SLBOC_64,SLBOC,train,30,,False,False,3,10.0,30.0,"10,20,30"
SLBOC_65,SLBOC,train,30,,False,False,3,10.0,30.0,"10,20,30"
SLBOC_66,SLBOC,train,30,,False,False,3,10.0,30.0,"10,20,30"
SLBOC_67,SLBOC,train,30,,False,False,3,10.0,30.0,"10,20,30"
SLBOC_68,SLBOC,train,30,,False,False,3,10.0,30.0,"10,20,30"
SLBOC_69,SLBOC,train,30,,False,False,3,10.0,30.0,"10,20,30"
SLBOC_7,SLBOC,train,30,,False,False,3,10.0,30.0,"10,20,30"
SLBOC_70,SLBOC,train,30,,False,False,3,10.0,30.0,"10,20,30"
SLBOC_71,SLBOC,test,30,,False,False,3,10.0,30.0,"10,20,30"
SLBOC_72,SLBOC,validation,30,,False,False,3,10.0,30.0,"10,20,30"
SLBOC_73,SLBOC,train,30,,False,False,3,10.0,30.0,"10,20,30"
SLBOC_74,SLBOC,train,30,,False,False,3,10.0,30.0,"10,20,30"
SLBOC_75,SLBOC,train,30,,False,False,3,10.0,30.0,"10,20,30"
SLBOC_76,SLBOC,train,30,,False,False,3,10.0,30.0,"10,20,30"
SLBOC_77,SLBOC,train,30,,False,False,3,10.0,30.0,"10,20,30"
SLBOC_78,SLBOC,train,30,,False,False,3,10.0,30.0,"10,20,30"
SLBOC_79,SLBOC,train,30,,False,False,3,10.0,30.0,"10,20,30"
SLBOC_8,SLBOC,train,30,,False,False,3,10.0,30.0,"10,20,30"
SLBOC_80,SLBOC,train,30,,False,False,3,10.0,30.0,"10,20,30"
SLBOC_81,SLBOC,test,30,,False,False,3,10.0,30.0,"10,20,30"
SLBOC_82,SLBOC,validation,30,,False,False,3,10.0,30.0,"10,20,30"
SLBOC_83,SLBOC,train,30,,False,False,3,10.0,30.0,"10,20,30"
SLBOC_84,SLBOC,train,30,,False,False,3,10.0,30.0,"10,20,30"
SLBOC_85,SLBOC,train,30,,False,False,3,10.0,30.0,"10,20,30"
SLBOC_86,SLBOC,train,30,,False,False,3,10.0,30.0,"10,20,30"
SLBOC_87,SLBOC,train,30,,False,False,3,10.0,30.0,"10,20,30"
SLBOC_88,SLBOC,train,30,,False,False,3,10.0,30.0,"10,20,30"
SLBOC_89,SLBOC,train,30,,False,False,3,10.0,30.0,"10,20,30"
SLBOC_9,SLBOC,train,30,,False,False,3,10.0,30.0,"10,20,30"
SLBOC_90,SLBOC,train,30,,False,False,3,10.0,30.0,"10,20,30"
SLBOC_91,SLBOC,test,30,,False,False,3,10.0,30.0,"10,20,30"
SLBOC_92,SLBOC,validation,30,,False,False,3,10.0,30.0,"10,20,30"
SLBOC_93,SLBOC,train,30,,False,False,3,10.0,30.0,"10,20,30"
SLBOC_94,SLBOC,train,30,,False,False,3,10.0,30.0,"10,20,30"
SLBOC_95,SLBOC,train,30,,False,False,3,10.0,30.0,"10,20,30"
SLBOC_96,SLBOC,train,30,,False,False,3,10.0,30.0,"10,20,30"
SLBOC_97,SLBOC,train,30,,False,False,3,10.0,30.0,"10,20,30"
SLBOC_98,SLBOC,train,30,,False,False,3,10.0,30.0,"10,20,30"
SLBOC_99,SLBOC,train,30,,False,False,3,10.0,30.0,"10,20,30"
FLB_1,FLB,test,40,,False,False,4,10.0,40.0,"10,20,30,40"
FLB_10,FLB,train,40,687.0,True,True,4,10.0,40.0,"10,20,30,40"
FLB_100,FLB,train,40,164.0,True,True,4,10.0,40.0,"10,20,30,40"
FLB_11,FLB,test,40,633.5,True,True,4,10.0,40.0,"10,20,30,40"
FLB_12,FLB,validation,40,589.5,True,True,4,10.0,40.0,"10,20,30,40"
FLB_13,FLB,train,40,552.5,True,True,4,10.0,40.0,"10,20,30,40"
FLB_14,FLB,train,40,520.0,True,True,4,10.0,40.0,"10,20,30,40"
FLB_15,FLB,train,40,493.0,True,True,4,10.0,40.0,"10,20,30,40"
FLB_16,FLB,train,40,468.5,True,True,4,10.0,40.0,"10,20,30,40"
FLB_17,FLB,train,40,447.0,True,True,4,10.0,40.0,"10,20,30,40"
FLB_18,FLB,train,40,428.5,True,True,4,10.0,40.0,"10,20,30,40"
FLB_19,FLB,train,40,411.0,True,True,4,10.0,40.0,"10,20,30,40"
FLB_2,FLB,validation,40,2958.5,True,True,4,10.0,40.0,"10,20,30,40"
FLB_20,FLB,train,40,396.0,True,True,4,10.0,40.0,"10,20,30,40"
FLB_21,FLB,test,40,382.0,True,True,4,10.0,40.0,"10,20,30,40"
FLB_22,FLB,validation,40,369.5,True,True,4,10.0,40.0,"10,20,30,40"
FLB_23,FLB,train,40,358.0,True,True,4,10.0,40.0,"10,20,30,40"
FLB_24,FLB,train,40,347.5,True,True,4,10.0,40.0,"10,20,30,40"
FLB_25,FLB,train,40,338.0,True,True,4,10.0,40.0,"10,20,30,40"
FLB_26,FLB,train,40,329.0,True,True,4,10.0,40.0,"10,20,30,40"
FLB_27,FLB,train,40,321.0,True,True,4,10.0,40.0,"10,20,30,40"
FLB_28,FLB,train,40,313.0,True,True,4,10.0,40.0,"10,20,30,40"
FLB_29,FLB,train,40,306.0,True,True,4,10.0,40.0,"10,20,30,40"
FLB_3,FLB,train,40,2033.0,True,True,4,10.0,40.0,"10,20,30,40"
FLB_30,FLB,train,40,299.5,True,True,4,10.0,40.0,"10,20,30,40"
FLB_31,FLB,test,40,293.0,True,True,4,10.0,40.0,"10,20,30,40"
FLB_32,FLB,validation,40,287.0,True,True,4,10.0,40.0,"10,20,30,40"
FLB_33,FLB,train,40,281.5,True,True,4,10.0,40.0,"10,20,30,40"
FLB_34,FLB,train,40,276.5,True,True,4,10.0,40.0,"10,20,30,40"
FLB_35,FLB,train,40,271.5,True,True,4,10.0,40.0,"10,20,30,40"
FLB_36,FLB,train,40,267.0,True,True,4,10.0,40.0,"10,20,30,40"
FLB_37,FLB,train,40,262.5,True,True,4,10.0,40.0,"10,20,30,40"
FLB_38,FLB,train,40,258.5,True,True,4,10.0,40.0,"10,20,30,40"
FLB_39,FLB,train,40,254.5,True,True,4,10.0,40.0,"10,20,30,40"
FLB_4,FLB,train,40,1569.5,True,True,4,10.0,40.0,"10,20,30,40"
FLB_40,FLB,train,40,251.0,True,True,4,10.0,40.0,"10,20,30,40"
FLB_41,FLB,test,40,247.5,True,True,4,10.0,40.0,"10,20,30,40"
FLB_42,FLB,validation,40,244.0,True,True,4,10.0,40.0,"10,20,30,40"
FLB_43,FLB,train,40,241.0,True,True,4,10.0,40.0,"10,20,30,40"
FLB_44,FLB,train,40,238.0,True,True,4,10.0,40.0,"10,20,30,40"
FLB_45,FLB,train,40,235.0,True,True,4,10.0,40.0,"10,20,30,40"
FLB_46,FLB,train,40,232.0,True,True,4,10.0,40.0,"10,20,30,40"
FLB_47,FLB,train,40,229.5,True,True,4,10.0,40.0,"10,20,30,40"
FLB_48,FLB,train,40,227.0,True,True,4,10.0,40.0,"10,20,30,40"
FLB_49,FLB,train,40,224.5,True,True,4,10.0,40.0,"10,20,30,40"
FLB_5,FLB,train,40,1263.5,True,True,4,10.0,40.0,"10,20,30,40"
FLB_50,FLB,train,40,222.0,True,True,4,10.0,40.0,"10,20,30,40"
FLB_51,FLB,test,40,219.5,True,True,4,10.0,40.0,"10,20,30,40"
FLB_52,FLB,validation,40,217.5,True,True,4,10.0,40.0,"10,20,30,40"
FLB_53,FLB,train,40,215.5,True,True,4,10.0,40.0,"10,20,30,40"
FLB_54,FLB,train,40,213.5,True,True,4,10.0,40.0,"10,20,30,40"
FLB_55,FLB,train,40,211.5,True,True,4,10.0,40.0,"10,20,30,40"
FLB_56,FLB,train,40,209.5,True,True,4,10.0,40.0,"10,20,30,40"
FLB_57,FLB,train,40,207.5,True,True,4,10.0,40.0,"10,20,30,40"
FLB_58,FLB,train,40,206.0,True,True,4,10.0,40.0,"10,20,30,40"
FLB_59,FLB,train,40,204.5,True,True,4,10.0,40.0,"10,20,30,40"
FLB_6,FLB,train,40,1073.0,True,True,4,10.0,40.0,"10,20,30,40"
FLB_60,FLB,train,40,202.5,True,True,4,10.0,40.0,"10,20,30,40"
FLB_61,FLB,test,40,201.0,True,True,4,10.0,40.0,"10,20,30,40"
FLB_62,FLB,validation,40,199.5,True,True,4,10.0,40.0,"10,20,30,40"
FLB_63,FLB,train,40,198.0,True,True,4,10.0,40.0,"10,20,30,40"
FLB_64,FLB,train,40,196.5,True,True,4,10.0,40.0,"10,20,30,40"
FLB_65,FLB,train,40,195.0,True,True,4,10.0,40.0,"10,20,30,40"
FLB_66,FLB,train,40,194.0,True,True,4,10.0,40.0,"10,20,30,40"
FLB_67,FLB,train,40,192.5,True,True,4,10.0,40.0,"10,20,30,40"
FLB_68,FLB,train,40,191.0,True,True,4,10.0,40.0,"10,20,30,40"
FLB_69,FLB,train,40,190.0,True,True,4,10.0,40.0,"10,20,30,40"
FLB_7,FLB,train,40,938.5,True,True,4,10.0,40.0,"10,20,30,40"
FLB_70,FLB,train,40,189.0,True,True,4,10.0,40.0,"10,20,30,40"
FLB_71,FLB,test,40,187.5,True,True,4,10.0,40.0,"10,20,30,40"
FLB_72,FLB,validation,40,186.5,True,True,4,10.0,40.0,"10,20,30,40"
FLB_73,FLB,train,40,185.5,True,True,4,10.0,40.0,"10,20,30,40"
FLB_74,FLB,train,40,184.5,True,True,4,10.0,40.0,"10,20,30,40"
FLB_75,FLB,train,40,183.5,True,True,4,10.0,40.0,"10,20,30,40"
FLB_76,FLB,train,40,182.5,True,True,4,10.0,40.0,"10,20,30,40"
FLB_77,FLB,train,40,181.5,True,True,4,10.0,40.0,"10,20,30,40"
FLB_78,FLB,train,40,180.5,True,True,4,10.0,40.0,"10,20,30,40"
FLB_79,FLB,train,40,179.5,True,True,4,10.0,40.0,"10,20,30,40"
FLB_8,FLB,train,40,830.5,True,True,4,10.0,40.0,"10,20,30,40"
FLB_80,FLB,train,40,178.5,True,True,4,10.0,40.0,"10,20,30,40"
FLB_81,FLB,test,40,177.5,True,True,4,10.0,40.0,"10,20,30,40"
FLB_82,FLB,validation,40,176.5,True,True,4,10.0,40.0,"10,20,30,40"
FLB_83,FLB,train,40,176.0,True,True,4,10.0,40.0,"10,20,30,40"
FLB_84,FLB,train,40,175.0,True,True,4,10.0,40.0,"10,20,30,40"
FLB_85,FLB,train,40,174.0,True,True,4,10.0,40.0,"10,20,30,40"
FLB_86,FLB,train,40,173.5,True,True,4,10.0,40.0,"10,20,30,40"
FLB_87,FLB,train,40,172.5,True,True,4,10.0,40.0,"10,20,30,40"
FLB_88,FLB,train,40,172.0,True,True,4,10.0,40.0,"10,20,30,40"
FLB_89,FLB,train,40,171.0,True,True,4,10.0,40.0,"10,20,30,40"
FLB_9,FLB,train,40,751.0,True,True,4,10.0,40.0,"10,20,30,40"
FLB_90,FLB,train,40,170.5,True,True,4,10.0,40.0,"10,20,30,40"
FLB_91,FLB,test,40,169.5,True,True,4,10.0,40.0,"10,20,30,40"
FLB_92,FLB,validation,40,169.0,True,True,4,10.0,40.0,"10,20,30,40"
FLB_93,FLB,train,40,168.5,True,True,4,10.0,40.0,"10,20,30,40"
FLB_94,FLB,train,40,167.5,True,True,4,10.0,40.0,"10,20,30,40"
FLB_95,FLB,train,40,167.0,True,True,4,10.0,40.0,"10,20,30,40"
FLB_96,FLB,train,40,166.5,True,True,4,10.0,40.0,"10,20,30,40"
FLB_97,FLB,train,40,166.0,True,True,4,10.0,40.0,"10,20,30,40"
FLB_98,FLB,train,40,165.0,True,True,4,10.0,40.0,"10,20,30,40"
FLB_99,FLB,train,40,164.5,True,True,4,10.0,40.0,"10,20,30,40"
LLB_1,LLB,test,40,,False,False,4,10.0,40.0,"10,20,30,40"
LLB_10,LLB,train,40,,False,False,4,10.0,40.0,"10,20,30,40"
LLB_100,LLB,train,40,,False,False,4,10.0,40.0,"10,20,30,40"
LLB_101,LLB,test,40,,False,False,4,10.0,40.0,"10,20,30,40"
LLB_11,LLB,test,40,,False,False,4,10.0,40.0,"10,20,30,40"
LLB_12,LLB,validation,40,,False,False,4,10.0,40.0,"10,20,30,40"
LLB_13,LLB,train,40,,False,False,4,10.0,40.0,"10,20,30,40"
LLB_14,LLB,train,40,,False,False,4,10.0,40.0,"10,20,30,40"
LLB_15,LLB,train,40,,False,False,4,10.0,40.0,"10,20,30,40"
LLB_16,LLB,train,40,,False,False,4,10.0,40.0,"10,20,30,40"
LLB_17,LLB,train,40,,False,False,4,10.0,40.0,"10,20,30,40"
LLB_18,LLB,train,40,,False,False,4,10.0,40.0,"10,20,30,40"
LLB_19,LLB,train,40,,False,False,4,10.0,40.0,"10,20,30,40"
LLB_2,LLB,validation,40,,False,False,4,10.0,40.0,"10,20,30,40"
LLB_20,LLB,train,40,,False,False,4,10.0,40.0,"10,20,30,40"
LLB_21,LLB,test,40,,False,False,4,10.0,40.0,"10,20,30,40"
LLB_22,LLB,validation,40,,False,False,4,10.0,40.0,"10,20,30,40"
LLB_23,LLB,train,40,,False,False,4,10.0,40.0,"10,20,30,40"
LLB_24,LLB,train,40,,False,False,4,10.0,40.0,"10,20,30,40"
LLB_25,LLB,train,40,,False,False,4,10.0,40.0,"10,20,30,40"
LLB_26,LLB,train,40,,False,False,4,10.0,40.0,"10,20,30,40"
LLB_27,LLB,train,40,,False,False,4,10.0,40.0,"10,20,30,40"
LLB_28,LLB,train,40,,False,False,4,10.0,40.0,"10,20,30,40"
LLB_29,LLB,train,40,,False,False,4,10.0,40.0,"10,20,30,40"
LLB_3,LLB,train,40,,False,False,4,10.0,40.0,"10,20,30,40"
LLB_30,LLB,train,40,,False,False,4,10.0,40.0,"10,20,30,40"
LLB_31,LLB,test,40,,False,False,4,10.0,40.0,"10,20,30,40"
LLB_32,LLB,validation,40,,False,False,4,10.0,40.0,"10,20,30,40"
LLB_33,LLB,train,40,,False,False,4,10.0,40.0,"10,20,30,40"
LLB_34,LLB,train,40,,False,False,4,10.0,40.0,"10,20,30,40"
LLB_35,LLB,train,40,,False,False,4,10.0,40.0,"10,20,30,40"
LLB_36,LLB,train,40,,False,False,4,10.0,40.0,"10,20,30,40"
LLB_37,LLB,train,40,,False,False,4,10.0,40.0,"10,20,30,40"
LLB_38,LLB,train,40,,False,False,4,10.0,40.0,"10,20,30,40"
LLB_39,LLB,train,40,,False,False,4,10.0,40.0,"10,20,30,40"
LLB_4,LLB,train,40,,False,False,4,10.0,40.0,"10,20,30,40"
LLB_40,LLB,train,40,,False,False,4,10.0,40.0,"10,20,30,40"
LLB_41,LLB,test,40,,False,False,4,10.0,40.0,"10,20,30,40"
LLB_42,LLB,validation,40,,False,False,4,10.0,40.0,"10,20,30,40"
LLB_43,LLB,train,40,,False,False,4,10.0,40.0,"10,20,30,40"
LLB_44,LLB,train,40,,False,False,4,10.0,40.0,"10,20,30,40"
LLB_45,LLB,train,40,,False,False,4,10.0,40.0,"10,20,30,40"
LLB_46,LLB,train,40,,False,False,4,10.0,40.0,"10,20,30,40"
LLB_47,LLB,train,40,,False,False,4,10.0,40.0,"10,20,30,40"
LLB_48,LLB,train,40,,False,False,4,10.0,40.0,"10,20,30,40"
LLB_49,LLB,train,40,,False,False,4,10.0,40.0,"10,20,30,40"
LLB_5,LLB,train,40,,False,False,4,10.0,40.0,"10,20,30,40"
LLB_50,LLB,train,40,,False,False,4,10.0,40.0,"10,20,30,40"
LLB_51,LLB,test,40,,False,False,4,10.0,40.0,"10,20,30,40"
LLB_52,LLB,validation,40,,False,False,4,10.0,40.0,"10,20,30,40"
LLB_53,LLB,train,40,,False,False,4,10.0,40.0,"10,20,30,40"
LLB_54,LLB,train,40,,False,False,4,10.0,40.0,"10,20,30,40"
LLB_55,LLB,train,40,,False,False,4,10.0,40.0,"10,20,30,40"
LLB_56,LLB,train,40,,False,False,4,10.0,40.0,"10,20,30,40"
LLB_57,LLB,train,40,,False,False,4,10.0,40.0,"10,20,30,40"
LLB_58,LLB,train,40,,False,False,4,10.0,40.0,"10,20,30,40"
LLB_59,LLB,train,40,,False,False,4,10.0,40.0,"10,20,30,40"
LLB_6,LLB,train,40,,False,False,4,10.0,40.0,"10,20,30,40"
LLB_60,LLB,train,40,,False,False,4,10.0,40.0,"10,20,30,40"
LLB_61,LLB,test,40,,False,False,4,10.0,40.0,"10,20,30,40"
LLB_62,LLB,validation,40,,False,False,4,10.0,40.0,"10,20,30,40"
LLB_63,LLB,train,40,,False,False,4,10.0,40.0,"10,20,30,40"
LLB_64,LLB,train,40,,False,False,4,10.0,40.0,"10,20,30,40"
LLB_65,LLB,train,40,,False,False,4,10.0,40.0,"10,20,30,40"
LLB_66,LLB,train,40,,False,False,4,10.0,40.0,"10,20,30,40"
LLB_67,LLB,train,40,,False,False,4,10.0,40.0,"10,20,30,40"
LLB_68,LLB,train,40,,False,False,4,10.0,40.0,"10,20,30,40"
LLB_69,LLB,train,40,,False,False,4,10.0,40.0,"10,20,30,40"
LLB_7,LLB,train,40,,False,False,4,10.0,40.0,"10,20,30,40"
LLB_70,LLB,train,40,,False,False,4,10.0,40.0,"10,20,30,40"
LLB_71,LLB,test,40,,False,False,4,10.0,40.0,"10,20,30,40"
LLB_72,LLB,validation,40,,False,False,4,10.0,40.0,"10,20,30,40"
LLB_73,LLB,train,40,,False,False,4,10.0,40.0,"10,20,30,40"
LLB_74,LLB,train,40,,False,False,4,10.0,40.0,"10,20,30,40"
LLB_75,LLB,train,40,,False,False,4,10.0,40.0,"10,20,30,40"
LLB_76,LLB,train,40,,False,False,4,10.0,40.0,"10,20,30,40"
LLB_77,LLB,train,40,,False,False,4,10.0,40.0,"10,20,30,40"
LLB_78,LLB,train,40,,False,False,4,10.0,40.0,"10,20,30,40"
LLB_79,LLB,train,40,,False,False,4,10.0,40.0,"10,20,30,40"
LLB_8,LLB,train,40,,False,False,4,10.0,40.0,"10,20,30,40"
LLB_80,LLB,train,40,,False,False,4,10.0,40.0,"10,20,30,40"
LLB_81,LLB,test,40,,False,False,4,10.0,40.0,"10,20,30,40"
LLB_82,LLB,validation,40,,False,False,4,10.0,40.0,"10,20,30,40"
LLB_83,LLB,train,40,,False,False,4,10.0,40.0,"10,20,30,40"
LLB_84,LLB,train,40,,False,False,4,10.0,40.0,"10,20,30,40"
LLB_85,LLB,train,40,,False,False,4,10.0,40.0,"10,20,30,40"
LLB_86,LLB,train,40,,False,False,4,10.0,40.0,"10,20,30,40"
LLB_87,LLB,train,40,,False,False,4,10.0,40.0,"10,20,30,40"
LLB_88,LLB,train,40,,False,False,4,10.0,40.0,"10,20,30,40"
LLB_89,LLB,train,40,,False,False,4,10.0,40.0,"10,20,30,40"
LLB_9,LLB,train,40,,False,False,4,10.0,40.0,"10,20,30,40"
LLB_90,LLB,train,40,,False,False,4,10.0,40.0,"10,20,30,40"
LLB_91,LLB,test,40,,False,False,4,10.0,40.0,"10,20,30,40"
LLB_92,LLB,validation,40,,False,False,4,10.0,40.0,"10,20,30,40"
LLB_93,LLB,train,40,,False,False,4,10.0,40.0,"10,20,30,40"
LLB_94,LLB,train,40,,False,False,4,10.0,40.0,"10,20,30,40"
LLB_95,LLB,train,40,,False,False,4,10.0,40.0,"10,20,30,40"
LLB_96,LLB,train,40,,False,False,4,10.0,40.0,"10,20,30,40"
LLB_97,LLB,train,40,,False,False,4,10.0,40.0,"10,20,30,40"
LLB_98,LLB,train,40,,False,False,4,10.0,40.0,"10,20,30,40"
LLB_99,LLB,train,40,,False,False,4,10.0,40.0,"10,20,30,40"
LOCAC_1,LOCAC,test,40,2521.5,True,True,4,10.0,40.0,"10,20,30,40"
LOCAC_10,LOCAC,train,40,224.0,True,True,4,10.0,40.0,"10,20,30,40"
LOCAC_100,LOCAC,train,40,118.0,True,True,4,10.0,40.0,"10,20,30,40"
LOCAC_11,LOCAC,test,40,211.5,True,True,4,10.0,40.0,"10,20,30,40"
LOCAC_12,LOCAC,validation,40,201.0,True,True,4,10.0,40.0,"10,20,30,40"
LOCAC_13,LOCAC,train,40,192.5,True,True,4,10.0,40.0,"10,20,30,40"
LOCAC_14,LOCAC,train,40,185.5,True,True,4,10.0,40.0,"10,20,30,40"
LOCAC_15,LOCAC,train,40,179.5,True,True,4,10.0,40.0,"10,20,30,40"
LOCAC_16,LOCAC,train,40,174.5,True,True,4,10.0,40.0,"10,20,30,40"
LOCAC_17,LOCAC,train,40,170.0,True,True,4,10.0,40.0,"10,20,30,40"
LOCAC_18,LOCAC,train,40,166.0,True,True,4,10.0,40.0,"10,20,30,40"
LOCAC_19,LOCAC,train,40,162.5,True,True,4,10.0,40.0,"10,20,30,40"
LOCAC_2,LOCAC,validation,40,1299.0,True,True,4,10.0,40.0,"10,20,30,40"
LOCAC_20,LOCAC,train,40,159.5,True,True,4,10.0,40.0,"10,20,30,40"
LOCAC_21,LOCAC,test,40,157.0,True,True,4,10.0,40.0,"10,20,30,40"
LOCAC_22,LOCAC,validation,40,154.5,True,True,4,10.0,40.0,"10,20,30,40"
LOCAC_23,LOCAC,train,40,152.5,True,True,4,10.0,40.0,"10,20,30,40"
LOCAC_24,LOCAC,train,40,150.5,True,True,4,10.0,40.0,"10,20,30,40"
LOCAC_25,LOCAC,train,40,148.5,True,True,4,10.0,40.0,"10,20,30,40"
LOCAC_26,LOCAC,train,40,463.5,True,True,4,10.0,40.0,"10,20,30,40"
LOCAC_27,LOCAC,train,40,145.5,True,True,4,10.0,40.0,"10,20,30,40"
LOCAC_28,LOCAC,train,40,144.0,True,True,4,10.0,40.0,"10,20,30,40"
LOCAC_29,LOCAC,train,40,142.5,True,True,4,10.0,40.0,"10,20,30,40"
LOCAC_3,LOCAC,train,40,917.0,True,True,4,10.0,40.0,"10,20,30,40"
LOCAC_30,LOCAC,train,40,416.5,True,True,4,10.0,40.0,"10,20,30,40"
LOCAC_31,LOCAC,test,40,140.0,True,True,4,10.0,40.0,"10,20,30,40"
LOCAC_32,LOCAC,validation,40,139.0,True,True,4,10.0,40.0,"10,20,30,40"
LOCAC_33,LOCAC,train,40,138.0,True,True,4,10.0,40.0,"10,20,30,40"
LOCAC_34,LOCAC,train,40,137.0,True,True,4,10.0,40.0,"10,20,30,40"
LOCAC_35,LOCAC,train,40,136.5,True,True,4,10.0,40.0,"10,20,30,40"
LOCAC_36,LOCAC,train,40,135.5,True,True,4,10.0,40.0,"10,20,30,40"
LOCAC_37,LOCAC,train,40,134.5,True,True,4,10.0,40.0,"10,20,30,40"
LOCAC_38,LOCAC,train,40,134.0,True,True,4,10.0,40.0,"10,20,30,40"
LOCAC_39,LOCAC,train,40,133.5,True,True,4,10.0,40.0,"10,20,30,40"
LOCAC_4,LOCAC,train,40,569.5,True,True,4,10.0,40.0,"10,20,30,40"
LOCAC_40,LOCAC,train,40,132.5,True,True,4,10.0,40.0,"10,20,30,40"
LOCAC_41,LOCAC,test,40,132.0,True,True,4,10.0,40.0,"10,20,30,40"
LOCAC_42,LOCAC,validation,40,131.5,True,True,4,10.0,40.0,"10,20,30,40"
LOCAC_43,LOCAC,train,40,131.0,True,True,4,10.0,40.0,"10,20,30,40"
LOCAC_44,LOCAC,train,40,130.5,True,True,4,10.0,40.0,"10,20,30,40"
LOCAC_45,LOCAC,train,40,130.0,True,True,4,10.0,40.0,"10,20,30,40"
LOCAC_46,LOCAC,train,40,129.5,True,True,4,10.0,40.0,"10,20,30,40"
LOCAC_47,LOCAC,train,40,129.0,True,True,4,10.0,40.0,"10,20,30,40"
LOCAC_48,LOCAC,train,40,128.5,True,True,4,10.0,40.0,"10,20,30,40"
LOCAC_49,LOCAC,train,40,128.0,True,True,4,10.0,40.0,"10,20,30,40"
LOCAC_5,LOCAC,train,40,418.0,True,True,4,10.0,40.0,"10,20,30,40"
LOCAC_50,LOCAC,train,40,127.5,True,True,4,10.0,40.0,"10,20,30,40"
LOCAC_51,LOCAC,test,40,127.0,True,True,4,10.0,40.0,"10,20,30,40"
LOCAC_52,LOCAC,validation,40,127.0,True,True,4,10.0,40.0,"10,20,30,40"
LOCAC_53,LOCAC,train,40,126.5,True,True,4,10.0,40.0,"10,20,30,40"
LOCAC_54,LOCAC,train,40,126.0,True,True,4,10.0,40.0,"10,20,30,40"
LOCAC_55,LOCAC,train,40,125.5,True,True,4,10.0,40.0,"10,20,30,40"
LOCAC_56,LOCAC,train,40,125.5,True,True,4,10.0,40.0,"10,20,30,40"
LOCAC_57,LOCAC,train,40,125.0,True,True,4,10.0,40.0,"10,20,30,40"
LOCAC_58,LOCAC,train,40,125.0,True,True,4,10.0,40.0,"10,20,30,40"
LOCAC_59,LOCAC,train,40,124.5,True,True,4,10.0,40.0,"10,20,30,40"
LOCAC_6,LOCAC,train,40,340.5,True,True,4,10.0,40.0,"10,20,30,40"
LOCAC_60,LOCAC,train,40,124.0,True,True,4,10.0,40.0,"10,20,30,40"
LOCAC_61,LOCAC,test,40,124.0,True,True,4,10.0,40.0,"10,20,30,40"
LOCAC_62,LOCAC,validation,40,123.5,True,True,4,10.0,40.0,"10,20,30,40"
LOCAC_63,LOCAC,train,40,123.5,True,True,4,10.0,40.0,"10,20,30,40"
LOCAC_64,LOCAC,train,40,123.0,True,True,4,10.0,40.0,"10,20,30,40"
LOCAC_65,LOCAC,train,40,123.0,True,True,4,10.0,40.0,"10,20,30,40"
LOCAC_66,LOCAC,train,40,122.5,True,True,4,10.0,40.0,"10,20,30,40"
LOCAC_67,LOCAC,train,40,122.5,True,True,4,10.0,40.0,"10,20,30,40"
LOCAC_68,LOCAC,train,40,122.0,True,True,4,10.0,40.0,"10,20,30,40"
LOCAC_69,LOCAC,train,40,122.0,True,True,4,10.0,40.0,"10,20,30,40"
LOCAC_7,LOCAC,train,40,294.0,True,True,4,10.0,40.0,"10,20,30,40"
LOCAC_70,LOCAC,train,40,122.0,True,True,4,10.0,40.0,"10,20,30,40"
LOCAC_71,LOCAC,test,40,121.5,True,True,4,10.0,40.0,"10,20,30,40"
LOCAC_72,LOCAC,validation,40,121.5,True,True,4,10.0,40.0,"10,20,30,40"
LOCAC_73,LOCAC,train,40,121.5,True,True,4,10.0,40.0,"10,20,30,40"
LOCAC_74,LOCAC,train,40,121.0,True,True,4,10.0,40.0,"10,20,30,40"
LOCAC_75,LOCAC,train,40,121.0,True,True,4,10.0,40.0,"10,20,30,40"
LOCAC_76,LOCAC,train,40,121.0,True,True,4,10.0,40.0,"10,20,30,40"
LOCAC_77,LOCAC,train,40,120.5,True,True,4,10.0,40.0,"10,20,30,40"
LOCAC_78,LOCAC,train,40,120.5,True,True,4,10.0,40.0,"10,20,30,40"
LOCAC_79,LOCAC,train,40,120.5,True,True,4,10.0,40.0,"10,20,30,40"
LOCAC_8,LOCAC,train,40,263.0,True,True,4,10.0,40.0,"10,20,30,40"
LOCAC_80,LOCAC,train,40,120.0,True,True,4,10.0,40.0,"10,20,30,40"
LOCAC_81,LOCAC,test,40,120.0,True,True,4,10.0,40.0,"10,20,30,40"
LOCAC_82,LOCAC,validation,40,120.0,True,True,4,10.0,40.0,"10,20,30,40"
LOCAC_83,LOCAC,train,40,119.5,True,True,4,10.0,40.0,"10,20,30,40"
LOCAC_84,LOCAC,train,40,119.5,True,True,4,10.0,40.0,"10,20,30,40"
LOCAC_85,LOCAC,train,40,119.5,True,True,4,10.0,40.0,"10,20,30,40"
LOCAC_86,LOCAC,train,40,119.5,True,True,4,10.0,40.0,"10,20,30,40"
LOCAC_87,LOCAC,train,40,119.0,True,True,4,10.0,40.0,"10,20,30,40"
LOCAC_88,LOCAC,train,40,119.0,True,True,4,10.0,40.0,"10,20,30,40"
LOCAC_89,LOCAC,train,40,119.0,True,True,4,10.0,40.0,"10,20,30,40"
LOCAC_9,LOCAC,train,40,241.0,True,True,4,10.0,40.0,"10,20,30,40"
LOCAC_90,LOCAC,train,40,119.0,True,True,4,10.0,40.0,"10,20,30,40"
LOCAC_91,LOCAC,test,40,118.5,True,True,4,10.0,40.0,"10,20,30,40"
LOCAC_92,LOCAC,validation,40,118.5,True,True,4,10.0,40.0,"10,20,30,40"
LOCAC_93,LOCAC,train,40,118.5,True,True,4,10.0,40.0,"10,20,30,40"
LOCAC_94,LOCAC,train,40,118.5,True,True,4,10.0,40.0,"10,20,30,40"
LOCAC_95,LOCAC,train,40,118.5,True,True,4,10.0,40.0,"10,20,30,40"
LOCAC_96,LOCAC,train,40,118.0,True,True,4,10.0,40.0,"10,20,30,40"
LOCAC_97,LOCAC,train,40,118.0,True,True,4,10.0,40.0,"10,20,30,40"
LOCAC_98,LOCAC,train,40,118.0,True,True,4,10.0,40.0,"10,20,30,40"
LOCAC_99,LOCAC,train,40,118.0,True,True,4,10.0,40.0,"10,20,30,40"
LOCA_1,LOCA,test,40,2031.5,True,True,4,10.0,40.0,"10,20,30,40"
LOCA_10,LOCA,train,40,224.0,True,True,4,10.0,40.0,"10,20,30,40"
LOCA_100,LOCA,train,40,117.5,True,True,4,10.0,40.0,"10,20,30,40"
LOCA_11,LOCA,test,40,211.0,True,True,4,10.0,40.0,"10,20,30,40"
LOCA_12,LOCA,validation,40,200.5,True,True,4,10.0,40.0,"10,20,30,40"
LOCA_13,LOCA,train,40,192.0,True,True,4,10.0,40.0,"10,20,30,40"
LOCA_14,LOCA,train,40,185.0,True,True,4,10.0,40.0,"10,20,30,40"
LOCA_15,LOCA,train,40,179.0,True,True,4,10.0,40.0,"10,20,30,40"
LOCA_16,LOCA,train,40,174.0,True,True,4,10.0,40.0,"10,20,30,40"
LOCA_17,LOCA,train,40,169.5,True,True,4,10.0,40.0,"10,20,30,40"
LOCA_18,LOCA,train,40,166.0,True,True,4,10.0,40.0,"10,20,30,40"
LOCA_19,LOCA,train,40,162.5,True,True,4,10.0,40.0,"10,20,30,40"
LOCA_2,LOCA,validation,40,1094.5,True,True,4,10.0,40.0,"10,20,30,40"
LOCA_20,LOCA,train,40,159.5,True,True,4,10.0,40.0,"10,20,30,40"
LOCA_21,LOCA,test,40,156.5,True,True,4,10.0,40.0,"10,20,30,40"
LOCA_22,LOCA,validation,40,154.5,True,True,4,10.0,40.0,"10,20,30,40"
LOCA_23,LOCA,train,40,152.0,True,True,4,10.0,40.0,"10,20,30,40"
LOCA_24,LOCA,train,40,150.0,True,True,4,10.0,40.0,"10,20,30,40"
LOCA_25,LOCA,train,40,148.0,True,True,4,10.0,40.0,"10,20,30,40"
LOCA_26,LOCA,train,40,146.5,True,True,4,10.0,40.0,"10,20,30,40"
LOCA_27,LOCA,train,40,145.0,True,True,4,10.0,40.0,"10,20,30,40"
LOCA_28,LOCA,train,40,143.5,True,True,4,10.0,40.0,"10,20,30,40"
LOCA_29,LOCA,train,40,142.0,True,True,4,10.0,40.0,"10,20,30,40"
LOCA_3,LOCA,train,40,790.5,True,True,4,10.0,40.0,"10,20,30,40"
LOCA_30,LOCA,train,40,141.0,True,True,4,10.0,40.0,"10,20,30,40"
LOCA_31,LOCA,test,40,140.0,True,True,4,10.0,40.0,"10,20,30,40"
LOCA_32,LOCA,validation,40,139.0,True,True,4,10.0,40.0,"10,20,30,40"
LOCA_33,LOCA,train,40,138.0,True,True,4,10.0,40.0,"10,20,30,40"
LOCA_34,LOCA,train,40,137.0,True,True,4,10.0,40.0,"10,20,30,40"
LOCA_35,LOCA,train,40,136.0,True,True,4,10.0,40.0,"10,20,30,40"
LOCA_36,LOCA,train,40,135.0,True,True,4,10.0,40.0,"10,20,30,40"
LOCA_37,LOCA,train,40,134.5,True,True,4,10.0,40.0,"10,20,30,40"
LOCA_38,LOCA,train,40,133.5,True,True,4,10.0,40.0,"10,20,30,40"
LOCA_39,LOCA,train,40,133.0,True,True,4,10.0,40.0,"10,20,30,40"
LOCA_4,LOCA,train,40,569.0,True,True,4,10.0,40.0,"10,20,30,40"
LOCA_40,LOCA,train,40,132.5,True,True,4,10.0,40.0,"10,20,30,40"
LOCA_41,LOCA,test,40,131.5,True,True,4,10.0,40.0,"10,20,30,40"
LOCA_42,LOCA,validation,40,131.0,True,True,4,10.0,40.0,"10,20,30,40"
LOCA_43,LOCA,train,40,45.0,True,True,4,10.0,40.0,"10,20,30,40"
LOCA_44,LOCA,train,40,130.0,True,True,4,10.0,40.0,"10,20,30,40"
LOCA_45,LOCA,train,40,129.5,True,True,4,10.0,40.0,"10,20,30,40"
LOCA_46,LOCA,train,40,129.0,True,True,4,10.0,40.0,"10,20,30,40"
LOCA_47,LOCA,train,40,128.5,True,True,4,10.0,40.0,"10,20,30,40"
LOCA_48,LOCA,train,40,128.0,True,True,4,10.0,40.0,"10,20,30,40"
LOCA_49,LOCA,train,40,127.5,True,True,4,10.0,40.0,"10,20,30,40"
LOCA_5,LOCA,train,40,417.5,True,True,4,10.0,40.0,"10,20,30,40"
LOCA_50,LOCA,train,40,127.5,True,True,4,10.0,40.0,"10,20,30,40"
LOCA_51,LOCA,test,40,127.0,True,True,4,10.0,40.0,"10,20,30,40"
LOCA_52,LOCA,validation,40,126.5,True,True,4,10.0,40.0,"10,20,30,40"
LOCA_53,LOCA,train,40,126.0,True,True,4,10.0,40.0,"10,20,30,40"
LOCA_54,LOCA,train,40,126.0,True,True,4,10.0,40.0,"10,20,30,40"
LOCA_55,LOCA,train,40,125.5,True,True,4,10.0,40.0,"10,20,30,40"
LOCA_56,LOCA,train,40,125.0,True,True,4,10.0,40.0,"10,20,30,40"
LOCA_57,LOCA,train,40,125.0,True,True,4,10.0,40.0,"10,20,30,40"
LOCA_58,LOCA,train,40,124.5,True,True,4,10.0,40.0,"10,20,30,40"
LOCA_59,LOCA,train,40,124.0,True,True,4,10.0,40.0,"10,20,30,40"
LOCA_6,LOCA,train,40,340.0,True,True,4,10.0,40.0,"10,20,30,40"
LOCA_60,LOCA,train,40,124.0,True,True,4,10.0,40.0,"10,20,30,40"
LOCA_61,LOCA,test,40,123.5,True,True,4,10.0,40.0,"10,20,30,40"
LOCA_62,LOCA,validation,40,123.5,True,True,4,10.0,40.0,"10,20,30,40"
LOCA_63,LOCA,train,40,123.0,True,True,4,10.0,40.0,"10,20,30,40"
LOCA_64,LOCA,train,40,123.0,True,True,4,10.0,40.0,"10,20,30,40"
LOCA_65,LOCA,train,40,122.5,True,True,4,10.0,40.0,"10,20,30,40"
LOCA_66,LOCA,train,40,122.5,True,True,4,10.0,40.0,"10,20,30,40"
LOCA_67,LOCA,train,40,122.0,True,True,4,10.0,40.0,"10,20,30,40"
LOCA_68,LOCA,train,40,122.0,True,True,4,10.0,40.0,"10,20,30,40"
LOCA_69,LOCA,train,40,122.0,True,True,4,10.0,40.0,"10,20,30,40"
LOCA_7,LOCA,train,40,293.5,True,True,4,10.0,40.0,"10,20,30,40"
LOCA_70,LOCA,train,40,121.5,True,True,4,10.0,40.0,"10,20,30,40"
LOCA_71,LOCA,test,40,121.5,True,True,4,10.0,40.0,"10,20,30,40"
LOCA_72,LOCA,validation,40,121.0,True,True,4,10.0,40.0,"10,20,30,40"
LOCA_73,LOCA,train,40,121.0,True,True,4,10.0,40.0,"10,20,30,40"
LOCA_74,LOCA,train,40,121.0,True,True,4,10.0,40.0,"10,20,30,40"
LOCA_75,LOCA,train,40,120.5,True,True,4,10.0,40.0,"10,20,30,40"
LOCA_76,LOCA,train,40,120.5,True,True,4,10.0,40.0,"10,20,30,40"
LOCA_77,LOCA,train,40,120.5,True,True,4,10.0,40.0,"10,20,30,40"
LOCA_78,LOCA,train,40,120.0,True,True,4,10.0,40.0,"10,20,30,40"
LOCA_79,LOCA,train,40,120.0,True,True,4,10.0,40.0,"10,20,30,40"
LOCA_8,LOCA,train,40,262.5,True,True,4,10.0,40.0,"10,20,30,40"
LOCA_80,LOCA,train,40,120.0,True,True,4,10.0,40.0,"10,20,30,40"
LOCA_81,LOCA,test,40,119.5,True,True,4,10.0,40.0,"10,20,30,40"
LOCA_82,LOCA,validation,40,119.5,True,True,4,10.0,40.0,"10,20,30,40"
LOCA_83,LOCA,train,40,119.5,True,True,4,10.0,40.0,"10,20,30,40"
LOCA_84,LOCA,train,40,119.5,True,True,4,10.0,40.0,"10,20,30,40"
LOCA_85,LOCA,train,40,119.0,True,True,4,10.0,40.0,"10,20,30,40"
LOCA_86,LOCA,train,40,119.0,True,True,4,10.0,40.0,"10,20,30,40"
LOCA_87,LOCA,train,40,119.0,True,True,4,10.0,40.0,"10,20,30,40"
LOCA_88,LOCA,train,40,119.0,True,True,4,10.0,40.0,"10,20,30,40"
LOCA_89,LOCA,train,40,118.5,True,True,4,10.0,40.0,"10,20,30,40"
LOCA_9,LOCA,train,40,240.5,True,True,4,10.0,40.0,"10,20,30,40"
LOCA_90,LOCA,train,40,118.5,True,True,4,10.0,40.0,"10,20,30,40"
LOCA_91,LOCA,test,40,118.5,True,True,4,10.0,40.0,"10,20,30,40"
LOCA_92,LOCA,validation,40,118.5,True,True,4,10.0,40.0,"10,20,30,40"
LOCA_93,LOCA,train,40,118.0,True,True,4,10.0,40.0,"10,20,30,40"
LOCA_94,LOCA,train,40,118.0,True,True,4,10.0,40.0,"10,20,30,40"
LOCA_95,LOCA,train,40,118.0,True,True,4,10.0,40.0,"10,20,30,40"
LOCA_96,LOCA,train,40,118.0,True,True,4,10.0,40.0,"10,20,30,40"
LOCA_97,LOCA,train,40,118.0,True,True,4,10.0,40.0,"10,20,30,40"
LOCA_98,LOCA,train,40,117.5,True,True,4,10.0,40.0,"10,20,30,40"
LOCA_99,LOCA,train,40,117.5,True,True,4,10.0,40.0,"10,20,30,40"
LR_1,LR,test,40,,False,False,4,10.0,40.0,"10,20,30,40"
LR_10,LR,train,40,,False,False,4,10.0,40.0,"10,20,30,40"
LR_11,LR,test,40,,False,False,4,10.0,40.0,"10,20,30,40"
LR_12,LR,validation,40,,False,False,4,10.0,40.0,"10,20,30,40"
LR_13,LR,train,40,,False,False,4,10.0,40.0,"10,20,30,40"
LR_14,LR,train,40,,False,False,4,10.0,40.0,"10,20,30,40"
LR_15,LR,train,40,,False,False,4,10.0,40.0,"10,20,30,40"
LR_16,LR,train,40,,False,False,4,10.0,40.0,"10,20,30,40"
LR_17,LR,train,40,,False,False,4,10.0,40.0,"10,20,30,40"
LR_18,LR,train,40,,False,False,4,10.0,40.0,"10,20,30,40"
LR_19,LR,train,40,,False,False,4,10.0,40.0,"10,20,30,40"
LR_2,LR,validation,40,,False,False,4,10.0,40.0,"10,20,30,40"
LR_20,LR,train,40,,False,False,4,10.0,40.0,"10,20,30,40"
LR_21,LR,test,40,,False,False,4,10.0,40.0,"10,20,30,40"
LR_22,LR,validation,40,,False,False,4,10.0,40.0,"10,20,30,40"
LR_23,LR,train,40,,False,False,4,10.0,40.0,"10,20,30,40"
LR_24,LR,train,40,,False,False,4,10.0,40.0,"10,20,30,40"
LR_25,LR,train,40,,False,False,4,10.0,40.0,"10,20,30,40"
LR_26,LR,train,40,,False,False,4,10.0,40.0,"10,20,30,40"
LR_27,LR,train,40,,False,False,4,10.0,40.0,"10,20,30,40"
LR_28,LR,train,40,,False,False,4,10.0,40.0,"10,20,30,40"
LR_29,LR,train,40,,False,False,4,10.0,40.0,"10,20,30,40"
LR_3,LR,train,40,,False,False,4,10.0,40.0,"10,20,30,40"
LR_30,LR,train,40,,False,False,4,10.0,40.0,"10,20,30,40"
LR_31,LR,test,40,,False,False,4,10.0,40.0,"10,20,30,40"
LR_32,LR,validation,40,,False,False,4,10.0,40.0,"10,20,30,40"
LR_33,LR,train,40,,False,False,4,10.0,40.0,"10,20,30,40"
LR_34,LR,train,40,,False,False,4,10.0,40.0,"10,20,30,40"
LR_35,LR,train,40,,False,False,4,10.0,40.0,"10,20,30,40"
LR_36,LR,train,40,,False,False,4,10.0,40.0,"10,20,30,40"
LR_37,LR,train,40,,False,False,4,10.0,40.0,"10,20,30,40"
LR_38,LR,train,40,,False,False,4,10.0,40.0,"10,20,30,40"
LR_39,LR,train,40,,False,False,4,10.0,40.0,"10,20,30,40"
LR_4,LR,train,40,,False,False,4,10.0,40.0,"10,20,30,40"
LR_40,LR,train,40,,False,False,4,10.0,40.0,"10,20,30,40"
LR_41,LR,test,40,,False,False,4,10.0,40.0,"10,20,30,40"
LR_42,LR,validation,40,,False,False,4,10.0,40.0,"10,20,30,40"
LR_43,LR,train,40,,False,False,4,10.0,40.0,"10,20,30,40"
LR_44,LR,train,40,,False,False,4,10.0,40.0,"10,20,30,40"
LR_45,LR,train,40,,False,False,4,10.0,40.0,"10,20,30,40"
LR_46,LR,train,40,,False,False,4,10.0,40.0,"10,20,30,40"
LR_47,LR,train,40,,False,False,4,10.0,40.0,"10,20,30,40"
LR_48,LR,train,40,,False,False,4,10.0,40.0,"10,20,30,40"
LR_49,LR,train,40,,False,False,4,10.0,40.0,"10,20,30,40"
LR_5,LR,train,40,,False,False,4,10.0,40.0,"10,20,30,40"
LR_50,LR,train,40,,False,False,4,10.0,40.0,"10,20,30,40"
LR_51,LR,test,40,,False,False,4,10.0,40.0,"10,20,30,40"
LR_52,LR,validation,40,,False,False,4,10.0,40.0,"10,20,30,40"
LR_53,LR,train,40,,False,False,4,10.0,40.0,"10,20,30,40"
LR_54,LR,train,40,,False,False,4,10.0,40.0,"10,20,30,40"
LR_55,LR,train,40,,False,False,4,10.0,40.0,"10,20,30,40"
LR_56,LR,train,40,,False,False,4,10.0,40.0,"10,20,30,40"
LR_57,LR,train,40,,False,False,4,10.0,40.0,"10,20,30,40"
LR_58,LR,train,40,,False,False,4,10.0,40.0,"10,20,30,40"
LR_59,LR,train,40,,False,False,4,10.0,40.0,"10,20,30,40"
LR_6,LR,train,40,,False,False,4,10.0,40.0,"10,20,30,40"
LR_60,LR,train,40,,False,False,4,10.0,40.0,"10,20,30,40"
LR_61,LR,test,40,,False,False,4,10.0,40.0,"10,20,30,40"
LR_62,LR,validation,40,,False,False,4,10.0,40.0,"10,20,30,40"
LR_63,LR,train,40,,False,False,4,10.0,40.0,"10,20,30,40"
LR_64,LR,train,40,,False,False,4,10.0,40.0,"10,20,30,40"
LR_65,LR,train,40,,False,False,4,10.0,40.0,"10,20,30,40"
LR_66,LR,train,40,,False,False,4,10.0,40.0,"10,20,30,40"
LR_67,LR,train,40,,False,False,4,10.0,40.0,"10,20,30,40"
LR_68,LR,train,40,,False,False,4,10.0,40.0,"10,20,30,40"
LR_69,LR,train,40,,False,False,4,10.0,40.0,"10,20,30,40"
LR_7,LR,train,40,,False,False,4,10.0,40.0,"10,20,30,40"
LR_70,LR,train,40,,False,False,4,10.0,40.0,"10,20,30,40"
LR_71,LR,test,40,,False,False,4,10.0,40.0,"10,20,30,40"
LR_72,LR,validation,40,,False,False,4,10.0,40.0,"10,20,30,40"
LR_73,LR,train,40,,False,False,4,10.0,40.0,"10,20,30,40"
LR_74,LR,train,40,,False,False,4,10.0,40.0,"10,20,30,40"
LR_75,LR,train,40,,False,False,4,10.0,40.0,"10,20,30,40"
LR_76,LR,train,40,,False,False,4,10.0,40.0,"10,20,30,40"
LR_77,LR,train,40,,False,False,4,10.0,40.0,"10,20,30,40"
LR_78,LR,train,40,,False,False,4,10.0,40.0,"10,20,30,40"
LR_79,LR,train,40,,False,False,4,10.0,40.0,"10,20,30,40"
LR_8,LR,train,40,,False,False,4,10.0,40.0,"10,20,30,40"
LR_80,LR,train,40,,False,False,4,10.0,40.0,"10,20,30,40"
LR_81,LR,test,40,,False,False,4,10.0,40.0,"10,20,30,40"
LR_82,LR,validation,40,,False,False,4,10.0,40.0,"10,20,30,40"
LR_83,LR,train,40,,False,False,4,10.0,40.0,"10,20,30,40"
LR_84,LR,train,40,,False,False,4,10.0,40.0,"10,20,30,40"
LR_85,LR,train,40,,False,False,4,10.0,40.0,"10,20,30,40"
LR_86,LR,train,40,,False,False,4,10.0,40.0,"10,20,30,40"
LR_87,LR,train,40,,False,False,4,10.0,40.0,"10,20,30,40"
LR_88,LR,train,40,,False,False,4,10.0,40.0,"10,20,30,40"
LR_89,LR,train,40,,False,False,4,10.0,40.0,"10,20,30,40"
LR_9,LR,train,40,,False,False,4,10.0,40.0,"10,20,30,40"
LR_90,LR,train,40,,False,False,4,10.0,40.0,"10,20,30,40"
LR_91,LR,test,40,,False,False,4,10.0,40.0,"10,20,30,40"
LR_92,LR,validation,40,,False,False,4,10.0,40.0,"10,20,30,40"
LR_93,LR,train,40,,False,False,4,10.0,40.0,"10,20,30,40"
LR_94,LR,train,40,,False,False,4,10.0,40.0,"10,20,30,40"
LR_95,LR,train,40,,False,False,4,10.0,40.0,"10,20,30,40"
LR_96,LR,train,40,,False,False,4,10.0,40.0,"10,20,30,40"
LR_97,LR,train,40,,False,False,4,10.0,40.0,"10,20,30,40"
LR_98,LR,train,40,,False,False,4,10.0,40.0,"10,20,30,40"
LR_99,LR,train,40,,False,False,4,10.0,40.0,"10,20,30,40"
MD_1,MD,test,40,,False,False,4,10.0,40.0,"10,20,30,40"
MD_10,MD,train,40,,False,False,4,10.0,40.0,"10,20,30,40"
MD_100,MD,train,40,,False,False,4,10.0,40.0,"10,20,30,40"
MD_11,MD,test,40,,False,False,4,10.0,40.0,"10,20,30,40"
MD_12,MD,validation,40,,False,False,4,10.0,40.0,"10,20,30,40"
MD_13,MD,train,40,,False,False,4,10.0,40.0,"10,20,30,40"
MD_14,MD,train,40,,False,False,4,10.0,40.0,"10,20,30,40"
MD_15,MD,train,40,,False,False,4,10.0,40.0,"10,20,30,40"
MD_16,MD,train,40,,False,False,4,10.0,40.0,"10,20,30,40"
MD_17,MD,train,40,,False,False,4,10.0,40.0,"10,20,30,40"
MD_18,MD,train,40,,False,False,4,10.0,40.0,"10,20,30,40"
MD_19,MD,train,40,,False,False,4,10.0,40.0,"10,20,30,40"
MD_2,MD,validation,40,,False,False,4,10.0,40.0,"10,20,30,40"
MD_20,MD,train,40,,False,False,4,10.0,40.0,"10,20,30,40"
MD_21,MD,test,40,,False,False,4,10.0,40.0,"10,20,30,40"
MD_22,MD,validation,40,,False,False,4,10.0,40.0,"10,20,30,40"
MD_23,MD,train,40,,False,False,4,10.0,40.0,"10,20,30,40"
MD_24,MD,train,40,,False,False,4,10.0,40.0,"10,20,30,40"
MD_25,MD,train,40,,False,False,4,10.0,40.0,"10,20,30,40"
MD_26,MD,train,40,,False,False,4,10.0,40.0,"10,20,30,40"
MD_27,MD,train,40,,False,False,4,10.0,40.0,"10,20,30,40"
MD_28,MD,train,40,,False,False,4,10.0,40.0,"10,20,30,40"
MD_29,MD,train,40,,False,False,4,10.0,40.0,"10,20,30,40"
MD_3,MD,train,40,,False,False,4,10.0,40.0,"10,20,30,40"
MD_30,MD,train,40,,False,False,4,10.0,40.0,"10,20,30,40"
MD_31,MD,test,40,,False,False,4,10.0,40.0,"10,20,30,40"
MD_32,MD,validation,40,,False,False,4,10.0,40.0,"10,20,30,40"
MD_33,MD,train,40,,False,False,4,10.0,40.0,"10,20,30,40"
MD_34,MD,train,40,,False,False,4,10.0,40.0,"10,20,30,40"
MD_35,MD,train,40,,False,False,4,10.0,40.0,"10,20,30,40"
MD_36,MD,train,40,,False,False,4,10.0,40.0,"10,20,30,40"
MD_37,MD,train,40,,False,False,4,10.0,40.0,"10,20,30,40"
MD_38,MD,train,40,,False,False,4,10.0,40.0,"10,20,30,40"
MD_39,MD,train,40,,False,False,4,10.0,40.0,"10,20,30,40"
MD_4,MD,train,40,,False,False,4,10.0,40.0,"10,20,30,40"
MD_40,MD,train,40,,False,False,4,10.0,40.0,"10,20,30,40"
MD_41,MD,test,40,,False,False,4,10.0,40.0,"10,20,30,40"
MD_42,MD,validation,40,,False,False,4,10.0,40.0,"10,20,30,40"
MD_43,MD,train,40,,False,False,4,10.0,40.0,"10,20,30,40"
MD_44,MD,train,40,,False,False,4,10.0,40.0,"10,20,30,40"
MD_45,MD,train,40,,False,False,4,10.0,40.0,"10,20,30,40"
MD_46,MD,train,40,,False,False,4,10.0,40.0,"10,20,30,40"
MD_47,MD,train,40,,False,False,4,10.0,40.0,"10,20,30,40"
MD_48,MD,train,40,,False,False,4,10.0,40.0,"10,20,30,40"
MD_49,MD,train,40,,False,False,4,10.0,40.0,"10,20,30,40"
MD_5,MD,train,40,,False,False,4,10.0,40.0,"10,20,30,40"
MD_50,MD,train,40,,False,False,4,10.0,40.0,"10,20,30,40"
MD_51,MD,test,40,,False,False,4,10.0,40.0,"10,20,30,40"
MD_52,MD,validation,40,,False,False,4,10.0,40.0,"10,20,30,40"
MD_53,MD,train,40,,False,False,4,10.0,40.0,"10,20,30,40"
MD_54,MD,train,40,,False,False,4,10.0,40.0,"10,20,30,40"
MD_55,MD,train,40,,False,False,4,10.0,40.0,"10,20,30,40"
MD_56,MD,train,40,,False,False,4,10.0,40.0,"10,20,30,40"
MD_57,MD,train,40,,False,False,4,10.0,40.0,"10,20,30,40"
MD_58,MD,train,40,,False,False,4,10.0,40.0,"10,20,30,40"
MD_59,MD,train,40,,False,False,4,10.0,40.0,"10,20,30,40"
MD_6,MD,train,40,,False,False,4,10.0,40.0,"10,20,30,40"
MD_60,MD,train,40,,False,False,4,10.0,40.0,"10,20,30,40"
MD_61,MD,test,40,,False,False,4,10.0,40.0,"10,20,30,40"
MD_62,MD,validation,40,,False,False,4,10.0,40.0,"10,20,30,40"
MD_63,MD,train,40,,False,False,4,10.0,40.0,"10,20,30,40"
MD_64,MD,train,40,,False,False,4,10.0,40.0,"10,20,30,40"
MD_65,MD,train,40,,False,False,4,10.0,40.0,"10,20,30,40"
MD_66,MD,train,40,,False,False,4,10.0,40.0,"10,20,30,40"
MD_67,MD,train,40,,False,False,4,10.0,40.0,"10,20,30,40"
MD_68,MD,train,40,,False,False,4,10.0,40.0,"10,20,30,40"
MD_69,MD,train,40,,False,False,4,10.0,40.0,"10,20,30,40"
MD_7,MD,train,40,,False,False,4,10.0,40.0,"10,20,30,40"
MD_70,MD,train,40,,False,False,4,10.0,40.0,"10,20,30,40"
MD_71,MD,test,40,,False,False,4,10.0,40.0,"10,20,30,40"
MD_72,MD,validation,40,,False,False,4,10.0,40.0,"10,20,30,40"
MD_73,MD,train,40,,False,False,4,10.0,40.0,"10,20,30,40"
MD_74,MD,train,40,,False,False,4,10.0,40.0,"10,20,30,40"
MD_75,MD,train,40,,False,False,4,10.0,40.0,"10,20,30,40"
MD_76,MD,train,40,,False,False,4,10.0,40.0,"10,20,30,40"
MD_77,MD,train,40,,False,False,4,10.0,40.0,"10,20,30,40"
MD_78,MD,train,40,,False,False,4,10.0,40.0,"10,20,30,40"
MD_79,MD,train,40,,False,False,4,10.0,40.0,"10,20,30,40"
MD_8,MD,train,40,,False,False,4,10.0,40.0,"10,20,30,40"
MD_80,MD,train,40,,False,False,4,10.0,40.0,"10,20,30,40"
MD_81,MD,test,40,,False,False,4,10.0,40.0,"10,20,30,40"
MD_82,MD,validation,40,,False,False,4,10.0,40.0,"10,20,30,40"
MD_83,MD,train,40,,False,False,4,10.0,40.0,"10,20,30,40"
MD_84,MD,train,40,,False,False,4,10.0,40.0,"10,20,30,40"
MD_85,MD,train,40,,False,False,4,10.0,40.0,"10,20,30,40"
MD_86,MD,train,40,,False,False,4,10.0,40.0,"10,20,30,40"
MD_87,MD,train,40,,False,False,4,10.0,40.0,"10,20,30,40"
MD_88,MD,train,40,,False,False,4,10.0,40.0,"10,20,30,40"
MD_89,MD,train,40,,False,False,4,10.0,40.0,"10,20,30,40"
MD_9,MD,train,40,,False,False,4,10.0,40.0,"10,20,30,40"
MD_90,MD,train,40,,False,False,4,10.0,40.0,"10,20,30,40"
MD_91,MD,test,40,,False,False,4,10.0,40.0,"10,20,30,40"
MD_92,MD,validation,40,,False,False,4,10.0,40.0,"10,20,30,40"
MD_93,MD,train,40,,False,False,4,10.0,40.0,"10,20,30,40"
MD_94,MD,train,40,,False,False,4,10.0,40.0,"10,20,30,40"
MD_95,MD,train,40,,False,False,4,10.0,40.0,"10,20,30,40"
MD_96,MD,train,40,,False,False,4,10.0,40.0,"10,20,30,40"
MD_97,MD,train,40,,False,False,4,10.0,40.0,"10,20,30,40"
MD_98,MD,train,40,,False,False,4,10.0,40.0,"10,20,30,40"
MD_99,MD,train,40,,False,False,4,10.0,40.0,"10,20,30,40"
RI_-1,RI,train,40,528.0,True,True,4,10.0,40.0,"10,20,30,40"
RI_-10,RI,test,40,609.5,True,True,4,10.0,40.0,"10,20,30,40"
RI_-100,RI,test,40,,False,False,4,10.0,40.0,"10,20,30,40"
RI_-11,RI,train,40,677.0,True,True,4,10.0,40.0,"10,20,30,40"
RI_-12,RI,train,40,686.5,True,True,4,10.0,40.0,"10,20,30,40"
RI_-13,RI,train,40,768.5,True,True,4,10.0,40.0,"10,20,30,40"
RI_-14,RI,train,40,883.5,True,True,4,10.0,40.0,"10,20,30,40"
RI_-15,RI,train,40,916.0,True,True,4,10.0,40.0,"10,20,30,40"
RI_-16,RI,train,40,1047.5,True,True,4,10.0,40.0,"10,20,30,40"
RI_-17,RI,train,40,1229.5,True,True,4,10.0,40.0,"10,20,30,40"
RI_-18,RI,train,40,1239.5,True,True,4,10.0,40.0,"10,20,30,40"
RI_-19,RI,validation,40,1429.0,True,True,4,10.0,40.0,"10,20,30,40"
RI_-2,RI,train,40,592.5,True,True,4,10.0,40.0,"10,20,30,40"
RI_-20,RI,test,40,1679.5,True,True,4,10.0,40.0,"10,20,30,40"
RI_-21,RI,train,40,1720.5,True,True,4,10.0,40.0,"10,20,30,40"
RI_-22,RI,train,40,2253.5,True,True,4,10.0,40.0,"10,20,30,40"
RI_-23,RI,train,40,2811.0,True,True,4,10.0,40.0,"10,20,30,40"
RI_-24,RI,train,40,,False,False,4,10.0,40.0,"10,20,30,40"
RI_-25,RI,train,40,,False,False,4,10.0,40.0,"10,20,30,40"
RI_-26,RI,train,40,,False,False,4,10.0,40.0,"10,20,30,40"
RI_-27,RI,train,40,,False,False,4,10.0,40.0,"10,20,30,40"
RI_-28,RI,train,40,,False,False,4,10.0,40.0,"10,20,30,40"
RI_-29,RI,validation,40,,False,False,4,10.0,40.0,"10,20,30,40"
RI_-3,RI,train,40,637.5,True,True,4,10.0,40.0,"10,20,30,40"
RI_-30,RI,test,40,,False,False,4,10.0,40.0,"10,20,30,40"
RI_-31,RI,train,40,124.0,True,True,4,10.0,40.0,"10,20,30,40"
RI_-32,RI,train,40,123.0,True,True,4,10.0,40.0,"10,20,30,40"
RI_-33,RI,train,40,122.0,True,True,4,10.0,40.0,"10,20,30,40"
RI_-34,RI,train,40,121.0,True,True,4,10.0,40.0,"10,20,30,40"
RI_-35,RI,train,40,120.5,True,True,4,10.0,40.0,"10,20,30,40"
RI_-36,RI,train,40,120.0,True,True,4,10.0,40.0,"10,20,30,40"
RI_-37,RI,train,40,120.0,True,True,4,10.0,40.0,"10,20,30,40"
RI_-38,RI,train,40,119.5,True,True,4,10.0,40.0,"10,20,30,40"
RI_-39,RI,validation,40,119.0,True,True,4,10.0,40.0,"10,20,30,40"
RI_-4,RI,train,40,680.5,True,True,4,10.0,40.0,"10,20,30,40"
RI_-40,RI,test,40,119.0,True,True,4,10.0,40.0,"10,20,30,40"
RI_-41,RI,train,40,118.5,True,True,4,10.0,40.0,"10,20,30,40"
RI_-42,RI,train,40,118.5,True,True,4,10.0,40.0,"10,20,30,40"
RI_-43,RI,train,40,118.5,True,True,4,10.0,40.0,"10,20,30,40"
RI_-44,RI,train,40,118.0,True,True,4,10.0,40.0,"10,20,30,40"
RI_-45,RI,train,40,118.0,True,True,4,10.0,40.0,"10,20,30,40"
RI_-46,RI,train,40,118.0,True,True,4,10.0,40.0,"10,20,30,40"
RI_-47,RI,train,40,118.0,True,True,4,10.0,40.0,"10,20,30,40"
RI_-48,RI,train,40,118.0,True,True,4,10.0,40.0,"10,20,30,40"
RI_-49,RI,validation,40,118.0,True,True,4,10.0,40.0,"10,20,30,40"
RI_-5,RI,train,40,658.0,True,True,4,10.0,40.0,"10,20,30,40"
RI_-50,RI,test,40,118.0,True,True,4,10.0,40.0,"10,20,30,40"
RI_-51,RI,train,40,118.0,True,True,4,10.0,40.0,"10,20,30,40"
RI_-52,RI,train,40,118.0,True,True,4,10.0,40.0,"10,20,30,40"
RI_-53,RI,train,40,117.5,True,True,4,10.0,40.0,"10,20,30,40"
RI_-54,RI,train,40,117.5,True,True,4,10.0,40.0,"10,20,30,40"
RI_-55,RI,train,40,117.5,True,True,4,10.0,40.0,"10,20,30,40"
RI_-56,RI,train,40,117.5,True,True,4,10.0,40.0,"10,20,30,40"
RI_-57,RI,train,40,117.5,True,True,4,10.0,40.0,"10,20,30,40"
RI_-58,RI,train,40,117.5,True,True,4,10.0,40.0,"10,20,30,40"
RI_-59,RI,validation,40,117.5,True,True,4,10.0,40.0,"10,20,30,40"
RI_-6,RI,train,40,893.5,True,True,4,10.0,40.0,"10,20,30,40"
RI_-60,RI,test,40,117.5,True,True,4,10.0,40.0,"10,20,30,40"
RI_-61,RI,train,40,117.5,True,True,4,10.0,40.0,"10,20,30,40"
RI_-62,RI,train,40,117.5,True,True,4,10.0,40.0,"10,20,30,40"
RI_-63,RI,train,40,117.5,True,True,4,10.0,40.0,"10,20,30,40"
RI_-64,RI,train,40,117.5,True,True,4,10.0,40.0,"10,20,30,40"
RI_-65,RI,train,40,117.5,True,True,4,10.0,40.0,"10,20,30,40"
RI_-66,RI,train,40,117.5,True,True,4,10.0,40.0,"10,20,30,40"
RI_-67,RI,train,40,117.5,True,True,4,10.0,40.0,"10,20,30,40"
RI_-68,RI,train,40,117.5,True,True,4,10.0,40.0,"10,20,30,40"
RI_-69,RI,validation,40,117.0,True,True,4,10.0,40.0,"10,20,30,40"
RI_-7,RI,train,40,746.0,True,True,4,10.0,40.0,"10,20,30,40"
RI_-70,RI,test,40,117.0,True,True,4,10.0,40.0,"10,20,30,40"
RI_-71,RI,train,40,117.0,True,True,4,10.0,40.0,"10,20,30,40"
RI_-72,RI,train,40,117.0,True,True,4,10.0,40.0,"10,20,30,40"
RI_-73,RI,train,40,117.0,True,True,4,10.0,40.0,"10,20,30,40"
RI_-74,RI,train,40,117.0,True,True,4,10.0,40.0,"10,20,30,40"
RI_-75,RI,train,40,117.0,True,True,4,10.0,40.0,"10,20,30,40"
RI_-76,RI,train,40,117.0,True,True,4,10.0,40.0,"10,20,30,40"
RI_-77,RI,train,40,117.0,True,True,4,10.0,40.0,"10,20,30,40"
RI_-78,RI,train,40,117.0,True,True,4,10.0,40.0,"10,20,30,40"
RI_-79,RI,validation,40,117.0,True,True,4,10.0,40.0,"10,20,30,40"
RI_-8,RI,train,40,609.0,True,True,4,10.0,40.0,"10,20,30,40"
RI_-80,RI,test,40,117.0,True,True,4,10.0,40.0,"10,20,30,40"
RI_-81,RI,train,40,117.0,True,True,4,10.0,40.0,"10,20,30,40"
RI_-82,RI,train,40,116.0,True,True,4,10.0,40.0,"10,20,30,40"
RI_-83,RI,train,40,,False,False,4,10.0,40.0,"10,20,30,40"
RI_-84,RI,train,40,,False,False,4,10.0,40.0,"10,20,30,40"
RI_-85,RI,train,40,,False,False,4,10.0,40.0,"10,20,30,40"
RI_-86,RI,train,40,,False,False,4,10.0,40.0,"10,20,30,40"
RI_-87,RI,train,40,,False,False,4,10.0,40.0,"10,20,30,40"
RI_-88,RI,train,40,,False,False,4,10.0,40.0,"10,20,30,40"
RI_-89,RI,validation,40,,False,False,4,10.0,40.0,"10,20,30,40"
RI_-9,RI,validation,40,578.0,True,True,4,10.0,40.0,"10,20,30,40"
RI_-90,RI,test,40,,False,False,4,10.0,40.0,"10,20,30,40"
RI_-91,RI,train,40,,False,False,4,10.0,40.0,"10,20,30,40"
RI_-92,RI,train,40,,False,False,4,10.0,40.0,"10,20,30,40"
RI_-93,RI,train,40,,False,False,4,10.0,40.0,"10,20,30,40"
RI_-94,RI,train,40,,False,False,4,10.0,40.0,"10,20,30,40"
RI_-95,RI,train,40,,False,False,4,10.0,40.0,"10,20,30,40"
RI_-96,RI,train,40,,False,False,4,10.0,40.0,"10,20,30,40"
RI_-97,RI,train,40,,False,False,4,10.0,40.0,"10,20,30,40"
RI_-98,RI,train,40,,False,False,4,10.0,40.0,"10,20,30,40"
RI_-99,RI,validation,40,,False,False,4,10.0,40.0,"10,20,30,40"
RW_1,RW,test,40,403.5,True,True,4,10.0,40.0,"10,20,30,40"
RW_10,RW,train,40,103.0,True,True,4,10.0,40.0,"10,20,30,40"
RW_100,RW,train,40,102.0,True,True,4,10.0,40.0,"10,20,30,40"
RW_11,RW,test,40,103.0,True,True,4,10.0,40.0,"10,20,30,40"
RW_12,RW,validation,40,103.0,True,True,4,10.0,40.0,"10,20,30,40"
RW_13,RW,train,40,103.0,True,True,4,10.0,40.0,"10,20,30,40"
RW_14,RW,train,40,103.0,True,True,4,10.0,40.0,"10,20,30,40"
RW_15,RW,train,40,102.5,True,True,4,10.0,40.0,"10,20,30,40"
RW_16,RW,train,40,102.5,True,True,4,10.0,40.0,"10,20,30,40"
RW_17,RW,train,40,102.5,True,True,4,10.0,40.0,"10,20,30,40"
RW_18,RW,train,40,102.5,True,True,4,10.0,40.0,"10,20,30,40"
RW_19,RW,train,40,102.5,True,True,4,10.0,40.0,"10,20,30,40"
RW_2,RW,validation,40,362.5,True,True,4,10.0,40.0,"10,20,30,40"
RW_20,RW,train,40,102.5,True,True,4,10.0,40.0,"10,20,30,40"
RW_21,RW,test,40,102.5,True,True,4,10.0,40.0,"10,20,30,40"
RW_22,RW,validation,40,102.5,True,True,4,10.0,40.0,"10,20,30,40"
RW_23,RW,train,40,102.5,True,True,4,10.0,40.0,"10,20,30,40"
RW_24,RW,train,40,102.5,True,True,4,10.0,40.0,"10,20,30,40"
RW_25,RW,train,40,102.5,True,True,4,10.0,40.0,"10,20,30,40"
RW_26,RW,train,40,102.5,True,True,4,10.0,40.0,"10,20,30,40"
RW_27,RW,train,40,102.5,True,True,4,10.0,40.0,"10,20,30,40"
RW_28,RW,train,40,102.5,True,True,4,10.0,40.0,"10,20,30,40"
RW_29,RW,train,40,102.5,True,True,4,10.0,40.0,"10,20,30,40"
RW_3,RW,train,40,337.5,True,True,4,10.0,40.0,"10,20,30,40"
RW_30,RW,train,40,102.5,True,True,4,10.0,40.0,"10,20,30,40"
RW_31,RW,test,40,102.5,True,True,4,10.0,40.0,"10,20,30,40"
RW_32,RW,validation,40,102.5,True,True,4,10.0,40.0,"10,20,30,40"
RW_33,RW,train,40,102.0,True,True,4,10.0,40.0,"10,20,30,40"
RW_34,RW,train,40,102.0,True,True,4,10.0,40.0,"10,20,30,40"
RW_35,RW,train,40,102.0,True,True,4,10.0,40.0,"10,20,30,40"
RW_36,RW,train,40,102.0,True,True,4,10.0,40.0,"10,20,30,40"
RW_37,RW,train,40,102.0,True,True,4,10.0,40.0,"10,20,30,40"
RW_38,RW,train,40,102.0,True,True,4,10.0,40.0,"10,20,30,40"
RW_39,RW,train,40,102.0,True,True,4,10.0,40.0,"10,20,30,40"
RW_4,RW,train,40,106.0,True,True,4,10.0,40.0,"10,20,30,40"
RW_40,RW,train,40,102.0,True,True,4,10.0,40.0,"10,20,30,40"
RW_41,RW,test,40,102.0,True,True,4,10.0,40.0,"10,20,30,40"
RW_42,RW,validation,40,102.0,True,True,4,10.0,40.0,"10,20,30,40"
RW_43,RW,train,40,102.0,True,True,4,10.0,40.0,"10,20,30,40"
RW_44,RW,train,40,102.0,True,True,4,10.0,40.0,"10,20,30,40"
RW_45,RW,train,40,102.0,True,True,4,10.0,40.0,"10,20,30,40"
RW_46,RW,train,40,102.0,True,True,4,10.0,40.0,"10,20,30,40"
RW_47,RW,train,40,102.0,True,True,4,10.0,40.0,"10,20,30,40"
RW_48,RW,train,40,102.0,True,True,4,10.0,40.0,"10,20,30,40"
RW_49,RW,train,40,102.0,True,True,4,10.0,40.0,"10,20,30,40"
RW_5,RW,train,40,105.0,True,True,4,10.0,40.0,"10,20,30,40"
RW_50,RW,train,40,102.0,True,True,4,10.0,40.0,"10,20,30,40"
RW_51,RW,test,40,102.0,True,True,4,10.0,40.0,"10,20,30,40"
RW_52,RW,validation,40,102.0,True,True,4,10.0,40.0,"10,20,30,40"
RW_53,RW,train,40,102.0,True,True,4,10.0,40.0,"10,20,30,40"
RW_54,RW,train,40,102.0,True,True,4,10.0,40.0,"10,20,30,40"
RW_55,RW,train,40,102.0,True,True,4,10.0,40.0,"10,20,30,40"
RW_56,RW,train,40,102.0,True,True,4,10.0,40.0,"10,20,30,40"
RW_57,RW,train,40,102.0,True,True,4,10.0,40.0,"10,20,30,40"
RW_58,RW,train,40,102.0,True,True,4,10.0,40.0,"10,20,30,40"
RW_59,RW,train,40,102.0,True,True,4,10.0,40.0,"10,20,30,40"
RW_6,RW,train,40,104.0,True,True,4,10.0,40.0,"10,20,30,40"
RW_60,RW,train,40,102.0,True,True,4,10.0,40.0,"10,20,30,40"
RW_61,RW,test,40,102.0,True,True,4,10.0,40.0,"10,20,30,40"
RW_62,RW,validation,40,102.0,True,True,4,10.0,40.0,"10,20,30,40"
RW_63,RW,train,40,102.0,True,True,4,10.0,40.0,"10,20,30,40"
RW_64,RW,train,40,102.0,True,True,4,10.0,40.0,"10,20,30,40"
RW_65,RW,train,40,102.0,True,True,4,10.0,40.0,"10,20,30,40"
RW_66,RW,train,40,102.0,True,True,4,10.0,40.0,"10,20,30,40"
RW_67,RW,train,40,102.0,True,True,4,10.0,40.0,"10,20,30,40"
RW_68,RW,train,40,102.0,True,True,4,10.0,40.0,"10,20,30,40"
RW_69,RW,train,40,102.0,True,True,4,10.0,40.0,"10,20,30,40"
RW_7,RW,train,40,104.0,True,True,4,10.0,40.0,"10,20,30,40"
RW_70,RW,train,40,102.0,True,True,4,10.0,40.0,"10,20,30,40"
RW_71,RW,test,40,102.0,True,True,4,10.0,40.0,"10,20,30,40"
RW_72,RW,validation,40,102.0,True,True,4,10.0,40.0,"10,20,30,40"
RW_73,RW,train,40,102.0,True,True,4,10.0,40.0,"10,20,30,40"
RW_74,RW,train,40,102.0,True,True,4,10.0,40.0,"10,20,30,40"
RW_75,RW,train,40,102.0,True,True,4,10.0,40.0,"10,20,30,40"
RW_76,RW,train,40,102.0,True,True,4,10.0,40.0,"10,20,30,40"
RW_77,RW,train,40,102.0,True,True,4,10.0,40.0,"10,20,30,40"
RW_78,RW,train,40,102.0,True,True,4,10.0,40.0,"10,20,30,40"
RW_79,RW,train,40,102.0,True,True,4,10.0,40.0,"10,20,30,40"
RW_8,RW,train,40,103.5,True,True,4,10.0,40.0,"10,20,30,40"
RW_80,RW,train,40,102.0,True,True,4,10.0,40.0,"10,20,30,40"
RW_81,RW,test,40,102.0,True,True,4,10.0,40.0,"10,20,30,40"
RW_82,RW,validation,40,102.0,True,True,4,10.0,40.0,"10,20,30,40"
RW_83,RW,train,40,102.0,True,True,4,10.0,40.0,"10,20,30,40"
RW_84,RW,train,40,102.0,True,True,4,10.0,40.0,"10,20,30,40"
RW_85,RW,train,40,102.0,True,True,4,10.0,40.0,"10,20,30,40"
RW_86,RW,train,40,102.0,True,True,4,10.0,40.0,"10,20,30,40"
RW_87,RW,train,40,102.0,True,True,4,10.0,40.0,"10,20,30,40"
RW_88,RW,train,40,102.0,True,True,4,10.0,40.0,"10,20,30,40"
RW_89,RW,train,40,102.0,True,True,4,10.0,40.0,"10,20,30,40"
RW_9,RW,train,40,103.5,True,True,4,10.0,40.0,"10,20,30,40"
RW_90,RW,train,40,102.0,True,True,4,10.0,40.0,"10,20,30,40"
RW_91,RW,test,40,102.0,True,True,4,10.0,40.0,"10,20,30,40"
RW_92,RW,validation,40,102.0,True,True,4,10.0,40.0,"10,20,30,40"
RW_93,RW,train,40,102.0,True,True,4,10.0,40.0,"10,20,30,40"
RW_94,RW,train,40,102.0,True,True,4,10.0,40.0,"10,20,30,40"
RW_95,RW,train,40,102.0,True,True,4,10.0,40.0,"10,20,30,40"
RW_96,RW,train,40,102.0,True,True,4,10.0,40.0,"10,20,30,40"
RW_97,RW,train,40,102.0,True,True,4,10.0,40.0,"10,20,30,40"
RW_98,RW,train,40,102.0,True,True,4,10.0,40.0,"10,20,30,40"
RW_99,RW,train,40,102.0,True,True,4,10.0,40.0,"10,20,30,40"
SGATR_1,SGATR,test,40,,False,False,4,10.0,40.0,"10,20,30,40"
SGATR_10,SGATR,train,40,,False,False,4,10.0,40.0,"10,20,30,40"
SGATR_100,SGATR,train,40,695.0,True,True,4,10.0,40.0,"10,20,30,40"
SGATR_11,SGATR,test,40,,False,False,4,10.0,40.0,"10,20,30,40"
SGATR_12,SGATR,validation,40,,False,False,4,10.0,40.0,"10,20,30,40"
SGATR_13,SGATR,train,40,,False,False,4,10.0,40.0,"10,20,30,40"
SGATR_14,SGATR,train,40,,False,False,4,10.0,40.0,"10,20,30,40"
SGATR_15,SGATR,train,40,,False,False,4,10.0,40.0,"10,20,30,40"
SGATR_16,SGATR,train,40,,False,False,4,10.0,40.0,"10,20,30,40"
SGATR_17,SGATR,train,40,,False,False,4,10.0,40.0,"10,20,30,40"
SGATR_18,SGATR,train,40,,False,False,4,10.0,40.0,"10,20,30,40"
SGATR_19,SGATR,train,40,,False,False,4,10.0,40.0,"10,20,30,40"
SGATR_2,SGATR,validation,40,,False,False,4,10.0,40.0,"10,20,30,40"
SGATR_20,SGATR,train,40,,False,False,4,10.0,40.0,"10,20,30,40"
SGATR_21,SGATR,test,40,,False,False,4,10.0,40.0,"10,20,30,40"
SGATR_22,SGATR,validation,40,,False,False,4,10.0,40.0,"10,20,30,40"
SGATR_23,SGATR,train,40,,False,False,4,10.0,40.0,"10,20,30,40"
SGATR_24,SGATR,train,40,,False,False,4,10.0,40.0,"10,20,30,40"
SGATR_25,SGATR,train,40,,False,False,4,10.0,40.0,"10,20,30,40"
SGATR_26,SGATR,train,40,,False,False,4,10.0,40.0,"10,20,30,40"
SGATR_27,SGATR,train,40,,False,False,4,10.0,40.0,"10,20,30,40"
SGATR_28,SGATR,train,40,,False,False,4,10.0,40.0,"10,20,30,40"
SGATR_29,SGATR,train,40,,False,False,4,10.0,40.0,"10,20,30,40"
SGATR_3,SGATR,train,40,,False,False,4,10.0,40.0,"10,20,30,40"
SGATR_30,SGATR,train,40,,False,False,4,10.0,40.0,"10,20,30,40"
SGATR_31,SGATR,test,40,,False,False,4,10.0,40.0,"10,20,30,40"
SGATR_32,SGATR,validation,40,,False,False,4,10.0,40.0,"10,20,30,40"
SGATR_33,SGATR,train,40,,False,False,4,10.0,40.0,"10,20,30,40"
SGATR_34,SGATR,train,40,,False,False,4,10.0,40.0,"10,20,30,40"
SGATR_35,SGATR,train,40,,False,False,4,10.0,40.0,"10,20,30,40"
SGATR_36,SGATR,train,40,,False,False,4,10.0,40.0,"10,20,30,40"
SGATR_37,SGATR,train,40,,False,False,4,10.0,40.0,"10,20,30,40"
SGATR_38,SGATR,train,40,,False,False,4,10.0,40.0,"10,20,30,40"
SGATR_39,SGATR,train,40,,False,False,4,10.0,40.0,"10,20,30,40"
SGATR_4,SGATR,train,40,,False,False,4,10.0,40.0,"10,20,30,40"
SGATR_40,SGATR,train,40,,False,False,4,10.0,40.0,"10,20,30,40"
SGATR_41,SGATR,test,40,,False,False,4,10.0,40.0,"10,20,30,40"
SGATR_42,SGATR,validation,40,,False,False,4,10.0,40.0,"10,20,30,40"
SGATR_43,SGATR,train,40,,False,False,4,10.0,40.0,"10,20,30,40"
SGATR_44,SGATR,train,40,,False,False,4,10.0,40.0,"10,20,30,40"
SGATR_45,SGATR,train,40,,False,False,4,10.0,40.0,"10,20,30,40"
SGATR_46,SGATR,train,40,,False,False,4,10.0,40.0,"10,20,30,40"
SGATR_47,SGATR,train,40,,False,False,4,10.0,40.0,"10,20,30,40"
SGATR_48,SGATR,train,40,,False,False,4,10.0,40.0,"10,20,30,40"
SGATR_49,SGATR,train,40,,False,False,4,10.0,40.0,"10,20,30,40"
SGATR_5,SGATR,train,40,,False,False,4,10.0,40.0,"10,20,30,40"
SGATR_50,SGATR,train,40,,False,False,4,10.0,40.0,"10,20,30,40"
SGATR_51,SGATR,test,40,,False,False,4,10.0,40.0,"10,20,30,40"
SGATR_52,SGATR,validation,40,,False,False,4,10.0,40.0,"10,20,30,40"
SGATR_53,SGATR,train,40,,False,False,4,10.0,40.0,"10,20,30,40"
SGATR_54,SGATR,train,40,,False,False,4,10.0,40.0,"10,20,30,40"
SGATR_55,SGATR,train,40,,False,False,4,10.0,40.0,"10,20,30,40"
SGATR_56,SGATR,train,40,,False,False,4,10.0,40.0,"10,20,30,40"
SGATR_57,SGATR,train,40,2483.5,True,True,4,10.0,40.0,"10,20,30,40"
SGATR_58,SGATR,train,40,2344.5,True,True,4,10.0,40.0,"10,20,30,40"
SGATR_59,SGATR,train,40,2220.0,True,True,4,10.0,40.0,"10,20,30,40"
SGATR_6,SGATR,train,40,,False,False,4,10.0,40.0,"10,20,30,40"
SGATR_60,SGATR,train,40,2107.5,True,True,4,10.0,40.0,"10,20,30,40"
SGATR_61,SGATR,test,40,2007.5,True,True,4,10.0,40.0,"10,20,30,40"
SGATR_62,SGATR,validation,40,1916.5,True,True,4,10.0,40.0,"10,20,30,40"
SGATR_63,SGATR,train,40,1833.0,True,True,4,10.0,40.0,"10,20,30,40"
SGATR_64,SGATR,train,40,1756.5,True,True,4,10.0,40.0,"10,20,30,40"
SGATR_65,SGATR,train,40,1686.0,True,True,4,10.0,40.0,"10,20,30,40"
SGATR_66,SGATR,train,40,1620.0,True,True,4,10.0,40.0,"10,20,30,40"
SGATR_67,SGATR,train,40,1559.5,True,True,4,10.0,40.0,"10,20,30,40"
SGATR_68,SGATR,train,40,1502.5,True,True,4,10.0,40.0,"10,20,30,40"
SGATR_69,SGATR,train,40,1450.0,True,True,4,10.0,40.0,"10,20,30,40"
SGATR_7,SGATR,train,40,,False,False,4,10.0,40.0,"10,20,30,40"
SGATR_70,SGATR,train,40,1400.5,True,True,4,10.0,40.0,"10,20,30,40"
SGATR_71,SGATR,test,40,1354.0,True,True,4,10.0,40.0,"10,20,30,40"
SGATR_72,SGATR,validation,40,1311.0,True,True,4,10.0,40.0,"10,20,30,40"
SGATR_73,SGATR,train,40,1270.0,True,True,4,10.0,40.0,"10,20,30,40"
SGATR_74,SGATR,train,40,1232.0,True,True,4,10.0,40.0,"10,20,30,40"
SGATR_75,SGATR,train,40,1196.0,True,True,4,10.0,40.0,"10,20,30,40"
SGATR_76,SGATR,train,40,1162.0,True,True,4,10.0,40.0,"10,20,30,40"
SGATR_77,SGATR,train,40,1129.5,True,True,4,10.0,40.0,"10,20,30,40"
SGATR_78,SGATR,train,40,1099.5,True,True,4,10.0,40.0,"10,20,30,40"
SGATR_79,SGATR,train,40,1070.5,True,True,4,10.0,40.0,"10,20,30,40"
SGATR_8,SGATR,train,40,,False,False,4,10.0,40.0,"10,20,30,40"
SGATR_80,SGATR,train,40,1043.0,True,True,4,10.0,40.0,"10,20,30,40"
SGATR_81,SGATR,test,40,1017.0,True,True,4,10.0,40.0,"10,20,30,40"
SGATR_82,SGATR,validation,40,992.5,True,True,4,10.0,40.0,"10,20,30,40"
SGATR_83,SGATR,train,40,969.0,True,True,4,10.0,40.0,"10,20,30,40"
SGATR_84,SGATR,train,40,947.0,True,True,4,10.0,40.0,"10,20,30,40"
SGATR_85,SGATR,train,40,925.5,True,True,4,10.0,40.0,"10,20,30,40"
SGATR_86,SGATR,train,40,905.0,True,True,4,10.0,40.0,"10,20,30,40"
SGATR_87,SGATR,train,40,885.5,True,True,4,10.0,40.0,"10,20,30,40"
SGATR_88,SGATR,train,40,867.0,True,True,4,10.0,40.0,"10,20,30,40"
SGATR_89,SGATR,train,40,849.5,True,True,4,10.0,40.0,"10,20,30,40"
SGATR_9,SGATR,train,40,,False,False,4,10.0,40.0,"10,20,30,40"
SGATR_90,SGATR,train,40,832.0,True,True,4,10.0,40.0,"10,20,30,40"
SGATR_91,SGATR,test,40,816.0,True,True,4,10.0,40.0,"10,20,30,40"
SGATR_92,SGATR,validation,40,800.5,True,True,4,10.0,40.0,"10,20,30,40"
SGATR_93,SGATR,train,40,785.5,True,True,4,10.0,40.0,"10,20,30,40"
SGATR_94,SGATR,train,40,771.0,True,True,4,10.0,40.0,"10,20,30,40"
SGATR_95,SGATR,train,40,757.0,True,True,4,10.0,40.0,"10,20,30,40"
SGATR_96,SGATR,train,40,743.5,True,True,4,10.0,40.0,"10,20,30,40"
SGATR_97,SGATR,train,40,731.0,True,True,4,10.0,40.0,"10,20,30,40"
SGATR_98,SGATR,train,40,718.5,True,True,4,10.0,40.0,"10,20,30,40"
SGATR_99,SGATR,train,40,706.5,True,True,4,10.0,40.0,"10,20,30,40"
SGBTR_1,SGBTR,test,40,,False,False,4,10.0,40.0,"10,20,30,40"
SGBTR_10,SGBTR,train,40,,False,False,4,10.0,40.0,"10,20,30,40"
SGBTR_100,SGBTR,train,40,694.5,True,True,4,10.0,40.0,"10,20,30,40"
SGBTR_101,SGBTR,test,40,683.5,True,True,4,10.0,40.0,"10,20,30,40"
SGBTR_102,SGBTR,validation,40,673.0,True,True,4,10.0,40.0,"10,20,30,40"
SGBTR_103,SGBTR,train,40,662.5,True,True,4,10.0,40.0,"10,20,30,40"
SGBTR_104,SGBTR,train,40,652.5,True,True,4,10.0,40.0,"10,20,30,40"
SGBTR_105,SGBTR,train,40,643.0,True,True,4,10.0,40.0,"10,20,30,40"
SGBTR_106,SGBTR,train,40,633.5,True,True,4,10.0,40.0,"10,20,30,40"
SGBTR_107,SGBTR,train,40,624.5,True,True,4,10.0,40.0,"10,20,30,40"
SGBTR_108,SGBTR,train,40,616.0,True,True,4,10.0,40.0,"10,20,30,40"
SGBTR_109,SGBTR,train,40,607.0,True,True,4,10.0,40.0,"10,20,30,40"
SGBTR_11,SGBTR,test,40,,False,False,4,10.0,40.0,"10,20,30,40"
SGBTR_110,SGBTR,train,40,599.0,True,True,4,10.0,40.0,"10,20,30,40"
SGBTR_12,SGBTR,validation,40,,False,False,4,10.0,40.0,"10,20,30,40"
SGBTR_13,SGBTR,train,40,,False,False,4,10.0,40.0,"10,20,30,40"
SGBTR_14,SGBTR,train,40,,False,False,4,10.0,40.0,"10,20,30,40"
SGBTR_15,SGBTR,train,40,,False,False,4,10.0,40.0,"10,20,30,40"
SGBTR_16,SGBTR,train,40,,False,False,4,10.0,40.0,"10,20,30,40"
SGBTR_17,SGBTR,train,40,,False,False,4,10.0,40.0,"10,20,30,40"
SGBTR_18,SGBTR,train,40,,False,False,4,10.0,40.0,"10,20,30,40"
SGBTR_19,SGBTR,train,40,,False,False,4,10.0,40.0,"10,20,30,40"
SGBTR_2,SGBTR,validation,40,,False,False,4,10.0,40.0,"10,20,30,40"
SGBTR_20,SGBTR,train,40,,False,False,4,10.0,40.0,"10,20,30,40"
SGBTR_21,SGBTR,test,40,,False,False,4,10.0,40.0,"10,20,30,40"
SGBTR_22,SGBTR,validation,40,,False,False,4,10.0,40.0,"10,20,30,40"
SGBTR_23,SGBTR,train,40,,False,False,4,10.0,40.0,"10,20,30,40"
SGBTR_24,SGBTR,train,40,,False,False,4,10.0,40.0,"10,20,30,40"
SGBTR_25,SGBTR,train,40,,False,False,4,10.0,40.0,"10,20,30,40"
SGBTR_26,SGBTR,train,40,,False,False,4,10.0,40.0,"10,20,30,40"
SGBTR_27,SGBTR,train,40,,False,False,4,10.0,40.0,"10,20,30,40"
SGBTR_28,SGBTR,train,40,,False,False,4,10.0,40.0,"10,20,30,40"
SGBTR_29,SGBTR,train,40,,False,False,4,10.0,40.0,"10,20,30,40"
SGBTR_3,SGBTR,train,40,,False,False,4,10.0,40.0,"10,20,30,40"
SGBTR_30,SGBTR,train,40,,False,False,4,10.0,40.0,"10,20,30,40"
SGBTR_31,SGBTR,test,40,,False,False,4,10.0,40.0,"10,20,30,40"
SGBTR_32,SGBTR,validation,40,,False,False,4,10.0,40.0,"10,20,30,40"
SGBTR_33,SGBTR,train,40,,False,False,4,10.0,40.0,"10,20,30,40"
SGBTR_34,SGBTR,train,40,,False,False,4,10.0,40.0,"10,20,30,40"
SGBTR_35,SGBTR,train,40,,False,False,4,10.0,40.0,"10,20,30,40"
SGBTR_36,SGBTR,train,40,,False,False,4,10.0,40.0,"10,20,30,40"
SGBTR_37,SGBTR,train,40,,False,False,4,10.0,40.0,"10,20,30,40"
SGBTR_38,SGBTR,train,40,,False,False,4,10.0,40.0,"10,20,30,40"
SGBTR_39,SGBTR,train,40,,False,False,4,10.0,40.0,"10,20,30,40"
SGBTR_4,SGBTR,train,40,,False,False,4,10.0,40.0,"10,20,30,40"
SGBTR_40,SGBTR,train,40,,False,False,4,10.0,40.0,"10,20,30,40"
SGBTR_41,SGBTR,test,40,,False,False,4,10.0,40.0,"10,20,30,40"
SGBTR_42,SGBTR,validation,40,,False,False,4,10.0,40.0,"10,20,30,40"
SGBTR_43,SGBTR,train,40,,False,False,4,10.0,40.0,"10,20,30,40"
SGBTR_44,SGBTR,train,40,,False,False,4,10.0,40.0,"10,20,30,40"
SGBTR_45,SGBTR,train,40,,False,False,4,10.0,40.0,"10,20,30,40"
SGBTR_46,SGBTR,train,40,,False,False,4,10.0,40.0,"10,20,30,40"
SGBTR_47,SGBTR,train,40,,False,False,4,10.0,40.0,"10,20,30,40"
SGBTR_48,SGBTR,train,40,,False,False,4,10.0,40.0,"10,20,30,40"
SGBTR_49,SGBTR,train,40,,False,False,4,10.0,40.0,"10,20,30,40"
SGBTR_5,SGBTR,train,40,,False,False,4,10.0,40.0,"10,20,30,40"
SGBTR_50,SGBTR,train,40,,False,False,4,10.0,40.0,"10,20,30,40"
SGBTR_51,SGBTR,test,40,,False,False,4,10.0,40.0,"10,20,30,40"
SGBTR_52,SGBTR,validation,40,,False,False,4,10.0,40.0,"10,20,30,40"
SGBTR_53,SGBTR,train,40,,False,False,4,10.0,40.0,"10,20,30,40"
SGBTR_54,SGBTR,train,40,,False,False,4,10.0,40.0,"10,20,30,40"
SGBTR_55,SGBTR,train,40,,False,False,4,10.0,40.0,"10,20,30,40"
SGBTR_56,SGBTR,train,40,,False,False,4,10.0,40.0,"10,20,30,40"
SGBTR_57,SGBTR,train,40,2483.0,True,True,4,10.0,40.0,"10,20,30,40"
SGBTR_58,SGBTR,train,40,2344.0,True,True,4,10.0,40.0,"10,20,30,40"
SGBTR_59,SGBTR,train,40,2219.0,True,True,4,10.0,40.0,"10,20,30,40"
SGBTR_6,SGBTR,train,40,,False,False,4,10.0,40.0,"10,20,30,40"
SGBTR_60,SGBTR,train,40,2107.0,True,True,4,10.0,40.0,"10,20,30,40"
SGBTR_61,SGBTR,test,40,2007.0,True,True,4,10.0,40.0,"10,20,30,40"
SGBTR_62,SGBTR,validation,40,1916.0,True,True,4,10.0,40.0,"10,20,30,40"
SGBTR_63,SGBTR,train,40,1832.5,True,True,4,10.0,40.0,"10,20,30,40"
SGBTR_64,SGBTR,train,40,1756.0,True,True,4,10.0,40.0,"10,20,30,40"
SGBTR_65,SGBTR,train,40,1685.0,True,True,4,10.0,40.0,"10,20,30,40"
SGBTR_66,SGBTR,train,40,1619.5,True,True,4,10.0,40.0,"10,20,30,40"
SGBTR_67,SGBTR,train,40,1559.0,True,True,4,10.0,40.0,"10,20,30,40"
SGBTR_68,SGBTR,train,40,1502.0,True,True,4,10.0,40.0,"10,20,30,40"
SGBTR_69,SGBTR,train,40,1449.0,True,True,4,10.0,40.0,"10,20,30,40"
SGBTR_7,SGBTR,train,40,,False,False,4,10.0,40.0,"10,20,30,40"
SGBTR_70,SGBTR,train,40,1399.5,True,True,4,10.0,40.0,"10,20,30,40"
SGBTR_71,SGBTR,test,40,1353.5,True,True,4,10.0,40.0,"10,20,30,40"
SGBTR_72,SGBTR,validation,40,1310.5,True,True,4,10.0,40.0,"10,20,30,40"
SGBTR_73,SGBTR,train,40,1269.5,True,True,4,10.0,40.0,"10,20,30,40"
SGBTR_74,SGBTR,train,40,1231.5,True,True,4,10.0,40.0,"10,20,30,40"
SGBTR_75,SGBTR,train,40,1195.0,True,True,4,10.0,40.0,"10,20,30,40"
SGBTR_76,SGBTR,train,40,1161.0,True,True,4,10.0,40.0,"10,20,30,40"
SGBTR_77,SGBTR,train,40,1129.5,True,True,4,10.0,40.0,"10,20,30,40"
SGBTR_78,SGBTR,train,40,1098.5,True,True,4,10.0,40.0,"10,20,30,40"
SGBTR_79,SGBTR,train,40,1070.0,True,True,4,10.0,40.0,"10,20,30,40"
SGBTR_8,SGBTR,train,40,,False,False,4,10.0,40.0,"10,20,30,40"
SGBTR_80,SGBTR,train,40,1042.5,True,True,4,10.0,40.0,"10,20,30,40"
SGBTR_81,SGBTR,test,40,1017.0,True,True,4,10.0,40.0,"10,20,30,40"
SGBTR_82,SGBTR,validation,40,992.0,True,True,4,10.0,40.0,"10,20,30,40"
SGBTR_83,SGBTR,train,40,968.5,True,True,4,10.0,40.0,"10,20,30,40"
SGBTR_84,SGBTR,train,40,946.5,True,True,4,10.0,40.0,"10,20,30,40"
SGBTR_85,SGBTR,train,40,925.0,True,True,4,10.0,40.0,"10,20,30,40"
SGBTR_86,SGBTR,train,40,905.0,True,True,4,10.0,40.0,"10,20,30,40"
SGBTR_87,SGBTR,train,40,885.5,True,True,4,10.0,40.0,"10,20,30,40"
SGBTR_88,SGBTR,train,40,866.5,True,True,4,10.0,40.0,"10,20,30,40"
SGBTR_89,SGBTR,train,40,849.0,True,True,4,10.0,40.0,"10,20,30,40"
SGBTR_9,SGBTR,train,40,,False,False,4,10.0,40.0,"10,20,30,40"
SGBTR_90,SGBTR,train,40,832.0,True,True,4,10.0,40.0,"10,20,30,40"
SGBTR_91,SGBTR,test,40,815.5,True,True,4,10.0,40.0,"10,20,30,40"
SGBTR_92,SGBTR,validation,40,800.0,True,True,4,10.0,40.0,"10,20,30,40"
SGBTR_93,SGBTR,train,40,785.0,True,True,4,10.0,40.0,"10,20,30,40"
SGBTR_94,SGBTR,train,40,770.5,True,True,4,10.0,40.0,"10,20,30,40"
SGBTR_95,SGBTR,train,40,756.5,True,True,4,10.0,40.0,"10,20,30,40"
SGBTR_96,SGBTR,train,40,743.5,True,True,4,10.0,40.0,"10,20,30,40"
SGBTR_97,SGBTR,train,40,730.5,True,True,4,10.0,40.0,"10,20,30,40"
SGBTR_98,SGBTR,train,40,718.0,True,True,4,10.0,40.0,"10,20,30,40"
SGBTR_99,SGBTR,train,40,706.0,True,True,4,10.0,40.0,"10,20,30,40"
SLBIC_1,SLBIC,test,40,,False,False,4,10.0,40.0,"10,20,30,40"
SLBIC_10,SLBIC,train,40,,False,False,4,10.0,40.0,"10,20,30,40"
SLBIC_100,SLBIC,train,40,205.0,True,True,4,10.0,40.0,"10,20,30,40"
SLBIC_101,SLBIC,test,40,204.0,True,True,4,10.0,40.0,"10,20,30,40"
SLBIC_11,SLBIC,test,40,,False,False,4,10.0,40.0,"10,20,30,40"
SLBIC_12,SLBIC,validation,40,,False,False,4,10.0,40.0,"10,20,30,40"
SLBIC_13,SLBIC,train,40,,False,False,4,10.0,40.0,"10,20,30,40"
SLBIC_14,SLBIC,train,40,5232.0,True,True,4,10.0,40.0,"10,20,30,40"
SLBIC_15,SLBIC,train,40,4386.0,True,True,4,10.0,40.0,"10,20,30,40"
SLBIC_16,SLBIC,train,40,3893.0,True,True,4,10.0,40.0,"10,20,30,40"
SLBIC_17,SLBIC,train,40,3672.0,True,True,4,10.0,40.0,"10,20,30,40"
SLBIC_18,SLBIC,train,40,3489.5,True,True,4,10.0,40.0,"10,20,30,40"
SLBIC_19,SLBIC,train,40,3348.5,True,True,4,10.0,40.0,"10,20,30,40"
SLBIC_2,SLBIC,validation,40,,False,False,4,10.0,40.0,"10,20,30,40"
SLBIC_20,SLBIC,train,40,3314.0,True,True,4,10.0,40.0,"10,20,30,40"
SLBIC_21,SLBIC,test,40,3247.5,True,True,4,10.0,40.0,"10,20,30,40"
SLBIC_22,SLBIC,validation,40,3181.5,True,True,4,10.0,40.0,"10,20,30,40"
SLBIC_23,SLBIC,train,40,3053.5,True,True,4,10.0,40.0,"10,20,30,40"
SLBIC_24,SLBIC,train,40,2925.5,True,True,4,10.0,40.0,"10,20,30,40"
SLBIC_25,SLBIC,train,40,2739.0,True,True,4,10.0,40.0,"10,20,30,40"
SLBIC_26,SLBIC,train,40,463.5,True,True,4,10.0,40.0,"10,20,30,40"
SLBIC_27,SLBIC,train,40,450.5,True,True,4,10.0,40.0,"10,20,30,40"
SLBIC_28,SLBIC,train,40,438.5,True,True,4,10.0,40.0,"10,20,30,40"
SLBIC_29,SLBIC,train,40,427.0,True,True,4,10.0,40.0,"10,20,30,40"
SLBIC_3,SLBIC,train,40,,False,False,4,10.0,40.0,"10,20,30,40"
SLBIC_30,SLBIC,train,40,416.5,True,True,4,10.0,40.0,"10,20,30,40"
SLBIC_31,SLBIC,test,40,407.0,True,True,4,10.0,40.0,"10,20,30,40"
SLBIC_32,SLBIC,validation,40,397.5,True,True,4,10.0,40.0,"10,20,30,40"
SLBIC_33,SLBIC,train,40,389.0,True,True,4,10.0,40.0,"10,20,30,40"
SLBIC_34,SLBIC,train,40,381.0,True,True,4,10.0,40.0,"10,20,30,40"
SLBIC_35,SLBIC,train,40,373.5,True,True,4,10.0,40.0,"10,20,30,40"
SLBIC_36,SLBIC,train,40,366.5,True,True,4,10.0,40.0,"10,20,30,40"
SLBIC_37,SLBIC,train,40,359.5,True,True,4,10.0,40.0,"10,20,30,40"
SLBIC_38,SLBIC,train,40,353.0,True,True,4,10.0,40.0,"10,20,30,40"
SLBIC_39,SLBIC,train,40,347.0,True,True,4,10.0,40.0,"10,20,30,40"
SLBIC_4,SLBIC,train,40,,False,False,4,10.0,40.0,"10,20,30,40"
SLBIC_40,SLBIC,train,40,341.0,True,True,4,10.0,40.0,"10,20,30,40"
SLBIC_41,SLBIC,test,40,335.5,True,True,4,10.0,40.0,"10,20,30,40"
SLBIC_42,SLBIC,validation,40,330.5,True,True,4,10.0,40.0,"10,20,30,40"
SLBIC_43,SLBIC,train,40,325.5,True,True,4,10.0,40.0,"10,20,30,40"
SLBIC_44,SLBIC,train,40,320.5,True,True,4,10.0,40.0,"10,20,30,40"
SLBIC_45,SLBIC,train,40,316.0,True,True,4,10.0,40.0,"10,20,30,40"
SLBIC_46,SLBIC,train,40,311.5,True,True,4,10.0,40.0,"10,20,30,40"
SLBIC_47,SLBIC,train,40,307.5,True,True,4,10.0,40.0,"10,20,30,40"
SLBIC_48,SLBIC,train,40,303.5,True,True,4,10.0,40.0,"10,20,30,40"
SLBIC_49,SLBIC,train,40,299.5,True,True,4,10.0,40.0,"10,20,30,40"
SLBIC_5,SLBIC,train,40,,False,False,4,10.0,40.0,"10,20,30,40"
SLBIC_50,SLBIC,train,40,296.0,True,True,4,10.0,40.0,"10,20,30,40"
SLBIC_51,SLBIC,test,40,292.5,True,True,4,10.0,40.0,"10,20,30,40"
SLBIC_52,SLBIC,validation,40,289.0,True,True,4,10.0,40.0,"10,20,30,40"
SLBIC_53,SLBIC,train,40,285.5,True,True,4,10.0,40.0,"10,20,30,40"
SLBIC_54,SLBIC,train,40,282.5,True,True,4,10.0,40.0,"10,20,30,40"
SLBIC_55,SLBIC,train,40,279.5,True,True,4,10.0,40.0,"10,20,30,40"
SLBIC_56,SLBIC,train,40,276.5,True,True,4,10.0,40.0,"10,20,30,40"
SLBIC_57,SLBIC,train,40,273.5,True,True,4,10.0,40.0,"10,20,30,40"
SLBIC_58,SLBIC,train,40,271.0,True,True,4,10.0,40.0,"10,20,30,40"
SLBIC_59,SLBIC,train,40,268.0,True,True,4,10.0,40.0,"10,20,30,40"
SLBIC_6,SLBIC,train,40,,False,False,4,10.0,40.0,"10,20,30,40"
SLBIC_60,SLBIC,train,40,265.5,True,True,4,10.0,40.0,"10,20,30,40"
SLBIC_61,SLBIC,test,40,263.0,True,True,4,10.0,40.0,"10,20,30,40"
SLBIC_62,SLBIC,validation,40,260.5,True,True,4,10.0,40.0,"10,20,30,40"
SLBIC_63,SLBIC,train,40,258.5,True,True,4,10.0,40.0,"10,20,30,40"
SLBIC_64,SLBIC,train,40,256.0,True,True,4,10.0,40.0,"10,20,30,40"
SLBIC_65,SLBIC,train,40,254.0,True,True,4,10.0,40.0,"10,20,30,40"
SLBIC_66,SLBIC,train,40,252.0,True,True,4,10.0,40.0,"10,20,30,40"
SLBIC_67,SLBIC,train,40,250.0,True,True,4,10.0,40.0,"10,20,30,40"
SLBIC_68,SLBIC,train,40,248.0,True,True,4,10.0,40.0,"10,20,30,40"
SLBIC_69,SLBIC,train,40,246.0,True,True,4,10.0,40.0,"10,20,30,40"
SLBIC_7,SLBIC,train,40,,False,False,4,10.0,40.0,"10,20,30,40"
SLBIC_70,SLBIC,train,40,244.0,True,True,4,10.0,40.0,"10,20,30,40"
SLBIC_71,SLBIC,test,40,242.0,True,True,4,10.0,40.0,"10,20,30,40"
SLBIC_72,SLBIC,validation,40,240.5,True,True,4,10.0,40.0,"10,20,30,40"
SLBIC_73,SLBIC,train,40,238.5,True,True,4,10.0,40.0,"10,20,30,40"
SLBIC_74,SLBIC,train,40,237.0,True,True,4,10.0,40.0,"10,20,30,40"
SLBIC_75,SLBIC,train,40,235.5,True,True,4,10.0,40.0,"10,20,30,40"
SLBIC_76,SLBIC,train,40,234.0,True,True,4,10.0,40.0,"10,20,30,40"
SLBIC_77,SLBIC,train,40,232.5,True,True,4,10.0,40.0,"10,20,30,40"
SLBIC_78,SLBIC,train,40,231.0,True,True,4,10.0,40.0,"10,20,30,40"
SLBIC_79,SLBIC,train,40,229.5,True,True,4,10.0,40.0,"10,20,30,40"
SLBIC_8,SLBIC,train,40,,False,False,4,10.0,40.0,"10,20,30,40"
SLBIC_80,SLBIC,train,40,228.0,True,True,4,10.0,40.0,"10,20,30,40"
SLBIC_81,SLBIC,test,40,226.5,True,True,4,10.0,40.0,"10,20,30,40"
SLBIC_82,SLBIC,validation,40,225.0,True,True,4,10.0,40.0,"10,20,30,40"
SLBIC_83,SLBIC,train,40,223.5,True,True,4,10.0,40.0,"10,20,30,40"
SLBIC_84,SLBIC,train,40,222.5,True,True,4,10.0,40.0,"10,20,30,40"
SLBIC_85,SLBIC,train,40,221.0,True,True,4,10.0,40.0,"10,20,30,40"
SLBIC_86,SLBIC,train,40,220.0,True,True,4,10.0,40.0,"10,20,30,40"
SLBIC_87,SLBIC,train,40,218.5,True,True,4,10.0,40.0,"10,20,30,40"
SLBIC_88,SLBIC,train,40,217.5,True,True,4,10.0,40.0,"10,20,30,40"
SLBIC_89,SLBIC,train,40,216.5,True,True,4,10.0,40.0,"10,20,30,40"
SLBIC_9,SLBIC,train,40,,False,False,4,10.0,40.0,"10,20,30,40"
SLBIC_90,SLBIC,train,40,215.0,True,True,4,10.0,40.0,"10,20,30,40"
SLBIC_91,SLBIC,test,40,214.0,True,True,4,10.0,40.0,"10,20,30,40"
SLBIC_92,SLBIC,validation,40,213.0,True,True,4,10.0,40.0,"10,20,30,40"
SLBIC_93,SLBIC,train,40,212.0,True,True,4,10.0,40.0,"10,20,30,40"
SLBIC_94,SLBIC,train,40,211.0,True,True,4,10.0,40.0,"10,20,30,40"
SLBIC_95,SLBIC,train,40,210.0,True,True,4,10.0,40.0,"10,20,30,40"
SLBIC_96,SLBIC,train,40,209.0,True,True,4,10.0,40.0,"10,20,30,40"
SLBIC_97,SLBIC,train,40,208.0,True,True,4,10.0,40.0,"10,20,30,40"
SLBIC_98,SLBIC,train,40,207.0,True,True,4,10.0,40.0,"10,20,30,40"
SLBIC_99,SLBIC,train,40,206.0,True,True,4,10.0,40.0,"10,20,30,40"
SLBOC_1,SLBOC,test,40,,False,False,4,10.0,40.0,"10,20,30,40"
SLBOC_10,SLBOC,train,40,,False,False,4,10.0,40.0,"10,20,30,40"
SLBOC_100,SLBOC,train,40,,False,False,4,10.0,40.0,"10,20,30,40"
SLBOC_11,SLBOC,test,40,,False,False,4,10.0,40.0,"10,20,30,40"
SLBOC_12,SLBOC,validation,40,,False,False,4,10.0,40.0,"10,20,30,40"
SLBOC_13,SLBOC,train,40,,False,False,4,10.0,40.0,"10,20,30,40"
SLBOC_14,SLBOC,train,40,,False,False,4,10.0,40.0,"10,20,30,40"
SLBOC_15,SLBOC,train,40,,False,False,4,10.0,40.0,"10,20,30,40"
SLBOC_16,SLBOC,train,40,,False,False,4,10.0,40.0,"10,20,30,40"
SLBOC_17,SLBOC,train,40,,False,False,4,10.0,40.0,"10,20,30,40"
SLBOC_18,SLBOC,train,40,,False,False,4,10.0,40.0,"10,20,30,40"
SLBOC_19,SLBOC,train,40,,False,False,4,10.0,40.0,"10,20,30,40"
SLBOC_2,SLBOC,validation,40,,False,False,4,10.0,40.0,"10,20,30,40"
SLBOC_20,SLBOC,train,40,,False,False,4,10.0,40.0,"10,20,30,40"
SLBOC_21,SLBOC,test,40,,False,False,4,10.0,40.0,"10,20,30,40"
SLBOC_22,SLBOC,validation,40,,False,False,4,10.0,40.0,"10,20,30,40"
SLBOC_23,SLBOC,train,40,,False,False,4,10.0,40.0,"10,20,30,40"
SLBOC_24,SLBOC,train,40,,False,False,4,10.0,40.0,"10,20,30,40"
SLBOC_25,SLBOC,train,40,,False,False,4,10.0,40.0,"10,20,30,40"
SLBOC_26,SLBOC,train,40,,False,False,4,10.0,40.0,"10,20,30,40"
SLBOC_27,SLBOC,train,40,,False,False,4,10.0,40.0,"10,20,30,40"
SLBOC_28,SLBOC,train,40,,False,False,4,10.0,40.0,"10,20,30,40"
SLBOC_29,SLBOC,train,40,,False,False,4,10.0,40.0,"10,20,30,40"
SLBOC_3,SLBOC,train,40,,False,False,4,10.0,40.0,"10,20,30,40"
SLBOC_30,SLBOC,train,40,,False,False,4,10.0,40.0,"10,20,30,40"
SLBOC_31,SLBOC,test,40,,False,False,4,10.0,40.0,"10,20,30,40"
SLBOC_32,SLBOC,validation,40,,False,False,4,10.0,40.0,"10,20,30,40"
SLBOC_33,SLBOC,train,40,,False,False,4,10.0,40.0,"10,20,30,40"
SLBOC_34,SLBOC,train,40,,False,False,4,10.0,40.0,"10,20,30,40"
SLBOC_35,SLBOC,train,40,,False,False,4,10.0,40.0,"10,20,30,40"
SLBOC_36,SLBOC,train,40,,False,False,4,10.0,40.0,"10,20,30,40"
SLBOC_37,SLBOC,train,40,,False,False,4,10.0,40.0,"10,20,30,40"
SLBOC_38,SLBOC,train,40,,False,False,4,10.0,40.0,"10,20,30,40"
SLBOC_39,SLBOC,train,40,,False,False,4,10.0,40.0,"10,20,30,40"
SLBOC_4,SLBOC,train,40,,False,False,4,10.0,40.0,"10,20,30,40"
SLBOC_40,SLBOC,train,40,,False,False,4,10.0,40.0,"10,20,30,40"
SLBOC_41,SLBOC,test,40,,False,False,4,10.0,40.0,"10,20,30,40"
SLBOC_42,SLBOC,validation,40,,False,False,4,10.0,40.0,"10,20,30,40"
SLBOC_43,SLBOC,train,40,,False,False,4,10.0,40.0,"10,20,30,40"
SLBOC_44,SLBOC,train,40,,False,False,4,10.0,40.0,"10,20,30,40"
SLBOC_45,SLBOC,train,40,,False,False,4,10.0,40.0,"10,20,30,40"
SLBOC_46,SLBOC,train,40,,False,False,4,10.0,40.0,"10,20,30,40"
SLBOC_47,SLBOC,train,40,,False,False,4,10.0,40.0,"10,20,30,40"
SLBOC_48,SLBOC,train,40,,False,False,4,10.0,40.0,"10,20,30,40"
SLBOC_49,SLBOC,train,40,,False,False,4,10.0,40.0,"10,20,30,40"
SLBOC_5,SLBOC,train,40,,False,False,4,10.0,40.0,"10,20,30,40"
SLBOC_50,SLBOC,train,40,,False,False,4,10.0,40.0,"10,20,30,40"
SLBOC_51,SLBOC,test,40,,False,False,4,10.0,40.0,"10,20,30,40"
SLBOC_52,SLBOC,validation,40,,False,False,4,10.0,40.0,"10,20,30,40"
SLBOC_53,SLBOC,train,40,,False,False,4,10.0,40.0,"10,20,30,40"
SLBOC_54,SLBOC,train,40,,False,False,4,10.0,40.0,"10,20,30,40"
SLBOC_55,SLBOC,train,40,,False,False,4,10.0,40.0,"10,20,30,40"
SLBOC_56,SLBOC,train,40,,False,False,4,10.0,40.0,"10,20,30,40"
SLBOC_57,SLBOC,train,40,,False,False,4,10.0,40.0,"10,20,30,40"
SLBOC_58,SLBOC,train,40,,False,False,4,10.0,40.0,"10,20,30,40"
SLBOC_59,SLBOC,train,40,,False,False,4,10.0,40.0,"10,20,30,40"
SLBOC_6,SLBOC,train,40,,False,False,4,10.0,40.0,"10,20,30,40"
SLBOC_60,SLBOC,train,40,,False,False,4,10.0,40.0,"10,20,30,40"
SLBOC_61,SLBOC,test,40,,False,False,4,10.0,40.0,"10,20,30,40"
SLBOC_62,SLBOC,validation,40,,False,False,4,10.0,40.0,"10,20,30,40"
SLBOC_63,SLBOC,train,40,,False,False,4,10.0,40.0,"10,20,30,40"
SLBOC_64,SLBOC,train,40,,False,False,4,10.0,40.0,"10,20,30,40"
SLBOC_65,SLBOC,train,40,,False,False,4,10.0,40.0,"10,20,30,40"
SLBOC_66,SLBOC,train,40,,False,False,4,10.0,40.0,"10,20,30,40"
SLBOC_67,SLBOC,train,40,,False,False,4,10.0,40.0,"10,20,30,40"
SLBOC_68,SLBOC,train,40,,False,False,4,10.0,40.0,"10,20,30,40"
SLBOC_69,SLBOC,train,40,,False,False,4,10.0,40.0,"10,20,30,40"
SLBOC_7,SLBOC,train,40,,False,False,4,10.0,40.0,"10,20,30,40"
SLBOC_70,SLBOC,train,40,,False,False,4,10.0,40.0,"10,20,30,40"
SLBOC_71,SLBOC,test,40,,False,False,4,10.0,40.0,"10,20,30,40"
SLBOC_72,SLBOC,validation,40,,False,False,4,10.0,40.0,"10,20,30,40"
SLBOC_73,SLBOC,train,40,,False,False,4,10.0,40.0,"10,20,30,40"
SLBOC_74,SLBOC,train,40,,False,False,4,10.0,40.0,"10,20,30,40"
SLBOC_75,SLBOC,train,40,,False,False,4,10.0,40.0,"10,20,30,40"
SLBOC_76,SLBOC,train,40,,False,False,4,10.0,40.0,"10,20,30,40"
SLBOC_77,SLBOC,train,40,,False,False,4,10.0,40.0,"10,20,30,40"
SLBOC_78,SLBOC,train,40,,False,False,4,10.0,40.0,"10,20,30,40"
SLBOC_79,SLBOC,train,40,,False,False,4,10.0,40.0,"10,20,30,40"
SLBOC_8,SLBOC,train,40,,False,False,4,10.0,40.0,"10,20,30,40"
SLBOC_80,SLBOC,train,40,,False,False,4,10.0,40.0,"10,20,30,40"
SLBOC_81,SLBOC,test,40,,False,False,4,10.0,40.0,"10,20,30,40"
SLBOC_82,SLBOC,validation,40,,False,False,4,10.0,40.0,"10,20,30,40"
SLBOC_83,SLBOC,train,40,,False,False,4,10.0,40.0,"10,20,30,40"
SLBOC_84,SLBOC,train,40,,False,False,4,10.0,40.0,"10,20,30,40"
SLBOC_85,SLBOC,train,40,,False,False,4,10.0,40.0,"10,20,30,40"
SLBOC_86,SLBOC,train,40,,False,False,4,10.0,40.0,"10,20,30,40"
SLBOC_87,SLBOC,train,40,,False,False,4,10.0,40.0,"10,20,30,40"
SLBOC_88,SLBOC,train,40,,False,False,4,10.0,40.0,"10,20,30,40"
SLBOC_89,SLBOC,train,40,,False,False,4,10.0,40.0,"10,20,30,40"
SLBOC_9,SLBOC,train,40,,False,False,4,10.0,40.0,"10,20,30,40"
SLBOC_90,SLBOC,train,40,,False,False,4,10.0,40.0,"10,20,30,40"
SLBOC_91,SLBOC,test,40,,False,False,4,10.0,40.0,"10,20,30,40"
SLBOC_92,SLBOC,validation,40,,False,False,4,10.0,40.0,"10,20,30,40"
SLBOC_93,SLBOC,train,40,,False,False,4,10.0,40.0,"10,20,30,40"
SLBOC_94,SLBOC,train,40,,False,False,4,10.0,40.0,"10,20,30,40"
SLBOC_95,SLBOC,train,40,,False,False,4,10.0,40.0,"10,20,30,40"
SLBOC_96,SLBOC,train,40,,False,False,4,10.0,40.0,"10,20,30,40"
SLBOC_97,SLBOC,train,40,,False,False,4,10.0,40.0,"10,20,30,40"
SLBOC_98,SLBOC,train,40,,False,False,4,10.0,40.0,"10,20,30,40"
SLBOC_99,SLBOC,train,40,,False,False,4,10.0,40.0,"10,20,30,40"
FLB_1,FLB,test,60,,False,False,6,10.0,60.0,"10,20,30,40,50,60"
FLB_10,FLB,train,60,687.0,True,True,6,10.0,60.0,"10,20,30,40,50,60"
FLB_100,FLB,train,60,164.0,True,True,6,10.0,60.0,"10,20,30,40,50,60"
FLB_11,FLB,test,60,633.5,True,True,6,10.0,60.0,"10,20,30,40,50,60"
FLB_12,FLB,validation,60,589.5,True,True,6,10.0,60.0,"10,20,30,40,50,60"
FLB_13,FLB,train,60,552.5,True,True,6,10.0,60.0,"10,20,30,40,50,60"
FLB_14,FLB,train,60,520.0,True,True,6,10.0,60.0,"10,20,30,40,50,60"
FLB_15,FLB,train,60,493.0,True,True,6,10.0,60.0,"10,20,30,40,50,60"
FLB_16,FLB,train,60,468.5,True,True,6,10.0,60.0,"10,20,30,40,50,60"
FLB_17,FLB,train,60,447.0,True,True,6,10.0,60.0,"10,20,30,40,50,60"
FLB_18,FLB,train,60,428.5,True,True,6,10.0,60.0,"10,20,30,40,50,60"
FLB_19,FLB,train,60,411.0,True,True,6,10.0,60.0,"10,20,30,40,50,60"
FLB_2,FLB,validation,60,2958.5,True,True,6,10.0,60.0,"10,20,30,40,50,60"
FLB_20,FLB,train,60,396.0,True,True,6,10.0,60.0,"10,20,30,40,50,60"
FLB_21,FLB,test,60,382.0,True,True,6,10.0,60.0,"10,20,30,40,50,60"
FLB_22,FLB,validation,60,369.5,True,True,6,10.0,60.0,"10,20,30,40,50,60"
FLB_23,FLB,train,60,358.0,True,True,6,10.0,60.0,"10,20,30,40,50,60"
FLB_24,FLB,train,60,347.5,True,True,6,10.0,60.0,"10,20,30,40,50,60"
FLB_25,FLB,train,60,338.0,True,True,6,10.0,60.0,"10,20,30,40,50,60"
FLB_26,FLB,train,60,329.0,True,True,6,10.0,60.0,"10,20,30,40,50,60"
FLB_27,FLB,train,60,321.0,True,True,6,10.0,60.0,"10,20,30,40,50,60"
FLB_28,FLB,train,60,313.0,True,True,6,10.0,60.0,"10,20,30,40,50,60"
FLB_29,FLB,train,60,306.0,True,True,6,10.0,60.0,"10,20,30,40,50,60"
FLB_3,FLB,train,60,2033.0,True,True,6,10.0,60.0,"10,20,30,40,50,60"
FLB_30,FLB,train,60,299.5,True,True,6,10.0,60.0,"10,20,30,40,50,60"
FLB_31,FLB,test,60,293.0,True,True,6,10.0,60.0,"10,20,30,40,50,60"
FLB_32,FLB,validation,60,287.0,True,True,6,10.0,60.0,"10,20,30,40,50,60"
FLB_33,FLB,train,60,281.5,True,True,6,10.0,60.0,"10,20,30,40,50,60"
FLB_34,FLB,train,60,276.5,True,True,6,10.0,60.0,"10,20,30,40,50,60"
FLB_35,FLB,train,60,271.5,True,True,6,10.0,60.0,"10,20,30,40,50,60"
FLB_36,FLB,train,60,267.0,True,True,6,10.0,60.0,"10,20,30,40,50,60"
FLB_37,FLB,train,60,262.5,True,True,6,10.0,60.0,"10,20,30,40,50,60"
FLB_38,FLB,train,60,258.5,True,True,6,10.0,60.0,"10,20,30,40,50,60"
FLB_39,FLB,train,60,254.5,True,True,6,10.0,60.0,"10,20,30,40,50,60"
FLB_4,FLB,train,60,1569.5,True,True,6,10.0,60.0,"10,20,30,40,50,60"
FLB_40,FLB,train,60,251.0,True,True,6,10.0,60.0,"10,20,30,40,50,60"
FLB_41,FLB,test,60,247.5,True,True,6,10.0,60.0,"10,20,30,40,50,60"
FLB_42,FLB,validation,60,244.0,True,True,6,10.0,60.0,"10,20,30,40,50,60"
FLB_43,FLB,train,60,241.0,True,True,6,10.0,60.0,"10,20,30,40,50,60"
FLB_44,FLB,train,60,238.0,True,True,6,10.0,60.0,"10,20,30,40,50,60"
FLB_45,FLB,train,60,235.0,True,True,6,10.0,60.0,"10,20,30,40,50,60"
FLB_46,FLB,train,60,232.0,True,True,6,10.0,60.0,"10,20,30,40,50,60"
FLB_47,FLB,train,60,229.5,True,True,6,10.0,60.0,"10,20,30,40,50,60"
FLB_48,FLB,train,60,227.0,True,True,6,10.0,60.0,"10,20,30,40,50,60"
FLB_49,FLB,train,60,224.5,True,True,6,10.0,60.0,"10,20,30,40,50,60"
FLB_5,FLB,train,60,1263.5,True,True,6,10.0,60.0,"10,20,30,40,50,60"
FLB_50,FLB,train,60,222.0,True,True,6,10.0,60.0,"10,20,30,40,50,60"
FLB_51,FLB,test,60,219.5,True,True,6,10.0,60.0,"10,20,30,40,50,60"
FLB_52,FLB,validation,60,217.5,True,True,6,10.0,60.0,"10,20,30,40,50,60"
FLB_53,FLB,train,60,215.5,True,True,6,10.0,60.0,"10,20,30,40,50,60"
FLB_54,FLB,train,60,213.5,True,True,6,10.0,60.0,"10,20,30,40,50,60"
FLB_55,FLB,train,60,211.5,True,True,6,10.0,60.0,"10,20,30,40,50,60"
FLB_56,FLB,train,60,209.5,True,True,6,10.0,60.0,"10,20,30,40,50,60"
FLB_57,FLB,train,60,207.5,True,True,6,10.0,60.0,"10,20,30,40,50,60"
FLB_58,FLB,train,60,206.0,True,True,6,10.0,60.0,"10,20,30,40,50,60"
FLB_59,FLB,train,60,204.5,True,True,6,10.0,60.0,"10,20,30,40,50,60"
FLB_6,FLB,train,60,1073.0,True,True,6,10.0,60.0,"10,20,30,40,50,60"
FLB_60,FLB,train,60,202.5,True,True,6,10.0,60.0,"10,20,30,40,50,60"
FLB_61,FLB,test,60,201.0,True,True,6,10.0,60.0,"10,20,30,40,50,60"
FLB_62,FLB,validation,60,199.5,True,True,6,10.0,60.0,"10,20,30,40,50,60"
FLB_63,FLB,train,60,198.0,True,True,6,10.0,60.0,"10,20,30,40,50,60"
FLB_64,FLB,train,60,196.5,True,True,6,10.0,60.0,"10,20,30,40,50,60"
FLB_65,FLB,train,60,195.0,True,True,6,10.0,60.0,"10,20,30,40,50,60"
FLB_66,FLB,train,60,194.0,True,True,6,10.0,60.0,"10,20,30,40,50,60"
FLB_67,FLB,train,60,192.5,True,True,6,10.0,60.0,"10,20,30,40,50,60"
FLB_68,FLB,train,60,191.0,True,True,6,10.0,60.0,"10,20,30,40,50,60"
FLB_69,FLB,train,60,190.0,True,True,6,10.0,60.0,"10,20,30,40,50,60"
FLB_7,FLB,train,60,938.5,True,True,6,10.0,60.0,"10,20,30,40,50,60"
FLB_70,FLB,train,60,189.0,True,True,6,10.0,60.0,"10,20,30,40,50,60"
FLB_71,FLB,test,60,187.5,True,True,6,10.0,60.0,"10,20,30,40,50,60"
FLB_72,FLB,validation,60,186.5,True,True,6,10.0,60.0,"10,20,30,40,50,60"
FLB_73,FLB,train,60,185.5,True,True,6,10.0,60.0,"10,20,30,40,50,60"
FLB_74,FLB,train,60,184.5,True,True,6,10.0,60.0,"10,20,30,40,50,60"
FLB_75,FLB,train,60,183.5,True,True,6,10.0,60.0,"10,20,30,40,50,60"
FLB_76,FLB,train,60,182.5,True,True,6,10.0,60.0,"10,20,30,40,50,60"
FLB_77,FLB,train,60,181.5,True,True,6,10.0,60.0,"10,20,30,40,50,60"
FLB_78,FLB,train,60,180.5,True,True,6,10.0,60.0,"10,20,30,40,50,60"
FLB_79,FLB,train,60,179.5,True,True,6,10.0,60.0,"10,20,30,40,50,60"
FLB_8,FLB,train,60,830.5,True,True,6,10.0,60.0,"10,20,30,40,50,60"
FLB_80,FLB,train,60,178.5,True,True,6,10.0,60.0,"10,20,30,40,50,60"
FLB_81,FLB,test,60,177.5,True,True,6,10.0,60.0,"10,20,30,40,50,60"
FLB_82,FLB,validation,60,176.5,True,True,6,10.0,60.0,"10,20,30,40,50,60"
FLB_83,FLB,train,60,176.0,True,True,6,10.0,60.0,"10,20,30,40,50,60"
FLB_84,FLB,train,60,175.0,True,True,6,10.0,60.0,"10,20,30,40,50,60"
FLB_85,FLB,train,60,174.0,True,True,6,10.0,60.0,"10,20,30,40,50,60"
FLB_86,FLB,train,60,173.5,True,True,6,10.0,60.0,"10,20,30,40,50,60"
FLB_87,FLB,train,60,172.5,True,True,6,10.0,60.0,"10,20,30,40,50,60"
FLB_88,FLB,train,60,172.0,True,True,6,10.0,60.0,"10,20,30,40,50,60"
FLB_89,FLB,train,60,171.0,True,True,6,10.0,60.0,"10,20,30,40,50,60"
FLB_9,FLB,train,60,751.0,True,True,6,10.0,60.0,"10,20,30,40,50,60"
FLB_90,FLB,train,60,170.5,True,True,6,10.0,60.0,"10,20,30,40,50,60"
FLB_91,FLB,test,60,169.5,True,True,6,10.0,60.0,"10,20,30,40,50,60"
FLB_92,FLB,validation,60,169.0,True,True,6,10.0,60.0,"10,20,30,40,50,60"
FLB_93,FLB,train,60,168.5,True,True,6,10.0,60.0,"10,20,30,40,50,60"
FLB_94,FLB,train,60,167.5,True,True,6,10.0,60.0,"10,20,30,40,50,60"
FLB_95,FLB,train,60,167.0,True,True,6,10.0,60.0,"10,20,30,40,50,60"
FLB_96,FLB,train,60,166.5,True,True,6,10.0,60.0,"10,20,30,40,50,60"
FLB_97,FLB,train,60,166.0,True,True,6,10.0,60.0,"10,20,30,40,50,60"
FLB_98,FLB,train,60,165.0,True,True,6,10.0,60.0,"10,20,30,40,50,60"
FLB_99,FLB,train,60,164.5,True,True,6,10.0,60.0,"10,20,30,40,50,60"
LLB_1,LLB,test,60,,False,False,6,10.0,60.0,"10,20,30,40,50,60"
LLB_10,LLB,train,60,,False,False,6,10.0,60.0,"10,20,30,40,50,60"
LLB_100,LLB,train,60,,False,False,6,10.0,60.0,"10,20,30,40,50,60"
LLB_101,LLB,test,60,,False,False,6,10.0,60.0,"10,20,30,40,50,60"
LLB_11,LLB,test,60,,False,False,6,10.0,60.0,"10,20,30,40,50,60"
LLB_12,LLB,validation,60,,False,False,6,10.0,60.0,"10,20,30,40,50,60"
LLB_13,LLB,train,60,,False,False,6,10.0,60.0,"10,20,30,40,50,60"
LLB_14,LLB,train,60,,False,False,6,10.0,60.0,"10,20,30,40,50,60"
LLB_15,LLB,train,60,,False,False,6,10.0,60.0,"10,20,30,40,50,60"
LLB_16,LLB,train,60,,False,False,6,10.0,60.0,"10,20,30,40,50,60"
LLB_17,LLB,train,60,,False,False,6,10.0,60.0,"10,20,30,40,50,60"
LLB_18,LLB,train,60,,False,False,6,10.0,60.0,"10,20,30,40,50,60"
LLB_19,LLB,train,60,,False,False,6,10.0,60.0,"10,20,30,40,50,60"
LLB_2,LLB,validation,60,,False,False,6,10.0,60.0,"10,20,30,40,50,60"
LLB_20,LLB,train,60,,False,False,6,10.0,60.0,"10,20,30,40,50,60"
LLB_21,LLB,test,60,,False,False,6,10.0,60.0,"10,20,30,40,50,60"
LLB_22,LLB,validation,60,,False,False,6,10.0,60.0,"10,20,30,40,50,60"
LLB_23,LLB,train,60,,False,False,6,10.0,60.0,"10,20,30,40,50,60"
LLB_24,LLB,train,60,,False,False,6,10.0,60.0,"10,20,30,40,50,60"
LLB_25,LLB,train,60,,False,False,6,10.0,60.0,"10,20,30,40,50,60"
LLB_26,LLB,train,60,,False,False,6,10.0,60.0,"10,20,30,40,50,60"
LLB_27,LLB,train,60,,False,False,6,10.0,60.0,"10,20,30,40,50,60"
LLB_28,LLB,train,60,,False,False,6,10.0,60.0,"10,20,30,40,50,60"
LLB_29,LLB,train,60,,False,False,6,10.0,60.0,"10,20,30,40,50,60"
LLB_3,LLB,train,60,,False,False,6,10.0,60.0,"10,20,30,40,50,60"
LLB_30,LLB,train,60,,False,False,6,10.0,60.0,"10,20,30,40,50,60"
LLB_31,LLB,test,60,,False,False,6,10.0,60.0,"10,20,30,40,50,60"
LLB_32,LLB,validation,60,,False,False,6,10.0,60.0,"10,20,30,40,50,60"
LLB_33,LLB,train,60,,False,False,6,10.0,60.0,"10,20,30,40,50,60"
LLB_34,LLB,train,60,,False,False,6,10.0,60.0,"10,20,30,40,50,60"
LLB_35,LLB,train,60,,False,False,6,10.0,60.0,"10,20,30,40,50,60"
LLB_36,LLB,train,60,,False,False,6,10.0,60.0,"10,20,30,40,50,60"
LLB_37,LLB,train,60,,False,False,6,10.0,60.0,"10,20,30,40,50,60"
LLB_38,LLB,train,60,,False,False,6,10.0,60.0,"10,20,30,40,50,60"
LLB_39,LLB,train,60,,False,False,6,10.0,60.0,"10,20,30,40,50,60"
LLB_4,LLB,train,60,,False,False,6,10.0,60.0,"10,20,30,40,50,60"
LLB_40,LLB,train,60,,False,False,6,10.0,60.0,"10,20,30,40,50,60"
LLB_41,LLB,test,60,,False,False,6,10.0,60.0,"10,20,30,40,50,60"
LLB_42,LLB,validation,60,,False,False,6,10.0,60.0,"10,20,30,40,50,60"
LLB_43,LLB,train,60,,False,False,6,10.0,60.0,"10,20,30,40,50,60"
LLB_44,LLB,train,60,,False,False,6,10.0,60.0,"10,20,30,40,50,60"
LLB_45,LLB,train,60,,False,False,6,10.0,60.0,"10,20,30,40,50,60"
LLB_46,LLB,train,60,,False,False,6,10.0,60.0,"10,20,30,40,50,60"
LLB_47,LLB,train,60,,False,False,6,10.0,60.0,"10,20,30,40,50,60"
LLB_48,LLB,train,60,,False,False,6,10.0,60.0,"10,20,30,40,50,60"
LLB_49,LLB,train,60,,False,False,6,10.0,60.0,"10,20,30,40,50,60"
LLB_5,LLB,train,60,,False,False,6,10.0,60.0,"10,20,30,40,50,60"
LLB_50,LLB,train,60,,False,False,6,10.0,60.0,"10,20,30,40,50,60"
LLB_51,LLB,test,60,,False,False,6,10.0,60.0,"10,20,30,40,50,60"
LLB_52,LLB,validation,60,,False,False,6,10.0,60.0,"10,20,30,40,50,60"
LLB_53,LLB,train,60,,False,False,6,10.0,60.0,"10,20,30,40,50,60"
LLB_54,LLB,train,60,,False,False,6,10.0,60.0,"10,20,30,40,50,60"
LLB_55,LLB,train,60,,False,False,6,10.0,60.0,"10,20,30,40,50,60"
LLB_56,LLB,train,60,,False,False,6,10.0,60.0,"10,20,30,40,50,60"
LLB_57,LLB,train,60,,False,False,6,10.0,60.0,"10,20,30,40,50,60"
LLB_58,LLB,train,60,,False,False,6,10.0,60.0,"10,20,30,40,50,60"
LLB_59,LLB,train,60,,False,False,6,10.0,60.0,"10,20,30,40,50,60"
LLB_6,LLB,train,60,,False,False,6,10.0,60.0,"10,20,30,40,50,60"
LLB_60,LLB,train,60,,False,False,6,10.0,60.0,"10,20,30,40,50,60"
LLB_61,LLB,test,60,,False,False,6,10.0,60.0,"10,20,30,40,50,60"
LLB_62,LLB,validation,60,,False,False,6,10.0,60.0,"10,20,30,40,50,60"
LLB_63,LLB,train,60,,False,False,6,10.0,60.0,"10,20,30,40,50,60"
LLB_64,LLB,train,60,,False,False,6,10.0,60.0,"10,20,30,40,50,60"
LLB_65,LLB,train,60,,False,False,6,10.0,60.0,"10,20,30,40,50,60"
LLB_66,LLB,train,60,,False,False,6,10.0,60.0,"10,20,30,40,50,60"
LLB_67,LLB,train,60,,False,False,6,10.0,60.0,"10,20,30,40,50,60"
LLB_68,LLB,train,60,,False,False,6,10.0,60.0,"10,20,30,40,50,60"
LLB_69,LLB,train,60,,False,False,6,10.0,60.0,"10,20,30,40,50,60"
LLB_7,LLB,train,60,,False,False,6,10.0,60.0,"10,20,30,40,50,60"
LLB_70,LLB,train,60,,False,False,6,10.0,60.0,"10,20,30,40,50,60"
LLB_71,LLB,test,60,,False,False,6,10.0,60.0,"10,20,30,40,50,60"
LLB_72,LLB,validation,60,,False,False,6,10.0,60.0,"10,20,30,40,50,60"
LLB_73,LLB,train,60,,False,False,6,10.0,60.0,"10,20,30,40,50,60"
LLB_74,LLB,train,60,,False,False,6,10.0,60.0,"10,20,30,40,50,60"
LLB_75,LLB,train,60,,False,False,6,10.0,60.0,"10,20,30,40,50,60"
LLB_76,LLB,train,60,,False,False,6,10.0,60.0,"10,20,30,40,50,60"
LLB_77,LLB,train,60,,False,False,6,10.0,60.0,"10,20,30,40,50,60"
LLB_78,LLB,train,60,,False,False,6,10.0,60.0,"10,20,30,40,50,60"
LLB_79,LLB,train,60,,False,False,6,10.0,60.0,"10,20,30,40,50,60"
LLB_8,LLB,train,60,,False,False,6,10.0,60.0,"10,20,30,40,50,60"
LLB_80,LLB,train,60,,False,False,6,10.0,60.0,"10,20,30,40,50,60"
LLB_81,LLB,test,60,,False,False,6,10.0,60.0,"10,20,30,40,50,60"
LLB_82,LLB,validation,60,,False,False,6,10.0,60.0,"10,20,30,40,50,60"
LLB_83,LLB,train,60,,False,False,6,10.0,60.0,"10,20,30,40,50,60"
LLB_84,LLB,train,60,,False,False,6,10.0,60.0,"10,20,30,40,50,60"
LLB_85,LLB,train,60,,False,False,6,10.0,60.0,"10,20,30,40,50,60"
LLB_86,LLB,train,60,,False,False,6,10.0,60.0,"10,20,30,40,50,60"
LLB_87,LLB,train,60,,False,False,6,10.0,60.0,"10,20,30,40,50,60"
LLB_88,LLB,train,60,,False,False,6,10.0,60.0,"10,20,30,40,50,60"
LLB_89,LLB,train,60,,False,False,6,10.0,60.0,"10,20,30,40,50,60"
LLB_9,LLB,train,60,,False,False,6,10.0,60.0,"10,20,30,40,50,60"
LLB_90,LLB,train,60,,False,False,6,10.0,60.0,"10,20,30,40,50,60"
LLB_91,LLB,test,60,,False,False,6,10.0,60.0,"10,20,30,40,50,60"
LLB_92,LLB,validation,60,,False,False,6,10.0,60.0,"10,20,30,40,50,60"
LLB_93,LLB,train,60,,False,False,6,10.0,60.0,"10,20,30,40,50,60"
LLB_94,LLB,train,60,,False,False,6,10.0,60.0,"10,20,30,40,50,60"
LLB_95,LLB,train,60,,False,False,6,10.0,60.0,"10,20,30,40,50,60"
LLB_96,LLB,train,60,,False,False,6,10.0,60.0,"10,20,30,40,50,60"
LLB_97,LLB,train,60,,False,False,6,10.0,60.0,"10,20,30,40,50,60"
LLB_98,LLB,train,60,,False,False,6,10.0,60.0,"10,20,30,40,50,60"
LLB_99,LLB,train,60,,False,False,6,10.0,60.0,"10,20,30,40,50,60"
LOCAC_1,LOCAC,test,60,2521.5,True,True,6,10.0,60.0,"10,20,30,40,50,60"
LOCAC_10,LOCAC,train,60,224.0,True,True,6,10.0,60.0,"10,20,30,40,50,60"
LOCAC_100,LOCAC,train,60,118.0,True,True,6,10.0,60.0,"10,20,30,40,50,60"
LOCAC_11,LOCAC,test,60,211.5,True,True,6,10.0,60.0,"10,20,30,40,50,60"
LOCAC_12,LOCAC,validation,60,201.0,True,True,6,10.0,60.0,"10,20,30,40,50,60"
LOCAC_13,LOCAC,train,60,192.5,True,True,6,10.0,60.0,"10,20,30,40,50,60"
LOCAC_14,LOCAC,train,60,185.5,True,True,6,10.0,60.0,"10,20,30,40,50,60"
LOCAC_15,LOCAC,train,60,179.5,True,True,6,10.0,60.0,"10,20,30,40,50,60"
LOCAC_16,LOCAC,train,60,174.5,True,True,6,10.0,60.0,"10,20,30,40,50,60"
LOCAC_17,LOCAC,train,60,170.0,True,True,6,10.0,60.0,"10,20,30,40,50,60"
LOCAC_18,LOCAC,train,60,166.0,True,True,6,10.0,60.0,"10,20,30,40,50,60"
LOCAC_19,LOCAC,train,60,162.5,True,True,6,10.0,60.0,"10,20,30,40,50,60"
LOCAC_2,LOCAC,validation,60,1299.0,True,True,6,10.0,60.0,"10,20,30,40,50,60"
LOCAC_20,LOCAC,train,60,159.5,True,True,6,10.0,60.0,"10,20,30,40,50,60"
LOCAC_21,LOCAC,test,60,157.0,True,True,6,10.0,60.0,"10,20,30,40,50,60"
LOCAC_22,LOCAC,validation,60,154.5,True,True,6,10.0,60.0,"10,20,30,40,50,60"
LOCAC_23,LOCAC,train,60,152.5,True,True,6,10.0,60.0,"10,20,30,40,50,60"
LOCAC_24,LOCAC,train,60,150.5,True,True,6,10.0,60.0,"10,20,30,40,50,60"
LOCAC_25,LOCAC,train,60,148.5,True,True,6,10.0,60.0,"10,20,30,40,50,60"
LOCAC_26,LOCAC,train,60,463.5,True,True,6,10.0,60.0,"10,20,30,40,50,60"
LOCAC_27,LOCAC,train,60,145.5,True,True,6,10.0,60.0,"10,20,30,40,50,60"
LOCAC_28,LOCAC,train,60,144.0,True,True,6,10.0,60.0,"10,20,30,40,50,60"
LOCAC_29,LOCAC,train,60,142.5,True,True,6,10.0,60.0,"10,20,30,40,50,60"
LOCAC_3,LOCAC,train,60,917.0,True,True,6,10.0,60.0,"10,20,30,40,50,60"
LOCAC_30,LOCAC,train,60,416.5,True,True,6,10.0,60.0,"10,20,30,40,50,60"
LOCAC_31,LOCAC,test,60,140.0,True,True,6,10.0,60.0,"10,20,30,40,50,60"
LOCAC_32,LOCAC,validation,60,139.0,True,True,6,10.0,60.0,"10,20,30,40,50,60"
LOCAC_33,LOCAC,train,60,138.0,True,True,6,10.0,60.0,"10,20,30,40,50,60"
LOCAC_34,LOCAC,train,60,137.0,True,True,6,10.0,60.0,"10,20,30,40,50,60"
LOCAC_35,LOCAC,train,60,136.5,True,True,6,10.0,60.0,"10,20,30,40,50,60"
LOCAC_36,LOCAC,train,60,135.5,True,True,6,10.0,60.0,"10,20,30,40,50,60"
LOCAC_37,LOCAC,train,60,134.5,True,True,6,10.0,60.0,"10,20,30,40,50,60"
LOCAC_38,LOCAC,train,60,134.0,True,True,6,10.0,60.0,"10,20,30,40,50,60"
LOCAC_39,LOCAC,train,60,133.5,True,True,6,10.0,60.0,"10,20,30,40,50,60"
LOCAC_4,LOCAC,train,60,569.5,True,True,6,10.0,60.0,"10,20,30,40,50,60"
LOCAC_40,LOCAC,train,60,132.5,True,True,6,10.0,60.0,"10,20,30,40,50,60"
LOCAC_41,LOCAC,test,60,132.0,True,True,6,10.0,60.0,"10,20,30,40,50,60"
LOCAC_42,LOCAC,validation,60,131.5,True,True,6,10.0,60.0,"10,20,30,40,50,60"
LOCAC_43,LOCAC,train,60,131.0,True,True,6,10.0,60.0,"10,20,30,40,50,60"
LOCAC_44,LOCAC,train,60,130.5,True,True,6,10.0,60.0,"10,20,30,40,50,60"
LOCAC_45,LOCAC,train,60,130.0,True,True,6,10.0,60.0,"10,20,30,40,50,60"
LOCAC_46,LOCAC,train,60,129.5,True,True,6,10.0,60.0,"10,20,30,40,50,60"
LOCAC_47,LOCAC,train,60,129.0,True,True,6,10.0,60.0,"10,20,30,40,50,60"
LOCAC_48,LOCAC,train,60,128.5,True,True,6,10.0,60.0,"10,20,30,40,50,60"
LOCAC_49,LOCAC,train,60,128.0,True,True,6,10.0,60.0,"10,20,30,40,50,60"
LOCAC_5,LOCAC,train,60,418.0,True,True,6,10.0,60.0,"10,20,30,40,50,60"
LOCAC_50,LOCAC,train,60,127.5,True,True,6,10.0,60.0,"10,20,30,40,50,60"
LOCAC_51,LOCAC,test,60,127.0,True,True,6,10.0,60.0,"10,20,30,40,50,60"
LOCAC_52,LOCAC,validation,60,127.0,True,True,6,10.0,60.0,"10,20,30,40,50,60"
LOCAC_53,LOCAC,train,60,126.5,True,True,6,10.0,60.0,"10,20,30,40,50,60"
LOCAC_54,LOCAC,train,60,126.0,True,True,6,10.0,60.0,"10,20,30,40,50,60"
LOCAC_55,LOCAC,train,60,125.5,True,True,6,10.0,60.0,"10,20,30,40,50,60"
LOCAC_56,LOCAC,train,60,125.5,True,True,6,10.0,60.0,"10,20,30,40,50,60"
LOCAC_57,LOCAC,train,60,125.0,True,True,6,10.0,60.0,"10,20,30,40,50,60"
LOCAC_58,LOCAC,train,60,125.0,True,True,6,10.0,60.0,"10,20,30,40,50,60"
LOCAC_59,LOCAC,train,60,124.5,True,True,6,10.0,60.0,"10,20,30,40,50,60"
LOCAC_6,LOCAC,train,60,340.5,True,True,6,10.0,60.0,"10,20,30,40,50,60"
LOCAC_60,LOCAC,train,60,124.0,True,True,6,10.0,60.0,"10,20,30,40,50,60"
LOCAC_61,LOCAC,test,60,124.0,True,True,6,10.0,60.0,"10,20,30,40,50,60"
LOCAC_62,LOCAC,validation,60,123.5,True,True,6,10.0,60.0,"10,20,30,40,50,60"
LOCAC_63,LOCAC,train,60,123.5,True,True,6,10.0,60.0,"10,20,30,40,50,60"
LOCAC_64,LOCAC,train,60,123.0,True,True,6,10.0,60.0,"10,20,30,40,50,60"
LOCAC_65,LOCAC,train,60,123.0,True,True,6,10.0,60.0,"10,20,30,40,50,60"
LOCAC_66,LOCAC,train,60,122.5,True,True,6,10.0,60.0,"10,20,30,40,50,60"
LOCAC_67,LOCAC,train,60,122.5,True,True,6,10.0,60.0,"10,20,30,40,50,60"
LOCAC_68,LOCAC,train,60,122.0,True,True,6,10.0,60.0,"10,20,30,40,50,60"
LOCAC_69,LOCAC,train,60,122.0,True,True,6,10.0,60.0,"10,20,30,40,50,60"
LOCAC_7,LOCAC,train,60,294.0,True,True,6,10.0,60.0,"10,20,30,40,50,60"
LOCAC_70,LOCAC,train,60,122.0,True,True,6,10.0,60.0,"10,20,30,40,50,60"
LOCAC_71,LOCAC,test,60,121.5,True,True,6,10.0,60.0,"10,20,30,40,50,60"
LOCAC_72,LOCAC,validation,60,121.5,True,True,6,10.0,60.0,"10,20,30,40,50,60"
LOCAC_73,LOCAC,train,60,121.5,True,True,6,10.0,60.0,"10,20,30,40,50,60"
LOCAC_74,LOCAC,train,60,121.0,True,True,6,10.0,60.0,"10,20,30,40,50,60"
LOCAC_75,LOCAC,train,60,121.0,True,True,6,10.0,60.0,"10,20,30,40,50,60"
LOCAC_76,LOCAC,train,60,121.0,True,True,6,10.0,60.0,"10,20,30,40,50,60"
LOCAC_77,LOCAC,train,60,120.5,True,True,6,10.0,60.0,"10,20,30,40,50,60"
LOCAC_78,LOCAC,train,60,120.5,True,True,6,10.0,60.0,"10,20,30,40,50,60"
LOCAC_79,LOCAC,train,60,120.5,True,True,6,10.0,60.0,"10,20,30,40,50,60"
LOCAC_8,LOCAC,train,60,263.0,True,True,6,10.0,60.0,"10,20,30,40,50,60"
LOCAC_80,LOCAC,train,60,120.0,True,True,6,10.0,60.0,"10,20,30,40,50,60"
LOCAC_81,LOCAC,test,60,120.0,True,True,6,10.0,60.0,"10,20,30,40,50,60"
LOCAC_82,LOCAC,validation,60,120.0,True,True,6,10.0,60.0,"10,20,30,40,50,60"
LOCAC_83,LOCAC,train,60,119.5,True,True,6,10.0,60.0,"10,20,30,40,50,60"
LOCAC_84,LOCAC,train,60,119.5,True,True,6,10.0,60.0,"10,20,30,40,50,60"
LOCAC_85,LOCAC,train,60,119.5,True,True,6,10.0,60.0,"10,20,30,40,50,60"
LOCAC_86,LOCAC,train,60,119.5,True,True,6,10.0,60.0,"10,20,30,40,50,60"
LOCAC_87,LOCAC,train,60,119.0,True,True,6,10.0,60.0,"10,20,30,40,50,60"
LOCAC_88,LOCAC,train,60,119.0,True,True,6,10.0,60.0,"10,20,30,40,50,60"
LOCAC_89,LOCAC,train,60,119.0,True,True,6,10.0,60.0,"10,20,30,40,50,60"
LOCAC_9,LOCAC,train,60,241.0,True,True,6,10.0,60.0,"10,20,30,40,50,60"
LOCAC_90,LOCAC,train,60,119.0,True,True,6,10.0,60.0,"10,20,30,40,50,60"
LOCAC_91,LOCAC,test,60,118.5,True,True,6,10.0,60.0,"10,20,30,40,50,60"
LOCAC_92,LOCAC,validation,60,118.5,True,True,6,10.0,60.0,"10,20,30,40,50,60"
LOCAC_93,LOCAC,train,60,118.5,True,True,6,10.0,60.0,"10,20,30,40,50,60"
LOCAC_94,LOCAC,train,60,118.5,True,True,6,10.0,60.0,"10,20,30,40,50,60"
LOCAC_95,LOCAC,train,60,118.5,True,True,6,10.0,60.0,"10,20,30,40,50,60"
LOCAC_96,LOCAC,train,60,118.0,True,True,6,10.0,60.0,"10,20,30,40,50,60"
LOCAC_97,LOCAC,train,60,118.0,True,True,6,10.0,60.0,"10,20,30,40,50,60"
LOCAC_98,LOCAC,train,60,118.0,True,True,6,10.0,60.0,"10,20,30,40,50,60"
LOCAC_99,LOCAC,train,60,118.0,True,True,6,10.0,60.0,"10,20,30,40,50,60"
LOCA_1,LOCA,test,60,2031.5,True,True,6,10.0,60.0,"10,20,30,40,50,60"
LOCA_10,LOCA,train,60,224.0,True,True,6,10.0,60.0,"10,20,30,40,50,60"
LOCA_100,LOCA,train,60,117.5,True,True,6,10.0,60.0,"10,20,30,40,50,60"
LOCA_11,LOCA,test,60,211.0,True,True,6,10.0,60.0,"10,20,30,40,50,60"
LOCA_12,LOCA,validation,60,200.5,True,True,6,10.0,60.0,"10,20,30,40,50,60"
LOCA_13,LOCA,train,60,192.0,True,True,6,10.0,60.0,"10,20,30,40,50,60"
LOCA_14,LOCA,train,60,185.0,True,True,6,10.0,60.0,"10,20,30,40,50,60"
LOCA_15,LOCA,train,60,179.0,True,True,6,10.0,60.0,"10,20,30,40,50,60"
LOCA_16,LOCA,train,60,174.0,True,True,6,10.0,60.0,"10,20,30,40,50,60"
LOCA_17,LOCA,train,60,169.5,True,True,6,10.0,60.0,"10,20,30,40,50,60"
LOCA_18,LOCA,train,60,166.0,True,True,6,10.0,60.0,"10,20,30,40,50,60"
LOCA_19,LOCA,train,60,162.5,True,True,6,10.0,60.0,"10,20,30,40,50,60"
LOCA_2,LOCA,validation,60,1094.5,True,True,6,10.0,60.0,"10,20,30,40,50,60"
LOCA_20,LOCA,train,60,159.5,True,True,6,10.0,60.0,"10,20,30,40,50,60"
LOCA_21,LOCA,test,60,156.5,True,True,6,10.0,60.0,"10,20,30,40,50,60"
LOCA_22,LOCA,validation,60,154.5,True,True,6,10.0,60.0,"10,20,30,40,50,60"
LOCA_23,LOCA,train,60,152.0,True,True,6,10.0,60.0,"10,20,30,40,50,60"
LOCA_24,LOCA,train,60,150.0,True,True,6,10.0,60.0,"10,20,30,40,50,60"
LOCA_25,LOCA,train,60,148.0,True,True,6,10.0,60.0,"10,20,30,40,50,60"
LOCA_26,LOCA,train,60,146.5,True,True,6,10.0,60.0,"10,20,30,40,50,60"
LOCA_27,LOCA,train,60,145.0,True,True,6,10.0,60.0,"10,20,30,40,50,60"
LOCA_28,LOCA,train,60,143.5,True,True,6,10.0,60.0,"10,20,30,40,50,60"
LOCA_29,LOCA,train,60,142.0,True,True,6,10.0,60.0,"10,20,30,40,50,60"
LOCA_3,LOCA,train,60,790.5,True,True,6,10.0,60.0,"10,20,30,40,50,60"
LOCA_30,LOCA,train,60,141.0,True,True,6,10.0,60.0,"10,20,30,40,50,60"
LOCA_31,LOCA,test,60,140.0,True,True,6,10.0,60.0,"10,20,30,40,50,60"
LOCA_32,LOCA,validation,60,139.0,True,True,6,10.0,60.0,"10,20,30,40,50,60"
LOCA_33,LOCA,train,60,138.0,True,True,6,10.0,60.0,"10,20,30,40,50,60"
LOCA_34,LOCA,train,60,137.0,True,True,6,10.0,60.0,"10,20,30,40,50,60"
LOCA_35,LOCA,train,60,136.0,True,True,6,10.0,60.0,"10,20,30,40,50,60"
LOCA_36,LOCA,train,60,135.0,True,True,6,10.0,60.0,"10,20,30,40,50,60"
LOCA_37,LOCA,train,60,134.5,True,True,6,10.0,60.0,"10,20,30,40,50,60"
LOCA_38,LOCA,train,60,133.5,True,True,6,10.0,60.0,"10,20,30,40,50,60"
LOCA_39,LOCA,train,60,133.0,True,True,6,10.0,60.0,"10,20,30,40,50,60"
LOCA_4,LOCA,train,60,569.0,True,True,6,10.0,60.0,"10,20,30,40,50,60"
LOCA_40,LOCA,train,60,132.5,True,True,6,10.0,60.0,"10,20,30,40,50,60"
LOCA_41,LOCA,test,60,131.5,True,True,6,10.0,60.0,"10,20,30,40,50,60"
LOCA_42,LOCA,validation,60,131.0,True,True,6,10.0,60.0,"10,20,30,40,50,60"
LOCA_43,LOCA,train,60,45.0,True,False,6,10.0,60.0,"10,20,30,40,50,60"
LOCA_44,LOCA,train,60,130.0,True,True,6,10.0,60.0,"10,20,30,40,50,60"
LOCA_45,LOCA,train,60,129.5,True,True,6,10.0,60.0,"10,20,30,40,50,60"
LOCA_46,LOCA,train,60,129.0,True,True,6,10.0,60.0,"10,20,30,40,50,60"
LOCA_47,LOCA,train,60,128.5,True,True,6,10.0,60.0,"10,20,30,40,50,60"
LOCA_48,LOCA,train,60,128.0,True,True,6,10.0,60.0,"10,20,30,40,50,60"
LOCA_49,LOCA,train,60,127.5,True,True,6,10.0,60.0,"10,20,30,40,50,60"
LOCA_5,LOCA,train,60,417.5,True,True,6,10.0,60.0,"10,20,30,40,50,60"
LOCA_50,LOCA,train,60,127.5,True,True,6,10.0,60.0,"10,20,30,40,50,60"
LOCA_51,LOCA,test,60,127.0,True,True,6,10.0,60.0,"10,20,30,40,50,60"
LOCA_52,LOCA,validation,60,126.5,True,True,6,10.0,60.0,"10,20,30,40,50,60"
LOCA_53,LOCA,train,60,126.0,True,True,6,10.0,60.0,"10,20,30,40,50,60"
LOCA_54,LOCA,train,60,126.0,True,True,6,10.0,60.0,"10,20,30,40,50,60"
LOCA_55,LOCA,train,60,125.5,True,True,6,10.0,60.0,"10,20,30,40,50,60"
LOCA_56,LOCA,train,60,125.0,True,True,6,10.0,60.0,"10,20,30,40,50,60"
LOCA_57,LOCA,train,60,125.0,True,True,6,10.0,60.0,"10,20,30,40,50,60"
LOCA_58,LOCA,train,60,124.5,True,True,6,10.0,60.0,"10,20,30,40,50,60"
LOCA_59,LOCA,train,60,124.0,True,True,6,10.0,60.0,"10,20,30,40,50,60"
LOCA_6,LOCA,train,60,340.0,True,True,6,10.0,60.0,"10,20,30,40,50,60"
LOCA_60,LOCA,train,60,124.0,True,True,6,10.0,60.0,"10,20,30,40,50,60"
LOCA_61,LOCA,test,60,123.5,True,True,6,10.0,60.0,"10,20,30,40,50,60"
LOCA_62,LOCA,validation,60,123.5,True,True,6,10.0,60.0,"10,20,30,40,50,60"
LOCA_63,LOCA,train,60,123.0,True,True,6,10.0,60.0,"10,20,30,40,50,60"
LOCA_64,LOCA,train,60,123.0,True,True,6,10.0,60.0,"10,20,30,40,50,60"
LOCA_65,LOCA,train,60,122.5,True,True,6,10.0,60.0,"10,20,30,40,50,60"
LOCA_66,LOCA,train,60,122.5,True,True,6,10.0,60.0,"10,20,30,40,50,60"
LOCA_67,LOCA,train,60,122.0,True,True,6,10.0,60.0,"10,20,30,40,50,60"
LOCA_68,LOCA,train,60,122.0,True,True,6,10.0,60.0,"10,20,30,40,50,60"
LOCA_69,LOCA,train,60,122.0,True,True,6,10.0,60.0,"10,20,30,40,50,60"
LOCA_7,LOCA,train,60,293.5,True,True,6,10.0,60.0,"10,20,30,40,50,60"
LOCA_70,LOCA,train,60,121.5,True,True,6,10.0,60.0,"10,20,30,40,50,60"
LOCA_71,LOCA,test,60,121.5,True,True,6,10.0,60.0,"10,20,30,40,50,60"
LOCA_72,LOCA,validation,60,121.0,True,True,6,10.0,60.0,"10,20,30,40,50,60"
LOCA_73,LOCA,train,60,121.0,True,True,6,10.0,60.0,"10,20,30,40,50,60"
LOCA_74,LOCA,train,60,121.0,True,True,6,10.0,60.0,"10,20,30,40,50,60"
LOCA_75,LOCA,train,60,120.5,True,True,6,10.0,60.0,"10,20,30,40,50,60"
LOCA_76,LOCA,train,60,120.5,True,True,6,10.0,60.0,"10,20,30,40,50,60"
LOCA_77,LOCA,train,60,120.5,True,True,6,10.0,60.0,"10,20,30,40,50,60"
LOCA_78,LOCA,train,60,120.0,True,True,6,10.0,60.0,"10,20,30,40,50,60"
LOCA_79,LOCA,train,60,120.0,True,True,6,10.0,60.0,"10,20,30,40,50,60"
LOCA_8,LOCA,train,60,262.5,True,True,6,10.0,60.0,"10,20,30,40,50,60"
LOCA_80,LOCA,train,60,120.0,True,True,6,10.0,60.0,"10,20,30,40,50,60"
LOCA_81,LOCA,test,60,119.5,True,True,6,10.0,60.0,"10,20,30,40,50,60"
LOCA_82,LOCA,validation,60,119.5,True,True,6,10.0,60.0,"10,20,30,40,50,60"
LOCA_83,LOCA,train,60,119.5,True,True,6,10.0,60.0,"10,20,30,40,50,60"
LOCA_84,LOCA,train,60,119.5,True,True,6,10.0,60.0,"10,20,30,40,50,60"
LOCA_85,LOCA,train,60,119.0,True,True,6,10.0,60.0,"10,20,30,40,50,60"
LOCA_86,LOCA,train,60,119.0,True,True,6,10.0,60.0,"10,20,30,40,50,60"
LOCA_87,LOCA,train,60,119.0,True,True,6,10.0,60.0,"10,20,30,40,50,60"
LOCA_88,LOCA,train,60,119.0,True,True,6,10.0,60.0,"10,20,30,40,50,60"
LOCA_89,LOCA,train,60,118.5,True,True,6,10.0,60.0,"10,20,30,40,50,60"
LOCA_9,LOCA,train,60,240.5,True,True,6,10.0,60.0,"10,20,30,40,50,60"
LOCA_90,LOCA,train,60,118.5,True,True,6,10.0,60.0,"10,20,30,40,50,60"
LOCA_91,LOCA,test,60,118.5,True,True,6,10.0,60.0,"10,20,30,40,50,60"
LOCA_92,LOCA,validation,60,118.5,True,True,6,10.0,60.0,"10,20,30,40,50,60"
LOCA_93,LOCA,train,60,118.0,True,True,6,10.0,60.0,"10,20,30,40,50,60"
LOCA_94,LOCA,train,60,118.0,True,True,6,10.0,60.0,"10,20,30,40,50,60"
LOCA_95,LOCA,train,60,118.0,True,True,6,10.0,60.0,"10,20,30,40,50,60"
LOCA_96,LOCA,train,60,118.0,True,True,6,10.0,60.0,"10,20,30,40,50,60"
LOCA_97,LOCA,train,60,118.0,True,True,6,10.0,60.0,"10,20,30,40,50,60"
LOCA_98,LOCA,train,60,117.5,True,True,6,10.0,60.0,"10,20,30,40,50,60"
LOCA_99,LOCA,train,60,117.5,True,True,6,10.0,60.0,"10,20,30,40,50,60"
LR_1,LR,test,60,,False,False,6,10.0,60.0,"10,20,30,40,50,60"
LR_10,LR,train,60,,False,False,6,10.0,60.0,"10,20,30,40,50,60"
LR_11,LR,test,60,,False,False,6,10.0,60.0,"10,20,30,40,50,60"
LR_12,LR,validation,60,,False,False,6,10.0,60.0,"10,20,30,40,50,60"
LR_13,LR,train,60,,False,False,6,10.0,60.0,"10,20,30,40,50,60"
LR_14,LR,train,60,,False,False,6,10.0,60.0,"10,20,30,40,50,60"
LR_15,LR,train,60,,False,False,6,10.0,60.0,"10,20,30,40,50,60"
LR_16,LR,train,60,,False,False,6,10.0,60.0,"10,20,30,40,50,60"
LR_17,LR,train,60,,False,False,6,10.0,60.0,"10,20,30,40,50,60"
LR_18,LR,train,60,,False,False,6,10.0,60.0,"10,20,30,40,50,60"
LR_19,LR,train,60,,False,False,6,10.0,60.0,"10,20,30,40,50,60"
LR_2,LR,validation,60,,False,False,6,10.0,60.0,"10,20,30,40,50,60"
LR_20,LR,train,60,,False,False,6,10.0,60.0,"10,20,30,40,50,60"
LR_21,LR,test,60,,False,False,6,10.0,60.0,"10,20,30,40,50,60"
LR_22,LR,validation,60,,False,False,6,10.0,60.0,"10,20,30,40,50,60"
LR_23,LR,train,60,,False,False,6,10.0,60.0,"10,20,30,40,50,60"
LR_24,LR,train,60,,False,False,6,10.0,60.0,"10,20,30,40,50,60"
LR_25,LR,train,60,,False,False,6,10.0,60.0,"10,20,30,40,50,60"
LR_26,LR,train,60,,False,False,6,10.0,60.0,"10,20,30,40,50,60"
LR_27,LR,train,60,,False,False,6,10.0,60.0,"10,20,30,40,50,60"
LR_28,LR,train,60,,False,False,6,10.0,60.0,"10,20,30,40,50,60"
LR_29,LR,train,60,,False,False,6,10.0,60.0,"10,20,30,40,50,60"
LR_3,LR,train,60,,False,False,6,10.0,60.0,"10,20,30,40,50,60"
LR_30,LR,train,60,,False,False,6,10.0,60.0,"10,20,30,40,50,60"
LR_31,LR,test,60,,False,False,6,10.0,60.0,"10,20,30,40,50,60"
LR_32,LR,validation,60,,False,False,6,10.0,60.0,"10,20,30,40,50,60"
LR_33,LR,train,60,,False,False,6,10.0,60.0,"10,20,30,40,50,60"
LR_34,LR,train,60,,False,False,6,10.0,60.0,"10,20,30,40,50,60"
LR_35,LR,train,60,,False,False,6,10.0,60.0,"10,20,30,40,50,60"
LR_36,LR,train,60,,False,False,6,10.0,60.0,"10,20,30,40,50,60"
LR_37,LR,train,60,,False,False,6,10.0,60.0,"10,20,30,40,50,60"
LR_38,LR,train,60,,False,False,6,10.0,60.0,"10,20,30,40,50,60"
LR_39,LR,train,60,,False,False,6,10.0,60.0,"10,20,30,40,50,60"
LR_4,LR,train,60,,False,False,6,10.0,60.0,"10,20,30,40,50,60"
LR_40,LR,train,60,,False,False,6,10.0,60.0,"10,20,30,40,50,60"
LR_41,LR,test,60,,False,False,6,10.0,60.0,"10,20,30,40,50,60"
LR_42,LR,validation,60,,False,False,6,10.0,60.0,"10,20,30,40,50,60"
LR_43,LR,train,60,,False,False,6,10.0,60.0,"10,20,30,40,50,60"
LR_44,LR,train,60,,False,False,6,10.0,60.0,"10,20,30,40,50,60"
LR_45,LR,train,60,,False,False,6,10.0,60.0,"10,20,30,40,50,60"
LR_46,LR,train,60,,False,False,6,10.0,60.0,"10,20,30,40,50,60"
LR_47,LR,train,60,,False,False,6,10.0,60.0,"10,20,30,40,50,60"
LR_48,LR,train,60,,False,False,6,10.0,60.0,"10,20,30,40,50,60"
LR_49,LR,train,60,,False,False,6,10.0,60.0,"10,20,30,40,50,60"
LR_5,LR,train,60,,False,False,6,10.0,60.0,"10,20,30,40,50,60"
LR_50,LR,train,60,,False,False,6,10.0,60.0,"10,20,30,40,50,60"
LR_51,LR,test,60,,False,False,6,10.0,60.0,"10,20,30,40,50,60"
LR_52,LR,validation,60,,False,False,6,10.0,60.0,"10,20,30,40,50,60"
LR_53,LR,train,60,,False,False,6,10.0,60.0,"10,20,30,40,50,60"
LR_54,LR,train,60,,False,False,6,10.0,60.0,"10,20,30,40,50,60"
LR_55,LR,train,60,,False,False,6,10.0,60.0,"10,20,30,40,50,60"
LR_56,LR,train,60,,False,False,6,10.0,60.0,"10,20,30,40,50,60"
LR_57,LR,train,60,,False,False,6,10.0,60.0,"10,20,30,40,50,60"
LR_58,LR,train,60,,False,False,6,10.0,60.0,"10,20,30,40,50,60"
LR_59,LR,train,60,,False,False,6,10.0,60.0,"10,20,30,40,50,60"
LR_6,LR,train,60,,False,False,6,10.0,60.0,"10,20,30,40,50,60"
LR_60,LR,train,60,,False,False,6,10.0,60.0,"10,20,30,40,50,60"
LR_61,LR,test,60,,False,False,6,10.0,60.0,"10,20,30,40,50,60"
LR_62,LR,validation,60,,False,False,6,10.0,60.0,"10,20,30,40,50,60"
LR_63,LR,train,60,,False,False,6,10.0,60.0,"10,20,30,40,50,60"
LR_64,LR,train,60,,False,False,6,10.0,60.0,"10,20,30,40,50,60"
LR_65,LR,train,60,,False,False,6,10.0,60.0,"10,20,30,40,50,60"
LR_66,LR,train,60,,False,False,6,10.0,60.0,"10,20,30,40,50,60"
LR_67,LR,train,60,,False,False,6,10.0,60.0,"10,20,30,40,50,60"
LR_68,LR,train,60,,False,False,6,10.0,60.0,"10,20,30,40,50,60"
LR_69,LR,train,60,,False,False,6,10.0,60.0,"10,20,30,40,50,60"
LR_7,LR,train,60,,False,False,6,10.0,60.0,"10,20,30,40,50,60"
LR_70,LR,train,60,,False,False,6,10.0,60.0,"10,20,30,40,50,60"
LR_71,LR,test,60,,False,False,6,10.0,60.0,"10,20,30,40,50,60"
LR_72,LR,validation,60,,False,False,6,10.0,60.0,"10,20,30,40,50,60"
LR_73,LR,train,60,,False,False,6,10.0,60.0,"10,20,30,40,50,60"
LR_74,LR,train,60,,False,False,6,10.0,60.0,"10,20,30,40,50,60"
LR_75,LR,train,60,,False,False,6,10.0,60.0,"10,20,30,40,50,60"
LR_76,LR,train,60,,False,False,6,10.0,60.0,"10,20,30,40,50,60"
LR_77,LR,train,60,,False,False,6,10.0,60.0,"10,20,30,40,50,60"
LR_78,LR,train,60,,False,False,6,10.0,60.0,"10,20,30,40,50,60"
LR_79,LR,train,60,,False,False,6,10.0,60.0,"10,20,30,40,50,60"
LR_8,LR,train,60,,False,False,6,10.0,60.0,"10,20,30,40,50,60"
LR_80,LR,train,60,,False,False,6,10.0,60.0,"10,20,30,40,50,60"
LR_81,LR,test,60,,False,False,6,10.0,60.0,"10,20,30,40,50,60"
LR_82,LR,validation,60,,False,False,6,10.0,60.0,"10,20,30,40,50,60"
LR_83,LR,train,60,,False,False,6,10.0,60.0,"10,20,30,40,50,60"
LR_84,LR,train,60,,False,False,6,10.0,60.0,"10,20,30,40,50,60"
LR_85,LR,train,60,,False,False,6,10.0,60.0,"10,20,30,40,50,60"
LR_86,LR,train,60,,False,False,6,10.0,60.0,"10,20,30,40,50,60"
LR_87,LR,train,60,,False,False,6,10.0,60.0,"10,20,30,40,50,60"
LR_88,LR,train,60,,False,False,6,10.0,60.0,"10,20,30,40,50,60"
LR_89,LR,train,60,,False,False,6,10.0,60.0,"10,20,30,40,50,60"
LR_9,LR,train,60,,False,False,6,10.0,60.0,"10,20,30,40,50,60"
LR_90,LR,train,60,,False,False,6,10.0,60.0,"10,20,30,40,50,60"
LR_91,LR,test,60,,False,False,6,10.0,60.0,"10,20,30,40,50,60"
LR_92,LR,validation,60,,False,False,6,10.0,60.0,"10,20,30,40,50,60"
LR_93,LR,train,60,,False,False,6,10.0,60.0,"10,20,30,40,50,60"
LR_94,LR,train,60,,False,False,6,10.0,60.0,"10,20,30,40,50,60"
LR_95,LR,train,60,,False,False,6,10.0,60.0,"10,20,30,40,50,60"
LR_96,LR,train,60,,False,False,6,10.0,60.0,"10,20,30,40,50,60"
LR_97,LR,train,60,,False,False,6,10.0,60.0,"10,20,30,40,50,60"
LR_98,LR,train,60,,False,False,6,10.0,60.0,"10,20,30,40,50,60"
LR_99,LR,train,60,,False,False,6,10.0,60.0,"10,20,30,40,50,60"
MD_1,MD,test,60,,False,False,6,10.0,60.0,"10,20,30,40,50,60"
MD_10,MD,train,60,,False,False,6,10.0,60.0,"10,20,30,40,50,60"
MD_100,MD,train,60,,False,False,6,10.0,60.0,"10,20,30,40,50,60"
MD_11,MD,test,60,,False,False,6,10.0,60.0,"10,20,30,40,50,60"
MD_12,MD,validation,60,,False,False,6,10.0,60.0,"10,20,30,40,50,60"
MD_13,MD,train,60,,False,False,6,10.0,60.0,"10,20,30,40,50,60"
MD_14,MD,train,60,,False,False,6,10.0,60.0,"10,20,30,40,50,60"
MD_15,MD,train,60,,False,False,6,10.0,60.0,"10,20,30,40,50,60"
MD_16,MD,train,60,,False,False,6,10.0,60.0,"10,20,30,40,50,60"
MD_17,MD,train,60,,False,False,6,10.0,60.0,"10,20,30,40,50,60"
MD_18,MD,train,60,,False,False,6,10.0,60.0,"10,20,30,40,50,60"
MD_19,MD,train,60,,False,False,6,10.0,60.0,"10,20,30,40,50,60"
MD_2,MD,validation,60,,False,False,6,10.0,60.0,"10,20,30,40,50,60"
MD_20,MD,train,60,,False,False,6,10.0,60.0,"10,20,30,40,50,60"
MD_21,MD,test,60,,False,False,6,10.0,60.0,"10,20,30,40,50,60"
MD_22,MD,validation,60,,False,False,6,10.0,60.0,"10,20,30,40,50,60"
MD_23,MD,train,60,,False,False,6,10.0,60.0,"10,20,30,40,50,60"
MD_24,MD,train,60,,False,False,6,10.0,60.0,"10,20,30,40,50,60"
MD_25,MD,train,60,,False,False,6,10.0,60.0,"10,20,30,40,50,60"
MD_26,MD,train,60,,False,False,6,10.0,60.0,"10,20,30,40,50,60"
MD_27,MD,train,60,,False,False,6,10.0,60.0,"10,20,30,40,50,60"
MD_28,MD,train,60,,False,False,6,10.0,60.0,"10,20,30,40,50,60"
MD_29,MD,train,60,,False,False,6,10.0,60.0,"10,20,30,40,50,60"
MD_3,MD,train,60,,False,False,6,10.0,60.0,"10,20,30,40,50,60"
MD_30,MD,train,60,,False,False,6,10.0,60.0,"10,20,30,40,50,60"
MD_31,MD,test,60,,False,False,6,10.0,60.0,"10,20,30,40,50,60"
MD_32,MD,validation,60,,False,False,6,10.0,60.0,"10,20,30,40,50,60"
MD_33,MD,train,60,,False,False,6,10.0,60.0,"10,20,30,40,50,60"
MD_34,MD,train,60,,False,False,6,10.0,60.0,"10,20,30,40,50,60"
MD_35,MD,train,60,,False,False,6,10.0,60.0,"10,20,30,40,50,60"
MD_36,MD,train,60,,False,False,6,10.0,60.0,"10,20,30,40,50,60"
MD_37,MD,train,60,,False,False,6,10.0,60.0,"10,20,30,40,50,60"
MD_38,MD,train,60,,False,False,6,10.0,60.0,"10,20,30,40,50,60"
MD_39,MD,train,60,,False,False,6,10.0,60.0,"10,20,30,40,50,60"
MD_4,MD,train,60,,False,False,6,10.0,60.0,"10,20,30,40,50,60"
MD_40,MD,train,60,,False,False,6,10.0,60.0,"10,20,30,40,50,60"
MD_41,MD,test,60,,False,False,6,10.0,60.0,"10,20,30,40,50,60"
MD_42,MD,validation,60,,False,False,6,10.0,60.0,"10,20,30,40,50,60"
MD_43,MD,train,60,,False,False,6,10.0,60.0,"10,20,30,40,50,60"
MD_44,MD,train,60,,False,False,6,10.0,60.0,"10,20,30,40,50,60"
MD_45,MD,train,60,,False,False,6,10.0,60.0,"10,20,30,40,50,60"
MD_46,MD,train,60,,False,False,6,10.0,60.0,"10,20,30,40,50,60"
MD_47,MD,train,60,,False,False,6,10.0,60.0,"10,20,30,40,50,60"
MD_48,MD,train,60,,False,False,6,10.0,60.0,"10,20,30,40,50,60"
MD_49,MD,train,60,,False,False,6,10.0,60.0,"10,20,30,40,50,60"
MD_5,MD,train,60,,False,False,6,10.0,60.0,"10,20,30,40,50,60"
MD_50,MD,train,60,,False,False,6,10.0,60.0,"10,20,30,40,50,60"
MD_51,MD,test,60,,False,False,6,10.0,60.0,"10,20,30,40,50,60"
MD_52,MD,validation,60,,False,False,6,10.0,60.0,"10,20,30,40,50,60"
MD_53,MD,train,60,,False,False,6,10.0,60.0,"10,20,30,40,50,60"
MD_54,MD,train,60,,False,False,6,10.0,60.0,"10,20,30,40,50,60"
MD_55,MD,train,60,,False,False,6,10.0,60.0,"10,20,30,40,50,60"
MD_56,MD,train,60,,False,False,6,10.0,60.0,"10,20,30,40,50,60"
MD_57,MD,train,60,,False,False,6,10.0,60.0,"10,20,30,40,50,60"
MD_58,MD,train,60,,False,False,6,10.0,60.0,"10,20,30,40,50,60"
MD_59,MD,train,60,,False,False,6,10.0,60.0,"10,20,30,40,50,60"
MD_6,MD,train,60,,False,False,6,10.0,60.0,"10,20,30,40,50,60"
MD_60,MD,train,60,,False,False,6,10.0,60.0,"10,20,30,40,50,60"
MD_61,MD,test,60,,False,False,6,10.0,60.0,"10,20,30,40,50,60"
MD_62,MD,validation,60,,False,False,6,10.0,60.0,"10,20,30,40,50,60"
MD_63,MD,train,60,,False,False,6,10.0,60.0,"10,20,30,40,50,60"
MD_64,MD,train,60,,False,False,6,10.0,60.0,"10,20,30,40,50,60"
MD_65,MD,train,60,,False,False,6,10.0,60.0,"10,20,30,40,50,60"
MD_66,MD,train,60,,False,False,6,10.0,60.0,"10,20,30,40,50,60"
MD_67,MD,train,60,,False,False,6,10.0,60.0,"10,20,30,40,50,60"
MD_68,MD,train,60,,False,False,6,10.0,60.0,"10,20,30,40,50,60"
MD_69,MD,train,60,,False,False,6,10.0,60.0,"10,20,30,40,50,60"
MD_7,MD,train,60,,False,False,6,10.0,60.0,"10,20,30,40,50,60"
MD_70,MD,train,60,,False,False,6,10.0,60.0,"10,20,30,40,50,60"
MD_71,MD,test,60,,False,False,6,10.0,60.0,"10,20,30,40,50,60"
MD_72,MD,validation,60,,False,False,6,10.0,60.0,"10,20,30,40,50,60"
MD_73,MD,train,60,,False,False,6,10.0,60.0,"10,20,30,40,50,60"
MD_74,MD,train,60,,False,False,6,10.0,60.0,"10,20,30,40,50,60"
MD_75,MD,train,60,,False,False,6,10.0,60.0,"10,20,30,40,50,60"
MD_76,MD,train,60,,False,False,6,10.0,60.0,"10,20,30,40,50,60"
MD_77,MD,train,60,,False,False,6,10.0,60.0,"10,20,30,40,50,60"
MD_78,MD,train,60,,False,False,6,10.0,60.0,"10,20,30,40,50,60"
MD_79,MD,train,60,,False,False,6,10.0,60.0,"10,20,30,40,50,60"
MD_8,MD,train,60,,False,False,6,10.0,60.0,"10,20,30,40,50,60"
MD_80,MD,train,60,,False,False,6,10.0,60.0,"10,20,30,40,50,60"
MD_81,MD,test,60,,False,False,6,10.0,60.0,"10,20,30,40,50,60"
MD_82,MD,validation,60,,False,False,6,10.0,60.0,"10,20,30,40,50,60"
MD_83,MD,train,60,,False,False,6,10.0,60.0,"10,20,30,40,50,60"
MD_84,MD,train,60,,False,False,6,10.0,60.0,"10,20,30,40,50,60"
MD_85,MD,train,60,,False,False,6,10.0,60.0,"10,20,30,40,50,60"
MD_86,MD,train,60,,False,False,6,10.0,60.0,"10,20,30,40,50,60"
MD_87,MD,train,60,,False,False,6,10.0,60.0,"10,20,30,40,50,60"
MD_88,MD,train,60,,False,False,6,10.0,60.0,"10,20,30,40,50,60"
MD_89,MD,train,60,,False,False,6,10.0,60.0,"10,20,30,40,50,60"
MD_9,MD,train,60,,False,False,6,10.0,60.0,"10,20,30,40,50,60"
MD_90,MD,train,60,,False,False,6,10.0,60.0,"10,20,30,40,50,60"
MD_91,MD,test,60,,False,False,6,10.0,60.0,"10,20,30,40,50,60"
MD_92,MD,validation,60,,False,False,6,10.0,60.0,"10,20,30,40,50,60"
MD_93,MD,train,60,,False,False,6,10.0,60.0,"10,20,30,40,50,60"
MD_94,MD,train,60,,False,False,6,10.0,60.0,"10,20,30,40,50,60"
MD_95,MD,train,60,,False,False,6,10.0,60.0,"10,20,30,40,50,60"
MD_96,MD,train,60,,False,False,6,10.0,60.0,"10,20,30,40,50,60"
MD_97,MD,train,60,,False,False,6,10.0,60.0,"10,20,30,40,50,60"
MD_98,MD,train,60,,False,False,6,10.0,60.0,"10,20,30,40,50,60"
MD_99,MD,train,60,,False,False,6,10.0,60.0,"10,20,30,40,50,60"
RI_-1,RI,train,60,528.0,True,True,6,10.0,60.0,"10,20,30,40,50,60"
RI_-10,RI,test,60,609.5,True,True,6,10.0,60.0,"10,20,30,40,50,60"
RI_-100,RI,test,60,,False,False,6,10.0,60.0,"10,20,30,40,50,60"
RI_-11,RI,train,60,677.0,True,True,6,10.0,60.0,"10,20,30,40,50,60"
RI_-12,RI,train,60,686.5,True,True,6,10.0,60.0,"10,20,30,40,50,60"
RI_-13,RI,train,60,768.5,True,True,6,10.0,60.0,"10,20,30,40,50,60"
RI_-14,RI,train,60,883.5,True,True,6,10.0,60.0,"10,20,30,40,50,60"
RI_-15,RI,train,60,916.0,True,True,6,10.0,60.0,"10,20,30,40,50,60"
RI_-16,RI,train,60,1047.5,True,True,6,10.0,60.0,"10,20,30,40,50,60"
RI_-17,RI,train,60,1229.5,True,True,6,10.0,60.0,"10,20,30,40,50,60"
RI_-18,RI,train,60,1239.5,True,True,6,10.0,60.0,"10,20,30,40,50,60"
RI_-19,RI,validation,60,1429.0,True,True,6,10.0,60.0,"10,20,30,40,50,60"
RI_-2,RI,train,60,592.5,True,True,6,10.0,60.0,"10,20,30,40,50,60"
RI_-20,RI,test,60,1679.5,True,True,6,10.0,60.0,"10,20,30,40,50,60"
RI_-21,RI,train,60,1720.5,True,True,6,10.0,60.0,"10,20,30,40,50,60"
RI_-22,RI,train,60,2253.5,True,True,6,10.0,60.0,"10,20,30,40,50,60"
RI_-23,RI,train,60,2811.0,True,True,6,10.0,60.0,"10,20,30,40,50,60"
RI_-24,RI,train,60,,False,False,6,10.0,60.0,"10,20,30,40,50,60"
RI_-25,RI,train,60,,False,False,6,10.0,60.0,"10,20,30,40,50,60"
RI_-26,RI,train,60,,False,False,6,10.0,60.0,"10,20,30,40,50,60"
RI_-27,RI,train,60,,False,False,6,10.0,60.0,"10,20,30,40,50,60"
RI_-28,RI,train,60,,False,False,6,10.0,60.0,"10,20,30,40,50,60"
RI_-29,RI,validation,60,,False,False,6,10.0,60.0,"10,20,30,40,50,60"
RI_-3,RI,train,60,637.5,True,True,6,10.0,60.0,"10,20,30,40,50,60"
RI_-30,RI,test,60,,False,False,6,10.0,60.0,"10,20,30,40,50,60"
RI_-31,RI,train,60,124.0,True,True,6,10.0,60.0,"10,20,30,40,50,60"
RI_-32,RI,train,60,123.0,True,True,6,10.0,60.0,"10,20,30,40,50,60"
RI_-33,RI,train,60,122.0,True,True,6,10.0,60.0,"10,20,30,40,50,60"
RI_-34,RI,train,60,121.0,True,True,6,10.0,60.0,"10,20,30,40,50,60"
RI_-35,RI,train,60,120.5,True,True,6,10.0,60.0,"10,20,30,40,50,60"
RI_-36,RI,train,60,120.0,True,True,6,10.0,60.0,"10,20,30,40,50,60"
RI_-37,RI,train,60,120.0,True,True,6,10.0,60.0,"10,20,30,40,50,60"
RI_-38,RI,train,60,119.5,True,True,6,10.0,60.0,"10,20,30,40,50,60"
RI_-39,RI,validation,60,119.0,True,True,6,10.0,60.0,"10,20,30,40,50,60"
RI_-4,RI,train,60,680.5,True,True,6,10.0,60.0,"10,20,30,40,50,60"
RI_-40,RI,test,60,119.0,True,True,6,10.0,60.0,"10,20,30,40,50,60"
RI_-41,RI,train,60,118.5,True,True,6,10.0,60.0,"10,20,30,40,50,60"
RI_-42,RI,train,60,118.5,True,True,6,10.0,60.0,"10,20,30,40,50,60"
RI_-43,RI,train,60,118.5,True,True,6,10.0,60.0,"10,20,30,40,50,60"
RI_-44,RI,train,60,118.0,True,True,6,10.0,60.0,"10,20,30,40,50,60"
RI_-45,RI,train,60,118.0,True,True,6,10.0,60.0,"10,20,30,40,50,60"
RI_-46,RI,train,60,118.0,True,True,6,10.0,60.0,"10,20,30,40,50,60"
RI_-47,RI,train,60,118.0,True,True,6,10.0,60.0,"10,20,30,40,50,60"
RI_-48,RI,train,60,118.0,True,True,6,10.0,60.0,"10,20,30,40,50,60"
RI_-49,RI,validation,60,118.0,True,True,6,10.0,60.0,"10,20,30,40,50,60"
RI_-5,RI,train,60,658.0,True,True,6,10.0,60.0,"10,20,30,40,50,60"
RI_-50,RI,test,60,118.0,True,True,6,10.0,60.0,"10,20,30,40,50,60"
RI_-51,RI,train,60,118.0,True,True,6,10.0,60.0,"10,20,30,40,50,60"
RI_-52,RI,train,60,118.0,True,True,6,10.0,60.0,"10,20,30,40,50,60"
RI_-53,RI,train,60,117.5,True,True,6,10.0,60.0,"10,20,30,40,50,60"
RI_-54,RI,train,60,117.5,True,True,6,10.0,60.0,"10,20,30,40,50,60"
RI_-55,RI,train,60,117.5,True,True,6,10.0,60.0,"10,20,30,40,50,60"
RI_-56,RI,train,60,117.5,True,True,6,10.0,60.0,"10,20,30,40,50,60"
RI_-57,RI,train,60,117.5,True,True,6,10.0,60.0,"10,20,30,40,50,60"
RI_-58,RI,train,60,117.5,True,True,6,10.0,60.0,"10,20,30,40,50,60"
RI_-59,RI,validation,60,117.5,True,True,6,10.0,60.0,"10,20,30,40,50,60"
RI_-6,RI,train,60,893.5,True,True,6,10.0,60.0,"10,20,30,40,50,60"
RI_-60,RI,test,60,117.5,True,True,6,10.0,60.0,"10,20,30,40,50,60"
RI_-61,RI,train,60,117.5,True,True,6,10.0,60.0,"10,20,30,40,50,60"
RI_-62,RI,train,60,117.5,True,True,6,10.0,60.0,"10,20,30,40,50,60"
RI_-63,RI,train,60,117.5,True,True,6,10.0,60.0,"10,20,30,40,50,60"
RI_-64,RI,train,60,117.5,True,True,6,10.0,60.0,"10,20,30,40,50,60"
RI_-65,RI,train,60,117.5,True,True,6,10.0,60.0,"10,20,30,40,50,60"
RI_-66,RI,train,60,117.5,True,True,6,10.0,60.0,"10,20,30,40,50,60"
RI_-67,RI,train,60,117.5,True,True,6,10.0,60.0,"10,20,30,40,50,60"
RI_-68,RI,train,60,117.5,True,True,6,10.0,60.0,"10,20,30,40,50,60"
RI_-69,RI,validation,60,117.0,True,True,6,10.0,60.0,"10,20,30,40,50,60"
RI_-7,RI,train,60,746.0,True,True,6,10.0,60.0,"10,20,30,40,50,60"
RI_-70,RI,test,60,117.0,True,True,6,10.0,60.0,"10,20,30,40,50,60"
RI_-71,RI,train,60,117.0,True,True,6,10.0,60.0,"10,20,30,40,50,60"
RI_-72,RI,train,60,117.0,True,True,6,10.0,60.0,"10,20,30,40,50,60"
RI_-73,RI,train,60,117.0,True,True,6,10.0,60.0,"10,20,30,40,50,60"
RI_-74,RI,train,60,117.0,True,True,6,10.0,60.0,"10,20,30,40,50,60"
RI_-75,RI,train,60,117.0,True,True,6,10.0,60.0,"10,20,30,40,50,60"
RI_-76,RI,train,60,117.0,True,True,6,10.0,60.0,"10,20,30,40,50,60"
RI_-77,RI,train,60,117.0,True,True,6,10.0,60.0,"10,20,30,40,50,60"
RI_-78,RI,train,60,117.0,True,True,6,10.0,60.0,"10,20,30,40,50,60"
RI_-79,RI,validation,60,117.0,True,True,6,10.0,60.0,"10,20,30,40,50,60"
RI_-8,RI,train,60,609.0,True,True,6,10.0,60.0,"10,20,30,40,50,60"
RI_-80,RI,test,60,117.0,True,True,6,10.0,60.0,"10,20,30,40,50,60"
RI_-81,RI,train,60,117.0,True,True,6,10.0,60.0,"10,20,30,40,50,60"
RI_-82,RI,train,60,116.0,True,True,6,10.0,60.0,"10,20,30,40,50,60"
RI_-83,RI,train,60,,False,False,6,10.0,60.0,"10,20,30,40,50,60"
RI_-84,RI,train,60,,False,False,6,10.0,60.0,"10,20,30,40,50,60"
RI_-85,RI,train,60,,False,False,6,10.0,60.0,"10,20,30,40,50,60"
RI_-86,RI,train,60,,False,False,6,10.0,60.0,"10,20,30,40,50,60"
RI_-87,RI,train,60,,False,False,6,10.0,60.0,"10,20,30,40,50,60"
RI_-88,RI,train,60,,False,False,6,10.0,60.0,"10,20,30,40,50,60"
RI_-89,RI,validation,60,,False,False,6,10.0,60.0,"10,20,30,40,50,60"
RI_-9,RI,validation,60,578.0,True,True,6,10.0,60.0,"10,20,30,40,50,60"
RI_-90,RI,test,60,,False,False,6,10.0,60.0,"10,20,30,40,50,60"
RI_-91,RI,train,60,,False,False,6,10.0,60.0,"10,20,30,40,50,60"
RI_-92,RI,train,60,,False,False,6,10.0,60.0,"10,20,30,40,50,60"
RI_-93,RI,train,60,,False,False,6,10.0,60.0,"10,20,30,40,50,60"
RI_-94,RI,train,60,,False,False,6,10.0,60.0,"10,20,30,40,50,60"
RI_-95,RI,train,60,,False,False,6,10.0,60.0,"10,20,30,40,50,60"
RI_-96,RI,train,60,,False,False,6,10.0,60.0,"10,20,30,40,50,60"
RI_-97,RI,train,60,,False,False,6,10.0,60.0,"10,20,30,40,50,60"
RI_-98,RI,train,60,,False,False,6,10.0,60.0,"10,20,30,40,50,60"
RI_-99,RI,validation,60,,False,False,6,10.0,60.0,"10,20,30,40,50,60"
RW_1,RW,test,60,403.5,True,True,6,10.0,60.0,"10,20,30,40,50,60"
RW_10,RW,train,60,103.0,True,True,6,10.0,60.0,"10,20,30,40,50,60"
RW_100,RW,train,60,102.0,True,True,6,10.0,60.0,"10,20,30,40,50,60"
RW_11,RW,test,60,103.0,True,True,6,10.0,60.0,"10,20,30,40,50,60"
RW_12,RW,validation,60,103.0,True,True,6,10.0,60.0,"10,20,30,40,50,60"
RW_13,RW,train,60,103.0,True,True,6,10.0,60.0,"10,20,30,40,50,60"
RW_14,RW,train,60,103.0,True,True,6,10.0,60.0,"10,20,30,40,50,60"
RW_15,RW,train,60,102.5,True,True,6,10.0,60.0,"10,20,30,40,50,60"
RW_16,RW,train,60,102.5,True,True,6,10.0,60.0,"10,20,30,40,50,60"
RW_17,RW,train,60,102.5,True,True,6,10.0,60.0,"10,20,30,40,50,60"
RW_18,RW,train,60,102.5,True,True,6,10.0,60.0,"10,20,30,40,50,60"
RW_19,RW,train,60,102.5,True,True,6,10.0,60.0,"10,20,30,40,50,60"
RW_2,RW,validation,60,362.5,True,True,6,10.0,60.0,"10,20,30,40,50,60"
RW_20,RW,train,60,102.5,True,True,6,10.0,60.0,"10,20,30,40,50,60"
RW_21,RW,test,60,102.5,True,True,6,10.0,60.0,"10,20,30,40,50,60"
RW_22,RW,validation,60,102.5,True,True,6,10.0,60.0,"10,20,30,40,50,60"
RW_23,RW,train,60,102.5,True,True,6,10.0,60.0,"10,20,30,40,50,60"
RW_24,RW,train,60,102.5,True,True,6,10.0,60.0,"10,20,30,40,50,60"
RW_25,RW,train,60,102.5,True,True,6,10.0,60.0,"10,20,30,40,50,60"
RW_26,RW,train,60,102.5,True,True,6,10.0,60.0,"10,20,30,40,50,60"
RW_27,RW,train,60,102.5,True,True,6,10.0,60.0,"10,20,30,40,50,60"
RW_28,RW,train,60,102.5,True,True,6,10.0,60.0,"10,20,30,40,50,60"
RW_29,RW,train,60,102.5,True,True,6,10.0,60.0,"10,20,30,40,50,60"
RW_3,RW,train,60,337.5,True,True,6,10.0,60.0,"10,20,30,40,50,60"
RW_30,RW,train,60,102.5,True,True,6,10.0,60.0,"10,20,30,40,50,60"
RW_31,RW,test,60,102.5,True,True,6,10.0,60.0,"10,20,30,40,50,60"
RW_32,RW,validation,60,102.5,True,True,6,10.0,60.0,"10,20,30,40,50,60"
RW_33,RW,train,60,102.0,True,True,6,10.0,60.0,"10,20,30,40,50,60"
RW_34,RW,train,60,102.0,True,True,6,10.0,60.0,"10,20,30,40,50,60"
RW_35,RW,train,60,102.0,True,True,6,10.0,60.0,"10,20,30,40,50,60"
RW_36,RW,train,60,102.0,True,True,6,10.0,60.0,"10,20,30,40,50,60"
RW_37,RW,train,60,102.0,True,True,6,10.0,60.0,"10,20,30,40,50,60"
RW_38,RW,train,60,102.0,True,True,6,10.0,60.0,"10,20,30,40,50,60"
RW_39,RW,train,60,102.0,True,True,6,10.0,60.0,"10,20,30,40,50,60"
RW_4,RW,train,60,106.0,True,True,6,10.0,60.0,"10,20,30,40,50,60"
RW_40,RW,train,60,102.0,True,True,6,10.0,60.0,"10,20,30,40,50,60"
RW_41,RW,test,60,102.0,True,True,6,10.0,60.0,"10,20,30,40,50,60"
RW_42,RW,validation,60,102.0,True,True,6,10.0,60.0,"10,20,30,40,50,60"
RW_43,RW,train,60,102.0,True,True,6,10.0,60.0,"10,20,30,40,50,60"
RW_44,RW,train,60,102.0,True,True,6,10.0,60.0,"10,20,30,40,50,60"
RW_45,RW,train,60,102.0,True,True,6,10.0,60.0,"10,20,30,40,50,60"
RW_46,RW,train,60,102.0,True,True,6,10.0,60.0,"10,20,30,40,50,60"
RW_47,RW,train,60,102.0,True,True,6,10.0,60.0,"10,20,30,40,50,60"
RW_48,RW,train,60,102.0,True,True,6,10.0,60.0,"10,20,30,40,50,60"
RW_49,RW,train,60,102.0,True,True,6,10.0,60.0,"10,20,30,40,50,60"
RW_5,RW,train,60,105.0,True,True,6,10.0,60.0,"10,20,30,40,50,60"
RW_50,RW,train,60,102.0,True,True,6,10.0,60.0,"10,20,30,40,50,60"
RW_51,RW,test,60,102.0,True,True,6,10.0,60.0,"10,20,30,40,50,60"
RW_52,RW,validation,60,102.0,True,True,6,10.0,60.0,"10,20,30,40,50,60"
RW_53,RW,train,60,102.0,True,True,6,10.0,60.0,"10,20,30,40,50,60"
RW_54,RW,train,60,102.0,True,True,6,10.0,60.0,"10,20,30,40,50,60"
RW_55,RW,train,60,102.0,True,True,6,10.0,60.0,"10,20,30,40,50,60"
RW_56,RW,train,60,102.0,True,True,6,10.0,60.0,"10,20,30,40,50,60"
RW_57,RW,train,60,102.0,True,True,6,10.0,60.0,"10,20,30,40,50,60"
RW_58,RW,train,60,102.0,True,True,6,10.0,60.0,"10,20,30,40,50,60"
RW_59,RW,train,60,102.0,True,True,6,10.0,60.0,"10,20,30,40,50,60"
RW_6,RW,train,60,104.0,True,True,6,10.0,60.0,"10,20,30,40,50,60"
RW_60,RW,train,60,102.0,True,True,6,10.0,60.0,"10,20,30,40,50,60"
RW_61,RW,test,60,102.0,True,True,6,10.0,60.0,"10,20,30,40,50,60"
RW_62,RW,validation,60,102.0,True,True,6,10.0,60.0,"10,20,30,40,50,60"
RW_63,RW,train,60,102.0,True,True,6,10.0,60.0,"10,20,30,40,50,60"
RW_64,RW,train,60,102.0,True,True,6,10.0,60.0,"10,20,30,40,50,60"
RW_65,RW,train,60,102.0,True,True,6,10.0,60.0,"10,20,30,40,50,60"
RW_66,RW,train,60,102.0,True,True,6,10.0,60.0,"10,20,30,40,50,60"
RW_67,RW,train,60,102.0,True,True,6,10.0,60.0,"10,20,30,40,50,60"
RW_68,RW,train,60,102.0,True,True,6,10.0,60.0,"10,20,30,40,50,60"
RW_69,RW,train,60,102.0,True,True,6,10.0,60.0,"10,20,30,40,50,60"
RW_7,RW,train,60,104.0,True,True,6,10.0,60.0,"10,20,30,40,50,60"
RW_70,RW,train,60,102.0,True,True,6,10.0,60.0,"10,20,30,40,50,60"
RW_71,RW,test,60,102.0,True,True,6,10.0,60.0,"10,20,30,40,50,60"
RW_72,RW,validation,60,102.0,True,True,6,10.0,60.0,"10,20,30,40,50,60"
RW_73,RW,train,60,102.0,True,True,6,10.0,60.0,"10,20,30,40,50,60"
RW_74,RW,train,60,102.0,True,True,6,10.0,60.0,"10,20,30,40,50,60"
RW_75,RW,train,60,102.0,True,True,6,10.0,60.0,"10,20,30,40,50,60"
RW_76,RW,train,60,102.0,True,True,6,10.0,60.0,"10,20,30,40,50,60"
RW_77,RW,train,60,102.0,True,True,6,10.0,60.0,"10,20,30,40,50,60"
RW_78,RW,train,60,102.0,True,True,6,10.0,60.0,"10,20,30,40,50,60"
RW_79,RW,train,60,102.0,True,True,6,10.0,60.0,"10,20,30,40,50,60"
RW_8,RW,train,60,103.5,True,True,6,10.0,60.0,"10,20,30,40,50,60"
RW_80,RW,train,60,102.0,True,True,6,10.0,60.0,"10,20,30,40,50,60"
RW_81,RW,test,60,102.0,True,True,6,10.0,60.0,"10,20,30,40,50,60"
RW_82,RW,validation,60,102.0,True,True,6,10.0,60.0,"10,20,30,40,50,60"
RW_83,RW,train,60,102.0,True,True,6,10.0,60.0,"10,20,30,40,50,60"
RW_84,RW,train,60,102.0,True,True,6,10.0,60.0,"10,20,30,40,50,60"
RW_85,RW,train,60,102.0,True,True,6,10.0,60.0,"10,20,30,40,50,60"
RW_86,RW,train,60,102.0,True,True,6,10.0,60.0,"10,20,30,40,50,60"
RW_87,RW,train,60,102.0,True,True,6,10.0,60.0,"10,20,30,40,50,60"
RW_88,RW,train,60,102.0,True,True,6,10.0,60.0,"10,20,30,40,50,60"
RW_89,RW,train,60,102.0,True,True,6,10.0,60.0,"10,20,30,40,50,60"
RW_9,RW,train,60,103.5,True,True,6,10.0,60.0,"10,20,30,40,50,60"
RW_90,RW,train,60,102.0,True,True,6,10.0,60.0,"10,20,30,40,50,60"
RW_91,RW,test,60,102.0,True,True,6,10.0,60.0,"10,20,30,40,50,60"
RW_92,RW,validation,60,102.0,True,True,6,10.0,60.0,"10,20,30,40,50,60"
RW_93,RW,train,60,102.0,True,True,6,10.0,60.0,"10,20,30,40,50,60"
RW_94,RW,train,60,102.0,True,True,6,10.0,60.0,"10,20,30,40,50,60"
RW_95,RW,train,60,102.0,True,True,6,10.0,60.0,"10,20,30,40,50,60"
RW_96,RW,train,60,102.0,True,True,6,10.0,60.0,"10,20,30,40,50,60"
RW_97,RW,train,60,102.0,True,True,6,10.0,60.0,"10,20,30,40,50,60"
RW_98,RW,train,60,102.0,True,True,6,10.0,60.0,"10,20,30,40,50,60"
RW_99,RW,train,60,102.0,True,True,6,10.0,60.0,"10,20,30,40,50,60"
SGATR_1,SGATR,test,60,,False,False,6,10.0,60.0,"10,20,30,40,50,60"
SGATR_10,SGATR,train,60,,False,False,6,10.0,60.0,"10,20,30,40,50,60"
SGATR_100,SGATR,train,60,695.0,True,True,6,10.0,60.0,"10,20,30,40,50,60"
SGATR_11,SGATR,test,60,,False,False,6,10.0,60.0,"10,20,30,40,50,60"
SGATR_12,SGATR,validation,60,,False,False,6,10.0,60.0,"10,20,30,40,50,60"
SGATR_13,SGATR,train,60,,False,False,6,10.0,60.0,"10,20,30,40,50,60"
SGATR_14,SGATR,train,60,,False,False,6,10.0,60.0,"10,20,30,40,50,60"
SGATR_15,SGATR,train,60,,False,False,6,10.0,60.0,"10,20,30,40,50,60"
SGATR_16,SGATR,train,60,,False,False,6,10.0,60.0,"10,20,30,40,50,60"
SGATR_17,SGATR,train,60,,False,False,6,10.0,60.0,"10,20,30,40,50,60"
SGATR_18,SGATR,train,60,,False,False,6,10.0,60.0,"10,20,30,40,50,60"
SGATR_19,SGATR,train,60,,False,False,6,10.0,60.0,"10,20,30,40,50,60"
SGATR_2,SGATR,validation,60,,False,False,6,10.0,60.0,"10,20,30,40,50,60"
SGATR_20,SGATR,train,60,,False,False,6,10.0,60.0,"10,20,30,40,50,60"
SGATR_21,SGATR,test,60,,False,False,6,10.0,60.0,"10,20,30,40,50,60"
SGATR_22,SGATR,validation,60,,False,False,6,10.0,60.0,"10,20,30,40,50,60"
SGATR_23,SGATR,train,60,,False,False,6,10.0,60.0,"10,20,30,40,50,60"
SGATR_24,SGATR,train,60,,False,False,6,10.0,60.0,"10,20,30,40,50,60"
SGATR_25,SGATR,train,60,,False,False,6,10.0,60.0,"10,20,30,40,50,60"
SGATR_26,SGATR,train,60,,False,False,6,10.0,60.0,"10,20,30,40,50,60"
SGATR_27,SGATR,train,60,,False,False,6,10.0,60.0,"10,20,30,40,50,60"
SGATR_28,SGATR,train,60,,False,False,6,10.0,60.0,"10,20,30,40,50,60"
SGATR_29,SGATR,train,60,,False,False,6,10.0,60.0,"10,20,30,40,50,60"
SGATR_3,SGATR,train,60,,False,False,6,10.0,60.0,"10,20,30,40,50,60"
SGATR_30,SGATR,train,60,,False,False,6,10.0,60.0,"10,20,30,40,50,60"
SGATR_31,SGATR,test,60,,False,False,6,10.0,60.0,"10,20,30,40,50,60"
SGATR_32,SGATR,validation,60,,False,False,6,10.0,60.0,"10,20,30,40,50,60"
SGATR_33,SGATR,train,60,,False,False,6,10.0,60.0,"10,20,30,40,50,60"
SGATR_34,SGATR,train,60,,False,False,6,10.0,60.0,"10,20,30,40,50,60"
SGATR_35,SGATR,train,60,,False,False,6,10.0,60.0,"10,20,30,40,50,60"
SGATR_36,SGATR,train,60,,False,False,6,10.0,60.0,"10,20,30,40,50,60"
SGATR_37,SGATR,train,60,,False,False,6,10.0,60.0,"10,20,30,40,50,60"
SGATR_38,SGATR,train,60,,False,False,6,10.0,60.0,"10,20,30,40,50,60"
SGATR_39,SGATR,train,60,,False,False,6,10.0,60.0,"10,20,30,40,50,60"
SGATR_4,SGATR,train,60,,False,False,6,10.0,60.0,"10,20,30,40,50,60"
SGATR_40,SGATR,train,60,,False,False,6,10.0,60.0,"10,20,30,40,50,60"
SGATR_41,SGATR,test,60,,False,False,6,10.0,60.0,"10,20,30,40,50,60"
SGATR_42,SGATR,validation,60,,False,False,6,10.0,60.0,"10,20,30,40,50,60"
SGATR_43,SGATR,train,60,,False,False,6,10.0,60.0,"10,20,30,40,50,60"
SGATR_44,SGATR,train,60,,False,False,6,10.0,60.0,"10,20,30,40,50,60"
SGATR_45,SGATR,train,60,,False,False,6,10.0,60.0,"10,20,30,40,50,60"
SGATR_46,SGATR,train,60,,False,False,6,10.0,60.0,"10,20,30,40,50,60"
SGATR_47,SGATR,train,60,,False,False,6,10.0,60.0,"10,20,30,40,50,60"
SGATR_48,SGATR,train,60,,False,False,6,10.0,60.0,"10,20,30,40,50,60"
SGATR_49,SGATR,train,60,,False,False,6,10.0,60.0,"10,20,30,40,50,60"
SGATR_5,SGATR,train,60,,False,False,6,10.0,60.0,"10,20,30,40,50,60"
SGATR_50,SGATR,train,60,,False,False,6,10.0,60.0,"10,20,30,40,50,60"
SGATR_51,SGATR,test,60,,False,False,6,10.0,60.0,"10,20,30,40,50,60"
SGATR_52,SGATR,validation,60,,False,False,6,10.0,60.0,"10,20,30,40,50,60"
SGATR_53,SGATR,train,60,,False,False,6,10.0,60.0,"10,20,30,40,50,60"
SGATR_54,SGATR,train,60,,False,False,6,10.0,60.0,"10,20,30,40,50,60"
SGATR_55,SGATR,train,60,,False,False,6,10.0,60.0,"10,20,30,40,50,60"
SGATR_56,SGATR,train,60,,False,False,6,10.0,60.0,"10,20,30,40,50,60"
SGATR_57,SGATR,train,60,2483.5,True,True,6,10.0,60.0,"10,20,30,40,50,60"
SGATR_58,SGATR,train,60,2344.5,True,True,6,10.0,60.0,"10,20,30,40,50,60"
SGATR_59,SGATR,train,60,2220.0,True,True,6,10.0,60.0,"10,20,30,40,50,60"
SGATR_6,SGATR,train,60,,False,False,6,10.0,60.0,"10,20,30,40,50,60"
SGATR_60,SGATR,train,60,2107.5,True,True,6,10.0,60.0,"10,20,30,40,50,60"
SGATR_61,SGATR,test,60,2007.5,True,True,6,10.0,60.0,"10,20,30,40,50,60"
SGATR_62,SGATR,validation,60,1916.5,True,True,6,10.0,60.0,"10,20,30,40,50,60"
SGATR_63,SGATR,train,60,1833.0,True,True,6,10.0,60.0,"10,20,30,40,50,60"
SGATR_64,SGATR,train,60,1756.5,True,True,6,10.0,60.0,"10,20,30,40,50,60"
SGATR_65,SGATR,train,60,1686.0,True,True,6,10.0,60.0,"10,20,30,40,50,60"
SGATR_66,SGATR,train,60,1620.0,True,True,6,10.0,60.0,"10,20,30,40,50,60"
SGATR_67,SGATR,train,60,1559.5,True,True,6,10.0,60.0,"10,20,30,40,50,60"
SGATR_68,SGATR,train,60,1502.5,True,True,6,10.0,60.0,"10,20,30,40,50,60"
SGATR_69,SGATR,train,60,1450.0,True,True,6,10.0,60.0,"10,20,30,40,50,60"
SGATR_7,SGATR,train,60,,False,False,6,10.0,60.0,"10,20,30,40,50,60"
SGATR_70,SGATR,train,60,1400.5,True,True,6,10.0,60.0,"10,20,30,40,50,60"
SGATR_71,SGATR,test,60,1354.0,True,True,6,10.0,60.0,"10,20,30,40,50,60"
SGATR_72,SGATR,validation,60,1311.0,True,True,6,10.0,60.0,"10,20,30,40,50,60"
SGATR_73,SGATR,train,60,1270.0,True,True,6,10.0,60.0,"10,20,30,40,50,60"
SGATR_74,SGATR,train,60,1232.0,True,True,6,10.0,60.0,"10,20,30,40,50,60"
SGATR_75,SGATR,train,60,1196.0,True,True,6,10.0,60.0,"10,20,30,40,50,60"
SGATR_76,SGATR,train,60,1162.0,True,True,6,10.0,60.0,"10,20,30,40,50,60"
SGATR_77,SGATR,train,60,1129.5,True,True,6,10.0,60.0,"10,20,30,40,50,60"
SGATR_78,SGATR,train,60,1099.5,True,True,6,10.0,60.0,"10,20,30,40,50,60"
SGATR_79,SGATR,train,60,1070.5,True,True,6,10.0,60.0,"10,20,30,40,50,60"
SGATR_8,SGATR,train,60,,False,False,6,10.0,60.0,"10,20,30,40,50,60"
SGATR_80,SGATR,train,60,1043.0,True,True,6,10.0,60.0,"10,20,30,40,50,60"
SGATR_81,SGATR,test,60,1017.0,True,True,6,10.0,60.0,"10,20,30,40,50,60"
SGATR_82,SGATR,validation,60,992.5,True,True,6,10.0,60.0,"10,20,30,40,50,60"
SGATR_83,SGATR,train,60,969.0,True,True,6,10.0,60.0,"10,20,30,40,50,60"
SGATR_84,SGATR,train,60,947.0,True,True,6,10.0,60.0,"10,20,30,40,50,60"
SGATR_85,SGATR,train,60,925.5,True,True,6,10.0,60.0,"10,20,30,40,50,60"
SGATR_86,SGATR,train,60,905.0,True,True,6,10.0,60.0,"10,20,30,40,50,60"
SGATR_87,SGATR,train,60,885.5,True,True,6,10.0,60.0,"10,20,30,40,50,60"
SGATR_88,SGATR,train,60,867.0,True,True,6,10.0,60.0,"10,20,30,40,50,60"
SGATR_89,SGATR,train,60,849.5,True,True,6,10.0,60.0,"10,20,30,40,50,60"
SGATR_9,SGATR,train,60,,False,False,6,10.0,60.0,"10,20,30,40,50,60"
SGATR_90,SGATR,train,60,832.0,True,True,6,10.0,60.0,"10,20,30,40,50,60"
SGATR_91,SGATR,test,60,816.0,True,True,6,10.0,60.0,"10,20,30,40,50,60"
SGATR_92,SGATR,validation,60,800.5,True,True,6,10.0,60.0,"10,20,30,40,50,60"
SGATR_93,SGATR,train,60,785.5,True,True,6,10.0,60.0,"10,20,30,40,50,60"
SGATR_94,SGATR,train,60,771.0,True,True,6,10.0,60.0,"10,20,30,40,50,60"
SGATR_95,SGATR,train,60,757.0,True,True,6,10.0,60.0,"10,20,30,40,50,60"
SGATR_96,SGATR,train,60,743.5,True,True,6,10.0,60.0,"10,20,30,40,50,60"
SGATR_97,SGATR,train,60,731.0,True,True,6,10.0,60.0,"10,20,30,40,50,60"
SGATR_98,SGATR,train,60,718.5,True,True,6,10.0,60.0,"10,20,30,40,50,60"
SGATR_99,SGATR,train,60,706.5,True,True,6,10.0,60.0,"10,20,30,40,50,60"
SGBTR_1,SGBTR,test,60,,False,False,6,10.0,60.0,"10,20,30,40,50,60"
SGBTR_10,SGBTR,train,60,,False,False,6,10.0,60.0,"10,20,30,40,50,60"
SGBTR_100,SGBTR,train,60,694.5,True,True,6,10.0,60.0,"10,20,30,40,50,60"
SGBTR_101,SGBTR,test,60,683.5,True,True,6,10.0,60.0,"10,20,30,40,50,60"
SGBTR_102,SGBTR,validation,60,673.0,True,True,6,10.0,60.0,"10,20,30,40,50,60"
SGBTR_103,SGBTR,train,60,662.5,True,True,6,10.0,60.0,"10,20,30,40,50,60"
SGBTR_104,SGBTR,train,60,652.5,True,True,6,10.0,60.0,"10,20,30,40,50,60"
SGBTR_105,SGBTR,train,60,643.0,True,True,6,10.0,60.0,"10,20,30,40,50,60"
SGBTR_106,SGBTR,train,60,633.5,True,True,6,10.0,60.0,"10,20,30,40,50,60"
SGBTR_107,SGBTR,train,60,624.5,True,True,6,10.0,60.0,"10,20,30,40,50,60"
SGBTR_108,SGBTR,train,60,616.0,True,True,6,10.0,60.0,"10,20,30,40,50,60"
SGBTR_109,SGBTR,train,60,607.0,True,True,6,10.0,60.0,"10,20,30,40,50,60"
SGBTR_11,SGBTR,test,60,,False,False,6,10.0,60.0,"10,20,30,40,50,60"
SGBTR_110,SGBTR,train,60,599.0,True,True,6,10.0,60.0,"10,20,30,40,50,60"
SGBTR_12,SGBTR,validation,60,,False,False,6,10.0,60.0,"10,20,30,40,50,60"
SGBTR_13,SGBTR,train,60,,False,False,6,10.0,60.0,"10,20,30,40,50,60"
SGBTR_14,SGBTR,train,60,,False,False,6,10.0,60.0,"10,20,30,40,50,60"
SGBTR_15,SGBTR,train,60,,False,False,6,10.0,60.0,"10,20,30,40,50,60"
SGBTR_16,SGBTR,train,60,,False,False,6,10.0,60.0,"10,20,30,40,50,60"
SGBTR_17,SGBTR,train,60,,False,False,6,10.0,60.0,"10,20,30,40,50,60"
SGBTR_18,SGBTR,train,60,,False,False,6,10.0,60.0,"10,20,30,40,50,60"
SGBTR_19,SGBTR,train,60,,False,False,6,10.0,60.0,"10,20,30,40,50,60"
SGBTR_2,SGBTR,validation,60,,False,False,6,10.0,60.0,"10,20,30,40,50,60"
SGBTR_20,SGBTR,train,60,,False,False,6,10.0,60.0,"10,20,30,40,50,60"
SGBTR_21,SGBTR,test,60,,False,False,6,10.0,60.0,"10,20,30,40,50,60"
SGBTR_22,SGBTR,validation,60,,False,False,6,10.0,60.0,"10,20,30,40,50,60"
SGBTR_23,SGBTR,train,60,,False,False,6,10.0,60.0,"10,20,30,40,50,60"
SGBTR_24,SGBTR,train,60,,False,False,6,10.0,60.0,"10,20,30,40,50,60"
SGBTR_25,SGBTR,train,60,,False,False,6,10.0,60.0,"10,20,30,40,50,60"
SGBTR_26,SGBTR,train,60,,False,False,6,10.0,60.0,"10,20,30,40,50,60"
SGBTR_27,SGBTR,train,60,,False,False,6,10.0,60.0,"10,20,30,40,50,60"
SGBTR_28,SGBTR,train,60,,False,False,6,10.0,60.0,"10,20,30,40,50,60"
SGBTR_29,SGBTR,train,60,,False,False,6,10.0,60.0,"10,20,30,40,50,60"
SGBTR_3,SGBTR,train,60,,False,False,6,10.0,60.0,"10,20,30,40,50,60"
SGBTR_30,SGBTR,train,60,,False,False,6,10.0,60.0,"10,20,30,40,50,60"
SGBTR_31,SGBTR,test,60,,False,False,6,10.0,60.0,"10,20,30,40,50,60"
SGBTR_32,SGBTR,validation,60,,False,False,6,10.0,60.0,"10,20,30,40,50,60"
SGBTR_33,SGBTR,train,60,,False,False,6,10.0,60.0,"10,20,30,40,50,60"
SGBTR_34,SGBTR,train,60,,False,False,6,10.0,60.0,"10,20,30,40,50,60"
SGBTR_35,SGBTR,train,60,,False,False,6,10.0,60.0,"10,20,30,40,50,60"
SGBTR_36,SGBTR,train,60,,False,False,6,10.0,60.0,"10,20,30,40,50,60"
SGBTR_37,SGBTR,train,60,,False,False,6,10.0,60.0,"10,20,30,40,50,60"
SGBTR_38,SGBTR,train,60,,False,False,6,10.0,60.0,"10,20,30,40,50,60"
SGBTR_39,SGBTR,train,60,,False,False,6,10.0,60.0,"10,20,30,40,50,60"
SGBTR_4,SGBTR,train,60,,False,False,6,10.0,60.0,"10,20,30,40,50,60"
SGBTR_40,SGBTR,train,60,,False,False,6,10.0,60.0,"10,20,30,40,50,60"
SGBTR_41,SGBTR,test,60,,False,False,6,10.0,60.0,"10,20,30,40,50,60"
SGBTR_42,SGBTR,validation,60,,False,False,6,10.0,60.0,"10,20,30,40,50,60"
SGBTR_43,SGBTR,train,60,,False,False,6,10.0,60.0,"10,20,30,40,50,60"
SGBTR_44,SGBTR,train,60,,False,False,6,10.0,60.0,"10,20,30,40,50,60"
SGBTR_45,SGBTR,train,60,,False,False,6,10.0,60.0,"10,20,30,40,50,60"
SGBTR_46,SGBTR,train,60,,False,False,6,10.0,60.0,"10,20,30,40,50,60"
SGBTR_47,SGBTR,train,60,,False,False,6,10.0,60.0,"10,20,30,40,50,60"
SGBTR_48,SGBTR,train,60,,False,False,6,10.0,60.0,"10,20,30,40,50,60"
SGBTR_49,SGBTR,train,60,,False,False,6,10.0,60.0,"10,20,30,40,50,60"
SGBTR_5,SGBTR,train,60,,False,False,6,10.0,60.0,"10,20,30,40,50,60"
SGBTR_50,SGBTR,train,60,,False,False,6,10.0,60.0,"10,20,30,40,50,60"
SGBTR_51,SGBTR,test,60,,False,False,6,10.0,60.0,"10,20,30,40,50,60"
SGBTR_52,SGBTR,validation,60,,False,False,6,10.0,60.0,"10,20,30,40,50,60"
SGBTR_53,SGBTR,train,60,,False,False,6,10.0,60.0,"10,20,30,40,50,60"
SGBTR_54,SGBTR,train,60,,False,False,6,10.0,60.0,"10,20,30,40,50,60"
SGBTR_55,SGBTR,train,60,,False,False,6,10.0,60.0,"10,20,30,40,50,60"
SGBTR_56,SGBTR,train,60,,False,False,6,10.0,60.0,"10,20,30,40,50,60"
SGBTR_57,SGBTR,train,60,2483.0,True,True,6,10.0,60.0,"10,20,30,40,50,60"
SGBTR_58,SGBTR,train,60,2344.0,True,True,6,10.0,60.0,"10,20,30,40,50,60"
SGBTR_59,SGBTR,train,60,2219.0,True,True,6,10.0,60.0,"10,20,30,40,50,60"
SGBTR_6,SGBTR,train,60,,False,False,6,10.0,60.0,"10,20,30,40,50,60"
SGBTR_60,SGBTR,train,60,2107.0,True,True,6,10.0,60.0,"10,20,30,40,50,60"
SGBTR_61,SGBTR,test,60,2007.0,True,True,6,10.0,60.0,"10,20,30,40,50,60"
SGBTR_62,SGBTR,validation,60,1916.0,True,True,6,10.0,60.0,"10,20,30,40,50,60"
SGBTR_63,SGBTR,train,60,1832.5,True,True,6,10.0,60.0,"10,20,30,40,50,60"
SGBTR_64,SGBTR,train,60,1756.0,True,True,6,10.0,60.0,"10,20,30,40,50,60"
SGBTR_65,SGBTR,train,60,1685.0,True,True,6,10.0,60.0,"10,20,30,40,50,60"
SGBTR_66,SGBTR,train,60,1619.5,True,True,6,10.0,60.0,"10,20,30,40,50,60"
SGBTR_67,SGBTR,train,60,1559.0,True,True,6,10.0,60.0,"10,20,30,40,50,60"
SGBTR_68,SGBTR,train,60,1502.0,True,True,6,10.0,60.0,"10,20,30,40,50,60"
SGBTR_69,SGBTR,train,60,1449.0,True,True,6,10.0,60.0,"10,20,30,40,50,60"
SGBTR_7,SGBTR,train,60,,False,False,6,10.0,60.0,"10,20,30,40,50,60"
SGBTR_70,SGBTR,train,60,1399.5,True,True,6,10.0,60.0,"10,20,30,40,50,60"
SGBTR_71,SGBTR,test,60,1353.5,True,True,6,10.0,60.0,"10,20,30,40,50,60"
SGBTR_72,SGBTR,validation,60,1310.5,True,True,6,10.0,60.0,"10,20,30,40,50,60"
SGBTR_73,SGBTR,train,60,1269.5,True,True,6,10.0,60.0,"10,20,30,40,50,60"
SGBTR_74,SGBTR,train,60,1231.5,True,True,6,10.0,60.0,"10,20,30,40,50,60"
SGBTR_75,SGBTR,train,60,1195.0,True,True,6,10.0,60.0,"10,20,30,40,50,60"
SGBTR_76,SGBTR,train,60,1161.0,True,True,6,10.0,60.0,"10,20,30,40,50,60"
SGBTR_77,SGBTR,train,60,1129.5,True,True,6,10.0,60.0,"10,20,30,40,50,60"
SGBTR_78,SGBTR,train,60,1098.5,True,True,6,10.0,60.0,"10,20,30,40,50,60"
SGBTR_79,SGBTR,train,60,1070.0,True,True,6,10.0,60.0,"10,20,30,40,50,60"
SGBTR_8,SGBTR,train,60,,False,False,6,10.0,60.0,"10,20,30,40,50,60"
SGBTR_80,SGBTR,train,60,1042.5,True,True,6,10.0,60.0,"10,20,30,40,50,60"
SGBTR_81,SGBTR,test,60,1017.0,True,True,6,10.0,60.0,"10,20,30,40,50,60"
SGBTR_82,SGBTR,validation,60,992.0,True,True,6,10.0,60.0,"10,20,30,40,50,60"
SGBTR_83,SGBTR,train,60,968.5,True,True,6,10.0,60.0,"10,20,30,40,50,60"
SGBTR_84,SGBTR,train,60,946.5,True,True,6,10.0,60.0,"10,20,30,40,50,60"
SGBTR_85,SGBTR,train,60,925.0,True,True,6,10.0,60.0,"10,20,30,40,50,60"
SGBTR_86,SGBTR,train,60,905.0,True,True,6,10.0,60.0,"10,20,30,40,50,60"
SGBTR_87,SGBTR,train,60,885.5,True,True,6,10.0,60.0,"10,20,30,40,50,60"
SGBTR_88,SGBTR,train,60,866.5,True,True,6,10.0,60.0,"10,20,30,40,50,60"
SGBTR_89,SGBTR,train,60,849.0,True,True,6,10.0,60.0,"10,20,30,40,50,60"
SGBTR_9,SGBTR,train,60,,False,False,6,10.0,60.0,"10,20,30,40,50,60"
SGBTR_90,SGBTR,train,60,832.0,True,True,6,10.0,60.0,"10,20,30,40,50,60"
SGBTR_91,SGBTR,test,60,815.5,True,True,6,10.0,60.0,"10,20,30,40,50,60"
SGBTR_92,SGBTR,validation,60,800.0,True,True,6,10.0,60.0,"10,20,30,40,50,60"
SGBTR_93,SGBTR,train,60,785.0,True,True,6,10.0,60.0,"10,20,30,40,50,60"
SGBTR_94,SGBTR,train,60,770.5,True,True,6,10.0,60.0,"10,20,30,40,50,60"
SGBTR_95,SGBTR,train,60,756.5,True,True,6,10.0,60.0,"10,20,30,40,50,60"
SGBTR_96,SGBTR,train,60,743.5,True,True,6,10.0,60.0,"10,20,30,40,50,60"
SGBTR_97,SGBTR,train,60,730.5,True,True,6,10.0,60.0,"10,20,30,40,50,60"
SGBTR_98,SGBTR,train,60,718.0,True,True,6,10.0,60.0,"10,20,30,40,50,60"
SGBTR_99,SGBTR,train,60,706.0,True,True,6,10.0,60.0,"10,20,30,40,50,60"
SLBIC_1,SLBIC,test,60,,False,False,6,10.0,60.0,"10,20,30,40,50,60"
SLBIC_10,SLBIC,train,60,,False,False,6,10.0,60.0,"10,20,30,40,50,60"
SLBIC_100,SLBIC,train,60,205.0,True,True,6,10.0,60.0,"10,20,30,40,50,60"
SLBIC_101,SLBIC,test,60,204.0,True,True,6,10.0,60.0,"10,20,30,40,50,60"
SLBIC_11,SLBIC,test,60,,False,False,6,10.0,60.0,"10,20,30,40,50,60"
SLBIC_12,SLBIC,validation,60,,False,False,6,10.0,60.0,"10,20,30,40,50,60"
SLBIC_13,SLBIC,train,60,,False,False,6,10.0,60.0,"10,20,30,40,50,60"
SLBIC_14,SLBIC,train,60,5232.0,True,True,6,10.0,60.0,"10,20,30,40,50,60"
SLBIC_15,SLBIC,train,60,4386.0,True,True,6,10.0,60.0,"10,20,30,40,50,60"
SLBIC_16,SLBIC,train,60,3893.0,True,True,6,10.0,60.0,"10,20,30,40,50,60"
SLBIC_17,SLBIC,train,60,3672.0,True,True,6,10.0,60.0,"10,20,30,40,50,60"
SLBIC_18,SLBIC,train,60,3489.5,True,True,6,10.0,60.0,"10,20,30,40,50,60"
SLBIC_19,SLBIC,train,60,3348.5,True,True,6,10.0,60.0,"10,20,30,40,50,60"
SLBIC_2,SLBIC,validation,60,,False,False,6,10.0,60.0,"10,20,30,40,50,60"
SLBIC_20,SLBIC,train,60,3314.0,True,True,6,10.0,60.0,"10,20,30,40,50,60"
SLBIC_21,SLBIC,test,60,3247.5,True,True,6,10.0,60.0,"10,20,30,40,50,60"
SLBIC_22,SLBIC,validation,60,3181.5,True,True,6,10.0,60.0,"10,20,30,40,50,60"
SLBIC_23,SLBIC,train,60,3053.5,True,True,6,10.0,60.0,"10,20,30,40,50,60"
SLBIC_24,SLBIC,train,60,2925.5,True,True,6,10.0,60.0,"10,20,30,40,50,60"
SLBIC_25,SLBIC,train,60,2739.0,True,True,6,10.0,60.0,"10,20,30,40,50,60"
SLBIC_26,SLBIC,train,60,463.5,True,True,6,10.0,60.0,"10,20,30,40,50,60"
SLBIC_27,SLBIC,train,60,450.5,True,True,6,10.0,60.0,"10,20,30,40,50,60"
SLBIC_28,SLBIC,train,60,438.5,True,True,6,10.0,60.0,"10,20,30,40,50,60"
SLBIC_29,SLBIC,train,60,427.0,True,True,6,10.0,60.0,"10,20,30,40,50,60"
SLBIC_3,SLBIC,train,60,,False,False,6,10.0,60.0,"10,20,30,40,50,60"
SLBIC_30,SLBIC,train,60,416.5,True,True,6,10.0,60.0,"10,20,30,40,50,60"
SLBIC_31,SLBIC,test,60,407.0,True,True,6,10.0,60.0,"10,20,30,40,50,60"
SLBIC_32,SLBIC,validation,60,397.5,True,True,6,10.0,60.0,"10,20,30,40,50,60"
SLBIC_33,SLBIC,train,60,389.0,True,True,6,10.0,60.0,"10,20,30,40,50,60"
SLBIC_34,SLBIC,train,60,381.0,True,True,6,10.0,60.0,"10,20,30,40,50,60"
SLBIC_35,SLBIC,train,60,373.5,True,True,6,10.0,60.0,"10,20,30,40,50,60"
SLBIC_36,SLBIC,train,60,366.5,True,True,6,10.0,60.0,"10,20,30,40,50,60"
SLBIC_37,SLBIC,train,60,359.5,True,True,6,10.0,60.0,"10,20,30,40,50,60"
SLBIC_38,SLBIC,train,60,353.0,True,True,6,10.0,60.0,"10,20,30,40,50,60"
SLBIC_39,SLBIC,train,60,347.0,True,True,6,10.0,60.0,"10,20,30,40,50,60"
SLBIC_4,SLBIC,train,60,,False,False,6,10.0,60.0,"10,20,30,40,50,60"
SLBIC_40,SLBIC,train,60,341.0,True,True,6,10.0,60.0,"10,20,30,40,50,60"
SLBIC_41,SLBIC,test,60,335.5,True,True,6,10.0,60.0,"10,20,30,40,50,60"
SLBIC_42,SLBIC,validation,60,330.5,True,True,6,10.0,60.0,"10,20,30,40,50,60"
SLBIC_43,SLBIC,train,60,325.5,True,True,6,10.0,60.0,"10,20,30,40,50,60"
SLBIC_44,SLBIC,train,60,320.5,True,True,6,10.0,60.0,"10,20,30,40,50,60"
SLBIC_45,SLBIC,train,60,316.0,True,True,6,10.0,60.0,"10,20,30,40,50,60"
SLBIC_46,SLBIC,train,60,311.5,True,True,6,10.0,60.0,"10,20,30,40,50,60"
SLBIC_47,SLBIC,train,60,307.5,True,True,6,10.0,60.0,"10,20,30,40,50,60"
SLBIC_48,SLBIC,train,60,303.5,True,True,6,10.0,60.0,"10,20,30,40,50,60"
SLBIC_49,SLBIC,train,60,299.5,True,True,6,10.0,60.0,"10,20,30,40,50,60"
SLBIC_5,SLBIC,train,60,,False,False,6,10.0,60.0,"10,20,30,40,50,60"
SLBIC_50,SLBIC,train,60,296.0,True,True,6,10.0,60.0,"10,20,30,40,50,60"
SLBIC_51,SLBIC,test,60,292.5,True,True,6,10.0,60.0,"10,20,30,40,50,60"
SLBIC_52,SLBIC,validation,60,289.0,True,True,6,10.0,60.0,"10,20,30,40,50,60"
SLBIC_53,SLBIC,train,60,285.5,True,True,6,10.0,60.0,"10,20,30,40,50,60"
SLBIC_54,SLBIC,train,60,282.5,True,True,6,10.0,60.0,"10,20,30,40,50,60"
SLBIC_55,SLBIC,train,60,279.5,True,True,6,10.0,60.0,"10,20,30,40,50,60"
SLBIC_56,SLBIC,train,60,276.5,True,True,6,10.0,60.0,"10,20,30,40,50,60"
SLBIC_57,SLBIC,train,60,273.5,True,True,6,10.0,60.0,"10,20,30,40,50,60"
SLBIC_58,SLBIC,train,60,271.0,True,True,6,10.0,60.0,"10,20,30,40,50,60"
SLBIC_59,SLBIC,train,60,268.0,True,True,6,10.0,60.0,"10,20,30,40,50,60"
SLBIC_6,SLBIC,train,60,,False,False,6,10.0,60.0,"10,20,30,40,50,60"
SLBIC_60,SLBIC,train,60,265.5,True,True,6,10.0,60.0,"10,20,30,40,50,60"
SLBIC_61,SLBIC,test,60,263.0,True,True,6,10.0,60.0,"10,20,30,40,50,60"
SLBIC_62,SLBIC,validation,60,260.5,True,True,6,10.0,60.0,"10,20,30,40,50,60"
SLBIC_63,SLBIC,train,60,258.5,True,True,6,10.0,60.0,"10,20,30,40,50,60"
SLBIC_64,SLBIC,train,60,256.0,True,True,6,10.0,60.0,"10,20,30,40,50,60"
SLBIC_65,SLBIC,train,60,254.0,True,True,6,10.0,60.0,"10,20,30,40,50,60"
SLBIC_66,SLBIC,train,60,252.0,True,True,6,10.0,60.0,"10,20,30,40,50,60"
SLBIC_67,SLBIC,train,60,250.0,True,True,6,10.0,60.0,"10,20,30,40,50,60"
SLBIC_68,SLBIC,train,60,248.0,True,True,6,10.0,60.0,"10,20,30,40,50,60"
SLBIC_69,SLBIC,train,60,246.0,True,True,6,10.0,60.0,"10,20,30,40,50,60"
SLBIC_7,SLBIC,train,60,,False,False,6,10.0,60.0,"10,20,30,40,50,60"
SLBIC_70,SLBIC,train,60,244.0,True,True,6,10.0,60.0,"10,20,30,40,50,60"
SLBIC_71,SLBIC,test,60,242.0,True,True,6,10.0,60.0,"10,20,30,40,50,60"
SLBIC_72,SLBIC,validation,60,240.5,True,True,6,10.0,60.0,"10,20,30,40,50,60"
SLBIC_73,SLBIC,train,60,238.5,True,True,6,10.0,60.0,"10,20,30,40,50,60"
SLBIC_74,SLBIC,train,60,237.0,True,True,6,10.0,60.0,"10,20,30,40,50,60"
SLBIC_75,SLBIC,train,60,235.5,True,True,6,10.0,60.0,"10,20,30,40,50,60"
SLBIC_76,SLBIC,train,60,234.0,True,True,6,10.0,60.0,"10,20,30,40,50,60"
SLBIC_77,SLBIC,train,60,232.5,True,True,6,10.0,60.0,"10,20,30,40,50,60"
SLBIC_78,SLBIC,train,60,231.0,True,True,6,10.0,60.0,"10,20,30,40,50,60"
SLBIC_79,SLBIC,train,60,229.5,True,True,6,10.0,60.0,"10,20,30,40,50,60"
SLBIC_8,SLBIC,train,60,,False,False,6,10.0,60.0,"10,20,30,40,50,60"
SLBIC_80,SLBIC,train,60,228.0,True,True,6,10.0,60.0,"10,20,30,40,50,60"
SLBIC_81,SLBIC,test,60,226.5,True,True,6,10.0,60.0,"10,20,30,40,50,60"
SLBIC_82,SLBIC,validation,60,225.0,True,True,6,10.0,60.0,"10,20,30,40,50,60"
SLBIC_83,SLBIC,train,60,223.5,True,True,6,10.0,60.0,"10,20,30,40,50,60"
SLBIC_84,SLBIC,train,60,222.5,True,True,6,10.0,60.0,"10,20,30,40,50,60"
SLBIC_85,SLBIC,train,60,221.0,True,True,6,10.0,60.0,"10,20,30,40,50,60"
SLBIC_86,SLBIC,train,60,220.0,True,True,6,10.0,60.0,"10,20,30,40,50,60"
SLBIC_87,SLBIC,train,60,218.5,True,True,6,10.0,60.0,"10,20,30,40,50,60"
SLBIC_88,SLBIC,train,60,217.5,True,True,6,10.0,60.0,"10,20,30,40,50,60"
SLBIC_89,SLBIC,train,60,216.5,True,True,6,10.0,60.0,"10,20,30,40,50,60"
SLBIC_9,SLBIC,train,60,,False,False,6,10.0,60.0,"10,20,30,40,50,60"
SLBIC_90,SLBIC,train,60,215.0,True,True,6,10.0,60.0,"10,20,30,40,50,60"
SLBIC_91,SLBIC,test,60,214.0,True,True,6,10.0,60.0,"10,20,30,40,50,60"
SLBIC_92,SLBIC,validation,60,213.0,True,True,6,10.0,60.0,"10,20,30,40,50,60"
SLBIC_93,SLBIC,train,60,212.0,True,True,6,10.0,60.0,"10,20,30,40,50,60"
SLBIC_94,SLBIC,train,60,211.0,True,True,6,10.0,60.0,"10,20,30,40,50,60"
SLBIC_95,SLBIC,train,60,210.0,True,True,6,10.0,60.0,"10,20,30,40,50,60"
SLBIC_96,SLBIC,train,60,209.0,True,True,6,10.0,60.0,"10,20,30,40,50,60"
SLBIC_97,SLBIC,train,60,208.0,True,True,6,10.0,60.0,"10,20,30,40,50,60"
SLBIC_98,SLBIC,train,60,207.0,True,True,6,10.0,60.0,"10,20,30,40,50,60"
SLBIC_99,SLBIC,train,60,206.0,True,True,6,10.0,60.0,"10,20,30,40,50,60"
SLBOC_1,SLBOC,test,60,,False,False,6,10.0,60.0,"10,20,30,40,50,60"
SLBOC_10,SLBOC,train,60,,False,False,6,10.0,60.0,"10,20,30,40,50,60"
SLBOC_100,SLBOC,train,60,,False,False,6,10.0,60.0,"10,20,30,40,50,60"
SLBOC_11,SLBOC,test,60,,False,False,6,10.0,60.0,"10,20,30,40,50,60"
SLBOC_12,SLBOC,validation,60,,False,False,6,10.0,60.0,"10,20,30,40,50,60"
SLBOC_13,SLBOC,train,60,,False,False,6,10.0,60.0,"10,20,30,40,50,60"
SLBOC_14,SLBOC,train,60,,False,False,6,10.0,60.0,"10,20,30,40,50,60"
SLBOC_15,SLBOC,train,60,,False,False,6,10.0,60.0,"10,20,30,40,50,60"
SLBOC_16,SLBOC,train,60,,False,False,6,10.0,60.0,"10,20,30,40,50,60"
SLBOC_17,SLBOC,train,60,,False,False,6,10.0,60.0,"10,20,30,40,50,60"
SLBOC_18,SLBOC,train,60,,False,False,6,10.0,60.0,"10,20,30,40,50,60"
SLBOC_19,SLBOC,train,60,,False,False,6,10.0,60.0,"10,20,30,40,50,60"
SLBOC_2,SLBOC,validation,60,,False,False,6,10.0,60.0,"10,20,30,40,50,60"
SLBOC_20,SLBOC,train,60,,False,False,6,10.0,60.0,"10,20,30,40,50,60"
SLBOC_21,SLBOC,test,60,,False,False,6,10.0,60.0,"10,20,30,40,50,60"
SLBOC_22,SLBOC,validation,60,,False,False,6,10.0,60.0,"10,20,30,40,50,60"
SLBOC_23,SLBOC,train,60,,False,False,6,10.0,60.0,"10,20,30,40,50,60"
SLBOC_24,SLBOC,train,60,,False,False,6,10.0,60.0,"10,20,30,40,50,60"
SLBOC_25,SLBOC,train,60,,False,False,6,10.0,60.0,"10,20,30,40,50,60"
SLBOC_26,SLBOC,train,60,,False,False,6,10.0,60.0,"10,20,30,40,50,60"
SLBOC_27,SLBOC,train,60,,False,False,6,10.0,60.0,"10,20,30,40,50,60"
SLBOC_28,SLBOC,train,60,,False,False,6,10.0,60.0,"10,20,30,40,50,60"
SLBOC_29,SLBOC,train,60,,False,False,6,10.0,60.0,"10,20,30,40,50,60"
SLBOC_3,SLBOC,train,60,,False,False,6,10.0,60.0,"10,20,30,40,50,60"
SLBOC_30,SLBOC,train,60,,False,False,6,10.0,60.0,"10,20,30,40,50,60"
SLBOC_31,SLBOC,test,60,,False,False,6,10.0,60.0,"10,20,30,40,50,60"
SLBOC_32,SLBOC,validation,60,,False,False,6,10.0,60.0,"10,20,30,40,50,60"
SLBOC_33,SLBOC,train,60,,False,False,6,10.0,60.0,"10,20,30,40,50,60"
SLBOC_34,SLBOC,train,60,,False,False,6,10.0,60.0,"10,20,30,40,50,60"
SLBOC_35,SLBOC,train,60,,False,False,6,10.0,60.0,"10,20,30,40,50,60"
SLBOC_36,SLBOC,train,60,,False,False,6,10.0,60.0,"10,20,30,40,50,60"
SLBOC_37,SLBOC,train,60,,False,False,6,10.0,60.0,"10,20,30,40,50,60"
SLBOC_38,SLBOC,train,60,,False,False,6,10.0,60.0,"10,20,30,40,50,60"
SLBOC_39,SLBOC,train,60,,False,False,6,10.0,60.0,"10,20,30,40,50,60"
SLBOC_4,SLBOC,train,60,,False,False,6,10.0,60.0,"10,20,30,40,50,60"
SLBOC_40,SLBOC,train,60,,False,False,6,10.0,60.0,"10,20,30,40,50,60"
SLBOC_41,SLBOC,test,60,,False,False,6,10.0,60.0,"10,20,30,40,50,60"
SLBOC_42,SLBOC,validation,60,,False,False,6,10.0,60.0,"10,20,30,40,50,60"
SLBOC_43,SLBOC,train,60,,False,False,6,10.0,60.0,"10,20,30,40,50,60"
SLBOC_44,SLBOC,train,60,,False,False,6,10.0,60.0,"10,20,30,40,50,60"
SLBOC_45,SLBOC,train,60,,False,False,6,10.0,60.0,"10,20,30,40,50,60"
SLBOC_46,SLBOC,train,60,,False,False,6,10.0,60.0,"10,20,30,40,50,60"
SLBOC_47,SLBOC,train,60,,False,False,6,10.0,60.0,"10,20,30,40,50,60"
SLBOC_48,SLBOC,train,60,,False,False,6,10.0,60.0,"10,20,30,40,50,60"
SLBOC_49,SLBOC,train,60,,False,False,6,10.0,60.0,"10,20,30,40,50,60"
SLBOC_5,SLBOC,train,60,,False,False,6,10.0,60.0,"10,20,30,40,50,60"
SLBOC_50,SLBOC,train,60,,False,False,6,10.0,60.0,"10,20,30,40,50,60"
SLBOC_51,SLBOC,test,60,,False,False,6,10.0,60.0,"10,20,30,40,50,60"
SLBOC_52,SLBOC,validation,60,,False,False,6,10.0,60.0,"10,20,30,40,50,60"
SLBOC_53,SLBOC,train,60,,False,False,6,10.0,60.0,"10,20,30,40,50,60"
SLBOC_54,SLBOC,train,60,,False,False,6,10.0,60.0,"10,20,30,40,50,60"
SLBOC_55,SLBOC,train,60,,False,False,6,10.0,60.0,"10,20,30,40,50,60"
SLBOC_56,SLBOC,train,60,,False,False,6,10.0,60.0,"10,20,30,40,50,60"
SLBOC_57,SLBOC,train,60,,False,False,6,10.0,60.0,"10,20,30,40,50,60"
SLBOC_58,SLBOC,train,60,,False,False,6,10.0,60.0,"10,20,30,40,50,60"
SLBOC_59,SLBOC,train,60,,False,False,6,10.0,60.0,"10,20,30,40,50,60"
SLBOC_6,SLBOC,train,60,,False,False,6,10.0,60.0,"10,20,30,40,50,60"
SLBOC_60,SLBOC,train,60,,False,False,6,10.0,60.0,"10,20,30,40,50,60"
SLBOC_61,SLBOC,test,60,,False,False,6,10.0,60.0,"10,20,30,40,50,60"
SLBOC_62,SLBOC,validation,60,,False,False,6,10.0,60.0,"10,20,30,40,50,60"
SLBOC_63,SLBOC,train,60,,False,False,6,10.0,60.0,"10,20,30,40,50,60"
SLBOC_64,SLBOC,train,60,,False,False,6,10.0,60.0,"10,20,30,40,50,60"
SLBOC_65,SLBOC,train,60,,False,False,6,10.0,60.0,"10,20,30,40,50,60"
SLBOC_66,SLBOC,train,60,,False,False,6,10.0,60.0,"10,20,30,40,50,60"
SLBOC_67,SLBOC,train,60,,False,False,6,10.0,60.0,"10,20,30,40,50,60"
SLBOC_68,SLBOC,train,60,,False,False,6,10.0,60.0,"10,20,30,40,50,60"
SLBOC_69,SLBOC,train,60,,False,False,6,10.0,60.0,"10,20,30,40,50,60"
SLBOC_7,SLBOC,train,60,,False,False,6,10.0,60.0,"10,20,30,40,50,60"
SLBOC_70,SLBOC,train,60,,False,False,6,10.0,60.0,"10,20,30,40,50,60"
SLBOC_71,SLBOC,test,60,,False,False,6,10.0,60.0,"10,20,30,40,50,60"
SLBOC_72,SLBOC,validation,60,,False,False,6,10.0,60.0,"10,20,30,40,50,60"
SLBOC_73,SLBOC,train,60,,False,False,6,10.0,60.0,"10,20,30,40,50,60"
SLBOC_74,SLBOC,train,60,,False,False,6,10.0,60.0,"10,20,30,40,50,60"
SLBOC_75,SLBOC,train,60,,False,False,6,10.0,60.0,"10,20,30,40,50,60"
SLBOC_76,SLBOC,train,60,,False,False,6,10.0,60.0,"10,20,30,40,50,60"
SLBOC_77,SLBOC,train,60,,False,False,6,10.0,60.0,"10,20,30,40,50,60"
SLBOC_78,SLBOC,train,60,,False,False,6,10.0,60.0,"10,20,30,40,50,60"
SLBOC_79,SLBOC,train,60,,False,False,6,10.0,60.0,"10,20,30,40,50,60"
SLBOC_8,SLBOC,train,60,,False,False,6,10.0,60.0,"10,20,30,40,50,60"
SLBOC_80,SLBOC,train,60,,False,False,6,10.0,60.0,"10,20,30,40,50,60"
SLBOC_81,SLBOC,test,60,,False,False,6,10.0,60.0,"10,20,30,40,50,60"
SLBOC_82,SLBOC,validation,60,,False,False,6,10.0,60.0,"10,20,30,40,50,60"
SLBOC_83,SLBOC,train,60,,False,False,6,10.0,60.0,"10,20,30,40,50,60"
SLBOC_84,SLBOC,train,60,,False,False,6,10.0,60.0,"10,20,30,40,50,60"
SLBOC_85,SLBOC,train,60,,False,False,6,10.0,60.0,"10,20,30,40,50,60"
SLBOC_86,SLBOC,train,60,,False,False,6,10.0,60.0,"10,20,30,40,50,60"
SLBOC_87,SLBOC,train,60,,False,False,6,10.0,60.0,"10,20,30,40,50,60"
SLBOC_88,SLBOC,train,60,,False,False,6,10.0,60.0,"10,20,30,40,50,60"
SLBOC_89,SLBOC,train,60,,False,False,6,10.0,60.0,"10,20,30,40,50,60"
SLBOC_9,SLBOC,train,60,,False,False,6,10.0,60.0,"10,20,30,40,50,60"
SLBOC_90,SLBOC,train,60,,False,False,6,10.0,60.0,"10,20,30,40,50,60"
SLBOC_91,SLBOC,test,60,,False,False,6,10.0,60.0,"10,20,30,40,50,60"
SLBOC_92,SLBOC,validation,60,,False,False,6,10.0,60.0,"10,20,30,40,50,60"
SLBOC_93,SLBOC,train,60,,False,False,6,10.0,60.0,"10,20,30,40,50,60"
SLBOC_94,SLBOC,train,60,,False,False,6,10.0,60.0,"10,20,30,40,50,60"
SLBOC_95,SLBOC,train,60,,False,False,6,10.0,60.0,"10,20,30,40,50,60"
SLBOC_96,SLBOC,train,60,,False,False,6,10.0,60.0,"10,20,30,40,50,60"
SLBOC_97,SLBOC,train,60,,False,False,6,10.0,60.0,"10,20,30,40,50,60"
SLBOC_98,SLBOC,train,60,,False,False,6,10.0,60.0,"10,20,30,40,50,60"
SLBOC_99,SLBOC,train,60,,False,False,6,10.0,60.0,"10,20,30,40,50,60"
FLB_1,FLB,test,90,,False,False,9,10.0,90.0,"10,20,30,40,50,60,70,80,90"
FLB_10,FLB,train,90,687.0,True,True,9,10.0,90.0,"10,20,30,40,50,60,70,80,90"
FLB_100,FLB,train,90,164.0,True,True,9,10.0,90.0,"10,20,30,40,50,60,70,80,90"
FLB_11,FLB,test,90,633.5,True,True,9,10.0,90.0,"10,20,30,40,50,60,70,80,90"
FLB_12,FLB,validation,90,589.5,True,True,9,10.0,90.0,"10,20,30,40,50,60,70,80,90"
FLB_13,FLB,train,90,552.5,True,True,9,10.0,90.0,"10,20,30,40,50,60,70,80,90"
FLB_14,FLB,train,90,520.0,True,True,9,10.0,90.0,"10,20,30,40,50,60,70,80,90"
FLB_15,FLB,train,90,493.0,True,True,9,10.0,90.0,"10,20,30,40,50,60,70,80,90"
FLB_16,FLB,train,90,468.5,True,True,9,10.0,90.0,"10,20,30,40,50,60,70,80,90"
FLB_17,FLB,train,90,447.0,True,True,9,10.0,90.0,"10,20,30,40,50,60,70,80,90"
FLB_18,FLB,train,90,428.5,True,True,9,10.0,90.0,"10,20,30,40,50,60,70,80,90"
FLB_19,FLB,train,90,411.0,True,True,9,10.0,90.0,"10,20,30,40,50,60,70,80,90"
FLB_2,FLB,validation,90,2958.5,True,True,9,10.0,90.0,"10,20,30,40,50,60,70,80,90"
FLB_20,FLB,train,90,396.0,True,True,9,10.0,90.0,"10,20,30,40,50,60,70,80,90"
FLB_21,FLB,test,90,382.0,True,True,9,10.0,90.0,"10,20,30,40,50,60,70,80,90"
FLB_22,FLB,validation,90,369.5,True,True,9,10.0,90.0,"10,20,30,40,50,60,70,80,90"
FLB_23,FLB,train,90,358.0,True,True,9,10.0,90.0,"10,20,30,40,50,60,70,80,90"
FLB_24,FLB,train,90,347.5,True,True,9,10.0,90.0,"10,20,30,40,50,60,70,80,90"
FLB_25,FLB,train,90,338.0,True,True,9,10.0,90.0,"10,20,30,40,50,60,70,80,90"
FLB_26,FLB,train,90,329.0,True,True,9,10.0,90.0,"10,20,30,40,50,60,70,80,90"
FLB_27,FLB,train,90,321.0,True,True,9,10.0,90.0,"10,20,30,40,50,60,70,80,90"
FLB_28,FLB,train,90,313.0,True,True,9,10.0,90.0,"10,20,30,40,50,60,70,80,90"
FLB_29,FLB,train,90,306.0,True,True,9,10.0,90.0,"10,20,30,40,50,60,70,80,90"
FLB_3,FLB,train,90,2033.0,True,True,9,10.0,90.0,"10,20,30,40,50,60,70,80,90"
FLB_30,FLB,train,90,299.5,True,True,9,10.0,90.0,"10,20,30,40,50,60,70,80,90"
FLB_31,FLB,test,90,293.0,True,True,9,10.0,90.0,"10,20,30,40,50,60,70,80,90"
FLB_32,FLB,validation,90,287.0,True,True,9,10.0,90.0,"10,20,30,40,50,60,70,80,90"
FLB_33,FLB,train,90,281.5,True,True,9,10.0,90.0,"10,20,30,40,50,60,70,80,90"
FLB_34,FLB,train,90,276.5,True,True,9,10.0,90.0,"10,20,30,40,50,60,70,80,90"
FLB_35,FLB,train,90,271.5,True,True,9,10.0,90.0,"10,20,30,40,50,60,70,80,90"
FLB_36,FLB,train,90,267.0,True,True,9,10.0,90.0,"10,20,30,40,50,60,70,80,90"
FLB_37,FLB,train,90,262.5,True,True,9,10.0,90.0,"10,20,30,40,50,60,70,80,90"
FLB_38,FLB,train,90,258.5,True,True,9,10.0,90.0,"10,20,30,40,50,60,70,80,90"
FLB_39,FLB,train,90,254.5,True,True,9,10.0,90.0,"10,20,30,40,50,60,70,80,90"
FLB_4,FLB,train,90,1569.5,True,True,9,10.0,90.0,"10,20,30,40,50,60,70,80,90"
FLB_40,FLB,train,90,251.0,True,True,9,10.0,90.0,"10,20,30,40,50,60,70,80,90"
FLB_41,FLB,test,90,247.5,True,True,9,10.0,90.0,"10,20,30,40,50,60,70,80,90"
FLB_42,FLB,validation,90,244.0,True,True,9,10.0,90.0,"10,20,30,40,50,60,70,80,90"
FLB_43,FLB,train,90,241.0,True,True,9,10.0,90.0,"10,20,30,40,50,60,70,80,90"
FLB_44,FLB,train,90,238.0,True,True,9,10.0,90.0,"10,20,30,40,50,60,70,80,90"
FLB_45,FLB,train,90,235.0,True,True,9,10.0,90.0,"10,20,30,40,50,60,70,80,90"
FLB_46,FLB,train,90,232.0,True,True,9,10.0,90.0,"10,20,30,40,50,60,70,80,90"
FLB_47,FLB,train,90,229.5,True,True,9,10.0,90.0,"10,20,30,40,50,60,70,80,90"
FLB_48,FLB,train,90,227.0,True,True,9,10.0,90.0,"10,20,30,40,50,60,70,80,90"
FLB_49,FLB,train,90,224.5,True,True,9,10.0,90.0,"10,20,30,40,50,60,70,80,90"
FLB_5,FLB,train,90,1263.5,True,True,9,10.0,90.0,"10,20,30,40,50,60,70,80,90"
FLB_50,FLB,train,90,222.0,True,True,9,10.0,90.0,"10,20,30,40,50,60,70,80,90"
FLB_51,FLB,test,90,219.5,True,True,9,10.0,90.0,"10,20,30,40,50,60,70,80,90"
FLB_52,FLB,validation,90,217.5,True,True,9,10.0,90.0,"10,20,30,40,50,60,70,80,90"
FLB_53,FLB,train,90,215.5,True,True,9,10.0,90.0,"10,20,30,40,50,60,70,80,90"
FLB_54,FLB,train,90,213.5,True,True,9,10.0,90.0,"10,20,30,40,50,60,70,80,90"
FLB_55,FLB,train,90,211.5,True,True,9,10.0,90.0,"10,20,30,40,50,60,70,80,90"
FLB_56,FLB,train,90,209.5,True,True,9,10.0,90.0,"10,20,30,40,50,60,70,80,90"
FLB_57,FLB,train,90,207.5,True,True,9,10.0,90.0,"10,20,30,40,50,60,70,80,90"
FLB_58,FLB,train,90,206.0,True,True,9,10.0,90.0,"10,20,30,40,50,60,70,80,90"
FLB_59,FLB,train,90,204.5,True,True,9,10.0,90.0,"10,20,30,40,50,60,70,80,90"
FLB_6,FLB,train,90,1073.0,True,True,9,10.0,90.0,"10,20,30,40,50,60,70,80,90"
FLB_60,FLB,train,90,202.5,True,True,9,10.0,90.0,"10,20,30,40,50,60,70,80,90"
FLB_61,FLB,test,90,201.0,True,True,9,10.0,90.0,"10,20,30,40,50,60,70,80,90"
FLB_62,FLB,validation,90,199.5,True,True,9,10.0,90.0,"10,20,30,40,50,60,70,80,90"
FLB_63,FLB,train,90,198.0,True,True,9,10.0,90.0,"10,20,30,40,50,60,70,80,90"
FLB_64,FLB,train,90,196.5,True,True,9,10.0,90.0,"10,20,30,40,50,60,70,80,90"
FLB_65,FLB,train,90,195.0,True,True,9,10.0,90.0,"10,20,30,40,50,60,70,80,90"
FLB_66,FLB,train,90,194.0,True,True,9,10.0,90.0,"10,20,30,40,50,60,70,80,90"
FLB_67,FLB,train,90,192.5,True,True,9,10.0,90.0,"10,20,30,40,50,60,70,80,90"
FLB_68,FLB,train,90,191.0,True,True,9,10.0,90.0,"10,20,30,40,50,60,70,80,90"
FLB_69,FLB,train,90,190.0,True,True,9,10.0,90.0,"10,20,30,40,50,60,70,80,90"
FLB_7,FLB,train,90,938.5,True,True,9,10.0,90.0,"10,20,30,40,50,60,70,80,90"
FLB_70,FLB,train,90,189.0,True,True,9,10.0,90.0,"10,20,30,40,50,60,70,80,90"
FLB_71,FLB,test,90,187.5,True,True,9,10.0,90.0,"10,20,30,40,50,60,70,80,90"
FLB_72,FLB,validation,90,186.5,True,True,9,10.0,90.0,"10,20,30,40,50,60,70,80,90"
FLB_73,FLB,train,90,185.5,True,True,9,10.0,90.0,"10,20,30,40,50,60,70,80,90"
FLB_74,FLB,train,90,184.5,True,True,9,10.0,90.0,"10,20,30,40,50,60,70,80,90"
FLB_75,FLB,train,90,183.5,True,True,9,10.0,90.0,"10,20,30,40,50,60,70,80,90"
FLB_76,FLB,train,90,182.5,True,True,9,10.0,90.0,"10,20,30,40,50,60,70,80,90"
FLB_77,FLB,train,90,181.5,True,True,9,10.0,90.0,"10,20,30,40,50,60,70,80,90"
FLB_78,FLB,train,90,180.5,True,True,9,10.0,90.0,"10,20,30,40,50,60,70,80,90"
FLB_79,FLB,train,90,179.5,True,True,9,10.0,90.0,"10,20,30,40,50,60,70,80,90"
FLB_8,FLB,train,90,830.5,True,True,9,10.0,90.0,"10,20,30,40,50,60,70,80,90"
FLB_80,FLB,train,90,178.5,True,True,9,10.0,90.0,"10,20,30,40,50,60,70,80,90"
FLB_81,FLB,test,90,177.5,True,True,9,10.0,90.0,"10,20,30,40,50,60,70,80,90"
FLB_82,FLB,validation,90,176.5,True,True,9,10.0,90.0,"10,20,30,40,50,60,70,80,90"
FLB_83,FLB,train,90,176.0,True,True,9,10.0,90.0,"10,20,30,40,50,60,70,80,90"
FLB_84,FLB,train,90,175.0,True,True,9,10.0,90.0,"10,20,30,40,50,60,70,80,90"
FLB_85,FLB,train,90,174.0,True,True,9,10.0,90.0,"10,20,30,40,50,60,70,80,90"
FLB_86,FLB,train,90,173.5,True,True,9,10.0,90.0,"10,20,30,40,50,60,70,80,90"
FLB_87,FLB,train,90,172.5,True,True,9,10.0,90.0,"10,20,30,40,50,60,70,80,90"
FLB_88,FLB,train,90,172.0,True,True,9,10.0,90.0,"10,20,30,40,50,60,70,80,90"
FLB_89,FLB,train,90,171.0,True,True,9,10.0,90.0,"10,20,30,40,50,60,70,80,90"
FLB_9,FLB,train,90,751.0,True,True,9,10.0,90.0,"10,20,30,40,50,60,70,80,90"
FLB_90,FLB,train,90,170.5,True,True,9,10.0,90.0,"10,20,30,40,50,60,70,80,90"
FLB_91,FLB,test,90,169.5,True,True,9,10.0,90.0,"10,20,30,40,50,60,70,80,90"
FLB_92,FLB,validation,90,169.0,True,True,9,10.0,90.0,"10,20,30,40,50,60,70,80,90"
FLB_93,FLB,train,90,168.5,True,True,9,10.0,90.0,"10,20,30,40,50,60,70,80,90"
FLB_94,FLB,train,90,167.5,True,True,9,10.0,90.0,"10,20,30,40,50,60,70,80,90"
FLB_95,FLB,train,90,167.0,True,True,9,10.0,90.0,"10,20,30,40,50,60,70,80,90"
FLB_96,FLB,train,90,166.5,True,True,9,10.0,90.0,"10,20,30,40,50,60,70,80,90"
FLB_97,FLB,train,90,166.0,True,True,9,10.0,90.0,"10,20,30,40,50,60,70,80,90"
FLB_98,FLB,train,90,165.0,True,True,9,10.0,90.0,"10,20,30,40,50,60,70,80,90"
FLB_99,FLB,train,90,164.5,True,True,9,10.0,90.0,"10,20,30,40,50,60,70,80,90"
LLB_1,LLB,test,90,,False,False,9,10.0,90.0,"10,20,30,40,50,60,70,80,90"
LLB_10,LLB,train,90,,False,False,9,10.0,90.0,"10,20,30,40,50,60,70,80,90"
LLB_100,LLB,train,90,,False,False,9,10.0,90.0,"10,20,30,40,50,60,70,80,90"
LLB_101,LLB,test,90,,False,False,9,10.0,90.0,"10,20,30,40,50,60,70,80,90"
LLB_11,LLB,test,90,,False,False,9,10.0,90.0,"10,20,30,40,50,60,70,80,90"
LLB_12,LLB,validation,90,,False,False,9,10.0,90.0,"10,20,30,40,50,60,70,80,90"
LLB_13,LLB,train,90,,False,False,9,10.0,90.0,"10,20,30,40,50,60,70,80,90"
LLB_14,LLB,train,90,,False,False,9,10.0,90.0,"10,20,30,40,50,60,70,80,90"
LLB_15,LLB,train,90,,False,False,9,10.0,90.0,"10,20,30,40,50,60,70,80,90"
LLB_16,LLB,train,90,,False,False,9,10.0,90.0,"10,20,30,40,50,60,70,80,90"
LLB_17,LLB,train,90,,False,False,9,10.0,90.0,"10,20,30,40,50,60,70,80,90"
LLB_18,LLB,train,90,,False,False,9,10.0,90.0,"10,20,30,40,50,60,70,80,90"
LLB_19,LLB,train,90,,False,False,9,10.0,90.0,"10,20,30,40,50,60,70,80,90"
LLB_2,LLB,validation,90,,False,False,9,10.0,90.0,"10,20,30,40,50,60,70,80,90"
LLB_20,LLB,train,90,,False,False,9,10.0,90.0,"10,20,30,40,50,60,70,80,90"
LLB_21,LLB,test,90,,False,False,9,10.0,90.0,"10,20,30,40,50,60,70,80,90"
LLB_22,LLB,validation,90,,False,False,9,10.0,90.0,"10,20,30,40,50,60,70,80,90"
LLB_23,LLB,train,90,,False,False,9,10.0,90.0,"10,20,30,40,50,60,70,80,90"
LLB_24,LLB,train,90,,False,False,9,10.0,90.0,"10,20,30,40,50,60,70,80,90"
LLB_25,LLB,train,90,,False,False,9,10.0,90.0,"10,20,30,40,50,60,70,80,90"
LLB_26,LLB,train,90,,False,False,9,10.0,90.0,"10,20,30,40,50,60,70,80,90"
LLB_27,LLB,train,90,,False,False,9,10.0,90.0,"10,20,30,40,50,60,70,80,90"
LLB_28,LLB,train,90,,False,False,9,10.0,90.0,"10,20,30,40,50,60,70,80,90"
LLB_29,LLB,train,90,,False,False,9,10.0,90.0,"10,20,30,40,50,60,70,80,90"
LLB_3,LLB,train,90,,False,False,9,10.0,90.0,"10,20,30,40,50,60,70,80,90"
LLB_30,LLB,train,90,,False,False,9,10.0,90.0,"10,20,30,40,50,60,70,80,90"
LLB_31,LLB,test,90,,False,False,9,10.0,90.0,"10,20,30,40,50,60,70,80,90"
LLB_32,LLB,validation,90,,False,False,9,10.0,90.0,"10,20,30,40,50,60,70,80,90"
LLB_33,LLB,train,90,,False,False,9,10.0,90.0,"10,20,30,40,50,60,70,80,90"
LLB_34,LLB,train,90,,False,False,9,10.0,90.0,"10,20,30,40,50,60,70,80,90"
LLB_35,LLB,train,90,,False,False,9,10.0,90.0,"10,20,30,40,50,60,70,80,90"
LLB_36,LLB,train,90,,False,False,9,10.0,90.0,"10,20,30,40,50,60,70,80,90"
LLB_37,LLB,train,90,,False,False,9,10.0,90.0,"10,20,30,40,50,60,70,80,90"
LLB_38,LLB,train,90,,False,False,9,10.0,90.0,"10,20,30,40,50,60,70,80,90"
LLB_39,LLB,train,90,,False,False,9,10.0,90.0,"10,20,30,40,50,60,70,80,90"
LLB_4,LLB,train,90,,False,False,9,10.0,90.0,"10,20,30,40,50,60,70,80,90"
LLB_40,LLB,train,90,,False,False,9,10.0,90.0,"10,20,30,40,50,60,70,80,90"
LLB_41,LLB,test,90,,False,False,9,10.0,90.0,"10,20,30,40,50,60,70,80,90"
LLB_42,LLB,validation,90,,False,False,9,10.0,90.0,"10,20,30,40,50,60,70,80,90"
LLB_43,LLB,train,90,,False,False,9,10.0,90.0,"10,20,30,40,50,60,70,80,90"
LLB_44,LLB,train,90,,False,False,9,10.0,90.0,"10,20,30,40,50,60,70,80,90"
LLB_45,LLB,train,90,,False,False,9,10.0,90.0,"10,20,30,40,50,60,70,80,90"
LLB_46,LLB,train,90,,False,False,9,10.0,90.0,"10,20,30,40,50,60,70,80,90"
LLB_47,LLB,train,90,,False,False,9,10.0,90.0,"10,20,30,40,50,60,70,80,90"
LLB_48,LLB,train,90,,False,False,9,10.0,90.0,"10,20,30,40,50,60,70,80,90"
LLB_49,LLB,train,90,,False,False,9,10.0,90.0,"10,20,30,40,50,60,70,80,90"
LLB_5,LLB,train,90,,False,False,9,10.0,90.0,"10,20,30,40,50,60,70,80,90"
LLB_50,LLB,train,90,,False,False,9,10.0,90.0,"10,20,30,40,50,60,70,80,90"
LLB_51,LLB,test,90,,False,False,9,10.0,90.0,"10,20,30,40,50,60,70,80,90"
LLB_52,LLB,validation,90,,False,False,9,10.0,90.0,"10,20,30,40,50,60,70,80,90"
LLB_53,LLB,train,90,,False,False,9,10.0,90.0,"10,20,30,40,50,60,70,80,90"
LLB_54,LLB,train,90,,False,False,9,10.0,90.0,"10,20,30,40,50,60,70,80,90"
LLB_55,LLB,train,90,,False,False,9,10.0,90.0,"10,20,30,40,50,60,70,80,90"
LLB_56,LLB,train,90,,False,False,9,10.0,90.0,"10,20,30,40,50,60,70,80,90"
LLB_57,LLB,train,90,,False,False,9,10.0,90.0,"10,20,30,40,50,60,70,80,90"
LLB_58,LLB,train,90,,False,False,9,10.0,90.0,"10,20,30,40,50,60,70,80,90"
LLB_59,LLB,train,90,,False,False,9,10.0,90.0,"10,20,30,40,50,60,70,80,90"
LLB_6,LLB,train,90,,False,False,9,10.0,90.0,"10,20,30,40,50,60,70,80,90"
LLB_60,LLB,train,90,,False,False,9,10.0,90.0,"10,20,30,40,50,60,70,80,90"
LLB_61,LLB,test,90,,False,False,9,10.0,90.0,"10,20,30,40,50,60,70,80,90"
LLB_62,LLB,validation,90,,False,False,9,10.0,90.0,"10,20,30,40,50,60,70,80,90"
LLB_63,LLB,train,90,,False,False,9,10.0,90.0,"10,20,30,40,50,60,70,80,90"
LLB_64,LLB,train,90,,False,False,9,10.0,90.0,"10,20,30,40,50,60,70,80,90"
LLB_65,LLB,train,90,,False,False,9,10.0,90.0,"10,20,30,40,50,60,70,80,90"
LLB_66,LLB,train,90,,False,False,9,10.0,90.0,"10,20,30,40,50,60,70,80,90"
LLB_67,LLB,train,90,,False,False,9,10.0,90.0,"10,20,30,40,50,60,70,80,90"
LLB_68,LLB,train,90,,False,False,9,10.0,90.0,"10,20,30,40,50,60,70,80,90"
LLB_69,LLB,train,90,,False,False,9,10.0,90.0,"10,20,30,40,50,60,70,80,90"
LLB_7,LLB,train,90,,False,False,9,10.0,90.0,"10,20,30,40,50,60,70,80,90"
LLB_70,LLB,train,90,,False,False,9,10.0,90.0,"10,20,30,40,50,60,70,80,90"
LLB_71,LLB,test,90,,False,False,9,10.0,90.0,"10,20,30,40,50,60,70,80,90"
LLB_72,LLB,validation,90,,False,False,9,10.0,90.0,"10,20,30,40,50,60,70,80,90"
LLB_73,LLB,train,90,,False,False,9,10.0,90.0,"10,20,30,40,50,60,70,80,90"
LLB_74,LLB,train,90,,False,False,9,10.0,90.0,"10,20,30,40,50,60,70,80,90"
LLB_75,LLB,train,90,,False,False,9,10.0,90.0,"10,20,30,40,50,60,70,80,90"
LLB_76,LLB,train,90,,False,False,9,10.0,90.0,"10,20,30,40,50,60,70,80,90"
LLB_77,LLB,train,90,,False,False,9,10.0,90.0,"10,20,30,40,50,60,70,80,90"
LLB_78,LLB,train,90,,False,False,9,10.0,90.0,"10,20,30,40,50,60,70,80,90"
LLB_79,LLB,train,90,,False,False,9,10.0,90.0,"10,20,30,40,50,60,70,80,90"
LLB_8,LLB,train,90,,False,False,9,10.0,90.0,"10,20,30,40,50,60,70,80,90"
LLB_80,LLB,train,90,,False,False,9,10.0,90.0,"10,20,30,40,50,60,70,80,90"
LLB_81,LLB,test,90,,False,False,9,10.0,90.0,"10,20,30,40,50,60,70,80,90"
LLB_82,LLB,validation,90,,False,False,9,10.0,90.0,"10,20,30,40,50,60,70,80,90"
LLB_83,LLB,train,90,,False,False,9,10.0,90.0,"10,20,30,40,50,60,70,80,90"
LLB_84,LLB,train,90,,False,False,9,10.0,90.0,"10,20,30,40,50,60,70,80,90"
LLB_85,LLB,train,90,,False,False,9,10.0,90.0,"10,20,30,40,50,60,70,80,90"
LLB_86,LLB,train,90,,False,False,9,10.0,90.0,"10,20,30,40,50,60,70,80,90"
LLB_87,LLB,train,90,,False,False,9,10.0,90.0,"10,20,30,40,50,60,70,80,90"
LLB_88,LLB,train,90,,False,False,9,10.0,90.0,"10,20,30,40,50,60,70,80,90"
LLB_89,LLB,train,90,,False,False,9,10.0,90.0,"10,20,30,40,50,60,70,80,90"
LLB_9,LLB,train,90,,False,False,9,10.0,90.0,"10,20,30,40,50,60,70,80,90"
LLB_90,LLB,train,90,,False,False,9,10.0,90.0,"10,20,30,40,50,60,70,80,90"
LLB_91,LLB,test,90,,False,False,9,10.0,90.0,"10,20,30,40,50,60,70,80,90"
LLB_92,LLB,validation,90,,False,False,9,10.0,90.0,"10,20,30,40,50,60,70,80,90"
LLB_93,LLB,train,90,,False,False,9,10.0,90.0,"10,20,30,40,50,60,70,80,90"
LLB_94,LLB,train,90,,False,False,9,10.0,90.0,"10,20,30,40,50,60,70,80,90"
LLB_95,LLB,train,90,,False,False,9,10.0,90.0,"10,20,30,40,50,60,70,80,90"
LLB_96,LLB,train,90,,False,False,9,10.0,90.0,"10,20,30,40,50,60,70,80,90"
LLB_97,LLB,train,90,,False,False,9,10.0,90.0,"10,20,30,40,50,60,70,80,90"
LLB_98,LLB,train,90,,False,False,9,10.0,90.0,"10,20,30,40,50,60,70,80,90"
LLB_99,LLB,train,90,,False,False,9,10.0,90.0,"10,20,30,40,50,60,70,80,90"
LOCAC_1,LOCAC,test,90,2521.5,True,True,9,10.0,90.0,"10,20,30,40,50,60,70,80,90"
LOCAC_10,LOCAC,train,90,224.0,True,True,9,10.0,90.0,"10,20,30,40,50,60,70,80,90"
LOCAC_100,LOCAC,train,90,118.0,True,True,9,10.0,90.0,"10,20,30,40,50,60,70,80,90"
LOCAC_11,LOCAC,test,90,211.5,True,True,9,10.0,90.0,"10,20,30,40,50,60,70,80,90"
LOCAC_12,LOCAC,validation,90,201.0,True,True,9,10.0,90.0,"10,20,30,40,50,60,70,80,90"
LOCAC_13,LOCAC,train,90,192.5,True,True,9,10.0,90.0,"10,20,30,40,50,60,70,80,90"
LOCAC_14,LOCAC,train,90,185.5,True,True,9,10.0,90.0,"10,20,30,40,50,60,70,80,90"
LOCAC_15,LOCAC,train,90,179.5,True,True,9,10.0,90.0,"10,20,30,40,50,60,70,80,90"
LOCAC_16,LOCAC,train,90,174.5,True,True,9,10.0,90.0,"10,20,30,40,50,60,70,80,90"
LOCAC_17,LOCAC,train,90,170.0,True,True,9,10.0,90.0,"10,20,30,40,50,60,70,80,90"
LOCAC_18,LOCAC,train,90,166.0,True,True,9,10.0,90.0,"10,20,30,40,50,60,70,80,90"
LOCAC_19,LOCAC,train,90,162.5,True,True,9,10.0,90.0,"10,20,30,40,50,60,70,80,90"
LOCAC_2,LOCAC,validation,90,1299.0,True,True,9,10.0,90.0,"10,20,30,40,50,60,70,80,90"
LOCAC_20,LOCAC,train,90,159.5,True,True,9,10.0,90.0,"10,20,30,40,50,60,70,80,90"
LOCAC_21,LOCAC,test,90,157.0,True,True,9,10.0,90.0,"10,20,30,40,50,60,70,80,90"
LOCAC_22,LOCAC,validation,90,154.5,True,True,9,10.0,90.0,"10,20,30,40,50,60,70,80,90"
LOCAC_23,LOCAC,train,90,152.5,True,True,9,10.0,90.0,"10,20,30,40,50,60,70,80,90"
LOCAC_24,LOCAC,train,90,150.5,True,True,9,10.0,90.0,"10,20,30,40,50,60,70,80,90"
LOCAC_25,LOCAC,train,90,148.5,True,True,9,10.0,90.0,"10,20,30,40,50,60,70,80,90"
LOCAC_26,LOCAC,train,90,463.5,True,True,9,10.0,90.0,"10,20,30,40,50,60,70,80,90"
LOCAC_27,LOCAC,train,90,145.5,True,True,9,10.0,90.0,"10,20,30,40,50,60,70,80,90"
LOCAC_28,LOCAC,train,90,144.0,True,True,9,10.0,90.0,"10,20,30,40,50,60,70,80,90"
LOCAC_29,LOCAC,train,90,142.5,True,True,9,10.0,90.0,"10,20,30,40,50,60,70,80,90"
LOCAC_3,LOCAC,train,90,917.0,True,True,9,10.0,90.0,"10,20,30,40,50,60,70,80,90"
LOCAC_30,LOCAC,train,90,416.5,True,True,9,10.0,90.0,"10,20,30,40,50,60,70,80,90"
LOCAC_31,LOCAC,test,90,140.0,True,True,9,10.0,90.0,"10,20,30,40,50,60,70,80,90"
LOCAC_32,LOCAC,validation,90,139.0,True,True,9,10.0,90.0,"10,20,30,40,50,60,70,80,90"
LOCAC_33,LOCAC,train,90,138.0,True,True,9,10.0,90.0,"10,20,30,40,50,60,70,80,90"
LOCAC_34,LOCAC,train,90,137.0,True,True,9,10.0,90.0,"10,20,30,40,50,60,70,80,90"
LOCAC_35,LOCAC,train,90,136.5,True,True,9,10.0,90.0,"10,20,30,40,50,60,70,80,90"
LOCAC_36,LOCAC,train,90,135.5,True,True,9,10.0,90.0,"10,20,30,40,50,60,70,80,90"
LOCAC_37,LOCAC,train,90,134.5,True,True,9,10.0,90.0,"10,20,30,40,50,60,70,80,90"
LOCAC_38,LOCAC,train,90,134.0,True,True,9,10.0,90.0,"10,20,30,40,50,60,70,80,90"
LOCAC_39,LOCAC,train,90,133.5,True,True,9,10.0,90.0,"10,20,30,40,50,60,70,80,90"
LOCAC_4,LOCAC,train,90,569.5,True,True,9,10.0,90.0,"10,20,30,40,50,60,70,80,90"
LOCAC_40,LOCAC,train,90,132.5,True,True,9,10.0,90.0,"10,20,30,40,50,60,70,80,90"
LOCAC_41,LOCAC,test,90,132.0,True,True,9,10.0,90.0,"10,20,30,40,50,60,70,80,90"
LOCAC_42,LOCAC,validation,90,131.5,True,True,9,10.0,90.0,"10,20,30,40,50,60,70,80,90"
LOCAC_43,LOCAC,train,90,131.0,True,True,9,10.0,90.0,"10,20,30,40,50,60,70,80,90"
LOCAC_44,LOCAC,train,90,130.5,True,True,9,10.0,90.0,"10,20,30,40,50,60,70,80,90"
LOCAC_45,LOCAC,train,90,130.0,True,True,9,10.0,90.0,"10,20,30,40,50,60,70,80,90"
LOCAC_46,LOCAC,train,90,129.5,True,True,9,10.0,90.0,"10,20,30,40,50,60,70,80,90"
LOCAC_47,LOCAC,train,90,129.0,True,True,9,10.0,90.0,"10,20,30,40,50,60,70,80,90"
LOCAC_48,LOCAC,train,90,128.5,True,True,9,10.0,90.0,"10,20,30,40,50,60,70,80,90"
LOCAC_49,LOCAC,train,90,128.0,True,True,9,10.0,90.0,"10,20,30,40,50,60,70,80,90"
LOCAC_5,LOCAC,train,90,418.0,True,True,9,10.0,90.0,"10,20,30,40,50,60,70,80,90"
LOCAC_50,LOCAC,train,90,127.5,True,True,9,10.0,90.0,"10,20,30,40,50,60,70,80,90"
LOCAC_51,LOCAC,test,90,127.0,True,True,9,10.0,90.0,"10,20,30,40,50,60,70,80,90"
LOCAC_52,LOCAC,validation,90,127.0,True,True,9,10.0,90.0,"10,20,30,40,50,60,70,80,90"
LOCAC_53,LOCAC,train,90,126.5,True,True,9,10.0,90.0,"10,20,30,40,50,60,70,80,90"
LOCAC_54,LOCAC,train,90,126.0,True,True,9,10.0,90.0,"10,20,30,40,50,60,70,80,90"
LOCAC_55,LOCAC,train,90,125.5,True,True,9,10.0,90.0,"10,20,30,40,50,60,70,80,90"
LOCAC_56,LOCAC,train,90,125.5,True,True,9,10.0,90.0,"10,20,30,40,50,60,70,80,90"
LOCAC_57,LOCAC,train,90,125.0,True,True,9,10.0,90.0,"10,20,30,40,50,60,70,80,90"
LOCAC_58,LOCAC,train,90,125.0,True,True,9,10.0,90.0,"10,20,30,40,50,60,70,80,90"
LOCAC_59,LOCAC,train,90,124.5,True,True,9,10.0,90.0,"10,20,30,40,50,60,70,80,90"
LOCAC_6,LOCAC,train,90,340.5,True,True,9,10.0,90.0,"10,20,30,40,50,60,70,80,90"
LOCAC_60,LOCAC,train,90,124.0,True,True,9,10.0,90.0,"10,20,30,40,50,60,70,80,90"
LOCAC_61,LOCAC,test,90,124.0,True,True,9,10.0,90.0,"10,20,30,40,50,60,70,80,90"
LOCAC_62,LOCAC,validation,90,123.5,True,True,9,10.0,90.0,"10,20,30,40,50,60,70,80,90"
LOCAC_63,LOCAC,train,90,123.5,True,True,9,10.0,90.0,"10,20,30,40,50,60,70,80,90"
LOCAC_64,LOCAC,train,90,123.0,True,True,9,10.0,90.0,"10,20,30,40,50,60,70,80,90"
LOCAC_65,LOCAC,train,90,123.0,True,True,9,10.0,90.0,"10,20,30,40,50,60,70,80,90"
LOCAC_66,LOCAC,train,90,122.5,True,True,9,10.0,90.0,"10,20,30,40,50,60,70,80,90"
LOCAC_67,LOCAC,train,90,122.5,True,True,9,10.0,90.0,"10,20,30,40,50,60,70,80,90"
LOCAC_68,LOCAC,train,90,122.0,True,True,9,10.0,90.0,"10,20,30,40,50,60,70,80,90"
LOCAC_69,LOCAC,train,90,122.0,True,True,9,10.0,90.0,"10,20,30,40,50,60,70,80,90"
LOCAC_7,LOCAC,train,90,294.0,True,True,9,10.0,90.0,"10,20,30,40,50,60,70,80,90"
LOCAC_70,LOCAC,train,90,122.0,True,True,9,10.0,90.0,"10,20,30,40,50,60,70,80,90"
LOCAC_71,LOCAC,test,90,121.5,True,True,9,10.0,90.0,"10,20,30,40,50,60,70,80,90"
LOCAC_72,LOCAC,validation,90,121.5,True,True,9,10.0,90.0,"10,20,30,40,50,60,70,80,90"
LOCAC_73,LOCAC,train,90,121.5,True,True,9,10.0,90.0,"10,20,30,40,50,60,70,80,90"
LOCAC_74,LOCAC,train,90,121.0,True,True,9,10.0,90.0,"10,20,30,40,50,60,70,80,90"
LOCAC_75,LOCAC,train,90,121.0,True,True,9,10.0,90.0,"10,20,30,40,50,60,70,80,90"
LOCAC_76,LOCAC,train,90,121.0,True,True,9,10.0,90.0,"10,20,30,40,50,60,70,80,90"
LOCAC_77,LOCAC,train,90,120.5,True,True,9,10.0,90.0,"10,20,30,40,50,60,70,80,90"
LOCAC_78,LOCAC,train,90,120.5,True,True,9,10.0,90.0,"10,20,30,40,50,60,70,80,90"
LOCAC_79,LOCAC,train,90,120.5,True,True,9,10.0,90.0,"10,20,30,40,50,60,70,80,90"
LOCAC_8,LOCAC,train,90,263.0,True,True,9,10.0,90.0,"10,20,30,40,50,60,70,80,90"
LOCAC_80,LOCAC,train,90,120.0,True,True,9,10.0,90.0,"10,20,30,40,50,60,70,80,90"
LOCAC_81,LOCAC,test,90,120.0,True,True,9,10.0,90.0,"10,20,30,40,50,60,70,80,90"
LOCAC_82,LOCAC,validation,90,120.0,True,True,9,10.0,90.0,"10,20,30,40,50,60,70,80,90"
LOCAC_83,LOCAC,train,90,119.5,True,True,9,10.0,90.0,"10,20,30,40,50,60,70,80,90"
LOCAC_84,LOCAC,train,90,119.5,True,True,9,10.0,90.0,"10,20,30,40,50,60,70,80,90"
LOCAC_85,LOCAC,train,90,119.5,True,True,9,10.0,90.0,"10,20,30,40,50,60,70,80,90"
LOCAC_86,LOCAC,train,90,119.5,True,True,9,10.0,90.0,"10,20,30,40,50,60,70,80,90"
LOCAC_87,LOCAC,train,90,119.0,True,True,9,10.0,90.0,"10,20,30,40,50,60,70,80,90"
LOCAC_88,LOCAC,train,90,119.0,True,True,9,10.0,90.0,"10,20,30,40,50,60,70,80,90"
LOCAC_89,LOCAC,train,90,119.0,True,True,9,10.0,90.0,"10,20,30,40,50,60,70,80,90"
LOCAC_9,LOCAC,train,90,241.0,True,True,9,10.0,90.0,"10,20,30,40,50,60,70,80,90"
LOCAC_90,LOCAC,train,90,119.0,True,True,9,10.0,90.0,"10,20,30,40,50,60,70,80,90"
LOCAC_91,LOCAC,test,90,118.5,True,True,9,10.0,90.0,"10,20,30,40,50,60,70,80,90"
LOCAC_92,LOCAC,validation,90,118.5,True,True,9,10.0,90.0,"10,20,30,40,50,60,70,80,90"
LOCAC_93,LOCAC,train,90,118.5,True,True,9,10.0,90.0,"10,20,30,40,50,60,70,80,90"
LOCAC_94,LOCAC,train,90,118.5,True,True,9,10.0,90.0,"10,20,30,40,50,60,70,80,90"
LOCAC_95,LOCAC,train,90,118.5,True,True,9,10.0,90.0,"10,20,30,40,50,60,70,80,90"
LOCAC_96,LOCAC,train,90,118.0,True,True,9,10.0,90.0,"10,20,30,40,50,60,70,80,90"
LOCAC_97,LOCAC,train,90,118.0,True,True,9,10.0,90.0,"10,20,30,40,50,60,70,80,90"
LOCAC_98,LOCAC,train,90,118.0,True,True,9,10.0,90.0,"10,20,30,40,50,60,70,80,90"
LOCAC_99,LOCAC,train,90,118.0,True,True,9,10.0,90.0,"10,20,30,40,50,60,70,80,90"
LOCA_1,LOCA,test,90,2031.5,True,True,9,10.0,90.0,"10,20,30,40,50,60,70,80,90"
LOCA_10,LOCA,train,90,224.0,True,True,9,10.0,90.0,"10,20,30,40,50,60,70,80,90"
LOCA_100,LOCA,train,90,117.5,True,True,9,10.0,90.0,"10,20,30,40,50,60,70,80,90"
LOCA_11,LOCA,test,90,211.0,True,True,9,10.0,90.0,"10,20,30,40,50,60,70,80,90"
LOCA_12,LOCA,validation,90,200.5,True,True,9,10.0,90.0,"10,20,30,40,50,60,70,80,90"
LOCA_13,LOCA,train,90,192.0,True,True,9,10.0,90.0,"10,20,30,40,50,60,70,80,90"
LOCA_14,LOCA,train,90,185.0,True,True,9,10.0,90.0,"10,20,30,40,50,60,70,80,90"
LOCA_15,LOCA,train,90,179.0,True,True,9,10.0,90.0,"10,20,30,40,50,60,70,80,90"
LOCA_16,LOCA,train,90,174.0,True,True,9,10.0,90.0,"10,20,30,40,50,60,70,80,90"
LOCA_17,LOCA,train,90,169.5,True,True,9,10.0,90.0,"10,20,30,40,50,60,70,80,90"
LOCA_18,LOCA,train,90,166.0,True,True,9,10.0,90.0,"10,20,30,40,50,60,70,80,90"
LOCA_19,LOCA,train,90,162.5,True,True,9,10.0,90.0,"10,20,30,40,50,60,70,80,90"
LOCA_2,LOCA,validation,90,1094.5,True,True,9,10.0,90.0,"10,20,30,40,50,60,70,80,90"
LOCA_20,LOCA,train,90,159.5,True,True,9,10.0,90.0,"10,20,30,40,50,60,70,80,90"
LOCA_21,LOCA,test,90,156.5,True,True,9,10.0,90.0,"10,20,30,40,50,60,70,80,90"
LOCA_22,LOCA,validation,90,154.5,True,True,9,10.0,90.0,"10,20,30,40,50,60,70,80,90"
LOCA_23,LOCA,train,90,152.0,True,True,9,10.0,90.0,"10,20,30,40,50,60,70,80,90"
LOCA_24,LOCA,train,90,150.0,True,True,9,10.0,90.0,"10,20,30,40,50,60,70,80,90"
LOCA_25,LOCA,train,90,148.0,True,True,9,10.0,90.0,"10,20,30,40,50,60,70,80,90"
LOCA_26,LOCA,train,90,146.5,True,True,9,10.0,90.0,"10,20,30,40,50,60,70,80,90"
LOCA_27,LOCA,train,90,145.0,True,True,9,10.0,90.0,"10,20,30,40,50,60,70,80,90"
LOCA_28,LOCA,train,90,143.5,True,True,9,10.0,90.0,"10,20,30,40,50,60,70,80,90"
LOCA_29,LOCA,train,90,142.0,True,True,9,10.0,90.0,"10,20,30,40,50,60,70,80,90"
LOCA_3,LOCA,train,90,790.5,True,True,9,10.0,90.0,"10,20,30,40,50,60,70,80,90"
LOCA_30,LOCA,train,90,141.0,True,True,9,10.0,90.0,"10,20,30,40,50,60,70,80,90"
LOCA_31,LOCA,test,90,140.0,True,True,9,10.0,90.0,"10,20,30,40,50,60,70,80,90"
LOCA_32,LOCA,validation,90,139.0,True,True,9,10.0,90.0,"10,20,30,40,50,60,70,80,90"
LOCA_33,LOCA,train,90,138.0,True,True,9,10.0,90.0,"10,20,30,40,50,60,70,80,90"
LOCA_34,LOCA,train,90,137.0,True,True,9,10.0,90.0,"10,20,30,40,50,60,70,80,90"
LOCA_35,LOCA,train,90,136.0,True,True,9,10.0,90.0,"10,20,30,40,50,60,70,80,90"
LOCA_36,LOCA,train,90,135.0,True,True,9,10.0,90.0,"10,20,30,40,50,60,70,80,90"
LOCA_37,LOCA,train,90,134.5,True,True,9,10.0,90.0,"10,20,30,40,50,60,70,80,90"
LOCA_38,LOCA,train,90,133.5,True,True,9,10.0,90.0,"10,20,30,40,50,60,70,80,90"
LOCA_39,LOCA,train,90,133.0,True,True,9,10.0,90.0,"10,20,30,40,50,60,70,80,90"
LOCA_4,LOCA,train,90,569.0,True,True,9,10.0,90.0,"10,20,30,40,50,60,70,80,90"
LOCA_40,LOCA,train,90,132.5,True,True,9,10.0,90.0,"10,20,30,40,50,60,70,80,90"
LOCA_41,LOCA,test,90,131.5,True,True,9,10.0,90.0,"10,20,30,40,50,60,70,80,90"
LOCA_42,LOCA,validation,90,131.0,True,True,9,10.0,90.0,"10,20,30,40,50,60,70,80,90"
LOCA_43,LOCA,train,90,45.0,True,False,9,10.0,90.0,"10,20,30,40,50,60,70,80,90"
LOCA_44,LOCA,train,90,130.0,True,True,9,10.0,90.0,"10,20,30,40,50,60,70,80,90"
LOCA_45,LOCA,train,90,129.5,True,True,9,10.0,90.0,"10,20,30,40,50,60,70,80,90"
LOCA_46,LOCA,train,90,129.0,True,True,9,10.0,90.0,"10,20,30,40,50,60,70,80,90"
LOCA_47,LOCA,train,90,128.5,True,True,9,10.0,90.0,"10,20,30,40,50,60,70,80,90"
LOCA_48,LOCA,train,90,128.0,True,True,9,10.0,90.0,"10,20,30,40,50,60,70,80,90"
LOCA_49,LOCA,train,90,127.5,True,True,9,10.0,90.0,"10,20,30,40,50,60,70,80,90"
LOCA_5,LOCA,train,90,417.5,True,True,9,10.0,90.0,"10,20,30,40,50,60,70,80,90"
LOCA_50,LOCA,train,90,127.5,True,True,9,10.0,90.0,"10,20,30,40,50,60,70,80,90"
LOCA_51,LOCA,test,90,127.0,True,True,9,10.0,90.0,"10,20,30,40,50,60,70,80,90"
LOCA_52,LOCA,validation,90,126.5,True,True,9,10.0,90.0,"10,20,30,40,50,60,70,80,90"
LOCA_53,LOCA,train,90,126.0,True,True,9,10.0,90.0,"10,20,30,40,50,60,70,80,90"
LOCA_54,LOCA,train,90,126.0,True,True,9,10.0,90.0,"10,20,30,40,50,60,70,80,90"
LOCA_55,LOCA,train,90,125.5,True,True,9,10.0,90.0,"10,20,30,40,50,60,70,80,90"
LOCA_56,LOCA,train,90,125.0,True,True,9,10.0,90.0,"10,20,30,40,50,60,70,80,90"
LOCA_57,LOCA,train,90,125.0,True,True,9,10.0,90.0,"10,20,30,40,50,60,70,80,90"
LOCA_58,LOCA,train,90,124.5,True,True,9,10.0,90.0,"10,20,30,40,50,60,70,80,90"
LOCA_59,LOCA,train,90,124.0,True,True,9,10.0,90.0,"10,20,30,40,50,60,70,80,90"
LOCA_6,LOCA,train,90,340.0,True,True,9,10.0,90.0,"10,20,30,40,50,60,70,80,90"
LOCA_60,LOCA,train,90,124.0,True,True,9,10.0,90.0,"10,20,30,40,50,60,70,80,90"
LOCA_61,LOCA,test,90,123.5,True,True,9,10.0,90.0,"10,20,30,40,50,60,70,80,90"
LOCA_62,LOCA,validation,90,123.5,True,True,9,10.0,90.0,"10,20,30,40,50,60,70,80,90"
LOCA_63,LOCA,train,90,123.0,True,True,9,10.0,90.0,"10,20,30,40,50,60,70,80,90"
LOCA_64,LOCA,train,90,123.0,True,True,9,10.0,90.0,"10,20,30,40,50,60,70,80,90"
LOCA_65,LOCA,train,90,122.5,True,True,9,10.0,90.0,"10,20,30,40,50,60,70,80,90"
LOCA_66,LOCA,train,90,122.5,True,True,9,10.0,90.0,"10,20,30,40,50,60,70,80,90"
LOCA_67,LOCA,train,90,122.0,True,True,9,10.0,90.0,"10,20,30,40,50,60,70,80,90"
LOCA_68,LOCA,train,90,122.0,True,True,9,10.0,90.0,"10,20,30,40,50,60,70,80,90"
LOCA_69,LOCA,train,90,122.0,True,True,9,10.0,90.0,"10,20,30,40,50,60,70,80,90"
LOCA_7,LOCA,train,90,293.5,True,True,9,10.0,90.0,"10,20,30,40,50,60,70,80,90"
LOCA_70,LOCA,train,90,121.5,True,True,9,10.0,90.0,"10,20,30,40,50,60,70,80,90"
LOCA_71,LOCA,test,90,121.5,True,True,9,10.0,90.0,"10,20,30,40,50,60,70,80,90"
LOCA_72,LOCA,validation,90,121.0,True,True,9,10.0,90.0,"10,20,30,40,50,60,70,80,90"
LOCA_73,LOCA,train,90,121.0,True,True,9,10.0,90.0,"10,20,30,40,50,60,70,80,90"
LOCA_74,LOCA,train,90,121.0,True,True,9,10.0,90.0,"10,20,30,40,50,60,70,80,90"
LOCA_75,LOCA,train,90,120.5,True,True,9,10.0,90.0,"10,20,30,40,50,60,70,80,90"
LOCA_76,LOCA,train,90,120.5,True,True,9,10.0,90.0,"10,20,30,40,50,60,70,80,90"
LOCA_77,LOCA,train,90,120.5,True,True,9,10.0,90.0,"10,20,30,40,50,60,70,80,90"
LOCA_78,LOCA,train,90,120.0,True,True,9,10.0,90.0,"10,20,30,40,50,60,70,80,90"
LOCA_79,LOCA,train,90,120.0,True,True,9,10.0,90.0,"10,20,30,40,50,60,70,80,90"
LOCA_8,LOCA,train,90,262.5,True,True,9,10.0,90.0,"10,20,30,40,50,60,70,80,90"
LOCA_80,LOCA,train,90,120.0,True,True,9,10.0,90.0,"10,20,30,40,50,60,70,80,90"
LOCA_81,LOCA,test,90,119.5,True,True,9,10.0,90.0,"10,20,30,40,50,60,70,80,90"
LOCA_82,LOCA,validation,90,119.5,True,True,9,10.0,90.0,"10,20,30,40,50,60,70,80,90"
LOCA_83,LOCA,train,90,119.5,True,True,9,10.0,90.0,"10,20,30,40,50,60,70,80,90"
LOCA_84,LOCA,train,90,119.5,True,True,9,10.0,90.0,"10,20,30,40,50,60,70,80,90"
LOCA_85,LOCA,train,90,119.0,True,True,9,10.0,90.0,"10,20,30,40,50,60,70,80,90"
LOCA_86,LOCA,train,90,119.0,True,True,9,10.0,90.0,"10,20,30,40,50,60,70,80,90"
LOCA_87,LOCA,train,90,119.0,True,True,9,10.0,90.0,"10,20,30,40,50,60,70,80,90"
LOCA_88,LOCA,train,90,119.0,True,True,9,10.0,90.0,"10,20,30,40,50,60,70,80,90"
LOCA_89,LOCA,train,90,118.5,True,True,9,10.0,90.0,"10,20,30,40,50,60,70,80,90"
LOCA_9,LOCA,train,90,240.5,True,True,9,10.0,90.0,"10,20,30,40,50,60,70,80,90"
LOCA_90,LOCA,train,90,118.5,True,True,9,10.0,90.0,"10,20,30,40,50,60,70,80,90"
LOCA_91,LOCA,test,90,118.5,True,True,9,10.0,90.0,"10,20,30,40,50,60,70,80,90"
LOCA_92,LOCA,validation,90,118.5,True,True,9,10.0,90.0,"10,20,30,40,50,60,70,80,90"
LOCA_93,LOCA,train,90,118.0,True,True,9,10.0,90.0,"10,20,30,40,50,60,70,80,90"
LOCA_94,LOCA,train,90,118.0,True,True,9,10.0,90.0,"10,20,30,40,50,60,70,80,90"
LOCA_95,LOCA,train,90,118.0,True,True,9,10.0,90.0,"10,20,30,40,50,60,70,80,90"
LOCA_96,LOCA,train,90,118.0,True,True,9,10.0,90.0,"10,20,30,40,50,60,70,80,90"
LOCA_97,LOCA,train,90,118.0,True,True,9,10.0,90.0,"10,20,30,40,50,60,70,80,90"
LOCA_98,LOCA,train,90,117.5,True,True,9,10.0,90.0,"10,20,30,40,50,60,70,80,90"
LOCA_99,LOCA,train,90,117.5,True,True,9,10.0,90.0,"10,20,30,40,50,60,70,80,90"
LR_1,LR,test,90,,False,False,9,10.0,90.0,"10,20,30,40,50,60,70,80,90"
LR_10,LR,train,90,,False,False,9,10.0,90.0,"10,20,30,40,50,60,70,80,90"
LR_11,LR,test,90,,False,False,9,10.0,90.0,"10,20,30,40,50,60,70,80,90"
LR_12,LR,validation,90,,False,False,9,10.0,90.0,"10,20,30,40,50,60,70,80,90"
LR_13,LR,train,90,,False,False,9,10.0,90.0,"10,20,30,40,50,60,70,80,90"
LR_14,LR,train,90,,False,False,9,10.0,90.0,"10,20,30,40,50,60,70,80,90"
LR_15,LR,train,90,,False,False,9,10.0,90.0,"10,20,30,40,50,60,70,80,90"
LR_16,LR,train,90,,False,False,9,10.0,90.0,"10,20,30,40,50,60,70,80,90"
LR_17,LR,train,90,,False,False,9,10.0,90.0,"10,20,30,40,50,60,70,80,90"
LR_18,LR,train,90,,False,False,9,10.0,90.0,"10,20,30,40,50,60,70,80,90"
LR_19,LR,train,90,,False,False,9,10.0,90.0,"10,20,30,40,50,60,70,80,90"
LR_2,LR,validation,90,,False,False,9,10.0,90.0,"10,20,30,40,50,60,70,80,90"
LR_20,LR,train,90,,False,False,9,10.0,90.0,"10,20,30,40,50,60,70,80,90"
LR_21,LR,test,90,,False,False,9,10.0,90.0,"10,20,30,40,50,60,70,80,90"
LR_22,LR,validation,90,,False,False,9,10.0,90.0,"10,20,30,40,50,60,70,80,90"
LR_23,LR,train,90,,False,False,9,10.0,90.0,"10,20,30,40,50,60,70,80,90"
LR_24,LR,train,90,,False,False,9,10.0,90.0,"10,20,30,40,50,60,70,80,90"
LR_25,LR,train,90,,False,False,9,10.0,90.0,"10,20,30,40,50,60,70,80,90"
LR_26,LR,train,90,,False,False,9,10.0,90.0,"10,20,30,40,50,60,70,80,90"
LR_27,LR,train,90,,False,False,9,10.0,90.0,"10,20,30,40,50,60,70,80,90"
LR_28,LR,train,90,,False,False,9,10.0,90.0,"10,20,30,40,50,60,70,80,90"
LR_29,LR,train,90,,False,False,9,10.0,90.0,"10,20,30,40,50,60,70,80,90"
LR_3,LR,train,90,,False,False,9,10.0,90.0,"10,20,30,40,50,60,70,80,90"
LR_30,LR,train,90,,False,False,9,10.0,90.0,"10,20,30,40,50,60,70,80,90"
LR_31,LR,test,90,,False,False,9,10.0,90.0,"10,20,30,40,50,60,70,80,90"
LR_32,LR,validation,90,,False,False,9,10.0,90.0,"10,20,30,40,50,60,70,80,90"
LR_33,LR,train,90,,False,False,9,10.0,90.0,"10,20,30,40,50,60,70,80,90"
LR_34,LR,train,90,,False,False,9,10.0,90.0,"10,20,30,40,50,60,70,80,90"
LR_35,LR,train,90,,False,False,9,10.0,90.0,"10,20,30,40,50,60,70,80,90"
LR_36,LR,train,90,,False,False,9,10.0,90.0,"10,20,30,40,50,60,70,80,90"
LR_37,LR,train,90,,False,False,9,10.0,90.0,"10,20,30,40,50,60,70,80,90"
LR_38,LR,train,90,,False,False,9,10.0,90.0,"10,20,30,40,50,60,70,80,90"
LR_39,LR,train,90,,False,False,9,10.0,90.0,"10,20,30,40,50,60,70,80,90"
LR_4,LR,train,90,,False,False,9,10.0,90.0,"10,20,30,40,50,60,70,80,90"
LR_40,LR,train,90,,False,False,9,10.0,90.0,"10,20,30,40,50,60,70,80,90"
LR_41,LR,test,90,,False,False,9,10.0,90.0,"10,20,30,40,50,60,70,80,90"
LR_42,LR,validation,90,,False,False,9,10.0,90.0,"10,20,30,40,50,60,70,80,90"
LR_43,LR,train,90,,False,False,9,10.0,90.0,"10,20,30,40,50,60,70,80,90"
LR_44,LR,train,90,,False,False,9,10.0,90.0,"10,20,30,40,50,60,70,80,90"
LR_45,LR,train,90,,False,False,9,10.0,90.0,"10,20,30,40,50,60,70,80,90"
LR_46,LR,train,90,,False,False,9,10.0,90.0,"10,20,30,40,50,60,70,80,90"
LR_47,LR,train,90,,False,False,9,10.0,90.0,"10,20,30,40,50,60,70,80,90"
LR_48,LR,train,90,,False,False,9,10.0,90.0,"10,20,30,40,50,60,70,80,90"
LR_49,LR,train,90,,False,False,9,10.0,90.0,"10,20,30,40,50,60,70,80,90"
LR_5,LR,train,90,,False,False,9,10.0,90.0,"10,20,30,40,50,60,70,80,90"
LR_50,LR,train,90,,False,False,9,10.0,90.0,"10,20,30,40,50,60,70,80,90"
LR_51,LR,test,90,,False,False,9,10.0,90.0,"10,20,30,40,50,60,70,80,90"
LR_52,LR,validation,90,,False,False,9,10.0,90.0,"10,20,30,40,50,60,70,80,90"
LR_53,LR,train,90,,False,False,9,10.0,90.0,"10,20,30,40,50,60,70,80,90"
LR_54,LR,train,90,,False,False,9,10.0,90.0,"10,20,30,40,50,60,70,80,90"
LR_55,LR,train,90,,False,False,9,10.0,90.0,"10,20,30,40,50,60,70,80,90"
LR_56,LR,train,90,,False,False,9,10.0,90.0,"10,20,30,40,50,60,70,80,90"
LR_57,LR,train,90,,False,False,9,10.0,90.0,"10,20,30,40,50,60,70,80,90"
LR_58,LR,train,90,,False,False,9,10.0,90.0,"10,20,30,40,50,60,70,80,90"
LR_59,LR,train,90,,False,False,9,10.0,90.0,"10,20,30,40,50,60,70,80,90"
LR_6,LR,train,90,,False,False,9,10.0,90.0,"10,20,30,40,50,60,70,80,90"
LR_60,LR,train,90,,False,False,9,10.0,90.0,"10,20,30,40,50,60,70,80,90"
LR_61,LR,test,90,,False,False,9,10.0,90.0,"10,20,30,40,50,60,70,80,90"
LR_62,LR,validation,90,,False,False,9,10.0,90.0,"10,20,30,40,50,60,70,80,90"
LR_63,LR,train,90,,False,False,9,10.0,90.0,"10,20,30,40,50,60,70,80,90"
LR_64,LR,train,90,,False,False,9,10.0,90.0,"10,20,30,40,50,60,70,80,90"
LR_65,LR,train,90,,False,False,9,10.0,90.0,"10,20,30,40,50,60,70,80,90"
LR_66,LR,train,90,,False,False,9,10.0,90.0,"10,20,30,40,50,60,70,80,90"
LR_67,LR,train,90,,False,False,9,10.0,90.0,"10,20,30,40,50,60,70,80,90"
LR_68,LR,train,90,,False,False,9,10.0,90.0,"10,20,30,40,50,60,70,80,90"
LR_69,LR,train,90,,False,False,9,10.0,90.0,"10,20,30,40,50,60,70,80,90"
LR_7,LR,train,90,,False,False,9,10.0,90.0,"10,20,30,40,50,60,70,80,90"
LR_70,LR,train,90,,False,False,9,10.0,90.0,"10,20,30,40,50,60,70,80,90"
LR_71,LR,test,90,,False,False,9,10.0,90.0,"10,20,30,40,50,60,70,80,90"
LR_72,LR,validation,90,,False,False,9,10.0,90.0,"10,20,30,40,50,60,70,80,90"
LR_73,LR,train,90,,False,False,9,10.0,90.0,"10,20,30,40,50,60,70,80,90"
LR_74,LR,train,90,,False,False,9,10.0,90.0,"10,20,30,40,50,60,70,80,90"
LR_75,LR,train,90,,False,False,9,10.0,90.0,"10,20,30,40,50,60,70,80,90"
LR_76,LR,train,90,,False,False,9,10.0,90.0,"10,20,30,40,50,60,70,80,90"
LR_77,LR,train,90,,False,False,9,10.0,90.0,"10,20,30,40,50,60,70,80,90"
LR_78,LR,train,90,,False,False,9,10.0,90.0,"10,20,30,40,50,60,70,80,90"
LR_79,LR,train,90,,False,False,9,10.0,90.0,"10,20,30,40,50,60,70,80,90"
LR_8,LR,train,90,,False,False,9,10.0,90.0,"10,20,30,40,50,60,70,80,90"
LR_80,LR,train,90,,False,False,9,10.0,90.0,"10,20,30,40,50,60,70,80,90"
LR_81,LR,test,90,,False,False,9,10.0,90.0,"10,20,30,40,50,60,70,80,90"
LR_82,LR,validation,90,,False,False,9,10.0,90.0,"10,20,30,40,50,60,70,80,90"
LR_83,LR,train,90,,False,False,9,10.0,90.0,"10,20,30,40,50,60,70,80,90"
LR_84,LR,train,90,,False,False,9,10.0,90.0,"10,20,30,40,50,60,70,80,90"
LR_85,LR,train,90,,False,False,9,10.0,90.0,"10,20,30,40,50,60,70,80,90"
LR_86,LR,train,90,,False,False,9,10.0,90.0,"10,20,30,40,50,60,70,80,90"
LR_87,LR,train,90,,False,False,9,10.0,90.0,"10,20,30,40,50,60,70,80,90"
LR_88,LR,train,90,,False,False,9,10.0,90.0,"10,20,30,40,50,60,70,80,90"
LR_89,LR,train,90,,False,False,9,10.0,90.0,"10,20,30,40,50,60,70,80,90"
LR_9,LR,train,90,,False,False,9,10.0,90.0,"10,20,30,40,50,60,70,80,90"
LR_90,LR,train,90,,False,False,9,10.0,90.0,"10,20,30,40,50,60,70,80,90"
LR_91,LR,test,90,,False,False,9,10.0,90.0,"10,20,30,40,50,60,70,80,90"
LR_92,LR,validation,90,,False,False,9,10.0,90.0,"10,20,30,40,50,60,70,80,90"
LR_93,LR,train,90,,False,False,9,10.0,90.0,"10,20,30,40,50,60,70,80,90"
LR_94,LR,train,90,,False,False,9,10.0,90.0,"10,20,30,40,50,60,70,80,90"
LR_95,LR,train,90,,False,False,9,10.0,90.0,"10,20,30,40,50,60,70,80,90"
LR_96,LR,train,90,,False,False,9,10.0,90.0,"10,20,30,40,50,60,70,80,90"
LR_97,LR,train,90,,False,False,9,10.0,90.0,"10,20,30,40,50,60,70,80,90"
LR_98,LR,train,90,,False,False,9,10.0,90.0,"10,20,30,40,50,60,70,80,90"
LR_99,LR,train,90,,False,False,9,10.0,90.0,"10,20,30,40,50,60,70,80,90"
MD_1,MD,test,90,,False,False,9,10.0,90.0,"10,20,30,40,50,60,70,80,90"
MD_10,MD,train,90,,False,False,9,10.0,90.0,"10,20,30,40,50,60,70,80,90"
MD_100,MD,train,90,,False,False,9,10.0,90.0,"10,20,30,40,50,60,70,80,90"
MD_11,MD,test,90,,False,False,9,10.0,90.0,"10,20,30,40,50,60,70,80,90"
MD_12,MD,validation,90,,False,False,9,10.0,90.0,"10,20,30,40,50,60,70,80,90"
MD_13,MD,train,90,,False,False,9,10.0,90.0,"10,20,30,40,50,60,70,80,90"
MD_14,MD,train,90,,False,False,9,10.0,90.0,"10,20,30,40,50,60,70,80,90"
MD_15,MD,train,90,,False,False,9,10.0,90.0,"10,20,30,40,50,60,70,80,90"
MD_16,MD,train,90,,False,False,9,10.0,90.0,"10,20,30,40,50,60,70,80,90"
MD_17,MD,train,90,,False,False,9,10.0,90.0,"10,20,30,40,50,60,70,80,90"
MD_18,MD,train,90,,False,False,9,10.0,90.0,"10,20,30,40,50,60,70,80,90"
MD_19,MD,train,90,,False,False,9,10.0,90.0,"10,20,30,40,50,60,70,80,90"
MD_2,MD,validation,90,,False,False,9,10.0,90.0,"10,20,30,40,50,60,70,80,90"
MD_20,MD,train,90,,False,False,9,10.0,90.0,"10,20,30,40,50,60,70,80,90"
MD_21,MD,test,90,,False,False,9,10.0,90.0,"10,20,30,40,50,60,70,80,90"
MD_22,MD,validation,90,,False,False,9,10.0,90.0,"10,20,30,40,50,60,70,80,90"
MD_23,MD,train,90,,False,False,9,10.0,90.0,"10,20,30,40,50,60,70,80,90"
MD_24,MD,train,90,,False,False,9,10.0,90.0,"10,20,30,40,50,60,70,80,90"
MD_25,MD,train,90,,False,False,9,10.0,90.0,"10,20,30,40,50,60,70,80,90"
MD_26,MD,train,90,,False,False,9,10.0,90.0,"10,20,30,40,50,60,70,80,90"
MD_27,MD,train,90,,False,False,9,10.0,90.0,"10,20,30,40,50,60,70,80,90"
MD_28,MD,train,90,,False,False,9,10.0,90.0,"10,20,30,40,50,60,70,80,90"
MD_29,MD,train,90,,False,False,9,10.0,90.0,"10,20,30,40,50,60,70,80,90"
MD_3,MD,train,90,,False,False,9,10.0,90.0,"10,20,30,40,50,60,70,80,90"
MD_30,MD,train,90,,False,False,9,10.0,90.0,"10,20,30,40,50,60,70,80,90"
MD_31,MD,test,90,,False,False,9,10.0,90.0,"10,20,30,40,50,60,70,80,90"
MD_32,MD,validation,90,,False,False,9,10.0,90.0,"10,20,30,40,50,60,70,80,90"
MD_33,MD,train,90,,False,False,9,10.0,90.0,"10,20,30,40,50,60,70,80,90"
MD_34,MD,train,90,,False,False,9,10.0,90.0,"10,20,30,40,50,60,70,80,90"
MD_35,MD,train,90,,False,False,9,10.0,90.0,"10,20,30,40,50,60,70,80,90"
MD_36,MD,train,90,,False,False,9,10.0,90.0,"10,20,30,40,50,60,70,80,90"
MD_37,MD,train,90,,False,False,9,10.0,90.0,"10,20,30,40,50,60,70,80,90"
MD_38,MD,train,90,,False,False,9,10.0,90.0,"10,20,30,40,50,60,70,80,90"
MD_39,MD,train,90,,False,False,9,10.0,90.0,"10,20,30,40,50,60,70,80,90"
MD_4,MD,train,90,,False,False,9,10.0,90.0,"10,20,30,40,50,60,70,80,90"
MD_40,MD,train,90,,False,False,9,10.0,90.0,"10,20,30,40,50,60,70,80,90"
MD_41,MD,test,90,,False,False,9,10.0,90.0,"10,20,30,40,50,60,70,80,90"
MD_42,MD,validation,90,,False,False,9,10.0,90.0,"10,20,30,40,50,60,70,80,90"
MD_43,MD,train,90,,False,False,9,10.0,90.0,"10,20,30,40,50,60,70,80,90"
MD_44,MD,train,90,,False,False,9,10.0,90.0,"10,20,30,40,50,60,70,80,90"
MD_45,MD,train,90,,False,False,9,10.0,90.0,"10,20,30,40,50,60,70,80,90"
MD_46,MD,train,90,,False,False,9,10.0,90.0,"10,20,30,40,50,60,70,80,90"
MD_47,MD,train,90,,False,False,9,10.0,90.0,"10,20,30,40,50,60,70,80,90"
MD_48,MD,train,90,,False,False,9,10.0,90.0,"10,20,30,40,50,60,70,80,90"
MD_49,MD,train,90,,False,False,9,10.0,90.0,"10,20,30,40,50,60,70,80,90"
MD_5,MD,train,90,,False,False,9,10.0,90.0,"10,20,30,40,50,60,70,80,90"
MD_50,MD,train,90,,False,False,9,10.0,90.0,"10,20,30,40,50,60,70,80,90"
MD_51,MD,test,90,,False,False,9,10.0,90.0,"10,20,30,40,50,60,70,80,90"
MD_52,MD,validation,90,,False,False,9,10.0,90.0,"10,20,30,40,50,60,70,80,90"
MD_53,MD,train,90,,False,False,9,10.0,90.0,"10,20,30,40,50,60,70,80,90"
MD_54,MD,train,90,,False,False,9,10.0,90.0,"10,20,30,40,50,60,70,80,90"
MD_55,MD,train,90,,False,False,9,10.0,90.0,"10,20,30,40,50,60,70,80,90"
MD_56,MD,train,90,,False,False,9,10.0,90.0,"10,20,30,40,50,60,70,80,90"
MD_57,MD,train,90,,False,False,9,10.0,90.0,"10,20,30,40,50,60,70,80,90"
MD_58,MD,train,90,,False,False,9,10.0,90.0,"10,20,30,40,50,60,70,80,90"
MD_59,MD,train,90,,False,False,9,10.0,90.0,"10,20,30,40,50,60,70,80,90"
MD_6,MD,train,90,,False,False,9,10.0,90.0,"10,20,30,40,50,60,70,80,90"
MD_60,MD,train,90,,False,False,9,10.0,90.0,"10,20,30,40,50,60,70,80,90"
MD_61,MD,test,90,,False,False,9,10.0,90.0,"10,20,30,40,50,60,70,80,90"
MD_62,MD,validation,90,,False,False,9,10.0,90.0,"10,20,30,40,50,60,70,80,90"
MD_63,MD,train,90,,False,False,9,10.0,90.0,"10,20,30,40,50,60,70,80,90"
MD_64,MD,train,90,,False,False,9,10.0,90.0,"10,20,30,40,50,60,70,80,90"
MD_65,MD,train,90,,False,False,9,10.0,90.0,"10,20,30,40,50,60,70,80,90"
MD_66,MD,train,90,,False,False,9,10.0,90.0,"10,20,30,40,50,60,70,80,90"
MD_67,MD,train,90,,False,False,9,10.0,90.0,"10,20,30,40,50,60,70,80,90"
MD_68,MD,train,90,,False,False,9,10.0,90.0,"10,20,30,40,50,60,70,80,90"
MD_69,MD,train,90,,False,False,9,10.0,90.0,"10,20,30,40,50,60,70,80,90"
MD_7,MD,train,90,,False,False,9,10.0,90.0,"10,20,30,40,50,60,70,80,90"
MD_70,MD,train,90,,False,False,9,10.0,90.0,"10,20,30,40,50,60,70,80,90"
MD_71,MD,test,90,,False,False,9,10.0,90.0,"10,20,30,40,50,60,70,80,90"
MD_72,MD,validation,90,,False,False,9,10.0,90.0,"10,20,30,40,50,60,70,80,90"
MD_73,MD,train,90,,False,False,9,10.0,90.0,"10,20,30,40,50,60,70,80,90"
MD_74,MD,train,90,,False,False,9,10.0,90.0,"10,20,30,40,50,60,70,80,90"
MD_75,MD,train,90,,False,False,9,10.0,90.0,"10,20,30,40,50,60,70,80,90"
MD_76,MD,train,90,,False,False,9,10.0,90.0,"10,20,30,40,50,60,70,80,90"
MD_77,MD,train,90,,False,False,9,10.0,90.0,"10,20,30,40,50,60,70,80,90"
MD_78,MD,train,90,,False,False,9,10.0,90.0,"10,20,30,40,50,60,70,80,90"
MD_79,MD,train,90,,False,False,9,10.0,90.0,"10,20,30,40,50,60,70,80,90"
MD_8,MD,train,90,,False,False,9,10.0,90.0,"10,20,30,40,50,60,70,80,90"
MD_80,MD,train,90,,False,False,9,10.0,90.0,"10,20,30,40,50,60,70,80,90"
MD_81,MD,test,90,,False,False,9,10.0,90.0,"10,20,30,40,50,60,70,80,90"
MD_82,MD,validation,90,,False,False,9,10.0,90.0,"10,20,30,40,50,60,70,80,90"
MD_83,MD,train,90,,False,False,9,10.0,90.0,"10,20,30,40,50,60,70,80,90"
MD_84,MD,train,90,,False,False,9,10.0,90.0,"10,20,30,40,50,60,70,80,90"
MD_85,MD,train,90,,False,False,9,10.0,90.0,"10,20,30,40,50,60,70,80,90"
MD_86,MD,train,90,,False,False,9,10.0,90.0,"10,20,30,40,50,60,70,80,90"
MD_87,MD,train,90,,False,False,9,10.0,90.0,"10,20,30,40,50,60,70,80,90"
MD_88,MD,train,90,,False,False,9,10.0,90.0,"10,20,30,40,50,60,70,80,90"
MD_89,MD,train,90,,False,False,9,10.0,90.0,"10,20,30,40,50,60,70,80,90"
MD_9,MD,train,90,,False,False,9,10.0,90.0,"10,20,30,40,50,60,70,80,90"
MD_90,MD,train,90,,False,False,9,10.0,90.0,"10,20,30,40,50,60,70,80,90"
MD_91,MD,test,90,,False,False,9,10.0,90.0,"10,20,30,40,50,60,70,80,90"
MD_92,MD,validation,90,,False,False,9,10.0,90.0,"10,20,30,40,50,60,70,80,90"
MD_93,MD,train,90,,False,False,9,10.0,90.0,"10,20,30,40,50,60,70,80,90"
MD_94,MD,train,90,,False,False,9,10.0,90.0,"10,20,30,40,50,60,70,80,90"
MD_95,MD,train,90,,False,False,9,10.0,90.0,"10,20,30,40,50,60,70,80,90"
MD_96,MD,train,90,,False,False,9,10.0,90.0,"10,20,30,40,50,60,70,80,90"
MD_97,MD,train,90,,False,False,9,10.0,90.0,"10,20,30,40,50,60,70,80,90"
MD_98,MD,train,90,,False,False,9,10.0,90.0,"10,20,30,40,50,60,70,80,90"
MD_99,MD,train,90,,False,False,9,10.0,90.0,"10,20,30,40,50,60,70,80,90"
RI_-1,RI,train,90,528.0,True,True,9,10.0,90.0,"10,20,30,40,50,60,70,80,90"
RI_-10,RI,test,90,609.5,True,True,9,10.0,90.0,"10,20,30,40,50,60,70,80,90"
RI_-100,RI,test,90,,False,False,9,10.0,90.0,"10,20,30,40,50,60,70,80,90"
RI_-11,RI,train,90,677.0,True,True,9,10.0,90.0,"10,20,30,40,50,60,70,80,90"
RI_-12,RI,train,90,686.5,True,True,9,10.0,90.0,"10,20,30,40,50,60,70,80,90"
RI_-13,RI,train,90,768.5,True,True,9,10.0,90.0,"10,20,30,40,50,60,70,80,90"
RI_-14,RI,train,90,883.5,True,True,9,10.0,90.0,"10,20,30,40,50,60,70,80,90"
RI_-15,RI,train,90,916.0,True,True,9,10.0,90.0,"10,20,30,40,50,60,70,80,90"
RI_-16,RI,train,90,1047.5,True,True,9,10.0,90.0,"10,20,30,40,50,60,70,80,90"
RI_-17,RI,train,90,1229.5,True,True,9,10.0,90.0,"10,20,30,40,50,60,70,80,90"
RI_-18,RI,train,90,1239.5,True,True,9,10.0,90.0,"10,20,30,40,50,60,70,80,90"
RI_-19,RI,validation,90,1429.0,True,True,9,10.0,90.0,"10,20,30,40,50,60,70,80,90"
RI_-2,RI,train,90,592.5,True,True,9,10.0,90.0,"10,20,30,40,50,60,70,80,90"
RI_-20,RI,test,90,1679.5,True,True,9,10.0,90.0,"10,20,30,40,50,60,70,80,90"
RI_-21,RI,train,90,1720.5,True,True,9,10.0,90.0,"10,20,30,40,50,60,70,80,90"
RI_-22,RI,train,90,2253.5,True,True,9,10.0,90.0,"10,20,30,40,50,60,70,80,90"
RI_-23,RI,train,90,2811.0,True,True,9,10.0,90.0,"10,20,30,40,50,60,70,80,90"
RI_-24,RI,train,90,,False,False,9,10.0,90.0,"10,20,30,40,50,60,70,80,90"
RI_-25,RI,train,90,,False,False,9,10.0,90.0,"10,20,30,40,50,60,70,80,90"
RI_-26,RI,train,90,,False,False,9,10.0,90.0,"10,20,30,40,50,60,70,80,90"
RI_-27,RI,train,90,,False,False,9,10.0,90.0,"10,20,30,40,50,60,70,80,90"
RI_-28,RI,train,90,,False,False,9,10.0,90.0,"10,20,30,40,50,60,70,80,90"
RI_-29,RI,validation,90,,False,False,9,10.0,90.0,"10,20,30,40,50,60,70,80,90"
RI_-3,RI,train,90,637.5,True,True,9,10.0,90.0,"10,20,30,40,50,60,70,80,90"
RI_-30,RI,test,90,,False,False,9,10.0,90.0,"10,20,30,40,50,60,70,80,90"
RI_-31,RI,train,90,124.0,True,True,9,10.0,90.0,"10,20,30,40,50,60,70,80,90"
RI_-32,RI,train,90,123.0,True,True,9,10.0,90.0,"10,20,30,40,50,60,70,80,90"
RI_-33,RI,train,90,122.0,True,True,9,10.0,90.0,"10,20,30,40,50,60,70,80,90"
RI_-34,RI,train,90,121.0,True,True,9,10.0,90.0,"10,20,30,40,50,60,70,80,90"
RI_-35,RI,train,90,120.5,True,True,9,10.0,90.0,"10,20,30,40,50,60,70,80,90"
RI_-36,RI,train,90,120.0,True,True,9,10.0,90.0,"10,20,30,40,50,60,70,80,90"
RI_-37,RI,train,90,120.0,True,True,9,10.0,90.0,"10,20,30,40,50,60,70,80,90"
RI_-38,RI,train,90,119.5,True,True,9,10.0,90.0,"10,20,30,40,50,60,70,80,90"
RI_-39,RI,validation,90,119.0,True,True,9,10.0,90.0,"10,20,30,40,50,60,70,80,90"
RI_-4,RI,train,90,680.5,True,True,9,10.0,90.0,"10,20,30,40,50,60,70,80,90"
RI_-40,RI,test,90,119.0,True,True,9,10.0,90.0,"10,20,30,40,50,60,70,80,90"
RI_-41,RI,train,90,118.5,True,True,9,10.0,90.0,"10,20,30,40,50,60,70,80,90"
RI_-42,RI,train,90,118.5,True,True,9,10.0,90.0,"10,20,30,40,50,60,70,80,90"
RI_-43,RI,train,90,118.5,True,True,9,10.0,90.0,"10,20,30,40,50,60,70,80,90"
RI_-44,RI,train,90,118.0,True,True,9,10.0,90.0,"10,20,30,40,50,60,70,80,90"
RI_-45,RI,train,90,118.0,True,True,9,10.0,90.0,"10,20,30,40,50,60,70,80,90"
RI_-46,RI,train,90,118.0,True,True,9,10.0,90.0,"10,20,30,40,50,60,70,80,90"
RI_-47,RI,train,90,118.0,True,True,9,10.0,90.0,"10,20,30,40,50,60,70,80,90"
RI_-48,RI,train,90,118.0,True,True,9,10.0,90.0,"10,20,30,40,50,60,70,80,90"
RI_-49,RI,validation,90,118.0,True,True,9,10.0,90.0,"10,20,30,40,50,60,70,80,90"
RI_-5,RI,train,90,658.0,True,True,9,10.0,90.0,"10,20,30,40,50,60,70,80,90"
RI_-50,RI,test,90,118.0,True,True,9,10.0,90.0,"10,20,30,40,50,60,70,80,90"
RI_-51,RI,train,90,118.0,True,True,9,10.0,90.0,"10,20,30,40,50,60,70,80,90"
RI_-52,RI,train,90,118.0,True,True,9,10.0,90.0,"10,20,30,40,50,60,70,80,90"
RI_-53,RI,train,90,117.5,True,True,9,10.0,90.0,"10,20,30,40,50,60,70,80,90"
RI_-54,RI,train,90,117.5,True,True,9,10.0,90.0,"10,20,30,40,50,60,70,80,90"
RI_-55,RI,train,90,117.5,True,True,9,10.0,90.0,"10,20,30,40,50,60,70,80,90"
RI_-56,RI,train,90,117.5,True,True,9,10.0,90.0,"10,20,30,40,50,60,70,80,90"
RI_-57,RI,train,90,117.5,True,True,9,10.0,90.0,"10,20,30,40,50,60,70,80,90"
RI_-58,RI,train,90,117.5,True,True,9,10.0,90.0,"10,20,30,40,50,60,70,80,90"
RI_-59,RI,validation,90,117.5,True,True,9,10.0,90.0,"10,20,30,40,50,60,70,80,90"
RI_-6,RI,train,90,893.5,True,True,9,10.0,90.0,"10,20,30,40,50,60,70,80,90"
RI_-60,RI,test,90,117.5,True,True,9,10.0,90.0,"10,20,30,40,50,60,70,80,90"
RI_-61,RI,train,90,117.5,True,True,9,10.0,90.0,"10,20,30,40,50,60,70,80,90"
RI_-62,RI,train,90,117.5,True,True,9,10.0,90.0,"10,20,30,40,50,60,70,80,90"
RI_-63,RI,train,90,117.5,True,True,9,10.0,90.0,"10,20,30,40,50,60,70,80,90"
RI_-64,RI,train,90,117.5,True,True,9,10.0,90.0,"10,20,30,40,50,60,70,80,90"
RI_-65,RI,train,90,117.5,True,True,9,10.0,90.0,"10,20,30,40,50,60,70,80,90"
RI_-66,RI,train,90,117.5,True,True,9,10.0,90.0,"10,20,30,40,50,60,70,80,90"
RI_-67,RI,train,90,117.5,True,True,9,10.0,90.0,"10,20,30,40,50,60,70,80,90"
RI_-68,RI,train,90,117.5,True,True,9,10.0,90.0,"10,20,30,40,50,60,70,80,90"
RI_-69,RI,validation,90,117.0,True,True,9,10.0,90.0,"10,20,30,40,50,60,70,80,90"
RI_-7,RI,train,90,746.0,True,True,9,10.0,90.0,"10,20,30,40,50,60,70,80,90"
RI_-70,RI,test,90,117.0,True,True,9,10.0,90.0,"10,20,30,40,50,60,70,80,90"
RI_-71,RI,train,90,117.0,True,True,9,10.0,90.0,"10,20,30,40,50,60,70,80,90"
RI_-72,RI,train,90,117.0,True,True,9,10.0,90.0,"10,20,30,40,50,60,70,80,90"
RI_-73,RI,train,90,117.0,True,True,9,10.0,90.0,"10,20,30,40,50,60,70,80,90"
RI_-74,RI,train,90,117.0,True,True,9,10.0,90.0,"10,20,30,40,50,60,70,80,90"
RI_-75,RI,train,90,117.0,True,True,9,10.0,90.0,"10,20,30,40,50,60,70,80,90"
RI_-76,RI,train,90,117.0,True,True,9,10.0,90.0,"10,20,30,40,50,60,70,80,90"
RI_-77,RI,train,90,117.0,True,True,9,10.0,90.0,"10,20,30,40,50,60,70,80,90"
RI_-78,RI,train,90,117.0,True,True,9,10.0,90.0,"10,20,30,40,50,60,70,80,90"
RI_-79,RI,validation,90,117.0,True,True,9,10.0,90.0,"10,20,30,40,50,60,70,80,90"
RI_-8,RI,train,90,609.0,True,True,9,10.0,90.0,"10,20,30,40,50,60,70,80,90"
RI_-80,RI,test,90,117.0,True,True,9,10.0,90.0,"10,20,30,40,50,60,70,80,90"
RI_-81,RI,train,90,117.0,True,True,9,10.0,90.0,"10,20,30,40,50,60,70,80,90"
RI_-82,RI,train,90,116.0,True,True,9,10.0,90.0,"10,20,30,40,50,60,70,80,90"
RI_-83,RI,train,90,,False,False,9,10.0,90.0,"10,20,30,40,50,60,70,80,90"
RI_-84,RI,train,90,,False,False,9,10.0,90.0,"10,20,30,40,50,60,70,80,90"
RI_-85,RI,train,90,,False,False,9,10.0,90.0,"10,20,30,40,50,60,70,80,90"
RI_-86,RI,train,90,,False,False,9,10.0,90.0,"10,20,30,40,50,60,70,80,90"
RI_-87,RI,train,90,,False,False,9,10.0,90.0,"10,20,30,40,50,60,70,80,90"
RI_-88,RI,train,90,,False,False,9,10.0,90.0,"10,20,30,40,50,60,70,80,90"
RI_-89,RI,validation,90,,False,False,9,10.0,90.0,"10,20,30,40,50,60,70,80,90"
RI_-9,RI,validation,90,578.0,True,True,9,10.0,90.0,"10,20,30,40,50,60,70,80,90"
RI_-90,RI,test,90,,False,False,9,10.0,90.0,"10,20,30,40,50,60,70,80,90"
RI_-91,RI,train,90,,False,False,9,10.0,90.0,"10,20,30,40,50,60,70,80,90"
RI_-92,RI,train,90,,False,False,9,10.0,90.0,"10,20,30,40,50,60,70,80,90"
RI_-93,RI,train,90,,False,False,9,10.0,90.0,"10,20,30,40,50,60,70,80,90"
RI_-94,RI,train,90,,False,False,9,10.0,90.0,"10,20,30,40,50,60,70,80,90"
RI_-95,RI,train,90,,False,False,9,10.0,90.0,"10,20,30,40,50,60,70,80,90"
RI_-96,RI,train,90,,False,False,9,10.0,90.0,"10,20,30,40,50,60,70,80,90"
RI_-97,RI,train,90,,False,False,9,10.0,90.0,"10,20,30,40,50,60,70,80,90"
RI_-98,RI,train,90,,False,False,9,10.0,90.0,"10,20,30,40,50,60,70,80,90"
RI_-99,RI,validation,90,,False,False,9,10.0,90.0,"10,20,30,40,50,60,70,80,90"
RW_1,RW,test,90,403.5,True,True,9,10.0,90.0,"10,20,30,40,50,60,70,80,90"
RW_10,RW,train,90,103.0,True,True,9,10.0,90.0,"10,20,30,40,50,60,70,80,90"
RW_100,RW,train,90,102.0,True,True,9,10.0,90.0,"10,20,30,40,50,60,70,80,90"
RW_11,RW,test,90,103.0,True,True,9,10.0,90.0,"10,20,30,40,50,60,70,80,90"
RW_12,RW,validation,90,103.0,True,True,9,10.0,90.0,"10,20,30,40,50,60,70,80,90"
RW_13,RW,train,90,103.0,True,True,9,10.0,90.0,"10,20,30,40,50,60,70,80,90"
RW_14,RW,train,90,103.0,True,True,9,10.0,90.0,"10,20,30,40,50,60,70,80,90"
RW_15,RW,train,90,102.5,True,True,9,10.0,90.0,"10,20,30,40,50,60,70,80,90"
RW_16,RW,train,90,102.5,True,True,9,10.0,90.0,"10,20,30,40,50,60,70,80,90"
RW_17,RW,train,90,102.5,True,True,9,10.0,90.0,"10,20,30,40,50,60,70,80,90"
RW_18,RW,train,90,102.5,True,True,9,10.0,90.0,"10,20,30,40,50,60,70,80,90"
RW_19,RW,train,90,102.5,True,True,9,10.0,90.0,"10,20,30,40,50,60,70,80,90"
RW_2,RW,validation,90,362.5,True,True,9,10.0,90.0,"10,20,30,40,50,60,70,80,90"
RW_20,RW,train,90,102.5,True,True,9,10.0,90.0,"10,20,30,40,50,60,70,80,90"
RW_21,RW,test,90,102.5,True,True,9,10.0,90.0,"10,20,30,40,50,60,70,80,90"
RW_22,RW,validation,90,102.5,True,True,9,10.0,90.0,"10,20,30,40,50,60,70,80,90"
RW_23,RW,train,90,102.5,True,True,9,10.0,90.0,"10,20,30,40,50,60,70,80,90"
RW_24,RW,train,90,102.5,True,True,9,10.0,90.0,"10,20,30,40,50,60,70,80,90"
RW_25,RW,train,90,102.5,True,True,9,10.0,90.0,"10,20,30,40,50,60,70,80,90"
RW_26,RW,train,90,102.5,True,True,9,10.0,90.0,"10,20,30,40,50,60,70,80,90"
RW_27,RW,train,90,102.5,True,True,9,10.0,90.0,"10,20,30,40,50,60,70,80,90"
RW_28,RW,train,90,102.5,True,True,9,10.0,90.0,"10,20,30,40,50,60,70,80,90"
RW_29,RW,train,90,102.5,True,True,9,10.0,90.0,"10,20,30,40,50,60,70,80,90"
RW_3,RW,train,90,337.5,True,True,9,10.0,90.0,"10,20,30,40,50,60,70,80,90"
RW_30,RW,train,90,102.5,True,True,9,10.0,90.0,"10,20,30,40,50,60,70,80,90"
RW_31,RW,test,90,102.5,True,True,9,10.0,90.0,"10,20,30,40,50,60,70,80,90"
RW_32,RW,validation,90,102.5,True,True,9,10.0,90.0,"10,20,30,40,50,60,70,80,90"
RW_33,RW,train,90,102.0,True,True,9,10.0,90.0,"10,20,30,40,50,60,70,80,90"
RW_34,RW,train,90,102.0,True,True,9,10.0,90.0,"10,20,30,40,50,60,70,80,90"
RW_35,RW,train,90,102.0,True,True,9,10.0,90.0,"10,20,30,40,50,60,70,80,90"
RW_36,RW,train,90,102.0,True,True,9,10.0,90.0,"10,20,30,40,50,60,70,80,90"
RW_37,RW,train,90,102.0,True,True,9,10.0,90.0,"10,20,30,40,50,60,70,80,90"
RW_38,RW,train,90,102.0,True,True,9,10.0,90.0,"10,20,30,40,50,60,70,80,90"
RW_39,RW,train,90,102.0,True,True,9,10.0,90.0,"10,20,30,40,50,60,70,80,90"
RW_4,RW,train,90,106.0,True,True,9,10.0,90.0,"10,20,30,40,50,60,70,80,90"
RW_40,RW,train,90,102.0,True,True,9,10.0,90.0,"10,20,30,40,50,60,70,80,90"
RW_41,RW,test,90,102.0,True,True,9,10.0,90.0,"10,20,30,40,50,60,70,80,90"
RW_42,RW,validation,90,102.0,True,True,9,10.0,90.0,"10,20,30,40,50,60,70,80,90"
RW_43,RW,train,90,102.0,True,True,9,10.0,90.0,"10,20,30,40,50,60,70,80,90"
RW_44,RW,train,90,102.0,True,True,9,10.0,90.0,"10,20,30,40,50,60,70,80,90"
RW_45,RW,train,90,102.0,True,True,9,10.0,90.0,"10,20,30,40,50,60,70,80,90"
RW_46,RW,train,90,102.0,True,True,9,10.0,90.0,"10,20,30,40,50,60,70,80,90"
RW_47,RW,train,90,102.0,True,True,9,10.0,90.0,"10,20,30,40,50,60,70,80,90"
RW_48,RW,train,90,102.0,True,True,9,10.0,90.0,"10,20,30,40,50,60,70,80,90"
RW_49,RW,train,90,102.0,True,True,9,10.0,90.0,"10,20,30,40,50,60,70,80,90"
RW_5,RW,train,90,105.0,True,True,9,10.0,90.0,"10,20,30,40,50,60,70,80,90"
RW_50,RW,train,90,102.0,True,True,9,10.0,90.0,"10,20,30,40,50,60,70,80,90"
RW_51,RW,test,90,102.0,True,True,9,10.0,90.0,"10,20,30,40,50,60,70,80,90"
RW_52,RW,validation,90,102.0,True,True,9,10.0,90.0,"10,20,30,40,50,60,70,80,90"
RW_53,RW,train,90,102.0,True,True,9,10.0,90.0,"10,20,30,40,50,60,70,80,90"
RW_54,RW,train,90,102.0,True,True,9,10.0,90.0,"10,20,30,40,50,60,70,80,90"
RW_55,RW,train,90,102.0,True,True,9,10.0,90.0,"10,20,30,40,50,60,70,80,90"
RW_56,RW,train,90,102.0,True,True,9,10.0,90.0,"10,20,30,40,50,60,70,80,90"
RW_57,RW,train,90,102.0,True,True,9,10.0,90.0,"10,20,30,40,50,60,70,80,90"
RW_58,RW,train,90,102.0,True,True,9,10.0,90.0,"10,20,30,40,50,60,70,80,90"
RW_59,RW,train,90,102.0,True,True,9,10.0,90.0,"10,20,30,40,50,60,70,80,90"
RW_6,RW,train,90,104.0,True,True,9,10.0,90.0,"10,20,30,40,50,60,70,80,90"
RW_60,RW,train,90,102.0,True,True,9,10.0,90.0,"10,20,30,40,50,60,70,80,90"
RW_61,RW,test,90,102.0,True,True,9,10.0,90.0,"10,20,30,40,50,60,70,80,90"
RW_62,RW,validation,90,102.0,True,True,9,10.0,90.0,"10,20,30,40,50,60,70,80,90"
RW_63,RW,train,90,102.0,True,True,9,10.0,90.0,"10,20,30,40,50,60,70,80,90"
RW_64,RW,train,90,102.0,True,True,9,10.0,90.0,"10,20,30,40,50,60,70,80,90"
RW_65,RW,train,90,102.0,True,True,9,10.0,90.0,"10,20,30,40,50,60,70,80,90"
RW_66,RW,train,90,102.0,True,True,9,10.0,90.0,"10,20,30,40,50,60,70,80,90"
RW_67,RW,train,90,102.0,True,True,9,10.0,90.0,"10,20,30,40,50,60,70,80,90"
RW_68,RW,train,90,102.0,True,True,9,10.0,90.0,"10,20,30,40,50,60,70,80,90"
RW_69,RW,train,90,102.0,True,True,9,10.0,90.0,"10,20,30,40,50,60,70,80,90"
RW_7,RW,train,90,104.0,True,True,9,10.0,90.0,"10,20,30,40,50,60,70,80,90"
RW_70,RW,train,90,102.0,True,True,9,10.0,90.0,"10,20,30,40,50,60,70,80,90"
RW_71,RW,test,90,102.0,True,True,9,10.0,90.0,"10,20,30,40,50,60,70,80,90"
RW_72,RW,validation,90,102.0,True,True,9,10.0,90.0,"10,20,30,40,50,60,70,80,90"
RW_73,RW,train,90,102.0,True,True,9,10.0,90.0,"10,20,30,40,50,60,70,80,90"
RW_74,RW,train,90,102.0,True,True,9,10.0,90.0,"10,20,30,40,50,60,70,80,90"
RW_75,RW,train,90,102.0,True,True,9,10.0,90.0,"10,20,30,40,50,60,70,80,90"
RW_76,RW,train,90,102.0,True,True,9,10.0,90.0,"10,20,30,40,50,60,70,80,90"
RW_77,RW,train,90,102.0,True,True,9,10.0,90.0,"10,20,30,40,50,60,70,80,90"
RW_78,RW,train,90,102.0,True,True,9,10.0,90.0,"10,20,30,40,50,60,70,80,90"
RW_79,RW,train,90,102.0,True,True,9,10.0,90.0,"10,20,30,40,50,60,70,80,90"
RW_8,RW,train,90,103.5,True,True,9,10.0,90.0,"10,20,30,40,50,60,70,80,90"
RW_80,RW,train,90,102.0,True,True,9,10.0,90.0,"10,20,30,40,50,60,70,80,90"
RW_81,RW,test,90,102.0,True,True,9,10.0,90.0,"10,20,30,40,50,60,70,80,90"
RW_82,RW,validation,90,102.0,True,True,9,10.0,90.0,"10,20,30,40,50,60,70,80,90"
RW_83,RW,train,90,102.0,True,True,9,10.0,90.0,"10,20,30,40,50,60,70,80,90"
RW_84,RW,train,90,102.0,True,True,9,10.0,90.0,"10,20,30,40,50,60,70,80,90"
RW_85,RW,train,90,102.0,True,True,9,10.0,90.0,"10,20,30,40,50,60,70,80,90"
RW_86,RW,train,90,102.0,True,True,9,10.0,90.0,"10,20,30,40,50,60,70,80,90"
RW_87,RW,train,90,102.0,True,True,9,10.0,90.0,"10,20,30,40,50,60,70,80,90"
RW_88,RW,train,90,102.0,True,True,9,10.0,90.0,"10,20,30,40,50,60,70,80,90"
RW_89,RW,train,90,102.0,True,True,9,10.0,90.0,"10,20,30,40,50,60,70,80,90"
RW_9,RW,train,90,103.5,True,True,9,10.0,90.0,"10,20,30,40,50,60,70,80,90"
RW_90,RW,train,90,102.0,True,True,9,10.0,90.0,"10,20,30,40,50,60,70,80,90"
RW_91,RW,test,90,102.0,True,True,9,10.0,90.0,"10,20,30,40,50,60,70,80,90"
RW_92,RW,validation,90,102.0,True,True,9,10.0,90.0,"10,20,30,40,50,60,70,80,90"
RW_93,RW,train,90,102.0,True,True,9,10.0,90.0,"10,20,30,40,50,60,70,80,90"
RW_94,RW,train,90,102.0,True,True,9,10.0,90.0,"10,20,30,40,50,60,70,80,90"
RW_95,RW,train,90,102.0,True,True,9,10.0,90.0,"10,20,30,40,50,60,70,80,90"
RW_96,RW,train,90,102.0,True,True,9,10.0,90.0,"10,20,30,40,50,60,70,80,90"
RW_97,RW,train,90,102.0,True,True,9,10.0,90.0,"10,20,30,40,50,60,70,80,90"
RW_98,RW,train,90,102.0,True,True,9,10.0,90.0,"10,20,30,40,50,60,70,80,90"
RW_99,RW,train,90,102.0,True,True,9,10.0,90.0,"10,20,30,40,50,60,70,80,90"
SGATR_1,SGATR,test,90,,False,False,9,10.0,90.0,"10,20,30,40,50,60,70,80,90"
SGATR_10,SGATR,train,90,,False,False,9,10.0,90.0,"10,20,30,40,50,60,70,80,90"
SGATR_100,SGATR,train,90,695.0,True,True,9,10.0,90.0,"10,20,30,40,50,60,70,80,90"
SGATR_11,SGATR,test,90,,False,False,9,10.0,90.0,"10,20,30,40,50,60,70,80,90"
SGATR_12,SGATR,validation,90,,False,False,9,10.0,90.0,"10,20,30,40,50,60,70,80,90"
SGATR_13,SGATR,train,90,,False,False,9,10.0,90.0,"10,20,30,40,50,60,70,80,90"
SGATR_14,SGATR,train,90,,False,False,9,10.0,90.0,"10,20,30,40,50,60,70,80,90"
SGATR_15,SGATR,train,90,,False,False,9,10.0,90.0,"10,20,30,40,50,60,70,80,90"
SGATR_16,SGATR,train,90,,False,False,9,10.0,90.0,"10,20,30,40,50,60,70,80,90"
SGATR_17,SGATR,train,90,,False,False,9,10.0,90.0,"10,20,30,40,50,60,70,80,90"
SGATR_18,SGATR,train,90,,False,False,9,10.0,90.0,"10,20,30,40,50,60,70,80,90"
SGATR_19,SGATR,train,90,,False,False,9,10.0,90.0,"10,20,30,40,50,60,70,80,90"
SGATR_2,SGATR,validation,90,,False,False,9,10.0,90.0,"10,20,30,40,50,60,70,80,90"
SGATR_20,SGATR,train,90,,False,False,9,10.0,90.0,"10,20,30,40,50,60,70,80,90"
SGATR_21,SGATR,test,90,,False,False,9,10.0,90.0,"10,20,30,40,50,60,70,80,90"
SGATR_22,SGATR,validation,90,,False,False,9,10.0,90.0,"10,20,30,40,50,60,70,80,90"
SGATR_23,SGATR,train,90,,False,False,9,10.0,90.0,"10,20,30,40,50,60,70,80,90"
SGATR_24,SGATR,train,90,,False,False,9,10.0,90.0,"10,20,30,40,50,60,70,80,90"
SGATR_25,SGATR,train,90,,False,False,9,10.0,90.0,"10,20,30,40,50,60,70,80,90"
SGATR_26,SGATR,train,90,,False,False,9,10.0,90.0,"10,20,30,40,50,60,70,80,90"
SGATR_27,SGATR,train,90,,False,False,9,10.0,90.0,"10,20,30,40,50,60,70,80,90"
SGATR_28,SGATR,train,90,,False,False,9,10.0,90.0,"10,20,30,40,50,60,70,80,90"
SGATR_29,SGATR,train,90,,False,False,9,10.0,90.0,"10,20,30,40,50,60,70,80,90"
SGATR_3,SGATR,train,90,,False,False,9,10.0,90.0,"10,20,30,40,50,60,70,80,90"
SGATR_30,SGATR,train,90,,False,False,9,10.0,90.0,"10,20,30,40,50,60,70,80,90"
SGATR_31,SGATR,test,90,,False,False,9,10.0,90.0,"10,20,30,40,50,60,70,80,90"
SGATR_32,SGATR,validation,90,,False,False,9,10.0,90.0,"10,20,30,40,50,60,70,80,90"
SGATR_33,SGATR,train,90,,False,False,9,10.0,90.0,"10,20,30,40,50,60,70,80,90"
SGATR_34,SGATR,train,90,,False,False,9,10.0,90.0,"10,20,30,40,50,60,70,80,90"
SGATR_35,SGATR,train,90,,False,False,9,10.0,90.0,"10,20,30,40,50,60,70,80,90"
SGATR_36,SGATR,train,90,,False,False,9,10.0,90.0,"10,20,30,40,50,60,70,80,90"
SGATR_37,SGATR,train,90,,False,False,9,10.0,90.0,"10,20,30,40,50,60,70,80,90"
SGATR_38,SGATR,train,90,,False,False,9,10.0,90.0,"10,20,30,40,50,60,70,80,90"
SGATR_39,SGATR,train,90,,False,False,9,10.0,90.0,"10,20,30,40,50,60,70,80,90"
SGATR_4,SGATR,train,90,,False,False,9,10.0,90.0,"10,20,30,40,50,60,70,80,90"
SGATR_40,SGATR,train,90,,False,False,9,10.0,90.0,"10,20,30,40,50,60,70,80,90"
SGATR_41,SGATR,test,90,,False,False,9,10.0,90.0,"10,20,30,40,50,60,70,80,90"
SGATR_42,SGATR,validation,90,,False,False,9,10.0,90.0,"10,20,30,40,50,60,70,80,90"
SGATR_43,SGATR,train,90,,False,False,9,10.0,90.0,"10,20,30,40,50,60,70,80,90"
SGATR_44,SGATR,train,90,,False,False,9,10.0,90.0,"10,20,30,40,50,60,70,80,90"
SGATR_45,SGATR,train,90,,False,False,9,10.0,90.0,"10,20,30,40,50,60,70,80,90"
SGATR_46,SGATR,train,90,,False,False,9,10.0,90.0,"10,20,30,40,50,60,70,80,90"
SGATR_47,SGATR,train,90,,False,False,9,10.0,90.0,"10,20,30,40,50,60,70,80,90"
SGATR_48,SGATR,train,90,,False,False,9,10.0,90.0,"10,20,30,40,50,60,70,80,90"
SGATR_49,SGATR,train,90,,False,False,9,10.0,90.0,"10,20,30,40,50,60,70,80,90"
SGATR_5,SGATR,train,90,,False,False,9,10.0,90.0,"10,20,30,40,50,60,70,80,90"
SGATR_50,SGATR,train,90,,False,False,9,10.0,90.0,"10,20,30,40,50,60,70,80,90"
SGATR_51,SGATR,test,90,,False,False,9,10.0,90.0,"10,20,30,40,50,60,70,80,90"
SGATR_52,SGATR,validation,90,,False,False,9,10.0,90.0,"10,20,30,40,50,60,70,80,90"
SGATR_53,SGATR,train,90,,False,False,9,10.0,90.0,"10,20,30,40,50,60,70,80,90"
SGATR_54,SGATR,train,90,,False,False,9,10.0,90.0,"10,20,30,40,50,60,70,80,90"
SGATR_55,SGATR,train,90,,False,False,9,10.0,90.0,"10,20,30,40,50,60,70,80,90"
SGATR_56,SGATR,train,90,,False,False,9,10.0,90.0,"10,20,30,40,50,60,70,80,90"
SGATR_57,SGATR,train,90,2483.5,True,True,9,10.0,90.0,"10,20,30,40,50,60,70,80,90"
SGATR_58,SGATR,train,90,2344.5,True,True,9,10.0,90.0,"10,20,30,40,50,60,70,80,90"
SGATR_59,SGATR,train,90,2220.0,True,True,9,10.0,90.0,"10,20,30,40,50,60,70,80,90"
SGATR_6,SGATR,train,90,,False,False,9,10.0,90.0,"10,20,30,40,50,60,70,80,90"
SGATR_60,SGATR,train,90,2107.5,True,True,9,10.0,90.0,"10,20,30,40,50,60,70,80,90"
SGATR_61,SGATR,test,90,2007.5,True,True,9,10.0,90.0,"10,20,30,40,50,60,70,80,90"
SGATR_62,SGATR,validation,90,1916.5,True,True,9,10.0,90.0,"10,20,30,40,50,60,70,80,90"
SGATR_63,SGATR,train,90,1833.0,True,True,9,10.0,90.0,"10,20,30,40,50,60,70,80,90"
SGATR_64,SGATR,train,90,1756.5,True,True,9,10.0,90.0,"10,20,30,40,50,60,70,80,90"
SGATR_65,SGATR,train,90,1686.0,True,True,9,10.0,90.0,"10,20,30,40,50,60,70,80,90"
SGATR_66,SGATR,train,90,1620.0,True,True,9,10.0,90.0,"10,20,30,40,50,60,70,80,90"
SGATR_67,SGATR,train,90,1559.5,True,True,9,10.0,90.0,"10,20,30,40,50,60,70,80,90"
SGATR_68,SGATR,train,90,1502.5,True,True,9,10.0,90.0,"10,20,30,40,50,60,70,80,90"
SGATR_69,SGATR,train,90,1450.0,True,True,9,10.0,90.0,"10,20,30,40,50,60,70,80,90"
SGATR_7,SGATR,train,90,,False,False,9,10.0,90.0,"10,20,30,40,50,60,70,80,90"
SGATR_70,SGATR,train,90,1400.5,True,True,9,10.0,90.0,"10,20,30,40,50,60,70,80,90"
SGATR_71,SGATR,test,90,1354.0,True,True,9,10.0,90.0,"10,20,30,40,50,60,70,80,90"
SGATR_72,SGATR,validation,90,1311.0,True,True,9,10.0,90.0,"10,20,30,40,50,60,70,80,90"
SGATR_73,SGATR,train,90,1270.0,True,True,9,10.0,90.0,"10,20,30,40,50,60,70,80,90"
SGATR_74,SGATR,train,90,1232.0,True,True,9,10.0,90.0,"10,20,30,40,50,60,70,80,90"
SGATR_75,SGATR,train,90,1196.0,True,True,9,10.0,90.0,"10,20,30,40,50,60,70,80,90"
SGATR_76,SGATR,train,90,1162.0,True,True,9,10.0,90.0,"10,20,30,40,50,60,70,80,90"
SGATR_77,SGATR,train,90,1129.5,True,True,9,10.0,90.0,"10,20,30,40,50,60,70,80,90"
SGATR_78,SGATR,train,90,1099.5,True,True,9,10.0,90.0,"10,20,30,40,50,60,70,80,90"
SGATR_79,SGATR,train,90,1070.5,True,True,9,10.0,90.0,"10,20,30,40,50,60,70,80,90"
SGATR_8,SGATR,train,90,,False,False,9,10.0,90.0,"10,20,30,40,50,60,70,80,90"
SGATR_80,SGATR,train,90,1043.0,True,True,9,10.0,90.0,"10,20,30,40,50,60,70,80,90"
SGATR_81,SGATR,test,90,1017.0,True,True,9,10.0,90.0,"10,20,30,40,50,60,70,80,90"
SGATR_82,SGATR,validation,90,992.5,True,True,9,10.0,90.0,"10,20,30,40,50,60,70,80,90"
SGATR_83,SGATR,train,90,969.0,True,True,9,10.0,90.0,"10,20,30,40,50,60,70,80,90"
SGATR_84,SGATR,train,90,947.0,True,True,9,10.0,90.0,"10,20,30,40,50,60,70,80,90"
SGATR_85,SGATR,train,90,925.5,True,True,9,10.0,90.0,"10,20,30,40,50,60,70,80,90"
SGATR_86,SGATR,train,90,905.0,True,True,9,10.0,90.0,"10,20,30,40,50,60,70,80,90"
SGATR_87,SGATR,train,90,885.5,True,True,9,10.0,90.0,"10,20,30,40,50,60,70,80,90"
SGATR_88,SGATR,train,90,867.0,True,True,9,10.0,90.0,"10,20,30,40,50,60,70,80,90"
SGATR_89,SGATR,train,90,849.5,True,True,9,10.0,90.0,"10,20,30,40,50,60,70,80,90"
SGATR_9,SGATR,train,90,,False,False,9,10.0,90.0,"10,20,30,40,50,60,70,80,90"
SGATR_90,SGATR,train,90,832.0,True,True,9,10.0,90.0,"10,20,30,40,50,60,70,80,90"
SGATR_91,SGATR,test,90,816.0,True,True,9,10.0,90.0,"10,20,30,40,50,60,70,80,90"
SGATR_92,SGATR,validation,90,800.5,True,True,9,10.0,90.0,"10,20,30,40,50,60,70,80,90"
SGATR_93,SGATR,train,90,785.5,True,True,9,10.0,90.0,"10,20,30,40,50,60,70,80,90"
SGATR_94,SGATR,train,90,771.0,True,True,9,10.0,90.0,"10,20,30,40,50,60,70,80,90"
SGATR_95,SGATR,train,90,757.0,True,True,9,10.0,90.0,"10,20,30,40,50,60,70,80,90"
SGATR_96,SGATR,train,90,743.5,True,True,9,10.0,90.0,"10,20,30,40,50,60,70,80,90"
SGATR_97,SGATR,train,90,731.0,True,True,9,10.0,90.0,"10,20,30,40,50,60,70,80,90"
SGATR_98,SGATR,train,90,718.5,True,True,9,10.0,90.0,"10,20,30,40,50,60,70,80,90"
SGATR_99,SGATR,train,90,706.5,True,True,9,10.0,90.0,"10,20,30,40,50,60,70,80,90"
SGBTR_1,SGBTR,test,90,,False,False,9,10.0,90.0,"10,20,30,40,50,60,70,80,90"
SGBTR_10,SGBTR,train,90,,False,False,9,10.0,90.0,"10,20,30,40,50,60,70,80,90"
SGBTR_100,SGBTR,train,90,694.5,True,True,9,10.0,90.0,"10,20,30,40,50,60,70,80,90"
SGBTR_101,SGBTR,test,90,683.5,True,True,9,10.0,90.0,"10,20,30,40,50,60,70,80,90"
SGBTR_102,SGBTR,validation,90,673.0,True,True,9,10.0,90.0,"10,20,30,40,50,60,70,80,90"
SGBTR_103,SGBTR,train,90,662.5,True,True,9,10.0,90.0,"10,20,30,40,50,60,70,80,90"
SGBTR_104,SGBTR,train,90,652.5,True,True,9,10.0,90.0,"10,20,30,40,50,60,70,80,90"
SGBTR_105,SGBTR,train,90,643.0,True,True,9,10.0,90.0,"10,20,30,40,50,60,70,80,90"
SGBTR_106,SGBTR,train,90,633.5,True,True,9,10.0,90.0,"10,20,30,40,50,60,70,80,90"
SGBTR_107,SGBTR,train,90,624.5,True,True,9,10.0,90.0,"10,20,30,40,50,60,70,80,90"
SGBTR_108,SGBTR,train,90,616.0,True,True,9,10.0,90.0,"10,20,30,40,50,60,70,80,90"
SGBTR_109,SGBTR,train,90,607.0,True,True,9,10.0,90.0,"10,20,30,40,50,60,70,80,90"
SGBTR_11,SGBTR,test,90,,False,False,9,10.0,90.0,"10,20,30,40,50,60,70,80,90"
SGBTR_110,SGBTR,train,90,599.0,True,True,9,10.0,90.0,"10,20,30,40,50,60,70,80,90"
SGBTR_12,SGBTR,validation,90,,False,False,9,10.0,90.0,"10,20,30,40,50,60,70,80,90"
SGBTR_13,SGBTR,train,90,,False,False,9,10.0,90.0,"10,20,30,40,50,60,70,80,90"
SGBTR_14,SGBTR,train,90,,False,False,9,10.0,90.0,"10,20,30,40,50,60,70,80,90"
SGBTR_15,SGBTR,train,90,,False,False,9,10.0,90.0,"10,20,30,40,50,60,70,80,90"
SGBTR_16,SGBTR,train,90,,False,False,9,10.0,90.0,"10,20,30,40,50,60,70,80,90"
SGBTR_17,SGBTR,train,90,,False,False,9,10.0,90.0,"10,20,30,40,50,60,70,80,90"
SGBTR_18,SGBTR,train,90,,False,False,9,10.0,90.0,"10,20,30,40,50,60,70,80,90"
SGBTR_19,SGBTR,train,90,,False,False,9,10.0,90.0,"10,20,30,40,50,60,70,80,90"
SGBTR_2,SGBTR,validation,90,,False,False,9,10.0,90.0,"10,20,30,40,50,60,70,80,90"
SGBTR_20,SGBTR,train,90,,False,False,9,10.0,90.0,"10,20,30,40,50,60,70,80,90"
SGBTR_21,SGBTR,test,90,,False,False,9,10.0,90.0,"10,20,30,40,50,60,70,80,90"
SGBTR_22,SGBTR,validation,90,,False,False,9,10.0,90.0,"10,20,30,40,50,60,70,80,90"
SGBTR_23,SGBTR,train,90,,False,False,9,10.0,90.0,"10,20,30,40,50,60,70,80,90"
SGBTR_24,SGBTR,train,90,,False,False,9,10.0,90.0,"10,20,30,40,50,60,70,80,90"
SGBTR_25,SGBTR,train,90,,False,False,9,10.0,90.0,"10,20,30,40,50,60,70,80,90"
SGBTR_26,SGBTR,train,90,,False,False,9,10.0,90.0,"10,20,30,40,50,60,70,80,90"
SGBTR_27,SGBTR,train,90,,False,False,9,10.0,90.0,"10,20,30,40,50,60,70,80,90"
SGBTR_28,SGBTR,train,90,,False,False,9,10.0,90.0,"10,20,30,40,50,60,70,80,90"
SGBTR_29,SGBTR,train,90,,False,False,9,10.0,90.0,"10,20,30,40,50,60,70,80,90"
SGBTR_3,SGBTR,train,90,,False,False,9,10.0,90.0,"10,20,30,40,50,60,70,80,90"
SGBTR_30,SGBTR,train,90,,False,False,9,10.0,90.0,"10,20,30,40,50,60,70,80,90"
SGBTR_31,SGBTR,test,90,,False,False,9,10.0,90.0,"10,20,30,40,50,60,70,80,90"
SGBTR_32,SGBTR,validation,90,,False,False,9,10.0,90.0,"10,20,30,40,50,60,70,80,90"
SGBTR_33,SGBTR,train,90,,False,False,9,10.0,90.0,"10,20,30,40,50,60,70,80,90"
SGBTR_34,SGBTR,train,90,,False,False,9,10.0,90.0,"10,20,30,40,50,60,70,80,90"
SGBTR_35,SGBTR,train,90,,False,False,9,10.0,90.0,"10,20,30,40,50,60,70,80,90"
SGBTR_36,SGBTR,train,90,,False,False,9,10.0,90.0,"10,20,30,40,50,60,70,80,90"
SGBTR_37,SGBTR,train,90,,False,False,9,10.0,90.0,"10,20,30,40,50,60,70,80,90"
SGBTR_38,SGBTR,train,90,,False,False,9,10.0,90.0,"10,20,30,40,50,60,70,80,90"
SGBTR_39,SGBTR,train,90,,False,False,9,10.0,90.0,"10,20,30,40,50,60,70,80,90"
SGBTR_4,SGBTR,train,90,,False,False,9,10.0,90.0,"10,20,30,40,50,60,70,80,90"
SGBTR_40,SGBTR,train,90,,False,False,9,10.0,90.0,"10,20,30,40,50,60,70,80,90"
SGBTR_41,SGBTR,test,90,,False,False,9,10.0,90.0,"10,20,30,40,50,60,70,80,90"
SGBTR_42,SGBTR,validation,90,,False,False,9,10.0,90.0,"10,20,30,40,50,60,70,80,90"
SGBTR_43,SGBTR,train,90,,False,False,9,10.0,90.0,"10,20,30,40,50,60,70,80,90"
SGBTR_44,SGBTR,train,90,,False,False,9,10.0,90.0,"10,20,30,40,50,60,70,80,90"
SGBTR_45,SGBTR,train,90,,False,False,9,10.0,90.0,"10,20,30,40,50,60,70,80,90"
SGBTR_46,SGBTR,train,90,,False,False,9,10.0,90.0,"10,20,30,40,50,60,70,80,90"
SGBTR_47,SGBTR,train,90,,False,False,9,10.0,90.0,"10,20,30,40,50,60,70,80,90"
SGBTR_48,SGBTR,train,90,,False,False,9,10.0,90.0,"10,20,30,40,50,60,70,80,90"
SGBTR_49,SGBTR,train,90,,False,False,9,10.0,90.0,"10,20,30,40,50,60,70,80,90"
SGBTR_5,SGBTR,train,90,,False,False,9,10.0,90.0,"10,20,30,40,50,60,70,80,90"
SGBTR_50,SGBTR,train,90,,False,False,9,10.0,90.0,"10,20,30,40,50,60,70,80,90"
SGBTR_51,SGBTR,test,90,,False,False,9,10.0,90.0,"10,20,30,40,50,60,70,80,90"
SGBTR_52,SGBTR,validation,90,,False,False,9,10.0,90.0,"10,20,30,40,50,60,70,80,90"
SGBTR_53,SGBTR,train,90,,False,False,9,10.0,90.0,"10,20,30,40,50,60,70,80,90"
SGBTR_54,SGBTR,train,90,,False,False,9,10.0,90.0,"10,20,30,40,50,60,70,80,90"
SGBTR_55,SGBTR,train,90,,False,False,9,10.0,90.0,"10,20,30,40,50,60,70,80,90"
SGBTR_56,SGBTR,train,90,,False,False,9,10.0,90.0,"10,20,30,40,50,60,70,80,90"
SGBTR_57,SGBTR,train,90,2483.0,True,True,9,10.0,90.0,"10,20,30,40,50,60,70,80,90"
SGBTR_58,SGBTR,train,90,2344.0,True,True,9,10.0,90.0,"10,20,30,40,50,60,70,80,90"
SGBTR_59,SGBTR,train,90,2219.0,True,True,9,10.0,90.0,"10,20,30,40,50,60,70,80,90"
SGBTR_6,SGBTR,train,90,,False,False,9,10.0,90.0,"10,20,30,40,50,60,70,80,90"
SGBTR_60,SGBTR,train,90,2107.0,True,True,9,10.0,90.0,"10,20,30,40,50,60,70,80,90"
SGBTR_61,SGBTR,test,90,2007.0,True,True,9,10.0,90.0,"10,20,30,40,50,60,70,80,90"
SGBTR_62,SGBTR,validation,90,1916.0,True,True,9,10.0,90.0,"10,20,30,40,50,60,70,80,90"
SGBTR_63,SGBTR,train,90,1832.5,True,True,9,10.0,90.0,"10,20,30,40,50,60,70,80,90"
SGBTR_64,SGBTR,train,90,1756.0,True,True,9,10.0,90.0,"10,20,30,40,50,60,70,80,90"
SGBTR_65,SGBTR,train,90,1685.0,True,True,9,10.0,90.0,"10,20,30,40,50,60,70,80,90"
SGBTR_66,SGBTR,train,90,1619.5,True,True,9,10.0,90.0,"10,20,30,40,50,60,70,80,90"
SGBTR_67,SGBTR,train,90,1559.0,True,True,9,10.0,90.0,"10,20,30,40,50,60,70,80,90"
SGBTR_68,SGBTR,train,90,1502.0,True,True,9,10.0,90.0,"10,20,30,40,50,60,70,80,90"
SGBTR_69,SGBTR,train,90,1449.0,True,True,9,10.0,90.0,"10,20,30,40,50,60,70,80,90"
SGBTR_7,SGBTR,train,90,,False,False,9,10.0,90.0,"10,20,30,40,50,60,70,80,90"
SGBTR_70,SGBTR,train,90,1399.5,True,True,9,10.0,90.0,"10,20,30,40,50,60,70,80,90"
SGBTR_71,SGBTR,test,90,1353.5,True,True,9,10.0,90.0,"10,20,30,40,50,60,70,80,90"
SGBTR_72,SGBTR,validation,90,1310.5,True,True,9,10.0,90.0,"10,20,30,40,50,60,70,80,90"
SGBTR_73,SGBTR,train,90,1269.5,True,True,9,10.0,90.0,"10,20,30,40,50,60,70,80,90"
SGBTR_74,SGBTR,train,90,1231.5,True,True,9,10.0,90.0,"10,20,30,40,50,60,70,80,90"
SGBTR_75,SGBTR,train,90,1195.0,True,True,9,10.0,90.0,"10,20,30,40,50,60,70,80,90"
SGBTR_76,SGBTR,train,90,1161.0,True,True,9,10.0,90.0,"10,20,30,40,50,60,70,80,90"
SGBTR_77,SGBTR,train,90,1129.5,True,True,9,10.0,90.0,"10,20,30,40,50,60,70,80,90"
SGBTR_78,SGBTR,train,90,1098.5,True,True,9,10.0,90.0,"10,20,30,40,50,60,70,80,90"
SGBTR_79,SGBTR,train,90,1070.0,True,True,9,10.0,90.0,"10,20,30,40,50,60,70,80,90"
SGBTR_8,SGBTR,train,90,,False,False,9,10.0,90.0,"10,20,30,40,50,60,70,80,90"
SGBTR_80,SGBTR,train,90,1042.5,True,True,9,10.0,90.0,"10,20,30,40,50,60,70,80,90"
SGBTR_81,SGBTR,test,90,1017.0,True,True,9,10.0,90.0,"10,20,30,40,50,60,70,80,90"
SGBTR_82,SGBTR,validation,90,992.0,True,True,9,10.0,90.0,"10,20,30,40,50,60,70,80,90"
SGBTR_83,SGBTR,train,90,968.5,True,True,9,10.0,90.0,"10,20,30,40,50,60,70,80,90"
SGBTR_84,SGBTR,train,90,946.5,True,True,9,10.0,90.0,"10,20,30,40,50,60,70,80,90"
SGBTR_85,SGBTR,train,90,925.0,True,True,9,10.0,90.0,"10,20,30,40,50,60,70,80,90"
SGBTR_86,SGBTR,train,90,905.0,True,True,9,10.0,90.0,"10,20,30,40,50,60,70,80,90"
SGBTR_87,SGBTR,train,90,885.5,True,True,9,10.0,90.0,"10,20,30,40,50,60,70,80,90"
SGBTR_88,SGBTR,train,90,866.5,True,True,9,10.0,90.0,"10,20,30,40,50,60,70,80,90"
SGBTR_89,SGBTR,train,90,849.0,True,True,9,10.0,90.0,"10,20,30,40,50,60,70,80,90"
SGBTR_9,SGBTR,train,90,,False,False,9,10.0,90.0,"10,20,30,40,50,60,70,80,90"
SGBTR_90,SGBTR,train,90,832.0,True,True,9,10.0,90.0,"10,20,30,40,50,60,70,80,90"
SGBTR_91,SGBTR,test,90,815.5,True,True,9,10.0,90.0,"10,20,30,40,50,60,70,80,90"
SGBTR_92,SGBTR,validation,90,800.0,True,True,9,10.0,90.0,"10,20,30,40,50,60,70,80,90"
SGBTR_93,SGBTR,train,90,785.0,True,True,9,10.0,90.0,"10,20,30,40,50,60,70,80,90"
SGBTR_94,SGBTR,train,90,770.5,True,True,9,10.0,90.0,"10,20,30,40,50,60,70,80,90"
SGBTR_95,SGBTR,train,90,756.5,True,True,9,10.0,90.0,"10,20,30,40,50,60,70,80,90"
SGBTR_96,SGBTR,train,90,743.5,True,True,9,10.0,90.0,"10,20,30,40,50,60,70,80,90"
SGBTR_97,SGBTR,train,90,730.5,True,True,9,10.0,90.0,"10,20,30,40,50,60,70,80,90"
SGBTR_98,SGBTR,train,90,718.0,True,True,9,10.0,90.0,"10,20,30,40,50,60,70,80,90"
SGBTR_99,SGBTR,train,90,706.0,True,True,9,10.0,90.0,"10,20,30,40,50,60,70,80,90"
SLBIC_1,SLBIC,test,90,,False,False,9,10.0,90.0,"10,20,30,40,50,60,70,80,90"
SLBIC_10,SLBIC,train,90,,False,False,9,10.0,90.0,"10,20,30,40,50,60,70,80,90"
SLBIC_100,SLBIC,train,90,205.0,True,True,9,10.0,90.0,"10,20,30,40,50,60,70,80,90"
SLBIC_101,SLBIC,test,90,204.0,True,True,9,10.0,90.0,"10,20,30,40,50,60,70,80,90"
SLBIC_11,SLBIC,test,90,,False,False,9,10.0,90.0,"10,20,30,40,50,60,70,80,90"
SLBIC_12,SLBIC,validation,90,,False,False,9,10.0,90.0,"10,20,30,40,50,60,70,80,90"
SLBIC_13,SLBIC,train,90,,False,False,9,10.0,90.0,"10,20,30,40,50,60,70,80,90"
SLBIC_14,SLBIC,train,90,5232.0,True,True,9,10.0,90.0,"10,20,30,40,50,60,70,80,90"
SLBIC_15,SLBIC,train,90,4386.0,True,True,9,10.0,90.0,"10,20,30,40,50,60,70,80,90"
SLBIC_16,SLBIC,train,90,3893.0,True,True,9,10.0,90.0,"10,20,30,40,50,60,70,80,90"
SLBIC_17,SLBIC,train,90,3672.0,True,True,9,10.0,90.0,"10,20,30,40,50,60,70,80,90"
SLBIC_18,SLBIC,train,90,3489.5,True,True,9,10.0,90.0,"10,20,30,40,50,60,70,80,90"
SLBIC_19,SLBIC,train,90,3348.5,True,True,9,10.0,90.0,"10,20,30,40,50,60,70,80,90"
SLBIC_2,SLBIC,validation,90,,False,False,9,10.0,90.0,"10,20,30,40,50,60,70,80,90"
SLBIC_20,SLBIC,train,90,3314.0,True,True,9,10.0,90.0,"10,20,30,40,50,60,70,80,90"
SLBIC_21,SLBIC,test,90,3247.5,True,True,9,10.0,90.0,"10,20,30,40,50,60,70,80,90"
SLBIC_22,SLBIC,validation,90,3181.5,True,True,9,10.0,90.0,"10,20,30,40,50,60,70,80,90"
SLBIC_23,SLBIC,train,90,3053.5,True,True,9,10.0,90.0,"10,20,30,40,50,60,70,80,90"
SLBIC_24,SLBIC,train,90,2925.5,True,True,9,10.0,90.0,"10,20,30,40,50,60,70,80,90"
SLBIC_25,SLBIC,train,90,2739.0,True,True,9,10.0,90.0,"10,20,30,40,50,60,70,80,90"
SLBIC_26,SLBIC,train,90,463.5,True,True,9,10.0,90.0,"10,20,30,40,50,60,70,80,90"
SLBIC_27,SLBIC,train,90,450.5,True,True,9,10.0,90.0,"10,20,30,40,50,60,70,80,90"
SLBIC_28,SLBIC,train,90,438.5,True,True,9,10.0,90.0,"10,20,30,40,50,60,70,80,90"
SLBIC_29,SLBIC,train,90,427.0,True,True,9,10.0,90.0,"10,20,30,40,50,60,70,80,90"
SLBIC_3,SLBIC,train,90,,False,False,9,10.0,90.0,"10,20,30,40,50,60,70,80,90"
SLBIC_30,SLBIC,train,90,416.5,True,True,9,10.0,90.0,"10,20,30,40,50,60,70,80,90"
SLBIC_31,SLBIC,test,90,407.0,True,True,9,10.0,90.0,"10,20,30,40,50,60,70,80,90"
SLBIC_32,SLBIC,validation,90,397.5,True,True,9,10.0,90.0,"10,20,30,40,50,60,70,80,90"
SLBIC_33,SLBIC,train,90,389.0,True,True,9,10.0,90.0,"10,20,30,40,50,60,70,80,90"
SLBIC_34,SLBIC,train,90,381.0,True,True,9,10.0,90.0,"10,20,30,40,50,60,70,80,90"
SLBIC_35,SLBIC,train,90,373.5,True,True,9,10.0,90.0,"10,20,30,40,50,60,70,80,90"
SLBIC_36,SLBIC,train,90,366.5,True,True,9,10.0,90.0,"10,20,30,40,50,60,70,80,90"
SLBIC_37,SLBIC,train,90,359.5,True,True,9,10.0,90.0,"10,20,30,40,50,60,70,80,90"
SLBIC_38,SLBIC,train,90,353.0,True,True,9,10.0,90.0,"10,20,30,40,50,60,70,80,90"
SLBIC_39,SLBIC,train,90,347.0,True,True,9,10.0,90.0,"10,20,30,40,50,60,70,80,90"
SLBIC_4,SLBIC,train,90,,False,False,9,10.0,90.0,"10,20,30,40,50,60,70,80,90"
SLBIC_40,SLBIC,train,90,341.0,True,True,9,10.0,90.0,"10,20,30,40,50,60,70,80,90"
SLBIC_41,SLBIC,test,90,335.5,True,True,9,10.0,90.0,"10,20,30,40,50,60,70,80,90"
SLBIC_42,SLBIC,validation,90,330.5,True,True,9,10.0,90.0,"10,20,30,40,50,60,70,80,90"
SLBIC_43,SLBIC,train,90,325.5,True,True,9,10.0,90.0,"10,20,30,40,50,60,70,80,90"
SLBIC_44,SLBIC,train,90,320.5,True,True,9,10.0,90.0,"10,20,30,40,50,60,70,80,90"
SLBIC_45,SLBIC,train,90,316.0,True,True,9,10.0,90.0,"10,20,30,40,50,60,70,80,90"
SLBIC_46,SLBIC,train,90,311.5,True,True,9,10.0,90.0,"10,20,30,40,50,60,70,80,90"
SLBIC_47,SLBIC,train,90,307.5,True,True,9,10.0,90.0,"10,20,30,40,50,60,70,80,90"
SLBIC_48,SLBIC,train,90,303.5,True,True,9,10.0,90.0,"10,20,30,40,50,60,70,80,90"
SLBIC_49,SLBIC,train,90,299.5,True,True,9,10.0,90.0,"10,20,30,40,50,60,70,80,90"
SLBIC_5,SLBIC,train,90,,False,False,9,10.0,90.0,"10,20,30,40,50,60,70,80,90"
SLBIC_50,SLBIC,train,90,296.0,True,True,9,10.0,90.0,"10,20,30,40,50,60,70,80,90"
SLBIC_51,SLBIC,test,90,292.5,True,True,9,10.0,90.0,"10,20,30,40,50,60,70,80,90"
SLBIC_52,SLBIC,validation,90,289.0,True,True,9,10.0,90.0,"10,20,30,40,50,60,70,80,90"
SLBIC_53,SLBIC,train,90,285.5,True,True,9,10.0,90.0,"10,20,30,40,50,60,70,80,90"
SLBIC_54,SLBIC,train,90,282.5,True,True,9,10.0,90.0,"10,20,30,40,50,60,70,80,90"
SLBIC_55,SLBIC,train,90,279.5,True,True,9,10.0,90.0,"10,20,30,40,50,60,70,80,90"
SLBIC_56,SLBIC,train,90,276.5,True,True,9,10.0,90.0,"10,20,30,40,50,60,70,80,90"
SLBIC_57,SLBIC,train,90,273.5,True,True,9,10.0,90.0,"10,20,30,40,50,60,70,80,90"
SLBIC_58,SLBIC,train,90,271.0,True,True,9,10.0,90.0,"10,20,30,40,50,60,70,80,90"
SLBIC_59,SLBIC,train,90,268.0,True,True,9,10.0,90.0,"10,20,30,40,50,60,70,80,90"
SLBIC_6,SLBIC,train,90,,False,False,9,10.0,90.0,"10,20,30,40,50,60,70,80,90"
SLBIC_60,SLBIC,train,90,265.5,True,True,9,10.0,90.0,"10,20,30,40,50,60,70,80,90"
SLBIC_61,SLBIC,test,90,263.0,True,True,9,10.0,90.0,"10,20,30,40,50,60,70,80,90"
SLBIC_62,SLBIC,validation,90,260.5,True,True,9,10.0,90.0,"10,20,30,40,50,60,70,80,90"
SLBIC_63,SLBIC,train,90,258.5,True,True,9,10.0,90.0,"10,20,30,40,50,60,70,80,90"
SLBIC_64,SLBIC,train,90,256.0,True,True,9,10.0,90.0,"10,20,30,40,50,60,70,80,90"
SLBIC_65,SLBIC,train,90,254.0,True,True,9,10.0,90.0,"10,20,30,40,50,60,70,80,90"
SLBIC_66,SLBIC,train,90,252.0,True,True,9,10.0,90.0,"10,20,30,40,50,60,70,80,90"
SLBIC_67,SLBIC,train,90,250.0,True,True,9,10.0,90.0,"10,20,30,40,50,60,70,80,90"
SLBIC_68,SLBIC,train,90,248.0,True,True,9,10.0,90.0,"10,20,30,40,50,60,70,80,90"
SLBIC_69,SLBIC,train,90,246.0,True,True,9,10.0,90.0,"10,20,30,40,50,60,70,80,90"
SLBIC_7,SLBIC,train,90,,False,False,9,10.0,90.0,"10,20,30,40,50,60,70,80,90"
SLBIC_70,SLBIC,train,90,244.0,True,True,9,10.0,90.0,"10,20,30,40,50,60,70,80,90"
SLBIC_71,SLBIC,test,90,242.0,True,True,9,10.0,90.0,"10,20,30,40,50,60,70,80,90"
SLBIC_72,SLBIC,validation,90,240.5,True,True,9,10.0,90.0,"10,20,30,40,50,60,70,80,90"
SLBIC_73,SLBIC,train,90,238.5,True,True,9,10.0,90.0,"10,20,30,40,50,60,70,80,90"
SLBIC_74,SLBIC,train,90,237.0,True,True,9,10.0,90.0,"10,20,30,40,50,60,70,80,90"
SLBIC_75,SLBIC,train,90,235.5,True,True,9,10.0,90.0,"10,20,30,40,50,60,70,80,90"
SLBIC_76,SLBIC,train,90,234.0,True,True,9,10.0,90.0,"10,20,30,40,50,60,70,80,90"
SLBIC_77,SLBIC,train,90,232.5,True,True,9,10.0,90.0,"10,20,30,40,50,60,70,80,90"
SLBIC_78,SLBIC,train,90,231.0,True,True,9,10.0,90.0,"10,20,30,40,50,60,70,80,90"
SLBIC_79,SLBIC,train,90,229.5,True,True,9,10.0,90.0,"10,20,30,40,50,60,70,80,90"
SLBIC_8,SLBIC,train,90,,False,False,9,10.0,90.0,"10,20,30,40,50,60,70,80,90"
SLBIC_80,SLBIC,train,90,228.0,True,True,9,10.0,90.0,"10,20,30,40,50,60,70,80,90"
SLBIC_81,SLBIC,test,90,226.5,True,True,9,10.0,90.0,"10,20,30,40,50,60,70,80,90"
SLBIC_82,SLBIC,validation,90,225.0,True,True,9,10.0,90.0,"10,20,30,40,50,60,70,80,90"
SLBIC_83,SLBIC,train,90,223.5,True,True,9,10.0,90.0,"10,20,30,40,50,60,70,80,90"
SLBIC_84,SLBIC,train,90,222.5,True,True,9,10.0,90.0,"10,20,30,40,50,60,70,80,90"
SLBIC_85,SLBIC,train,90,221.0,True,True,9,10.0,90.0,"10,20,30,40,50,60,70,80,90"
SLBIC_86,SLBIC,train,90,220.0,True,True,9,10.0,90.0,"10,20,30,40,50,60,70,80,90"
SLBIC_87,SLBIC,train,90,218.5,True,True,9,10.0,90.0,"10,20,30,40,50,60,70,80,90"
SLBIC_88,SLBIC,train,90,217.5,True,True,9,10.0,90.0,"10,20,30,40,50,60,70,80,90"
SLBIC_89,SLBIC,train,90,216.5,True,True,9,10.0,90.0,"10,20,30,40,50,60,70,80,90"
SLBIC_9,SLBIC,train,90,,False,False,9,10.0,90.0,"10,20,30,40,50,60,70,80,90"
SLBIC_90,SLBIC,train,90,215.0,True,True,9,10.0,90.0,"10,20,30,40,50,60,70,80,90"
SLBIC_91,SLBIC,test,90,214.0,True,True,9,10.0,90.0,"10,20,30,40,50,60,70,80,90"
SLBIC_92,SLBIC,validation,90,213.0,True,True,9,10.0,90.0,"10,20,30,40,50,60,70,80,90"
SLBIC_93,SLBIC,train,90,212.0,True,True,9,10.0,90.0,"10,20,30,40,50,60,70,80,90"
SLBIC_94,SLBIC,train,90,211.0,True,True,9,10.0,90.0,"10,20,30,40,50,60,70,80,90"
SLBIC_95,SLBIC,train,90,210.0,True,True,9,10.0,90.0,"10,20,30,40,50,60,70,80,90"
SLBIC_96,SLBIC,train,90,209.0,True,True,9,10.0,90.0,"10,20,30,40,50,60,70,80,90"
SLBIC_97,SLBIC,train,90,208.0,True,True,9,10.0,90.0,"10,20,30,40,50,60,70,80,90"
SLBIC_98,SLBIC,train,90,207.0,True,True,9,10.0,90.0,"10,20,30,40,50,60,70,80,90"
SLBIC_99,SLBIC,train,90,206.0,True,True,9,10.0,90.0,"10,20,30,40,50,60,70,80,90"
SLBOC_1,SLBOC,test,90,,False,False,9,10.0,90.0,"10,20,30,40,50,60,70,80,90"
SLBOC_10,SLBOC,train,90,,False,False,9,10.0,90.0,"10,20,30,40,50,60,70,80,90"
SLBOC_100,SLBOC,train,90,,False,False,9,10.0,90.0,"10,20,30,40,50,60,70,80,90"
SLBOC_11,SLBOC,test,90,,False,False,9,10.0,90.0,"10,20,30,40,50,60,70,80,90"
SLBOC_12,SLBOC,validation,90,,False,False,9,10.0,90.0,"10,20,30,40,50,60,70,80,90"
SLBOC_13,SLBOC,train,90,,False,False,9,10.0,90.0,"10,20,30,40,50,60,70,80,90"
SLBOC_14,SLBOC,train,90,,False,False,9,10.0,90.0,"10,20,30,40,50,60,70,80,90"
SLBOC_15,SLBOC,train,90,,False,False,9,10.0,90.0,"10,20,30,40,50,60,70,80,90"
SLBOC_16,SLBOC,train,90,,False,False,9,10.0,90.0,"10,20,30,40,50,60,70,80,90"
SLBOC_17,SLBOC,train,90,,False,False,9,10.0,90.0,"10,20,30,40,50,60,70,80,90"
SLBOC_18,SLBOC,train,90,,False,False,9,10.0,90.0,"10,20,30,40,50,60,70,80,90"
SLBOC_19,SLBOC,train,90,,False,False,9,10.0,90.0,"10,20,30,40,50,60,70,80,90"
SLBOC_2,SLBOC,validation,90,,False,False,9,10.0,90.0,"10,20,30,40,50,60,70,80,90"
SLBOC_20,SLBOC,train,90,,False,False,9,10.0,90.0,"10,20,30,40,50,60,70,80,90"
SLBOC_21,SLBOC,test,90,,False,False,9,10.0,90.0,"10,20,30,40,50,60,70,80,90"
SLBOC_22,SLBOC,validation,90,,False,False,9,10.0,90.0,"10,20,30,40,50,60,70,80,90"
SLBOC_23,SLBOC,train,90,,False,False,9,10.0,90.0,"10,20,30,40,50,60,70,80,90"
SLBOC_24,SLBOC,train,90,,False,False,9,10.0,90.0,"10,20,30,40,50,60,70,80,90"
SLBOC_25,SLBOC,train,90,,False,False,9,10.0,90.0,"10,20,30,40,50,60,70,80,90"
SLBOC_26,SLBOC,train,90,,False,False,9,10.0,90.0,"10,20,30,40,50,60,70,80,90"
SLBOC_27,SLBOC,train,90,,False,False,9,10.0,90.0,"10,20,30,40,50,60,70,80,90"
SLBOC_28,SLBOC,train,90,,False,False,9,10.0,90.0,"10,20,30,40,50,60,70,80,90"
SLBOC_29,SLBOC,train,90,,False,False,9,10.0,90.0,"10,20,30,40,50,60,70,80,90"
SLBOC_3,SLBOC,train,90,,False,False,9,10.0,90.0,"10,20,30,40,50,60,70,80,90"
SLBOC_30,SLBOC,train,90,,False,False,9,10.0,90.0,"10,20,30,40,50,60,70,80,90"
SLBOC_31,SLBOC,test,90,,False,False,9,10.0,90.0,"10,20,30,40,50,60,70,80,90"
SLBOC_32,SLBOC,validation,90,,False,False,9,10.0,90.0,"10,20,30,40,50,60,70,80,90"
SLBOC_33,SLBOC,train,90,,False,False,9,10.0,90.0,"10,20,30,40,50,60,70,80,90"
SLBOC_34,SLBOC,train,90,,False,False,9,10.0,90.0,"10,20,30,40,50,60,70,80,90"
SLBOC_35,SLBOC,train,90,,False,False,9,10.0,90.0,"10,20,30,40,50,60,70,80,90"
SLBOC_36,SLBOC,train,90,,False,False,9,10.0,90.0,"10,20,30,40,50,60,70,80,90"
SLBOC_37,SLBOC,train,90,,False,False,9,10.0,90.0,"10,20,30,40,50,60,70,80,90"
SLBOC_38,SLBOC,train,90,,False,False,9,10.0,90.0,"10,20,30,40,50,60,70,80,90"
SLBOC_39,SLBOC,train,90,,False,False,9,10.0,90.0,"10,20,30,40,50,60,70,80,90"
SLBOC_4,SLBOC,train,90,,False,False,9,10.0,90.0,"10,20,30,40,50,60,70,80,90"
SLBOC_40,SLBOC,train,90,,False,False,9,10.0,90.0,"10,20,30,40,50,60,70,80,90"
SLBOC_41,SLBOC,test,90,,False,False,9,10.0,90.0,"10,20,30,40,50,60,70,80,90"
SLBOC_42,SLBOC,validation,90,,False,False,9,10.0,90.0,"10,20,30,40,50,60,70,80,90"
SLBOC_43,SLBOC,train,90,,False,False,9,10.0,90.0,"10,20,30,40,50,60,70,80,90"
SLBOC_44,SLBOC,train,90,,False,False,9,10.0,90.0,"10,20,30,40,50,60,70,80,90"
SLBOC_45,SLBOC,train,90,,False,False,9,10.0,90.0,"10,20,30,40,50,60,70,80,90"
SLBOC_46,SLBOC,train,90,,False,False,9,10.0,90.0,"10,20,30,40,50,60,70,80,90"
SLBOC_47,SLBOC,train,90,,False,False,9,10.0,90.0,"10,20,30,40,50,60,70,80,90"
SLBOC_48,SLBOC,train,90,,False,False,9,10.0,90.0,"10,20,30,40,50,60,70,80,90"
SLBOC_49,SLBOC,train,90,,False,False,9,10.0,90.0,"10,20,30,40,50,60,70,80,90"
SLBOC_5,SLBOC,train,90,,False,False,9,10.0,90.0,"10,20,30,40,50,60,70,80,90"
SLBOC_50,SLBOC,train,90,,False,False,9,10.0,90.0,"10,20,30,40,50,60,70,80,90"
SLBOC_51,SLBOC,test,90,,False,False,9,10.0,90.0,"10,20,30,40,50,60,70,80,90"
SLBOC_52,SLBOC,validation,90,,False,False,9,10.0,90.0,"10,20,30,40,50,60,70,80,90"
SLBOC_53,SLBOC,train,90,,False,False,9,10.0,90.0,"10,20,30,40,50,60,70,80,90"
SLBOC_54,SLBOC,train,90,,False,False,9,10.0,90.0,"10,20,30,40,50,60,70,80,90"
SLBOC_55,SLBOC,train,90,,False,False,9,10.0,90.0,"10,20,30,40,50,60,70,80,90"
SLBOC_56,SLBOC,train,90,,False,False,9,10.0,90.0,"10,20,30,40,50,60,70,80,90"
SLBOC_57,SLBOC,train,90,,False,False,9,10.0,90.0,"10,20,30,40,50,60,70,80,90"
SLBOC_58,SLBOC,train,90,,False,False,9,10.0,90.0,"10,20,30,40,50,60,70,80,90"
SLBOC_59,SLBOC,train,90,,False,False,9,10.0,90.0,"10,20,30,40,50,60,70,80,90"
SLBOC_6,SLBOC,train,90,,False,False,9,10.0,90.0,"10,20,30,40,50,60,70,80,90"
SLBOC_60,SLBOC,train,90,,False,False,9,10.0,90.0,"10,20,30,40,50,60,70,80,90"
SLBOC_61,SLBOC,test,90,,False,False,9,10.0,90.0,"10,20,30,40,50,60,70,80,90"
SLBOC_62,SLBOC,validation,90,,False,False,9,10.0,90.0,"10,20,30,40,50,60,70,80,90"
SLBOC_63,SLBOC,train,90,,False,False,9,10.0,90.0,"10,20,30,40,50,60,70,80,90"
SLBOC_64,SLBOC,train,90,,False,False,9,10.0,90.0,"10,20,30,40,50,60,70,80,90"
SLBOC_65,SLBOC,train,90,,False,False,9,10.0,90.0,"10,20,30,40,50,60,70,80,90"
SLBOC_66,SLBOC,train,90,,False,False,9,10.0,90.0,"10,20,30,40,50,60,70,80,90"
SLBOC_67,SLBOC,train,90,,False,False,9,10.0,90.0,"10,20,30,40,50,60,70,80,90"
SLBOC_68,SLBOC,train,90,,False,False,9,10.0,90.0,"10,20,30,40,50,60,70,80,90"
SLBOC_69,SLBOC,train,90,,False,False,9,10.0,90.0,"10,20,30,40,50,60,70,80,90"
SLBOC_7,SLBOC,train,90,,False,False,9,10.0,90.0,"10,20,30,40,50,60,70,80,90"
SLBOC_70,SLBOC,train,90,,False,False,9,10.0,90.0,"10,20,30,40,50,60,70,80,90"
SLBOC_71,SLBOC,test,90,,False,False,9,10.0,90.0,"10,20,30,40,50,60,70,80,90"
SLBOC_72,SLBOC,validation,90,,False,False,9,10.0,90.0,"10,20,30,40,50,60,70,80,90"
SLBOC_73,SLBOC,train,90,,False,False,9,10.0,90.0,"10,20,30,40,50,60,70,80,90"
SLBOC_74,SLBOC,train,90,,False,False,9,10.0,90.0,"10,20,30,40,50,60,70,80,90"
SLBOC_75,SLBOC,train,90,,False,False,9,10.0,90.0,"10,20,30,40,50,60,70,80,90"
SLBOC_76,SLBOC,train,90,,False,False,9,10.0,90.0,"10,20,30,40,50,60,70,80,90"
SLBOC_77,SLBOC,train,90,,False,False,9,10.0,90.0,"10,20,30,40,50,60,70,80,90"
SLBOC_78,SLBOC,train,90,,False,False,9,10.0,90.0,"10,20,30,40,50,60,70,80,90"
SLBOC_79,SLBOC,train,90,,False,False,9,10.0,90.0,"10,20,30,40,50,60,70,80,90"
SLBOC_8,SLBOC,train,90,,False,False,9,10.0,90.0,"10,20,30,40,50,60,70,80,90"
SLBOC_80,SLBOC,train,90,,False,False,9,10.0,90.0,"10,20,30,40,50,60,70,80,90"
SLBOC_81,SLBOC,test,90,,False,False,9,10.0,90.0,"10,20,30,40,50,60,70,80,90"
SLBOC_82,SLBOC,validation,90,,False,False,9,10.0,90.0,"10,20,30,40,50,60,70,80,90"
SLBOC_83,SLBOC,train,90,,False,False,9,10.0,90.0,"10,20,30,40,50,60,70,80,90"
SLBOC_84,SLBOC,train,90,,False,False,9,10.0,90.0,"10,20,30,40,50,60,70,80,90"
SLBOC_85,SLBOC,train,90,,False,False,9,10.0,90.0,"10,20,30,40,50,60,70,80,90"
SLBOC_86,SLBOC,train,90,,False,False,9,10.0,90.0,"10,20,30,40,50,60,70,80,90"
SLBOC_87,SLBOC,train,90,,False,False,9,10.0,90.0,"10,20,30,40,50,60,70,80,90"
SLBOC_88,SLBOC,train,90,,False,False,9,10.0,90.0,"10,20,30,40,50,60,70,80,90"
SLBOC_89,SLBOC,train,90,,False,False,9,10.0,90.0,"10,20,30,40,50,60,70,80,90"
SLBOC_9,SLBOC,train,90,,False,False,9,10.0,90.0,"10,20,30,40,50,60,70,80,90"
SLBOC_90,SLBOC,train,90,,False,False,9,10.0,90.0,"10,20,30,40,50,60,70,80,90"
SLBOC_91,SLBOC,test,90,,False,False,9,10.0,90.0,"10,20,30,40,50,60,70,80,90"
SLBOC_92,SLBOC,validation,90,,False,False,9,10.0,90.0,"10,20,30,40,50,60,70,80,90"
SLBOC_93,SLBOC,train,90,,False,False,9,10.0,90.0,"10,20,30,40,50,60,70,80,90"
SLBOC_94,SLBOC,train,90,,False,False,9,10.0,90.0,"10,20,30,40,50,60,70,80,90"
SLBOC_95,SLBOC,train,90,,False,False,9,10.0,90.0,"10,20,30,40,50,60,70,80,90"
SLBOC_96,SLBOC,train,90,,False,False,9,10.0,90.0,"10,20,30,40,50,60,70,80,90"
SLBOC_97,SLBOC,train,90,,False,False,9,10.0,90.0,"10,20,30,40,50,60,70,80,90"
SLBOC_98,SLBOC,train,90,,False,False,9,10.0,90.0,"10,20,30,40,50,60,70,80,90"
SLBOC_99,SLBOC,train,90,,False,False,9,10.0,90.0,"10,20,30,40,50,60,70,80,90"
FLB_1,FLB,test,120,,False,False,12,10.0,120.0,"10,20,30,40,50,60,70,80,90,100,110,120"
FLB_10,FLB,train,120,687.0,True,True,12,10.0,120.0,"10,20,30,40,50,60,70,80,90,100,110,120"
FLB_100,FLB,train,120,164.0,True,True,12,10.0,120.0,"10,20,30,40,50,60,70,80,90,100,110,120"
FLB_11,FLB,test,120,633.5,True,True,12,10.0,120.0,"10,20,30,40,50,60,70,80,90,100,110,120"
FLB_12,FLB,validation,120,589.5,True,True,12,10.0,120.0,"10,20,30,40,50,60,70,80,90,100,110,120"
FLB_13,FLB,train,120,552.5,True,True,12,10.0,120.0,"10,20,30,40,50,60,70,80,90,100,110,120"
FLB_14,FLB,train,120,520.0,True,True,12,10.0,120.0,"10,20,30,40,50,60,70,80,90,100,110,120"
FLB_15,FLB,train,120,493.0,True,True,12,10.0,120.0,"10,20,30,40,50,60,70,80,90,100,110,120"
FLB_16,FLB,train,120,468.5,True,True,12,10.0,120.0,"10,20,30,40,50,60,70,80,90,100,110,120"
FLB_17,FLB,train,120,447.0,True,True,12,10.0,120.0,"10,20,30,40,50,60,70,80,90,100,110,120"
FLB_18,FLB,train,120,428.5,True,True,12,10.0,120.0,"10,20,30,40,50,60,70,80,90,100,110,120"
FLB_19,FLB,train,120,411.0,True,True,12,10.0,120.0,"10,20,30,40,50,60,70,80,90,100,110,120"
FLB_2,FLB,validation,120,2958.5,True,True,12,10.0,120.0,"10,20,30,40,50,60,70,80,90,100,110,120"
FLB_20,FLB,train,120,396.0,True,True,12,10.0,120.0,"10,20,30,40,50,60,70,80,90,100,110,120"
FLB_21,FLB,test,120,382.0,True,True,12,10.0,120.0,"10,20,30,40,50,60,70,80,90,100,110,120"
FLB_22,FLB,validation,120,369.5,True,True,12,10.0,120.0,"10,20,30,40,50,60,70,80,90,100,110,120"
FLB_23,FLB,train,120,358.0,True,True,12,10.0,120.0,"10,20,30,40,50,60,70,80,90,100,110,120"
FLB_24,FLB,train,120,347.5,True,True,12,10.0,120.0,"10,20,30,40,50,60,70,80,90,100,110,120"
FLB_25,FLB,train,120,338.0,True,True,12,10.0,120.0,"10,20,30,40,50,60,70,80,90,100,110,120"
FLB_26,FLB,train,120,329.0,True,True,12,10.0,120.0,"10,20,30,40,50,60,70,80,90,100,110,120"
FLB_27,FLB,train,120,321.0,True,True,12,10.0,120.0,"10,20,30,40,50,60,70,80,90,100,110,120"
FLB_28,FLB,train,120,313.0,True,True,12,10.0,120.0,"10,20,30,40,50,60,70,80,90,100,110,120"
FLB_29,FLB,train,120,306.0,True,True,12,10.0,120.0,"10,20,30,40,50,60,70,80,90,100,110,120"
FLB_3,FLB,train,120,2033.0,True,True,12,10.0,120.0,"10,20,30,40,50,60,70,80,90,100,110,120"
FLB_30,FLB,train,120,299.5,True,True,12,10.0,120.0,"10,20,30,40,50,60,70,80,90,100,110,120"
FLB_31,FLB,test,120,293.0,True,True,12,10.0,120.0,"10,20,30,40,50,60,70,80,90,100,110,120"
FLB_32,FLB,validation,120,287.0,True,True,12,10.0,120.0,"10,20,30,40,50,60,70,80,90,100,110,120"
FLB_33,FLB,train,120,281.5,True,True,12,10.0,120.0,"10,20,30,40,50,60,70,80,90,100,110,120"
FLB_34,FLB,train,120,276.5,True,True,12,10.0,120.0,"10,20,30,40,50,60,70,80,90,100,110,120"
FLB_35,FLB,train,120,271.5,True,True,12,10.0,120.0,"10,20,30,40,50,60,70,80,90,100,110,120"
FLB_36,FLB,train,120,267.0,True,True,12,10.0,120.0,"10,20,30,40,50,60,70,80,90,100,110,120"
FLB_37,FLB,train,120,262.5,True,True,12,10.0,120.0,"10,20,30,40,50,60,70,80,90,100,110,120"
FLB_38,FLB,train,120,258.5,True,True,12,10.0,120.0,"10,20,30,40,50,60,70,80,90,100,110,120"
FLB_39,FLB,train,120,254.5,True,True,12,10.0,120.0,"10,20,30,40,50,60,70,80,90,100,110,120"
FLB_4,FLB,train,120,1569.5,True,True,12,10.0,120.0,"10,20,30,40,50,60,70,80,90,100,110,120"
FLB_40,FLB,train,120,251.0,True,True,12,10.0,120.0,"10,20,30,40,50,60,70,80,90,100,110,120"
FLB_41,FLB,test,120,247.5,True,True,12,10.0,120.0,"10,20,30,40,50,60,70,80,90,100,110,120"
FLB_42,FLB,validation,120,244.0,True,True,12,10.0,120.0,"10,20,30,40,50,60,70,80,90,100,110,120"
FLB_43,FLB,train,120,241.0,True,True,12,10.0,120.0,"10,20,30,40,50,60,70,80,90,100,110,120"
FLB_44,FLB,train,120,238.0,True,True,12,10.0,120.0,"10,20,30,40,50,60,70,80,90,100,110,120"
FLB_45,FLB,train,120,235.0,True,True,12,10.0,120.0,"10,20,30,40,50,60,70,80,90,100,110,120"
FLB_46,FLB,train,120,232.0,True,True,12,10.0,120.0,"10,20,30,40,50,60,70,80,90,100,110,120"
FLB_47,FLB,train,120,229.5,True,True,12,10.0,120.0,"10,20,30,40,50,60,70,80,90,100,110,120"
FLB_48,FLB,train,120,227.0,True,True,12,10.0,120.0,"10,20,30,40,50,60,70,80,90,100,110,120"
FLB_49,FLB,train,120,224.5,True,True,12,10.0,120.0,"10,20,30,40,50,60,70,80,90,100,110,120"
FLB_5,FLB,train,120,1263.5,True,True,12,10.0,120.0,"10,20,30,40,50,60,70,80,90,100,110,120"
FLB_50,FLB,train,120,222.0,True,True,12,10.0,120.0,"10,20,30,40,50,60,70,80,90,100,110,120"
FLB_51,FLB,test,120,219.5,True,True,12,10.0,120.0,"10,20,30,40,50,60,70,80,90,100,110,120"
FLB_52,FLB,validation,120,217.5,True,True,12,10.0,120.0,"10,20,30,40,50,60,70,80,90,100,110,120"
FLB_53,FLB,train,120,215.5,True,True,12,10.0,120.0,"10,20,30,40,50,60,70,80,90,100,110,120"
FLB_54,FLB,train,120,213.5,True,True,12,10.0,120.0,"10,20,30,40,50,60,70,80,90,100,110,120"
FLB_55,FLB,train,120,211.5,True,True,12,10.0,120.0,"10,20,30,40,50,60,70,80,90,100,110,120"
FLB_56,FLB,train,120,209.5,True,True,12,10.0,120.0,"10,20,30,40,50,60,70,80,90,100,110,120"
FLB_57,FLB,train,120,207.5,True,True,12,10.0,120.0,"10,20,30,40,50,60,70,80,90,100,110,120"
FLB_58,FLB,train,120,206.0,True,True,12,10.0,120.0,"10,20,30,40,50,60,70,80,90,100,110,120"
FLB_59,FLB,train,120,204.5,True,True,12,10.0,120.0,"10,20,30,40,50,60,70,80,90,100,110,120"
FLB_6,FLB,train,120,1073.0,True,True,12,10.0,120.0,"10,20,30,40,50,60,70,80,90,100,110,120"
FLB_60,FLB,train,120,202.5,True,True,12,10.0,120.0,"10,20,30,40,50,60,70,80,90,100,110,120"
FLB_61,FLB,test,120,201.0,True,True,12,10.0,120.0,"10,20,30,40,50,60,70,80,90,100,110,120"
FLB_62,FLB,validation,120,199.5,True,True,12,10.0,120.0,"10,20,30,40,50,60,70,80,90,100,110,120"
FLB_63,FLB,train,120,198.0,True,True,12,10.0,120.0,"10,20,30,40,50,60,70,80,90,100,110,120"
FLB_64,FLB,train,120,196.5,True,True,12,10.0,120.0,"10,20,30,40,50,60,70,80,90,100,110,120"
FLB_65,FLB,train,120,195.0,True,True,12,10.0,120.0,"10,20,30,40,50,60,70,80,90,100,110,120"
FLB_66,FLB,train,120,194.0,True,True,12,10.0,120.0,"10,20,30,40,50,60,70,80,90,100,110,120"
FLB_67,FLB,train,120,192.5,True,True,12,10.0,120.0,"10,20,30,40,50,60,70,80,90,100,110,120"
FLB_68,FLB,train,120,191.0,True,True,12,10.0,120.0,"10,20,30,40,50,60,70,80,90,100,110,120"
FLB_69,FLB,train,120,190.0,True,True,12,10.0,120.0,"10,20,30,40,50,60,70,80,90,100,110,120"
FLB_7,FLB,train,120,938.5,True,True,12,10.0,120.0,"10,20,30,40,50,60,70,80,90,100,110,120"
FLB_70,FLB,train,120,189.0,True,True,12,10.0,120.0,"10,20,30,40,50,60,70,80,90,100,110,120"
FLB_71,FLB,test,120,187.5,True,True,12,10.0,120.0,"10,20,30,40,50,60,70,80,90,100,110,120"
FLB_72,FLB,validation,120,186.5,True,True,12,10.0,120.0,"10,20,30,40,50,60,70,80,90,100,110,120"
FLB_73,FLB,train,120,185.5,True,True,12,10.0,120.0,"10,20,30,40,50,60,70,80,90,100,110,120"
FLB_74,FLB,train,120,184.5,True,True,12,10.0,120.0,"10,20,30,40,50,60,70,80,90,100,110,120"
FLB_75,FLB,train,120,183.5,True,True,12,10.0,120.0,"10,20,30,40,50,60,70,80,90,100,110,120"
FLB_76,FLB,train,120,182.5,True,True,12,10.0,120.0,"10,20,30,40,50,60,70,80,90,100,110,120"
FLB_77,FLB,train,120,181.5,True,True,12,10.0,120.0,"10,20,30,40,50,60,70,80,90,100,110,120"
FLB_78,FLB,train,120,180.5,True,True,12,10.0,120.0,"10,20,30,40,50,60,70,80,90,100,110,120"
FLB_79,FLB,train,120,179.5,True,True,12,10.0,120.0,"10,20,30,40,50,60,70,80,90,100,110,120"
FLB_8,FLB,train,120,830.5,True,True,12,10.0,120.0,"10,20,30,40,50,60,70,80,90,100,110,120"
FLB_80,FLB,train,120,178.5,True,True,12,10.0,120.0,"10,20,30,40,50,60,70,80,90,100,110,120"
FLB_81,FLB,test,120,177.5,True,True,12,10.0,120.0,"10,20,30,40,50,60,70,80,90,100,110,120"
FLB_82,FLB,validation,120,176.5,True,True,12,10.0,120.0,"10,20,30,40,50,60,70,80,90,100,110,120"
FLB_83,FLB,train,120,176.0,True,True,12,10.0,120.0,"10,20,30,40,50,60,70,80,90,100,110,120"
FLB_84,FLB,train,120,175.0,True,True,12,10.0,120.0,"10,20,30,40,50,60,70,80,90,100,110,120"
FLB_85,FLB,train,120,174.0,True,True,12,10.0,120.0,"10,20,30,40,50,60,70,80,90,100,110,120"
FLB_86,FLB,train,120,173.5,True,True,12,10.0,120.0,"10,20,30,40,50,60,70,80,90,100,110,120"
FLB_87,FLB,train,120,172.5,True,True,12,10.0,120.0,"10,20,30,40,50,60,70,80,90,100,110,120"
FLB_88,FLB,train,120,172.0,True,True,12,10.0,120.0,"10,20,30,40,50,60,70,80,90,100,110,120"
FLB_89,FLB,train,120,171.0,True,True,12,10.0,120.0,"10,20,30,40,50,60,70,80,90,100,110,120"
FLB_9,FLB,train,120,751.0,True,True,12,10.0,120.0,"10,20,30,40,50,60,70,80,90,100,110,120"
FLB_90,FLB,train,120,170.5,True,True,12,10.0,120.0,"10,20,30,40,50,60,70,80,90,100,110,120"
FLB_91,FLB,test,120,169.5,True,True,12,10.0,120.0,"10,20,30,40,50,60,70,80,90,100,110,120"
FLB_92,FLB,validation,120,169.0,True,True,12,10.0,120.0,"10,20,30,40,50,60,70,80,90,100,110,120"
FLB_93,FLB,train,120,168.5,True,True,12,10.0,120.0,"10,20,30,40,50,60,70,80,90,100,110,120"
FLB_94,FLB,train,120,167.5,True,True,12,10.0,120.0,"10,20,30,40,50,60,70,80,90,100,110,120"
FLB_95,FLB,train,120,167.0,True,True,12,10.0,120.0,"10,20,30,40,50,60,70,80,90,100,110,120"
FLB_96,FLB,train,120,166.5,True,True,12,10.0,120.0,"10,20,30,40,50,60,70,80,90,100,110,120"
FLB_97,FLB,train,120,166.0,True,True,12,10.0,120.0,"10,20,30,40,50,60,70,80,90,100,110,120"
FLB_98,FLB,train,120,165.0,True,True,12,10.0,120.0,"10,20,30,40,50,60,70,80,90,100,110,120"
FLB_99,FLB,train,120,164.5,True,True,12,10.0,120.0,"10,20,30,40,50,60,70,80,90,100,110,120"
LLB_1,LLB,test,120,,False,False,12,10.0,120.0,"10,20,30,40,50,60,70,80,90,100,110,120"
LLB_10,LLB,train,120,,False,False,12,10.0,120.0,"10,20,30,40,50,60,70,80,90,100,110,120"
LLB_100,LLB,train,120,,False,False,12,10.0,120.0,"10,20,30,40,50,60,70,80,90,100,110,120"
LLB_101,LLB,test,120,,False,False,12,10.0,120.0,"10,20,30,40,50,60,70,80,90,100,110,120"
LLB_11,LLB,test,120,,False,False,12,10.0,120.0,"10,20,30,40,50,60,70,80,90,100,110,120"
LLB_12,LLB,validation,120,,False,False,12,10.0,120.0,"10,20,30,40,50,60,70,80,90,100,110,120"
LLB_13,LLB,train,120,,False,False,12,10.0,120.0,"10,20,30,40,50,60,70,80,90,100,110,120"
LLB_14,LLB,train,120,,False,False,12,10.0,120.0,"10,20,30,40,50,60,70,80,90,100,110,120"
LLB_15,LLB,train,120,,False,False,12,10.0,120.0,"10,20,30,40,50,60,70,80,90,100,110,120"
LLB_16,LLB,train,120,,False,False,12,10.0,120.0,"10,20,30,40,50,60,70,80,90,100,110,120"
LLB_17,LLB,train,120,,False,False,12,10.0,120.0,"10,20,30,40,50,60,70,80,90,100,110,120"
LLB_18,LLB,train,120,,False,False,12,10.0,120.0,"10,20,30,40,50,60,70,80,90,100,110,120"
LLB_19,LLB,train,120,,False,False,12,10.0,120.0,"10,20,30,40,50,60,70,80,90,100,110,120"
LLB_2,LLB,validation,120,,False,False,12,10.0,120.0,"10,20,30,40,50,60,70,80,90,100,110,120"
LLB_20,LLB,train,120,,False,False,12,10.0,120.0,"10,20,30,40,50,60,70,80,90,100,110,120"
LLB_21,LLB,test,120,,False,False,12,10.0,120.0,"10,20,30,40,50,60,70,80,90,100,110,120"
LLB_22,LLB,validation,120,,False,False,12,10.0,120.0,"10,20,30,40,50,60,70,80,90,100,110,120"
LLB_23,LLB,train,120,,False,False,12,10.0,120.0,"10,20,30,40,50,60,70,80,90,100,110,120"
LLB_24,LLB,train,120,,False,False,12,10.0,120.0,"10,20,30,40,50,60,70,80,90,100,110,120"
LLB_25,LLB,train,120,,False,False,12,10.0,120.0,"10,20,30,40,50,60,70,80,90,100,110,120"
LLB_26,LLB,train,120,,False,False,12,10.0,120.0,"10,20,30,40,50,60,70,80,90,100,110,120"
LLB_27,LLB,train,120,,False,False,12,10.0,120.0,"10,20,30,40,50,60,70,80,90,100,110,120"
LLB_28,LLB,train,120,,False,False,12,10.0,120.0,"10,20,30,40,50,60,70,80,90,100,110,120"
LLB_29,LLB,train,120,,False,False,12,10.0,120.0,"10,20,30,40,50,60,70,80,90,100,110,120"
LLB_3,LLB,train,120,,False,False,12,10.0,120.0,"10,20,30,40,50,60,70,80,90,100,110,120"
LLB_30,LLB,train,120,,False,False,12,10.0,120.0,"10,20,30,40,50,60,70,80,90,100,110,120"
LLB_31,LLB,test,120,,False,False,12,10.0,120.0,"10,20,30,40,50,60,70,80,90,100,110,120"
LLB_32,LLB,validation,120,,False,False,12,10.0,120.0,"10,20,30,40,50,60,70,80,90,100,110,120"
LLB_33,LLB,train,120,,False,False,12,10.0,120.0,"10,20,30,40,50,60,70,80,90,100,110,120"
LLB_34,LLB,train,120,,False,False,12,10.0,120.0,"10,20,30,40,50,60,70,80,90,100,110,120"
LLB_35,LLB,train,120,,False,False,12,10.0,120.0,"10,20,30,40,50,60,70,80,90,100,110,120"
LLB_36,LLB,train,120,,False,False,12,10.0,120.0,"10,20,30,40,50,60,70,80,90,100,110,120"
LLB_37,LLB,train,120,,False,False,12,10.0,120.0,"10,20,30,40,50,60,70,80,90,100,110,120"
LLB_38,LLB,train,120,,False,False,12,10.0,120.0,"10,20,30,40,50,60,70,80,90,100,110,120"
LLB_39,LLB,train,120,,False,False,12,10.0,120.0,"10,20,30,40,50,60,70,80,90,100,110,120"
LLB_4,LLB,train,120,,False,False,12,10.0,120.0,"10,20,30,40,50,60,70,80,90,100,110,120"
LLB_40,LLB,train,120,,False,False,12,10.0,120.0,"10,20,30,40,50,60,70,80,90,100,110,120"
LLB_41,LLB,test,120,,False,False,12,10.0,120.0,"10,20,30,40,50,60,70,80,90,100,110,120"
LLB_42,LLB,validation,120,,False,False,12,10.0,120.0,"10,20,30,40,50,60,70,80,90,100,110,120"
LLB_43,LLB,train,120,,False,False,12,10.0,120.0,"10,20,30,40,50,60,70,80,90,100,110,120"
LLB_44,LLB,train,120,,False,False,12,10.0,120.0,"10,20,30,40,50,60,70,80,90,100,110,120"
LLB_45,LLB,train,120,,False,False,12,10.0,120.0,"10,20,30,40,50,60,70,80,90,100,110,120"
LLB_46,LLB,train,120,,False,False,12,10.0,120.0,"10,20,30,40,50,60,70,80,90,100,110,120"
LLB_47,LLB,train,120,,False,False,12,10.0,120.0,"10,20,30,40,50,60,70,80,90,100,110,120"
LLB_48,LLB,train,120,,False,False,12,10.0,120.0,"10,20,30,40,50,60,70,80,90,100,110,120"
LLB_49,LLB,train,120,,False,False,12,10.0,120.0,"10,20,30,40,50,60,70,80,90,100,110,120"
LLB_5,LLB,train,120,,False,False,12,10.0,120.0,"10,20,30,40,50,60,70,80,90,100,110,120"
LLB_50,LLB,train,120,,False,False,12,10.0,120.0,"10,20,30,40,50,60,70,80,90,100,110,120"
LLB_51,LLB,test,120,,False,False,12,10.0,120.0,"10,20,30,40,50,60,70,80,90,100,110,120"
LLB_52,LLB,validation,120,,False,False,12,10.0,120.0,"10,20,30,40,50,60,70,80,90,100,110,120"
LLB_53,LLB,train,120,,False,False,12,10.0,120.0,"10,20,30,40,50,60,70,80,90,100,110,120"
LLB_54,LLB,train,120,,False,False,12,10.0,120.0,"10,20,30,40,50,60,70,80,90,100,110,120"
LLB_55,LLB,train,120,,False,False,12,10.0,120.0,"10,20,30,40,50,60,70,80,90,100,110,120"
LLB_56,LLB,train,120,,False,False,12,10.0,120.0,"10,20,30,40,50,60,70,80,90,100,110,120"
LLB_57,LLB,train,120,,False,False,12,10.0,120.0,"10,20,30,40,50,60,70,80,90,100,110,120"
LLB_58,LLB,train,120,,False,False,12,10.0,120.0,"10,20,30,40,50,60,70,80,90,100,110,120"
LLB_59,LLB,train,120,,False,False,12,10.0,120.0,"10,20,30,40,50,60,70,80,90,100,110,120"
LLB_6,LLB,train,120,,False,False,12,10.0,120.0,"10,20,30,40,50,60,70,80,90,100,110,120"
LLB_60,LLB,train,120,,False,False,12,10.0,120.0,"10,20,30,40,50,60,70,80,90,100,110,120"
LLB_61,LLB,test,120,,False,False,12,10.0,120.0,"10,20,30,40,50,60,70,80,90,100,110,120"
LLB_62,LLB,validation,120,,False,False,12,10.0,120.0,"10,20,30,40,50,60,70,80,90,100,110,120"
LLB_63,LLB,train,120,,False,False,12,10.0,120.0,"10,20,30,40,50,60,70,80,90,100,110,120"
LLB_64,LLB,train,120,,False,False,12,10.0,120.0,"10,20,30,40,50,60,70,80,90,100,110,120"
LLB_65,LLB,train,120,,False,False,12,10.0,120.0,"10,20,30,40,50,60,70,80,90,100,110,120"
LLB_66,LLB,train,120,,False,False,12,10.0,120.0,"10,20,30,40,50,60,70,80,90,100,110,120"
LLB_67,LLB,train,120,,False,False,12,10.0,120.0,"10,20,30,40,50,60,70,80,90,100,110,120"
LLB_68,LLB,train,120,,False,False,12,10.0,120.0,"10,20,30,40,50,60,70,80,90,100,110,120"
LLB_69,LLB,train,120,,False,False,12,10.0,120.0,"10,20,30,40,50,60,70,80,90,100,110,120"
LLB_7,LLB,train,120,,False,False,12,10.0,120.0,"10,20,30,40,50,60,70,80,90,100,110,120"
LLB_70,LLB,train,120,,False,False,12,10.0,120.0,"10,20,30,40,50,60,70,80,90,100,110,120"
LLB_71,LLB,test,120,,False,False,12,10.0,120.0,"10,20,30,40,50,60,70,80,90,100,110,120"
LLB_72,LLB,validation,120,,False,False,12,10.0,120.0,"10,20,30,40,50,60,70,80,90,100,110,120"
LLB_73,LLB,train,120,,False,False,12,10.0,120.0,"10,20,30,40,50,60,70,80,90,100,110,120"
LLB_74,LLB,train,120,,False,False,12,10.0,120.0,"10,20,30,40,50,60,70,80,90,100,110,120"
LLB_75,LLB,train,120,,False,False,12,10.0,120.0,"10,20,30,40,50,60,70,80,90,100,110,120"
LLB_76,LLB,train,120,,False,False,12,10.0,120.0,"10,20,30,40,50,60,70,80,90,100,110,120"
LLB_77,LLB,train,120,,False,False,12,10.0,120.0,"10,20,30,40,50,60,70,80,90,100,110,120"
LLB_78,LLB,train,120,,False,False,12,10.0,120.0,"10,20,30,40,50,60,70,80,90,100,110,120"
LLB_79,LLB,train,120,,False,False,12,10.0,120.0,"10,20,30,40,50,60,70,80,90,100,110,120"
LLB_8,LLB,train,120,,False,False,12,10.0,120.0,"10,20,30,40,50,60,70,80,90,100,110,120"
LLB_80,LLB,train,120,,False,False,12,10.0,120.0,"10,20,30,40,50,60,70,80,90,100,110,120"
LLB_81,LLB,test,120,,False,False,12,10.0,120.0,"10,20,30,40,50,60,70,80,90,100,110,120"
LLB_82,LLB,validation,120,,False,False,12,10.0,120.0,"10,20,30,40,50,60,70,80,90,100,110,120"
LLB_83,LLB,train,120,,False,False,12,10.0,120.0,"10,20,30,40,50,60,70,80,90,100,110,120"
LLB_84,LLB,train,120,,False,False,12,10.0,120.0,"10,20,30,40,50,60,70,80,90,100,110,120"
LLB_85,LLB,train,120,,False,False,12,10.0,120.0,"10,20,30,40,50,60,70,80,90,100,110,120"
LLB_86,LLB,train,120,,False,False,12,10.0,120.0,"10,20,30,40,50,60,70,80,90,100,110,120"
LLB_87,LLB,train,120,,False,False,12,10.0,120.0,"10,20,30,40,50,60,70,80,90,100,110,120"
LLB_88,LLB,train,120,,False,False,12,10.0,120.0,"10,20,30,40,50,60,70,80,90,100,110,120"
LLB_89,LLB,train,120,,False,False,12,10.0,120.0,"10,20,30,40,50,60,70,80,90,100,110,120"
LLB_9,LLB,train,120,,False,False,12,10.0,120.0,"10,20,30,40,50,60,70,80,90,100,110,120"
LLB_90,LLB,train,120,,False,False,12,10.0,120.0,"10,20,30,40,50,60,70,80,90,100,110,120"
LLB_91,LLB,test,120,,False,False,12,10.0,120.0,"10,20,30,40,50,60,70,80,90,100,110,120"
LLB_92,LLB,validation,120,,False,False,12,10.0,120.0,"10,20,30,40,50,60,70,80,90,100,110,120"
LLB_93,LLB,train,120,,False,False,12,10.0,120.0,"10,20,30,40,50,60,70,80,90,100,110,120"
LLB_94,LLB,train,120,,False,False,12,10.0,120.0,"10,20,30,40,50,60,70,80,90,100,110,120"
LLB_95,LLB,train,120,,False,False,12,10.0,120.0,"10,20,30,40,50,60,70,80,90,100,110,120"
LLB_96,LLB,train,120,,False,False,12,10.0,120.0,"10,20,30,40,50,60,70,80,90,100,110,120"
LLB_97,LLB,train,120,,False,False,12,10.0,120.0,"10,20,30,40,50,60,70,80,90,100,110,120"
LLB_98,LLB,train,120,,False,False,12,10.0,120.0,"10,20,30,40,50,60,70,80,90,100,110,120"
LLB_99,LLB,train,120,,False,False,12,10.0,120.0,"10,20,30,40,50,60,70,80,90,100,110,120"
LOCAC_1,LOCAC,test,120,2521.5,True,True,12,10.0,120.0,"10,20,30,40,50,60,70,80,90,100,110,120"
LOCAC_10,LOCAC,train,120,224.0,True,True,12,10.0,120.0,"10,20,30,40,50,60,70,80,90,100,110,120"
LOCAC_100,LOCAC,train,120,118.0,True,False,12,10.0,120.0,"10,20,30,40,50,60,70,80,90,100,110,120"
LOCAC_11,LOCAC,test,120,211.5,True,True,12,10.0,120.0,"10,20,30,40,50,60,70,80,90,100,110,120"
LOCAC_12,LOCAC,validation,120,201.0,True,True,12,10.0,120.0,"10,20,30,40,50,60,70,80,90,100,110,120"
LOCAC_13,LOCAC,train,120,192.5,True,True,12,10.0,120.0,"10,20,30,40,50,60,70,80,90,100,110,120"
LOCAC_14,LOCAC,train,120,185.5,True,True,12,10.0,120.0,"10,20,30,40,50,60,70,80,90,100,110,120"
LOCAC_15,LOCAC,train,120,179.5,True,True,12,10.0,120.0,"10,20,30,40,50,60,70,80,90,100,110,120"
LOCAC_16,LOCAC,train,120,174.5,True,True,12,10.0,120.0,"10,20,30,40,50,60,70,80,90,100,110,120"
LOCAC_17,LOCAC,train,120,170.0,True,True,12,10.0,120.0,"10,20,30,40,50,60,70,80,90,100,110,120"
LOCAC_18,LOCAC,train,120,166.0,True,True,12,10.0,120.0,"10,20,30,40,50,60,70,80,90,100,110,120"
LOCAC_19,LOCAC,train,120,162.5,True,True,12,10.0,120.0,"10,20,30,40,50,60,70,80,90,100,110,120"
LOCAC_2,LOCAC,validation,120,1299.0,True,True,12,10.0,120.0,"10,20,30,40,50,60,70,80,90,100,110,120"
LOCAC_20,LOCAC,train,120,159.5,True,True,12,10.0,120.0,"10,20,30,40,50,60,70,80,90,100,110,120"
LOCAC_21,LOCAC,test,120,157.0,True,True,12,10.0,120.0,"10,20,30,40,50,60,70,80,90,100,110,120"
LOCAC_22,LOCAC,validation,120,154.5,True,True,12,10.0,120.0,"10,20,30,40,50,60,70,80,90,100,110,120"
LOCAC_23,LOCAC,train,120,152.5,True,True,12,10.0,120.0,"10,20,30,40,50,60,70,80,90,100,110,120"
LOCAC_24,LOCAC,train,120,150.5,True,True,12,10.0,120.0,"10,20,30,40,50,60,70,80,90,100,110,120"
LOCAC_25,LOCAC,train,120,148.5,True,True,12,10.0,120.0,"10,20,30,40,50,60,70,80,90,100,110,120"
LOCAC_26,LOCAC,train,120,463.5,True,True,12,10.0,120.0,"10,20,30,40,50,60,70,80,90,100,110,120"
LOCAC_27,LOCAC,train,120,145.5,True,True,12,10.0,120.0,"10,20,30,40,50,60,70,80,90,100,110,120"
LOCAC_28,LOCAC,train,120,144.0,True,True,12,10.0,120.0,"10,20,30,40,50,60,70,80,90,100,110,120"
LOCAC_29,LOCAC,train,120,142.5,True,True,12,10.0,120.0,"10,20,30,40,50,60,70,80,90,100,110,120"
LOCAC_3,LOCAC,train,120,917.0,True,True,12,10.0,120.0,"10,20,30,40,50,60,70,80,90,100,110,120"
LOCAC_30,LOCAC,train,120,416.5,True,True,12,10.0,120.0,"10,20,30,40,50,60,70,80,90,100,110,120"
LOCAC_31,LOCAC,test,120,140.0,True,True,12,10.0,120.0,"10,20,30,40,50,60,70,80,90,100,110,120"
LOCAC_32,LOCAC,validation,120,139.0,True,True,12,10.0,120.0,"10,20,30,40,50,60,70,80,90,100,110,120"
LOCAC_33,LOCAC,train,120,138.0,True,True,12,10.0,120.0,"10,20,30,40,50,60,70,80,90,100,110,120"
LOCAC_34,LOCAC,train,120,137.0,True,True,12,10.0,120.0,"10,20,30,40,50,60,70,80,90,100,110,120"
LOCAC_35,LOCAC,train,120,136.5,True,True,12,10.0,120.0,"10,20,30,40,50,60,70,80,90,100,110,120"
LOCAC_36,LOCAC,train,120,135.5,True,True,12,10.0,120.0,"10,20,30,40,50,60,70,80,90,100,110,120"
LOCAC_37,LOCAC,train,120,134.5,True,True,12,10.0,120.0,"10,20,30,40,50,60,70,80,90,100,110,120"
LOCAC_38,LOCAC,train,120,134.0,True,True,12,10.0,120.0,"10,20,30,40,50,60,70,80,90,100,110,120"
LOCAC_39,LOCAC,train,120,133.5,True,True,12,10.0,120.0,"10,20,30,40,50,60,70,80,90,100,110,120"
LOCAC_4,LOCAC,train,120,569.5,True,True,12,10.0,120.0,"10,20,30,40,50,60,70,80,90,100,110,120"
LOCAC_40,LOCAC,train,120,132.5,True,True,12,10.0,120.0,"10,20,30,40,50,60,70,80,90,100,110,120"
LOCAC_41,LOCAC,test,120,132.0,True,True,12,10.0,120.0,"10,20,30,40,50,60,70,80,90,100,110,120"
LOCAC_42,LOCAC,validation,120,131.5,True,True,12,10.0,120.0,"10,20,30,40,50,60,70,80,90,100,110,120"
LOCAC_43,LOCAC,train,120,131.0,True,True,12,10.0,120.0,"10,20,30,40,50,60,70,80,90,100,110,120"
LOCAC_44,LOCAC,train,120,130.5,True,True,12,10.0,120.0,"10,20,30,40,50,60,70,80,90,100,110,120"
LOCAC_45,LOCAC,train,120,130.0,True,True,12,10.0,120.0,"10,20,30,40,50,60,70,80,90,100,110,120"
LOCAC_46,LOCAC,train,120,129.5,True,True,12,10.0,120.0,"10,20,30,40,50,60,70,80,90,100,110,120"
LOCAC_47,LOCAC,train,120,129.0,True,True,12,10.0,120.0,"10,20,30,40,50,60,70,80,90,100,110,120"
LOCAC_48,LOCAC,train,120,128.5,True,True,12,10.0,120.0,"10,20,30,40,50,60,70,80,90,100,110,120"
LOCAC_49,LOCAC,train,120,128.0,True,True,12,10.0,120.0,"10,20,30,40,50,60,70,80,90,100,110,120"
LOCAC_5,LOCAC,train,120,418.0,True,True,12,10.0,120.0,"10,20,30,40,50,60,70,80,90,100,110,120"
LOCAC_50,LOCAC,train,120,127.5,True,True,12,10.0,120.0,"10,20,30,40,50,60,70,80,90,100,110,120"
LOCAC_51,LOCAC,test,120,127.0,True,True,12,10.0,120.0,"10,20,30,40,50,60,70,80,90,100,110,120"
LOCAC_52,LOCAC,validation,120,127.0,True,True,12,10.0,120.0,"10,20,30,40,50,60,70,80,90,100,110,120"
LOCAC_53,LOCAC,train,120,126.5,True,True,12,10.0,120.0,"10,20,30,40,50,60,70,80,90,100,110,120"
LOCAC_54,LOCAC,train,120,126.0,True,True,12,10.0,120.0,"10,20,30,40,50,60,70,80,90,100,110,120"
LOCAC_55,LOCAC,train,120,125.5,True,True,12,10.0,120.0,"10,20,30,40,50,60,70,80,90,100,110,120"
LOCAC_56,LOCAC,train,120,125.5,True,True,12,10.0,120.0,"10,20,30,40,50,60,70,80,90,100,110,120"
LOCAC_57,LOCAC,train,120,125.0,True,True,12,10.0,120.0,"10,20,30,40,50,60,70,80,90,100,110,120"
LOCAC_58,LOCAC,train,120,125.0,True,True,12,10.0,120.0,"10,20,30,40,50,60,70,80,90,100,110,120"
LOCAC_59,LOCAC,train,120,124.5,True,True,12,10.0,120.0,"10,20,30,40,50,60,70,80,90,100,110,120"
LOCAC_6,LOCAC,train,120,340.5,True,True,12,10.0,120.0,"10,20,30,40,50,60,70,80,90,100,110,120"
LOCAC_60,LOCAC,train,120,124.0,True,True,12,10.0,120.0,"10,20,30,40,50,60,70,80,90,100,110,120"
LOCAC_61,LOCAC,test,120,124.0,True,True,12,10.0,120.0,"10,20,30,40,50,60,70,80,90,100,110,120"
LOCAC_62,LOCAC,validation,120,123.5,True,True,12,10.0,120.0,"10,20,30,40,50,60,70,80,90,100,110,120"
LOCAC_63,LOCAC,train,120,123.5,True,True,12,10.0,120.0,"10,20,30,40,50,60,70,80,90,100,110,120"
LOCAC_64,LOCAC,train,120,123.0,True,True,12,10.0,120.0,"10,20,30,40,50,60,70,80,90,100,110,120"
LOCAC_65,LOCAC,train,120,123.0,True,True,12,10.0,120.0,"10,20,30,40,50,60,70,80,90,100,110,120"
LOCAC_66,LOCAC,train,120,122.5,True,True,12,10.0,120.0,"10,20,30,40,50,60,70,80,90,100,110,120"
LOCAC_67,LOCAC,train,120,122.5,True,True,12,10.0,120.0,"10,20,30,40,50,60,70,80,90,100,110,120"
LOCAC_68,LOCAC,train,120,122.0,True,True,12,10.0,120.0,"10,20,30,40,50,60,70,80,90,100,110,120"
LOCAC_69,LOCAC,train,120,122.0,True,True,12,10.0,120.0,"10,20,30,40,50,60,70,80,90,100,110,120"
LOCAC_7,LOCAC,train,120,294.0,True,True,12,10.0,120.0,"10,20,30,40,50,60,70,80,90,100,110,120"
LOCAC_70,LOCAC,train,120,122.0,True,True,12,10.0,120.0,"10,20,30,40,50,60,70,80,90,100,110,120"
LOCAC_71,LOCAC,test,120,121.5,True,True,12,10.0,120.0,"10,20,30,40,50,60,70,80,90,100,110,120"
LOCAC_72,LOCAC,validation,120,121.5,True,True,12,10.0,120.0,"10,20,30,40,50,60,70,80,90,100,110,120"
LOCAC_73,LOCAC,train,120,121.5,True,True,12,10.0,120.0,"10,20,30,40,50,60,70,80,90,100,110,120"
LOCAC_74,LOCAC,train,120,121.0,True,True,12,10.0,120.0,"10,20,30,40,50,60,70,80,90,100,110,120"
LOCAC_75,LOCAC,train,120,121.0,True,True,12,10.0,120.0,"10,20,30,40,50,60,70,80,90,100,110,120"
LOCAC_76,LOCAC,train,120,121.0,True,True,12,10.0,120.0,"10,20,30,40,50,60,70,80,90,100,110,120"
LOCAC_77,LOCAC,train,120,120.5,True,True,12,10.0,120.0,"10,20,30,40,50,60,70,80,90,100,110,120"
LOCAC_78,LOCAC,train,120,120.5,True,True,12,10.0,120.0,"10,20,30,40,50,60,70,80,90,100,110,120"
LOCAC_79,LOCAC,train,120,120.5,True,True,12,10.0,120.0,"10,20,30,40,50,60,70,80,90,100,110,120"
LOCAC_8,LOCAC,train,120,263.0,True,True,12,10.0,120.0,"10,20,30,40,50,60,70,80,90,100,110,120"
LOCAC_80,LOCAC,train,120,120.0,True,False,12,10.0,120.0,"10,20,30,40,50,60,70,80,90,100,110,120"
LOCAC_81,LOCAC,test,120,120.0,True,False,12,10.0,120.0,"10,20,30,40,50,60,70,80,90,100,110,120"
LOCAC_82,LOCAC,validation,120,120.0,True,False,12,10.0,120.0,"10,20,30,40,50,60,70,80,90,100,110,120"
LOCAC_83,LOCAC,train,120,119.5,True,False,12,10.0,120.0,"10,20,30,40,50,60,70,80,90,100,110,120"
LOCAC_84,LOCAC,train,120,119.5,True,False,12,10.0,120.0,"10,20,30,40,50,60,70,80,90,100,110,120"
LOCAC_85,LOCAC,train,120,119.5,True,False,12,10.0,120.0,"10,20,30,40,50,60,70,80,90,100,110,120"
LOCAC_86,LOCAC,train,120,119.5,True,False,12,10.0,120.0,"10,20,30,40,50,60,70,80,90,100,110,120"
LOCAC_87,LOCAC,train,120,119.0,True,False,12,10.0,120.0,"10,20,30,40,50,60,70,80,90,100,110,120"
LOCAC_88,LOCAC,train,120,119.0,True,False,12,10.0,120.0,"10,20,30,40,50,60,70,80,90,100,110,120"
LOCAC_89,LOCAC,train,120,119.0,True,False,12,10.0,120.0,"10,20,30,40,50,60,70,80,90,100,110,120"
LOCAC_9,LOCAC,train,120,241.0,True,True,12,10.0,120.0,"10,20,30,40,50,60,70,80,90,100,110,120"
LOCAC_90,LOCAC,train,120,119.0,True,False,12,10.0,120.0,"10,20,30,40,50,60,70,80,90,100,110,120"
LOCAC_91,LOCAC,test,120,118.5,True,False,12,10.0,120.0,"10,20,30,40,50,60,70,80,90,100,110,120"
LOCAC_92,LOCAC,validation,120,118.5,True,False,12,10.0,120.0,"10,20,30,40,50,60,70,80,90,100,110,120"
LOCAC_93,LOCAC,train,120,118.5,True,False,12,10.0,120.0,"10,20,30,40,50,60,70,80,90,100,110,120"
LOCAC_94,LOCAC,train,120,118.5,True,False,12,10.0,120.0,"10,20,30,40,50,60,70,80,90,100,110,120"
LOCAC_95,LOCAC,train,120,118.5,True,False,12,10.0,120.0,"10,20,30,40,50,60,70,80,90,100,110,120"
LOCAC_96,LOCAC,train,120,118.0,True,False,12,10.0,120.0,"10,20,30,40,50,60,70,80,90,100,110,120"
LOCAC_97,LOCAC,train,120,118.0,True,False,12,10.0,120.0,"10,20,30,40,50,60,70,80,90,100,110,120"
LOCAC_98,LOCAC,train,120,118.0,True,False,12,10.0,120.0,"10,20,30,40,50,60,70,80,90,100,110,120"
LOCAC_99,LOCAC,train,120,118.0,True,False,12,10.0,120.0,"10,20,30,40,50,60,70,80,90,100,110,120"
LOCA_1,LOCA,test,120,2031.5,True,True,12,10.0,120.0,"10,20,30,40,50,60,70,80,90,100,110,120"
LOCA_10,LOCA,train,120,224.0,True,True,12,10.0,120.0,"10,20,30,40,50,60,70,80,90,100,110,120"
LOCA_100,LOCA,train,120,117.5,True,False,12,10.0,120.0,"10,20,30,40,50,60,70,80,90,100,110,120"
LOCA_11,LOCA,test,120,211.0,True,True,12,10.0,120.0,"10,20,30,40,50,60,70,80,90,100,110,120"
LOCA_12,LOCA,validation,120,200.5,True,True,12,10.0,120.0,"10,20,30,40,50,60,70,80,90,100,110,120"
LOCA_13,LOCA,train,120,192.0,True,True,12,10.0,120.0,"10,20,30,40,50,60,70,80,90,100,110,120"
LOCA_14,LOCA,train,120,185.0,True,True,12,10.0,120.0,"10,20,30,40,50,60,70,80,90,100,110,120"
LOCA_15,LOCA,train,120,179.0,True,True,12,10.0,120.0,"10,20,30,40,50,60,70,80,90,100,110,120"
LOCA_16,LOCA,train,120,174.0,True,True,12,10.0,120.0,"10,20,30,40,50,60,70,80,90,100,110,120"
LOCA_17,LOCA,train,120,169.5,True,True,12,10.0,120.0,"10,20,30,40,50,60,70,80,90,100,110,120"
LOCA_18,LOCA,train,120,166.0,True,True,12,10.0,120.0,"10,20,30,40,50,60,70,80,90,100,110,120"
LOCA_19,LOCA,train,120,162.5,True,True,12,10.0,120.0,"10,20,30,40,50,60,70,80,90,100,110,120"
LOCA_2,LOCA,validation,120,1094.5,True,True,12,10.0,120.0,"10,20,30,40,50,60,70,80,90,100,110,120"
LOCA_20,LOCA,train,120,159.5,True,True,12,10.0,120.0,"10,20,30,40,50,60,70,80,90,100,110,120"
LOCA_21,LOCA,test,120,156.5,True,True,12,10.0,120.0,"10,20,30,40,50,60,70,80,90,100,110,120"
LOCA_22,LOCA,validation,120,154.5,True,True,12,10.0,120.0,"10,20,30,40,50,60,70,80,90,100,110,120"
LOCA_23,LOCA,train,120,152.0,True,True,12,10.0,120.0,"10,20,30,40,50,60,70,80,90,100,110,120"
LOCA_24,LOCA,train,120,150.0,True,True,12,10.0,120.0,"10,20,30,40,50,60,70,80,90,100,110,120"
LOCA_25,LOCA,train,120,148.0,True,True,12,10.0,120.0,"10,20,30,40,50,60,70,80,90,100,110,120"
LOCA_26,LOCA,train,120,146.5,True,True,12,10.0,120.0,"10,20,30,40,50,60,70,80,90,100,110,120"
LOCA_27,LOCA,train,120,145.0,True,True,12,10.0,120.0,"10,20,30,40,50,60,70,80,90,100,110,120"
LOCA_28,LOCA,train,120,143.5,True,True,12,10.0,120.0,"10,20,30,40,50,60,70,80,90,100,110,120"
LOCA_29,LOCA,train,120,142.0,True,True,12,10.0,120.0,"10,20,30,40,50,60,70,80,90,100,110,120"
LOCA_3,LOCA,train,120,790.5,True,True,12,10.0,120.0,"10,20,30,40,50,60,70,80,90,100,110,120"
LOCA_30,LOCA,train,120,141.0,True,True,12,10.0,120.0,"10,20,30,40,50,60,70,80,90,100,110,120"
LOCA_31,LOCA,test,120,140.0,True,True,12,10.0,120.0,"10,20,30,40,50,60,70,80,90,100,110,120"
LOCA_32,LOCA,validation,120,139.0,True,True,12,10.0,120.0,"10,20,30,40,50,60,70,80,90,100,110,120"
LOCA_33,LOCA,train,120,138.0,True,True,12,10.0,120.0,"10,20,30,40,50,60,70,80,90,100,110,120"
LOCA_34,LOCA,train,120,137.0,True,True,12,10.0,120.0,"10,20,30,40,50,60,70,80,90,100,110,120"
LOCA_35,LOCA,train,120,136.0,True,True,12,10.0,120.0,"10,20,30,40,50,60,70,80,90,100,110,120"
LOCA_36,LOCA,train,120,135.0,True,True,12,10.0,120.0,"10,20,30,40,50,60,70,80,90,100,110,120"
LOCA_37,LOCA,train,120,134.5,True,True,12,10.0,120.0,"10,20,30,40,50,60,70,80,90,100,110,120"
LOCA_38,LOCA,train,120,133.5,True,True,12,10.0,120.0,"10,20,30,40,50,60,70,80,90,100,110,120"
LOCA_39,LOCA,train,120,133.0,True,True,12,10.0,120.0,"10,20,30,40,50,60,70,80,90,100,110,120"
LOCA_4,LOCA,train,120,569.0,True,True,12,10.0,120.0,"10,20,30,40,50,60,70,80,90,100,110,120"
LOCA_40,LOCA,train,120,132.5,True,True,12,10.0,120.0,"10,20,30,40,50,60,70,80,90,100,110,120"
LOCA_41,LOCA,test,120,131.5,True,True,12,10.0,120.0,"10,20,30,40,50,60,70,80,90,100,110,120"
LOCA_42,LOCA,validation,120,131.0,True,True,12,10.0,120.0,"10,20,30,40,50,60,70,80,90,100,110,120"
LOCA_43,LOCA,train,120,45.0,True,False,12,10.0,120.0,"10,20,30,40,50,60,70,80,90,100,110,120"
LOCA_44,LOCA,train,120,130.0,True,True,12,10.0,120.0,"10,20,30,40,50,60,70,80,90,100,110,120"
LOCA_45,LOCA,train,120,129.5,True,True,12,10.0,120.0,"10,20,30,40,50,60,70,80,90,100,110,120"
LOCA_46,LOCA,train,120,129.0,True,True,12,10.0,120.0,"10,20,30,40,50,60,70,80,90,100,110,120"
LOCA_47,LOCA,train,120,128.5,True,True,12,10.0,120.0,"10,20,30,40,50,60,70,80,90,100,110,120"
LOCA_48,LOCA,train,120,128.0,True,True,12,10.0,120.0,"10,20,30,40,50,60,70,80,90,100,110,120"
LOCA_49,LOCA,train,120,127.5,True,True,12,10.0,120.0,"10,20,30,40,50,60,70,80,90,100,110,120"
LOCA_5,LOCA,train,120,417.5,True,True,12,10.0,120.0,"10,20,30,40,50,60,70,80,90,100,110,120"
LOCA_50,LOCA,train,120,127.5,True,True,12,10.0,120.0,"10,20,30,40,50,60,70,80,90,100,110,120"
LOCA_51,LOCA,test,120,127.0,True,True,12,10.0,120.0,"10,20,30,40,50,60,70,80,90,100,110,120"
LOCA_52,LOCA,validation,120,126.5,True,True,12,10.0,120.0,"10,20,30,40,50,60,70,80,90,100,110,120"
LOCA_53,LOCA,train,120,126.0,True,True,12,10.0,120.0,"10,20,30,40,50,60,70,80,90,100,110,120"
LOCA_54,LOCA,train,120,126.0,True,True,12,10.0,120.0,"10,20,30,40,50,60,70,80,90,100,110,120"
LOCA_55,LOCA,train,120,125.5,True,True,12,10.0,120.0,"10,20,30,40,50,60,70,80,90,100,110,120"
LOCA_56,LOCA,train,120,125.0,True,True,12,10.0,120.0,"10,20,30,40,50,60,70,80,90,100,110,120"
LOCA_57,LOCA,train,120,125.0,True,True,12,10.0,120.0,"10,20,30,40,50,60,70,80,90,100,110,120"
LOCA_58,LOCA,train,120,124.5,True,True,12,10.0,120.0,"10,20,30,40,50,60,70,80,90,100,110,120"
LOCA_59,LOCA,train,120,124.0,True,True,12,10.0,120.0,"10,20,30,40,50,60,70,80,90,100,110,120"
LOCA_6,LOCA,train,120,340.0,True,True,12,10.0,120.0,"10,20,30,40,50,60,70,80,90,100,110,120"
LOCA_60,LOCA,train,120,124.0,True,True,12,10.0,120.0,"10,20,30,40,50,60,70,80,90,100,110,120"
LOCA_61,LOCA,test,120,123.5,True,True,12,10.0,120.0,"10,20,30,40,50,60,70,80,90,100,110,120"
LOCA_62,LOCA,validation,120,123.5,True,True,12,10.0,120.0,"10,20,30,40,50,60,70,80,90,100,110,120"
LOCA_63,LOCA,train,120,123.0,True,True,12,10.0,120.0,"10,20,30,40,50,60,70,80,90,100,110,120"
LOCA_64,LOCA,train,120,123.0,True,True,12,10.0,120.0,"10,20,30,40,50,60,70,80,90,100,110,120"
LOCA_65,LOCA,train,120,122.5,True,True,12,10.0,120.0,"10,20,30,40,50,60,70,80,90,100,110,120"
LOCA_66,LOCA,train,120,122.5,True,True,12,10.0,120.0,"10,20,30,40,50,60,70,80,90,100,110,120"
LOCA_67,LOCA,train,120,122.0,True,True,12,10.0,120.0,"10,20,30,40,50,60,70,80,90,100,110,120"
LOCA_68,LOCA,train,120,122.0,True,True,12,10.0,120.0,"10,20,30,40,50,60,70,80,90,100,110,120"
LOCA_69,LOCA,train,120,122.0,True,True,12,10.0,120.0,"10,20,30,40,50,60,70,80,90,100,110,120"
LOCA_7,LOCA,train,120,293.5,True,True,12,10.0,120.0,"10,20,30,40,50,60,70,80,90,100,110,120"
LOCA_70,LOCA,train,120,121.5,True,True,12,10.0,120.0,"10,20,30,40,50,60,70,80,90,100,110,120"
LOCA_71,LOCA,test,120,121.5,True,True,12,10.0,120.0,"10,20,30,40,50,60,70,80,90,100,110,120"
LOCA_72,LOCA,validation,120,121.0,True,True,12,10.0,120.0,"10,20,30,40,50,60,70,80,90,100,110,120"
LOCA_73,LOCA,train,120,121.0,True,True,12,10.0,120.0,"10,20,30,40,50,60,70,80,90,100,110,120"
LOCA_74,LOCA,train,120,121.0,True,True,12,10.0,120.0,"10,20,30,40,50,60,70,80,90,100,110,120"
LOCA_75,LOCA,train,120,120.5,True,True,12,10.0,120.0,"10,20,30,40,50,60,70,80,90,100,110,120"
LOCA_76,LOCA,train,120,120.5,True,True,12,10.0,120.0,"10,20,30,40,50,60,70,80,90,100,110,120"
LOCA_77,LOCA,train,120,120.5,True,True,12,10.0,120.0,"10,20,30,40,50,60,70,80,90,100,110,120"
LOCA_78,LOCA,train,120,120.0,True,False,12,10.0,120.0,"10,20,30,40,50,60,70,80,90,100,110,120"
LOCA_79,LOCA,train,120,120.0,True,False,12,10.0,120.0,"10,20,30,40,50,60,70,80,90,100,110,120"
LOCA_8,LOCA,train,120,262.5,True,True,12,10.0,120.0,"10,20,30,40,50,60,70,80,90,100,110,120"
LOCA_80,LOCA,train,120,120.0,True,False,12,10.0,120.0,"10,20,30,40,50,60,70,80,90,100,110,120"
LOCA_81,LOCA,test,120,119.5,True,False,12,10.0,120.0,"10,20,30,40,50,60,70,80,90,100,110,120"
LOCA_82,LOCA,validation,120,119.5,True,False,12,10.0,120.0,"10,20,30,40,50,60,70,80,90,100,110,120"
LOCA_83,LOCA,train,120,119.5,True,False,12,10.0,120.0,"10,20,30,40,50,60,70,80,90,100,110,120"
LOCA_84,LOCA,train,120,119.5,True,False,12,10.0,120.0,"10,20,30,40,50,60,70,80,90,100,110,120"
LOCA_85,LOCA,train,120,119.0,True,False,12,10.0,120.0,"10,20,30,40,50,60,70,80,90,100,110,120"
LOCA_86,LOCA,train,120,119.0,True,False,12,10.0,120.0,"10,20,30,40,50,60,70,80,90,100,110,120"
LOCA_87,LOCA,train,120,119.0,True,False,12,10.0,120.0,"10,20,30,40,50,60,70,80,90,100,110,120"
LOCA_88,LOCA,train,120,119.0,True,False,12,10.0,120.0,"10,20,30,40,50,60,70,80,90,100,110,120"
LOCA_89,LOCA,train,120,118.5,True,False,12,10.0,120.0,"10,20,30,40,50,60,70,80,90,100,110,120"
LOCA_9,LOCA,train,120,240.5,True,True,12,10.0,120.0,"10,20,30,40,50,60,70,80,90,100,110,120"
LOCA_90,LOCA,train,120,118.5,True,False,12,10.0,120.0,"10,20,30,40,50,60,70,80,90,100,110,120"
LOCA_91,LOCA,test,120,118.5,True,False,12,10.0,120.0,"10,20,30,40,50,60,70,80,90,100,110,120"
LOCA_92,LOCA,validation,120,118.5,True,False,12,10.0,120.0,"10,20,30,40,50,60,70,80,90,100,110,120"
LOCA_93,LOCA,train,120,118.0,True,False,12,10.0,120.0,"10,20,30,40,50,60,70,80,90,100,110,120"
LOCA_94,LOCA,train,120,118.0,True,False,12,10.0,120.0,"10,20,30,40,50,60,70,80,90,100,110,120"
LOCA_95,LOCA,train,120,118.0,True,False,12,10.0,120.0,"10,20,30,40,50,60,70,80,90,100,110,120"
LOCA_96,LOCA,train,120,118.0,True,False,12,10.0,120.0,"10,20,30,40,50,60,70,80,90,100,110,120"
LOCA_97,LOCA,train,120,118.0,True,False,12,10.0,120.0,"10,20,30,40,50,60,70,80,90,100,110,120"
LOCA_98,LOCA,train,120,117.5,True,False,12,10.0,120.0,"10,20,30,40,50,60,70,80,90,100,110,120"
LOCA_99,LOCA,train,120,117.5,True,False,12,10.0,120.0,"10,20,30,40,50,60,70,80,90,100,110,120"
LR_1,LR,test,120,,False,False,12,10.0,120.0,"10,20,30,40,50,60,70,80,90,100,110,120"
LR_10,LR,train,120,,False,False,12,10.0,120.0,"10,20,30,40,50,60,70,80,90,100,110,120"
LR_11,LR,test,120,,False,False,12,10.0,120.0,"10,20,30,40,50,60,70,80,90,100,110,120"
LR_12,LR,validation,120,,False,False,12,10.0,120.0,"10,20,30,40,50,60,70,80,90,100,110,120"
LR_13,LR,train,120,,False,False,12,10.0,120.0,"10,20,30,40,50,60,70,80,90,100,110,120"
LR_14,LR,train,120,,False,False,12,10.0,120.0,"10,20,30,40,50,60,70,80,90,100,110,120"
LR_15,LR,train,120,,False,False,12,10.0,120.0,"10,20,30,40,50,60,70,80,90,100,110,120"
LR_16,LR,train,120,,False,False,12,10.0,120.0,"10,20,30,40,50,60,70,80,90,100,110,120"
LR_17,LR,train,120,,False,False,12,10.0,120.0,"10,20,30,40,50,60,70,80,90,100,110,120"
LR_18,LR,train,120,,False,False,12,10.0,120.0,"10,20,30,40,50,60,70,80,90,100,110,120"
LR_19,LR,train,120,,False,False,12,10.0,120.0,"10,20,30,40,50,60,70,80,90,100,110,120"
LR_2,LR,validation,120,,False,False,12,10.0,120.0,"10,20,30,40,50,60,70,80,90,100,110,120"
LR_20,LR,train,120,,False,False,12,10.0,120.0,"10,20,30,40,50,60,70,80,90,100,110,120"
LR_21,LR,test,120,,False,False,12,10.0,120.0,"10,20,30,40,50,60,70,80,90,100,110,120"
LR_22,LR,validation,120,,False,False,12,10.0,120.0,"10,20,30,40,50,60,70,80,90,100,110,120"
LR_23,LR,train,120,,False,False,12,10.0,120.0,"10,20,30,40,50,60,70,80,90,100,110,120"
LR_24,LR,train,120,,False,False,12,10.0,120.0,"10,20,30,40,50,60,70,80,90,100,110,120"
LR_25,LR,train,120,,False,False,12,10.0,120.0,"10,20,30,40,50,60,70,80,90,100,110,120"
LR_26,LR,train,120,,False,False,12,10.0,120.0,"10,20,30,40,50,60,70,80,90,100,110,120"
LR_27,LR,train,120,,False,False,12,10.0,120.0,"10,20,30,40,50,60,70,80,90,100,110,120"
LR_28,LR,train,120,,False,False,12,10.0,120.0,"10,20,30,40,50,60,70,80,90,100,110,120"
LR_29,LR,train,120,,False,False,12,10.0,120.0,"10,20,30,40,50,60,70,80,90,100,110,120"
LR_3,LR,train,120,,False,False,12,10.0,120.0,"10,20,30,40,50,60,70,80,90,100,110,120"
LR_30,LR,train,120,,False,False,12,10.0,120.0,"10,20,30,40,50,60,70,80,90,100,110,120"
LR_31,LR,test,120,,False,False,12,10.0,120.0,"10,20,30,40,50,60,70,80,90,100,110,120"
LR_32,LR,validation,120,,False,False,12,10.0,120.0,"10,20,30,40,50,60,70,80,90,100,110,120"
LR_33,LR,train,120,,False,False,12,10.0,120.0,"10,20,30,40,50,60,70,80,90,100,110,120"
LR_34,LR,train,120,,False,False,12,10.0,120.0,"10,20,30,40,50,60,70,80,90,100,110,120"
LR_35,LR,train,120,,False,False,12,10.0,120.0,"10,20,30,40,50,60,70,80,90,100,110,120"
LR_36,LR,train,120,,False,False,12,10.0,120.0,"10,20,30,40,50,60,70,80,90,100,110,120"
LR_37,LR,train,120,,False,False,12,10.0,120.0,"10,20,30,40,50,60,70,80,90,100,110,120"
LR_38,LR,train,120,,False,False,12,10.0,120.0,"10,20,30,40,50,60,70,80,90,100,110,120"
LR_39,LR,train,120,,False,False,12,10.0,120.0,"10,20,30,40,50,60,70,80,90,100,110,120"
LR_4,LR,train,120,,False,False,12,10.0,120.0,"10,20,30,40,50,60,70,80,90,100,110,120"
LR_40,LR,train,120,,False,False,12,10.0,120.0,"10,20,30,40,50,60,70,80,90,100,110,120"
LR_41,LR,test,120,,False,False,12,10.0,120.0,"10,20,30,40,50,60,70,80,90,100,110,120"
LR_42,LR,validation,120,,False,False,12,10.0,120.0,"10,20,30,40,50,60,70,80,90,100,110,120"
LR_43,LR,train,120,,False,False,12,10.0,120.0,"10,20,30,40,50,60,70,80,90,100,110,120"
LR_44,LR,train,120,,False,False,12,10.0,120.0,"10,20,30,40,50,60,70,80,90,100,110,120"
LR_45,LR,train,120,,False,False,12,10.0,120.0,"10,20,30,40,50,60,70,80,90,100,110,120"
LR_46,LR,train,120,,False,False,12,10.0,120.0,"10,20,30,40,50,60,70,80,90,100,110,120"
LR_47,LR,train,120,,False,False,12,10.0,120.0,"10,20,30,40,50,60,70,80,90,100,110,120"
LR_48,LR,train,120,,False,False,12,10.0,120.0,"10,20,30,40,50,60,70,80,90,100,110,120"
LR_49,LR,train,120,,False,False,12,10.0,120.0,"10,20,30,40,50,60,70,80,90,100,110,120"
LR_5,LR,train,120,,False,False,12,10.0,120.0,"10,20,30,40,50,60,70,80,90,100,110,120"
LR_50,LR,train,120,,False,False,12,10.0,120.0,"10,20,30,40,50,60,70,80,90,100,110,120"
LR_51,LR,test,120,,False,False,12,10.0,120.0,"10,20,30,40,50,60,70,80,90,100,110,120"
LR_52,LR,validation,120,,False,False,12,10.0,120.0,"10,20,30,40,50,60,70,80,90,100,110,120"
LR_53,LR,train,120,,False,False,12,10.0,120.0,"10,20,30,40,50,60,70,80,90,100,110,120"
LR_54,LR,train,120,,False,False,12,10.0,120.0,"10,20,30,40,50,60,70,80,90,100,110,120"
LR_55,LR,train,120,,False,False,12,10.0,120.0,"10,20,30,40,50,60,70,80,90,100,110,120"
LR_56,LR,train,120,,False,False,12,10.0,120.0,"10,20,30,40,50,60,70,80,90,100,110,120"
LR_57,LR,train,120,,False,False,12,10.0,120.0,"10,20,30,40,50,60,70,80,90,100,110,120"
LR_58,LR,train,120,,False,False,12,10.0,120.0,"10,20,30,40,50,60,70,80,90,100,110,120"
LR_59,LR,train,120,,False,False,12,10.0,120.0,"10,20,30,40,50,60,70,80,90,100,110,120"
LR_6,LR,train,120,,False,False,12,10.0,120.0,"10,20,30,40,50,60,70,80,90,100,110,120"
LR_60,LR,train,120,,False,False,12,10.0,120.0,"10,20,30,40,50,60,70,80,90,100,110,120"
LR_61,LR,test,120,,False,False,12,10.0,120.0,"10,20,30,40,50,60,70,80,90,100,110,120"
LR_62,LR,validation,120,,False,False,12,10.0,120.0,"10,20,30,40,50,60,70,80,90,100,110,120"
LR_63,LR,train,120,,False,False,12,10.0,120.0,"10,20,30,40,50,60,70,80,90,100,110,120"
LR_64,LR,train,120,,False,False,12,10.0,120.0,"10,20,30,40,50,60,70,80,90,100,110,120"
LR_65,LR,train,120,,False,False,12,10.0,120.0,"10,20,30,40,50,60,70,80,90,100,110,120"
LR_66,LR,train,120,,False,False,12,10.0,120.0,"10,20,30,40,50,60,70,80,90,100,110,120"
LR_67,LR,train,120,,False,False,12,10.0,120.0,"10,20,30,40,50,60,70,80,90,100,110,120"
LR_68,LR,train,120,,False,False,12,10.0,120.0,"10,20,30,40,50,60,70,80,90,100,110,120"
LR_69,LR,train,120,,False,False,12,10.0,120.0,"10,20,30,40,50,60,70,80,90,100,110,120"
LR_7,LR,train,120,,False,False,12,10.0,120.0,"10,20,30,40,50,60,70,80,90,100,110,120"
LR_70,LR,train,120,,False,False,12,10.0,120.0,"10,20,30,40,50,60,70,80,90,100,110,120"
LR_71,LR,test,120,,False,False,12,10.0,120.0,"10,20,30,40,50,60,70,80,90,100,110,120"
LR_72,LR,validation,120,,False,False,12,10.0,120.0,"10,20,30,40,50,60,70,80,90,100,110,120"
LR_73,LR,train,120,,False,False,12,10.0,120.0,"10,20,30,40,50,60,70,80,90,100,110,120"
LR_74,LR,train,120,,False,False,12,10.0,120.0,"10,20,30,40,50,60,70,80,90,100,110,120"
LR_75,LR,train,120,,False,False,12,10.0,120.0,"10,20,30,40,50,60,70,80,90,100,110,120"
LR_76,LR,train,120,,False,False,12,10.0,120.0,"10,20,30,40,50,60,70,80,90,100,110,120"
LR_77,LR,train,120,,False,False,12,10.0,120.0,"10,20,30,40,50,60,70,80,90,100,110,120"
LR_78,LR,train,120,,False,False,12,10.0,120.0,"10,20,30,40,50,60,70,80,90,100,110,120"
LR_79,LR,train,120,,False,False,12,10.0,120.0,"10,20,30,40,50,60,70,80,90,100,110,120"
LR_8,LR,train,120,,False,False,12,10.0,120.0,"10,20,30,40,50,60,70,80,90,100,110,120"
LR_80,LR,train,120,,False,False,12,10.0,120.0,"10,20,30,40,50,60,70,80,90,100,110,120"
LR_81,LR,test,120,,False,False,12,10.0,120.0,"10,20,30,40,50,60,70,80,90,100,110,120"
LR_82,LR,validation,120,,False,False,12,10.0,120.0,"10,20,30,40,50,60,70,80,90,100,110,120"
LR_83,LR,train,120,,False,False,12,10.0,120.0,"10,20,30,40,50,60,70,80,90,100,110,120"
LR_84,LR,train,120,,False,False,12,10.0,120.0,"10,20,30,40,50,60,70,80,90,100,110,120"
LR_85,LR,train,120,,False,False,12,10.0,120.0,"10,20,30,40,50,60,70,80,90,100,110,120"
LR_86,LR,train,120,,False,False,12,10.0,120.0,"10,20,30,40,50,60,70,80,90,100,110,120"
LR_87,LR,train,120,,False,False,12,10.0,120.0,"10,20,30,40,50,60,70,80,90,100,110,120"
LR_88,LR,train,120,,False,False,12,10.0,120.0,"10,20,30,40,50,60,70,80,90,100,110,120"
LR_89,LR,train,120,,False,False,12,10.0,120.0,"10,20,30,40,50,60,70,80,90,100,110,120"
LR_9,LR,train,120,,False,False,12,10.0,120.0,"10,20,30,40,50,60,70,80,90,100,110,120"
LR_90,LR,train,120,,False,False,12,10.0,120.0,"10,20,30,40,50,60,70,80,90,100,110,120"
LR_91,LR,test,120,,False,False,12,10.0,120.0,"10,20,30,40,50,60,70,80,90,100,110,120"
LR_92,LR,validation,120,,False,False,12,10.0,120.0,"10,20,30,40,50,60,70,80,90,100,110,120"
LR_93,LR,train,120,,False,False,12,10.0,120.0,"10,20,30,40,50,60,70,80,90,100,110,120"
LR_94,LR,train,120,,False,False,12,10.0,120.0,"10,20,30,40,50,60,70,80,90,100,110,120"
LR_95,LR,train,120,,False,False,12,10.0,120.0,"10,20,30,40,50,60,70,80,90,100,110,120"
LR_96,LR,train,120,,False,False,12,10.0,120.0,"10,20,30,40,50,60,70,80,90,100,110,120"
LR_97,LR,train,120,,False,False,12,10.0,120.0,"10,20,30,40,50,60,70,80,90,100,110,120"
LR_98,LR,train,120,,False,False,12,10.0,120.0,"10,20,30,40,50,60,70,80,90,100,110,120"
LR_99,LR,train,120,,False,False,12,10.0,120.0,"10,20,30,40,50,60,70,80,90,100,110,120"
MD_1,MD,test,120,,False,False,12,10.0,120.0,"10,20,30,40,50,60,70,80,90,100,110,120"
MD_10,MD,train,120,,False,False,12,10.0,120.0,"10,20,30,40,50,60,70,80,90,100,110,120"
MD_100,MD,train,120,,False,False,12,10.0,120.0,"10,20,30,40,50,60,70,80,90,100,110,120"
MD_11,MD,test,120,,False,False,12,10.0,120.0,"10,20,30,40,50,60,70,80,90,100,110,120"
MD_12,MD,validation,120,,False,False,12,10.0,120.0,"10,20,30,40,50,60,70,80,90,100,110,120"
MD_13,MD,train,120,,False,False,12,10.0,120.0,"10,20,30,40,50,60,70,80,90,100,110,120"
MD_14,MD,train,120,,False,False,12,10.0,120.0,"10,20,30,40,50,60,70,80,90,100,110,120"
MD_15,MD,train,120,,False,False,12,10.0,120.0,"10,20,30,40,50,60,70,80,90,100,110,120"
MD_16,MD,train,120,,False,False,12,10.0,120.0,"10,20,30,40,50,60,70,80,90,100,110,120"
MD_17,MD,train,120,,False,False,12,10.0,120.0,"10,20,30,40,50,60,70,80,90,100,110,120"
MD_18,MD,train,120,,False,False,12,10.0,120.0,"10,20,30,40,50,60,70,80,90,100,110,120"
MD_19,MD,train,120,,False,False,12,10.0,120.0,"10,20,30,40,50,60,70,80,90,100,110,120"
MD_2,MD,validation,120,,False,False,12,10.0,120.0,"10,20,30,40,50,60,70,80,90,100,110,120"
MD_20,MD,train,120,,False,False,12,10.0,120.0,"10,20,30,40,50,60,70,80,90,100,110,120"
MD_21,MD,test,120,,False,False,12,10.0,120.0,"10,20,30,40,50,60,70,80,90,100,110,120"
MD_22,MD,validation,120,,False,False,12,10.0,120.0,"10,20,30,40,50,60,70,80,90,100,110,120"
MD_23,MD,train,120,,False,False,12,10.0,120.0,"10,20,30,40,50,60,70,80,90,100,110,120"
MD_24,MD,train,120,,False,False,12,10.0,120.0,"10,20,30,40,50,60,70,80,90,100,110,120"
MD_25,MD,train,120,,False,False,12,10.0,120.0,"10,20,30,40,50,60,70,80,90,100,110,120"
MD_26,MD,train,120,,False,False,12,10.0,120.0,"10,20,30,40,50,60,70,80,90,100,110,120"
MD_27,MD,train,120,,False,False,12,10.0,120.0,"10,20,30,40,50,60,70,80,90,100,110,120"
MD_28,MD,train,120,,False,False,12,10.0,120.0,"10,20,30,40,50,60,70,80,90,100,110,120"
MD_29,MD,train,120,,False,False,12,10.0,120.0,"10,20,30,40,50,60,70,80,90,100,110,120"
MD_3,MD,train,120,,False,False,12,10.0,120.0,"10,20,30,40,50,60,70,80,90,100,110,120"
MD_30,MD,train,120,,False,False,12,10.0,120.0,"10,20,30,40,50,60,70,80,90,100,110,120"
MD_31,MD,test,120,,False,False,12,10.0,120.0,"10,20,30,40,50,60,70,80,90,100,110,120"
MD_32,MD,validation,120,,False,False,12,10.0,120.0,"10,20,30,40,50,60,70,80,90,100,110,120"
MD_33,MD,train,120,,False,False,12,10.0,120.0,"10,20,30,40,50,60,70,80,90,100,110,120"
MD_34,MD,train,120,,False,False,12,10.0,120.0,"10,20,30,40,50,60,70,80,90,100,110,120"
MD_35,MD,train,120,,False,False,12,10.0,120.0,"10,20,30,40,50,60,70,80,90,100,110,120"
MD_36,MD,train,120,,False,False,12,10.0,120.0,"10,20,30,40,50,60,70,80,90,100,110,120"
MD_37,MD,train,120,,False,False,12,10.0,120.0,"10,20,30,40,50,60,70,80,90,100,110,120"
MD_38,MD,train,120,,False,False,12,10.0,120.0,"10,20,30,40,50,60,70,80,90,100,110,120"
MD_39,MD,train,120,,False,False,12,10.0,120.0,"10,20,30,40,50,60,70,80,90,100,110,120"
MD_4,MD,train,120,,False,False,12,10.0,120.0,"10,20,30,40,50,60,70,80,90,100,110,120"
MD_40,MD,train,120,,False,False,12,10.0,120.0,"10,20,30,40,50,60,70,80,90,100,110,120"
MD_41,MD,test,120,,False,False,12,10.0,120.0,"10,20,30,40,50,60,70,80,90,100,110,120"
MD_42,MD,validation,120,,False,False,12,10.0,120.0,"10,20,30,40,50,60,70,80,90,100,110,120"
MD_43,MD,train,120,,False,False,12,10.0,120.0,"10,20,30,40,50,60,70,80,90,100,110,120"
MD_44,MD,train,120,,False,False,12,10.0,120.0,"10,20,30,40,50,60,70,80,90,100,110,120"
MD_45,MD,train,120,,False,False,12,10.0,120.0,"10,20,30,40,50,60,70,80,90,100,110,120"
MD_46,MD,train,120,,False,False,12,10.0,120.0,"10,20,30,40,50,60,70,80,90,100,110,120"
MD_47,MD,train,120,,False,False,12,10.0,120.0,"10,20,30,40,50,60,70,80,90,100,110,120"
MD_48,MD,train,120,,False,False,12,10.0,120.0,"10,20,30,40,50,60,70,80,90,100,110,120"
MD_49,MD,train,120,,False,False,12,10.0,120.0,"10,20,30,40,50,60,70,80,90,100,110,120"
MD_5,MD,train,120,,False,False,12,10.0,120.0,"10,20,30,40,50,60,70,80,90,100,110,120"
MD_50,MD,train,120,,False,False,12,10.0,120.0,"10,20,30,40,50,60,70,80,90,100,110,120"
MD_51,MD,test,120,,False,False,12,10.0,120.0,"10,20,30,40,50,60,70,80,90,100,110,120"
MD_52,MD,validation,120,,False,False,12,10.0,120.0,"10,20,30,40,50,60,70,80,90,100,110,120"
MD_53,MD,train,120,,False,False,12,10.0,120.0,"10,20,30,40,50,60,70,80,90,100,110,120"
MD_54,MD,train,120,,False,False,12,10.0,120.0,"10,20,30,40,50,60,70,80,90,100,110,120"
MD_55,MD,train,120,,False,False,12,10.0,120.0,"10,20,30,40,50,60,70,80,90,100,110,120"
MD_56,MD,train,120,,False,False,12,10.0,120.0,"10,20,30,40,50,60,70,80,90,100,110,120"
MD_57,MD,train,120,,False,False,12,10.0,120.0,"10,20,30,40,50,60,70,80,90,100,110,120"
MD_58,MD,train,120,,False,False,12,10.0,120.0,"10,20,30,40,50,60,70,80,90,100,110,120"
MD_59,MD,train,120,,False,False,12,10.0,120.0,"10,20,30,40,50,60,70,80,90,100,110,120"
MD_6,MD,train,120,,False,False,12,10.0,120.0,"10,20,30,40,50,60,70,80,90,100,110,120"
MD_60,MD,train,120,,False,False,12,10.0,120.0,"10,20,30,40,50,60,70,80,90,100,110,120"
MD_61,MD,test,120,,False,False,12,10.0,120.0,"10,20,30,40,50,60,70,80,90,100,110,120"
MD_62,MD,validation,120,,False,False,12,10.0,120.0,"10,20,30,40,50,60,70,80,90,100,110,120"
MD_63,MD,train,120,,False,False,12,10.0,120.0,"10,20,30,40,50,60,70,80,90,100,110,120"
MD_64,MD,train,120,,False,False,12,10.0,120.0,"10,20,30,40,50,60,70,80,90,100,110,120"
MD_65,MD,train,120,,False,False,12,10.0,120.0,"10,20,30,40,50,60,70,80,90,100,110,120"
MD_66,MD,train,120,,False,False,12,10.0,120.0,"10,20,30,40,50,60,70,80,90,100,110,120"
MD_67,MD,train,120,,False,False,12,10.0,120.0,"10,20,30,40,50,60,70,80,90,100,110,120"
MD_68,MD,train,120,,False,False,12,10.0,120.0,"10,20,30,40,50,60,70,80,90,100,110,120"
MD_69,MD,train,120,,False,False,12,10.0,120.0,"10,20,30,40,50,60,70,80,90,100,110,120"
MD_7,MD,train,120,,False,False,12,10.0,120.0,"10,20,30,40,50,60,70,80,90,100,110,120"
MD_70,MD,train,120,,False,False,12,10.0,120.0,"10,20,30,40,50,60,70,80,90,100,110,120"
MD_71,MD,test,120,,False,False,12,10.0,120.0,"10,20,30,40,50,60,70,80,90,100,110,120"
MD_72,MD,validation,120,,False,False,12,10.0,120.0,"10,20,30,40,50,60,70,80,90,100,110,120"
MD_73,MD,train,120,,False,False,12,10.0,120.0,"10,20,30,40,50,60,70,80,90,100,110,120"
MD_74,MD,train,120,,False,False,12,10.0,120.0,"10,20,30,40,50,60,70,80,90,100,110,120"
MD_75,MD,train,120,,False,False,12,10.0,120.0,"10,20,30,40,50,60,70,80,90,100,110,120"
MD_76,MD,train,120,,False,False,12,10.0,120.0,"10,20,30,40,50,60,70,80,90,100,110,120"
MD_77,MD,train,120,,False,False,12,10.0,120.0,"10,20,30,40,50,60,70,80,90,100,110,120"
MD_78,MD,train,120,,False,False,12,10.0,120.0,"10,20,30,40,50,60,70,80,90,100,110,120"
MD_79,MD,train,120,,False,False,12,10.0,120.0,"10,20,30,40,50,60,70,80,90,100,110,120"
MD_8,MD,train,120,,False,False,12,10.0,120.0,"10,20,30,40,50,60,70,80,90,100,110,120"
MD_80,MD,train,120,,False,False,12,10.0,120.0,"10,20,30,40,50,60,70,80,90,100,110,120"
MD_81,MD,test,120,,False,False,12,10.0,120.0,"10,20,30,40,50,60,70,80,90,100,110,120"
MD_82,MD,validation,120,,False,False,12,10.0,120.0,"10,20,30,40,50,60,70,80,90,100,110,120"
MD_83,MD,train,120,,False,False,12,10.0,120.0,"10,20,30,40,50,60,70,80,90,100,110,120"
MD_84,MD,train,120,,False,False,12,10.0,120.0,"10,20,30,40,50,60,70,80,90,100,110,120"
MD_85,MD,train,120,,False,False,12,10.0,120.0,"10,20,30,40,50,60,70,80,90,100,110,120"
MD_86,MD,train,120,,False,False,12,10.0,120.0,"10,20,30,40,50,60,70,80,90,100,110,120"
MD_87,MD,train,120,,False,False,12,10.0,120.0,"10,20,30,40,50,60,70,80,90,100,110,120"
MD_88,MD,train,120,,False,False,12,10.0,120.0,"10,20,30,40,50,60,70,80,90,100,110,120"
MD_89,MD,train,120,,False,False,12,10.0,120.0,"10,20,30,40,50,60,70,80,90,100,110,120"
MD_9,MD,train,120,,False,False,12,10.0,120.0,"10,20,30,40,50,60,70,80,90,100,110,120"
MD_90,MD,train,120,,False,False,12,10.0,120.0,"10,20,30,40,50,60,70,80,90,100,110,120"
MD_91,MD,test,120,,False,False,12,10.0,120.0,"10,20,30,40,50,60,70,80,90,100,110,120"
MD_92,MD,validation,120,,False,False,12,10.0,120.0,"10,20,30,40,50,60,70,80,90,100,110,120"
MD_93,MD,train,120,,False,False,12,10.0,120.0,"10,20,30,40,50,60,70,80,90,100,110,120"
MD_94,MD,train,120,,False,False,12,10.0,120.0,"10,20,30,40,50,60,70,80,90,100,110,120"
MD_95,MD,train,120,,False,False,12,10.0,120.0,"10,20,30,40,50,60,70,80,90,100,110,120"
MD_96,MD,train,120,,False,False,12,10.0,120.0,"10,20,30,40,50,60,70,80,90,100,110,120"
MD_97,MD,train,120,,False,False,12,10.0,120.0,"10,20,30,40,50,60,70,80,90,100,110,120"
MD_98,MD,train,120,,False,False,12,10.0,120.0,"10,20,30,40,50,60,70,80,90,100,110,120"
MD_99,MD,train,120,,False,False,12,10.0,120.0,"10,20,30,40,50,60,70,80,90,100,110,120"
RI_-1,RI,train,120,528.0,True,True,12,10.0,120.0,"10,20,30,40,50,60,70,80,90,100,110,120"
RI_-10,RI,test,120,609.5,True,True,12,10.0,120.0,"10,20,30,40,50,60,70,80,90,100,110,120"
RI_-11,RI,train,120,677.0,True,True,12,10.0,120.0,"10,20,30,40,50,60,70,80,90,100,110,120"
RI_-12,RI,train,120,686.5,True,True,12,10.0,120.0,"10,20,30,40,50,60,70,80,90,100,110,120"
RI_-13,RI,train,120,768.5,True,True,12,10.0,120.0,"10,20,30,40,50,60,70,80,90,100,110,120"
RI_-14,RI,train,120,883.5,True,True,12,10.0,120.0,"10,20,30,40,50,60,70,80,90,100,110,120"
RI_-15,RI,train,120,916.0,True,True,12,10.0,120.0,"10,20,30,40,50,60,70,80,90,100,110,120"
RI_-16,RI,train,120,1047.5,True,True,12,10.0,120.0,"10,20,30,40,50,60,70,80,90,100,110,120"
RI_-17,RI,train,120,1229.5,True,True,12,10.0,120.0,"10,20,30,40,50,60,70,80,90,100,110,120"
RI_-18,RI,train,120,1239.5,True,True,12,10.0,120.0,"10,20,30,40,50,60,70,80,90,100,110,120"
RI_-19,RI,validation,120,1429.0,True,True,12,10.0,120.0,"10,20,30,40,50,60,70,80,90,100,110,120"
RI_-2,RI,train,120,592.5,True,True,12,10.0,120.0,"10,20,30,40,50,60,70,80,90,100,110,120"
RI_-20,RI,test,120,1679.5,True,True,12,10.0,120.0,"10,20,30,40,50,60,70,80,90,100,110,120"
RI_-21,RI,train,120,1720.5,True,True,12,10.0,120.0,"10,20,30,40,50,60,70,80,90,100,110,120"
RI_-22,RI,train,120,2253.5,True,True,12,10.0,120.0,"10,20,30,40,50,60,70,80,90,100,110,120"
RI_-23,RI,train,120,2811.0,True,True,12,10.0,120.0,"10,20,30,40,50,60,70,80,90,100,110,120"
RI_-24,RI,train,120,,False,False,12,10.0,120.0,"10,20,30,40,50,60,70,80,90,100,110,120"
RI_-25,RI,train,120,,False,False,12,10.0,120.0,"10,20,30,40,50,60,70,80,90,100,110,120"
RI_-26,RI,train,120,,False,False,12,10.0,120.0,"10,20,30,40,50,60,70,80,90,100,110,120"
RI_-27,RI,train,120,,False,False,12,10.0,120.0,"10,20,30,40,50,60,70,80,90,100,110,120"
RI_-28,RI,train,120,,False,False,12,10.0,120.0,"10,20,30,40,50,60,70,80,90,100,110,120"
RI_-29,RI,validation,120,,False,False,12,10.0,120.0,"10,20,30,40,50,60,70,80,90,100,110,120"
RI_-3,RI,train,120,637.5,True,True,12,10.0,120.0,"10,20,30,40,50,60,70,80,90,100,110,120"
RI_-30,RI,test,120,,False,False,12,10.0,120.0,"10,20,30,40,50,60,70,80,90,100,110,120"
RI_-31,RI,train,120,124.0,True,True,12,10.0,120.0,"10,20,30,40,50,60,70,80,90,100,110,120"
RI_-32,RI,train,120,123.0,True,True,12,10.0,120.0,"10,20,30,40,50,60,70,80,90,100,110,120"
RI_-33,RI,train,120,122.0,True,True,12,10.0,120.0,"10,20,30,40,50,60,70,80,90,100,110,120"
RI_-34,RI,train,120,121.0,True,True,12,10.0,120.0,"10,20,30,40,50,60,70,80,90,100,110,120"
RI_-35,RI,train,120,120.5,True,True,12,10.0,120.0,"10,20,30,40,50,60,70,80,90,100,110,120"
RI_-36,RI,train,120,120.0,True,False,12,10.0,120.0,"10,20,30,40,50,60,70,80,90,100,110,120"
RI_-37,RI,train,120,120.0,True,False,12,10.0,120.0,"10,20,30,40,50,60,70,80,90,100,110,120"
RI_-38,RI,train,120,119.5,True,False,12,10.0,120.0,"10,20,30,40,50,60,70,80,90,100,110,120"
RI_-39,RI,validation,120,119.0,True,False,12,10.0,120.0,"10,20,30,40,50,60,70,80,90,100,110,120"
RI_-4,RI,train,120,680.5,True,True,12,10.0,120.0,"10,20,30,40,50,60,70,80,90,100,110,120"
RI_-40,RI,test,120,119.0,True,False,12,10.0,120.0,"10,20,30,40,50,60,70,80,90,100,110,120"
RI_-41,RI,train,120,118.5,True,False,12,10.0,120.0,"10,20,30,40,50,60,70,80,90,100,110,120"
RI_-42,RI,train,120,118.5,True,False,12,10.0,120.0,"10,20,30,40,50,60,70,80,90,100,110,120"
RI_-43,RI,train,120,118.5,True,False,12,10.0,120.0,"10,20,30,40,50,60,70,80,90,100,110,120"
RI_-44,RI,train,120,118.0,True,False,12,10.0,120.0,"10,20,30,40,50,60,70,80,90,100,110,120"
RI_-45,RI,train,120,118.0,True,False,12,10.0,120.0,"10,20,30,40,50,60,70,80,90,100,110,120"
RI_-46,RI,train,120,118.0,True,False,12,10.0,120.0,"10,20,30,40,50,60,70,80,90,100,110,120"
RI_-47,RI,train,120,118.0,True,False,12,10.0,120.0,"10,20,30,40,50,60,70,80,90,100,110,120"
RI_-48,RI,train,120,118.0,True,False,12,10.0,120.0,"10,20,30,40,50,60,70,80,90,100,110,120"
RI_-49,RI,validation,120,118.0,True,False,12,10.0,120.0,"10,20,30,40,50,60,70,80,90,100,110,120"
RI_-5,RI,train,120,658.0,True,True,12,10.0,120.0,"10,20,30,40,50,60,70,80,90,100,110,120"
RI_-50,RI,test,120,118.0,True,False,12,10.0,120.0,"10,20,30,40,50,60,70,80,90,100,110,120"
RI_-51,RI,train,120,118.0,True,False,12,10.0,120.0,"10,20,30,40,50,60,70,80,90,100,110,120"
RI_-52,RI,train,120,118.0,True,False,12,10.0,120.0,"10,20,30,40,50,60,70,80,90,100,110,120"
RI_-53,RI,train,120,117.5,True,False,12,10.0,120.0,"10,20,30,40,50,60,70,80,90,100,110,120"
RI_-54,RI,train,120,117.5,True,False,12,10.0,120.0,"10,20,30,40,50,60,70,80,90,100,110,120"
RI_-55,RI,train,120,117.5,True,False,12,10.0,120.0,"10,20,30,40,50,60,70,80,90,100,110,120"
RI_-56,RI,train,120,117.5,True,False,12,10.0,120.0,"10,20,30,40,50,60,70,80,90,100,110,120"
RI_-57,RI,train,120,117.5,True,False,12,10.0,120.0,"10,20,30,40,50,60,70,80,90,100,110,120"
RI_-58,RI,train,120,117.5,True,False,12,10.0,120.0,"10,20,30,40,50,60,70,80,90,100,110,120"
RI_-59,RI,validation,120,117.5,True,False,12,10.0,120.0,"10,20,30,40,50,60,70,80,90,100,110,120"
RI_-6,RI,train,120,893.5,True,True,12,10.0,120.0,"10,20,30,40,50,60,70,80,90,100,110,120"
RI_-60,RI,test,120,117.5,True,False,12,10.0,120.0,"10,20,30,40,50,60,70,80,90,100,110,120"
RI_-61,RI,train,120,117.5,True,False,12,10.0,120.0,"10,20,30,40,50,60,70,80,90,100,110,120"
RI_-62,RI,train,120,117.5,True,False,12,10.0,120.0,"10,20,30,40,50,60,70,80,90,100,110,120"
RI_-63,RI,train,120,117.5,True,False,12,10.0,120.0,"10,20,30,40,50,60,70,80,90,100,110,120"
RI_-64,RI,train,120,117.5,True,False,12,10.0,120.0,"10,20,30,40,50,60,70,80,90,100,110,120"
RI_-65,RI,train,120,117.5,True,False,12,10.0,120.0,"10,20,30,40,50,60,70,80,90,100,110,120"
RI_-66,RI,train,120,117.5,True,False,12,10.0,120.0,"10,20,30,40,50,60,70,80,90,100,110,120"
RI_-67,RI,train,120,117.5,True,False,12,10.0,120.0,"10,20,30,40,50,60,70,80,90,100,110,120"
RI_-68,RI,train,120,117.5,True,False,12,10.0,120.0,"10,20,30,40,50,60,70,80,90,100,110,120"
RI_-69,RI,validation,120,117.0,True,False,12,10.0,120.0,"10,20,30,40,50,60,70,80,90,100,110,120"
RI_-7,RI,train,120,746.0,True,True,12,10.0,120.0,"10,20,30,40,50,60,70,80,90,100,110,120"
RI_-70,RI,test,120,117.0,True,False,12,10.0,120.0,"10,20,30,40,50,60,70,80,90,100,110,120"
RI_-71,RI,train,120,117.0,True,False,12,10.0,120.0,"10,20,30,40,50,60,70,80,90,100,110,120"
RI_-72,RI,train,120,117.0,True,False,12,10.0,120.0,"10,20,30,40,50,60,70,80,90,100,110,120"
RI_-73,RI,train,120,117.0,True,False,12,10.0,120.0,"10,20,30,40,50,60,70,80,90,100,110,120"
RI_-74,RI,train,120,117.0,True,False,12,10.0,120.0,"10,20,30,40,50,60,70,80,90,100,110,120"
RI_-75,RI,train,120,117.0,True,False,12,10.0,120.0,"10,20,30,40,50,60,70,80,90,100,110,120"
RI_-76,RI,train,120,117.0,True,False,12,10.0,120.0,"10,20,30,40,50,60,70,80,90,100,110,120"
RI_-77,RI,train,120,117.0,True,False,12,10.0,120.0,"10,20,30,40,50,60,70,80,90,100,110,120"
RI_-78,RI,train,120,117.0,True,False,12,10.0,120.0,"10,20,30,40,50,60,70,80,90,100,110,120"
RI_-79,RI,validation,120,117.0,True,False,12,10.0,120.0,"10,20,30,40,50,60,70,80,90,100,110,120"
RI_-8,RI,train,120,609.0,True,True,12,10.0,120.0,"10,20,30,40,50,60,70,80,90,100,110,120"
RI_-80,RI,test,120,117.0,True,False,12,10.0,120.0,"10,20,30,40,50,60,70,80,90,100,110,120"
RI_-81,RI,train,120,117.0,True,False,12,10.0,120.0,"10,20,30,40,50,60,70,80,90,100,110,120"
RI_-82,RI,train,120,116.0,True,False,12,10.0,120.0,"10,20,30,40,50,60,70,80,90,100,110,120"
RI_-9,RI,validation,120,578.0,True,True,12,10.0,120.0,"10,20,30,40,50,60,70,80,90,100,110,120"
RW_1,RW,test,120,403.5,True,True,12,10.0,120.0,"10,20,30,40,50,60,70,80,90,100,110,120"
RW_10,RW,train,120,103.0,True,False,12,10.0,120.0,"10,20,30,40,50,60,70,80,90,100,110,120"
RW_100,RW,train,120,102.0,True,False,12,10.0,120.0,"10,20,30,40,50,60,70,80,90,100,110,120"
RW_11,RW,test,120,103.0,True,False,12,10.0,120.0,"10,20,30,40,50,60,70,80,90,100,110,120"
RW_12,RW,validation,120,103.0,True,False,12,10.0,120.0,"10,20,30,40,50,60,70,80,90,100,110,120"
RW_13,RW,train,120,103.0,True,False,12,10.0,120.0,"10,20,30,40,50,60,70,80,90,100,110,120"
RW_14,RW,train,120,103.0,True,False,12,10.0,120.0,"10,20,30,40,50,60,70,80,90,100,110,120"
RW_15,RW,train,120,102.5,True,False,12,10.0,120.0,"10,20,30,40,50,60,70,80,90,100,110,120"
RW_16,RW,train,120,102.5,True,False,12,10.0,120.0,"10,20,30,40,50,60,70,80,90,100,110,120"
RW_17,RW,train,120,102.5,True,False,12,10.0,120.0,"10,20,30,40,50,60,70,80,90,100,110,120"
RW_18,RW,train,120,102.5,True,False,12,10.0,120.0,"10,20,30,40,50,60,70,80,90,100,110,120"
RW_19,RW,train,120,102.5,True,False,12,10.0,120.0,"10,20,30,40,50,60,70,80,90,100,110,120"
RW_2,RW,validation,120,362.5,True,True,12,10.0,120.0,"10,20,30,40,50,60,70,80,90,100,110,120"
RW_20,RW,train,120,102.5,True,False,12,10.0,120.0,"10,20,30,40,50,60,70,80,90,100,110,120"
RW_21,RW,test,120,102.5,True,False,12,10.0,120.0,"10,20,30,40,50,60,70,80,90,100,110,120"
RW_22,RW,validation,120,102.5,True,False,12,10.0,120.0,"10,20,30,40,50,60,70,80,90,100,110,120"
RW_23,RW,train,120,102.5,True,False,12,10.0,120.0,"10,20,30,40,50,60,70,80,90,100,110,120"
RW_24,RW,train,120,102.5,True,False,12,10.0,120.0,"10,20,30,40,50,60,70,80,90,100,110,120"
RW_25,RW,train,120,102.5,True,False,12,10.0,120.0,"10,20,30,40,50,60,70,80,90,100,110,120"
RW_26,RW,train,120,102.5,True,False,12,10.0,120.0,"10,20,30,40,50,60,70,80,90,100,110,120"
RW_27,RW,train,120,102.5,True,False,12,10.0,120.0,"10,20,30,40,50,60,70,80,90,100,110,120"
RW_28,RW,train,120,102.5,True,False,12,10.0,120.0,"10,20,30,40,50,60,70,80,90,100,110,120"
RW_29,RW,train,120,102.5,True,False,12,10.0,120.0,"10,20,30,40,50,60,70,80,90,100,110,120"
RW_3,RW,train,120,337.5,True,True,12,10.0,120.0,"10,20,30,40,50,60,70,80,90,100,110,120"
RW_30,RW,train,120,102.5,True,False,12,10.0,120.0,"10,20,30,40,50,60,70,80,90,100,110,120"
RW_31,RW,test,120,102.5,True,False,12,10.0,120.0,"10,20,30,40,50,60,70,80,90,100,110,120"
RW_32,RW,validation,120,102.5,True,False,12,10.0,120.0,"10,20,30,40,50,60,70,80,90,100,110,120"
RW_33,RW,train,120,102.0,True,False,12,10.0,120.0,"10,20,30,40,50,60,70,80,90,100,110,120"
RW_34,RW,train,120,102.0,True,False,12,10.0,120.0,"10,20,30,40,50,60,70,80,90,100,110,120"
RW_35,RW,train,120,102.0,True,False,12,10.0,120.0,"10,20,30,40,50,60,70,80,90,100,110,120"
RW_36,RW,train,120,102.0,True,False,12,10.0,120.0,"10,20,30,40,50,60,70,80,90,100,110,120"
RW_37,RW,train,120,102.0,True,False,12,10.0,120.0,"10,20,30,40,50,60,70,80,90,100,110,120"
RW_38,RW,train,120,102.0,True,False,12,10.0,120.0,"10,20,30,40,50,60,70,80,90,100,110,120"
RW_39,RW,train,120,102.0,True,False,12,10.0,120.0,"10,20,30,40,50,60,70,80,90,100,110,120"
RW_4,RW,train,120,106.0,True,False,12,10.0,120.0,"10,20,30,40,50,60,70,80,90,100,110,120"
RW_40,RW,train,120,102.0,True,False,12,10.0,120.0,"10,20,30,40,50,60,70,80,90,100,110,120"
RW_41,RW,test,120,102.0,True,False,12,10.0,120.0,"10,20,30,40,50,60,70,80,90,100,110,120"
RW_42,RW,validation,120,102.0,True,False,12,10.0,120.0,"10,20,30,40,50,60,70,80,90,100,110,120"
RW_43,RW,train,120,102.0,True,False,12,10.0,120.0,"10,20,30,40,50,60,70,80,90,100,110,120"
RW_44,RW,train,120,102.0,True,False,12,10.0,120.0,"10,20,30,40,50,60,70,80,90,100,110,120"
RW_45,RW,train,120,102.0,True,False,12,10.0,120.0,"10,20,30,40,50,60,70,80,90,100,110,120"
RW_46,RW,train,120,102.0,True,False,12,10.0,120.0,"10,20,30,40,50,60,70,80,90,100,110,120"
RW_47,RW,train,120,102.0,True,False,12,10.0,120.0,"10,20,30,40,50,60,70,80,90,100,110,120"
RW_48,RW,train,120,102.0,True,False,12,10.0,120.0,"10,20,30,40,50,60,70,80,90,100,110,120"
RW_49,RW,train,120,102.0,True,False,12,10.0,120.0,"10,20,30,40,50,60,70,80,90,100,110,120"
RW_5,RW,train,120,105.0,True,False,12,10.0,120.0,"10,20,30,40,50,60,70,80,90,100,110,120"
RW_50,RW,train,120,102.0,True,False,12,10.0,120.0,"10,20,30,40,50,60,70,80,90,100,110,120"
RW_51,RW,test,120,102.0,True,False,12,10.0,120.0,"10,20,30,40,50,60,70,80,90,100,110,120"
RW_52,RW,validation,120,102.0,True,False,12,10.0,120.0,"10,20,30,40,50,60,70,80,90,100,110,120"
RW_53,RW,train,120,102.0,True,False,12,10.0,120.0,"10,20,30,40,50,60,70,80,90,100,110,120"
RW_54,RW,train,120,102.0,True,False,12,10.0,120.0,"10,20,30,40,50,60,70,80,90,100,110,120"
RW_55,RW,train,120,102.0,True,False,12,10.0,120.0,"10,20,30,40,50,60,70,80,90,100,110,120"
RW_56,RW,train,120,102.0,True,False,12,10.0,120.0,"10,20,30,40,50,60,70,80,90,100,110,120"
RW_57,RW,train,120,102.0,True,False,12,10.0,120.0,"10,20,30,40,50,60,70,80,90,100,110,120"
RW_58,RW,train,120,102.0,True,False,12,10.0,120.0,"10,20,30,40,50,60,70,80,90,100,110,120"
RW_59,RW,train,120,102.0,True,False,12,10.0,120.0,"10,20,30,40,50,60,70,80,90,100,110,120"
RW_6,RW,train,120,104.0,True,False,12,10.0,120.0,"10,20,30,40,50,60,70,80,90,100,110,120"
RW_60,RW,train,120,102.0,True,False,12,10.0,120.0,"10,20,30,40,50,60,70,80,90,100,110,120"
RW_61,RW,test,120,102.0,True,False,12,10.0,120.0,"10,20,30,40,50,60,70,80,90,100,110,120"
RW_62,RW,validation,120,102.0,True,False,12,10.0,120.0,"10,20,30,40,50,60,70,80,90,100,110,120"
RW_63,RW,train,120,102.0,True,False,12,10.0,120.0,"10,20,30,40,50,60,70,80,90,100,110,120"
RW_64,RW,train,120,102.0,True,False,12,10.0,120.0,"10,20,30,40,50,60,70,80,90,100,110,120"
RW_65,RW,train,120,102.0,True,False,12,10.0,120.0,"10,20,30,40,50,60,70,80,90,100,110,120"
RW_66,RW,train,120,102.0,True,False,12,10.0,120.0,"10,20,30,40,50,60,70,80,90,100,110,120"
RW_67,RW,train,120,102.0,True,False,12,10.0,120.0,"10,20,30,40,50,60,70,80,90,100,110,120"
RW_68,RW,train,120,102.0,True,False,12,10.0,120.0,"10,20,30,40,50,60,70,80,90,100,110,120"
RW_69,RW,train,120,102.0,True,False,12,10.0,120.0,"10,20,30,40,50,60,70,80,90,100,110,120"
RW_7,RW,train,120,104.0,True,False,12,10.0,120.0,"10,20,30,40,50,60,70,80,90,100,110,120"
RW_70,RW,train,120,102.0,True,False,12,10.0,120.0,"10,20,30,40,50,60,70,80,90,100,110,120"
RW_71,RW,test,120,102.0,True,False,12,10.0,120.0,"10,20,30,40,50,60,70,80,90,100,110,120"
RW_72,RW,validation,120,102.0,True,False,12,10.0,120.0,"10,20,30,40,50,60,70,80,90,100,110,120"
RW_73,RW,train,120,102.0,True,False,12,10.0,120.0,"10,20,30,40,50,60,70,80,90,100,110,120"
RW_74,RW,train,120,102.0,True,False,12,10.0,120.0,"10,20,30,40,50,60,70,80,90,100,110,120"
RW_75,RW,train,120,102.0,True,False,12,10.0,120.0,"10,20,30,40,50,60,70,80,90,100,110,120"
RW_76,RW,train,120,102.0,True,False,12,10.0,120.0,"10,20,30,40,50,60,70,80,90,100,110,120"
RW_77,RW,train,120,102.0,True,False,12,10.0,120.0,"10,20,30,40,50,60,70,80,90,100,110,120"
RW_78,RW,train,120,102.0,True,False,12,10.0,120.0,"10,20,30,40,50,60,70,80,90,100,110,120"
RW_79,RW,train,120,102.0,True,False,12,10.0,120.0,"10,20,30,40,50,60,70,80,90,100,110,120"
RW_8,RW,train,120,103.5,True,False,12,10.0,120.0,"10,20,30,40,50,60,70,80,90,100,110,120"
RW_80,RW,train,120,102.0,True,False,12,10.0,120.0,"10,20,30,40,50,60,70,80,90,100,110,120"
RW_81,RW,test,120,102.0,True,False,12,10.0,120.0,"10,20,30,40,50,60,70,80,90,100,110,120"
RW_82,RW,validation,120,102.0,True,False,12,10.0,120.0,"10,20,30,40,50,60,70,80,90,100,110,120"
RW_83,RW,train,120,102.0,True,False,12,10.0,120.0,"10,20,30,40,50,60,70,80,90,100,110,120"
RW_84,RW,train,120,102.0,True,False,12,10.0,120.0,"10,20,30,40,50,60,70,80,90,100,110,120"
RW_85,RW,train,120,102.0,True,False,12,10.0,120.0,"10,20,30,40,50,60,70,80,90,100,110,120"
RW_86,RW,train,120,102.0,True,False,12,10.0,120.0,"10,20,30,40,50,60,70,80,90,100,110,120"
RW_87,RW,train,120,102.0,True,False,12,10.0,120.0,"10,20,30,40,50,60,70,80,90,100,110,120"
RW_88,RW,train,120,102.0,True,False,12,10.0,120.0,"10,20,30,40,50,60,70,80,90,100,110,120"
RW_89,RW,train,120,102.0,True,False,12,10.0,120.0,"10,20,30,40,50,60,70,80,90,100,110,120"
RW_9,RW,train,120,103.5,True,False,12,10.0,120.0,"10,20,30,40,50,60,70,80,90,100,110,120"
RW_90,RW,train,120,102.0,True,False,12,10.0,120.0,"10,20,30,40,50,60,70,80,90,100,110,120"
RW_91,RW,test,120,102.0,True,False,12,10.0,120.0,"10,20,30,40,50,60,70,80,90,100,110,120"
RW_92,RW,validation,120,102.0,True,False,12,10.0,120.0,"10,20,30,40,50,60,70,80,90,100,110,120"
RW_93,RW,train,120,102.0,True,False,12,10.0,120.0,"10,20,30,40,50,60,70,80,90,100,110,120"
RW_94,RW,train,120,102.0,True,False,12,10.0,120.0,"10,20,30,40,50,60,70,80,90,100,110,120"
RW_95,RW,train,120,102.0,True,False,12,10.0,120.0,"10,20,30,40,50,60,70,80,90,100,110,120"
RW_96,RW,train,120,102.0,True,False,12,10.0,120.0,"10,20,30,40,50,60,70,80,90,100,110,120"
RW_97,RW,train,120,102.0,True,False,12,10.0,120.0,"10,20,30,40,50,60,70,80,90,100,110,120"
RW_98,RW,train,120,102.0,True,False,12,10.0,120.0,"10,20,30,40,50,60,70,80,90,100,110,120"
RW_99,RW,train,120,102.0,True,False,12,10.0,120.0,"10,20,30,40,50,60,70,80,90,100,110,120"
SGATR_1,SGATR,test,120,,False,False,12,10.0,120.0,"10,20,30,40,50,60,70,80,90,100,110,120"
SGATR_10,SGATR,train,120,,False,False,12,10.0,120.0,"10,20,30,40,50,60,70,80,90,100,110,120"
SGATR_100,SGATR,train,120,695.0,True,True,12,10.0,120.0,"10,20,30,40,50,60,70,80,90,100,110,120"
SGATR_11,SGATR,test,120,,False,False,12,10.0,120.0,"10,20,30,40,50,60,70,80,90,100,110,120"
SGATR_12,SGATR,validation,120,,False,False,12,10.0,120.0,"10,20,30,40,50,60,70,80,90,100,110,120"
SGATR_13,SGATR,train,120,,False,False,12,10.0,120.0,"10,20,30,40,50,60,70,80,90,100,110,120"
SGATR_14,SGATR,train,120,,False,False,12,10.0,120.0,"10,20,30,40,50,60,70,80,90,100,110,120"
SGATR_15,SGATR,train,120,,False,False,12,10.0,120.0,"10,20,30,40,50,60,70,80,90,100,110,120"
SGATR_16,SGATR,train,120,,False,False,12,10.0,120.0,"10,20,30,40,50,60,70,80,90,100,110,120"
SGATR_17,SGATR,train,120,,False,False,12,10.0,120.0,"10,20,30,40,50,60,70,80,90,100,110,120"
SGATR_18,SGATR,train,120,,False,False,12,10.0,120.0,"10,20,30,40,50,60,70,80,90,100,110,120"
SGATR_19,SGATR,train,120,,False,False,12,10.0,120.0,"10,20,30,40,50,60,70,80,90,100,110,120"
SGATR_2,SGATR,validation,120,,False,False,12,10.0,120.0,"10,20,30,40,50,60,70,80,90,100,110,120"
SGATR_20,SGATR,train,120,,False,False,12,10.0,120.0,"10,20,30,40,50,60,70,80,90,100,110,120"
SGATR_21,SGATR,test,120,,False,False,12,10.0,120.0,"10,20,30,40,50,60,70,80,90,100,110,120"
SGATR_22,SGATR,validation,120,,False,False,12,10.0,120.0,"10,20,30,40,50,60,70,80,90,100,110,120"
SGATR_23,SGATR,train,120,,False,False,12,10.0,120.0,"10,20,30,40,50,60,70,80,90,100,110,120"
SGATR_24,SGATR,train,120,,False,False,12,10.0,120.0,"10,20,30,40,50,60,70,80,90,100,110,120"
SGATR_25,SGATR,train,120,,False,False,12,10.0,120.0,"10,20,30,40,50,60,70,80,90,100,110,120"
SGATR_26,SGATR,train,120,,False,False,12,10.0,120.0,"10,20,30,40,50,60,70,80,90,100,110,120"
SGATR_27,SGATR,train,120,,False,False,12,10.0,120.0,"10,20,30,40,50,60,70,80,90,100,110,120"
SGATR_28,SGATR,train,120,,False,False,12,10.0,120.0,"10,20,30,40,50,60,70,80,90,100,110,120"
SGATR_29,SGATR,train,120,,False,False,12,10.0,120.0,"10,20,30,40,50,60,70,80,90,100,110,120"
SGATR_3,SGATR,train,120,,False,False,12,10.0,120.0,"10,20,30,40,50,60,70,80,90,100,110,120"
SGATR_30,SGATR,train,120,,False,False,12,10.0,120.0,"10,20,30,40,50,60,70,80,90,100,110,120"
SGATR_31,SGATR,test,120,,False,False,12,10.0,120.0,"10,20,30,40,50,60,70,80,90,100,110,120"
SGATR_32,SGATR,validation,120,,False,False,12,10.0,120.0,"10,20,30,40,50,60,70,80,90,100,110,120"
SGATR_33,SGATR,train,120,,False,False,12,10.0,120.0,"10,20,30,40,50,60,70,80,90,100,110,120"
SGATR_34,SGATR,train,120,,False,False,12,10.0,120.0,"10,20,30,40,50,60,70,80,90,100,110,120"
SGATR_35,SGATR,train,120,,False,False,12,10.0,120.0,"10,20,30,40,50,60,70,80,90,100,110,120"
SGATR_36,SGATR,train,120,,False,False,12,10.0,120.0,"10,20,30,40,50,60,70,80,90,100,110,120"
SGATR_37,SGATR,train,120,,False,False,12,10.0,120.0,"10,20,30,40,50,60,70,80,90,100,110,120"
SGATR_38,SGATR,train,120,,False,False,12,10.0,120.0,"10,20,30,40,50,60,70,80,90,100,110,120"
SGATR_39,SGATR,train,120,,False,False,12,10.0,120.0,"10,20,30,40,50,60,70,80,90,100,110,120"
SGATR_4,SGATR,train,120,,False,False,12,10.0,120.0,"10,20,30,40,50,60,70,80,90,100,110,120"
SGATR_40,SGATR,train,120,,False,False,12,10.0,120.0,"10,20,30,40,50,60,70,80,90,100,110,120"
SGATR_41,SGATR,test,120,,False,False,12,10.0,120.0,"10,20,30,40,50,60,70,80,90,100,110,120"
SGATR_42,SGATR,validation,120,,False,False,12,10.0,120.0,"10,20,30,40,50,60,70,80,90,100,110,120"
SGATR_43,SGATR,train,120,,False,False,12,10.0,120.0,"10,20,30,40,50,60,70,80,90,100,110,120"
SGATR_44,SGATR,train,120,,False,False,12,10.0,120.0,"10,20,30,40,50,60,70,80,90,100,110,120"
SGATR_45,SGATR,train,120,,False,False,12,10.0,120.0,"10,20,30,40,50,60,70,80,90,100,110,120"
SGATR_46,SGATR,train,120,,False,False,12,10.0,120.0,"10,20,30,40,50,60,70,80,90,100,110,120"
SGATR_47,SGATR,train,120,,False,False,12,10.0,120.0,"10,20,30,40,50,60,70,80,90,100,110,120"
SGATR_48,SGATR,train,120,,False,False,12,10.0,120.0,"10,20,30,40,50,60,70,80,90,100,110,120"
SGATR_49,SGATR,train,120,,False,False,12,10.0,120.0,"10,20,30,40,50,60,70,80,90,100,110,120"
SGATR_5,SGATR,train,120,,False,False,12,10.0,120.0,"10,20,30,40,50,60,70,80,90,100,110,120"
SGATR_50,SGATR,train,120,,False,False,12,10.0,120.0,"10,20,30,40,50,60,70,80,90,100,110,120"
SGATR_51,SGATR,test,120,,False,False,12,10.0,120.0,"10,20,30,40,50,60,70,80,90,100,110,120"
SGATR_52,SGATR,validation,120,,False,False,12,10.0,120.0,"10,20,30,40,50,60,70,80,90,100,110,120"
SGATR_53,SGATR,train,120,,False,False,12,10.0,120.0,"10,20,30,40,50,60,70,80,90,100,110,120"
SGATR_54,SGATR,train,120,,False,False,12,10.0,120.0,"10,20,30,40,50,60,70,80,90,100,110,120"
SGATR_55,SGATR,train,120,,False,False,12,10.0,120.0,"10,20,30,40,50,60,70,80,90,100,110,120"
SGATR_56,SGATR,train,120,,False,False,12,10.0,120.0,"10,20,30,40,50,60,70,80,90,100,110,120"
SGATR_57,SGATR,train,120,2483.5,True,True,12,10.0,120.0,"10,20,30,40,50,60,70,80,90,100,110,120"
SGATR_58,SGATR,train,120,2344.5,True,True,12,10.0,120.0,"10,20,30,40,50,60,70,80,90,100,110,120"
SGATR_59,SGATR,train,120,2220.0,True,True,12,10.0,120.0,"10,20,30,40,50,60,70,80,90,100,110,120"
SGATR_6,SGATR,train,120,,False,False,12,10.0,120.0,"10,20,30,40,50,60,70,80,90,100,110,120"
SGATR_60,SGATR,train,120,2107.5,True,True,12,10.0,120.0,"10,20,30,40,50,60,70,80,90,100,110,120"
SGATR_61,SGATR,test,120,2007.5,True,True,12,10.0,120.0,"10,20,30,40,50,60,70,80,90,100,110,120"
SGATR_62,SGATR,validation,120,1916.5,True,True,12,10.0,120.0,"10,20,30,40,50,60,70,80,90,100,110,120"
SGATR_63,SGATR,train,120,1833.0,True,True,12,10.0,120.0,"10,20,30,40,50,60,70,80,90,100,110,120"
SGATR_64,SGATR,train,120,1756.5,True,True,12,10.0,120.0,"10,20,30,40,50,60,70,80,90,100,110,120"
SGATR_65,SGATR,train,120,1686.0,True,True,12,10.0,120.0,"10,20,30,40,50,60,70,80,90,100,110,120"
SGATR_66,SGATR,train,120,1620.0,True,True,12,10.0,120.0,"10,20,30,40,50,60,70,80,90,100,110,120"
SGATR_67,SGATR,train,120,1559.5,True,True,12,10.0,120.0,"10,20,30,40,50,60,70,80,90,100,110,120"
SGATR_68,SGATR,train,120,1502.5,True,True,12,10.0,120.0,"10,20,30,40,50,60,70,80,90,100,110,120"
SGATR_69,SGATR,train,120,1450.0,True,True,12,10.0,120.0,"10,20,30,40,50,60,70,80,90,100,110,120"
SGATR_7,SGATR,train,120,,False,False,12,10.0,120.0,"10,20,30,40,50,60,70,80,90,100,110,120"
SGATR_70,SGATR,train,120,1400.5,True,True,12,10.0,120.0,"10,20,30,40,50,60,70,80,90,100,110,120"
SGATR_71,SGATR,test,120,1354.0,True,True,12,10.0,120.0,"10,20,30,40,50,60,70,80,90,100,110,120"
SGATR_72,SGATR,validation,120,1311.0,True,True,12,10.0,120.0,"10,20,30,40,50,60,70,80,90,100,110,120"
SGATR_73,SGATR,train,120,1270.0,True,True,12,10.0,120.0,"10,20,30,40,50,60,70,80,90,100,110,120"
SGATR_74,SGATR,train,120,1232.0,True,True,12,10.0,120.0,"10,20,30,40,50,60,70,80,90,100,110,120"
SGATR_75,SGATR,train,120,1196.0,True,True,12,10.0,120.0,"10,20,30,40,50,60,70,80,90,100,110,120"
SGATR_76,SGATR,train,120,1162.0,True,True,12,10.0,120.0,"10,20,30,40,50,60,70,80,90,100,110,120"
SGATR_77,SGATR,train,120,1129.5,True,True,12,10.0,120.0,"10,20,30,40,50,60,70,80,90,100,110,120"
SGATR_78,SGATR,train,120,1099.5,True,True,12,10.0,120.0,"10,20,30,40,50,60,70,80,90,100,110,120"
SGATR_79,SGATR,train,120,1070.5,True,True,12,10.0,120.0,"10,20,30,40,50,60,70,80,90,100,110,120"
SGATR_8,SGATR,train,120,,False,False,12,10.0,120.0,"10,20,30,40,50,60,70,80,90,100,110,120"
SGATR_80,SGATR,train,120,1043.0,True,True,12,10.0,120.0,"10,20,30,40,50,60,70,80,90,100,110,120"
SGATR_81,SGATR,test,120,1017.0,True,True,12,10.0,120.0,"10,20,30,40,50,60,70,80,90,100,110,120"
SGATR_82,SGATR,validation,120,992.5,True,True,12,10.0,120.0,"10,20,30,40,50,60,70,80,90,100,110,120"
SGATR_83,SGATR,train,120,969.0,True,True,12,10.0,120.0,"10,20,30,40,50,60,70,80,90,100,110,120"
SGATR_84,SGATR,train,120,947.0,True,True,12,10.0,120.0,"10,20,30,40,50,60,70,80,90,100,110,120"
SGATR_85,SGATR,train,120,925.5,True,True,12,10.0,120.0,"10,20,30,40,50,60,70,80,90,100,110,120"
SGATR_86,SGATR,train,120,905.0,True,True,12,10.0,120.0,"10,20,30,40,50,60,70,80,90,100,110,120"
SGATR_87,SGATR,train,120,885.5,True,True,12,10.0,120.0,"10,20,30,40,50,60,70,80,90,100,110,120"
SGATR_88,SGATR,train,120,867.0,True,True,12,10.0,120.0,"10,20,30,40,50,60,70,80,90,100,110,120"
SGATR_89,SGATR,train,120,849.5,True,True,12,10.0,120.0,"10,20,30,40,50,60,70,80,90,100,110,120"
SGATR_9,SGATR,train,120,,False,False,12,10.0,120.0,"10,20,30,40,50,60,70,80,90,100,110,120"
SGATR_90,SGATR,train,120,832.0,True,True,12,10.0,120.0,"10,20,30,40,50,60,70,80,90,100,110,120"
SGATR_91,SGATR,test,120,816.0,True,True,12,10.0,120.0,"10,20,30,40,50,60,70,80,90,100,110,120"
SGATR_92,SGATR,validation,120,800.5,True,True,12,10.0,120.0,"10,20,30,40,50,60,70,80,90,100,110,120"
SGATR_93,SGATR,train,120,785.5,True,True,12,10.0,120.0,"10,20,30,40,50,60,70,80,90,100,110,120"
SGATR_94,SGATR,train,120,771.0,True,True,12,10.0,120.0,"10,20,30,40,50,60,70,80,90,100,110,120"
SGATR_95,SGATR,train,120,757.0,True,True,12,10.0,120.0,"10,20,30,40,50,60,70,80,90,100,110,120"
SGATR_96,SGATR,train,120,743.5,True,True,12,10.0,120.0,"10,20,30,40,50,60,70,80,90,100,110,120"
SGATR_97,SGATR,train,120,731.0,True,True,12,10.0,120.0,"10,20,30,40,50,60,70,80,90,100,110,120"
SGATR_98,SGATR,train,120,718.5,True,True,12,10.0,120.0,"10,20,30,40,50,60,70,80,90,100,110,120"
SGATR_99,SGATR,train,120,706.5,True,True,12,10.0,120.0,"10,20,30,40,50,60,70,80,90,100,110,120"
SGBTR_1,SGBTR,test,120,,False,False,12,10.0,120.0,"10,20,30,40,50,60,70,80,90,100,110,120"
SGBTR_10,SGBTR,train,120,,False,False,12,10.0,120.0,"10,20,30,40,50,60,70,80,90,100,110,120"
SGBTR_100,SGBTR,train,120,694.5,True,True,12,10.0,120.0,"10,20,30,40,50,60,70,80,90,100,110,120"
SGBTR_101,SGBTR,test,120,683.5,True,True,12,10.0,120.0,"10,20,30,40,50,60,70,80,90,100,110,120"
SGBTR_102,SGBTR,validation,120,673.0,True,True,12,10.0,120.0,"10,20,30,40,50,60,70,80,90,100,110,120"
SGBTR_103,SGBTR,train,120,662.5,True,True,12,10.0,120.0,"10,20,30,40,50,60,70,80,90,100,110,120"
SGBTR_104,SGBTR,train,120,652.5,True,True,12,10.0,120.0,"10,20,30,40,50,60,70,80,90,100,110,120"
SGBTR_105,SGBTR,train,120,643.0,True,True,12,10.0,120.0,"10,20,30,40,50,60,70,80,90,100,110,120"
SGBTR_106,SGBTR,train,120,633.5,True,True,12,10.0,120.0,"10,20,30,40,50,60,70,80,90,100,110,120"
SGBTR_107,SGBTR,train,120,624.5,True,True,12,10.0,120.0,"10,20,30,40,50,60,70,80,90,100,110,120"
SGBTR_108,SGBTR,train,120,616.0,True,True,12,10.0,120.0,"10,20,30,40,50,60,70,80,90,100,110,120"
SGBTR_109,SGBTR,train,120,607.0,True,True,12,10.0,120.0,"10,20,30,40,50,60,70,80,90,100,110,120"
SGBTR_11,SGBTR,test,120,,False,False,12,10.0,120.0,"10,20,30,40,50,60,70,80,90,100,110,120"
SGBTR_110,SGBTR,train,120,599.0,True,True,12,10.0,120.0,"10,20,30,40,50,60,70,80,90,100,110,120"
SGBTR_12,SGBTR,validation,120,,False,False,12,10.0,120.0,"10,20,30,40,50,60,70,80,90,100,110,120"
SGBTR_13,SGBTR,train,120,,False,False,12,10.0,120.0,"10,20,30,40,50,60,70,80,90,100,110,120"
SGBTR_14,SGBTR,train,120,,False,False,12,10.0,120.0,"10,20,30,40,50,60,70,80,90,100,110,120"
SGBTR_15,SGBTR,train,120,,False,False,12,10.0,120.0,"10,20,30,40,50,60,70,80,90,100,110,120"
SGBTR_16,SGBTR,train,120,,False,False,12,10.0,120.0,"10,20,30,40,50,60,70,80,90,100,110,120"
SGBTR_17,SGBTR,train,120,,False,False,12,10.0,120.0,"10,20,30,40,50,60,70,80,90,100,110,120"
SGBTR_18,SGBTR,train,120,,False,False,12,10.0,120.0,"10,20,30,40,50,60,70,80,90,100,110,120"
SGBTR_19,SGBTR,train,120,,False,False,12,10.0,120.0,"10,20,30,40,50,60,70,80,90,100,110,120"
SGBTR_2,SGBTR,validation,120,,False,False,12,10.0,120.0,"10,20,30,40,50,60,70,80,90,100,110,120"
SGBTR_20,SGBTR,train,120,,False,False,12,10.0,120.0,"10,20,30,40,50,60,70,80,90,100,110,120"
SGBTR_21,SGBTR,test,120,,False,False,12,10.0,120.0,"10,20,30,40,50,60,70,80,90,100,110,120"
SGBTR_22,SGBTR,validation,120,,False,False,12,10.0,120.0,"10,20,30,40,50,60,70,80,90,100,110,120"
SGBTR_23,SGBTR,train,120,,False,False,12,10.0,120.0,"10,20,30,40,50,60,70,80,90,100,110,120"
SGBTR_24,SGBTR,train,120,,False,False,12,10.0,120.0,"10,20,30,40,50,60,70,80,90,100,110,120"
SGBTR_25,SGBTR,train,120,,False,False,12,10.0,120.0,"10,20,30,40,50,60,70,80,90,100,110,120"
SGBTR_26,SGBTR,train,120,,False,False,12,10.0,120.0,"10,20,30,40,50,60,70,80,90,100,110,120"
SGBTR_27,SGBTR,train,120,,False,False,12,10.0,120.0,"10,20,30,40,50,60,70,80,90,100,110,120"
SGBTR_28,SGBTR,train,120,,False,False,12,10.0,120.0,"10,20,30,40,50,60,70,80,90,100,110,120"
SGBTR_29,SGBTR,train,120,,False,False,12,10.0,120.0,"10,20,30,40,50,60,70,80,90,100,110,120"
SGBTR_3,SGBTR,train,120,,False,False,12,10.0,120.0,"10,20,30,40,50,60,70,80,90,100,110,120"
SGBTR_30,SGBTR,train,120,,False,False,12,10.0,120.0,"10,20,30,40,50,60,70,80,90,100,110,120"
SGBTR_31,SGBTR,test,120,,False,False,12,10.0,120.0,"10,20,30,40,50,60,70,80,90,100,110,120"
SGBTR_32,SGBTR,validation,120,,False,False,12,10.0,120.0,"10,20,30,40,50,60,70,80,90,100,110,120"
SGBTR_33,SGBTR,train,120,,False,False,12,10.0,120.0,"10,20,30,40,50,60,70,80,90,100,110,120"
SGBTR_34,SGBTR,train,120,,False,False,12,10.0,120.0,"10,20,30,40,50,60,70,80,90,100,110,120"
SGBTR_35,SGBTR,train,120,,False,False,12,10.0,120.0,"10,20,30,40,50,60,70,80,90,100,110,120"
SGBTR_36,SGBTR,train,120,,False,False,12,10.0,120.0,"10,20,30,40,50,60,70,80,90,100,110,120"
SGBTR_37,SGBTR,train,120,,False,False,12,10.0,120.0,"10,20,30,40,50,60,70,80,90,100,110,120"
SGBTR_38,SGBTR,train,120,,False,False,12,10.0,120.0,"10,20,30,40,50,60,70,80,90,100,110,120"
SGBTR_39,SGBTR,train,120,,False,False,12,10.0,120.0,"10,20,30,40,50,60,70,80,90,100,110,120"
SGBTR_4,SGBTR,train,120,,False,False,12,10.0,120.0,"10,20,30,40,50,60,70,80,90,100,110,120"
SGBTR_40,SGBTR,train,120,,False,False,12,10.0,120.0,"10,20,30,40,50,60,70,80,90,100,110,120"
SGBTR_41,SGBTR,test,120,,False,False,12,10.0,120.0,"10,20,30,40,50,60,70,80,90,100,110,120"
SGBTR_42,SGBTR,validation,120,,False,False,12,10.0,120.0,"10,20,30,40,50,60,70,80,90,100,110,120"
SGBTR_43,SGBTR,train,120,,False,False,12,10.0,120.0,"10,20,30,40,50,60,70,80,90,100,110,120"
SGBTR_44,SGBTR,train,120,,False,False,12,10.0,120.0,"10,20,30,40,50,60,70,80,90,100,110,120"
SGBTR_45,SGBTR,train,120,,False,False,12,10.0,120.0,"10,20,30,40,50,60,70,80,90,100,110,120"
SGBTR_46,SGBTR,train,120,,False,False,12,10.0,120.0,"10,20,30,40,50,60,70,80,90,100,110,120"
SGBTR_47,SGBTR,train,120,,False,False,12,10.0,120.0,"10,20,30,40,50,60,70,80,90,100,110,120"
SGBTR_48,SGBTR,train,120,,False,False,12,10.0,120.0,"10,20,30,40,50,60,70,80,90,100,110,120"
SGBTR_49,SGBTR,train,120,,False,False,12,10.0,120.0,"10,20,30,40,50,60,70,80,90,100,110,120"
SGBTR_5,SGBTR,train,120,,False,False,12,10.0,120.0,"10,20,30,40,50,60,70,80,90,100,110,120"
SGBTR_50,SGBTR,train,120,,False,False,12,10.0,120.0,"10,20,30,40,50,60,70,80,90,100,110,120"
SGBTR_51,SGBTR,test,120,,False,False,12,10.0,120.0,"10,20,30,40,50,60,70,80,90,100,110,120"
SGBTR_52,SGBTR,validation,120,,False,False,12,10.0,120.0,"10,20,30,40,50,60,70,80,90,100,110,120"
SGBTR_53,SGBTR,train,120,,False,False,12,10.0,120.0,"10,20,30,40,50,60,70,80,90,100,110,120"
SGBTR_54,SGBTR,train,120,,False,False,12,10.0,120.0,"10,20,30,40,50,60,70,80,90,100,110,120"
SGBTR_55,SGBTR,train,120,,False,False,12,10.0,120.0,"10,20,30,40,50,60,70,80,90,100,110,120"
SGBTR_56,SGBTR,train,120,,False,False,12,10.0,120.0,"10,20,30,40,50,60,70,80,90,100,110,120"
SGBTR_57,SGBTR,train,120,2483.0,True,True,12,10.0,120.0,"10,20,30,40,50,60,70,80,90,100,110,120"
SGBTR_58,SGBTR,train,120,2344.0,True,True,12,10.0,120.0,"10,20,30,40,50,60,70,80,90,100,110,120"
SGBTR_59,SGBTR,train,120,2219.0,True,True,12,10.0,120.0,"10,20,30,40,50,60,70,80,90,100,110,120"
SGBTR_6,SGBTR,train,120,,False,False,12,10.0,120.0,"10,20,30,40,50,60,70,80,90,100,110,120"
SGBTR_60,SGBTR,train,120,2107.0,True,True,12,10.0,120.0,"10,20,30,40,50,60,70,80,90,100,110,120"
SGBTR_61,SGBTR,test,120,2007.0,True,True,12,10.0,120.0,"10,20,30,40,50,60,70,80,90,100,110,120"
SGBTR_62,SGBTR,validation,120,1916.0,True,True,12,10.0,120.0,"10,20,30,40,50,60,70,80,90,100,110,120"
SGBTR_63,SGBTR,train,120,1832.5,True,True,12,10.0,120.0,"10,20,30,40,50,60,70,80,90,100,110,120"
SGBTR_64,SGBTR,train,120,1756.0,True,True,12,10.0,120.0,"10,20,30,40,50,60,70,80,90,100,110,120"
SGBTR_65,SGBTR,train,120,1685.0,True,True,12,10.0,120.0,"10,20,30,40,50,60,70,80,90,100,110,120"
SGBTR_66,SGBTR,train,120,1619.5,True,True,12,10.0,120.0,"10,20,30,40,50,60,70,80,90,100,110,120"
SGBTR_67,SGBTR,train,120,1559.0,True,True,12,10.0,120.0,"10,20,30,40,50,60,70,80,90,100,110,120"
SGBTR_68,SGBTR,train,120,1502.0,True,True,12,10.0,120.0,"10,20,30,40,50,60,70,80,90,100,110,120"
SGBTR_69,SGBTR,train,120,1449.0,True,True,12,10.0,120.0,"10,20,30,40,50,60,70,80,90,100,110,120"
SGBTR_7,SGBTR,train,120,,False,False,12,10.0,120.0,"10,20,30,40,50,60,70,80,90,100,110,120"
SGBTR_70,SGBTR,train,120,1399.5,True,True,12,10.0,120.0,"10,20,30,40,50,60,70,80,90,100,110,120"
SGBTR_71,SGBTR,test,120,1353.5,True,True,12,10.0,120.0,"10,20,30,40,50,60,70,80,90,100,110,120"
SGBTR_72,SGBTR,validation,120,1310.5,True,True,12,10.0,120.0,"10,20,30,40,50,60,70,80,90,100,110,120"
SGBTR_73,SGBTR,train,120,1269.5,True,True,12,10.0,120.0,"10,20,30,40,50,60,70,80,90,100,110,120"
SGBTR_74,SGBTR,train,120,1231.5,True,True,12,10.0,120.0,"10,20,30,40,50,60,70,80,90,100,110,120"
SGBTR_75,SGBTR,train,120,1195.0,True,True,12,10.0,120.0,"10,20,30,40,50,60,70,80,90,100,110,120"
SGBTR_76,SGBTR,train,120,1161.0,True,True,12,10.0,120.0,"10,20,30,40,50,60,70,80,90,100,110,120"
SGBTR_77,SGBTR,train,120,1129.5,True,True,12,10.0,120.0,"10,20,30,40,50,60,70,80,90,100,110,120"
SGBTR_78,SGBTR,train,120,1098.5,True,True,12,10.0,120.0,"10,20,30,40,50,60,70,80,90,100,110,120"
SGBTR_79,SGBTR,train,120,1070.0,True,True,12,10.0,120.0,"10,20,30,40,50,60,70,80,90,100,110,120"
SGBTR_8,SGBTR,train,120,,False,False,12,10.0,120.0,"10,20,30,40,50,60,70,80,90,100,110,120"
SGBTR_80,SGBTR,train,120,1042.5,True,True,12,10.0,120.0,"10,20,30,40,50,60,70,80,90,100,110,120"
SGBTR_81,SGBTR,test,120,1017.0,True,True,12,10.0,120.0,"10,20,30,40,50,60,70,80,90,100,110,120"
SGBTR_82,SGBTR,validation,120,992.0,True,True,12,10.0,120.0,"10,20,30,40,50,60,70,80,90,100,110,120"
SGBTR_83,SGBTR,train,120,968.5,True,True,12,10.0,120.0,"10,20,30,40,50,60,70,80,90,100,110,120"
SGBTR_84,SGBTR,train,120,946.5,True,True,12,10.0,120.0,"10,20,30,40,50,60,70,80,90,100,110,120"
SGBTR_85,SGBTR,train,120,925.0,True,True,12,10.0,120.0,"10,20,30,40,50,60,70,80,90,100,110,120"
SGBTR_86,SGBTR,train,120,905.0,True,True,12,10.0,120.0,"10,20,30,40,50,60,70,80,90,100,110,120"
SGBTR_87,SGBTR,train,120,885.5,True,True,12,10.0,120.0,"10,20,30,40,50,60,70,80,90,100,110,120"
SGBTR_88,SGBTR,train,120,866.5,True,True,12,10.0,120.0,"10,20,30,40,50,60,70,80,90,100,110,120"
SGBTR_89,SGBTR,train,120,849.0,True,True,12,10.0,120.0,"10,20,30,40,50,60,70,80,90,100,110,120"
SGBTR_9,SGBTR,train,120,,False,False,12,10.0,120.0,"10,20,30,40,50,60,70,80,90,100,110,120"
SGBTR_90,SGBTR,train,120,832.0,True,True,12,10.0,120.0,"10,20,30,40,50,60,70,80,90,100,110,120"
SGBTR_91,SGBTR,test,120,815.5,True,True,12,10.0,120.0,"10,20,30,40,50,60,70,80,90,100,110,120"
SGBTR_92,SGBTR,validation,120,800.0,True,True,12,10.0,120.0,"10,20,30,40,50,60,70,80,90,100,110,120"
SGBTR_93,SGBTR,train,120,785.0,True,True,12,10.0,120.0,"10,20,30,40,50,60,70,80,90,100,110,120"
SGBTR_94,SGBTR,train,120,770.5,True,True,12,10.0,120.0,"10,20,30,40,50,60,70,80,90,100,110,120"
SGBTR_95,SGBTR,train,120,756.5,True,True,12,10.0,120.0,"10,20,30,40,50,60,70,80,90,100,110,120"
SGBTR_96,SGBTR,train,120,743.5,True,True,12,10.0,120.0,"10,20,30,40,50,60,70,80,90,100,110,120"
SGBTR_97,SGBTR,train,120,730.5,True,True,12,10.0,120.0,"10,20,30,40,50,60,70,80,90,100,110,120"
SGBTR_98,SGBTR,train,120,718.0,True,True,12,10.0,120.0,"10,20,30,40,50,60,70,80,90,100,110,120"
SGBTR_99,SGBTR,train,120,706.0,True,True,12,10.0,120.0,"10,20,30,40,50,60,70,80,90,100,110,120"
SLBIC_1,SLBIC,test,120,,False,False,12,10.0,120.0,"10,20,30,40,50,60,70,80,90,100,110,120"
SLBIC_10,SLBIC,train,120,,False,False,12,10.0,120.0,"10,20,30,40,50,60,70,80,90,100,110,120"
SLBIC_100,SLBIC,train,120,205.0,True,True,12,10.0,120.0,"10,20,30,40,50,60,70,80,90,100,110,120"
SLBIC_101,SLBIC,test,120,204.0,True,True,12,10.0,120.0,"10,20,30,40,50,60,70,80,90,100,110,120"
SLBIC_11,SLBIC,test,120,,False,False,12,10.0,120.0,"10,20,30,40,50,60,70,80,90,100,110,120"
SLBIC_12,SLBIC,validation,120,,False,False,12,10.0,120.0,"10,20,30,40,50,60,70,80,90,100,110,120"
SLBIC_13,SLBIC,train,120,,False,False,12,10.0,120.0,"10,20,30,40,50,60,70,80,90,100,110,120"
SLBIC_14,SLBIC,train,120,5232.0,True,True,12,10.0,120.0,"10,20,30,40,50,60,70,80,90,100,110,120"
SLBIC_15,SLBIC,train,120,4386.0,True,True,12,10.0,120.0,"10,20,30,40,50,60,70,80,90,100,110,120"
SLBIC_16,SLBIC,train,120,3893.0,True,True,12,10.0,120.0,"10,20,30,40,50,60,70,80,90,100,110,120"
SLBIC_17,SLBIC,train,120,3672.0,True,True,12,10.0,120.0,"10,20,30,40,50,60,70,80,90,100,110,120"
SLBIC_18,SLBIC,train,120,3489.5,True,True,12,10.0,120.0,"10,20,30,40,50,60,70,80,90,100,110,120"
SLBIC_19,SLBIC,train,120,3348.5,True,True,12,10.0,120.0,"10,20,30,40,50,60,70,80,90,100,110,120"
SLBIC_2,SLBIC,validation,120,,False,False,12,10.0,120.0,"10,20,30,40,50,60,70,80,90,100,110,120"
SLBIC_20,SLBIC,train,120,3314.0,True,True,12,10.0,120.0,"10,20,30,40,50,60,70,80,90,100,110,120"
SLBIC_21,SLBIC,test,120,3247.5,True,True,12,10.0,120.0,"10,20,30,40,50,60,70,80,90,100,110,120"
SLBIC_22,SLBIC,validation,120,3181.5,True,True,12,10.0,120.0,"10,20,30,40,50,60,70,80,90,100,110,120"
SLBIC_23,SLBIC,train,120,3053.5,True,True,12,10.0,120.0,"10,20,30,40,50,60,70,80,90,100,110,120"
SLBIC_24,SLBIC,train,120,2925.5,True,True,12,10.0,120.0,"10,20,30,40,50,60,70,80,90,100,110,120"
SLBIC_25,SLBIC,train,120,2739.0,True,True,12,10.0,120.0,"10,20,30,40,50,60,70,80,90,100,110,120"
SLBIC_26,SLBIC,train,120,463.5,True,True,12,10.0,120.0,"10,20,30,40,50,60,70,80,90,100,110,120"
SLBIC_27,SLBIC,train,120,450.5,True,True,12,10.0,120.0,"10,20,30,40,50,60,70,80,90,100,110,120"
SLBIC_28,SLBIC,train,120,438.5,True,True,12,10.0,120.0,"10,20,30,40,50,60,70,80,90,100,110,120"
SLBIC_29,SLBIC,train,120,427.0,True,True,12,10.0,120.0,"10,20,30,40,50,60,70,80,90,100,110,120"
SLBIC_3,SLBIC,train,120,,False,False,12,10.0,120.0,"10,20,30,40,50,60,70,80,90,100,110,120"
SLBIC_30,SLBIC,train,120,416.5,True,True,12,10.0,120.0,"10,20,30,40,50,60,70,80,90,100,110,120"
SLBIC_31,SLBIC,test,120,407.0,True,True,12,10.0,120.0,"10,20,30,40,50,60,70,80,90,100,110,120"
SLBIC_32,SLBIC,validation,120,397.5,True,True,12,10.0,120.0,"10,20,30,40,50,60,70,80,90,100,110,120"
SLBIC_33,SLBIC,train,120,389.0,True,True,12,10.0,120.0,"10,20,30,40,50,60,70,80,90,100,110,120"
SLBIC_34,SLBIC,train,120,381.0,True,True,12,10.0,120.0,"10,20,30,40,50,60,70,80,90,100,110,120"
SLBIC_35,SLBIC,train,120,373.5,True,True,12,10.0,120.0,"10,20,30,40,50,60,70,80,90,100,110,120"
SLBIC_36,SLBIC,train,120,366.5,True,True,12,10.0,120.0,"10,20,30,40,50,60,70,80,90,100,110,120"
SLBIC_37,SLBIC,train,120,359.5,True,True,12,10.0,120.0,"10,20,30,40,50,60,70,80,90,100,110,120"
SLBIC_38,SLBIC,train,120,353.0,True,True,12,10.0,120.0,"10,20,30,40,50,60,70,80,90,100,110,120"
SLBIC_39,SLBIC,train,120,347.0,True,True,12,10.0,120.0,"10,20,30,40,50,60,70,80,90,100,110,120"
SLBIC_4,SLBIC,train,120,,False,False,12,10.0,120.0,"10,20,30,40,50,60,70,80,90,100,110,120"
SLBIC_40,SLBIC,train,120,341.0,True,True,12,10.0,120.0,"10,20,30,40,50,60,70,80,90,100,110,120"
SLBIC_41,SLBIC,test,120,335.5,True,True,12,10.0,120.0,"10,20,30,40,50,60,70,80,90,100,110,120"
SLBIC_42,SLBIC,validation,120,330.5,True,True,12,10.0,120.0,"10,20,30,40,50,60,70,80,90,100,110,120"
SLBIC_43,SLBIC,train,120,325.5,True,True,12,10.0,120.0,"10,20,30,40,50,60,70,80,90,100,110,120"
SLBIC_44,SLBIC,train,120,320.5,True,True,12,10.0,120.0,"10,20,30,40,50,60,70,80,90,100,110,120"
SLBIC_45,SLBIC,train,120,316.0,True,True,12,10.0,120.0,"10,20,30,40,50,60,70,80,90,100,110,120"
SLBIC_46,SLBIC,train,120,311.5,True,True,12,10.0,120.0,"10,20,30,40,50,60,70,80,90,100,110,120"
SLBIC_47,SLBIC,train,120,307.5,True,True,12,10.0,120.0,"10,20,30,40,50,60,70,80,90,100,110,120"
SLBIC_48,SLBIC,train,120,303.5,True,True,12,10.0,120.0,"10,20,30,40,50,60,70,80,90,100,110,120"
SLBIC_49,SLBIC,train,120,299.5,True,True,12,10.0,120.0,"10,20,30,40,50,60,70,80,90,100,110,120"
SLBIC_5,SLBIC,train,120,,False,False,12,10.0,120.0,"10,20,30,40,50,60,70,80,90,100,110,120"
SLBIC_50,SLBIC,train,120,296.0,True,True,12,10.0,120.0,"10,20,30,40,50,60,70,80,90,100,110,120"
SLBIC_51,SLBIC,test,120,292.5,True,True,12,10.0,120.0,"10,20,30,40,50,60,70,80,90,100,110,120"
SLBIC_52,SLBIC,validation,120,289.0,True,True,12,10.0,120.0,"10,20,30,40,50,60,70,80,90,100,110,120"
SLBIC_53,SLBIC,train,120,285.5,True,True,12,10.0,120.0,"10,20,30,40,50,60,70,80,90,100,110,120"
SLBIC_54,SLBIC,train,120,282.5,True,True,12,10.0,120.0,"10,20,30,40,50,60,70,80,90,100,110,120"
SLBIC_55,SLBIC,train,120,279.5,True,True,12,10.0,120.0,"10,20,30,40,50,60,70,80,90,100,110,120"
SLBIC_56,SLBIC,train,120,276.5,True,True,12,10.0,120.0,"10,20,30,40,50,60,70,80,90,100,110,120"
SLBIC_57,SLBIC,train,120,273.5,True,True,12,10.0,120.0,"10,20,30,40,50,60,70,80,90,100,110,120"
SLBIC_58,SLBIC,train,120,271.0,True,True,12,10.0,120.0,"10,20,30,40,50,60,70,80,90,100,110,120"
SLBIC_59,SLBIC,train,120,268.0,True,True,12,10.0,120.0,"10,20,30,40,50,60,70,80,90,100,110,120"
SLBIC_6,SLBIC,train,120,,False,False,12,10.0,120.0,"10,20,30,40,50,60,70,80,90,100,110,120"
SLBIC_60,SLBIC,train,120,265.5,True,True,12,10.0,120.0,"10,20,30,40,50,60,70,80,90,100,110,120"
SLBIC_61,SLBIC,test,120,263.0,True,True,12,10.0,120.0,"10,20,30,40,50,60,70,80,90,100,110,120"
SLBIC_62,SLBIC,validation,120,260.5,True,True,12,10.0,120.0,"10,20,30,40,50,60,70,80,90,100,110,120"
SLBIC_63,SLBIC,train,120,258.5,True,True,12,10.0,120.0,"10,20,30,40,50,60,70,80,90,100,110,120"
SLBIC_64,SLBIC,train,120,256.0,True,True,12,10.0,120.0,"10,20,30,40,50,60,70,80,90,100,110,120"
SLBIC_65,SLBIC,train,120,254.0,True,True,12,10.0,120.0,"10,20,30,40,50,60,70,80,90,100,110,120"
SLBIC_66,SLBIC,train,120,252.0,True,True,12,10.0,120.0,"10,20,30,40,50,60,70,80,90,100,110,120"
SLBIC_67,SLBIC,train,120,250.0,True,True,12,10.0,120.0,"10,20,30,40,50,60,70,80,90,100,110,120"
SLBIC_68,SLBIC,train,120,248.0,True,True,12,10.0,120.0,"10,20,30,40,50,60,70,80,90,100,110,120"
SLBIC_69,SLBIC,train,120,246.0,True,True,12,10.0,120.0,"10,20,30,40,50,60,70,80,90,100,110,120"
SLBIC_7,SLBIC,train,120,,False,False,12,10.0,120.0,"10,20,30,40,50,60,70,80,90,100,110,120"
SLBIC_70,SLBIC,train,120,244.0,True,True,12,10.0,120.0,"10,20,30,40,50,60,70,80,90,100,110,120"
SLBIC_71,SLBIC,test,120,242.0,True,True,12,10.0,120.0,"10,20,30,40,50,60,70,80,90,100,110,120"
SLBIC_72,SLBIC,validation,120,240.5,True,True,12,10.0,120.0,"10,20,30,40,50,60,70,80,90,100,110,120"
SLBIC_73,SLBIC,train,120,238.5,True,True,12,10.0,120.0,"10,20,30,40,50,60,70,80,90,100,110,120"
SLBIC_74,SLBIC,train,120,237.0,True,True,12,10.0,120.0,"10,20,30,40,50,60,70,80,90,100,110,120"
SLBIC_75,SLBIC,train,120,235.5,True,True,12,10.0,120.0,"10,20,30,40,50,60,70,80,90,100,110,120"
SLBIC_76,SLBIC,train,120,234.0,True,True,12,10.0,120.0,"10,20,30,40,50,60,70,80,90,100,110,120"
SLBIC_77,SLBIC,train,120,232.5,True,True,12,10.0,120.0,"10,20,30,40,50,60,70,80,90,100,110,120"
SLBIC_78,SLBIC,train,120,231.0,True,True,12,10.0,120.0,"10,20,30,40,50,60,70,80,90,100,110,120"
SLBIC_79,SLBIC,train,120,229.5,True,True,12,10.0,120.0,"10,20,30,40,50,60,70,80,90,100,110,120"
SLBIC_8,SLBIC,train,120,,False,False,12,10.0,120.0,"10,20,30,40,50,60,70,80,90,100,110,120"
SLBIC_80,SLBIC,train,120,228.0,True,True,12,10.0,120.0,"10,20,30,40,50,60,70,80,90,100,110,120"
SLBIC_81,SLBIC,test,120,226.5,True,True,12,10.0,120.0,"10,20,30,40,50,60,70,80,90,100,110,120"
SLBIC_82,SLBIC,validation,120,225.0,True,True,12,10.0,120.0,"10,20,30,40,50,60,70,80,90,100,110,120"
SLBIC_83,SLBIC,train,120,223.5,True,True,12,10.0,120.0,"10,20,30,40,50,60,70,80,90,100,110,120"
SLBIC_84,SLBIC,train,120,222.5,True,True,12,10.0,120.0,"10,20,30,40,50,60,70,80,90,100,110,120"
SLBIC_85,SLBIC,train,120,221.0,True,True,12,10.0,120.0,"10,20,30,40,50,60,70,80,90,100,110,120"
SLBIC_86,SLBIC,train,120,220.0,True,True,12,10.0,120.0,"10,20,30,40,50,60,70,80,90,100,110,120"
SLBIC_87,SLBIC,train,120,218.5,True,True,12,10.0,120.0,"10,20,30,40,50,60,70,80,90,100,110,120"
SLBIC_88,SLBIC,train,120,217.5,True,True,12,10.0,120.0,"10,20,30,40,50,60,70,80,90,100,110,120"
SLBIC_89,SLBIC,train,120,216.5,True,True,12,10.0,120.0,"10,20,30,40,50,60,70,80,90,100,110,120"
SLBIC_9,SLBIC,train,120,,False,False,12,10.0,120.0,"10,20,30,40,50,60,70,80,90,100,110,120"
SLBIC_90,SLBIC,train,120,215.0,True,True,12,10.0,120.0,"10,20,30,40,50,60,70,80,90,100,110,120"
SLBIC_91,SLBIC,test,120,214.0,True,True,12,10.0,120.0,"10,20,30,40,50,60,70,80,90,100,110,120"
SLBIC_92,SLBIC,validation,120,213.0,True,True,12,10.0,120.0,"10,20,30,40,50,60,70,80,90,100,110,120"
SLBIC_93,SLBIC,train,120,212.0,True,True,12,10.0,120.0,"10,20,30,40,50,60,70,80,90,100,110,120"
SLBIC_94,SLBIC,train,120,211.0,True,True,12,10.0,120.0,"10,20,30,40,50,60,70,80,90,100,110,120"
SLBIC_95,SLBIC,train,120,210.0,True,True,12,10.0,120.0,"10,20,30,40,50,60,70,80,90,100,110,120"
SLBIC_96,SLBIC,train,120,209.0,True,True,12,10.0,120.0,"10,20,30,40,50,60,70,80,90,100,110,120"
SLBIC_97,SLBIC,train,120,208.0,True,True,12,10.0,120.0,"10,20,30,40,50,60,70,80,90,100,110,120"
SLBIC_98,SLBIC,train,120,207.0,True,True,12,10.0,120.0,"10,20,30,40,50,60,70,80,90,100,110,120"
SLBIC_99,SLBIC,train,120,206.0,True,True,12,10.0,120.0,"10,20,30,40,50,60,70,80,90,100,110,120"
SLBOC_1,SLBOC,test,120,,False,False,12,10.0,120.0,"10,20,30,40,50,60,70,80,90,100,110,120"
SLBOC_10,SLBOC,train,120,,False,False,12,10.0,120.0,"10,20,30,40,50,60,70,80,90,100,110,120"
SLBOC_100,SLBOC,train,120,,False,False,12,10.0,120.0,"10,20,30,40,50,60,70,80,90,100,110,120"
SLBOC_11,SLBOC,test,120,,False,False,12,10.0,120.0,"10,20,30,40,50,60,70,80,90,100,110,120"
SLBOC_12,SLBOC,validation,120,,False,False,12,10.0,120.0,"10,20,30,40,50,60,70,80,90,100,110,120"
SLBOC_13,SLBOC,train,120,,False,False,12,10.0,120.0,"10,20,30,40,50,60,70,80,90,100,110,120"
SLBOC_14,SLBOC,train,120,,False,False,12,10.0,120.0,"10,20,30,40,50,60,70,80,90,100,110,120"
SLBOC_15,SLBOC,train,120,,False,False,12,10.0,120.0,"10,20,30,40,50,60,70,80,90,100,110,120"
SLBOC_16,SLBOC,train,120,,False,False,12,10.0,120.0,"10,20,30,40,50,60,70,80,90,100,110,120"
SLBOC_17,SLBOC,train,120,,False,False,12,10.0,120.0,"10,20,30,40,50,60,70,80,90,100,110,120"
SLBOC_18,SLBOC,train,120,,False,False,12,10.0,120.0,"10,20,30,40,50,60,70,80,90,100,110,120"
SLBOC_19,SLBOC,train,120,,False,False,12,10.0,120.0,"10,20,30,40,50,60,70,80,90,100,110,120"
SLBOC_2,SLBOC,validation,120,,False,False,12,10.0,120.0,"10,20,30,40,50,60,70,80,90,100,110,120"
SLBOC_20,SLBOC,train,120,,False,False,12,10.0,120.0,"10,20,30,40,50,60,70,80,90,100,110,120"
SLBOC_21,SLBOC,test,120,,False,False,12,10.0,120.0,"10,20,30,40,50,60,70,80,90,100,110,120"
SLBOC_22,SLBOC,validation,120,,False,False,12,10.0,120.0,"10,20,30,40,50,60,70,80,90,100,110,120"
SLBOC_23,SLBOC,train,120,,False,False,12,10.0,120.0,"10,20,30,40,50,60,70,80,90,100,110,120"
SLBOC_24,SLBOC,train,120,,False,False,12,10.0,120.0,"10,20,30,40,50,60,70,80,90,100,110,120"
SLBOC_25,SLBOC,train,120,,False,False,12,10.0,120.0,"10,20,30,40,50,60,70,80,90,100,110,120"
SLBOC_26,SLBOC,train,120,,False,False,12,10.0,120.0,"10,20,30,40,50,60,70,80,90,100,110,120"
SLBOC_27,SLBOC,train,120,,False,False,12,10.0,120.0,"10,20,30,40,50,60,70,80,90,100,110,120"
SLBOC_28,SLBOC,train,120,,False,False,12,10.0,120.0,"10,20,30,40,50,60,70,80,90,100,110,120"
SLBOC_29,SLBOC,train,120,,False,False,12,10.0,120.0,"10,20,30,40,50,60,70,80,90,100,110,120"
SLBOC_3,SLBOC,train,120,,False,False,12,10.0,120.0,"10,20,30,40,50,60,70,80,90,100,110,120"
SLBOC_30,SLBOC,train,120,,False,False,12,10.0,120.0,"10,20,30,40,50,60,70,80,90,100,110,120"
SLBOC_31,SLBOC,test,120,,False,False,12,10.0,120.0,"10,20,30,40,50,60,70,80,90,100,110,120"
SLBOC_32,SLBOC,validation,120,,False,False,12,10.0,120.0,"10,20,30,40,50,60,70,80,90,100,110,120"
SLBOC_33,SLBOC,train,120,,False,False,12,10.0,120.0,"10,20,30,40,50,60,70,80,90,100,110,120"
SLBOC_34,SLBOC,train,120,,False,False,12,10.0,120.0,"10,20,30,40,50,60,70,80,90,100,110,120"
SLBOC_35,SLBOC,train,120,,False,False,12,10.0,120.0,"10,20,30,40,50,60,70,80,90,100,110,120"
SLBOC_36,SLBOC,train,120,,False,False,12,10.0,120.0,"10,20,30,40,50,60,70,80,90,100,110,120"
SLBOC_37,SLBOC,train,120,,False,False,12,10.0,120.0,"10,20,30,40,50,60,70,80,90,100,110,120"
SLBOC_38,SLBOC,train,120,,False,False,12,10.0,120.0,"10,20,30,40,50,60,70,80,90,100,110,120"
SLBOC_39,SLBOC,train,120,,False,False,12,10.0,120.0,"10,20,30,40,50,60,70,80,90,100,110,120"
SLBOC_4,SLBOC,train,120,,False,False,12,10.0,120.0,"10,20,30,40,50,60,70,80,90,100,110,120"
SLBOC_40,SLBOC,train,120,,False,False,12,10.0,120.0,"10,20,30,40,50,60,70,80,90,100,110,120"
SLBOC_41,SLBOC,test,120,,False,False,12,10.0,120.0,"10,20,30,40,50,60,70,80,90,100,110,120"
SLBOC_42,SLBOC,validation,120,,False,False,12,10.0,120.0,"10,20,30,40,50,60,70,80,90,100,110,120"
SLBOC_43,SLBOC,train,120,,False,False,12,10.0,120.0,"10,20,30,40,50,60,70,80,90,100,110,120"
SLBOC_44,SLBOC,train,120,,False,False,12,10.0,120.0,"10,20,30,40,50,60,70,80,90,100,110,120"
SLBOC_45,SLBOC,train,120,,False,False,12,10.0,120.0,"10,20,30,40,50,60,70,80,90,100,110,120"
SLBOC_46,SLBOC,train,120,,False,False,12,10.0,120.0,"10,20,30,40,50,60,70,80,90,100,110,120"
SLBOC_47,SLBOC,train,120,,False,False,12,10.0,120.0,"10,20,30,40,50,60,70,80,90,100,110,120"
SLBOC_48,SLBOC,train,120,,False,False,12,10.0,120.0,"10,20,30,40,50,60,70,80,90,100,110,120"
SLBOC_49,SLBOC,train,120,,False,False,12,10.0,120.0,"10,20,30,40,50,60,70,80,90,100,110,120"
SLBOC_5,SLBOC,train,120,,False,False,12,10.0,120.0,"10,20,30,40,50,60,70,80,90,100,110,120"
SLBOC_50,SLBOC,train,120,,False,False,12,10.0,120.0,"10,20,30,40,50,60,70,80,90,100,110,120"
SLBOC_51,SLBOC,test,120,,False,False,12,10.0,120.0,"10,20,30,40,50,60,70,80,90,100,110,120"
SLBOC_52,SLBOC,validation,120,,False,False,12,10.0,120.0,"10,20,30,40,50,60,70,80,90,100,110,120"
SLBOC_53,SLBOC,train,120,,False,False,12,10.0,120.0,"10,20,30,40,50,60,70,80,90,100,110,120"
SLBOC_54,SLBOC,train,120,,False,False,12,10.0,120.0,"10,20,30,40,50,60,70,80,90,100,110,120"
SLBOC_55,SLBOC,train,120,,False,False,12,10.0,120.0,"10,20,30,40,50,60,70,80,90,100,110,120"
SLBOC_56,SLBOC,train,120,,False,False,12,10.0,120.0,"10,20,30,40,50,60,70,80,90,100,110,120"
SLBOC_57,SLBOC,train,120,,False,False,12,10.0,120.0,"10,20,30,40,50,60,70,80,90,100,110,120"
SLBOC_58,SLBOC,train,120,,False,False,12,10.0,120.0,"10,20,30,40,50,60,70,80,90,100,110,120"
SLBOC_59,SLBOC,train,120,,False,False,12,10.0,120.0,"10,20,30,40,50,60,70,80,90,100,110,120"
SLBOC_6,SLBOC,train,120,,False,False,12,10.0,120.0,"10,20,30,40,50,60,70,80,90,100,110,120"
SLBOC_60,SLBOC,train,120,,False,False,12,10.0,120.0,"10,20,30,40,50,60,70,80,90,100,110,120"
SLBOC_61,SLBOC,test,120,,False,False,12,10.0,120.0,"10,20,30,40,50,60,70,80,90,100,110,120"
SLBOC_62,SLBOC,validation,120,,False,False,12,10.0,120.0,"10,20,30,40,50,60,70,80,90,100,110,120"
SLBOC_63,SLBOC,train,120,,False,False,12,10.0,120.0,"10,20,30,40,50,60,70,80,90,100,110,120"
SLBOC_64,SLBOC,train,120,,False,False,12,10.0,120.0,"10,20,30,40,50,60,70,80,90,100,110,120"
SLBOC_65,SLBOC,train,120,,False,False,12,10.0,120.0,"10,20,30,40,50,60,70,80,90,100,110,120"
SLBOC_66,SLBOC,train,120,,False,False,12,10.0,120.0,"10,20,30,40,50,60,70,80,90,100,110,120"
SLBOC_67,SLBOC,train,120,,False,False,12,10.0,120.0,"10,20,30,40,50,60,70,80,90,100,110,120"
SLBOC_68,SLBOC,train,120,,False,False,12,10.0,120.0,"10,20,30,40,50,60,70,80,90,100,110,120"
SLBOC_69,SLBOC,train,120,,False,False,12,10.0,120.0,"10,20,30,40,50,60,70,80,90,100,110,120"
SLBOC_7,SLBOC,train,120,,False,False,12,10.0,120.0,"10,20,30,40,50,60,70,80,90,100,110,120"
SLBOC_70,SLBOC,train,120,,False,False,12,10.0,120.0,"10,20,30,40,50,60,70,80,90,100,110,120"
SLBOC_71,SLBOC,test,120,,False,False,12,10.0,120.0,"10,20,30,40,50,60,70,80,90,100,110,120"
SLBOC_72,SLBOC,validation,120,,False,False,12,10.0,120.0,"10,20,30,40,50,60,70,80,90,100,110,120"
SLBOC_73,SLBOC,train,120,,False,False,12,10.0,120.0,"10,20,30,40,50,60,70,80,90,100,110,120"
SLBOC_74,SLBOC,train,120,,False,False,12,10.0,120.0,"10,20,30,40,50,60,70,80,90,100,110,120"
SLBOC_75,SLBOC,train,120,,False,False,12,10.0,120.0,"10,20,30,40,50,60,70,80,90,100,110,120"
SLBOC_76,SLBOC,train,120,,False,False,12,10.0,120.0,"10,20,30,40,50,60,70,80,90,100,110,120"
SLBOC_77,SLBOC,train,120,,False,False,12,10.0,120.0,"10,20,30,40,50,60,70,80,90,100,110,120"
SLBOC_78,SLBOC,train,120,,False,False,12,10.0,120.0,"10,20,30,40,50,60,70,80,90,100,110,120"
SLBOC_79,SLBOC,train,120,,False,False,12,10.0,120.0,"10,20,30,40,50,60,70,80,90,100,110,120"
SLBOC_8,SLBOC,train,120,,False,False,12,10.0,120.0,"10,20,30,40,50,60,70,80,90,100,110,120"
SLBOC_80,SLBOC,train,120,,False,False,12,10.0,120.0,"10,20,30,40,50,60,70,80,90,100,110,120"
SLBOC_81,SLBOC,test,120,,False,False,12,10.0,120.0,"10,20,30,40,50,60,70,80,90,100,110,120"
SLBOC_82,SLBOC,validation,120,,False,False,12,10.0,120.0,"10,20,30,40,50,60,70,80,90,100,110,120"
SLBOC_83,SLBOC,train,120,,False,False,12,10.0,120.0,"10,20,30,40,50,60,70,80,90,100,110,120"
SLBOC_84,SLBOC,train,120,,False,False,12,10.0,120.0,"10,20,30,40,50,60,70,80,90,100,110,120"
SLBOC_85,SLBOC,train,120,,False,False,12,10.0,120.0,"10,20,30,40,50,60,70,80,90,100,110,120"
SLBOC_86,SLBOC,train,120,,False,False,12,10.0,120.0,"10,20,30,40,50,60,70,80,90,100,110,120"
SLBOC_87,SLBOC,train,120,,False,False,12,10.0,120.0,"10,20,30,40,50,60,70,80,90,100,110,120"
SLBOC_88,SLBOC,train,120,,False,False,12,10.0,120.0,"10,20,30,40,50,60,70,80,90,100,110,120"
SLBOC_89,SLBOC,train,120,,False,False,12,10.0,120.0,"10,20,30,40,50,60,70,80,90,100,110,120"
SLBOC_9,SLBOC,train,120,,False,False,12,10.0,120.0,"10,20,30,40,50,60,70,80,90,100,110,120"
SLBOC_90,SLBOC,train,120,,False,False,12,10.0,120.0,"10,20,30,40,50,60,70,80,90,100,110,120"
SLBOC_91,SLBOC,test,120,,False,False,12,10.0,120.0,"10,20,30,40,50,60,70,80,90,100,110,120"
SLBOC_92,SLBOC,validation,120,,False,False,12,10.0,120.0,"10,20,30,40,50,60,70,80,90,100,110,120"
SLBOC_93,SLBOC,train,120,,False,False,12,10.0,120.0,"10,20,30,40,50,60,70,80,90,100,110,120"
SLBOC_94,SLBOC,train,120,,False,False,12,10.0,120.0,"10,20,30,40,50,60,70,80,90,100,110,120"
SLBOC_95,SLBOC,train,120,,False,False,12,10.0,120.0,"10,20,30,40,50,60,70,80,90,100,110,120"
SLBOC_96,SLBOC,train,120,,False,False,12,10.0,120.0,"10,20,30,40,50,60,70,80,90,100,110,120"
SLBOC_97,SLBOC,train,120,,False,False,12,10.0,120.0,"10,20,30,40,50,60,70,80,90,100,110,120"
SLBOC_98,SLBOC,train,120,,False,False,12,10.0,120.0,"10,20,30,40,50,60,70,80,90,100,110,120"
SLBOC_99,SLBOC,train,120,,False,False,12,10.0,120.0,"10,20,30,40,50,60,70,80,90,100,110,120"
