sample_id,split_index,seed,partition,cohort,scope
FLB_10,0,20260921,train,strict_matched_30_60_90_120,strict_pre_protection_only
FLB_100,0,20260921,train,strict_matched_30_60_90_120,strict_pre_protection_only
FLB_11,0,20260921,train,strict_matched_30_60_90_120,strict_pre_protection_only
FLB_12,0,20260921,train,strict_matched_30_60_90_120,strict_pre_protection_only
FLB_13,0,20260921,train,strict_matched_30_60_90_120,strict_pre_protection_only
FLB_14,0,20260921,train,strict_matched_30_60_90_120,strict_pre_protection_only
FLB_16,0,20260921,train,strict_matched_30_60_90_120,strict_pre_protection_only
FLB_2,0,20260921,train,strict_matched_30_60_90_120,strict_pre_protection_only
FLB_26,0,20260921,train,strict_matched_30_60_90_120,strict_pre_protection_only
FLB_27,0,20260921,train,strict_matched_30_60_90_120,strict_pre_protection_only
FLB_28,0,20260921,train,strict_matched_30_60_90_120,strict_pre_protection_only
FLB_29,0,20260921,train,strict_matched_30_60_90_120,strict_pre_protection_only
FLB_3,0,20260921,train,strict_matched_30_60_90_120,strict_pre_protection_only
FLB_31,0,20260921,train,strict_matched_30_60_90_120,strict_pre_protection_only
FLB_32,0,20260921,train,strict_matched_30_60_90_120,strict_pre_protection_only
FLB_33,0,20260921,train,strict_matched_30_60_90_120,strict_pre_protection_only
FLB_34,0,20260921,train,strict_matched_30_60_90_120,strict_pre_protection_only
FLB_35,0,20260921,train,strict_matched_30_60_90_120,strict_pre_protection_only
FLB_37,0,20260921,train,strict_matched_30_60_90_120,strict_pre_protection_only
FLB_38,0,20260921,train,strict_matched_30_60_90_120,strict_pre_protection_only
FLB_39,0,20260921,train,strict_matched_30_60_90_120,strict_pre_protection_only
FLB_4,0,20260921,train,strict_matched_30_60_90_120,strict_pre_protection_only
FLB_41,0,20260921,train,strict_matched_30_60_90_120,strict_pre_protection_only
FLB_43,0,20260921,train,strict_matched_30_60_90_120,strict_pre_protection_only
FLB_46,0,20260921,train,strict_matched_30_60_90_120,strict_pre_protection_only
FLB_47,0,20260921,train,strict_matched_30_60_90_120,strict_pre_protection_only
FLB_48,0,20260921,train,strict_matched_30_60_90_120,strict_pre_protection_only
FLB_49,0,20260921,train,strict_matched_30_60_90_120,strict_pre_protection_only
FLB_5,0,20260921,train,strict_matched_30_60_90_120,strict_pre_protection_only
FLB_50,0,20260921,train,strict_matched_30_60_90_120,strict_pre_protection_only
FLB_51,0,20260921,train,strict_matched_30_60_90_120,strict_pre_protection_only
FLB_52,0,20260921,train,strict_matched_30_60_90_120,strict_pre_protection_only
FLB_54,0,20260921,train,strict_matched_30_60_90_120,strict_pre_protection_only
FLB_56,0,20260921,train,strict_matched_30_60_90_120,strict_pre_protection_only
FLB_57,0,20260921,train,strict_matched_30_60_90_120,strict_pre_protection_only
FLB_59,0,20260921,train,strict_matched_30_60_90_120,strict_pre_protection_only
FLB_61,0,20260921,train,strict_matched_30_60_90_120,strict_pre_protection_only
FLB_63,0,20260921,train,strict_matched_30_60_90_120,strict_pre_protection_only
FLB_66,0,20260921,train,strict_matched_30_60_90_120,strict_pre_protection_only
FLB_67,0,20260921,train,strict_matched_30_60_90_120,strict_pre_protection_only
FLB_69,0,20260921,train,strict_matched_30_60_90_120,strict_pre_protection_only
FLB_7,0,20260921,train,strict_matched_30_60_90_120,strict_pre_protection_only
FLB_71,0,20260921,train,strict_matched_30_60_90_120,strict_pre_protection_only
FLB_72,0,20260921,train,strict_matched_30_60_90_120,strict_pre_protection_only
FLB_74,0,20260921,train,strict_matched_30_60_90_120,strict_pre_protection_only
FLB_75,0,20260921,train,strict_matched_30_60_90_120,strict_pre_protection_only
FLB_76,0,20260921,train,strict_matched_30_60_90_120,strict_pre_protection_only
FLB_79,0,20260921,train,strict_matched_30_60_90_120,strict_pre_protection_only
FLB_82,0,20260921,train,strict_matched_30_60_90_120,strict_pre_protection_only
FLB_84,0,20260921,train,strict_matched_30_60_90_120,strict_pre_protection_only
FLB_86,0,20260921,train,strict_matched_30_60_90_120,strict_pre_protection_only
FLB_88,0,20260921,train,strict_matched_30_60_90_120,strict_pre_protection_only
FLB_89,0,20260921,train,strict_matched_30_60_90_120,strict_pre_protection_only
FLB_9,0,20260921,train,strict_matched_30_60_90_120,strict_pre_protection_only
FLB_92,0,20260921,train,strict_matched_30_60_90_120,strict_pre_protection_only
FLB_94,0,20260921,train,strict_matched_30_60_90_120,strict_pre_protection_only
FLB_96,0,20260921,train,strict_matched_30_60_90_120,strict_pre_protection_only
FLB_97,0,20260921,train,strict_matched_30_60_90_120,strict_pre_protection_only
FLB_99,0,20260921,train,strict_matched_30_60_90_120,strict_pre_protection_only
LOCAC_1,0,20260921,train,strict_matched_30_60_90_120,strict_pre_protection_only
LOCAC_10,0,20260921,train,strict_matched_30_60_90_120,strict_pre_protection_only
LOCAC_12,0,20260921,train,strict_matched_30_60_90_120,strict_pre_protection_only
LOCAC_13,0,20260921,train,strict_matched_30_60_90_120,strict_pre_protection_only
LOCAC_14,0,20260921,train,strict_matched_30_60_90_120,strict_pre_protection_only
LOCAC_15,0,20260921,train,strict_matched_30_60_90_120,strict_pre_protection_only
LOCAC_18,0,20260921,train,strict_matched_30_60_90_120,strict_pre_protection_only
LOCAC_19,0,20260921,train,strict_matched_30_60_90_120,strict_pre_protection_only
LOCAC_20,0,20260921,train,strict_matched_30_60_90_120,strict_pre_protection_only
LOCAC_21,0,20260921,train,strict_matched_30_60_90_120,strict_pre_protection_only
LOCAC_22,0,20260921,train,strict_matched_30_60_90_120,strict_pre_protection_only
LOCAC_23,0,20260921,train,strict_matched_30_60_90_120,strict_pre_protection_only
LOCAC_24,0,20260921,train,strict_matched_30_60_90_120,strict_pre_protection_only
LOCAC_25,0,20260921,train,strict_matched_30_60_90_120,strict_pre_protection_only
LOCAC_28,0,20260921,train,strict_matched_30_60_90_120,strict_pre_protection_only
LOCAC_29,0,20260921,train,strict_matched_30_60_90_120,strict_pre_protection_only
LOCAC_3,0,20260921,train,strict_matched_30_60_90_120,strict_pre_protection_only
LOCAC_32,0,20260921,train,strict_matched_30_60_90_120,strict_pre_protection_only
LOCAC_34,0,20260921,train,strict_matched_30_60_90_120,strict_pre_protection_only
LOCAC_38,0,20260921,train,strict_matched_30_60_90_120,strict_pre_protection_only
LOCAC_4,0,20260921,train,strict_matched_30_60_90_120,strict_pre_protection_only
LOCAC_40,0,20260921,train,strict_matched_30_60_90_120,strict_pre_protection_only
LOCAC_43,0,20260921,train,strict_matched_30_60_90_120,strict_pre_protection_only
LOCAC_45,0,20260921,train,strict_matched_30_60_90_120,strict_pre_protection_only
LOCAC_46,0,20260921,train,strict_matched_30_60_90_120,strict_pre_protection_only
LOCAC_48,0,20260921,train,strict_matched_30_60_90_120,strict_pre_protection_only
LOCAC_5,0,20260921,train,strict_matched_30_60_90_120,strict_pre_protection_only
LOCAC_51,0,20260921,train,strict_matched_30_60_90_120,strict_pre_protection_only
LOCAC_52,0,20260921,train,strict_matched_30_60_90_120,strict_pre_protection_only
LOCAC_53,0,20260921,train,strict_matched_30_60_90_120,strict_pre_protection_only
LOCAC_54,0,20260921,train,strict_matched_30_60_90_120,strict_pre_protection_only
LOCAC_55,0,20260921,train,strict_matched_30_60_90_120,strict_pre_protection_only
LOCAC_56,0,20260921,train,strict_matched_30_60_90_120,strict_pre_protection_only
LOCAC_6,0,20260921,train,strict_matched_30_60_90_120,strict_pre_protection_only
LOCAC_60,0,20260921,train,strict_matched_30_60_90_120,strict_pre_protection_only
LOCAC_62,0,20260921,train,strict_matched_30_60_90_120,strict_pre_protection_only
LOCAC_63,0,20260921,train,strict_matched_30_60_90_120,strict_pre_protection_only
LOCAC_67,0,20260921,train,strict_matched_30_60_90_120,strict_pre_protection_only
LOCAC_68,0,20260921,train,strict_matched_30_60_90_120,strict_pre_protection_only
LOCAC_70,0,20260921,train,strict_matched_30_60_90_120,strict_pre_protection_only
LOCAC_71,0,20260921,train,strict_matched_30_60_90_120,strict_pre_protection_only
LOCAC_72,0,20260921,train,strict_matched_30_60_90_120,strict_pre_protection_only
LOCAC_74,0,20260921,train,strict_matched_30_60_90_120,strict_pre_protection_only
LOCAC_75,0,20260921,train,strict_matched_30_60_90_120,strict_pre_protection_only
LOCAC_76,0,20260921,train,strict_matched_30_60_90_120,strict_pre_protection_only
LOCAC_78,0,20260921,train,strict_matched_30_60_90_120,strict_pre_protection_only
LOCAC_9,0,20260921,train,strict_matched_30_60_90_120,strict_pre_protection_only
LOCA_1,0,20260921,train,strict_matched_30_60_90_120,strict_pre_protection_only
LOCA_11,0,20260921,train,strict_matched_30_60_90_120,strict_pre_protection_only
LOCA_12,0,20260921,train,strict_matched_30_60_90_120,strict_pre_protection_only
LOCA_16,0,20260921,train,strict_matched_30_60_90_120,strict_pre_protection_only
LOCA_17,0,20260921,train,strict_matched_30_60_90_120,strict_pre_protection_only
LOCA_18,0,20260921,train,strict_matched_30_60_90_120,strict_pre_protection_only
LOCA_20,0,20260921,train,strict_matched_30_60_90_120,strict_pre_protection_only
LOCA_22,0,20260921,train,strict_matched_30_60_90_120,strict_pre_protection_only
LOCA_24,0,20260921,train,strict_matched_30_60_90_120,strict_pre_protection_only
LOCA_25,0,20260921,train,strict_matched_30_60_90_120,strict_pre_protection_only
LOCA_27,0,20260921,train,strict_matched_30_60_90_120,strict_pre_protection_only
LOCA_28,0,20260921,train,strict_matched_30_60_90_120,strict_pre_protection_only
LOCA_29,0,20260921,train,strict_matched_30_60_90_120,strict_pre_protection_only
LOCA_31,0,20260921,train,strict_matched_30_60_90_120,strict_pre_protection_only
LOCA_32,0,20260921,train,strict_matched_30_60_90_120,strict_pre_protection_only
LOCA_33,0,20260921,train,strict_matched_30_60_90_120,strict_pre_protection_only
LOCA_34,0,20260921,train,strict_matched_30_60_90_120,strict_pre_protection_only
LOCA_35,0,20260921,train,strict_matched_30_60_90_120,strict_pre_protection_only
LOCA_37,0,20260921,train,strict_matched_30_60_90_120,strict_pre_protection_only
LOCA_39,0,20260921,train,strict_matched_30_60_90_120,strict_pre_protection_only
LOCA_4,0,20260921,train,strict_matched_30_60_90_120,strict_pre_protection_only
LOCA_40,0,20260921,train,strict_matched_30_60_90_120,strict_pre_protection_only
LOCA_41,0,20260921,train,strict_matched_30_60_90_120,strict_pre_protection_only
LOCA_42,0,20260921,train,strict_matched_30_60_90_120,strict_pre_protection_only
LOCA_44,0,20260921,train,strict_matched_30_60_90_120,strict_pre_protection_only
LOCA_45,0,20260921,train,strict_matched_30_60_90_120,strict_pre_protection_only
LOCA_49,0,20260921,train,strict_matched_30_60_90_120,strict_pre_protection_only
LOCA_51,0,20260921,train,strict_matched_30_60_90_120,strict_pre_protection_only
LOCA_53,0,20260921,train,strict_matched_30_60_90_120,strict_pre_protection_only
LOCA_54,0,20260921,train,strict_matched_30_60_90_120,strict_pre_protection_only
LOCA_55,0,20260921,train,strict_matched_30_60_90_120,strict_pre_protection_only
LOCA_56,0,20260921,train,strict_matched_30_60_90_120,strict_pre_protection_only
LOCA_57,0,20260921,train,strict_matched_30_60_90_120,strict_pre_protection_only
LOCA_58,0,20260921,train,strict_matched_30_60_90_120,strict_pre_protection_only
LOCA_59,0,20260921,train,strict_matched_30_60_90_120,strict_pre_protection_only
LOCA_6,0,20260921,train,strict_matched_30_60_90_120,strict_pre_protection_only
LOCA_61,0,20260921,train,strict_matched_30_60_90_120,strict_pre_protection_only
LOCA_63,0,20260921,train,strict_matched_30_60_90_120,strict_pre_protection_only
LOCA_64,0,20260921,train,strict_matched_30_60_90_120,strict_pre_protection_only
LOCA_67,0,20260921,train,strict_matched_30_60_90_120,strict_pre_protection_only
LOCA_69,0,20260921,train,strict_matched_30_60_90_120,strict_pre_protection_only
LOCA_7,0,20260921,train,strict_matched_30_60_90_120,strict_pre_protection_only
LOCA_73,0,20260921,train,strict_matched_30_60_90_120,strict_pre_protection_only
LOCA_74,0,20260921,train,strict_matched_30_60_90_120,strict_pre_protection_only
LOCA_76,0,20260921,train,strict_matched_30_60_90_120,strict_pre_protection_only
LOCA_8,0,20260921,train,strict_matched_30_60_90_120,strict_pre_protection_only
RI_-1,0,20260921,train,strict_matched_30_60_90_120,strict_pre_protection_only
RI_-10,0,20260921,train,strict_matched_30_60_90_120,strict_pre_protection_only
RI_-12,0,20260921,train,strict_matched_30_60_90_120,strict_pre_protection_only
RI_-13,0,20260921,train,strict_matched_30_60_90_120,strict_pre_protection_only
RI_-14,0,20260921,train,strict_matched_30_60_90_120,strict_pre_protection_only
RI_-17,0,20260921,train,strict_matched_30_60_90_120,strict_pre_protection_only
RI_-2,0,20260921,train,strict_matched_30_60_90_120,strict_pre_protection_only
RI_-20,0,20260921,train,strict_matched_30_60_90_120,strict_pre_protection_only
RI_-21,0,20260921,train,strict_matched_30_60_90_120,strict_pre_protection_only
RI_-22,0,20260921,train,strict_matched_30_60_90_120,strict_pre_protection_only
RI_-23,0,20260921,train,strict_matched_30_60_90_120,strict_pre_protection_only
RI_-31,0,20260921,train,strict_matched_30_60_90_120,strict_pre_protection_only
RI_-33,0,20260921,train,strict_matched_30_60_90_120,strict_pre_protection_only
RI_-34,0,20260921,train,strict_matched_30_60_90_120,strict_pre_protection_only
RI_-4,0,20260921,train,strict_matched_30_60_90_120,strict_pre_protection_only
RI_-8,0,20260921,train,strict_matched_30_60_90_120,strict_pre_protection_only
RI_-9,0,20260921,train,strict_matched_30_60_90_120,strict_pre_protection_only
RW_2,0,20260921,train,strict_matched_30_60_90_120,strict_pre_protection_only
RW_3,0,20260921,train,strict_matched_30_60_90_120,strict_pre_protection_only
SGATR_100,0,20260921,train,strict_matched_30_60_90_120,strict_pre_protection_only
SGATR_59,0,20260921,train,strict_matched_30_60_90_120,strict_pre_protection_only
SGATR_60,0,20260921,train,strict_matched_30_60_90_120,strict_pre_protection_only
SGATR_63,0,20260921,train,strict_matched_30_60_90_120,strict_pre_protection_only
SGATR_64,0,20260921,train,strict_matched_30_60_90_120,strict_pre_protection_only
SGATR_66,0,20260921,train,strict_matched_30_60_90_120,strict_pre_protection_only
SGATR_68,0,20260921,train,strict_matched_30_60_90_120,strict_pre_protection_only
SGATR_69,0,20260921,train,strict_matched_30_60_90_120,strict_pre_protection_only
SGATR_72,0,20260921,train,strict_matched_30_60_90_120,strict_pre_protection_only
SGATR_73,0,20260921,train,strict_matched_30_60_90_120,strict_pre_protection_only
SGATR_74,0,20260921,train,strict_matched_30_60_90_120,strict_pre_protection_only
SGATR_75,0,20260921,train,strict_matched_30_60_90_120,strict_pre_protection_only
SGATR_76,0,20260921,train,strict_matched_30_60_90_120,strict_pre_protection_only
SGATR_78,0,20260921,train,strict_matched_30_60_90_120,strict_pre_protection_only
SGATR_79,0,20260921,train,strict_matched_30_60_90_120,strict_pre_protection_only
SGATR_81,0,20260921,train,strict_matched_30_60_90_120,strict_pre_protection_only
SGATR_84,0,20260921,train,strict_matched_30_60_90_120,strict_pre_protection_only
SGATR_86,0,20260921,train,strict_matched_30_60_90_120,strict_pre_protection_only
SGATR_87,0,20260921,train,strict_matched_30_60_90_120,strict_pre_protection_only
SGATR_88,0,20260921,train,strict_matched_30_60_90_120,strict_pre_protection_only
SGATR_89,0,20260921,train,strict_matched_30_60_90_120,strict_pre_protection_only
SGATR_91,0,20260921,train,strict_matched_30_60_90_120,strict_pre_protection_only
SGATR_95,0,20260921,train,strict_matched_30_60_90_120,strict_pre_protection_only
SGATR_96,0,20260921,train,strict_matched_30_60_90_120,strict_pre_protection_only
SGATR_98,0,20260921,train,strict_matched_30_60_90_120,strict_pre_protection_only
SGATR_99,0,20260921,train,strict_matched_30_60_90_120,strict_pre_protection_only
SGBTR_100,0,20260921,train,strict_matched_30_60_90_120,strict_pre_protection_only
SGBTR_102,0,20260921,train,strict_matched_30_60_90_120,strict_pre_protection_only
SGBTR_103,0,20260921,train,strict_matched_30_60_90_120,strict_pre_protection_only
SGBTR_105,0,20260921,train,strict_matched_30_60_90_120,strict_pre_protection_only
SGBTR_106,0,20260921,train,strict_matched_30_60_90_120,strict_pre_protection_only
SGBTR_107,0,20260921,train,strict_matched_30_60_90_120,strict_pre_protection_only
SGBTR_109,0,20260921,train,strict_matched_30_60_90_120,strict_pre_protection_only
SGBTR_60,0,20260921,train,strict_matched_30_60_90_120,strict_pre_protection_only
SGBTR_62,0,20260921,train,strict_matched_30_60_90_120,strict_pre_protection_only
SGBTR_65,0,20260921,train,strict_matched_30_60_90_120,strict_pre_protection_only
SGBTR_68,0,20260921,train,strict_matched_30_60_90_120,strict_pre_protection_only
SGBTR_71,0,20260921,train,strict_matched_30_60_90_120,strict_pre_protection_only
SGBTR_72,0,20260921,train,strict_matched_30_60_90_120,strict_pre_protection_only
SGBTR_74,0,20260921,train,strict_matched_30_60_90_120,strict_pre_protection_only
SGBTR_75,0,20260921,train,strict_matched_30_60_90_120,strict_pre_protection_only
SGBTR_77,0,20260921,train,strict_matched_30_60_90_120,strict_pre_protection_only
SGBTR_78,0,20260921,train,strict_matched_30_60_90_120,strict_pre_protection_only
SGBTR_79,0,20260921,train,strict_matched_30_60_90_120,strict_pre_protection_only
SGBTR_80,0,20260921,train,strict_matched_30_60_90_120,strict_pre_protection_only
SGBTR_81,0,20260921,train,strict_matched_30_60_90_120,strict_pre_protection_only
SGBTR_82,0,20260921,train,strict_matched_30_60_90_120,strict_pre_protection_only
SGBTR_83,0,20260921,train,strict_matched_30_60_90_120,strict_pre_protection_only
SGBTR_84,0,20260921,train,strict_matched_30_60_90_120,strict_pre_protection_only
SGBTR_88,0,20260921,train,strict_matched_30_60_90_120,strict_pre_protection_only
SGBTR_89,0,20260921,train,strict_matched_30_60_90_120,strict_pre_protection_only
SGBTR_90,0,20260921,train,strict_matched_30_60_90_120,strict_pre_protection_only
SGBTR_91,0,20260921,train,strict_matched_30_60_90_120,strict_pre_protection_only
SGBTR_92,0,20260921,train,strict_matched_30_60_90_120,strict_pre_protection_only
SGBTR_93,0,20260921,train,strict_matched_30_60_90_120,strict_pre_protection_only
SGBTR_96,0,20260921,train,strict_matched_30_60_90_120,strict_pre_protection_only
SGBTR_98,0,20260921,train,strict_matched_30_60_90_120,strict_pre_protection_only
SGBTR_99,0,20260921,train,strict_matched_30_60_90_120,strict_pre_protection_only
SLBIC_100,0,20260921,train,strict_matched_30_60_90_120,strict_pre_protection_only
SLBIC_101,0,20260921,train,strict_matched_30_60_90_120,strict_pre_protection_only
SLBIC_14,0,20260921,train,strict_matched_30_60_90_120,strict_pre_protection_only
SLBIC_18,0,20260921,train,strict_matched_30_60_90_120,strict_pre_protection_only
SLBIC_19,0,20260921,train,strict_matched_30_60_90_120,strict_pre_protection_only
SLBIC_20,0,20260921,train,strict_matched_30_60_90_120,strict_pre_protection_only
SLBIC_21,0,20260921,train,strict_matched_30_60_90_120,strict_pre_protection_only
SLBIC_23,0,20260921,train,strict_matched_30_60_90_120,strict_pre_protection_only
SLBIC_25,0,20260921,train,strict_matched_30_60_90_120,strict_pre_protection_only
SLBIC_26,0,20260921,train,strict_matched_30_60_90_120,strict_pre_protection_only
SLBIC_29,0,20260921,train,strict_matched_30_60_90_120,strict_pre_protection_only
SLBIC_30,0,20260921,train,strict_matched_30_60_90_120,strict_pre_protection_only
SLBIC_31,0,20260921,train,strict_matched_30_60_90_120,strict_pre_protection_only
SLBIC_36,0,20260921,train,strict_matched_30_60_90_120,strict_pre_protection_only
SLBIC_38,0,20260921,train,strict_matched_30_60_90_120,strict_pre_protection_only
SLBIC_39,0,20260921,train,strict_matched_30_60_90_120,strict_pre_protection_only
SLBIC_40,0,20260921,train,strict_matched_30_60_90_120,strict_pre_protection_only
SLBIC_42,0,20260921,train,strict_matched_30_60_90_120,strict_pre_protection_only
SLBIC_43,0,20260921,train,strict_matched_30_60_90_120,strict_pre_protection_only
SLBIC_44,0,20260921,train,strict_matched_30_60_90_120,strict_pre_protection_only
SLBIC_47,0,20260921,train,strict_matched_30_60_90_120,strict_pre_protection_only
SLBIC_48,0,20260921,train,strict_matched_30_60_90_120,strict_pre_protection_only
SLBIC_49,0,20260921,train,strict_matched_30_60_90_120,strict_pre_protection_only
SLBIC_50,0,20260921,train,strict_matched_30_60_90_120,strict_pre_protection_only
SLBIC_51,0,20260921,train,strict_matched_30_60_90_120,strict_pre_protection_only
SLBIC_52,0,20260921,train,strict_matched_30_60_90_120,strict_pre_protection_only
SLBIC_54,0,20260921,train,strict_matched_30_60_90_120,strict_pre_protection_only
SLBIC_55,0,20260921,train,strict_matched_30_60_90_120,strict_pre_protection_only
SLBIC_57,0,20260921,train,strict_matched_30_60_90_120,strict_pre_protection_only
SLBIC_58,0,20260921,train,strict_matched_30_60_90_120,strict_pre_protection_only
SLBIC_63,0,20260921,train,strict_matched_30_60_90_120,strict_pre_protection_only
SLBIC_64,0,20260921,train,strict_matched_30_60_90_120,strict_pre_protection_only
SLBIC_66,0,20260921,train,strict_matched_30_60_90_120,strict_pre_protection_only
SLBIC_67,0,20260921,train,strict_matched_30_60_90_120,strict_pre_protection_only
SLBIC_68,0,20260921,train,strict_matched_30_60_90_120,strict_pre_protection_only
SLBIC_69,0,20260921,train,strict_matched_30_60_90_120,strict_pre_protection_only
SLBIC_70,0,20260921,train,strict_matched_30_60_90_120,strict_pre_protection_only
SLBIC_72,0,20260921,train,strict_matched_30_60_90_120,strict_pre_protection_only
SLBIC_74,0,20260921,train,strict_matched_30_60_90_120,strict_pre_protection_only
SLBIC_75,0,20260921,train,strict_matched_30_60_90_120,strict_pre_protection_only
SLBIC_76,0,20260921,train,strict_matched_30_60_90_120,strict_pre_protection_only
SLBIC_77,0,20260921,train,strict_matched_30_60_90_120,strict_pre_protection_only
SLBIC_78,0,20260921,train,strict_matched_30_60_90_120,strict_pre_protection_only
SLBIC_80,0,20260921,train,strict_matched_30_60_90_120,strict_pre_protection_only
SLBIC_82,0,20260921,train,strict_matched_30_60_90_120,strict_pre_protection_only
SLBIC_84,0,20260921,train,strict_matched_30_60_90_120,strict_pre_protection_only
SLBIC_85,0,20260921,train,strict_matched_30_60_90_120,strict_pre_protection_only
SLBIC_90,0,20260921,train,strict_matched_30_60_90_120,strict_pre_protection_only
SLBIC_91,0,20260921,train,strict_matched_30_60_90_120,strict_pre_protection_only
SLBIC_92,0,20260921,train,strict_matched_30_60_90_120,strict_pre_protection_only
SLBIC_94,0,20260921,train,strict_matched_30_60_90_120,strict_pre_protection_only
SLBIC_97,0,20260921,train,strict_matched_30_60_90_120,strict_pre_protection_only
SLBIC_98,0,20260921,train,strict_matched_30_60_90_120,strict_pre_protection_only
FLB_18,0,20260921,validation,strict_matched_30_60_90_120,strict_pre_protection_only
FLB_21,0,20260921,validation,strict_matched_30_60_90_120,strict_pre_protection_only
FLB_22,0,20260921,validation,strict_matched_30_60_90_120,strict_pre_protection_only
FLB_23,0,20260921,validation,strict_matched_30_60_90_120,strict_pre_protection_only
FLB_24,0,20260921,validation,strict_matched_30_60_90_120,strict_pre_protection_only
FLB_25,0,20260921,validation,strict_matched_30_60_90_120,strict_pre_protection_only
FLB_36,0,20260921,validation,strict_matched_30_60_90_120,strict_pre_protection_only
FLB_53,0,20260921,validation,strict_matched_30_60_90_120,strict_pre_protection_only
FLB_6,0,20260921,validation,strict_matched_30_60_90_120,strict_pre_protection_only
FLB_60,0,20260921,validation,strict_matched_30_60_90_120,strict_pre_protection_only
FLB_70,0,20260921,validation,strict_matched_30_60_90_120,strict_pre_protection_only
FLB_77,0,20260921,validation,strict_matched_30_60_90_120,strict_pre_protection_only
FLB_78,0,20260921,validation,strict_matched_30_60_90_120,strict_pre_protection_only
FLB_8,0,20260921,validation,strict_matched_30_60_90_120,strict_pre_protection_only
FLB_80,0,20260921,validation,strict_matched_30_60_90_120,strict_pre_protection_only
FLB_87,0,20260921,validation,strict_matched_30_60_90_120,strict_pre_protection_only
FLB_90,0,20260921,validation,strict_matched_30_60_90_120,strict_pre_protection_only
FLB_93,0,20260921,validation,strict_matched_30_60_90_120,strict_pre_protection_only
FLB_95,0,20260921,validation,strict_matched_30_60_90_120,strict_pre_protection_only
FLB_98,0,20260921,validation,strict_matched_30_60_90_120,strict_pre_protection_only
LOCAC_16,0,20260921,validation,strict_matched_30_60_90_120,strict_pre_protection_only
LOCAC_35,0,20260921,validation,strict_matched_30_60_90_120,strict_pre_protection_only
LOCAC_36,0,20260921,validation,strict_matched_30_60_90_120,strict_pre_protection_only
LOCAC_41,0,20260921,validation,strict_matched_30_60_90_120,strict_pre_protection_only
LOCAC_42,0,20260921,validation,strict_matched_30_60_90_120,strict_pre_protection_only
LOCAC_47,0,20260921,validation,strict_matched_30_60_90_120,strict_pre_protection_only
LOCAC_49,0,20260921,validation,strict_matched_30_60_90_120,strict_pre_protection_only
LOCAC_50,0,20260921,validation,strict_matched_30_60_90_120,strict_pre_protection_only
LOCAC_59,0,20260921,validation,strict_matched_30_60_90_120,strict_pre_protection_only
LOCAC_61,0,20260921,validation,strict_matched_30_60_90_120,strict_pre_protection_only
LOCAC_64,0,20260921,validation,strict_matched_30_60_90_120,strict_pre_protection_only
LOCAC_65,0,20260921,validation,strict_matched_30_60_90_120,strict_pre_protection_only
LOCAC_66,0,20260921,validation,strict_matched_30_60_90_120,strict_pre_protection_only
LOCAC_69,0,20260921,validation,strict_matched_30_60_90_120,strict_pre_protection_only
LOCAC_77,0,20260921,validation,strict_matched_30_60_90_120,strict_pre_protection_only
LOCAC_8,0,20260921,validation,strict_matched_30_60_90_120,strict_pre_protection_only
LOCA_10,0,20260921,validation,strict_matched_30_60_90_120,strict_pre_protection_only
LOCA_14,0,20260921,validation,strict_matched_30_60_90_120,strict_pre_protection_only
LOCA_15,0,20260921,validation,strict_matched_30_60_90_120,strict_pre_protection_only
LOCA_19,0,20260921,validation,strict_matched_30_60_90_120,strict_pre_protection_only
LOCA_2,0,20260921,validation,strict_matched_30_60_90_120,strict_pre_protection_only
LOCA_21,0,20260921,validation,strict_matched_30_60_90_120,strict_pre_protection_only
LOCA_30,0,20260921,validation,strict_matched_30_60_90_120,strict_pre_protection_only
LOCA_36,0,20260921,validation,strict_matched_30_60_90_120,strict_pre_protection_only
LOCA_38,0,20260921,validation,strict_matched_30_60_90_120,strict_pre_protection_only
LOCA_5,0,20260921,validation,strict_matched_30_60_90_120,strict_pre_protection_only
LOCA_60,0,20260921,validation,strict_matched_30_60_90_120,strict_pre_protection_only
LOCA_65,0,20260921,validation,strict_matched_30_60_90_120,strict_pre_protection_only
LOCA_66,0,20260921,validation,strict_matched_30_60_90_120,strict_pre_protection_only
LOCA_68,0,20260921,validation,strict_matched_30_60_90_120,strict_pre_protection_only
LOCA_70,0,20260921,validation,strict_matched_30_60_90_120,strict_pre_protection_only
RI_-11,0,20260921,validation,strict_matched_30_60_90_120,strict_pre_protection_only
RI_-15,0,20260921,validation,strict_matched_30_60_90_120,strict_pre_protection_only
RI_-16,0,20260921,validation,strict_matched_30_60_90_120,strict_pre_protection_only
RI_-3,0,20260921,validation,strict_matched_30_60_90_120,strict_pre_protection_only
RI_-6,0,20260921,validation,strict_matched_30_60_90_120,strict_pre_protection_only
RW_1,0,20260921,validation,strict_matched_30_60_90_120,strict_pre_protection_only
SGATR_58,0,20260921,validation,strict_matched_30_60_90_120,strict_pre_protection_only
SGATR_61,0,20260921,validation,strict_matched_30_60_90_120,strict_pre_protection_only
SGATR_65,0,20260921,validation,strict_matched_30_60_90_120,strict_pre_protection_only
SGATR_67,0,20260921,validation,strict_matched_30_60_90_120,strict_pre_protection_only
SGATR_71,0,20260921,validation,strict_matched_30_60_90_120,strict_pre_protection_only
SGATR_80,0,20260921,validation,strict_matched_30_60_90_120,strict_pre_protection_only
SGATR_83,0,20260921,validation,strict_matched_30_60_90_120,strict_pre_protection_only
SGATR_85,0,20260921,validation,strict_matched_30_60_90_120,strict_pre_protection_only
SGATR_92,0,20260921,validation,strict_matched_30_60_90_120,strict_pre_protection_only
SGBTR_110,0,20260921,validation,strict_matched_30_60_90_120,strict_pre_protection_only
SGBTR_57,0,20260921,validation,strict_matched_30_60_90_120,strict_pre_protection_only
SGBTR_59,0,20260921,validation,strict_matched_30_60_90_120,strict_pre_protection_only
SGBTR_63,0,20260921,validation,strict_matched_30_60_90_120,strict_pre_protection_only
SGBTR_66,0,20260921,validation,strict_matched_30_60_90_120,strict_pre_protection_only
SGBTR_67,0,20260921,validation,strict_matched_30_60_90_120,strict_pre_protection_only
SGBTR_69,0,20260921,validation,strict_matched_30_60_90_120,strict_pre_protection_only
SGBTR_70,0,20260921,validation,strict_matched_30_60_90_120,strict_pre_protection_only
SGBTR_87,0,20260921,validation,strict_matched_30_60_90_120,strict_pre_protection_only
SGBTR_94,0,20260921,validation,strict_matched_30_60_90_120,strict_pre_protection_only
SGBTR_97,0,20260921,validation,strict_matched_30_60_90_120,strict_pre_protection_only
SLBIC_17,0,20260921,validation,strict_matched_30_60_90_120,strict_pre_protection_only
SLBIC_22,0,20260921,validation,strict_matched_30_60_90_120,strict_pre_protection_only
SLBIC_24,0,20260921,validation,strict_matched_30_60_90_120,strict_pre_protection_only
SLBIC_28,0,20260921,validation,strict_matched_30_60_90_120,strict_pre_protection_only
SLBIC_32,0,20260921,validation,strict_matched_30_60_90_120,strict_pre_protection_only
SLBIC_35,0,20260921,validation,strict_matched_30_60_90_120,strict_pre_protection_only
SLBIC_45,0,20260921,validation,strict_matched_30_60_90_120,strict_pre_protection_only
SLBIC_46,0,20260921,validation,strict_matched_30_60_90_120,strict_pre_protection_only
SLBIC_56,0,20260921,validation,strict_matched_30_60_90_120,strict_pre_protection_only
SLBIC_61,0,20260921,validation,strict_matched_30_60_90_120,strict_pre_protection_only
SLBIC_71,0,20260921,validation,strict_matched_30_60_90_120,strict_pre_protection_only
SLBIC_79,0,20260921,validation,strict_matched_30_60_90_120,strict_pre_protection_only
SLBIC_81,0,20260921,validation,strict_matched_30_60_90_120,strict_pre_protection_only
SLBIC_88,0,20260921,validation,strict_matched_30_60_90_120,strict_pre_protection_only
SLBIC_89,0,20260921,validation,strict_matched_30_60_90_120,strict_pre_protection_only
SLBIC_96,0,20260921,validation,strict_matched_30_60_90_120,strict_pre_protection_only
SLBIC_99,0,20260921,validation,strict_matched_30_60_90_120,strict_pre_protection_only
FLB_15,0,20260921,test,strict_matched_30_60_90_120,strict_pre_protection_only
FLB_17,0,20260921,test,strict_matched_30_60_90_120,strict_pre_protection_only
FLB_19,0,20260921,test,strict_matched_30_60_90_120,strict_pre_protection_only
FLB_20,0,20260921,test,strict_matched_30_60_90_120,strict_pre_protection_only
FLB_30,0,20260921,test,strict_matched_30_60_90_120,strict_pre_protection_only
FLB_40,0,20260921,test,strict_matched_30_60_90_120,strict_pre_protection_only
FLB_42,0,20260921,test,strict_matched_30_60_90_120,strict_pre_protection_only
FLB_44,0,20260921,test,strict_matched_30_60_90_120,strict_pre_protection_only
FLB_45,0,20260921,test,strict_matched_30_60_90_120,strict_pre_protection_only
FLB_55,0,20260921,test,strict_matched_30_60_90_120,strict_pre_protection_only
FLB_58,0,20260921,test,strict_matched_30_60_90_120,strict_pre_protection_only
FLB_62,0,20260921,test,strict_matched_30_60_90_120,strict_pre_protection_only
FLB_64,0,20260921,test,strict_matched_30_60_90_120,strict_pre_protection_only
FLB_65,0,20260921,test,strict_matched_30_60_90_120,strict_pre_protection_only
FLB_68,0,20260921,test,strict_matched_30_60_90_120,strict_pre_protection_only
FLB_73,0,20260921,test,strict_matched_30_60_90_120,strict_pre_protection_only
FLB_81,0,20260921,test,strict_matched_30_60_90_120,strict_pre_protection_only
FLB_83,0,20260921,test,strict_matched_30_60_90_120,strict_pre_protection_only
FLB_85,0,20260921,test,strict_matched_30_60_90_120,strict_pre_protection_only
FLB_91,0,20260921,test,strict_matched_30_60_90_120,strict_pre_protection_only
LOCAC_11,0,20260921,test,strict_matched_30_60_90_120,strict_pre_protection_only
LOCAC_17,0,20260921,test,strict_matched_30_60_90_120,strict_pre_protection_only
LOCAC_2,0,20260921,test,strict_matched_30_60_90_120,strict_pre_protection_only
LOCAC_26,0,20260921,test,strict_matched_30_60_90_120,strict_pre_protection_only
LOCAC_27,0,20260921,test,strict_matched_30_60_90_120,strict_pre_protection_only
LOCAC_30,0,20260921,test,strict_matched_30_60_90_120,strict_pre_protection_only
LOCAC_31,0,20260921,test,strict_matched_30_60_90_120,strict_pre_protection_only
LOCAC_33,0,20260921,test,strict_matched_30_60_90_120,strict_pre_protection_only
LOCAC_37,0,20260921,test,strict_matched_30_60_90_120,strict_pre_protection_only
LOCAC_39,0,20260921,test,strict_matched_30_60_90_120,strict_pre_protection_only
LOCAC_44,0,20260921,test,strict_matched_30_60_90_120,strict_pre_protection_only
LOCAC_57,0,20260921,test,strict_matched_30_60_90_120,strict_pre_protection_only
LOCAC_58,0,20260921,test,strict_matched_30_60_90_120,strict_pre_protection_only
LOCAC_7,0,20260921,test,strict_matched_30_60_90_120,strict_pre_protection_only
LOCAC_73,0,20260921,test,strict_matched_30_60_90_120,strict_pre_protection_only
LOCAC_79,0,20260921,test,strict_matched_30_60_90_120,strict_pre_protection_only
LOCA_13,0,20260921,test,strict_matched_30_60_90_120,strict_pre_protection_only
LOCA_23,0,20260921,test,strict_matched_30_60_90_120,strict_pre_protection_only
LOCA_26,0,20260921,test,strict_matched_30_60_90_120,strict_pre_protection_only
LOCA_3,0,20260921,test,strict_matched_30_60_90_120,strict_pre_protection_only
LOCA_46,0,20260921,test,strict_matched_30_60_90_120,strict_pre_protection_only
LOCA_47,0,20260921,test,strict_matched_30_60_90_120,strict_pre_protection_only
LOCA_48,0,20260921,test,strict_matched_30_60_90_120,strict_pre_protection_only
LOCA_50,0,20260921,test,strict_matched_30_60_90_120,strict_pre_protection_only
LOCA_52,0,20260921,test,strict_matched_30_60_90_120,strict_pre_protection_only
LOCA_62,0,20260921,test,strict_matched_30_60_90_120,strict_pre_protection_only
LOCA_71,0,20260921,test,strict_matched_30_60_90_120,strict_pre_protection_only
LOCA_72,0,20260921,test,strict_matched_30_60_90_120,strict_pre_protection_only
LOCA_75,0,20260921,test,strict_matched_30_60_90_120,strict_pre_protection_only
LOCA_77,0,20260921,test,strict_matched_30_60_90_120,strict_pre_protection_only
LOCA_9,0,20260921,test,strict_matched_30_60_90_120,strict_pre_protection_only
RI_-18,0,20260921,test,strict_matched_30_60_90_120,strict_pre_protection_only
RI_-19,0,20260921,test,strict_matched_30_60_90_120,strict_pre_protection_only
RI_-32,0,20260921,test,strict_matched_30_60_90_120,strict_pre_protection_only
RI_-35,0,20260921,test,strict_matched_30_60_90_120,strict_pre_protection_only
RI_-5,0,20260921,test,strict_matched_30_60_90_120,strict_pre_protection_only
RI_-7,0,20260921,test,strict_matched_30_60_90_120,strict_pre_protection_only
SGATR_57,0,20260921,test,strict_matched_30_60_90_120,strict_pre_protection_only
SGATR_62,0,20260921,test,strict_matched_30_60_90_120,strict_pre_protection_only
SGATR_70,0,20260921,test,strict_matched_30_60_90_120,strict_pre_protection_only
SGATR_77,0,20260921,test,strict_matched_30_60_90_120,strict_pre_protection_only
SGATR_82,0,20260921,test,strict_matched_30_60_90_120,strict_pre_protection_only
SGATR_90,0,20260921,test,strict_matched_30_60_90_120,strict_pre_protection_only
SGATR_93,0,20260921,test,strict_matched_30_60_90_120,strict_pre_protection_only
SGATR_94,0,20260921,test,strict_matched_30_60_90_120,strict_pre_protection_only
SGATR_97,0,20260921,test,strict_matched_30_60_90_120,strict_pre_protection_only
SGBTR_101,0,20260921,test,strict_matched_30_60_90_120,strict_pre_protection_only
SGBTR_104,0,20260921,test,strict_matched_30_60_90_120,strict_pre_protection_only
SGBTR_108,0,20260921,test,strict_matched_30_60_90_120,strict_pre_protection_only
SGBTR_58,0,20260921,test,strict_matched_30_60_90_120,strict_pre_protection_only
SGBTR_61,0,20260921,test,strict_matched_30_60_90_120,strict_pre_protection_only
SGBTR_64,0,20260921,test,strict_matched_30_60_90_120,strict_pre_protection_only
SGBTR_73,0,20260921,test,strict_matched_30_60_90_120,strict_pre_protection_only
SGBTR_76,0,20260921,test,strict_matched_30_60_90_120,strict_pre_protection_only
SGBTR_85,0,20260921,test,strict_matched_30_60_90_120,strict_pre_protection_only
SGBTR_86,0,20260921,test,strict_matched_30_60_90_120,strict_pre_protection_only
SGBTR_95,0,20260921,test,strict_matched_30_60_90_120,strict_pre_protection_only
SLBIC_15,0,20260921,test,strict_matched_30_60_90_120,strict_pre_protection_only
SLBIC_16,0,20260921,test,strict_matched_30_60_90_120,strict_pre_protection_only
SLBIC_27,0,20260921,test,strict_matched_30_60_90_120,strict_pre_protection_only
SLBIC_33,0,20260921,test,strict_matched_30_60_90_120,strict_pre_protection_only
SLBIC_34,0,20260921,test,strict_matched_30_60_90_120,strict_pre_protection_only
SLBIC_37,0,20260921,test,strict_matched_30_60_90_120,strict_pre_protection_only
SLBIC_41,0,20260921,test,strict_matched_30_60_90_120,strict_pre_protection_only
SLBIC_53,0,20260921,test,strict_matched_30_60_90_120,strict_pre_protection_only
SLBIC_59,0,20260921,test,strict_matched_30_60_90_120,strict_pre_protection_only
SLBIC_60,0,20260921,test,strict_matched_30_60_90_120,strict_pre_protection_only
SLBIC_62,0,20260921,test,strict_matched_30_60_90_120,strict_pre_protection_only
SLBIC_65,0,20260921,test,strict_matched_30_60_90_120,strict_pre_protection_only
SLBIC_73,0,20260921,test,strict_matched_30_60_90_120,strict_pre_protection_only
SLBIC_83,0,20260921,test,strict_matched_30_60_90_120,strict_pre_protection_only
SLBIC_86,0,20260921,test,strict_matched_30_60_90_120,strict_pre_protection_only
SLBIC_87,0,20260921,test,strict_matched_30_60_90_120,strict_pre_protection_only
SLBIC_93,0,20260921,test,strict_matched_30_60_90_120,strict_pre_protection_only
SLBIC_95,0,20260921,test,strict_matched_30_60_90_120,strict_pre_protection_only
FLB_10,1,20261930,train,strict_matched_30_60_90_120,strict_pre_protection_only
FLB_100,1,20261930,train,strict_matched_30_60_90_120,strict_pre_protection_only
FLB_11,1,20261930,train,strict_matched_30_60_90_120,strict_pre_protection_only
FLB_14,1,20261930,train,strict_matched_30_60_90_120,strict_pre_protection_only
FLB_15,1,20261930,train,strict_matched_30_60_90_120,strict_pre_protection_only
FLB_17,1,20261930,train,strict_matched_30_60_90_120,strict_pre_protection_only
FLB_18,1,20261930,train,strict_matched_30_60_90_120,strict_pre_protection_only
FLB_20,1,20261930,train,strict_matched_30_60_90_120,strict_pre_protection_only
FLB_24,1,20261930,train,strict_matched_30_60_90_120,strict_pre_protection_only
FLB_25,1,20261930,train,strict_matched_30_60_90_120,strict_pre_protection_only
FLB_3,1,20261930,train,strict_matched_30_60_90_120,strict_pre_protection_only
FLB_30,1,20261930,train,strict_matched_30_60_90_120,strict_pre_protection_only
FLB_31,1,20261930,train,strict_matched_30_60_90_120,strict_pre_protection_only
FLB_32,1,20261930,train,strict_matched_30_60_90_120,strict_pre_protection_only
FLB_33,1,20261930,train,strict_matched_30_60_90_120,strict_pre_protection_only
FLB_34,1,20261930,train,strict_matched_30_60_90_120,strict_pre_protection_only
FLB_36,1,20261930,train,strict_matched_30_60_90_120,strict_pre_protection_only
FLB_37,1,20261930,train,strict_matched_30_60_90_120,strict_pre_protection_only
FLB_39,1,20261930,train,strict_matched_30_60_90_120,strict_pre_protection_only
FLB_41,1,20261930,train,strict_matched_30_60_90_120,strict_pre_protection_only
FLB_42,1,20261930,train,strict_matched_30_60_90_120,strict_pre_protection_only
FLB_43,1,20261930,train,strict_matched_30_60_90_120,strict_pre_protection_only
FLB_45,1,20261930,train,strict_matched_30_60_90_120,strict_pre_protection_only
FLB_49,1,20261930,train,strict_matched_30_60_90_120,strict_pre_protection_only
FLB_5,1,20261930,train,strict_matched_30_60_90_120,strict_pre_protection_only
FLB_55,1,20261930,train,strict_matched_30_60_90_120,strict_pre_protection_only
FLB_56,1,20261930,train,strict_matched_30_60_90_120,strict_pre_protection_only
FLB_58,1,20261930,train,strict_matched_30_60_90_120,strict_pre_protection_only
FLB_6,1,20261930,train,strict_matched_30_60_90_120,strict_pre_protection_only
FLB_60,1,20261930,train,strict_matched_30_60_90_120,strict_pre_protection_only
FLB_61,1,20261930,train,strict_matched_30_60_90_120,strict_pre_protection_only
FLB_62,1,20261930,train,strict_matched_30_60_90_120,strict_pre_protection_only
FLB_63,1,20261930,train,strict_matched_30_60_90_120,strict_pre_protection_only
FLB_64,1,20261930,train,strict_matched_30_60_90_120,strict_pre_protection_only
FLB_65,1,20261930,train,strict_matched_30_60_90_120,strict_pre_protection_only
FLB_66,1,20261930,train,strict_matched_30_60_90_120,strict_pre_protection_only
FLB_67,1,20261930,train,strict_matched_30_60_90_120,strict_pre_protection_only
FLB_68,1,20261930,train,strict_matched_30_60_90_120,strict_pre_protection_only
FLB_69,1,20261930,train,strict_matched_30_60_90_120,strict_pre_protection_only
FLB_70,1,20261930,train,strict_matched_30_60_90_120,strict_pre_protection_only
FLB_71,1,20261930,train,strict_matched_30_60_90_120,strict_pre_protection_only
FLB_73,1,20261930,train,strict_matched_30_60_90_120,strict_pre_protection_only
FLB_74,1,20261930,train,strict_matched_30_60_90_120,strict_pre_protection_only
FLB_75,1,20261930,train,strict_matched_30_60_90_120,strict_pre_protection_only
FLB_76,1,20261930,train,strict_matched_30_60_90_120,strict_pre_protection_only
FLB_8,1,20261930,train,strict_matched_30_60_90_120,strict_pre_protection_only
FLB_80,1,20261930,train,strict_matched_30_60_90_120,strict_pre_protection_only
FLB_81,1,20261930,train,strict_matched_30_60_90_120,strict_pre_protection_only
FLB_84,1,20261930,train,strict_matched_30_60_90_120,strict_pre_protection_only
FLB_86,1,20261930,train,strict_matched_30_60_90_120,strict_pre_protection_only
FLB_87,1,20261930,train,strict_matched_30_60_90_120,strict_pre_protection_only
FLB_88,1,20261930,train,strict_matched_30_60_90_120,strict_pre_protection_only
FLB_90,1,20261930,train,strict_matched_30_60_90_120,strict_pre_protection_only
FLB_91,1,20261930,train,strict_matched_30_60_90_120,strict_pre_protection_only
FLB_92,1,20261930,train,strict_matched_30_60_90_120,strict_pre_protection_only
FLB_93,1,20261930,train,strict_matched_30_60_90_120,strict_pre_protection_only
FLB_94,1,20261930,train,strict_matched_30_60_90_120,strict_pre_protection_only
FLB_95,1,20261930,train,strict_matched_30_60_90_120,strict_pre_protection_only
FLB_98,1,20261930,train,strict_matched_30_60_90_120,strict_pre_protection_only
LOCAC_1,1,20261930,train,strict_matched_30_60_90_120,strict_pre_protection_only
LOCAC_10,1,20261930,train,strict_matched_30_60_90_120,strict_pre_protection_only
LOCAC_12,1,20261930,train,strict_matched_30_60_90_120,strict_pre_protection_only
LOCAC_13,1,20261930,train,strict_matched_30_60_90_120,strict_pre_protection_only
LOCAC_16,1,20261930,train,strict_matched_30_60_90_120,strict_pre_protection_only
LOCAC_2,1,20261930,train,strict_matched_30_60_90_120,strict_pre_protection_only
LOCAC_22,1,20261930,train,strict_matched_30_60_90_120,strict_pre_protection_only
LOCAC_25,1,20261930,train,strict_matched_30_60_90_120,strict_pre_protection_only
LOCAC_26,1,20261930,train,strict_matched_30_60_90_120,strict_pre_protection_only
LOCAC_28,1,20261930,train,strict_matched_30_60_90_120,strict_pre_protection_only
LOCAC_3,1,20261930,train,strict_matched_30_60_90_120,strict_pre_protection_only
LOCAC_31,1,20261930,train,strict_matched_30_60_90_120,strict_pre_protection_only
LOCAC_33,1,20261930,train,strict_matched_30_60_90_120,strict_pre_protection_only
LOCAC_34,1,20261930,train,strict_matched_30_60_90_120,strict_pre_protection_only
LOCAC_35,1,20261930,train,strict_matched_30_60_90_120,strict_pre_protection_only
LOCAC_38,1,20261930,train,strict_matched_30_60_90_120,strict_pre_protection_only
LOCAC_39,1,20261930,train,strict_matched_30_60_90_120,strict_pre_protection_only
LOCAC_4,1,20261930,train,strict_matched_30_60_90_120,strict_pre_protection_only
LOCAC_40,1,20261930,train,strict_matched_30_60_90_120,strict_pre_protection_only
LOCAC_43,1,20261930,train,strict_matched_30_60_90_120,strict_pre_protection_only
LOCAC_45,1,20261930,train,strict_matched_30_60_90_120,strict_pre_protection_only
LOCAC_47,1,20261930,train,strict_matched_30_60_90_120,strict_pre_protection_only
LOCAC_48,1,20261930,train,strict_matched_30_60_90_120,strict_pre_protection_only
LOCAC_5,1,20261930,train,strict_matched_30_60_90_120,strict_pre_protection_only
LOCAC_51,1,20261930,train,strict_matched_30_60_90_120,strict_pre_protection_only
LOCAC_52,1,20261930,train,strict_matched_30_60_90_120,strict_pre_protection_only
LOCAC_54,1,20261930,train,strict_matched_30_60_90_120,strict_pre_protection_only
LOCAC_55,1,20261930,train,strict_matched_30_60_90_120,strict_pre_protection_only
LOCAC_56,1,20261930,train,strict_matched_30_60_90_120,strict_pre_protection_only
LOCAC_59,1,20261930,train,strict_matched_30_60_90_120,strict_pre_protection_only
LOCAC_6,1,20261930,train,strict_matched_30_60_90_120,strict_pre_protection_only
LOCAC_61,1,20261930,train,strict_matched_30_60_90_120,strict_pre_protection_only
LOCAC_62,1,20261930,train,strict_matched_30_60_90_120,strict_pre_protection_only
LOCAC_63,1,20261930,train,strict_matched_30_60_90_120,strict_pre_protection_only
LOCAC_64,1,20261930,train,strict_matched_30_60_90_120,strict_pre_protection_only
LOCAC_65,1,20261930,train,strict_matched_30_60_90_120,strict_pre_protection_only
LOCAC_68,1,20261930,train,strict_matched_30_60_90_120,strict_pre_protection_only
LOCAC_69,1,20261930,train,strict_matched_30_60_90_120,strict_pre_protection_only
LOCAC_7,1,20261930,train,strict_matched_30_60_90_120,strict_pre_protection_only
LOCAC_70,1,20261930,train,strict_matched_30_60_90_120,strict_pre_protection_only
LOCAC_73,1,20261930,train,strict_matched_30_60_90_120,strict_pre_protection_only
LOCAC_74,1,20261930,train,strict_matched_30_60_90_120,strict_pre_protection_only
LOCAC_75,1,20261930,train,strict_matched_30_60_90_120,strict_pre_protection_only
LOCAC_77,1,20261930,train,strict_matched_30_60_90_120,strict_pre_protection_only
LOCAC_78,1,20261930,train,strict_matched_30_60_90_120,strict_pre_protection_only
LOCAC_79,1,20261930,train,strict_matched_30_60_90_120,strict_pre_protection_only
LOCAC_8,1,20261930,train,strict_matched_30_60_90_120,strict_pre_protection_only
LOCA_12,1,20261930,train,strict_matched_30_60_90_120,strict_pre_protection_only
LOCA_14,1,20261930,train,strict_matched_30_60_90_120,strict_pre_protection_only
LOCA_15,1,20261930,train,strict_matched_30_60_90_120,strict_pre_protection_only
LOCA_16,1,20261930,train,strict_matched_30_60_90_120,strict_pre_protection_only
LOCA_18,1,20261930,train,strict_matched_30_60_90_120,strict_pre_protection_only
LOCA_2,1,20261930,train,strict_matched_30_60_90_120,strict_pre_protection_only
LOCA_20,1,20261930,train,strict_matched_30_60_90_120,strict_pre_protection_only
LOCA_22,1,20261930,train,strict_matched_30_60_90_120,strict_pre_protection_only
LOCA_23,1,20261930,train,strict_matched_30_60_90_120,strict_pre_protection_only
LOCA_24,1,20261930,train,strict_matched_30_60_90_120,strict_pre_protection_only
LOCA_26,1,20261930,train,strict_matched_30_60_90_120,strict_pre_protection_only
LOCA_27,1,20261930,train,strict_matched_30_60_90_120,strict_pre_protection_only
LOCA_28,1,20261930,train,strict_matched_30_60_90_120,strict_pre_protection_only
LOCA_29,1,20261930,train,strict_matched_30_60_90_120,strict_pre_protection_only
LOCA_3,1,20261930,train,strict_matched_30_60_90_120,strict_pre_protection_only
LOCA_30,1,20261930,train,strict_matched_30_60_90_120,strict_pre_protection_only
LOCA_32,1,20261930,train,strict_matched_30_60_90_120,strict_pre_protection_only
LOCA_33,1,20261930,train,strict_matched_30_60_90_120,strict_pre_protection_only
LOCA_35,1,20261930,train,strict_matched_30_60_90_120,strict_pre_protection_only
LOCA_36,1,20261930,train,strict_matched_30_60_90_120,strict_pre_protection_only
LOCA_38,1,20261930,train,strict_matched_30_60_90_120,strict_pre_protection_only
LOCA_4,1,20261930,train,strict_matched_30_60_90_120,strict_pre_protection_only
LOCA_41,1,20261930,train,strict_matched_30_60_90_120,strict_pre_protection_only
LOCA_46,1,20261930,train,strict_matched_30_60_90_120,strict_pre_protection_only
LOCA_47,1,20261930,train,strict_matched_30_60_90_120,strict_pre_protection_only
LOCA_49,1,20261930,train,strict_matched_30_60_90_120,strict_pre_protection_only
LOCA_5,1,20261930,train,strict_matched_30_60_90_120,strict_pre_protection_only
LOCA_52,1,20261930,train,strict_matched_30_60_90_120,strict_pre_protection_only
LOCA_53,1,20261930,train,strict_matched_30_60_90_120,strict_pre_protection_only
LOCA_56,1,20261930,train,strict_matched_30_60_90_120,strict_pre_protection_only
LOCA_57,1,20261930,train,strict_matched_30_60_90_120,strict_pre_protection_only
LOCA_58,1,20261930,train,strict_matched_30_60_90_120,strict_pre_protection_only
LOCA_59,1,20261930,train,strict_matched_30_60_90_120,strict_pre_protection_only
LOCA_60,1,20261930,train,strict_matched_30_60_90_120,strict_pre_protection_only
LOCA_61,1,20261930,train,strict_matched_30_60_90_120,strict_pre_protection_only
LOCA_63,1,20261930,train,strict_matched_30_60_90_120,strict_pre_protection_only
LOCA_64,1,20261930,train,strict_matched_30_60_90_120,strict_pre_protection_only
LOCA_65,1,20261930,train,strict_matched_30_60_90_120,strict_pre_protection_only
LOCA_68,1,20261930,train,strict_matched_30_60_90_120,strict_pre_protection_only
LOCA_69,1,20261930,train,strict_matched_30_60_90_120,strict_pre_protection_only
LOCA_7,1,20261930,train,strict_matched_30_60_90_120,strict_pre_protection_only
LOCA_71,1,20261930,train,strict_matched_30_60_90_120,strict_pre_protection_only
LOCA_72,1,20261930,train,strict_matched_30_60_90_120,strict_pre_protection_only
LOCA_73,1,20261930,train,strict_matched_30_60_90_120,strict_pre_protection_only
LOCA_75,1,20261930,train,strict_matched_30_60_90_120,strict_pre_protection_only
LOCA_77,1,20261930,train,strict_matched_30_60_90_120,strict_pre_protection_only
RI_-1,1,20261930,train,strict_matched_30_60_90_120,strict_pre_protection_only
RI_-10,1,20261930,train,strict_matched_30_60_90_120,strict_pre_protection_only
RI_-11,1,20261930,train,strict_matched_30_60_90_120,strict_pre_protection_only
RI_-13,1,20261930,train,strict_matched_30_60_90_120,strict_pre_protection_only
RI_-14,1,20261930,train,strict_matched_30_60_90_120,strict_pre_protection_only
RI_-17,1,20261930,train,strict_matched_30_60_90_120,strict_pre_protection_only
RI_-18,1,20261930,train,strict_matched_30_60_90_120,strict_pre_protection_only
RI_-19,1,20261930,train,strict_matched_30_60_90_120,strict_pre_protection_only
RI_-20,1,20261930,train,strict_matched_30_60_90_120,strict_pre_protection_only
RI_-21,1,20261930,train,strict_matched_30_60_90_120,strict_pre_protection_only
RI_-3,1,20261930,train,strict_matched_30_60_90_120,strict_pre_protection_only
RI_-31,1,20261930,train,strict_matched_30_60_90_120,strict_pre_protection_only
RI_-32,1,20261930,train,strict_matched_30_60_90_120,strict_pre_protection_only
RI_-34,1,20261930,train,strict_matched_30_60_90_120,strict_pre_protection_only
RI_-4,1,20261930,train,strict_matched_30_60_90_120,strict_pre_protection_only
RI_-5,1,20261930,train,strict_matched_30_60_90_120,strict_pre_protection_only
RI_-7,1,20261930,train,strict_matched_30_60_90_120,strict_pre_protection_only
RW_1,1,20261930,train,strict_matched_30_60_90_120,strict_pre_protection_only
RW_2,1,20261930,train,strict_matched_30_60_90_120,strict_pre_protection_only
SGATR_58,1,20261930,train,strict_matched_30_60_90_120,strict_pre_protection_only
SGATR_59,1,20261930,train,strict_matched_30_60_90_120,strict_pre_protection_only
SGATR_60,1,20261930,train,strict_matched_30_60_90_120,strict_pre_protection_only
SGATR_61,1,20261930,train,strict_matched_30_60_90_120,strict_pre_protection_only
SGATR_62,1,20261930,train,strict_matched_30_60_90_120,strict_pre_protection_only
SGATR_63,1,20261930,train,strict_matched_30_60_90_120,strict_pre_protection_only
SGATR_64,1,20261930,train,strict_matched_30_60_90_120,strict_pre_protection_only
SGATR_65,1,20261930,train,strict_matched_30_60_90_120,strict_pre_protection_only
SGATR_68,1,20261930,train,strict_matched_30_60_90_120,strict_pre_protection_only
SGATR_69,1,20261930,train,strict_matched_30_60_90_120,strict_pre_protection_only
SGATR_71,1,20261930,train,strict_matched_30_60_90_120,strict_pre_protection_only
SGATR_74,1,20261930,train,strict_matched_30_60_90_120,strict_pre_protection_only
SGATR_78,1,20261930,train,strict_matched_30_60_90_120,strict_pre_protection_only
SGATR_79,1,20261930,train,strict_matched_30_60_90_120,strict_pre_protection_only
SGATR_80,1,20261930,train,strict_matched_30_60_90_120,strict_pre_protection_only
SGATR_82,1,20261930,train,strict_matched_30_60_90_120,strict_pre_protection_only
SGATR_83,1,20261930,train,strict_matched_30_60_90_120,strict_pre_protection_only
SGATR_86,1,20261930,train,strict_matched_30_60_90_120,strict_pre_protection_only
SGATR_88,1,20261930,train,strict_matched_30_60_90_120,strict_pre_protection_only
SGATR_89,1,20261930,train,strict_matched_30_60_90_120,strict_pre_protection_only
SGATR_91,1,20261930,train,strict_matched_30_60_90_120,strict_pre_protection_only
SGATR_93,1,20261930,train,strict_matched_30_60_90_120,strict_pre_protection_only
SGATR_94,1,20261930,train,strict_matched_30_60_90_120,strict_pre_protection_only
SGATR_95,1,20261930,train,strict_matched_30_60_90_120,strict_pre_protection_only
SGATR_97,1,20261930,train,strict_matched_30_60_90_120,strict_pre_protection_only
SGATR_98,1,20261930,train,strict_matched_30_60_90_120,strict_pre_protection_only
SGBTR_100,1,20261930,train,strict_matched_30_60_90_120,strict_pre_protection_only
SGBTR_101,1,20261930,train,strict_matched_30_60_90_120,strict_pre_protection_only
SGBTR_102,1,20261930,train,strict_matched_30_60_90_120,strict_pre_protection_only
SGBTR_104,1,20261930,train,strict_matched_30_60_90_120,strict_pre_protection_only
SGBTR_106,1,20261930,train,strict_matched_30_60_90_120,strict_pre_protection_only
SGBTR_107,1,20261930,train,strict_matched_30_60_90_120,strict_pre_protection_only
SGBTR_108,1,20261930,train,strict_matched_30_60_90_120,strict_pre_protection_only
SGBTR_109,1,20261930,train,strict_matched_30_60_90_120,strict_pre_protection_only
SGBTR_110,1,20261930,train,strict_matched_30_60_90_120,strict_pre_protection_only
SGBTR_59,1,20261930,train,strict_matched_30_60_90_120,strict_pre_protection_only
SGBTR_60,1,20261930,train,strict_matched_30_60_90_120,strict_pre_protection_only
SGBTR_64,1,20261930,train,strict_matched_30_60_90_120,strict_pre_protection_only
SGBTR_65,1,20261930,train,strict_matched_30_60_90_120,strict_pre_protection_only
SGBTR_69,1,20261930,train,strict_matched_30_60_90_120,strict_pre_protection_only
SGBTR_71,1,20261930,train,strict_matched_30_60_90_120,strict_pre_protection_only
SGBTR_72,1,20261930,train,strict_matched_30_60_90_120,strict_pre_protection_only
SGBTR_74,1,20261930,train,strict_matched_30_60_90_120,strict_pre_protection_only
SGBTR_76,1,20261930,train,strict_matched_30_60_90_120,strict_pre_protection_only
SGBTR_77,1,20261930,train,strict_matched_30_60_90_120,strict_pre_protection_only
SGBTR_78,1,20261930,train,strict_matched_30_60_90_120,strict_pre_protection_only
SGBTR_79,1,20261930,train,strict_matched_30_60_90_120,strict_pre_protection_only
SGBTR_81,1,20261930,train,strict_matched_30_60_90_120,strict_pre_protection_only
SGBTR_84,1,20261930,train,strict_matched_30_60_90_120,strict_pre_protection_only
SGBTR_85,1,20261930,train,strict_matched_30_60_90_120,strict_pre_protection_only
SGBTR_88,1,20261930,train,strict_matched_30_60_90_120,strict_pre_protection_only
SGBTR_89,1,20261930,train,strict_matched_30_60_90_120,strict_pre_protection_only
SGBTR_91,1,20261930,train,strict_matched_30_60_90_120,strict_pre_protection_only
SGBTR_93,1,20261930,train,strict_matched_30_60_90_120,strict_pre_protection_only
SGBTR_94,1,20261930,train,strict_matched_30_60_90_120,strict_pre_protection_only
SGBTR_96,1,20261930,train,strict_matched_30_60_90_120,strict_pre_protection_only
SGBTR_97,1,20261930,train,strict_matched_30_60_90_120,strict_pre_protection_only
SGBTR_99,1,20261930,train,strict_matched_30_60_90_120,strict_pre_protection_only
SLBIC_100,1,20261930,train,strict_matched_30_60_90_120,strict_pre_protection_only
SLBIC_14,1,20261930,train,strict_matched_30_60_90_120,strict_pre_protection_only
SLBIC_15,1,20261930,train,strict_matched_30_60_90_120,strict_pre_protection_only
SLBIC_16,1,20261930,train,strict_matched_30_60_90_120,strict_pre_protection_only
SLBIC_17,1,20261930,train,strict_matched_30_60_90_120,strict_pre_protection_only
SLBIC_18,1,20261930,train,strict_matched_30_60_90_120,strict_pre_protection_only
SLBIC_19,1,20261930,train,strict_matched_30_60_90_120,strict_pre_protection_only
SLBIC_21,1,20261930,train,strict_matched_30_60_90_120,strict_pre_protection_only
SLBIC_24,1,20261930,train,strict_matched_30_60_90_120,strict_pre_protection_only
SLBIC_25,1,20261930,train,strict_matched_30_60_90_120,strict_pre_protection_only
SLBIC_27,1,20261930,train,strict_matched_30_60_90_120,strict_pre_protection_only
SLBIC_28,1,20261930,train,strict_matched_30_60_90_120,strict_pre_protection_only
SLBIC_29,1,20261930,train,strict_matched_30_60_90_120,strict_pre_protection_only
SLBIC_31,1,20261930,train,strict_matched_30_60_90_120,strict_pre_protection_only
SLBIC_32,1,20261930,train,strict_matched_30_60_90_120,strict_pre_protection_only
SLBIC_33,1,20261930,train,strict_matched_30_60_90_120,strict_pre_protection_only
SLBIC_34,1,20261930,train,strict_matched_30_60_90_120,strict_pre_protection_only
SLBIC_36,1,20261930,train,strict_matched_30_60_90_120,strict_pre_protection_only
SLBIC_37,1,20261930,train,strict_matched_30_60_90_120,strict_pre_protection_only
SLBIC_38,1,20261930,train,strict_matched_30_60_90_120,strict_pre_protection_only
SLBIC_39,1,20261930,train,strict_matched_30_60_90_120,strict_pre_protection_only
SLBIC_40,1,20261930,train,strict_matched_30_60_90_120,strict_pre_protection_only
SLBIC_41,1,20261930,train,strict_matched_30_60_90_120,strict_pre_protection_only
SLBIC_42,1,20261930,train,strict_matched_30_60_90_120,strict_pre_protection_only
SLBIC_44,1,20261930,train,strict_matched_30_60_90_120,strict_pre_protection_only
SLBIC_45,1,20261930,train,strict_matched_30_60_90_120,strict_pre_protection_only
SLBIC_50,1,20261930,train,strict_matched_30_60_90_120,strict_pre_protection_only
SLBIC_51,1,20261930,train,strict_matched_30_60_90_120,strict_pre_protection_only
SLBIC_55,1,20261930,train,strict_matched_30_60_90_120,strict_pre_protection_only
SLBIC_57,1,20261930,train,strict_matched_30_60_90_120,strict_pre_protection_only
SLBIC_58,1,20261930,train,strict_matched_30_60_90_120,strict_pre_protection_only
SLBIC_60,1,20261930,train,strict_matched_30_60_90_120,strict_pre_protection_only
SLBIC_66,1,20261930,train,strict_matched_30_60_90_120,strict_pre_protection_only
SLBIC_69,1,20261930,train,strict_matched_30_60_90_120,strict_pre_protection_only
SLBIC_71,1,20261930,train,strict_matched_30_60_90_120,strict_pre_protection_only
SLBIC_73,1,20261930,train,strict_matched_30_60_90_120,strict_pre_protection_only
SLBIC_74,1,20261930,train,strict_matched_30_60_90_120,strict_pre_protection_only
SLBIC_75,1,20261930,train,strict_matched_30_60_90_120,strict_pre_protection_only
SLBIC_76,1,20261930,train,strict_matched_30_60_90_120,strict_pre_protection_only
SLBIC_77,1,20261930,train,strict_matched_30_60_90_120,strict_pre_protection_only
SLBIC_78,1,20261930,train,strict_matched_30_60_90_120,strict_pre_protection_only
SLBIC_80,1,20261930,train,strict_matched_30_60_90_120,strict_pre_protection_only
SLBIC_81,1,20261930,train,strict_matched_30_60_90_120,strict_pre_protection_only
SLBIC_82,1,20261930,train,strict_matched_30_60_90_120,strict_pre_protection_only
SLBIC_83,1,20261930,train,strict_matched_30_60_90_120,strict_pre_protection_only
SLBIC_85,1,20261930,train,strict_matched_30_60_90_120,strict_pre_protection_only
SLBIC_86,1,20261930,train,strict_matched_30_60_90_120,strict_pre_protection_only
SLBIC_87,1,20261930,train,strict_matched_30_60_90_120,strict_pre_protection_only
SLBIC_88,1,20261930,train,strict_matched_30_60_90_120,strict_pre_protection_only
SLBIC_93,1,20261930,train,strict_matched_30_60_90_120,strict_pre_protection_only
SLBIC_94,1,20261930,train,strict_matched_30_60_90_120,strict_pre_protection_only
SLBIC_95,1,20261930,train,strict_matched_30_60_90_120,strict_pre_protection_only
SLBIC_98,1,20261930,train,strict_matched_30_60_90_120,strict_pre_protection_only
FLB_19,1,20261930,validation,strict_matched_30_60_90_120,strict_pre_protection_only
FLB_22,1,20261930,validation,strict_matched_30_60_90_120,strict_pre_protection_only
FLB_27,1,20261930,validation,strict_matched_30_60_90_120,strict_pre_protection_only
FLB_28,1,20261930,validation,strict_matched_30_60_90_120,strict_pre_protection_only
FLB_44,1,20261930,validation,strict_matched_30_60_90_120,strict_pre_protection_only
FLB_47,1,20261930,validation,strict_matched_30_60_90_120,strict_pre_protection_only
FLB_50,1,20261930,validation,strict_matched_30_60_90_120,strict_pre_protection_only
FLB_51,1,20261930,validation,strict_matched_30_60_90_120,strict_pre_protection_only
FLB_53,1,20261930,validation,strict_matched_30_60_90_120,strict_pre_protection_only
FLB_54,1,20261930,validation,strict_matched_30_60_90_120,strict_pre_protection_only
FLB_57,1,20261930,validation,strict_matched_30_60_90_120,strict_pre_protection_only
FLB_72,1,20261930,validation,strict_matched_30_60_90_120,strict_pre_protection_only
FLB_78,1,20261930,validation,strict_matched_30_60_90_120,strict_pre_protection_only
FLB_82,1,20261930,validation,strict_matched_30_60_90_120,strict_pre_protection_only
FLB_83,1,20261930,validation,strict_matched_30_60_90_120,strict_pre_protection_only
FLB_85,1,20261930,validation,strict_matched_30_60_90_120,strict_pre_protection_only
FLB_89,1,20261930,validation,strict_matched_30_60_90_120,strict_pre_protection_only
FLB_9,1,20261930,validation,strict_matched_30_60_90_120,strict_pre_protection_only
FLB_97,1,20261930,validation,strict_matched_30_60_90_120,strict_pre_protection_only
FLB_99,1,20261930,validation,strict_matched_30_60_90_120,strict_pre_protection_only
LOCAC_17,1,20261930,validation,strict_matched_30_60_90_120,strict_pre_protection_only
LOCAC_21,1,20261930,validation,strict_matched_30_60_90_120,strict_pre_protection_only
LOCAC_30,1,20261930,validation,strict_matched_30_60_90_120,strict_pre_protection_only
LOCAC_36,1,20261930,validation,strict_matched_30_60_90_120,strict_pre_protection_only
LOCAC_37,1,20261930,validation,strict_matched_30_60_90_120,strict_pre_protection_only
LOCAC_42,1,20261930,validation,strict_matched_30_60_90_120,strict_pre_protection_only
LOCAC_44,1,20261930,validation,strict_matched_30_60_90_120,strict_pre_protection_only
LOCAC_46,1,20261930,validation,strict_matched_30_60_90_120,strict_pre_protection_only
LOCAC_49,1,20261930,validation,strict_matched_30_60_90_120,strict_pre_protection_only
LOCAC_53,1,20261930,validation,strict_matched_30_60_90_120,strict_pre_protection_only
LOCAC_57,1,20261930,validation,strict_matched_30_60_90_120,strict_pre_protection_only
LOCAC_60,1,20261930,validation,strict_matched_30_60_90_120,strict_pre_protection_only
LOCAC_66,1,20261930,validation,strict_matched_30_60_90_120,strict_pre_protection_only
LOCAC_71,1,20261930,validation,strict_matched_30_60_90_120,strict_pre_protection_only
LOCAC_72,1,20261930,validation,strict_matched_30_60_90_120,strict_pre_protection_only
LOCAC_9,1,20261930,validation,strict_matched_30_60_90_120,strict_pre_protection_only
LOCA_10,1,20261930,validation,strict_matched_30_60_90_120,strict_pre_protection_only
LOCA_13,1,20261930,validation,strict_matched_30_60_90_120,strict_pre_protection_only
LOCA_19,1,20261930,validation,strict_matched_30_60_90_120,strict_pre_protection_only
LOCA_21,1,20261930,validation,strict_matched_30_60_90_120,strict_pre_protection_only
LOCA_25,1,20261930,validation,strict_matched_30_60_90_120,strict_pre_protection_only
LOCA_31,1,20261930,validation,strict_matched_30_60_90_120,strict_pre_protection_only
LOCA_34,1,20261930,validation,strict_matched_30_60_90_120,strict_pre_protection_only
LOCA_37,1,20261930,validation,strict_matched_30_60_90_120,strict_pre_protection_only
LOCA_50,1,20261930,validation,strict_matched_30_60_90_120,strict_pre_protection_only
LOCA_6,1,20261930,validation,strict_matched_30_60_90_120,strict_pre_protection_only
LOCA_70,1,20261930,validation,strict_matched_30_60_90_120,strict_pre_protection_only
LOCA_74,1,20261930,validation,strict_matched_30_60_90_120,strict_pre_protection_only
LOCA_76,1,20261930,validation,strict_matched_30_60_90_120,strict_pre_protection_only
LOCA_8,1,20261930,validation,strict_matched_30_60_90_120,strict_pre_protection_only
LOCA_9,1,20261930,validation,strict_matched_30_60_90_120,strict_pre_protection_only
RI_-15,1,20261930,validation,strict_matched_30_60_90_120,strict_pre_protection_only
RI_-16,1,20261930,validation,strict_matched_30_60_90_120,strict_pre_protection_only
RI_-2,1,20261930,validation,strict_matched_30_60_90_120,strict_pre_protection_only
RI_-6,1,20261930,validation,strict_matched_30_60_90_120,strict_pre_protection_only
RI_-8,1,20261930,validation,strict_matched_30_60_90_120,strict_pre_protection_only
RW_3,1,20261930,validation,strict_matched_30_60_90_120,strict_pre_protection_only
SGATR_100,1,20261930,validation,strict_matched_30_60_90_120,strict_pre_protection_only
SGATR_57,1,20261930,validation,strict_matched_30_60_90_120,strict_pre_protection_only
SGATR_66,1,20261930,validation,strict_matched_30_60_90_120,strict_pre_protection_only
SGATR_70,1,20261930,validation,strict_matched_30_60_90_120,strict_pre_protection_only
SGATR_72,1,20261930,validation,strict_matched_30_60_90_120,strict_pre_protection_only
SGATR_77,1,20261930,validation,strict_matched_30_60_90_120,strict_pre_protection_only
SGATR_81,1,20261930,validation,strict_matched_30_60_90_120,strict_pre_protection_only
SGATR_96,1,20261930,validation,strict_matched_30_60_90_120,strict_pre_protection_only
SGATR_99,1,20261930,validation,strict_matched_30_60_90_120,strict_pre_protection_only
SGBTR_61,1,20261930,validation,strict_matched_30_60_90_120,strict_pre_protection_only
SGBTR_62,1,20261930,validation,strict_matched_30_60_90_120,strict_pre_protection_only
SGBTR_63,1,20261930,validation,strict_matched_30_60_90_120,strict_pre_protection_only
SGBTR_67,1,20261930,validation,strict_matched_30_60_90_120,strict_pre_protection_only
SGBTR_73,1,20261930,validation,strict_matched_30_60_90_120,strict_pre_protection_only
SGBTR_75,1,20261930,validation,strict_matched_30_60_90_120,strict_pre_protection_only
SGBTR_80,1,20261930,validation,strict_matched_30_60_90_120,strict_pre_protection_only
SGBTR_83,1,20261930,validation,strict_matched_30_60_90_120,strict_pre_protection_only
SGBTR_92,1,20261930,validation,strict_matched_30_60_90_120,strict_pre_protection_only
SGBTR_95,1,20261930,validation,strict_matched_30_60_90_120,strict_pre_protection_only
SGBTR_98,1,20261930,validation,strict_matched_30_60_90_120,strict_pre_protection_only
SLBIC_23,1,20261930,validation,strict_matched_30_60_90_120,strict_pre_protection_only
SLBIC_26,1,20261930,validation,strict_matched_30_60_90_120,strict_pre_protection_only
SLBIC_35,1,20261930,validation,strict_matched_30_60_90_120,strict_pre_protection_only
SLBIC_43,1,20261930,validation,strict_matched_30_60_90_120,strict_pre_protection_only
SLBIC_46,1,20261930,validation,strict_matched_30_60_90_120,strict_pre_protection_only
SLBIC_47,1,20261930,validation,strict_matched_30_60_90_120,strict_pre_protection_only
SLBIC_48,1,20261930,validation,strict_matched_30_60_90_120,strict_pre_protection_only
SLBIC_52,1,20261930,validation,strict_matched_30_60_90_120,strict_pre_protection_only
SLBIC_54,1,20261930,validation,strict_matched_30_60_90_120,strict_pre_protection_only
SLBIC_62,1,20261930,validation,strict_matched_30_60_90_120,strict_pre_protection_only
SLBIC_64,1,20261930,validation,strict_matched_30_60_90_120,strict_pre_protection_only
SLBIC_65,1,20261930,validation,strict_matched_30_60_90_120,strict_pre_protection_only
SLBIC_72,1,20261930,validation,strict_matched_30_60_90_120,strict_pre_protection_only
SLBIC_79,1,20261930,validation,strict_matched_30_60_90_120,strict_pre_protection_only
SLBIC_91,1,20261930,validation,strict_matched_30_60_90_120,strict_pre_protection_only
SLBIC_92,1,20261930,validation,strict_matched_30_60_90_120,strict_pre_protection_only
SLBIC_99,1,20261930,validation,strict_matched_30_60_90_120,strict_pre_protection_only
FLB_12,1,20261930,test,strict_matched_30_60_90_120,strict_pre_protection_only
FLB_13,1,20261930,test,strict_matched_30_60_90_120,strict_pre_protection_only
FLB_16,1,20261930,test,strict_matched_30_60_90_120,strict_pre_protection_only
FLB_2,1,20261930,test,strict_matched_30_60_90_120,strict_pre_protection_only
FLB_21,1,20261930,test,strict_matched_30_60_90_120,strict_pre_protection_only
FLB_23,1,20261930,test,strict_matched_30_60_90_120,strict_pre_protection_only
FLB_26,1,20261930,test,strict_matched_30_60_90_120,strict_pre_protection_only
FLB_29,1,20261930,test,strict_matched_30_60_90_120,strict_pre_protection_only
FLB_35,1,20261930,test,strict_matched_30_60_90_120,strict_pre_protection_only
FLB_38,1,20261930,test,strict_matched_30_60_90_120,strict_pre_protection_only
FLB_4,1,20261930,test,strict_matched_30_60_90_120,strict_pre_protection_only
FLB_40,1,20261930,test,strict_matched_30_60_90_120,strict_pre_protection_only
FLB_46,1,20261930,test,strict_matched_30_60_90_120,strict_pre_protection_only
FLB_48,1,20261930,test,strict_matched_30_60_90_120,strict_pre_protection_only
FLB_52,1,20261930,test,strict_matched_30_60_90_120,strict_pre_protection_only
FLB_59,1,20261930,test,strict_matched_30_60_90_120,strict_pre_protection_only
FLB_7,1,20261930,test,strict_matched_30_60_90_120,strict_pre_protection_only
FLB_77,1,20261930,test,strict_matched_30_60_90_120,strict_pre_protection_only
FLB_79,1,20261930,test,strict_matched_30_60_90_120,strict_pre_protection_only
FLB_96,1,20261930,test,strict_matched_30_60_90_120,strict_pre_protection_only
LOCAC_11,1,20261930,test,strict_matched_30_60_90_120,strict_pre_protection_only
LOCAC_14,1,20261930,test,strict_matched_30_60_90_120,strict_pre_protection_only
LOCAC_15,1,20261930,test,strict_matched_30_60_90_120,strict_pre_protection_only
LOCAC_18,1,20261930,test,strict_matched_30_60_90_120,strict_pre_protection_only
LOCAC_19,1,20261930,test,strict_matched_30_60_90_120,strict_pre_protection_only
LOCAC_20,1,20261930,test,strict_matched_30_60_90_120,strict_pre_protection_only
LOCAC_23,1,20261930,test,strict_matched_30_60_90_120,strict_pre_protection_only
LOCAC_24,1,20261930,test,strict_matched_30_60_90_120,strict_pre_protection_only
LOCAC_27,1,20261930,test,strict_matched_30_60_90_120,strict_pre_protection_only
LOCAC_29,1,20261930,test,strict_matched_30_60_90_120,strict_pre_protection_only
LOCAC_32,1,20261930,test,strict_matched_30_60_90_120,strict_pre_protection_only
LOCAC_41,1,20261930,test,strict_matched_30_60_90_120,strict_pre_protection_only
LOCAC_50,1,20261930,test,strict_matched_30_60_90_120,strict_pre_protection_only
LOCAC_58,1,20261930,test,strict_matched_30_60_90_120,strict_pre_protection_only
LOCAC_67,1,20261930,test,strict_matched_30_60_90_120,strict_pre_protection_only
LOCAC_76,1,20261930,test,strict_matched_30_60_90_120,strict_pre_protection_only
LOCA_1,1,20261930,test,strict_matched_30_60_90_120,strict_pre_protection_only
LOCA_11,1,20261930,test,strict_matched_30_60_90_120,strict_pre_protection_only
LOCA_17,1,20261930,test,strict_matched_30_60_90_120,strict_pre_protection_only
LOCA_39,1,20261930,test,strict_matched_30_60_90_120,strict_pre_protection_only
LOCA_40,1,20261930,test,strict_matched_30_60_90_120,strict_pre_protection_only
LOCA_42,1,20261930,test,strict_matched_30_60_90_120,strict_pre_protection_only
LOCA_44,1,20261930,test,strict_matched_30_60_90_120,strict_pre_protection_only
LOCA_45,1,20261930,test,strict_matched_30_60_90_120,strict_pre_protection_only
LOCA_48,1,20261930,test,strict_matched_30_60_90_120,strict_pre_protection_only
LOCA_51,1,20261930,test,strict_matched_30_60_90_120,strict_pre_protection_only
LOCA_54,1,20261930,test,strict_matched_30_60_90_120,strict_pre_protection_only
LOCA_55,1,20261930,test,strict_matched_30_60_90_120,strict_pre_protection_only
LOCA_62,1,20261930,test,strict_matched_30_60_90_120,strict_pre_protection_only
LOCA_66,1,20261930,test,strict_matched_30_60_90_120,strict_pre_protection_only
LOCA_67,1,20261930,test,strict_matched_30_60_90_120,strict_pre_protection_only
RI_-12,1,20261930,test,strict_matched_30_60_90_120,strict_pre_protection_only
RI_-22,1,20261930,test,strict_matched_30_60_90_120,strict_pre_protection_only
RI_-23,1,20261930,test,strict_matched_30_60_90_120,strict_pre_protection_only
RI_-33,1,20261930,test,strict_matched_30_60_90_120,strict_pre_protection_only
RI_-35,1,20261930,test,strict_matched_30_60_90_120,strict_pre_protection_only
RI_-9,1,20261930,test,strict_matched_30_60_90_120,strict_pre_protection_only
SGATR_67,1,20261930,test,strict_matched_30_60_90_120,strict_pre_protection_only
SGATR_73,1,20261930,test,strict_matched_30_60_90_120,strict_pre_protection_only
SGATR_75,1,20261930,test,strict_matched_30_60_90_120,strict_pre_protection_only
SGATR_76,1,20261930,test,strict_matched_30_60_90_120,strict_pre_protection_only
SGATR_84,1,20261930,test,strict_matched_30_60_90_120,strict_pre_protection_only
SGATR_85,1,20261930,test,strict_matched_30_60_90_120,strict_pre_protection_only
SGATR_87,1,20261930,test,strict_matched_30_60_90_120,strict_pre_protection_only
SGATR_90,1,20261930,test,strict_matched_30_60_90_120,strict_pre_protection_only
SGATR_92,1,20261930,test,strict_matched_30_60_90_120,strict_pre_protection_only
SGBTR_103,1,20261930,test,strict_matched_30_60_90_120,strict_pre_protection_only
SGBTR_105,1,20261930,test,strict_matched_30_60_90_120,strict_pre_protection_only
SGBTR_57,1,20261930,test,strict_matched_30_60_90_120,strict_pre_protection_only
SGBTR_58,1,20261930,test,strict_matched_30_60_90_120,strict_pre_protection_only
SGBTR_66,1,20261930,test,strict_matched_30_60_90_120,strict_pre_protection_only
SGBTR_68,1,20261930,test,strict_matched_30_60_90_120,strict_pre_protection_only
SGBTR_70,1,20261930,test,strict_matched_30_60_90_120,strict_pre_protection_only
SGBTR_82,1,20261930,test,strict_matched_30_60_90_120,strict_pre_protection_only
SGBTR_86,1,20261930,test,strict_matched_30_60_90_120,strict_pre_protection_only
SGBTR_87,1,20261930,test,strict_matched_30_60_90_120,strict_pre_protection_only
SGBTR_90,1,20261930,test,strict_matched_30_60_90_120,strict_pre_protection_only
SLBIC_101,1,20261930,test,strict_matched_30_60_90_120,strict_pre_protection_only
SLBIC_20,1,20261930,test,strict_matched_30_60_90_120,strict_pre_protection_only
SLBIC_22,1,20261930,test,strict_matched_30_60_90_120,strict_pre_protection_only
SLBIC_30,1,20261930,test,strict_matched_30_60_90_120,strict_pre_protection_only
SLBIC_49,1,20261930,test,strict_matched_30_60_90_120,strict_pre_protection_only
SLBIC_53,1,20261930,test,strict_matched_30_60_90_120,strict_pre_protection_only
SLBIC_56,1,20261930,test,strict_matched_30_60_90_120,strict_pre_protection_only
SLBIC_59,1,20261930,test,strict_matched_30_60_90_120,strict_pre_protection_only
SLBIC_61,1,20261930,test,strict_matched_30_60_90_120,strict_pre_protection_only
SLBIC_63,1,20261930,test,strict_matched_30_60_90_120,strict_pre_protection_only
SLBIC_67,1,20261930,test,strict_matched_30_60_90_120,strict_pre_protection_only
SLBIC_68,1,20261930,test,strict_matched_30_60_90_120,strict_pre_protection_only
SLBIC_70,1,20261930,test,strict_matched_30_60_90_120,strict_pre_protection_only
SLBIC_84,1,20261930,test,strict_matched_30_60_90_120,strict_pre_protection_only
SLBIC_89,1,20261930,test,strict_matched_30_60_90_120,strict_pre_protection_only
SLBIC_90,1,20261930,test,strict_matched_30_60_90_120,strict_pre_protection_only
SLBIC_96,1,20261930,test,strict_matched_30_60_90_120,strict_pre_protection_only
SLBIC_97,1,20261930,test,strict_matched_30_60_90_120,strict_pre_protection_only
FLB_10,2,20262939,train,strict_matched_30_60_90_120,strict_pre_protection_only
FLB_11,2,20262939,train,strict_matched_30_60_90_120,strict_pre_protection_only
FLB_14,2,20262939,train,strict_matched_30_60_90_120,strict_pre_protection_only
FLB_15,2,20262939,train,strict_matched_30_60_90_120,strict_pre_protection_only
FLB_16,2,20262939,train,strict_matched_30_60_90_120,strict_pre_protection_only
FLB_18,2,20262939,train,strict_matched_30_60_90_120,strict_pre_protection_only
FLB_19,2,20262939,train,strict_matched_30_60_90_120,strict_pre_protection_only
FLB_2,2,20262939,train,strict_matched_30_60_90_120,strict_pre_protection_only
FLB_22,2,20262939,train,strict_matched_30_60_90_120,strict_pre_protection_only
FLB_23,2,20262939,train,strict_matched_30_60_90_120,strict_pre_protection_only
FLB_27,2,20262939,train,strict_matched_30_60_90_120,strict_pre_protection_only
FLB_3,2,20262939,train,strict_matched_30_60_90_120,strict_pre_protection_only
FLB_30,2,20262939,train,strict_matched_30_60_90_120,strict_pre_protection_only
FLB_31,2,20262939,train,strict_matched_30_60_90_120,strict_pre_protection_only
FLB_33,2,20262939,train,strict_matched_30_60_90_120,strict_pre_protection_only
FLB_34,2,20262939,train,strict_matched_30_60_90_120,strict_pre_protection_only
FLB_35,2,20262939,train,strict_matched_30_60_90_120,strict_pre_protection_only
FLB_36,2,20262939,train,strict_matched_30_60_90_120,strict_pre_protection_only
FLB_37,2,20262939,train,strict_matched_30_60_90_120,strict_pre_protection_only
FLB_38,2,20262939,train,strict_matched_30_60_90_120,strict_pre_protection_only
FLB_39,2,20262939,train,strict_matched_30_60_90_120,strict_pre_protection_only
FLB_40,2,20262939,train,strict_matched_30_60_90_120,strict_pre_protection_only
FLB_41,2,20262939,train,strict_matched_30_60_90_120,strict_pre_protection_only
FLB_42,2,20262939,train,strict_matched_30_60_90_120,strict_pre_protection_only
FLB_43,2,20262939,train,strict_matched_30_60_90_120,strict_pre_protection_only
FLB_44,2,20262939,train,strict_matched_30_60_90_120,strict_pre_protection_only
FLB_45,2,20262939,train,strict_matched_30_60_90_120,strict_pre_protection_only
FLB_46,2,20262939,train,strict_matched_30_60_90_120,strict_pre_protection_only
FLB_48,2,20262939,train,strict_matched_30_60_90_120,strict_pre_protection_only
FLB_50,2,20262939,train,strict_matched_30_60_90_120,strict_pre_protection_only
FLB_51,2,20262939,train,strict_matched_30_60_90_120,strict_pre_protection_only
FLB_52,2,20262939,train,strict_matched_30_60_90_120,strict_pre_protection_only
FLB_55,2,20262939,train,strict_matched_30_60_90_120,strict_pre_protection_only
FLB_60,2,20262939,train,strict_matched_30_60_90_120,strict_pre_protection_only
FLB_61,2,20262939,train,strict_matched_30_60_90_120,strict_pre_protection_only
FLB_63,2,20262939,train,strict_matched_30_60_90_120,strict_pre_protection_only
FLB_66,2,20262939,train,strict_matched_30_60_90_120,strict_pre_protection_only
FLB_68,2,20262939,train,strict_matched_30_60_90_120,strict_pre_protection_only
FLB_69,2,20262939,train,strict_matched_30_60_90_120,strict_pre_protection_only
FLB_7,2,20262939,train,strict_matched_30_60_90_120,strict_pre_protection_only
FLB_70,2,20262939,train,strict_matched_30_60_90_120,strict_pre_protection_only
FLB_71,2,20262939,train,strict_matched_30_60_90_120,strict_pre_protection_only
FLB_74,2,20262939,train,strict_matched_30_60_90_120,strict_pre_protection_only
FLB_75,2,20262939,train,strict_matched_30_60_90_120,strict_pre_protection_only
FLB_76,2,20262939,train,strict_matched_30_60_90_120,strict_pre_protection_only
FLB_78,2,20262939,train,strict_matched_30_60_90_120,strict_pre_protection_only
FLB_80,2,20262939,train,strict_matched_30_60_90_120,strict_pre_protection_only
FLB_81,2,20262939,train,strict_matched_30_60_90_120,strict_pre_protection_only
FLB_83,2,20262939,train,strict_matched_30_60_90_120,strict_pre_protection_only
FLB_84,2,20262939,train,strict_matched_30_60_90_120,strict_pre_protection_only
FLB_86,2,20262939,train,strict_matched_30_60_90_120,strict_pre_protection_only
FLB_87,2,20262939,train,strict_matched_30_60_90_120,strict_pre_protection_only
FLB_88,2,20262939,train,strict_matched_30_60_90_120,strict_pre_protection_only
FLB_89,2,20262939,train,strict_matched_30_60_90_120,strict_pre_protection_only
FLB_91,2,20262939,train,strict_matched_30_60_90_120,strict_pre_protection_only
FLB_92,2,20262939,train,strict_matched_30_60_90_120,strict_pre_protection_only
FLB_94,2,20262939,train,strict_matched_30_60_90_120,strict_pre_protection_only
FLB_96,2,20262939,train,strict_matched_30_60_90_120,strict_pre_protection_only
FLB_97,2,20262939,train,strict_matched_30_60_90_120,strict_pre_protection_only
LOCAC_1,2,20262939,train,strict_matched_30_60_90_120,strict_pre_protection_only
LOCAC_11,2,20262939,train,strict_matched_30_60_90_120,strict_pre_protection_only
LOCAC_12,2,20262939,train,strict_matched_30_60_90_120,strict_pre_protection_only
LOCAC_13,2,20262939,train,strict_matched_30_60_90_120,strict_pre_protection_only
LOCAC_15,2,20262939,train,strict_matched_30_60_90_120,strict_pre_protection_only
LOCAC_16,2,20262939,train,strict_matched_30_60_90_120,strict_pre_protection_only
LOCAC_17,2,20262939,train,strict_matched_30_60_90_120,strict_pre_protection_only
LOCAC_18,2,20262939,train,strict_matched_30_60_90_120,strict_pre_protection_only
LOCAC_2,2,20262939,train,strict_matched_30_60_90_120,strict_pre_protection_only
LOCAC_20,2,20262939,train,strict_matched_30_60_90_120,strict_pre_protection_only
LOCAC_21,2,20262939,train,strict_matched_30_60_90_120,strict_pre_protection_only
LOCAC_23,2,20262939,train,strict_matched_30_60_90_120,strict_pre_protection_only
LOCAC_24,2,20262939,train,strict_matched_30_60_90_120,strict_pre_protection_only
LOCAC_25,2,20262939,train,strict_matched_30_60_90_120,strict_pre_protection_only
LOCAC_3,2,20262939,train,strict_matched_30_60_90_120,strict_pre_protection_only
LOCAC_30,2,20262939,train,strict_matched_30_60_90_120,strict_pre_protection_only
LOCAC_31,2,20262939,train,strict_matched_30_60_90_120,strict_pre_protection_only
LOCAC_34,2,20262939,train,strict_matched_30_60_90_120,strict_pre_protection_only
LOCAC_37,2,20262939,train,strict_matched_30_60_90_120,strict_pre_protection_only
LOCAC_39,2,20262939,train,strict_matched_30_60_90_120,strict_pre_protection_only
LOCAC_40,2,20262939,train,strict_matched_30_60_90_120,strict_pre_protection_only
LOCAC_42,2,20262939,train,strict_matched_30_60_90_120,strict_pre_protection_only
LOCAC_43,2,20262939,train,strict_matched_30_60_90_120,strict_pre_protection_only
LOCAC_44,2,20262939,train,strict_matched_30_60_90_120,strict_pre_protection_only
LOCAC_45,2,20262939,train,strict_matched_30_60_90_120,strict_pre_protection_only
LOCAC_47,2,20262939,train,strict_matched_30_60_90_120,strict_pre_protection_only
LOCAC_50,2,20262939,train,strict_matched_30_60_90_120,strict_pre_protection_only
LOCAC_52,2,20262939,train,strict_matched_30_60_90_120,strict_pre_protection_only
LOCAC_54,2,20262939,train,strict_matched_30_60_90_120,strict_pre_protection_only
LOCAC_55,2,20262939,train,strict_matched_30_60_90_120,strict_pre_protection_only
LOCAC_56,2,20262939,train,strict_matched_30_60_90_120,strict_pre_protection_only
LOCAC_59,2,20262939,train,strict_matched_30_60_90_120,strict_pre_protection_only
LOCAC_6,2,20262939,train,strict_matched_30_60_90_120,strict_pre_protection_only
LOCAC_60,2,20262939,train,strict_matched_30_60_90_120,strict_pre_protection_only
LOCAC_61,2,20262939,train,strict_matched_30_60_90_120,strict_pre_protection_only
LOCAC_62,2,20262939,train,strict_matched_30_60_90_120,strict_pre_protection_only
LOCAC_65,2,20262939,train,strict_matched_30_60_90_120,strict_pre_protection_only
LOCAC_7,2,20262939,train,strict_matched_30_60_90_120,strict_pre_protection_only
LOCAC_70,2,20262939,train,strict_matched_30_60_90_120,strict_pre_protection_only
LOCAC_71,2,20262939,train,strict_matched_30_60_90_120,strict_pre_protection_only
LOCAC_72,2,20262939,train,strict_matched_30_60_90_120,strict_pre_protection_only
LOCAC_74,2,20262939,train,strict_matched_30_60_90_120,strict_pre_protection_only
LOCAC_75,2,20262939,train,strict_matched_30_60_90_120,strict_pre_protection_only
LOCAC_76,2,20262939,train,strict_matched_30_60_90_120,strict_pre_protection_only
LOCAC_78,2,20262939,train,strict_matched_30_60_90_120,strict_pre_protection_only
LOCAC_79,2,20262939,train,strict_matched_30_60_90_120,strict_pre_protection_only
LOCAC_8,2,20262939,train,strict_matched_30_60_90_120,strict_pre_protection_only
LOCA_1,2,20262939,train,strict_matched_30_60_90_120,strict_pre_protection_only
LOCA_12,2,20262939,train,strict_matched_30_60_90_120,strict_pre_protection_only
LOCA_15,2,20262939,train,strict_matched_30_60_90_120,strict_pre_protection_only
LOCA_16,2,20262939,train,strict_matched_30_60_90_120,strict_pre_protection_only
LOCA_18,2,20262939,train,strict_matched_30_60_90_120,strict_pre_protection_only
LOCA_19,2,20262939,train,strict_matched_30_60_90_120,strict_pre_protection_only
LOCA_21,2,20262939,train,strict_matched_30_60_90_120,strict_pre_protection_only
LOCA_22,2,20262939,train,strict_matched_30_60_90_120,strict_pre_protection_only
LOCA_23,2,20262939,train,strict_matched_30_60_90_120,strict_pre_protection_only
LOCA_24,2,20262939,train,strict_matched_30_60_90_120,strict_pre_protection_only
LOCA_25,2,20262939,train,strict_matched_30_60_90_120,strict_pre_protection_only
LOCA_26,2,20262939,train,strict_matched_30_60_90_120,strict_pre_protection_only
LOCA_27,2,20262939,train,strict_matched_30_60_90_120,strict_pre_protection_only
LOCA_28,2,20262939,train,strict_matched_30_60_90_120,strict_pre_protection_only
LOCA_3,2,20262939,train,strict_matched_30_60_90_120,strict_pre_protection_only
LOCA_31,2,20262939,train,strict_matched_30_60_90_120,strict_pre_protection_only
LOCA_35,2,20262939,train,strict_matched_30_60_90_120,strict_pre_protection_only
LOCA_36,2,20262939,train,strict_matched_30_60_90_120,strict_pre_protection_only
LOCA_37,2,20262939,train,strict_matched_30_60_90_120,strict_pre_protection_only
LOCA_39,2,20262939,train,strict_matched_30_60_90_120,strict_pre_protection_only
LOCA_4,2,20262939,train,strict_matched_30_60_90_120,strict_pre_protection_only
LOCA_40,2,20262939,train,strict_matched_30_60_90_120,strict_pre_protection_only
LOCA_45,2,20262939,train,strict_matched_30_60_90_120,strict_pre_protection_only
LOCA_46,2,20262939,train,strict_matched_30_60_90_120,strict_pre_protection_only
LOCA_48,2,20262939,train,strict_matched_30_60_90_120,strict_pre_protection_only
LOCA_49,2,20262939,train,strict_matched_30_60_90_120,strict_pre_protection_only
LOCA_5,2,20262939,train,strict_matched_30_60_90_120,strict_pre_protection_only
LOCA_50,2,20262939,train,strict_matched_30_60_90_120,strict_pre_protection_only
LOCA_52,2,20262939,train,strict_matched_30_60_90_120,strict_pre_protection_only
LOCA_53,2,20262939,train,strict_matched_30_60_90_120,strict_pre_protection_only
LOCA_54,2,20262939,train,strict_matched_30_60_90_120,strict_pre_protection_only
LOCA_58,2,20262939,train,strict_matched_30_60_90_120,strict_pre_protection_only
LOCA_59,2,20262939,train,strict_matched_30_60_90_120,strict_pre_protection_only
LOCA_60,2,20262939,train,strict_matched_30_60_90_120,strict_pre_protection_only
LOCA_62,2,20262939,train,strict_matched_30_60_90_120,strict_pre_protection_only
LOCA_63,2,20262939,train,strict_matched_30_60_90_120,strict_pre_protection_only
LOCA_64,2,20262939,train,strict_matched_30_60_90_120,strict_pre_protection_only
LOCA_66,2,20262939,train,strict_matched_30_60_90_120,strict_pre_protection_only
LOCA_67,2,20262939,train,strict_matched_30_60_90_120,strict_pre_protection_only
LOCA_68,2,20262939,train,strict_matched_30_60_90_120,strict_pre_protection_only
LOCA_70,2,20262939,train,strict_matched_30_60_90_120,strict_pre_protection_only
LOCA_73,2,20262939,train,strict_matched_30_60_90_120,strict_pre_protection_only
LOCA_74,2,20262939,train,strict_matched_30_60_90_120,strict_pre_protection_only
LOCA_75,2,20262939,train,strict_matched_30_60_90_120,strict_pre_protection_only
LOCA_76,2,20262939,train,strict_matched_30_60_90_120,strict_pre_protection_only
LOCA_77,2,20262939,train,strict_matched_30_60_90_120,strict_pre_protection_only
RI_-1,2,20262939,train,strict_matched_30_60_90_120,strict_pre_protection_only
RI_-10,2,20262939,train,strict_matched_30_60_90_120,strict_pre_protection_only
RI_-11,2,20262939,train,strict_matched_30_60_90_120,strict_pre_protection_only
RI_-13,2,20262939,train,strict_matched_30_60_90_120,strict_pre_protection_only
RI_-14,2,20262939,train,strict_matched_30_60_90_120,strict_pre_protection_only
RI_-18,2,20262939,train,strict_matched_30_60_90_120,strict_pre_protection_only
RI_-19,2,20262939,train,strict_matched_30_60_90_120,strict_pre_protection_only
RI_-20,2,20262939,train,strict_matched_30_60_90_120,strict_pre_protection_only
RI_-23,2,20262939,train,strict_matched_30_60_90_120,strict_pre_protection_only
RI_-33,2,20262939,train,strict_matched_30_60_90_120,strict_pre_protection_only
RI_-34,2,20262939,train,strict_matched_30_60_90_120,strict_pre_protection_only
RI_-35,2,20262939,train,strict_matched_30_60_90_120,strict_pre_protection_only
RI_-4,2,20262939,train,strict_matched_30_60_90_120,strict_pre_protection_only
RI_-5,2,20262939,train,strict_matched_30_60_90_120,strict_pre_protection_only
RI_-7,2,20262939,train,strict_matched_30_60_90_120,strict_pre_protection_only
RI_-8,2,20262939,train,strict_matched_30_60_90_120,strict_pre_protection_only
RI_-9,2,20262939,train,strict_matched_30_60_90_120,strict_pre_protection_only
RW_1,2,20262939,train,strict_matched_30_60_90_120,strict_pre_protection_only
RW_3,2,20262939,train,strict_matched_30_60_90_120,strict_pre_protection_only
SGATR_57,2,20262939,train,strict_matched_30_60_90_120,strict_pre_protection_only
SGATR_59,2,20262939,train,strict_matched_30_60_90_120,strict_pre_protection_only
SGATR_60,2,20262939,train,strict_matched_30_60_90_120,strict_pre_protection_only
SGATR_61,2,20262939,train,strict_matched_30_60_90_120,strict_pre_protection_only
SGATR_64,2,20262939,train,strict_matched_30_60_90_120,strict_pre_protection_only
SGATR_65,2,20262939,train,strict_matched_30_60_90_120,strict_pre_protection_only
SGATR_67,2,20262939,train,strict_matched_30_60_90_120,strict_pre_protection_only
SGATR_68,2,20262939,train,strict_matched_30_60_90_120,strict_pre_protection_only
SGATR_71,2,20262939,train,strict_matched_30_60_90_120,strict_pre_protection_only
SGATR_72,2,20262939,train,strict_matched_30_60_90_120,strict_pre_protection_only
SGATR_77,2,20262939,train,strict_matched_30_60_90_120,strict_pre_protection_only
SGATR_78,2,20262939,train,strict_matched_30_60_90_120,strict_pre_protection_only
SGATR_79,2,20262939,train,strict_matched_30_60_90_120,strict_pre_protection_only
SGATR_80,2,20262939,train,strict_matched_30_60_90_120,strict_pre_protection_only
SGATR_83,2,20262939,train,strict_matched_30_60_90_120,strict_pre_protection_only
SGATR_85,2,20262939,train,strict_matched_30_60_90_120,strict_pre_protection_only
SGATR_86,2,20262939,train,strict_matched_30_60_90_120,strict_pre_protection_only
SGATR_90,2,20262939,train,strict_matched_30_60_90_120,strict_pre_protection_only
SGATR_91,2,20262939,train,strict_matched_30_60_90_120,strict_pre_protection_only
SGATR_92,2,20262939,train,strict_matched_30_60_90_120,strict_pre_protection_only
SGATR_93,2,20262939,train,strict_matched_30_60_90_120,strict_pre_protection_only
SGATR_94,2,20262939,train,strict_matched_30_60_90_120,strict_pre_protection_only
SGATR_95,2,20262939,train,strict_matched_30_60_90_120,strict_pre_protection_only
SGATR_96,2,20262939,train,strict_matched_30_60_90_120,strict_pre_protection_only
SGATR_97,2,20262939,train,strict_matched_30_60_90_120,strict_pre_protection_only
SGATR_99,2,20262939,train,strict_matched_30_60_90_120,strict_pre_protection_only
SGBTR_101,2,20262939,train,strict_matched_30_60_90_120,strict_pre_protection_only
SGBTR_102,2,20262939,train,strict_matched_30_60_90_120,strict_pre_protection_only
SGBTR_103,2,20262939,train,strict_matched_30_60_90_120,strict_pre_protection_only
SGBTR_104,2,20262939,train,strict_matched_30_60_90_120,strict_pre_protection_only
SGBTR_105,2,20262939,train,strict_matched_30_60_90_120,strict_pre_protection_only
SGBTR_108,2,20262939,train,strict_matched_30_60_90_120,strict_pre_protection_only
SGBTR_109,2,20262939,train,strict_matched_30_60_90_120,strict_pre_protection_only
SGBTR_110,2,20262939,train,strict_matched_30_60_90_120,strict_pre_protection_only
SGBTR_57,2,20262939,train,strict_matched_30_60_90_120,strict_pre_protection_only
SGBTR_59,2,20262939,train,strict_matched_30_60_90_120,strict_pre_protection_only
SGBTR_61,2,20262939,train,strict_matched_30_60_90_120,strict_pre_protection_only
SGBTR_65,2,20262939,train,strict_matched_30_60_90_120,strict_pre_protection_only
SGBTR_66,2,20262939,train,strict_matched_30_60_90_120,strict_pre_protection_only
SGBTR_67,2,20262939,train,strict_matched_30_60_90_120,strict_pre_protection_only
SGBTR_69,2,20262939,train,strict_matched_30_60_90_120,strict_pre_protection_only
SGBTR_70,2,20262939,train,strict_matched_30_60_90_120,strict_pre_protection_only
SGBTR_71,2,20262939,train,strict_matched_30_60_90_120,strict_pre_protection_only
SGBTR_73,2,20262939,train,strict_matched_30_60_90_120,strict_pre_protection_only
SGBTR_75,2,20262939,train,strict_matched_30_60_90_120,strict_pre_protection_only
SGBTR_76,2,20262939,train,strict_matched_30_60_90_120,strict_pre_protection_only
SGBTR_78,2,20262939,train,strict_matched_30_60_90_120,strict_pre_protection_only
SGBTR_80,2,20262939,train,strict_matched_30_60_90_120,strict_pre_protection_only
SGBTR_84,2,20262939,train,strict_matched_30_60_90_120,strict_pre_protection_only
SGBTR_86,2,20262939,train,strict_matched_30_60_90_120,strict_pre_protection_only
SGBTR_91,2,20262939,train,strict_matched_30_60_90_120,strict_pre_protection_only
SGBTR_92,2,20262939,train,strict_matched_30_60_90_120,strict_pre_protection_only
SGBTR_93,2,20262939,train,strict_matched_30_60_90_120,strict_pre_protection_only
SGBTR_94,2,20262939,train,strict_matched_30_60_90_120,strict_pre_protection_only
SGBTR_95,2,20262939,train,strict_matched_30_60_90_120,strict_pre_protection_only
SGBTR_96,2,20262939,train,strict_matched_30_60_90_120,strict_pre_protection_only
SGBTR_98,2,20262939,train,strict_matched_30_60_90_120,strict_pre_protection_only
SGBTR_99,2,20262939,train,strict_matched_30_60_90_120,strict_pre_protection_only
SLBIC_14,2,20262939,train,strict_matched_30_60_90_120,strict_pre_protection_only
SLBIC_15,2,20262939,train,strict_matched_30_60_90_120,strict_pre_protection_only
SLBIC_17,2,20262939,train,strict_matched_30_60_90_120,strict_pre_protection_only
SLBIC_18,2,20262939,train,strict_matched_30_60_90_120,strict_pre_protection_only
SLBIC_19,2,20262939,train,strict_matched_30_60_90_120,strict_pre_protection_only
SLBIC_20,2,20262939,train,strict_matched_30_60_90_120,strict_pre_protection_only
SLBIC_21,2,20262939,train,strict_matched_30_60_90_120,strict_pre_protection_only
SLBIC_23,2,20262939,train,strict_matched_30_60_90_120,strict_pre_protection_only
SLBIC_24,2,20262939,train,strict_matched_30_60_90_120,strict_pre_protection_only
SLBIC_28,2,20262939,train,strict_matched_30_60_90_120,strict_pre_protection_only
SLBIC_29,2,20262939,train,strict_matched_30_60_90_120,strict_pre_protection_only
SLBIC_33,2,20262939,train,strict_matched_30_60_90_120,strict_pre_protection_only
SLBIC_34,2,20262939,train,strict_matched_30_60_90_120,strict_pre_protection_only
SLBIC_36,2,20262939,train,strict_matched_30_60_90_120,strict_pre_protection_only
SLBIC_39,2,20262939,train,strict_matched_30_60_90_120,strict_pre_protection_only
SLBIC_40,2,20262939,train,strict_matched_30_60_90_120,strict_pre_protection_only
SLBIC_43,2,20262939,train,strict_matched_30_60_90_120,strict_pre_protection_only
SLBIC_44,2,20262939,train,strict_matched_30_60_90_120,strict_pre_protection_only
SLBIC_46,2,20262939,train,strict_matched_30_60_90_120,strict_pre_protection_only
SLBIC_49,2,20262939,train,strict_matched_30_60_90_120,strict_pre_protection_only
SLBIC_51,2,20262939,train,strict_matched_30_60_90_120,strict_pre_protection_only
SLBIC_52,2,20262939,train,strict_matched_30_60_90_120,strict_pre_protection_only
SLBIC_53,2,20262939,train,strict_matched_30_60_90_120,strict_pre_protection_only
SLBIC_56,2,20262939,train,strict_matched_30_60_90_120,strict_pre_protection_only
SLBIC_57,2,20262939,train,strict_matched_30_60_90_120,strict_pre_protection_only
SLBIC_58,2,20262939,train,strict_matched_30_60_90_120,strict_pre_protection_only
SLBIC_59,2,20262939,train,strict_matched_30_60_90_120,strict_pre_protection_only
SLBIC_60,2,20262939,train,strict_matched_30_60_90_120,strict_pre_protection_only
SLBIC_61,2,20262939,train,strict_matched_30_60_90_120,strict_pre_protection_only
SLBIC_62,2,20262939,train,strict_matched_30_60_90_120,strict_pre_protection_only
SLBIC_64,2,20262939,train,strict_matched_30_60_90_120,strict_pre_protection_only
SLBIC_66,2,20262939,train,strict_matched_30_60_90_120,strict_pre_protection_only
SLBIC_67,2,20262939,train,strict_matched_30_60_90_120,strict_pre_protection_only
SLBIC_69,2,20262939,train,strict_matched_30_60_90_120,strict_pre_protection_only
SLBIC_70,2,20262939,train,strict_matched_30_60_90_120,strict_pre_protection_only
SLBIC_72,2,20262939,train,strict_matched_30_60_90_120,strict_pre_protection_only
SLBIC_73,2,20262939,train,strict_matched_30_60_90_120,strict_pre_protection_only
SLBIC_75,2,20262939,train,strict_matched_30_60_90_120,strict_pre_protection_only
SLBIC_76,2,20262939,train,strict_matched_30_60_90_120,strict_pre_protection_only
SLBIC_77,2,20262939,train,strict_matched_30_60_90_120,strict_pre_protection_only
SLBIC_78,2,20262939,train,strict_matched_30_60_90_120,strict_pre_protection_only
SLBIC_80,2,20262939,train,strict_matched_30_60_90_120,strict_pre_protection_only
SLBIC_82,2,20262939,train,strict_matched_30_60_90_120,strict_pre_protection_only
SLBIC_84,2,20262939,train,strict_matched_30_60_90_120,strict_pre_protection_only
SLBIC_85,2,20262939,train,strict_matched_30_60_90_120,strict_pre_protection_only
SLBIC_86,2,20262939,train,strict_matched_30_60_90_120,strict_pre_protection_only
SLBIC_87,2,20262939,train,strict_matched_30_60_90_120,strict_pre_protection_only
SLBIC_89,2,20262939,train,strict_matched_30_60_90_120,strict_pre_protection_only
SLBIC_90,2,20262939,train,strict_matched_30_60_90_120,strict_pre_protection_only
SLBIC_91,2,20262939,train,strict_matched_30_60_90_120,strict_pre_protection_only
SLBIC_93,2,20262939,train,strict_matched_30_60_90_120,strict_pre_protection_only
SLBIC_94,2,20262939,train,strict_matched_30_60_90_120,strict_pre_protection_only
SLBIC_96,2,20262939,train,strict_matched_30_60_90_120,strict_pre_protection_only
FLB_100,2,20262939,validation,strict_matched_30_60_90_120,strict_pre_protection_only
FLB_21,2,20262939,validation,strict_matched_30_60_90_120,strict_pre_protection_only
FLB_26,2,20262939,validation,strict_matched_30_60_90_120,strict_pre_protection_only
FLB_28,2,20262939,validation,strict_matched_30_60_90_120,strict_pre_protection_only
FLB_29,2,20262939,validation,strict_matched_30_60_90_120,strict_pre_protection_only
FLB_4,2,20262939,validation,strict_matched_30_60_90_120,strict_pre_protection_only
FLB_47,2,20262939,validation,strict_matched_30_60_90_120,strict_pre_protection_only
FLB_49,2,20262939,validation,strict_matched_30_60_90_120,strict_pre_protection_only
FLB_5,2,20262939,validation,strict_matched_30_60_90_120,strict_pre_protection_only
FLB_54,2,20262939,validation,strict_matched_30_60_90_120,strict_pre_protection_only
FLB_56,2,20262939,validation,strict_matched_30_60_90_120,strict_pre_protection_only
FLB_6,2,20262939,validation,strict_matched_30_60_90_120,strict_pre_protection_only
FLB_62,2,20262939,validation,strict_matched_30_60_90_120,strict_pre_protection_only
FLB_65,2,20262939,validation,strict_matched_30_60_90_120,strict_pre_protection_only
FLB_67,2,20262939,validation,strict_matched_30_60_90_120,strict_pre_protection_only
FLB_77,2,20262939,validation,strict_matched_30_60_90_120,strict_pre_protection_only
FLB_8,2,20262939,validation,strict_matched_30_60_90_120,strict_pre_protection_only
FLB_90,2,20262939,validation,strict_matched_30_60_90_120,strict_pre_protection_only
FLB_93,2,20262939,validation,strict_matched_30_60_90_120,strict_pre_protection_only
FLB_98,2,20262939,validation,strict_matched_30_60_90_120,strict_pre_protection_only
LOCAC_26,2,20262939,validation,strict_matched_30_60_90_120,strict_pre_protection_only
LOCAC_27,2,20262939,validation,strict_matched_30_60_90_120,strict_pre_protection_only
LOCAC_29,2,20262939,validation,strict_matched_30_60_90_120,strict_pre_protection_only
LOCAC_36,2,20262939,validation,strict_matched_30_60_90_120,strict_pre_protection_only
LOCAC_48,2,20262939,validation,strict_matched_30_60_90_120,strict_pre_protection_only
LOCAC_5,2,20262939,validation,strict_matched_30_60_90_120,strict_pre_protection_only
LOCAC_51,2,20262939,validation,strict_matched_30_60_90_120,strict_pre_protection_only
LOCAC_53,2,20262939,validation,strict_matched_30_60_90_120,strict_pre_protection_only
LOCAC_57,2,20262939,validation,strict_matched_30_60_90_120,strict_pre_protection_only
LOCAC_58,2,20262939,validation,strict_matched_30_60_90_120,strict_pre_protection_only
LOCAC_63,2,20262939,validation,strict_matched_30_60_90_120,strict_pre_protection_only
LOCAC_66,2,20262939,validation,strict_matched_30_60_90_120,strict_pre_protection_only
LOCAC_67,2,20262939,validation,strict_matched_30_60_90_120,strict_pre_protection_only
LOCAC_69,2,20262939,validation,strict_matched_30_60_90_120,strict_pre_protection_only
LOCAC_73,2,20262939,validation,strict_matched_30_60_90_120,strict_pre_protection_only
LOCAC_9,2,20262939,validation,strict_matched_30_60_90_120,strict_pre_protection_only
LOCA_14,2,20262939,validation,strict_matched_30_60_90_120,strict_pre_protection_only
LOCA_2,2,20262939,validation,strict_matched_30_60_90_120,strict_pre_protection_only
LOCA_29,2,20262939,validation,strict_matched_30_60_90_120,strict_pre_protection_only
LOCA_32,2,20262939,validation,strict_matched_30_60_90_120,strict_pre_protection_only
LOCA_33,2,20262939,validation,strict_matched_30_60_90_120,strict_pre_protection_only
LOCA_41,2,20262939,validation,strict_matched_30_60_90_120,strict_pre_protection_only
LOCA_44,2,20262939,validation,strict_matched_30_60_90_120,strict_pre_protection_only
LOCA_47,2,20262939,validation,strict_matched_30_60_90_120,strict_pre_protection_only
LOCA_55,2,20262939,validation,strict_matched_30_60_90_120,strict_pre_protection_only
LOCA_56,2,20262939,validation,strict_matched_30_60_90_120,strict_pre_protection_only
LOCA_57,2,20262939,validation,strict_matched_30_60_90_120,strict_pre_protection_only
LOCA_6,2,20262939,validation,strict_matched_30_60_90_120,strict_pre_protection_only
LOCA_61,2,20262939,validation,strict_matched_30_60_90_120,strict_pre_protection_only
LOCA_65,2,20262939,validation,strict_matched_30_60_90_120,strict_pre_protection_only
LOCA_9,2,20262939,validation,strict_matched_30_60_90_120,strict_pre_protection_only
RI_-15,2,20262939,validation,strict_matched_30_60_90_120,strict_pre_protection_only
RI_-2,2,20262939,validation,strict_matched_30_60_90_120,strict_pre_protection_only
RI_-22,2,20262939,validation,strict_matched_30_60_90_120,strict_pre_protection_only
RI_-31,2,20262939,validation,strict_matched_30_60_90_120,strict_pre_protection_only
RI_-32,2,20262939,validation,strict_matched_30_60_90_120,strict_pre_protection_only
RW_2,2,20262939,validation,strict_matched_30_60_90_120,strict_pre_protection_only
SGATR_100,2,20262939,validation,strict_matched_30_60_90_120,strict_pre_protection_only
SGATR_63,2,20262939,validation,strict_matched_30_60_90_120,strict_pre_protection_only
SGATR_66,2,20262939,validation,strict_matched_30_60_90_120,strict_pre_protection_only
SGATR_70,2,20262939,validation,strict_matched_30_60_90_120,strict_pre_protection_only
SGATR_73,2,20262939,validation,strict_matched_30_60_90_120,strict_pre_protection_only
SGATR_81,2,20262939,validation,strict_matched_30_60_90_120,strict_pre_protection_only
SGATR_84,2,20262939,validation,strict_matched_30_60_90_120,strict_pre_protection_only
SGATR_88,2,20262939,validation,strict_matched_30_60_90_120,strict_pre_protection_only
SGATR_98,2,20262939,validation,strict_matched_30_60_90_120,strict_pre_protection_only
SGBTR_58,2,20262939,validation,strict_matched_30_60_90_120,strict_pre_protection_only
SGBTR_60,2,20262939,validation,strict_matched_30_60_90_120,strict_pre_protection_only
SGBTR_62,2,20262939,validation,strict_matched_30_60_90_120,strict_pre_protection_only
SGBTR_64,2,20262939,validation,strict_matched_30_60_90_120,strict_pre_protection_only
SGBTR_72,2,20262939,validation,strict_matched_30_60_90_120,strict_pre_protection_only
SGBTR_77,2,20262939,validation,strict_matched_30_60_90_120,strict_pre_protection_only
SGBTR_81,2,20262939,validation,strict_matched_30_60_90_120,strict_pre_protection_only
SGBTR_82,2,20262939,validation,strict_matched_30_60_90_120,strict_pre_protection_only
SGBTR_85,2,20262939,validation,strict_matched_30_60_90_120,strict_pre_protection_only
SGBTR_87,2,20262939,validation,strict_matched_30_60_90_120,strict_pre_protection_only
SGBTR_88,2,20262939,validation,strict_matched_30_60_90_120,strict_pre_protection_only
SLBIC_16,2,20262939,validation,strict_matched_30_60_90_120,strict_pre_protection_only
SLBIC_22,2,20262939,validation,strict_matched_30_60_90_120,strict_pre_protection_only
SLBIC_25,2,20262939,validation,strict_matched_30_60_90_120,strict_pre_protection_only
SLBIC_27,2,20262939,validation,strict_matched_30_60_90_120,strict_pre_protection_only
SLBIC_35,2,20262939,validation,strict_matched_30_60_90_120,strict_pre_protection_only
SLBIC_38,2,20262939,validation,strict_matched_30_60_90_120,strict_pre_protection_only
SLBIC_42,2,20262939,validation,strict_matched_30_60_90_120,strict_pre_protection_only
SLBIC_47,2,20262939,validation,strict_matched_30_60_90_120,strict_pre_protection_only
SLBIC_48,2,20262939,validation,strict_matched_30_60_90_120,strict_pre_protection_only
SLBIC_55,2,20262939,validation,strict_matched_30_60_90_120,strict_pre_protection_only
SLBIC_65,2,20262939,validation,strict_matched_30_60_90_120,strict_pre_protection_only
SLBIC_68,2,20262939,validation,strict_matched_30_60_90_120,strict_pre_protection_only
SLBIC_74,2,20262939,validation,strict_matched_30_60_90_120,strict_pre_protection_only
SLBIC_81,2,20262939,validation,strict_matched_30_60_90_120,strict_pre_protection_only
SLBIC_83,2,20262939,validation,strict_matched_30_60_90_120,strict_pre_protection_only
SLBIC_97,2,20262939,validation,strict_matched_30_60_90_120,strict_pre_protection_only
SLBIC_99,2,20262939,validation,strict_matched_30_60_90_120,strict_pre_protection_only
FLB_12,2,20262939,test,strict_matched_30_60_90_120,strict_pre_protection_only
FLB_13,2,20262939,test,strict_matched_30_60_90_120,strict_pre_protection_only
FLB_17,2,20262939,test,strict_matched_30_60_90_120,strict_pre_protection_only
FLB_20,2,20262939,test,strict_matched_30_60_90_120,strict_pre_protection_only
FLB_24,2,20262939,test,strict_matched_30_60_90_120,strict_pre_protection_only
FLB_25,2,20262939,test,strict_matched_30_60_90_120,strict_pre_protection_only
FLB_32,2,20262939,test,strict_matched_30_60_90_120,strict_pre_protection_only
FLB_53,2,20262939,test,strict_matched_30_60_90_120,strict_pre_protection_only
FLB_57,2,20262939,test,strict_matched_30_60_90_120,strict_pre_protection_only
FLB_58,2,20262939,test,strict_matched_30_60_90_120,strict_pre_protection_only
FLB_59,2,20262939,test,strict_matched_30_60_90_120,strict_pre_protection_only
FLB_64,2,20262939,test,strict_matched_30_60_90_120,strict_pre_protection_only
FLB_72,2,20262939,test,strict_matched_30_60_90_120,strict_pre_protection_only
FLB_73,2,20262939,test,strict_matched_30_60_90_120,strict_pre_protection_only
FLB_79,2,20262939,test,strict_matched_30_60_90_120,strict_pre_protection_only
FLB_82,2,20262939,test,strict_matched_30_60_90_120,strict_pre_protection_only
FLB_85,2,20262939,test,strict_matched_30_60_90_120,strict_pre_protection_only
FLB_9,2,20262939,test,strict_matched_30_60_90_120,strict_pre_protection_only
FLB_95,2,20262939,test,strict_matched_30_60_90_120,strict_pre_protection_only
FLB_99,2,20262939,test,strict_matched_30_60_90_120,strict_pre_protection_only
LOCAC_10,2,20262939,test,strict_matched_30_60_90_120,strict_pre_protection_only
LOCAC_14,2,20262939,test,strict_matched_30_60_90_120,strict_pre_protection_only
LOCAC_19,2,20262939,test,strict_matched_30_60_90_120,strict_pre_protection_only
LOCAC_22,2,20262939,test,strict_matched_30_60_90_120,strict_pre_protection_only
LOCAC_28,2,20262939,test,strict_matched_30_60_90_120,strict_pre_protection_only
LOCAC_32,2,20262939,test,strict_matched_30_60_90_120,strict_pre_protection_only
LOCAC_33,2,20262939,test,strict_matched_30_60_90_120,strict_pre_protection_only
LOCAC_35,2,20262939,test,strict_matched_30_60_90_120,strict_pre_protection_only
LOCAC_38,2,20262939,test,strict_matched_30_60_90_120,strict_pre_protection_only
LOCAC_4,2,20262939,test,strict_matched_30_60_90_120,strict_pre_protection_only
LOCAC_41,2,20262939,test,strict_matched_30_60_90_120,strict_pre_protection_only
LOCAC_46,2,20262939,test,strict_matched_30_60_90_120,strict_pre_protection_only
LOCAC_49,2,20262939,test,strict_matched_30_60_90_120,strict_pre_protection_only
LOCAC_64,2,20262939,test,strict_matched_30_60_90_120,strict_pre_protection_only
LOCAC_68,2,20262939,test,strict_matched_30_60_90_120,strict_pre_protection_only
LOCAC_77,2,20262939,test,strict_matched_30_60_90_120,strict_pre_protection_only
LOCA_10,2,20262939,test,strict_matched_30_60_90_120,strict_pre_protection_only
LOCA_11,2,20262939,test,strict_matched_30_60_90_120,strict_pre_protection_only
LOCA_13,2,20262939,test,strict_matched_30_60_90_120,strict_pre_protection_only
LOCA_17,2,20262939,test,strict_matched_30_60_90_120,strict_pre_protection_only
LOCA_20,2,20262939,test,strict_matched_30_60_90_120,strict_pre_protection_only
LOCA_30,2,20262939,test,strict_matched_30_60_90_120,strict_pre_protection_only
LOCA_34,2,20262939,test,strict_matched_30_60_90_120,strict_pre_protection_only
LOCA_38,2,20262939,test,strict_matched_30_60_90_120,strict_pre_protection_only
LOCA_42,2,20262939,test,strict_matched_30_60_90_120,strict_pre_protection_only
LOCA_51,2,20262939,test,strict_matched_30_60_90_120,strict_pre_protection_only
LOCA_69,2,20262939,test,strict_matched_30_60_90_120,strict_pre_protection_only
LOCA_7,2,20262939,test,strict_matched_30_60_90_120,strict_pre_protection_only
LOCA_71,2,20262939,test,strict_matched_30_60_90_120,strict_pre_protection_only
LOCA_72,2,20262939,test,strict_matched_30_60_90_120,strict_pre_protection_only
LOCA_8,2,20262939,test,strict_matched_30_60_90_120,strict_pre_protection_only
RI_-12,2,20262939,test,strict_matched_30_60_90_120,strict_pre_protection_only
RI_-16,2,20262939,test,strict_matched_30_60_90_120,strict_pre_protection_only
RI_-17,2,20262939,test,strict_matched_30_60_90_120,strict_pre_protection_only
RI_-21,2,20262939,test,strict_matched_30_60_90_120,strict_pre_protection_only
RI_-3,2,20262939,test,strict_matched_30_60_90_120,strict_pre_protection_only
RI_-6,2,20262939,test,strict_matched_30_60_90_120,strict_pre_protection_only
SGATR_58,2,20262939,test,strict_matched_30_60_90_120,strict_pre_protection_only
SGATR_62,2,20262939,test,strict_matched_30_60_90_120,strict_pre_protection_only
SGATR_69,2,20262939,test,strict_matched_30_60_90_120,strict_pre_protection_only
SGATR_74,2,20262939,test,strict_matched_30_60_90_120,strict_pre_protection_only
SGATR_75,2,20262939,test,strict_matched_30_60_90_120,strict_pre_protection_only
SGATR_76,2,20262939,test,strict_matched_30_60_90_120,strict_pre_protection_only
SGATR_82,2,20262939,test,strict_matched_30_60_90_120,strict_pre_protection_only
SGATR_87,2,20262939,test,strict_matched_30_60_90_120,strict_pre_protection_only
SGATR_89,2,20262939,test,strict_matched_30_60_90_120,strict_pre_protection_only
SGBTR_100,2,20262939,test,strict_matched_30_60_90_120,strict_pre_protection_only
SGBTR_106,2,20262939,test,strict_matched_30_60_90_120,strict_pre_protection_only
SGBTR_107,2,20262939,test,strict_matched_30_60_90_120,strict_pre_protection_only
SGBTR_63,2,20262939,test,strict_matched_30_60_90_120,strict_pre_protection_only
SGBTR_68,2,20262939,test,strict_matched_30_60_90_120,strict_pre_protection_only
SGBTR_74,2,20262939,test,strict_matched_30_60_90_120,strict_pre_protection_only
SGBTR_79,2,20262939,test,strict_matched_30_60_90_120,strict_pre_protection_only
SGBTR_83,2,20262939,test,strict_matched_30_60_90_120,strict_pre_protection_only
SGBTR_89,2,20262939,test,strict_matched_30_60_90_120,strict_pre_protection_only
SGBTR_90,2,20262939,test,strict_matched_30_60_90_120,strict_pre_protection_only
SGBTR_97,2,20262939,test,strict_matched_30_60_90_120,strict_pre_protection_only
SLBIC_100,2,20262939,test,strict_matched_30_60_90_120,strict_pre_protection_only
SLBIC_101,2,20262939,test,strict_matched_30_60_90_120,strict_pre_protection_only
SLBIC_26,2,20262939,test,strict_matched_30_60_90_120,strict_pre_protection_only
SLBIC_30,2,20262939,test,strict_matched_30_60_90_120,strict_pre_protection_only
SLBIC_31,2,20262939,test,strict_matched_30_60_90_120,strict_pre_protection_only
SLBIC_32,2,20262939,test,strict_matched_30_60_90_120,strict_pre_protection_only
SLBIC_37,2,20262939,test,strict_matched_30_60_90_120,strict_pre_protection_only
SLBIC_41,2,20262939,test,strict_matched_30_60_90_120,strict_pre_protection_only
SLBIC_45,2,20262939,test,strict_matched_30_60_90_120,strict_pre_protection_only
SLBIC_50,2,20262939,test,strict_matched_30_60_90_120,strict_pre_protection_only
SLBIC_54,2,20262939,test,strict_matched_30_60_90_120,strict_pre_protection_only
SLBIC_63,2,20262939,test,strict_matched_30_60_90_120,strict_pre_protection_only
SLBIC_71,2,20262939,test,strict_matched_30_60_90_120,strict_pre_protection_only
SLBIC_79,2,20262939,test,strict_matched_30_60_90_120,strict_pre_protection_only
SLBIC_88,2,20262939,test,strict_matched_30_60_90_120,strict_pre_protection_only
SLBIC_92,2,20262939,test,strict_matched_30_60_90_120,strict_pre_protection_only
SLBIC_95,2,20262939,test,strict_matched_30_60_90_120,strict_pre_protection_only
SLBIC_98,2,20262939,test,strict_matched_30_60_90_120,strict_pre_protection_only
FLB_10,3,20263948,train,strict_matched_30_60_90_120,strict_pre_protection_only
FLB_11,3,20263948,train,strict_matched_30_60_90_120,strict_pre_protection_only
FLB_14,3,20263948,train,strict_matched_30_60_90_120,strict_pre_protection_only
FLB_16,3,20263948,train,strict_matched_30_60_90_120,strict_pre_protection_only
FLB_17,3,20263948,train,strict_matched_30_60_90_120,strict_pre_protection_only
FLB_18,3,20263948,train,strict_matched_30_60_90_120,strict_pre_protection_only
FLB_19,3,20263948,train,strict_matched_30_60_90_120,strict_pre_protection_only
FLB_20,3,20263948,train,strict_matched_30_60_90_120,strict_pre_protection_only
FLB_23,3,20263948,train,strict_matched_30_60_90_120,strict_pre_protection_only
FLB_25,3,20263948,train,strict_matched_30_60_90_120,strict_pre_protection_only
FLB_28,3,20263948,train,strict_matched_30_60_90_120,strict_pre_protection_only
FLB_29,3,20263948,train,strict_matched_30_60_90_120,strict_pre_protection_only
FLB_3,3,20263948,train,strict_matched_30_60_90_120,strict_pre_protection_only
FLB_31,3,20263948,train,strict_matched_30_60_90_120,strict_pre_protection_only
FLB_32,3,20263948,train,strict_matched_30_60_90_120,strict_pre_protection_only
FLB_34,3,20263948,train,strict_matched_30_60_90_120,strict_pre_protection_only
FLB_36,3,20263948,train,strict_matched_30_60_90_120,strict_pre_protection_only
FLB_38,3,20263948,train,strict_matched_30_60_90_120,strict_pre_protection_only
FLB_39,3,20263948,train,strict_matched_30_60_90_120,strict_pre_protection_only
FLB_4,3,20263948,train,strict_matched_30_60_90_120,strict_pre_protection_only
FLB_41,3,20263948,train,strict_matched_30_60_90_120,strict_pre_protection_only
FLB_43,3,20263948,train,strict_matched_30_60_90_120,strict_pre_protection_only
FLB_45,3,20263948,train,strict_matched_30_60_90_120,strict_pre_protection_only
FLB_46,3,20263948,train,strict_matched_30_60_90_120,strict_pre_protection_only
FLB_48,3,20263948,train,strict_matched_30_60_90_120,strict_pre_protection_only
FLB_49,3,20263948,train,strict_matched_30_60_90_120,strict_pre_protection_only
FLB_5,3,20263948,train,strict_matched_30_60_90_120,strict_pre_protection_only
FLB_51,3,20263948,train,strict_matched_30_60_90_120,strict_pre_protection_only
FLB_56,3,20263948,train,strict_matched_30_60_90_120,strict_pre_protection_only
FLB_57,3,20263948,train,strict_matched_30_60_90_120,strict_pre_protection_only
FLB_58,3,20263948,train,strict_matched_30_60_90_120,strict_pre_protection_only
FLB_59,3,20263948,train,strict_matched_30_60_90_120,strict_pre_protection_only
FLB_60,3,20263948,train,strict_matched_30_60_90_120,strict_pre_protection_only
FLB_61,3,20263948,train,strict_matched_30_60_90_120,strict_pre_protection_only
FLB_62,3,20263948,train,strict_matched_30_60_90_120,strict_pre_protection_only
FLB_63,3,20263948,train,strict_matched_30_60_90_120,strict_pre_protection_only
FLB_64,3,20263948,train,strict_matched_30_60_90_120,strict_pre_protection_only
FLB_65,3,20263948,train,strict_matched_30_60_90_120,strict_pre_protection_only
FLB_68,3,20263948,train,strict_matched_30_60_90_120,strict_pre_protection_only
FLB_7,3,20263948,train,strict_matched_30_60_90_120,strict_pre_protection_only
FLB_71,3,20263948,train,strict_matched_30_60_90_120,strict_pre_protection_only
FLB_73,3,20263948,train,strict_matched_30_60_90_120,strict_pre_protection_only
FLB_74,3,20263948,train,strict_matched_30_60_90_120,strict_pre_protection_only
FLB_75,3,20263948,train,strict_matched_30_60_90_120,strict_pre_protection_only
FLB_76,3,20263948,train,strict_matched_30_60_90_120,strict_pre_protection_only
FLB_78,3,20263948,train,strict_matched_30_60_90_120,strict_pre_protection_only
FLB_80,3,20263948,train,strict_matched_30_60_90_120,strict_pre_protection_only
FLB_81,3,20263948,train,strict_matched_30_60_90_120,strict_pre_protection_only
FLB_84,3,20263948,train,strict_matched_30_60_90_120,strict_pre_protection_only
FLB_85,3,20263948,train,strict_matched_30_60_90_120,strict_pre_protection_only
FLB_87,3,20263948,train,strict_matched_30_60_90_120,strict_pre_protection_only
FLB_88,3,20263948,train,strict_matched_30_60_90_120,strict_pre_protection_only
FLB_89,3,20263948,train,strict_matched_30_60_90_120,strict_pre_protection_only
FLB_9,3,20263948,train,strict_matched_30_60_90_120,strict_pre_protection_only
FLB_90,3,20263948,train,strict_matched_30_60_90_120,strict_pre_protection_only
FLB_91,3,20263948,train,strict_matched_30_60_90_120,strict_pre_protection_only
FLB_92,3,20263948,train,strict_matched_30_60_90_120,strict_pre_protection_only
FLB_93,3,20263948,train,strict_matched_30_60_90_120,strict_pre_protection_only
FLB_94,3,20263948,train,strict_matched_30_60_90_120,strict_pre_protection_only
LOCAC_1,3,20263948,train,strict_matched_30_60_90_120,strict_pre_protection_only
LOCAC_11,3,20263948,train,strict_matched_30_60_90_120,strict_pre_protection_only
LOCAC_12,3,20263948,train,strict_matched_30_60_90_120,strict_pre_protection_only
LOCAC_13,3,20263948,train,strict_matched_30_60_90_120,strict_pre_protection_only
LOCAC_14,3,20263948,train,strict_matched_30_60_90_120,strict_pre_protection_only
LOCAC_15,3,20263948,train,strict_matched_30_60_90_120,strict_pre_protection_only
LOCAC_16,3,20263948,train,strict_matched_30_60_90_120,strict_pre_protection_only
LOCAC_19,3,20263948,train,strict_matched_30_60_90_120,strict_pre_protection_only
LOCAC_2,3,20263948,train,strict_matched_30_60_90_120,strict_pre_protection_only
LOCAC_20,3,20263948,train,strict_matched_30_60_90_120,strict_pre_protection_only
LOCAC_21,3,20263948,train,strict_matched_30_60_90_120,strict_pre_protection_only
LOCAC_22,3,20263948,train,strict_matched_30_60_90_120,strict_pre_protection_only
LOCAC_24,3,20263948,train,strict_matched_30_60_90_120,strict_pre_protection_only
LOCAC_29,3,20263948,train,strict_matched_30_60_90_120,strict_pre_protection_only
LOCAC_30,3,20263948,train,strict_matched_30_60_90_120,strict_pre_protection_only
LOCAC_34,3,20263948,train,strict_matched_30_60_90_120,strict_pre_protection_only
LOCAC_37,3,20263948,train,strict_matched_30_60_90_120,strict_pre_protection_only
LOCAC_38,3,20263948,train,strict_matched_30_60_90_120,strict_pre_protection_only
LOCAC_39,3,20263948,train,strict_matched_30_60_90_120,strict_pre_protection_only
LOCAC_4,3,20263948,train,strict_matched_30_60_90_120,strict_pre_protection_only
LOCAC_43,3,20263948,train,strict_matched_30_60_90_120,strict_pre_protection_only
LOCAC_44,3,20263948,train,strict_matched_30_60_90_120,strict_pre_protection_only
LOCAC_45,3,20263948,train,strict_matched_30_60_90_120,strict_pre_protection_only
LOCAC_47,3,20263948,train,strict_matched_30_60_90_120,strict_pre_protection_only
LOCAC_48,3,20263948,train,strict_matched_30_60_90_120,strict_pre_protection_only
LOCAC_49,3,20263948,train,strict_matched_30_60_90_120,strict_pre_protection_only
LOCAC_51,3,20263948,train,strict_matched_30_60_90_120,strict_pre_protection_only
LOCAC_53,3,20263948,train,strict_matched_30_60_90_120,strict_pre_protection_only
LOCAC_54,3,20263948,train,strict_matched_30_60_90_120,strict_pre_protection_only
LOCAC_55,3,20263948,train,strict_matched_30_60_90_120,strict_pre_protection_only
LOCAC_57,3,20263948,train,strict_matched_30_60_90_120,strict_pre_protection_only
LOCAC_58,3,20263948,train,strict_matched_30_60_90_120,strict_pre_protection_only
LOCAC_59,3,20263948,train,strict_matched_30_60_90_120,strict_pre_protection_only
LOCAC_60,3,20263948,train,strict_matched_30_60_90_120,strict_pre_protection_only
LOCAC_62,3,20263948,train,strict_matched_30_60_90_120,strict_pre_protection_only
LOCAC_64,3,20263948,train,strict_matched_30_60_90_120,strict_pre_protection_only
LOCAC_65,3,20263948,train,strict_matched_30_60_90_120,strict_pre_protection_only
LOCAC_66,3,20263948,train,strict_matched_30_60_90_120,strict_pre_protection_only
LOCAC_68,3,20263948,train,strict_matched_30_60_90_120,strict_pre_protection_only
LOCAC_69,3,20263948,train,strict_matched_30_60_90_120,strict_pre_protection_only
LOCAC_7,3,20263948,train,strict_matched_30_60_90_120,strict_pre_protection_only
LOCAC_70,3,20263948,train,strict_matched_30_60_90_120,strict_pre_protection_only
LOCAC_72,3,20263948,train,strict_matched_30_60_90_120,strict_pre_protection_only
LOCAC_74,3,20263948,train,strict_matched_30_60_90_120,strict_pre_protection_only
LOCAC_78,3,20263948,train,strict_matched_30_60_90_120,strict_pre_protection_only
LOCAC_79,3,20263948,train,strict_matched_30_60_90_120,strict_pre_protection_only
LOCAC_8,3,20263948,train,strict_matched_30_60_90_120,strict_pre_protection_only
LOCA_1,3,20263948,train,strict_matched_30_60_90_120,strict_pre_protection_only
LOCA_11,3,20263948,train,strict_matched_30_60_90_120,strict_pre_protection_only
LOCA_12,3,20263948,train,strict_matched_30_60_90_120,strict_pre_protection_only
LOCA_13,3,20263948,train,strict_matched_30_60_90_120,strict_pre_protection_only
LOCA_17,3,20263948,train,strict_matched_30_60_90_120,strict_pre_protection_only
LOCA_18,3,20263948,train,strict_matched_30_60_90_120,strict_pre_protection_only
LOCA_19,3,20263948,train,strict_matched_30_60_90_120,strict_pre_protection_only
LOCA_21,3,20263948,train,strict_matched_30_60_90_120,strict_pre_protection_only
LOCA_22,3,20263948,train,strict_matched_30_60_90_120,strict_pre_protection_only
LOCA_26,3,20263948,train,strict_matched_30_60_90_120,strict_pre_protection_only
LOCA_28,3,20263948,train,strict_matched_30_60_90_120,strict_pre_protection_only
LOCA_29,3,20263948,train,strict_matched_30_60_90_120,strict_pre_protection_only
LOCA_3,3,20263948,train,strict_matched_30_60_90_120,strict_pre_protection_only
LOCA_31,3,20263948,train,strict_matched_30_60_90_120,strict_pre_protection_only
LOCA_32,3,20263948,train,strict_matched_30_60_90_120,strict_pre_protection_only
LOCA_33,3,20263948,train,strict_matched_30_60_90_120,strict_pre_protection_only
LOCA_35,3,20263948,train,strict_matched_30_60_90_120,strict_pre_protection_only
LOCA_37,3,20263948,train,strict_matched_30_60_90_120,strict_pre_protection_only
LOCA_39,3,20263948,train,strict_matched_30_60_90_120,strict_pre_protection_only
LOCA_4,3,20263948,train,strict_matched_30_60_90_120,strict_pre_protection_only
LOCA_40,3,20263948,train,strict_matched_30_60_90_120,strict_pre_protection_only
LOCA_41,3,20263948,train,strict_matched_30_60_90_120,strict_pre_protection_only
LOCA_44,3,20263948,train,strict_matched_30_60_90_120,strict_pre_protection_only
LOCA_46,3,20263948,train,strict_matched_30_60_90_120,strict_pre_protection_only
LOCA_47,3,20263948,train,strict_matched_30_60_90_120,strict_pre_protection_only
LOCA_48,3,20263948,train,strict_matched_30_60_90_120,strict_pre_protection_only
LOCA_5,3,20263948,train,strict_matched_30_60_90_120,strict_pre_protection_only
LOCA_50,3,20263948,train,strict_matched_30_60_90_120,strict_pre_protection_only
LOCA_51,3,20263948,train,strict_matched_30_60_90_120,strict_pre_protection_only
LOCA_54,3,20263948,train,strict_matched_30_60_90_120,strict_pre_protection_only
LOCA_55,3,20263948,train,strict_matched_30_60_90_120,strict_pre_protection_only
LOCA_6,3,20263948,train,strict_matched_30_60_90_120,strict_pre_protection_only
LOCA_61,3,20263948,train,strict_matched_30_60_90_120,strict_pre_protection_only
LOCA_63,3,20263948,train,strict_matched_30_60_90_120,strict_pre_protection_only
LOCA_64,3,20263948,train,strict_matched_30_60_90_120,strict_pre_protection_only
LOCA_65,3,20263948,train,strict_matched_30_60_90_120,strict_pre_protection_only
LOCA_66,3,20263948,train,strict_matched_30_60_90_120,strict_pre_protection_only
LOCA_68,3,20263948,train,strict_matched_30_60_90_120,strict_pre_protection_only
LOCA_69,3,20263948,train,strict_matched_30_60_90_120,strict_pre_protection_only
LOCA_70,3,20263948,train,strict_matched_30_60_90_120,strict_pre_protection_only
LOCA_71,3,20263948,train,strict_matched_30_60_90_120,strict_pre_protection_only
LOCA_72,3,20263948,train,strict_matched_30_60_90_120,strict_pre_protection_only
LOCA_73,3,20263948,train,strict_matched_30_60_90_120,strict_pre_protection_only
LOCA_74,3,20263948,train,strict_matched_30_60_90_120,strict_pre_protection_only
LOCA_76,3,20263948,train,strict_matched_30_60_90_120,strict_pre_protection_only
LOCA_77,3,20263948,train,strict_matched_30_60_90_120,strict_pre_protection_only
RI_-1,3,20263948,train,strict_matched_30_60_90_120,strict_pre_protection_only
RI_-10,3,20263948,train,strict_matched_30_60_90_120,strict_pre_protection_only
RI_-11,3,20263948,train,strict_matched_30_60_90_120,strict_pre_protection_only
RI_-12,3,20263948,train,strict_matched_30_60_90_120,strict_pre_protection_only
RI_-16,3,20263948,train,strict_matched_30_60_90_120,strict_pre_protection_only
RI_-17,3,20263948,train,strict_matched_30_60_90_120,strict_pre_protection_only
RI_-2,3,20263948,train,strict_matched_30_60_90_120,strict_pre_protection_only
RI_-21,3,20263948,train,strict_matched_30_60_90_120,strict_pre_protection_only
RI_-22,3,20263948,train,strict_matched_30_60_90_120,strict_pre_protection_only
RI_-31,3,20263948,train,strict_matched_30_60_90_120,strict_pre_protection_only
RI_-32,3,20263948,train,strict_matched_30_60_90_120,strict_pre_protection_only
RI_-33,3,20263948,train,strict_matched_30_60_90_120,strict_pre_protection_only
RI_-34,3,20263948,train,strict_matched_30_60_90_120,strict_pre_protection_only
RI_-35,3,20263948,train,strict_matched_30_60_90_120,strict_pre_protection_only
RI_-6,3,20263948,train,strict_matched_30_60_90_120,strict_pre_protection_only
RI_-8,3,20263948,train,strict_matched_30_60_90_120,strict_pre_protection_only
RI_-9,3,20263948,train,strict_matched_30_60_90_120,strict_pre_protection_only
RW_2,3,20263948,train,strict_matched_30_60_90_120,strict_pre_protection_only
RW_3,3,20263948,train,strict_matched_30_60_90_120,strict_pre_protection_only
SGATR_100,3,20263948,train,strict_matched_30_60_90_120,strict_pre_protection_only
SGATR_57,3,20263948,train,strict_matched_30_60_90_120,strict_pre_protection_only
SGATR_58,3,20263948,train,strict_matched_30_60_90_120,strict_pre_protection_only
SGATR_61,3,20263948,train,strict_matched_30_60_90_120,strict_pre_protection_only
SGATR_63,3,20263948,train,strict_matched_30_60_90_120,strict_pre_protection_only
SGATR_65,3,20263948,train,strict_matched_30_60_90_120,strict_pre_protection_only
SGATR_68,3,20263948,train,strict_matched_30_60_90_120,strict_pre_protection_only
SGATR_69,3,20263948,train,strict_matched_30_60_90_120,strict_pre_protection_only
SGATR_70,3,20263948,train,strict_matched_30_60_90_120,strict_pre_protection_only
SGATR_71,3,20263948,train,strict_matched_30_60_90_120,strict_pre_protection_only
SGATR_76,3,20263948,train,strict_matched_30_60_90_120,strict_pre_protection_only
SGATR_77,3,20263948,train,strict_matched_30_60_90_120,strict_pre_protection_only
SGATR_78,3,20263948,train,strict_matched_30_60_90_120,strict_pre_protection_only
SGATR_82,3,20263948,train,strict_matched_30_60_90_120,strict_pre_protection_only
SGATR_83,3,20263948,train,strict_matched_30_60_90_120,strict_pre_protection_only
SGATR_84,3,20263948,train,strict_matched_30_60_90_120,strict_pre_protection_only
SGATR_86,3,20263948,train,strict_matched_30_60_90_120,strict_pre_protection_only
SGATR_88,3,20263948,train,strict_matched_30_60_90_120,strict_pre_protection_only
SGATR_89,3,20263948,train,strict_matched_30_60_90_120,strict_pre_protection_only
SGATR_90,3,20263948,train,strict_matched_30_60_90_120,strict_pre_protection_only
SGATR_91,3,20263948,train,strict_matched_30_60_90_120,strict_pre_protection_only
SGATR_92,3,20263948,train,strict_matched_30_60_90_120,strict_pre_protection_only
SGATR_93,3,20263948,train,strict_matched_30_60_90_120,strict_pre_protection_only
SGATR_94,3,20263948,train,strict_matched_30_60_90_120,strict_pre_protection_only
SGATR_95,3,20263948,train,strict_matched_30_60_90_120,strict_pre_protection_only
SGATR_99,3,20263948,train,strict_matched_30_60_90_120,strict_pre_protection_only
SGBTR_100,3,20263948,train,strict_matched_30_60_90_120,strict_pre_protection_only
SGBTR_103,3,20263948,train,strict_matched_30_60_90_120,strict_pre_protection_only
SGBTR_104,3,20263948,train,strict_matched_30_60_90_120,strict_pre_protection_only
SGBTR_107,3,20263948,train,strict_matched_30_60_90_120,strict_pre_protection_only
SGBTR_108,3,20263948,train,strict_matched_30_60_90_120,strict_pre_protection_only
SGBTR_109,3,20263948,train,strict_matched_30_60_90_120,strict_pre_protection_only
SGBTR_110,3,20263948,train,strict_matched_30_60_90_120,strict_pre_protection_only
SGBTR_59,3,20263948,train,strict_matched_30_60_90_120,strict_pre_protection_only
SGBTR_60,3,20263948,train,strict_matched_30_60_90_120,strict_pre_protection_only
SGBTR_66,3,20263948,train,strict_matched_30_60_90_120,strict_pre_protection_only
SGBTR_67,3,20263948,train,strict_matched_30_60_90_120,strict_pre_protection_only
SGBTR_68,3,20263948,train,strict_matched_30_60_90_120,strict_pre_protection_only
SGBTR_69,3,20263948,train,strict_matched_30_60_90_120,strict_pre_protection_only
SGBTR_70,3,20263948,train,strict_matched_30_60_90_120,strict_pre_protection_only
SGBTR_74,3,20263948,train,strict_matched_30_60_90_120,strict_pre_protection_only
SGBTR_75,3,20263948,train,strict_matched_30_60_90_120,strict_pre_protection_only
SGBTR_76,3,20263948,train,strict_matched_30_60_90_120,strict_pre_protection_only
SGBTR_78,3,20263948,train,strict_matched_30_60_90_120,strict_pre_protection_only
SGBTR_79,3,20263948,train,strict_matched_30_60_90_120,strict_pre_protection_only
SGBTR_80,3,20263948,train,strict_matched_30_60_90_120,strict_pre_protection_only
SGBTR_82,3,20263948,train,strict_matched_30_60_90_120,strict_pre_protection_only
SGBTR_83,3,20263948,train,strict_matched_30_60_90_120,strict_pre_protection_only
SGBTR_84,3,20263948,train,strict_matched_30_60_90_120,strict_pre_protection_only
SGBTR_86,3,20263948,train,strict_matched_30_60_90_120,strict_pre_protection_only
SGBTR_87,3,20263948,train,strict_matched_30_60_90_120,strict_pre_protection_only
SGBTR_88,3,20263948,train,strict_matched_30_60_90_120,strict_pre_protection_only
SGBTR_90,3,20263948,train,strict_matched_30_60_90_120,strict_pre_protection_only
SGBTR_93,3,20263948,train,strict_matched_30_60_90_120,strict_pre_protection_only
SGBTR_96,3,20263948,train,strict_matched_30_60_90_120,strict_pre_protection_only
SGBTR_97,3,20263948,train,strict_matched_30_60_90_120,strict_pre_protection_only
SGBTR_98,3,20263948,train,strict_matched_30_60_90_120,strict_pre_protection_only
SGBTR_99,3,20263948,train,strict_matched_30_60_90_120,strict_pre_protection_only
SLBIC_100,3,20263948,train,strict_matched_30_60_90_120,strict_pre_protection_only
SLBIC_14,3,20263948,train,strict_matched_30_60_90_120,strict_pre_protection_only
SLBIC_15,3,20263948,train,strict_matched_30_60_90_120,strict_pre_protection_only
SLBIC_16,3,20263948,train,strict_matched_30_60_90_120,strict_pre_protection_only
SLBIC_21,3,20263948,train,strict_matched_30_60_90_120,strict_pre_protection_only
SLBIC_22,3,20263948,train,strict_matched_30_60_90_120,strict_pre_protection_only
SLBIC_23,3,20263948,train,strict_matched_30_60_90_120,strict_pre_protection_only
SLBIC_24,3,20263948,train,strict_matched_30_60_90_120,strict_pre_protection_only
SLBIC_25,3,20263948,train,strict_matched_30_60_90_120,strict_pre_protection_only
SLBIC_26,3,20263948,train,strict_matched_30_60_90_120,strict_pre_protection_only
SLBIC_29,3,20263948,train,strict_matched_30_60_90_120,strict_pre_protection_only
SLBIC_30,3,20263948,train,strict_matched_30_60_90_120,strict_pre_protection_only
SLBIC_31,3,20263948,train,strict_matched_30_60_90_120,strict_pre_protection_only
SLBIC_35,3,20263948,train,strict_matched_30_60_90_120,strict_pre_protection_only
SLBIC_36,3,20263948,train,strict_matched_30_60_90_120,strict_pre_protection_only
SLBIC_37,3,20263948,train,strict_matched_30_60_90_120,strict_pre_protection_only
SLBIC_38,3,20263948,train,strict_matched_30_60_90_120,strict_pre_protection_only
SLBIC_39,3,20263948,train,strict_matched_30_60_90_120,strict_pre_protection_only
SLBIC_41,3,20263948,train,strict_matched_30_60_90_120,strict_pre_protection_only
SLBIC_42,3,20263948,train,strict_matched_30_60_90_120,strict_pre_protection_only
SLBIC_44,3,20263948,train,strict_matched_30_60_90_120,strict_pre_protection_only
SLBIC_45,3,20263948,train,strict_matched_30_60_90_120,strict_pre_protection_only
SLBIC_47,3,20263948,train,strict_matched_30_60_90_120,strict_pre_protection_only
SLBIC_48,3,20263948,train,strict_matched_30_60_90_120,strict_pre_protection_only
SLBIC_49,3,20263948,train,strict_matched_30_60_90_120,strict_pre_protection_only
SLBIC_51,3,20263948,train,strict_matched_30_60_90_120,strict_pre_protection_only
SLBIC_52,3,20263948,train,strict_matched_30_60_90_120,strict_pre_protection_only
SLBIC_56,3,20263948,train,strict_matched_30_60_90_120,strict_pre_protection_only
SLBIC_57,3,20263948,train,strict_matched_30_60_90_120,strict_pre_protection_only
SLBIC_59,3,20263948,train,strict_matched_30_60_90_120,strict_pre_protection_only
SLBIC_60,3,20263948,train,strict_matched_30_60_90_120,strict_pre_protection_only
SLBIC_61,3,20263948,train,strict_matched_30_60_90_120,strict_pre_protection_only
SLBIC_62,3,20263948,train,strict_matched_30_60_90_120,strict_pre_protection_only
SLBIC_65,3,20263948,train,strict_matched_30_60_90_120,strict_pre_protection_only
SLBIC_67,3,20263948,train,strict_matched_30_60_90_120,strict_pre_protection_only
SLBIC_68,3,20263948,train,strict_matched_30_60_90_120,strict_pre_protection_only
SLBIC_69,3,20263948,train,strict_matched_30_60_90_120,strict_pre_protection_only
SLBIC_71,3,20263948,train,strict_matched_30_60_90_120,strict_pre_protection_only
SLBIC_72,3,20263948,train,strict_matched_30_60_90_120,strict_pre_protection_only
SLBIC_75,3,20263948,train,strict_matched_30_60_90_120,strict_pre_protection_only
SLBIC_79,3,20263948,train,strict_matched_30_60_90_120,strict_pre_protection_only
SLBIC_81,3,20263948,train,strict_matched_30_60_90_120,strict_pre_protection_only
SLBIC_83,3,20263948,train,strict_matched_30_60_90_120,strict_pre_protection_only
SLBIC_84,3,20263948,train,strict_matched_30_60_90_120,strict_pre_protection_only
SLBIC_85,3,20263948,train,strict_matched_30_60_90_120,strict_pre_protection_only
SLBIC_86,3,20263948,train,strict_matched_30_60_90_120,strict_pre_protection_only
SLBIC_89,3,20263948,train,strict_matched_30_60_90_120,strict_pre_protection_only
SLBIC_90,3,20263948,train,strict_matched_30_60_90_120,strict_pre_protection_only
SLBIC_92,3,20263948,train,strict_matched_30_60_90_120,strict_pre_protection_only
SLBIC_93,3,20263948,train,strict_matched_30_60_90_120,strict_pre_protection_only
SLBIC_94,3,20263948,train,strict_matched_30_60_90_120,strict_pre_protection_only
SLBIC_96,3,20263948,train,strict_matched_30_60_90_120,strict_pre_protection_only
SLBIC_99,3,20263948,train,strict_matched_30_60_90_120,strict_pre_protection_only
FLB_100,3,20263948,validation,strict_matched_30_60_90_120,strict_pre_protection_only
FLB_22,3,20263948,validation,strict_matched_30_60_90_120,strict_pre_protection_only
FLB_26,3,20263948,validation,strict_matched_30_60_90_120,strict_pre_protection_only
FLB_30,3,20263948,validation,strict_matched_30_60_90_120,strict_pre_protection_only
FLB_33,3,20263948,validation,strict_matched_30_60_90_120,strict_pre_protection_only
FLB_42,3,20263948,validation,strict_matched_30_60_90_120,strict_pre_protection_only
FLB_47,3,20263948,validation,strict_matched_30_60_90_120,strict_pre_protection_only
FLB_52,3,20263948,validation,strict_matched_30_60_90_120,strict_pre_protection_only
FLB_53,3,20263948,validation,strict_matched_30_60_90_120,strict_pre_protection_only
FLB_55,3,20263948,validation,strict_matched_30_60_90_120,strict_pre_protection_only
FLB_66,3,20263948,validation,strict_matched_30_60_90_120,strict_pre_protection_only
FLB_67,3,20263948,validation,strict_matched_30_60_90_120,strict_pre_protection_only
FLB_70,3,20263948,validation,strict_matched_30_60_90_120,strict_pre_protection_only
FLB_77,3,20263948,validation,strict_matched_30_60_90_120,strict_pre_protection_only
FLB_79,3,20263948,validation,strict_matched_30_60_90_120,strict_pre_protection_only
FLB_8,3,20263948,validation,strict_matched_30_60_90_120,strict_pre_protection_only
FLB_83,3,20263948,validation,strict_matched_30_60_90_120,strict_pre_protection_only
FLB_96,3,20263948,validation,strict_matched_30_60_90_120,strict_pre_protection_only
FLB_97,3,20263948,validation,strict_matched_30_60_90_120,strict_pre_protection_only
FLB_99,3,20263948,validation,strict_matched_30_60_90_120,strict_pre_protection_only
LOCAC_10,3,20263948,validation,strict_matched_30_60_90_120,strict_pre_protection_only
LOCAC_17,3,20263948,validation,strict_matched_30_60_90_120,strict_pre_protection_only
LOCAC_18,3,20263948,validation,strict_matched_30_60_90_120,strict_pre_protection_only
LOCAC_23,3,20263948,validation,strict_matched_30_60_90_120,strict_pre_protection_only
LOCAC_3,3,20263948,validation,strict_matched_30_60_90_120,strict_pre_protection_only
LOCAC_35,3,20263948,validation,strict_matched_30_60_90_120,strict_pre_protection_only
LOCAC_36,3,20263948,validation,strict_matched_30_60_90_120,strict_pre_protection_only
LOCAC_40,3,20263948,validation,strict_matched_30_60_90_120,strict_pre_protection_only
LOCAC_41,3,20263948,validation,strict_matched_30_60_90_120,strict_pre_protection_only
LOCAC_42,3,20263948,validation,strict_matched_30_60_90_120,strict_pre_protection_only
LOCAC_5,3,20263948,validation,strict_matched_30_60_90_120,strict_pre_protection_only
LOCAC_61,3,20263948,validation,strict_matched_30_60_90_120,strict_pre_protection_only
LOCAC_63,3,20263948,validation,strict_matched_30_60_90_120,strict_pre_protection_only
LOCAC_67,3,20263948,validation,strict_matched_30_60_90_120,strict_pre_protection_only
LOCAC_73,3,20263948,validation,strict_matched_30_60_90_120,strict_pre_protection_only
LOCAC_9,3,20263948,validation,strict_matched_30_60_90_120,strict_pre_protection_only
LOCA_10,3,20263948,validation,strict_matched_30_60_90_120,strict_pre_protection_only
LOCA_14,3,20263948,validation,strict_matched_30_60_90_120,strict_pre_protection_only
LOCA_2,3,20263948,validation,strict_matched_30_60_90_120,strict_pre_protection_only
LOCA_20,3,20263948,validation,strict_matched_30_60_90_120,strict_pre_protection_only
LOCA_23,3,20263948,validation,strict_matched_30_60_90_120,strict_pre_protection_only
LOCA_24,3,20263948,validation,strict_matched_30_60_90_120,strict_pre_protection_only
LOCA_25,3,20263948,validation,strict_matched_30_60_90_120,strict_pre_protection_only
LOCA_36,3,20263948,validation,strict_matched_30_60_90_120,strict_pre_protection_only
LOCA_38,3,20263948,validation,strict_matched_30_60_90_120,strict_pre_protection_only
LOCA_42,3,20263948,validation,strict_matched_30_60_90_120,strict_pre_protection_only
LOCA_45,3,20263948,validation,strict_matched_30_60_90_120,strict_pre_protection_only
LOCA_52,3,20263948,validation,strict_matched_30_60_90_120,strict_pre_protection_only
LOCA_57,3,20263948,validation,strict_matched_30_60_90_120,strict_pre_protection_only
LOCA_59,3,20263948,validation,strict_matched_30_60_90_120,strict_pre_protection_only
LOCA_7,3,20263948,validation,strict_matched_30_60_90_120,strict_pre_protection_only
RI_-15,3,20263948,validation,strict_matched_30_60_90_120,strict_pre_protection_only
RI_-20,3,20263948,validation,strict_matched_30_60_90_120,strict_pre_protection_only
RI_-3,3,20263948,validation,strict_matched_30_60_90_120,strict_pre_protection_only
RI_-5,3,20263948,validation,strict_matched_30_60_90_120,strict_pre_protection_only
RI_-7,3,20263948,validation,strict_matched_30_60_90_120,strict_pre_protection_only
RW_1,3,20263948,validation,strict_matched_30_60_90_120,strict_pre_protection_only
SGATR_60,3,20263948,validation,strict_matched_30_60_90_120,strict_pre_protection_only
SGATR_62,3,20263948,validation,strict_matched_30_60_90_120,strict_pre_protection_only
SGATR_67,3,20263948,validation,strict_matched_30_60_90_120,strict_pre_protection_only
SGATR_72,3,20263948,validation,strict_matched_30_60_90_120,strict_pre_protection_only
SGATR_74,3,20263948,validation,strict_matched_30_60_90_120,strict_pre_protection_only
SGATR_80,3,20263948,validation,strict_matched_30_60_90_120,strict_pre_protection_only
SGATR_81,3,20263948,validation,strict_matched_30_60_90_120,strict_pre_protection_only
SGATR_85,3,20263948,validation,strict_matched_30_60_90_120,strict_pre_protection_only
SGATR_87,3,20263948,validation,strict_matched_30_60_90_120,strict_pre_protection_only
SGBTR_105,3,20263948,validation,strict_matched_30_60_90_120,strict_pre_protection_only
SGBTR_106,3,20263948,validation,strict_matched_30_60_90_120,strict_pre_protection_only
SGBTR_58,3,20263948,validation,strict_matched_30_60_90_120,strict_pre_protection_only
SGBTR_61,3,20263948,validation,strict_matched_30_60_90_120,strict_pre_protection_only
SGBTR_62,3,20263948,validation,strict_matched_30_60_90_120,strict_pre_protection_only
SGBTR_64,3,20263948,validation,strict_matched_30_60_90_120,strict_pre_protection_only
SGBTR_65,3,20263948,validation,strict_matched_30_60_90_120,strict_pre_protection_only
SGBTR_72,3,20263948,validation,strict_matched_30_60_90_120,strict_pre_protection_only
SGBTR_85,3,20263948,validation,strict_matched_30_60_90_120,strict_pre_protection_only
SGBTR_91,3,20263948,validation,strict_matched_30_60_90_120,strict_pre_protection_only
SGBTR_92,3,20263948,validation,strict_matched_30_60_90_120,strict_pre_protection_only
SLBIC_101,3,20263948,validation,strict_matched_30_60_90_120,strict_pre_protection_only
SLBIC_17,3,20263948,validation,strict_matched_30_60_90_120,strict_pre_protection_only
SLBIC_18,3,20263948,validation,strict_matched_30_60_90_120,strict_pre_protection_only
SLBIC_19,3,20263948,validation,strict_matched_30_60_90_120,strict_pre_protection_only
SLBIC_28,3,20263948,validation,strict_matched_30_60_90_120,strict_pre_protection_only
SLBIC_34,3,20263948,validation,strict_matched_30_60_90_120,strict_pre_protection_only
SLBIC_50,3,20263948,validation,strict_matched_30_60_90_120,strict_pre_protection_only
SLBIC_53,3,20263948,validation,strict_matched_30_60_90_120,strict_pre_protection_only
SLBIC_54,3,20263948,validation,strict_matched_30_60_90_120,strict_pre_protection_only
SLBIC_63,3,20263948,validation,strict_matched_30_60_90_120,strict_pre_protection_only
SLBIC_74,3,20263948,validation,strict_matched_30_60_90_120,strict_pre_protection_only
SLBIC_76,3,20263948,validation,strict_matched_30_60_90_120,strict_pre_protection_only
SLBIC_78,3,20263948,validation,strict_matched_30_60_90_120,strict_pre_protection_only
SLBIC_80,3,20263948,validation,strict_matched_30_60_90_120,strict_pre_protection_only
SLBIC_87,3,20263948,validation,strict_matched_30_60_90_120,strict_pre_protection_only
SLBIC_97,3,20263948,validation,strict_matched_30_60_90_120,strict_pre_protection_only
SLBIC_98,3,20263948,validation,strict_matched_30_60_90_120,strict_pre_protection_only
FLB_12,3,20263948,test,strict_matched_30_60_90_120,strict_pre_protection_only
FLB_13,3,20263948,test,strict_matched_30_60_90_120,strict_pre_protection_only
FLB_15,3,20263948,test,strict_matched_30_60_90_120,strict_pre_protection_only
FLB_2,3,20263948,test,strict_matched_30_60_90_120,strict_pre_protection_only
FLB_21,3,20263948,test,strict_matched_30_60_90_120,strict_pre_protection_only
FLB_24,3,20263948,test,strict_matched_30_60_90_120,strict_pre_protection_only
FLB_27,3,20263948,test,strict_matched_30_60_90_120,strict_pre_protection_only
FLB_35,3,20263948,test,strict_matched_30_60_90_120,strict_pre_protection_only
FLB_37,3,20263948,test,strict_matched_30_60_90_120,strict_pre_protection_only
FLB_40,3,20263948,test,strict_matched_30_60_90_120,strict_pre_protection_only
FLB_44,3,20263948,test,strict_matched_30_60_90_120,strict_pre_protection_only
FLB_50,3,20263948,test,strict_matched_30_60_90_120,strict_pre_protection_only
FLB_54,3,20263948,test,strict_matched_30_60_90_120,strict_pre_protection_only
FLB_6,3,20263948,test,strict_matched_30_60_90_120,strict_pre_protection_only
FLB_69,3,20263948,test,strict_matched_30_60_90_120,strict_pre_protection_only
FLB_72,3,20263948,test,strict_matched_30_60_90_120,strict_pre_protection_only
FLB_82,3,20263948,test,strict_matched_30_60_90_120,strict_pre_protection_only
FLB_86,3,20263948,test,strict_matched_30_60_90_120,strict_pre_protection_only
FLB_95,3,20263948,test,strict_matched_30_60_90_120,strict_pre_protection_only
FLB_98,3,20263948,test,strict_matched_30_60_90_120,strict_pre_protection_only
LOCAC_25,3,20263948,test,strict_matched_30_60_90_120,strict_pre_protection_only
LOCAC_26,3,20263948,test,strict_matched_30_60_90_120,strict_pre_protection_only
LOCAC_27,3,20263948,test,strict_matched_30_60_90_120,strict_pre_protection_only
LOCAC_28,3,20263948,test,strict_matched_30_60_90_120,strict_pre_protection_only
LOCAC_31,3,20263948,test,strict_matched_30_60_90_120,strict_pre_protection_only
LOCAC_32,3,20263948,test,strict_matched_30_60_90_120,strict_pre_protection_only
LOCAC_33,3,20263948,test,strict_matched_30_60_90_120,strict_pre_protection_only
LOCAC_46,3,20263948,test,strict_matched_30_60_90_120,strict_pre_protection_only
LOCAC_50,3,20263948,test,strict_matched_30_60_90_120,strict_pre_protection_only
LOCAC_52,3,20263948,test,strict_matched_30_60_90_120,strict_pre_protection_only
LOCAC_56,3,20263948,test,strict_matched_30_60_90_120,strict_pre_protection_only
LOCAC_6,3,20263948,test,strict_matched_30_60_90_120,strict_pre_protection_only
LOCAC_71,3,20263948,test,strict_matched_30_60_90_120,strict_pre_protection_only
LOCAC_75,3,20263948,test,strict_matched_30_60_90_120,strict_pre_protection_only
LOCAC_76,3,20263948,test,strict_matched_30_60_90_120,strict_pre_protection_only
LOCAC_77,3,20263948,test,strict_matched_30_60_90_120,strict_pre_protection_only
LOCA_15,3,20263948,test,strict_matched_30_60_90_120,strict_pre_protection_only
LOCA_16,3,20263948,test,strict_matched_30_60_90_120,strict_pre_protection_only
LOCA_27,3,20263948,test,strict_matched_30_60_90_120,strict_pre_protection_only
LOCA_30,3,20263948,test,strict_matched_30_60_90_120,strict_pre_protection_only
LOCA_34,3,20263948,test,strict_matched_30_60_90_120,strict_pre_protection_only
LOCA_49,3,20263948,test,strict_matched_30_60_90_120,strict_pre_protection_only
LOCA_53,3,20263948,test,strict_matched_30_60_90_120,strict_pre_protection_only
LOCA_56,3,20263948,test,strict_matched_30_60_90_120,strict_pre_protection_only
LOCA_58,3,20263948,test,strict_matched_30_60_90_120,strict_pre_protection_only
LOCA_60,3,20263948,test,strict_matched_30_60_90_120,strict_pre_protection_only
LOCA_62,3,20263948,test,strict_matched_30_60_90_120,strict_pre_protection_only
LOCA_67,3,20263948,test,strict_matched_30_60_90_120,strict_pre_protection_only
LOCA_75,3,20263948,test,strict_matched_30_60_90_120,strict_pre_protection_only
LOCA_8,3,20263948,test,strict_matched_30_60_90_120,strict_pre_protection_only
LOCA_9,3,20263948,test,strict_matched_30_60_90_120,strict_pre_protection_only
RI_-13,3,20263948,test,strict_matched_30_60_90_120,strict_pre_protection_only
RI_-14,3,20263948,test,strict_matched_30_60_90_120,strict_pre_protection_only
RI_-18,3,20263948,test,strict_matched_30_60_90_120,strict_pre_protection_only
RI_-19,3,20263948,test,strict_matched_30_60_90_120,strict_pre_protection_only
RI_-23,3,20263948,test,strict_matched_30_60_90_120,strict_pre_protection_only
RI_-4,3,20263948,test,strict_matched_30_60_90_120,strict_pre_protection_only
SGATR_59,3,20263948,test,strict_matched_30_60_90_120,strict_pre_protection_only
SGATR_64,3,20263948,test,strict_matched_30_60_90_120,strict_pre_protection_only
SGATR_66,3,20263948,test,strict_matched_30_60_90_120,strict_pre_protection_only
SGATR_73,3,20263948,test,strict_matched_30_60_90_120,strict_pre_protection_only
SGATR_75,3,20263948,test,strict_matched_30_60_90_120,strict_pre_protection_only
SGATR_79,3,20263948,test,strict_matched_30_60_90_120,strict_pre_protection_only
SGATR_96,3,20263948,test,strict_matched_30_60_90_120,strict_pre_protection_only
SGATR_97,3,20263948,test,strict_matched_30_60_90_120,strict_pre_protection_only
SGATR_98,3,20263948,test,strict_matched_30_60_90_120,strict_pre_protection_only
SGBTR_101,3,20263948,test,strict_matched_30_60_90_120,strict_pre_protection_only
SGBTR_102,3,20263948,test,strict_matched_30_60_90_120,strict_pre_protection_only
SGBTR_57,3,20263948,test,strict_matched_30_60_90_120,strict_pre_protection_only
SGBTR_63,3,20263948,test,strict_matched_30_60_90_120,strict_pre_protection_only
SGBTR_71,3,20263948,test,strict_matched_30_60_90_120,strict_pre_protection_only
SGBTR_73,3,20263948,test,strict_matched_30_60_90_120,strict_pre_protection_only
SGBTR_77,3,20263948,test,strict_matched_30_60_90_120,strict_pre_protection_only
SGBTR_81,3,20263948,test,strict_matched_30_60_90_120,strict_pre_protection_only
SGBTR_89,3,20263948,test,strict_matched_30_60_90_120,strict_pre_protection_only
SGBTR_94,3,20263948,test,strict_matched_30_60_90_120,strict_pre_protection_only
SGBTR_95,3,20263948,test,strict_matched_30_60_90_120,strict_pre_protection_only
SLBIC_20,3,20263948,test,strict_matched_30_60_90_120,strict_pre_protection_only
SLBIC_27,3,20263948,test,strict_matched_30_60_90_120,strict_pre_protection_only
SLBIC_32,3,20263948,test,strict_matched_30_60_90_120,strict_pre_protection_only
SLBIC_33,3,20263948,test,strict_matched_30_60_90_120,strict_pre_protection_only
SLBIC_40,3,20263948,test,strict_matched_30_60_90_120,strict_pre_protection_only
SLBIC_43,3,20263948,test,strict_matched_30_60_90_120,strict_pre_protection_only
SLBIC_46,3,20263948,test,strict_matched_30_60_90_120,strict_pre_protection_only
SLBIC_55,3,20263948,test,strict_matched_30_60_90_120,strict_pre_protection_only
SLBIC_58,3,20263948,test,strict_matched_30_60_90_120,strict_pre_protection_only
SLBIC_64,3,20263948,test,strict_matched_30_60_90_120,strict_pre_protection_only
SLBIC_66,3,20263948,test,strict_matched_30_60_90_120,strict_pre_protection_only
SLBIC_70,3,20263948,test,strict_matched_30_60_90_120,strict_pre_protection_only
SLBIC_73,3,20263948,test,strict_matched_30_60_90_120,strict_pre_protection_only
SLBIC_77,3,20263948,test,strict_matched_30_60_90_120,strict_pre_protection_only
SLBIC_82,3,20263948,test,strict_matched_30_60_90_120,strict_pre_protection_only
SLBIC_88,3,20263948,test,strict_matched_30_60_90_120,strict_pre_protection_only
SLBIC_91,3,20263948,test,strict_matched_30_60_90_120,strict_pre_protection_only
SLBIC_95,3,20263948,test,strict_matched_30_60_90_120,strict_pre_protection_only
FLB_10,4,20264957,train,strict_matched_30_60_90_120,strict_pre_protection_only
FLB_100,4,20264957,train,strict_matched_30_60_90_120,strict_pre_protection_only
FLB_12,4,20264957,train,strict_matched_30_60_90_120,strict_pre_protection_only
FLB_16,4,20264957,train,strict_matched_30_60_90_120,strict_pre_protection_only
FLB_17,4,20264957,train,strict_matched_30_60_90_120,strict_pre_protection_only
FLB_18,4,20264957,train,strict_matched_30_60_90_120,strict_pre_protection_only
FLB_2,4,20264957,train,strict_matched_30_60_90_120,strict_pre_protection_only
FLB_20,4,20264957,train,strict_matched_30_60_90_120,strict_pre_protection_only
FLB_21,4,20264957,train,strict_matched_30_60_90_120,strict_pre_protection_only
FLB_22,4,20264957,train,strict_matched_30_60_90_120,strict_pre_protection_only
FLB_24,4,20264957,train,strict_matched_30_60_90_120,strict_pre_protection_only
FLB_29,4,20264957,train,strict_matched_30_60_90_120,strict_pre_protection_only
FLB_32,4,20264957,train,strict_matched_30_60_90_120,strict_pre_protection_only
FLB_34,4,20264957,train,strict_matched_30_60_90_120,strict_pre_protection_only
FLB_35,4,20264957,train,strict_matched_30_60_90_120,strict_pre_protection_only
FLB_36,4,20264957,train,strict_matched_30_60_90_120,strict_pre_protection_only
FLB_4,4,20264957,train,strict_matched_30_60_90_120,strict_pre_protection_only
FLB_40,4,20264957,train,strict_matched_30_60_90_120,strict_pre_protection_only
FLB_41,4,20264957,train,strict_matched_30_60_90_120,strict_pre_protection_only
FLB_45,4,20264957,train,strict_matched_30_60_90_120,strict_pre_protection_only
FLB_47,4,20264957,train,strict_matched_30_60_90_120,strict_pre_protection_only
FLB_50,4,20264957,train,strict_matched_30_60_90_120,strict_pre_protection_only
FLB_52,4,20264957,train,strict_matched_30_60_90_120,strict_pre_protection_only
FLB_53,4,20264957,train,strict_matched_30_60_90_120,strict_pre_protection_only
FLB_54,4,20264957,train,strict_matched_30_60_90_120,strict_pre_protection_only
FLB_58,4,20264957,train,strict_matched_30_60_90_120,strict_pre_protection_only
FLB_59,4,20264957,train,strict_matched_30_60_90_120,strict_pre_protection_only
FLB_6,4,20264957,train,strict_matched_30_60_90_120,strict_pre_protection_only
FLB_60,4,20264957,train,strict_matched_30_60_90_120,strict_pre_protection_only
FLB_61,4,20264957,train,strict_matched_30_60_90_120,strict_pre_protection_only
FLB_62,4,20264957,train,strict_matched_30_60_90_120,strict_pre_protection_only
FLB_63,4,20264957,train,strict_matched_30_60_90_120,strict_pre_protection_only
FLB_64,4,20264957,train,strict_matched_30_60_90_120,strict_pre_protection_only
FLB_65,4,20264957,train,strict_matched_30_60_90_120,strict_pre_protection_only
FLB_66,4,20264957,train,strict_matched_30_60_90_120,strict_pre_protection_only
FLB_68,4,20264957,train,strict_matched_30_60_90_120,strict_pre_protection_only
FLB_69,4,20264957,train,strict_matched_30_60_90_120,strict_pre_protection_only
FLB_7,4,20264957,train,strict_matched_30_60_90_120,strict_pre_protection_only
FLB_71,4,20264957,train,strict_matched_30_60_90_120,strict_pre_protection_only
FLB_72,4,20264957,train,strict_matched_30_60_90_120,strict_pre_protection_only
FLB_73,4,20264957,train,strict_matched_30_60_90_120,strict_pre_protection_only
FLB_74,4,20264957,train,strict_matched_30_60_90_120,strict_pre_protection_only
FLB_76,4,20264957,train,strict_matched_30_60_90_120,strict_pre_protection_only
FLB_78,4,20264957,train,strict_matched_30_60_90_120,strict_pre_protection_only
FLB_8,4,20264957,train,strict_matched_30_60_90_120,strict_pre_protection_only
FLB_80,4,20264957,train,strict_matched_30_60_90_120,strict_pre_protection_only
FLB_81,4,20264957,train,strict_matched_30_60_90_120,strict_pre_protection_only
FLB_82,4,20264957,train,strict_matched_30_60_90_120,strict_pre_protection_only
FLB_83,4,20264957,train,strict_matched_30_60_90_120,strict_pre_protection_only
FLB_86,4,20264957,train,strict_matched_30_60_90_120,strict_pre_protection_only
FLB_87,4,20264957,train,strict_matched_30_60_90_120,strict_pre_protection_only
FLB_88,4,20264957,train,strict_matched_30_60_90_120,strict_pre_protection_only
FLB_89,4,20264957,train,strict_matched_30_60_90_120,strict_pre_protection_only
FLB_9,4,20264957,train,strict_matched_30_60_90_120,strict_pre_protection_only
FLB_90,4,20264957,train,strict_matched_30_60_90_120,strict_pre_protection_only
FLB_94,4,20264957,train,strict_matched_30_60_90_120,strict_pre_protection_only
FLB_95,4,20264957,train,strict_matched_30_60_90_120,strict_pre_protection_only
FLB_96,4,20264957,train,strict_matched_30_60_90_120,strict_pre_protection_only
FLB_98,4,20264957,train,strict_matched_30_60_90_120,strict_pre_protection_only
LOCAC_1,4,20264957,train,strict_matched_30_60_90_120,strict_pre_protection_only
LOCAC_10,4,20264957,train,strict_matched_30_60_90_120,strict_pre_protection_only
LOCAC_11,4,20264957,train,strict_matched_30_60_90_120,strict_pre_protection_only
LOCAC_15,4,20264957,train,strict_matched_30_60_90_120,strict_pre_protection_only
LOCAC_16,4,20264957,train,strict_matched_30_60_90_120,strict_pre_protection_only
LOCAC_17,4,20264957,train,strict_matched_30_60_90_120,strict_pre_protection_only
LOCAC_2,4,20264957,train,strict_matched_30_60_90_120,strict_pre_protection_only
LOCAC_20,4,20264957,train,strict_matched_30_60_90_120,strict_pre_protection_only
LOCAC_22,4,20264957,train,strict_matched_30_60_90_120,strict_pre_protection_only
LOCAC_23,4,20264957,train,strict_matched_30_60_90_120,strict_pre_protection_only
LOCAC_24,4,20264957,train,strict_matched_30_60_90_120,strict_pre_protection_only
LOCAC_26,4,20264957,train,strict_matched_30_60_90_120,strict_pre_protection_only
LOCAC_27,4,20264957,train,strict_matched_30_60_90_120,strict_pre_protection_only
LOCAC_28,4,20264957,train,strict_matched_30_60_90_120,strict_pre_protection_only
LOCAC_3,4,20264957,train,strict_matched_30_60_90_120,strict_pre_protection_only
LOCAC_31,4,20264957,train,strict_matched_30_60_90_120,strict_pre_protection_only
LOCAC_32,4,20264957,train,strict_matched_30_60_90_120,strict_pre_protection_only
LOCAC_33,4,20264957,train,strict_matched_30_60_90_120,strict_pre_protection_only
LOCAC_34,4,20264957,train,strict_matched_30_60_90_120,strict_pre_protection_only
LOCAC_36,4,20264957,train,strict_matched_30_60_90_120,strict_pre_protection_only
LOCAC_38,4,20264957,train,strict_matched_30_60_90_120,strict_pre_protection_only
LOCAC_4,4,20264957,train,strict_matched_30_60_90_120,strict_pre_protection_only
LOCAC_45,4,20264957,train,strict_matched_30_60_90_120,strict_pre_protection_only
LOCAC_46,4,20264957,train,strict_matched_30_60_90_120,strict_pre_protection_only
LOCAC_47,4,20264957,train,strict_matched_30_60_90_120,strict_pre_protection_only
LOCAC_49,4,20264957,train,strict_matched_30_60_90_120,strict_pre_protection_only
LOCAC_5,4,20264957,train,strict_matched_30_60_90_120,strict_pre_protection_only
LOCAC_50,4,20264957,train,strict_matched_30_60_90_120,strict_pre_protection_only
LOCAC_51,4,20264957,train,strict_matched_30_60_90_120,strict_pre_protection_only
LOCAC_56,4,20264957,train,strict_matched_30_60_90_120,strict_pre_protection_only
LOCAC_57,4,20264957,train,strict_matched_30_60_90_120,strict_pre_protection_only
LOCAC_59,4,20264957,train,strict_matched_30_60_90_120,strict_pre_protection_only
LOCAC_6,4,20264957,train,strict_matched_30_60_90_120,strict_pre_protection_only
LOCAC_60,4,20264957,train,strict_matched_30_60_90_120,strict_pre_protection_only
LOCAC_61,4,20264957,train,strict_matched_30_60_90_120,strict_pre_protection_only
LOCAC_62,4,20264957,train,strict_matched_30_60_90_120,strict_pre_protection_only
LOCAC_64,4,20264957,train,strict_matched_30_60_90_120,strict_pre_protection_only
LOCAC_68,4,20264957,train,strict_matched_30_60_90_120,strict_pre_protection_only
LOCAC_69,4,20264957,train,strict_matched_30_60_90_120,strict_pre_protection_only
LOCAC_7,4,20264957,train,strict_matched_30_60_90_120,strict_pre_protection_only
LOCAC_70,4,20264957,train,strict_matched_30_60_90_120,strict_pre_protection_only
LOCAC_73,4,20264957,train,strict_matched_30_60_90_120,strict_pre_protection_only
LOCAC_76,4,20264957,train,strict_matched_30_60_90_120,strict_pre_protection_only
LOCAC_77,4,20264957,train,strict_matched_30_60_90_120,strict_pre_protection_only
LOCAC_78,4,20264957,train,strict_matched_30_60_90_120,strict_pre_protection_only
LOCAC_79,4,20264957,train,strict_matched_30_60_90_120,strict_pre_protection_only
LOCAC_8,4,20264957,train,strict_matched_30_60_90_120,strict_pre_protection_only
LOCA_1,4,20264957,train,strict_matched_30_60_90_120,strict_pre_protection_only
LOCA_11,4,20264957,train,strict_matched_30_60_90_120,strict_pre_protection_only
LOCA_12,4,20264957,train,strict_matched_30_60_90_120,strict_pre_protection_only
LOCA_13,4,20264957,train,strict_matched_30_60_90_120,strict_pre_protection_only
LOCA_14,4,20264957,train,strict_matched_30_60_90_120,strict_pre_protection_only
LOCA_15,4,20264957,train,strict_matched_30_60_90_120,strict_pre_protection_only
LOCA_16,4,20264957,train,strict_matched_30_60_90_120,strict_pre_protection_only
LOCA_17,4,20264957,train,strict_matched_30_60_90_120,strict_pre_protection_only
LOCA_18,4,20264957,train,strict_matched_30_60_90_120,strict_pre_protection_only
LOCA_19,4,20264957,train,strict_matched_30_60_90_120,strict_pre_protection_only
LOCA_20,4,20264957,train,strict_matched_30_60_90_120,strict_pre_protection_only
LOCA_21,4,20264957,train,strict_matched_30_60_90_120,strict_pre_protection_only
LOCA_35,4,20264957,train,strict_matched_30_60_90_120,strict_pre_protection_only
LOCA_36,4,20264957,train,strict_matched_30_60_90_120,strict_pre_protection_only
LOCA_37,4,20264957,train,strict_matched_30_60_90_120,strict_pre_protection_only
LOCA_38,4,20264957,train,strict_matched_30_60_90_120,strict_pre_protection_only
LOCA_39,4,20264957,train,strict_matched_30_60_90_120,strict_pre_protection_only
LOCA_4,4,20264957,train,strict_matched_30_60_90_120,strict_pre_protection_only
LOCA_40,4,20264957,train,strict_matched_30_60_90_120,strict_pre_protection_only
LOCA_41,4,20264957,train,strict_matched_30_60_90_120,strict_pre_protection_only
LOCA_42,4,20264957,train,strict_matched_30_60_90_120,strict_pre_protection_only
LOCA_44,4,20264957,train,strict_matched_30_60_90_120,strict_pre_protection_only
LOCA_45,4,20264957,train,strict_matched_30_60_90_120,strict_pre_protection_only
LOCA_46,4,20264957,train,strict_matched_30_60_90_120,strict_pre_protection_only
LOCA_48,4,20264957,train,strict_matched_30_60_90_120,strict_pre_protection_only
LOCA_5,4,20264957,train,strict_matched_30_60_90_120,strict_pre_protection_only
LOCA_51,4,20264957,train,strict_matched_30_60_90_120,strict_pre_protection_only
LOCA_52,4,20264957,train,strict_matched_30_60_90_120,strict_pre_protection_only
LOCA_53,4,20264957,train,strict_matched_30_60_90_120,strict_pre_protection_only
LOCA_54,4,20264957,train,strict_matched_30_60_90_120,strict_pre_protection_only
LOCA_56,4,20264957,train,strict_matched_30_60_90_120,strict_pre_protection_only
LOCA_58,4,20264957,train,strict_matched_30_60_90_120,strict_pre_protection_only
LOCA_59,4,20264957,train,strict_matched_30_60_90_120,strict_pre_protection_only
LOCA_6,4,20264957,train,strict_matched_30_60_90_120,strict_pre_protection_only
LOCA_60,4,20264957,train,strict_matched_30_60_90_120,strict_pre_protection_only
LOCA_62,4,20264957,train,strict_matched_30_60_90_120,strict_pre_protection_only
LOCA_63,4,20264957,train,strict_matched_30_60_90_120,strict_pre_protection_only
LOCA_66,4,20264957,train,strict_matched_30_60_90_120,strict_pre_protection_only
LOCA_67,4,20264957,train,strict_matched_30_60_90_120,strict_pre_protection_only
LOCA_69,4,20264957,train,strict_matched_30_60_90_120,strict_pre_protection_only
LOCA_71,4,20264957,train,strict_matched_30_60_90_120,strict_pre_protection_only
LOCA_72,4,20264957,train,strict_matched_30_60_90_120,strict_pre_protection_only
LOCA_73,4,20264957,train,strict_matched_30_60_90_120,strict_pre_protection_only
LOCA_74,4,20264957,train,strict_matched_30_60_90_120,strict_pre_protection_only
LOCA_76,4,20264957,train,strict_matched_30_60_90_120,strict_pre_protection_only
LOCA_9,4,20264957,train,strict_matched_30_60_90_120,strict_pre_protection_only
RI_-1,4,20264957,train,strict_matched_30_60_90_120,strict_pre_protection_only
RI_-10,4,20264957,train,strict_matched_30_60_90_120,strict_pre_protection_only
RI_-11,4,20264957,train,strict_matched_30_60_90_120,strict_pre_protection_only
RI_-14,4,20264957,train,strict_matched_30_60_90_120,strict_pre_protection_only
RI_-15,4,20264957,train,strict_matched_30_60_90_120,strict_pre_protection_only
RI_-16,4,20264957,train,strict_matched_30_60_90_120,strict_pre_protection_only
RI_-17,4,20264957,train,strict_matched_30_60_90_120,strict_pre_protection_only
RI_-18,4,20264957,train,strict_matched_30_60_90_120,strict_pre_protection_only
RI_-23,4,20264957,train,strict_matched_30_60_90_120,strict_pre_protection_only
RI_-3,4,20264957,train,strict_matched_30_60_90_120,strict_pre_protection_only
RI_-32,4,20264957,train,strict_matched_30_60_90_120,strict_pre_protection_only
RI_-34,4,20264957,train,strict_matched_30_60_90_120,strict_pre_protection_only
RI_-4,4,20264957,train,strict_matched_30_60_90_120,strict_pre_protection_only
RI_-5,4,20264957,train,strict_matched_30_60_90_120,strict_pre_protection_only
RI_-6,4,20264957,train,strict_matched_30_60_90_120,strict_pre_protection_only
RI_-8,4,20264957,train,strict_matched_30_60_90_120,strict_pre_protection_only
RI_-9,4,20264957,train,strict_matched_30_60_90_120,strict_pre_protection_only
RW_2,4,20264957,train,strict_matched_30_60_90_120,strict_pre_protection_only
RW_3,4,20264957,train,strict_matched_30_60_90_120,strict_pre_protection_only
SGATR_100,4,20264957,train,strict_matched_30_60_90_120,strict_pre_protection_only
SGATR_57,4,20264957,train,strict_matched_30_60_90_120,strict_pre_protection_only
SGATR_58,4,20264957,train,strict_matched_30_60_90_120,strict_pre_protection_only
SGATR_60,4,20264957,train,strict_matched_30_60_90_120,strict_pre_protection_only
SGATR_61,4,20264957,train,strict_matched_30_60_90_120,strict_pre_protection_only
SGATR_62,4,20264957,train,strict_matched_30_60_90_120,strict_pre_protection_only
SGATR_63,4,20264957,train,strict_matched_30_60_90_120,strict_pre_protection_only
SGATR_64,4,20264957,train,strict_matched_30_60_90_120,strict_pre_protection_only
SGATR_66,4,20264957,train,strict_matched_30_60_90_120,strict_pre_protection_only
SGATR_68,4,20264957,train,strict_matched_30_60_90_120,strict_pre_protection_only
SGATR_73,4,20264957,train,strict_matched_30_60_90_120,strict_pre_protection_only
SGATR_75,4,20264957,train,strict_matched_30_60_90_120,strict_pre_protection_only
SGATR_76,4,20264957,train,strict_matched_30_60_90_120,strict_pre_protection_only
SGATR_77,4,20264957,train,strict_matched_30_60_90_120,strict_pre_protection_only
SGATR_80,4,20264957,train,strict_matched_30_60_90_120,strict_pre_protection_only
SGATR_81,4,20264957,train,strict_matched_30_60_90_120,strict_pre_protection_only
SGATR_82,4,20264957,train,strict_matched_30_60_90_120,strict_pre_protection_only
SGATR_83,4,20264957,train,strict_matched_30_60_90_120,strict_pre_protection_only
SGATR_86,4,20264957,train,strict_matched_30_60_90_120,strict_pre_protection_only
SGATR_87,4,20264957,train,strict_matched_30_60_90_120,strict_pre_protection_only
SGATR_88,4,20264957,train,strict_matched_30_60_90_120,strict_pre_protection_only
SGATR_92,4,20264957,train,strict_matched_30_60_90_120,strict_pre_protection_only
SGATR_95,4,20264957,train,strict_matched_30_60_90_120,strict_pre_protection_only
SGATR_96,4,20264957,train,strict_matched_30_60_90_120,strict_pre_protection_only
SGATR_97,4,20264957,train,strict_matched_30_60_90_120,strict_pre_protection_only
SGATR_99,4,20264957,train,strict_matched_30_60_90_120,strict_pre_protection_only
SGBTR_100,4,20264957,train,strict_matched_30_60_90_120,strict_pre_protection_only
SGBTR_101,4,20264957,train,strict_matched_30_60_90_120,strict_pre_protection_only
SGBTR_102,4,20264957,train,strict_matched_30_60_90_120,strict_pre_protection_only
SGBTR_104,4,20264957,train,strict_matched_30_60_90_120,strict_pre_protection_only
SGBTR_105,4,20264957,train,strict_matched_30_60_90_120,strict_pre_protection_only
SGBTR_107,4,20264957,train,strict_matched_30_60_90_120,strict_pre_protection_only
SGBTR_109,4,20264957,train,strict_matched_30_60_90_120,strict_pre_protection_only
SGBTR_57,4,20264957,train,strict_matched_30_60_90_120,strict_pre_protection_only
SGBTR_58,4,20264957,train,strict_matched_30_60_90_120,strict_pre_protection_only
SGBTR_62,4,20264957,train,strict_matched_30_60_90_120,strict_pre_protection_only
SGBTR_64,4,20264957,train,strict_matched_30_60_90_120,strict_pre_protection_only
SGBTR_68,4,20264957,train,strict_matched_30_60_90_120,strict_pre_protection_only
SGBTR_69,4,20264957,train,strict_matched_30_60_90_120,strict_pre_protection_only
SGBTR_75,4,20264957,train,strict_matched_30_60_90_120,strict_pre_protection_only
SGBTR_77,4,20264957,train,strict_matched_30_60_90_120,strict_pre_protection_only
SGBTR_78,4,20264957,train,strict_matched_30_60_90_120,strict_pre_protection_only
SGBTR_80,4,20264957,train,strict_matched_30_60_90_120,strict_pre_protection_only
SGBTR_81,4,20264957,train,strict_matched_30_60_90_120,strict_pre_protection_only
SGBTR_82,4,20264957,train,strict_matched_30_60_90_120,strict_pre_protection_only
SGBTR_85,4,20264957,train,strict_matched_30_60_90_120,strict_pre_protection_only
SGBTR_86,4,20264957,train,strict_matched_30_60_90_120,strict_pre_protection_only
SGBTR_87,4,20264957,train,strict_matched_30_60_90_120,strict_pre_protection_only
SGBTR_88,4,20264957,train,strict_matched_30_60_90_120,strict_pre_protection_only
SGBTR_89,4,20264957,train,strict_matched_30_60_90_120,strict_pre_protection_only
SGBTR_90,4,20264957,train,strict_matched_30_60_90_120,strict_pre_protection_only
SGBTR_92,4,20264957,train,strict_matched_30_60_90_120,strict_pre_protection_only
SGBTR_93,4,20264957,train,strict_matched_30_60_90_120,strict_pre_protection_only
SGBTR_94,4,20264957,train,strict_matched_30_60_90_120,strict_pre_protection_only
SGBTR_95,4,20264957,train,strict_matched_30_60_90_120,strict_pre_protection_only
SGBTR_96,4,20264957,train,strict_matched_30_60_90_120,strict_pre_protection_only
SGBTR_97,4,20264957,train,strict_matched_30_60_90_120,strict_pre_protection_only
SGBTR_99,4,20264957,train,strict_matched_30_60_90_120,strict_pre_protection_only
SLBIC_100,4,20264957,train,strict_matched_30_60_90_120,strict_pre_protection_only
SLBIC_101,4,20264957,train,strict_matched_30_60_90_120,strict_pre_protection_only
SLBIC_14,4,20264957,train,strict_matched_30_60_90_120,strict_pre_protection_only
SLBIC_16,4,20264957,train,strict_matched_30_60_90_120,strict_pre_protection_only
SLBIC_17,4,20264957,train,strict_matched_30_60_90_120,strict_pre_protection_only
SLBIC_21,4,20264957,train,strict_matched_30_60_90_120,strict_pre_protection_only
SLBIC_22,4,20264957,train,strict_matched_30_60_90_120,strict_pre_protection_only
SLBIC_24,4,20264957,train,strict_matched_30_60_90_120,strict_pre_protection_only
SLBIC_25,4,20264957,train,strict_matched_30_60_90_120,strict_pre_protection_only
SLBIC_26,4,20264957,train,strict_matched_30_60_90_120,strict_pre_protection_only
SLBIC_33,4,20264957,train,strict_matched_30_60_90_120,strict_pre_protection_only
SLBIC_36,4,20264957,train,strict_matched_30_60_90_120,strict_pre_protection_only
SLBIC_37,4,20264957,train,strict_matched_30_60_90_120,strict_pre_protection_only
SLBIC_38,4,20264957,train,strict_matched_30_60_90_120,strict_pre_protection_only
SLBIC_41,4,20264957,train,strict_matched_30_60_90_120,strict_pre_protection_only
SLBIC_45,4,20264957,train,strict_matched_30_60_90_120,strict_pre_protection_only
SLBIC_46,4,20264957,train,strict_matched_30_60_90_120,strict_pre_protection_only
SLBIC_48,4,20264957,train,strict_matched_30_60_90_120,strict_pre_protection_only
SLBIC_52,4,20264957,train,strict_matched_30_60_90_120,strict_pre_protection_only
SLBIC_54,4,20264957,train,strict_matched_30_60_90_120,strict_pre_protection_only
SLBIC_56,4,20264957,train,strict_matched_30_60_90_120,strict_pre_protection_only
SLBIC_57,4,20264957,train,strict_matched_30_60_90_120,strict_pre_protection_only
SLBIC_58,4,20264957,train,strict_matched_30_60_90_120,strict_pre_protection_only
SLBIC_59,4,20264957,train,strict_matched_30_60_90_120,strict_pre_protection_only
SLBIC_60,4,20264957,train,strict_matched_30_60_90_120,strict_pre_protection_only
SLBIC_61,4,20264957,train,strict_matched_30_60_90_120,strict_pre_protection_only
SLBIC_62,4,20264957,train,strict_matched_30_60_90_120,strict_pre_protection_only
SLBIC_63,4,20264957,train,strict_matched_30_60_90_120,strict_pre_protection_only
SLBIC_64,4,20264957,train,strict_matched_30_60_90_120,strict_pre_protection_only
SLBIC_65,4,20264957,train,strict_matched_30_60_90_120,strict_pre_protection_only
SLBIC_66,4,20264957,train,strict_matched_30_60_90_120,strict_pre_protection_only
SLBIC_68,4,20264957,train,strict_matched_30_60_90_120,strict_pre_protection_only
SLBIC_69,4,20264957,train,strict_matched_30_60_90_120,strict_pre_protection_only
SLBIC_71,4,20264957,train,strict_matched_30_60_90_120,strict_pre_protection_only
SLBIC_72,4,20264957,train,strict_matched_30_60_90_120,strict_pre_protection_only
SLBIC_73,4,20264957,train,strict_matched_30_60_90_120,strict_pre_protection_only
SLBIC_74,4,20264957,train,strict_matched_30_60_90_120,strict_pre_protection_only
SLBIC_75,4,20264957,train,strict_matched_30_60_90_120,strict_pre_protection_only
SLBIC_76,4,20264957,train,strict_matched_30_60_90_120,strict_pre_protection_only
SLBIC_77,4,20264957,train,strict_matched_30_60_90_120,strict_pre_protection_only
SLBIC_78,4,20264957,train,strict_matched_30_60_90_120,strict_pre_protection_only
SLBIC_79,4,20264957,train,strict_matched_30_60_90_120,strict_pre_protection_only
SLBIC_80,4,20264957,train,strict_matched_30_60_90_120,strict_pre_protection_only
SLBIC_82,4,20264957,train,strict_matched_30_60_90_120,strict_pre_protection_only
SLBIC_84,4,20264957,train,strict_matched_30_60_90_120,strict_pre_protection_only
SLBIC_85,4,20264957,train,strict_matched_30_60_90_120,strict_pre_protection_only
SLBIC_86,4,20264957,train,strict_matched_30_60_90_120,strict_pre_protection_only
SLBIC_88,4,20264957,train,strict_matched_30_60_90_120,strict_pre_protection_only
SLBIC_89,4,20264957,train,strict_matched_30_60_90_120,strict_pre_protection_only
SLBIC_90,4,20264957,train,strict_matched_30_60_90_120,strict_pre_protection_only
SLBIC_91,4,20264957,train,strict_matched_30_60_90_120,strict_pre_protection_only
SLBIC_93,4,20264957,train,strict_matched_30_60_90_120,strict_pre_protection_only
SLBIC_96,4,20264957,train,strict_matched_30_60_90_120,strict_pre_protection_only
FLB_13,4,20264957,validation,strict_matched_30_60_90_120,strict_pre_protection_only
FLB_23,4,20264957,validation,strict_matched_30_60_90_120,strict_pre_protection_only
FLB_26,4,20264957,validation,strict_matched_30_60_90_120,strict_pre_protection_only
FLB_27,4,20264957,validation,strict_matched_30_60_90_120,strict_pre_protection_only
FLB_30,4,20264957,validation,strict_matched_30_60_90_120,strict_pre_protection_only
FLB_31,4,20264957,validation,strict_matched_30_60_90_120,strict_pre_protection_only
FLB_43,4,20264957,validation,strict_matched_30_60_90_120,strict_pre_protection_only
FLB_44,4,20264957,validation,strict_matched_30_60_90_120,strict_pre_protection_only
FLB_46,4,20264957,validation,strict_matched_30_60_90_120,strict_pre_protection_only
FLB_48,4,20264957,validation,strict_matched_30_60_90_120,strict_pre_protection_only
FLB_49,4,20264957,validation,strict_matched_30_60_90_120,strict_pre_protection_only
FLB_51,4,20264957,validation,strict_matched_30_60_90_120,strict_pre_protection_only
FLB_55,4,20264957,validation,strict_matched_30_60_90_120,strict_pre_protection_only
FLB_56,4,20264957,validation,strict_matched_30_60_90_120,strict_pre_protection_only
FLB_70,4,20264957,validation,strict_matched_30_60_90_120,strict_pre_protection_only
FLB_91,4,20264957,validation,strict_matched_30_60_90_120,strict_pre_protection_only
FLB_92,4,20264957,validation,strict_matched_30_60_90_120,strict_pre_protection_only
FLB_93,4,20264957,validation,strict_matched_30_60_90_120,strict_pre_protection_only
FLB_97,4,20264957,validation,strict_matched_30_60_90_120,strict_pre_protection_only
FLB_99,4,20264957,validation,strict_matched_30_60_90_120,strict_pre_protection_only
LOCAC_18,4,20264957,validation,strict_matched_30_60_90_120,strict_pre_protection_only
LOCAC_25,4,20264957,validation,strict_matched_30_60_90_120,strict_pre_protection_only
LOCAC_30,4,20264957,validation,strict_matched_30_60_90_120,strict_pre_protection_only
LOCAC_37,4,20264957,validation,strict_matched_30_60_90_120,strict_pre_protection_only
LOCAC_39,4,20264957,validation,strict_matched_30_60_90_120,strict_pre_protection_only
LOCAC_40,4,20264957,validation,strict_matched_30_60_90_120,strict_pre_protection_only
LOCAC_43,4,20264957,validation,strict_matched_30_60_90_120,strict_pre_protection_only
LOCAC_52,4,20264957,validation,strict_matched_30_60_90_120,strict_pre_protection_only
LOCAC_53,4,20264957,validation,strict_matched_30_60_90_120,strict_pre_protection_only
LOCAC_55,4,20264957,validation,strict_matched_30_60_90_120,strict_pre_protection_only
LOCAC_58,4,20264957,validation,strict_matched_30_60_90_120,strict_pre_protection_only
LOCAC_66,4,20264957,validation,strict_matched_30_60_90_120,strict_pre_protection_only
LOCAC_67,4,20264957,validation,strict_matched_30_60_90_120,strict_pre_protection_only
LOCAC_72,4,20264957,validation,strict_matched_30_60_90_120,strict_pre_protection_only
LOCAC_74,4,20264957,validation,strict_matched_30_60_90_120,strict_pre_protection_only
LOCAC_9,4,20264957,validation,strict_matched_30_60_90_120,strict_pre_protection_only
LOCA_10,4,20264957,validation,strict_matched_30_60_90_120,strict_pre_protection_only
LOCA_22,4,20264957,validation,strict_matched_30_60_90_120,strict_pre_protection_only
LOCA_23,4,20264957,validation,strict_matched_30_60_90_120,strict_pre_protection_only
LOCA_24,4,20264957,validation,strict_matched_30_60_90_120,strict_pre_protection_only
LOCA_25,4,20264957,validation,strict_matched_30_60_90_120,strict_pre_protection_only
LOCA_28,4,20264957,validation,strict_matched_30_60_90_120,strict_pre_protection_only
LOCA_30,4,20264957,validation,strict_matched_30_60_90_120,strict_pre_protection_only
LOCA_32,4,20264957,validation,strict_matched_30_60_90_120,strict_pre_protection_only
LOCA_50,4,20264957,validation,strict_matched_30_60_90_120,strict_pre_protection_only
LOCA_55,4,20264957,validation,strict_matched_30_60_90_120,strict_pre_protection_only
LOCA_57,4,20264957,validation,strict_matched_30_60_90_120,strict_pre_protection_only
LOCA_61,4,20264957,validation,strict_matched_30_60_90_120,strict_pre_protection_only
LOCA_70,4,20264957,validation,strict_matched_30_60_90_120,strict_pre_protection_only
LOCA_77,4,20264957,validation,strict_matched_30_60_90_120,strict_pre_protection_only
LOCA_8,4,20264957,validation,strict_matched_30_60_90_120,strict_pre_protection_only
RI_-13,4,20264957,validation,strict_matched_30_60_90_120,strict_pre_protection_only
RI_-20,4,20264957,validation,strict_matched_30_60_90_120,strict_pre_protection_only
RI_-21,4,20264957,validation,strict_matched_30_60_90_120,strict_pre_protection_only
RI_-33,4,20264957,validation,strict_matched_30_60_90_120,strict_pre_protection_only
RI_-7,4,20264957,validation,strict_matched_30_60_90_120,strict_pre_protection_only
RW_1,4,20264957,validation,strict_matched_30_60_90_120,strict_pre_protection_only
SGATR_65,4,20264957,validation,strict_matched_30_60_90_120,strict_pre_protection_only
SGATR_69,4,20264957,validation,strict_matched_30_60_90_120,strict_pre_protection_only
SGATR_71,4,20264957,validation,strict_matched_30_60_90_120,strict_pre_protection_only
SGATR_72,4,20264957,validation,strict_matched_30_60_90_120,strict_pre_protection_only
SGATR_74,4,20264957,validation,strict_matched_30_60_90_120,strict_pre_protection_only
SGATR_78,4,20264957,validation,strict_matched_30_60_90_120,strict_pre_protection_only
SGATR_89,4,20264957,validation,strict_matched_30_60_90_120,strict_pre_protection_only
SGATR_90,4,20264957,validation,strict_matched_30_60_90_120,strict_pre_protection_only
SGATR_98,4,20264957,validation,strict_matched_30_60_90_120,strict_pre_protection_only
SGBTR_103,4,20264957,validation,strict_matched_30_60_90_120,strict_pre_protection_only
SGBTR_106,4,20264957,validation,strict_matched_30_60_90_120,strict_pre_protection_only
SGBTR_108,4,20264957,validation,strict_matched_30_60_90_120,strict_pre_protection_only
SGBTR_59,4,20264957,validation,strict_matched_30_60_90_120,strict_pre_protection_only
SGBTR_60,4,20264957,validation,strict_matched_30_60_90_120,strict_pre_protection_only
SGBTR_63,4,20264957,validation,strict_matched_30_60_90_120,strict_pre_protection_only
SGBTR_66,4,20264957,validation,strict_matched_30_60_90_120,strict_pre_protection_only
SGBTR_70,4,20264957,validation,strict_matched_30_60_90_120,strict_pre_protection_only
SGBTR_72,4,20264957,validation,strict_matched_30_60_90_120,strict_pre_protection_only
SGBTR_76,4,20264957,validation,strict_matched_30_60_90_120,strict_pre_protection_only
SGBTR_98,4,20264957,validation,strict_matched_30_60_90_120,strict_pre_protection_only
SLBIC_19,4,20264957,validation,strict_matched_30_60_90_120,strict_pre_protection_only
SLBIC_23,4,20264957,validation,strict_matched_30_60_90_120,strict_pre_protection_only
SLBIC_27,4,20264957,validation,strict_matched_30_60_90_120,strict_pre_protection_only
SLBIC_30,4,20264957,validation,strict_matched_30_60_90_120,strict_pre_protection_only
SLBIC_31,4,20264957,validation,strict_matched_30_60_90_120,strict_pre_protection_only
SLBIC_35,4,20264957,validation,strict_matched_30_60_90_120,strict_pre_protection_only
SLBIC_39,4,20264957,validation,strict_matched_30_60_90_120,strict_pre_protection_only
SLBIC_42,4,20264957,validation,strict_matched_30_60_90_120,strict_pre_protection_only
SLBIC_43,4,20264957,validation,strict_matched_30_60_90_120,strict_pre_protection_only
SLBIC_49,4,20264957,validation,strict_matched_30_60_90_120,strict_pre_protection_only
SLBIC_51,4,20264957,validation,strict_matched_30_60_90_120,strict_pre_protection_only
SLBIC_55,4,20264957,validation,strict_matched_30_60_90_120,strict_pre_protection_only
SLBIC_70,4,20264957,validation,strict_matched_30_60_90_120,strict_pre_protection_only
SLBIC_94,4,20264957,validation,strict_matched_30_60_90_120,strict_pre_protection_only
SLBIC_97,4,20264957,validation,strict_matched_30_60_90_120,strict_pre_protection_only
SLBIC_98,4,20264957,validation,strict_matched_30_60_90_120,strict_pre_protection_only
SLBIC_99,4,20264957,validation,strict_matched_30_60_90_120,strict_pre_protection_only
FLB_11,4,20264957,test,strict_matched_30_60_90_120,strict_pre_protection_only
FLB_14,4,20264957,test,strict_matched_30_60_90_120,strict_pre_protection_only
FLB_15,4,20264957,test,strict_matched_30_60_90_120,strict_pre_protection_only
FLB_19,4,20264957,test,strict_matched_30_60_90_120,strict_pre_protection_only
FLB_25,4,20264957,test,strict_matched_30_60_90_120,strict_pre_protection_only
FLB_28,4,20264957,test,strict_matched_30_60_90_120,strict_pre_protection_only
FLB_3,4,20264957,test,strict_matched_30_60_90_120,strict_pre_protection_only
FLB_33,4,20264957,test,strict_matched_30_60_90_120,strict_pre_protection_only
FLB_37,4,20264957,test,strict_matched_30_60_90_120,strict_pre_protection_only
FLB_38,4,20264957,test,strict_matched_30_60_90_120,strict_pre_protection_only
FLB_39,4,20264957,test,strict_matched_30_60_90_120,strict_pre_protection_only
FLB_42,4,20264957,test,strict_matched_30_60_90_120,strict_pre_protection_only
FLB_5,4,20264957,test,strict_matched_30_60_90_120,strict_pre_protection_only
FLB_57,4,20264957,test,strict_matched_30_60_90_120,strict_pre_protection_only
FLB_67,4,20264957,test,strict_matched_30_60_90_120,strict_pre_protection_only
FLB_75,4,20264957,test,strict_matched_30_60_90_120,strict_pre_protection_only
FLB_77,4,20264957,test,strict_matched_30_60_90_120,strict_pre_protection_only
FLB_79,4,20264957,test,strict_matched_30_60_90_120,strict_pre_protection_only
FLB_84,4,20264957,test,strict_matched_30_60_90_120,strict_pre_protection_only
FLB_85,4,20264957,test,strict_matched_30_60_90_120,strict_pre_protection_only
LOCAC_12,4,20264957,test,strict_matched_30_60_90_120,strict_pre_protection_only
LOCAC_13,4,20264957,test,strict_matched_30_60_90_120,strict_pre_protection_only
LOCAC_14,4,20264957,test,strict_matched_30_60_90_120,strict_pre_protection_only
LOCAC_19,4,20264957,test,strict_matched_30_60_90_120,strict_pre_protection_only
LOCAC_21,4,20264957,test,strict_matched_30_60_90_120,strict_pre_protection_only
LOCAC_29,4,20264957,test,strict_matched_30_60_90_120,strict_pre_protection_only
LOCAC_35,4,20264957,test,strict_matched_30_60_90_120,strict_pre_protection_only
LOCAC_41,4,20264957,test,strict_matched_30_60_90_120,strict_pre_protection_only
LOCAC_42,4,20264957,test,strict_matched_30_60_90_120,strict_pre_protection_only
LOCAC_44,4,20264957,test,strict_matched_30_60_90_120,strict_pre_protection_only
LOCAC_48,4,20264957,test,strict_matched_30_60_90_120,strict_pre_protection_only
LOCAC_54,4,20264957,test,strict_matched_30_60_90_120,strict_pre_protection_only
LOCAC_63,4,20264957,test,strict_matched_30_60_90_120,strict_pre_protection_only
LOCAC_65,4,20264957,test,strict_matched_30_60_90_120,strict_pre_protection_only
LOCAC_71,4,20264957,test,strict_matched_30_60_90_120,strict_pre_protection_only
LOCAC_75,4,20264957,test,strict_matched_30_60_90_120,strict_pre_protection_only
LOCA_2,4,20264957,test,strict_matched_30_60_90_120,strict_pre_protection_only
LOCA_26,4,20264957,test,strict_matched_30_60_90_120,strict_pre_protection_only
LOCA_27,4,20264957,test,strict_matched_30_60_90_120,strict_pre_protection_only
LOCA_29,4,20264957,test,strict_matched_30_60_90_120,strict_pre_protection_only
LOCA_3,4,20264957,test,strict_matched_30_60_90_120,strict_pre_protection_only
LOCA_31,4,20264957,test,strict_matched_30_60_90_120,strict_pre_protection_only
LOCA_33,4,20264957,test,strict_matched_30_60_90_120,strict_pre_protection_only
LOCA_34,4,20264957,test,strict_matched_30_60_90_120,strict_pre_protection_only
LOCA_47,4,20264957,test,strict_matched_30_60_90_120,strict_pre_protection_only
LOCA_49,4,20264957,test,strict_matched_30_60_90_120,strict_pre_protection_only
LOCA_64,4,20264957,test,strict_matched_30_60_90_120,strict_pre_protection_only
LOCA_65,4,20264957,test,strict_matched_30_60_90_120,strict_pre_protection_only
LOCA_68,4,20264957,test,strict_matched_30_60_90_120,strict_pre_protection_only
LOCA_7,4,20264957,test,strict_matched_30_60_90_120,strict_pre_protection_only
LOCA_75,4,20264957,test,strict_matched_30_60_90_120,strict_pre_protection_only
RI_-12,4,20264957,test,strict_matched_30_60_90_120,strict_pre_protection_only
RI_-19,4,20264957,test,strict_matched_30_60_90_120,strict_pre_protection_only
RI_-2,4,20264957,test,strict_matched_30_60_90_120,strict_pre_protection_only
RI_-22,4,20264957,test,strict_matched_30_60_90_120,strict_pre_protection_only
RI_-31,4,20264957,test,strict_matched_30_60_90_120,strict_pre_protection_only
RI_-35,4,20264957,test,strict_matched_30_60_90_120,strict_pre_protection_only
SGATR_59,4,20264957,test,strict_matched_30_60_90_120,strict_pre_protection_only
SGATR_67,4,20264957,test,strict_matched_30_60_90_120,strict_pre_protection_only
SGATR_70,4,20264957,test,strict_matched_30_60_90_120,strict_pre_protection_only
SGATR_79,4,20264957,test,strict_matched_30_60_90_120,strict_pre_protection_only
SGATR_84,4,20264957,test,strict_matched_30_60_90_120,strict_pre_protection_only
SGATR_85,4,20264957,test,strict_matched_30_60_90_120,strict_pre_protection_only
SGATR_91,4,20264957,test,strict_matched_30_60_90_120,strict_pre_protection_only
SGATR_93,4,20264957,test,strict_matched_30_60_90_120,strict_pre_protection_only
SGATR_94,4,20264957,test,strict_matched_30_60_90_120,strict_pre_protection_only
SGBTR_110,4,20264957,test,strict_matched_30_60_90_120,strict_pre_protection_only
SGBTR_61,4,20264957,test,strict_matched_30_60_90_120,strict_pre_protection_only
SGBTR_65,4,20264957,test,strict_matched_30_60_90_120,strict_pre_protection_only
SGBTR_67,4,20264957,test,strict_matched_30_60_90_120,strict_pre_protection_only
SGBTR_71,4,20264957,test,strict_matched_30_60_90_120,strict_pre_protection_only
SGBTR_73,4,20264957,test,strict_matched_30_60_90_120,strict_pre_protection_only
SGBTR_74,4,20264957,test,strict_matched_30_60_90_120,strict_pre_protection_only
SGBTR_79,4,20264957,test,strict_matched_30_60_90_120,strict_pre_protection_only
SGBTR_83,4,20264957,test,strict_matched_30_60_90_120,strict_pre_protection_only
SGBTR_84,4,20264957,test,strict_matched_30_60_90_120,strict_pre_protection_only
SGBTR_91,4,20264957,test,strict_matched_30_60_90_120,strict_pre_protection_only
SLBIC_15,4,20264957,test,strict_matched_30_60_90_120,strict_pre_protection_only
SLBIC_18,4,20264957,test,strict_matched_30_60_90_120,strict_pre_protection_only
SLBIC_20,4,20264957,test,strict_matched_30_60_90_120,strict_pre_protection_only
SLBIC_28,4,20264957,test,strict_matched_30_60_90_120,strict_pre_protection_only
SLBIC_29,4,20264957,test,strict_matched_30_60_90_120,strict_pre_protection_only
SLBIC_32,4,20264957,test,strict_matched_30_60_90_120,strict_pre_protection_only
SLBIC_34,4,20264957,test,strict_matched_30_60_90_120,strict_pre_protection_only
SLBIC_40,4,20264957,test,strict_matched_30_60_90_120,strict_pre_protection_only
SLBIC_44,4,20264957,test,strict_matched_30_60_90_120,strict_pre_protection_only
SLBIC_47,4,20264957,test,strict_matched_30_60_90_120,strict_pre_protection_only
SLBIC_50,4,20264957,test,strict_matched_30_60_90_120,strict_pre_protection_only
SLBIC_53,4,20264957,test,strict_matched_30_60_90_120,strict_pre_protection_only
SLBIC_67,4,20264957,test,strict_matched_30_60_90_120,strict_pre_protection_only
SLBIC_81,4,20264957,test,strict_matched_30_60_90_120,strict_pre_protection_only
SLBIC_83,4,20264957,test,strict_matched_30_60_90_120,strict_pre_protection_only
SLBIC_87,4,20264957,test,strict_matched_30_60_90_120,strict_pre_protection_only
SLBIC_92,4,20264957,test,strict_matched_30_60_90_120,strict_pre_protection_only
SLBIC_95,4,20264957,test,strict_matched_30_60_90_120,strict_pre_protection_only
FLB_10,5,20265966,train,strict_matched_30_60_90_120,strict_pre_protection_only
FLB_100,5,20265966,train,strict_matched_30_60_90_120,strict_pre_protection_only
FLB_11,5,20265966,train,strict_matched_30_60_90_120,strict_pre_protection_only
FLB_12,5,20265966,train,strict_matched_30_60_90_120,strict_pre_protection_only
FLB_13,5,20265966,train,strict_matched_30_60_90_120,strict_pre_protection_only
FLB_18,5,20265966,train,strict_matched_30_60_90_120,strict_pre_protection_only
FLB_2,5,20265966,train,strict_matched_30_60_90_120,strict_pre_protection_only
FLB_20,5,20265966,train,strict_matched_30_60_90_120,strict_pre_protection_only
FLB_21,5,20265966,train,strict_matched_30_60_90_120,strict_pre_protection_only
FLB_23,5,20265966,train,strict_matched_30_60_90_120,strict_pre_protection_only
FLB_25,5,20265966,train,strict_matched_30_60_90_120,strict_pre_protection_only
FLB_26,5,20265966,train,strict_matched_30_60_90_120,strict_pre_protection_only
FLB_27,5,20265966,train,strict_matched_30_60_90_120,strict_pre_protection_only
FLB_29,5,20265966,train,strict_matched_30_60_90_120,strict_pre_protection_only
FLB_31,5,20265966,train,strict_matched_30_60_90_120,strict_pre_protection_only
FLB_33,5,20265966,train,strict_matched_30_60_90_120,strict_pre_protection_only
FLB_34,5,20265966,train,strict_matched_30_60_90_120,strict_pre_protection_only
FLB_35,5,20265966,train,strict_matched_30_60_90_120,strict_pre_protection_only
FLB_37,5,20265966,train,strict_matched_30_60_90_120,strict_pre_protection_only
FLB_38,5,20265966,train,strict_matched_30_60_90_120,strict_pre_protection_only
FLB_40,5,20265966,train,strict_matched_30_60_90_120,strict_pre_protection_only
FLB_41,5,20265966,train,strict_matched_30_60_90_120,strict_pre_protection_only
FLB_43,5,20265966,train,strict_matched_30_60_90_120,strict_pre_protection_only
FLB_44,5,20265966,train,strict_matched_30_60_90_120,strict_pre_protection_only
FLB_47,5,20265966,train,strict_matched_30_60_90_120,strict_pre_protection_only
FLB_49,5,20265966,train,strict_matched_30_60_90_120,strict_pre_protection_only
FLB_5,5,20265966,train,strict_matched_30_60_90_120,strict_pre_protection_only
FLB_50,5,20265966,train,strict_matched_30_60_90_120,strict_pre_protection_only
FLB_54,5,20265966,train,strict_matched_30_60_90_120,strict_pre_protection_only
FLB_55,5,20265966,train,strict_matched_30_60_90_120,strict_pre_protection_only
FLB_56,5,20265966,train,strict_matched_30_60_90_120,strict_pre_protection_only
FLB_57,5,20265966,train,strict_matched_30_60_90_120,strict_pre_protection_only
FLB_58,5,20265966,train,strict_matched_30_60_90_120,strict_pre_protection_only
FLB_59,5,20265966,train,strict_matched_30_60_90_120,strict_pre_protection_only
FLB_60,5,20265966,train,strict_matched_30_60_90_120,strict_pre_protection_only
FLB_62,5,20265966,train,strict_matched_30_60_90_120,strict_pre_protection_only
FLB_63,5,20265966,train,strict_matched_30_60_90_120,strict_pre_protection_only
FLB_67,5,20265966,train,strict_matched_30_60_90_120,strict_pre_protection_only
FLB_69,5,20265966,train,strict_matched_30_60_90_120,strict_pre_protection_only
FLB_7,5,20265966,train,strict_matched_30_60_90_120,strict_pre_protection_only
FLB_70,5,20265966,train,strict_matched_30_60_90_120,strict_pre_protection_only
FLB_72,5,20265966,train,strict_matched_30_60_90_120,strict_pre_protection_only
FLB_74,5,20265966,train,strict_matched_30_60_90_120,strict_pre_protection_only
FLB_75,5,20265966,train,strict_matched_30_60_90_120,strict_pre_protection_only
FLB_77,5,20265966,train,strict_matched_30_60_90_120,strict_pre_protection_only
FLB_8,5,20265966,train,strict_matched_30_60_90_120,strict_pre_protection_only
FLB_81,5,20265966,train,strict_matched_30_60_90_120,strict_pre_protection_only
FLB_82,5,20265966,train,strict_matched_30_60_90_120,strict_pre_protection_only
FLB_83,5,20265966,train,strict_matched_30_60_90_120,strict_pre_protection_only
FLB_84,5,20265966,train,strict_matched_30_60_90_120,strict_pre_protection_only
FLB_88,5,20265966,train,strict_matched_30_60_90_120,strict_pre_protection_only
FLB_9,5,20265966,train,strict_matched_30_60_90_120,strict_pre_protection_only
FLB_90,5,20265966,train,strict_matched_30_60_90_120,strict_pre_protection_only
FLB_91,5,20265966,train,strict_matched_30_60_90_120,strict_pre_protection_only
FLB_92,5,20265966,train,strict_matched_30_60_90_120,strict_pre_protection_only
FLB_93,5,20265966,train,strict_matched_30_60_90_120,strict_pre_protection_only
FLB_94,5,20265966,train,strict_matched_30_60_90_120,strict_pre_protection_only
FLB_95,5,20265966,train,strict_matched_30_60_90_120,strict_pre_protection_only
FLB_96,5,20265966,train,strict_matched_30_60_90_120,strict_pre_protection_only
LOCAC_1,5,20265966,train,strict_matched_30_60_90_120,strict_pre_protection_only
LOCAC_10,5,20265966,train,strict_matched_30_60_90_120,strict_pre_protection_only
LOCAC_12,5,20265966,train,strict_matched_30_60_90_120,strict_pre_protection_only
LOCAC_17,5,20265966,train,strict_matched_30_60_90_120,strict_pre_protection_only
LOCAC_18,5,20265966,train,strict_matched_30_60_90_120,strict_pre_protection_only
LOCAC_2,5,20265966,train,strict_matched_30_60_90_120,strict_pre_protection_only
LOCAC_24,5,20265966,train,strict_matched_30_60_90_120,strict_pre_protection_only
LOCAC_26,5,20265966,train,strict_matched_30_60_90_120,strict_pre_protection_only
LOCAC_27,5,20265966,train,strict_matched_30_60_90_120,strict_pre_protection_only
LOCAC_28,5,20265966,train,strict_matched_30_60_90_120,strict_pre_protection_only
LOCAC_29,5,20265966,train,strict_matched_30_60_90_120,strict_pre_protection_only
LOCAC_3,5,20265966,train,strict_matched_30_60_90_120,strict_pre_protection_only
LOCAC_32,5,20265966,train,strict_matched_30_60_90_120,strict_pre_protection_only
LOCAC_34,5,20265966,train,strict_matched_30_60_90_120,strict_pre_protection_only
LOCAC_35,5,20265966,train,strict_matched_30_60_90_120,strict_pre_protection_only
LOCAC_37,5,20265966,train,strict_matched_30_60_90_120,strict_pre_protection_only
LOCAC_38,5,20265966,train,strict_matched_30_60_90_120,strict_pre_protection_only
LOCAC_39,5,20265966,train,strict_matched_30_60_90_120,strict_pre_protection_only
LOCAC_4,5,20265966,train,strict_matched_30_60_90_120,strict_pre_protection_only
LOCAC_40,5,20265966,train,strict_matched_30_60_90_120,strict_pre_protection_only
LOCAC_44,5,20265966,train,strict_matched_30_60_90_120,strict_pre_protection_only
LOCAC_46,5,20265966,train,strict_matched_30_60_90_120,strict_pre_protection_only
LOCAC_48,5,20265966,train,strict_matched_30_60_90_120,strict_pre_protection_only
LOCAC_49,5,20265966,train,strict_matched_30_60_90_120,strict_pre_protection_only
LOCAC_51,5,20265966,train,strict_matched_30_60_90_120,strict_pre_protection_only
LOCAC_52,5,20265966,train,strict_matched_30_60_90_120,strict_pre_protection_only
LOCAC_53,5,20265966,train,strict_matched_30_60_90_120,strict_pre_protection_only
LOCAC_54,5,20265966,train,strict_matched_30_60_90_120,strict_pre_protection_only
LOCAC_55,5,20265966,train,strict_matched_30_60_90_120,strict_pre_protection_only
LOCAC_56,5,20265966,train,strict_matched_30_60_90_120,strict_pre_protection_only
LOCAC_58,5,20265966,train,strict_matched_30_60_90_120,strict_pre_protection_only
LOCAC_59,5,20265966,train,strict_matched_30_60_90_120,strict_pre_protection_only
LOCAC_6,5,20265966,train,strict_matched_30_60_90_120,strict_pre_protection_only
LOCAC_60,5,20265966,train,strict_matched_30_60_90_120,strict_pre_protection_only
LOCAC_61,5,20265966,train,strict_matched_30_60_90_120,strict_pre_protection_only
LOCAC_66,5,20265966,train,strict_matched_30_60_90_120,strict_pre_protection_only
LOCAC_68,5,20265966,train,strict_matched_30_60_90_120,strict_pre_protection_only
LOCAC_7,5,20265966,train,strict_matched_30_60_90_120,strict_pre_protection_only
LOCAC_71,5,20265966,train,strict_matched_30_60_90_120,strict_pre_protection_only
LOCAC_72,5,20265966,train,strict_matched_30_60_90_120,strict_pre_protection_only
LOCAC_74,5,20265966,train,strict_matched_30_60_90_120,strict_pre_protection_only
LOCAC_75,5,20265966,train,strict_matched_30_60_90_120,strict_pre_protection_only
LOCAC_76,5,20265966,train,strict_matched_30_60_90_120,strict_pre_protection_only
LOCAC_77,5,20265966,train,strict_matched_30_60_90_120,strict_pre_protection_only
LOCAC_79,5,20265966,train,strict_matched_30_60_90_120,strict_pre_protection_only
LOCAC_8,5,20265966,train,strict_matched_30_60_90_120,strict_pre_protection_only
LOCAC_9,5,20265966,train,strict_matched_30_60_90_120,strict_pre_protection_only
LOCA_1,5,20265966,train,strict_matched_30_60_90_120,strict_pre_protection_only
LOCA_10,5,20265966,train,strict_matched_30_60_90_120,strict_pre_protection_only
LOCA_12,5,20265966,train,strict_matched_30_60_90_120,strict_pre_protection_only
LOCA_14,5,20265966,train,strict_matched_30_60_90_120,strict_pre_protection_only
LOCA_15,5,20265966,train,strict_matched_30_60_90_120,strict_pre_protection_only
LOCA_16,5,20265966,train,strict_matched_30_60_90_120,strict_pre_protection_only
LOCA_18,5,20265966,train,strict_matched_30_60_90_120,strict_pre_protection_only
LOCA_2,5,20265966,train,strict_matched_30_60_90_120,strict_pre_protection_only
LOCA_24,5,20265966,train,strict_matched_30_60_90_120,strict_pre_protection_only
LOCA_25,5,20265966,train,strict_matched_30_60_90_120,strict_pre_protection_only
LOCA_26,5,20265966,train,strict_matched_30_60_90_120,strict_pre_protection_only
LOCA_27,5,20265966,train,strict_matched_30_60_90_120,strict_pre_protection_only
LOCA_29,5,20265966,train,strict_matched_30_60_90_120,strict_pre_protection_only
LOCA_30,5,20265966,train,strict_matched_30_60_90_120,strict_pre_protection_only
LOCA_33,5,20265966,train,strict_matched_30_60_90_120,strict_pre_protection_only
LOCA_36,5,20265966,train,strict_matched_30_60_90_120,strict_pre_protection_only
LOCA_38,5,20265966,train,strict_matched_30_60_90_120,strict_pre_protection_only
LOCA_39,5,20265966,train,strict_matched_30_60_90_120,strict_pre_protection_only
LOCA_4,5,20265966,train,strict_matched_30_60_90_120,strict_pre_protection_only
LOCA_41,5,20265966,train,strict_matched_30_60_90_120,strict_pre_protection_only
LOCA_42,5,20265966,train,strict_matched_30_60_90_120,strict_pre_protection_only
LOCA_44,5,20265966,train,strict_matched_30_60_90_120,strict_pre_protection_only
LOCA_47,5,20265966,train,strict_matched_30_60_90_120,strict_pre_protection_only
LOCA_49,5,20265966,train,strict_matched_30_60_90_120,strict_pre_protection_only
LOCA_5,5,20265966,train,strict_matched_30_60_90_120,strict_pre_protection_only
LOCA_50,5,20265966,train,strict_matched_30_60_90_120,strict_pre_protection_only
LOCA_51,5,20265966,train,strict_matched_30_60_90_120,strict_pre_protection_only
LOCA_52,5,20265966,train,strict_matched_30_60_90_120,strict_pre_protection_only
LOCA_54,5,20265966,train,strict_matched_30_60_90_120,strict_pre_protection_only
LOCA_56,5,20265966,train,strict_matched_30_60_90_120,strict_pre_protection_only
LOCA_58,5,20265966,train,strict_matched_30_60_90_120,strict_pre_protection_only
LOCA_59,5,20265966,train,strict_matched_30_60_90_120,strict_pre_protection_only
LOCA_6,5,20265966,train,strict_matched_30_60_90_120,strict_pre_protection_only
LOCA_60,5,20265966,train,strict_matched_30_60_90_120,strict_pre_protection_only
LOCA_62,5,20265966,train,strict_matched_30_60_90_120,strict_pre_protection_only
LOCA_65,5,20265966,train,strict_matched_30_60_90_120,strict_pre_protection_only
LOCA_66,5,20265966,train,strict_matched_30_60_90_120,strict_pre_protection_only
LOCA_69,5,20265966,train,strict_matched_30_60_90_120,strict_pre_protection_only
LOCA_7,5,20265966,train,strict_matched_30_60_90_120,strict_pre_protection_only
LOCA_71,5,20265966,train,strict_matched_30_60_90_120,strict_pre_protection_only
LOCA_72,5,20265966,train,strict_matched_30_60_90_120,strict_pre_protection_only
LOCA_74,5,20265966,train,strict_matched_30_60_90_120,strict_pre_protection_only
LOCA_76,5,20265966,train,strict_matched_30_60_90_120,strict_pre_protection_only
LOCA_77,5,20265966,train,strict_matched_30_60_90_120,strict_pre_protection_only
LOCA_8,5,20265966,train,strict_matched_30_60_90_120,strict_pre_protection_only
LOCA_9,5,20265966,train,strict_matched_30_60_90_120,strict_pre_protection_only
RI_-10,5,20265966,train,strict_matched_30_60_90_120,strict_pre_protection_only
RI_-12,5,20265966,train,strict_matched_30_60_90_120,strict_pre_protection_only
RI_-13,5,20265966,train,strict_matched_30_60_90_120,strict_pre_protection_only
RI_-14,5,20265966,train,strict_matched_30_60_90_120,strict_pre_protection_only
RI_-15,5,20265966,train,strict_matched_30_60_90_120,strict_pre_protection_only
RI_-16,5,20265966,train,strict_matched_30_60_90_120,strict_pre_protection_only
RI_-18,5,20265966,train,strict_matched_30_60_90_120,strict_pre_protection_only
RI_-19,5,20265966,train,strict_matched_30_60_90_120,strict_pre_protection_only
RI_-2,5,20265966,train,strict_matched_30_60_90_120,strict_pre_protection_only
RI_-22,5,20265966,train,strict_matched_30_60_90_120,strict_pre_protection_only
RI_-23,5,20265966,train,strict_matched_30_60_90_120,strict_pre_protection_only
RI_-3,5,20265966,train,strict_matched_30_60_90_120,strict_pre_protection_only
RI_-31,5,20265966,train,strict_matched_30_60_90_120,strict_pre_protection_only
RI_-32,5,20265966,train,strict_matched_30_60_90_120,strict_pre_protection_only
RI_-6,5,20265966,train,strict_matched_30_60_90_120,strict_pre_protection_only
RI_-8,5,20265966,train,strict_matched_30_60_90_120,strict_pre_protection_only
RI_-9,5,20265966,train,strict_matched_30_60_90_120,strict_pre_protection_only
RW_1,5,20265966,train,strict_matched_30_60_90_120,strict_pre_protection_only
RW_2,5,20265966,train,strict_matched_30_60_90_120,strict_pre_protection_only
SGATR_100,5,20265966,train,strict_matched_30_60_90_120,strict_pre_protection_only
SGATR_58,5,20265966,train,strict_matched_30_60_90_120,strict_pre_protection_only
SGATR_60,5,20265966,train,strict_matched_30_60_90_120,strict_pre_protection_only
SGATR_61,5,20265966,train,strict_matched_30_60_90_120,strict_pre_protection_only
SGATR_62,5,20265966,train,strict_matched_30_60_90_120,strict_pre_protection_only
SGATR_63,5,20265966,train,strict_matched_30_60_90_120,strict_pre_protection_only
SGATR_64,5,20265966,train,strict_matched_30_60_90_120,strict_pre_protection_only
SGATR_67,5,20265966,train,strict_matched_30_60_90_120,strict_pre_protection_only
SGATR_68,5,20265966,train,strict_matched_30_60_90_120,strict_pre_protection_only
SGATR_69,5,20265966,train,strict_matched_30_60_90_120,strict_pre_protection_only
SGATR_70,5,20265966,train,strict_matched_30_60_90_120,strict_pre_protection_only
SGATR_77,5,20265966,train,strict_matched_30_60_90_120,strict_pre_protection_only
SGATR_78,5,20265966,train,strict_matched_30_60_90_120,strict_pre_protection_only
SGATR_80,5,20265966,train,strict_matched_30_60_90_120,strict_pre_protection_only
SGATR_81,5,20265966,train,strict_matched_30_60_90_120,strict_pre_protection_only
SGATR_82,5,20265966,train,strict_matched_30_60_90_120,strict_pre_protection_only
SGATR_83,5,20265966,train,strict_matched_30_60_90_120,strict_pre_protection_only
SGATR_86,5,20265966,train,strict_matched_30_60_90_120,strict_pre_protection_only
SGATR_88,5,20265966,train,strict_matched_30_60_90_120,strict_pre_protection_only
SGATR_89,5,20265966,train,strict_matched_30_60_90_120,strict_pre_protection_only
SGATR_92,5,20265966,train,strict_matched_30_60_90_120,strict_pre_protection_only
SGATR_93,5,20265966,train,strict_matched_30_60_90_120,strict_pre_protection_only
SGATR_95,5,20265966,train,strict_matched_30_60_90_120,strict_pre_protection_only
SGATR_97,5,20265966,train,strict_matched_30_60_90_120,strict_pre_protection_only
SGATR_98,5,20265966,train,strict_matched_30_60_90_120,strict_pre_protection_only
SGATR_99,5,20265966,train,strict_matched_30_60_90_120,strict_pre_protection_only
SGBTR_100,5,20265966,train,strict_matched_30_60_90_120,strict_pre_protection_only
SGBTR_102,5,20265966,train,strict_matched_30_60_90_120,strict_pre_protection_only
SGBTR_104,5,20265966,train,strict_matched_30_60_90_120,strict_pre_protection_only
SGBTR_105,5,20265966,train,strict_matched_30_60_90_120,strict_pre_protection_only
SGBTR_108,5,20265966,train,strict_matched_30_60_90_120,strict_pre_protection_only
SGBTR_110,5,20265966,train,strict_matched_30_60_90_120,strict_pre_protection_only
SGBTR_57,5,20265966,train,strict_matched_30_60_90_120,strict_pre_protection_only
SGBTR_58,5,20265966,train,strict_matched_30_60_90_120,strict_pre_protection_only
SGBTR_59,5,20265966,train,strict_matched_30_60_90_120,strict_pre_protection_only
SGBTR_61,5,20265966,train,strict_matched_30_60_90_120,strict_pre_protection_only
SGBTR_62,5,20265966,train,strict_matched_30_60_90_120,strict_pre_protection_only
SGBTR_63,5,20265966,train,strict_matched_30_60_90_120,strict_pre_protection_only
SGBTR_64,5,20265966,train,strict_matched_30_60_90_120,strict_pre_protection_only
SGBTR_65,5,20265966,train,strict_matched_30_60_90_120,strict_pre_protection_only
SGBTR_66,5,20265966,train,strict_matched_30_60_90_120,strict_pre_protection_only
SGBTR_67,5,20265966,train,strict_matched_30_60_90_120,strict_pre_protection_only
SGBTR_68,5,20265966,train,strict_matched_30_60_90_120,strict_pre_protection_only
SGBTR_69,5,20265966,train,strict_matched_30_60_90_120,strict_pre_protection_only
SGBTR_74,5,20265966,train,strict_matched_30_60_90_120,strict_pre_protection_only
SGBTR_75,5,20265966,train,strict_matched_30_60_90_120,strict_pre_protection_only
SGBTR_76,5,20265966,train,strict_matched_30_60_90_120,strict_pre_protection_only
SGBTR_77,5,20265966,train,strict_matched_30_60_90_120,strict_pre_protection_only
SGBTR_84,5,20265966,train,strict_matched_30_60_90_120,strict_pre_protection_only
SGBTR_87,5,20265966,train,strict_matched_30_60_90_120,strict_pre_protection_only
SGBTR_89,5,20265966,train,strict_matched_30_60_90_120,strict_pre_protection_only
SGBTR_91,5,20265966,train,strict_matched_30_60_90_120,strict_pre_protection_only
SGBTR_92,5,20265966,train,strict_matched_30_60_90_120,strict_pre_protection_only
SGBTR_93,5,20265966,train,strict_matched_30_60_90_120,strict_pre_protection_only
SGBTR_94,5,20265966,train,strict_matched_30_60_90_120,strict_pre_protection_only
SGBTR_97,5,20265966,train,strict_matched_30_60_90_120,strict_pre_protection_only
SGBTR_98,5,20265966,train,strict_matched_30_60_90_120,strict_pre_protection_only
SGBTR_99,5,20265966,train,strict_matched_30_60_90_120,strict_pre_protection_only
SLBIC_101,5,20265966,train,strict_matched_30_60_90_120,strict_pre_protection_only
SLBIC_15,5,20265966,train,strict_matched_30_60_90_120,strict_pre_protection_only
SLBIC_18,5,20265966,train,strict_matched_30_60_90_120,strict_pre_protection_only
SLBIC_21,5,20265966,train,strict_matched_30_60_90_120,strict_pre_protection_only
SLBIC_22,5,20265966,train,strict_matched_30_60_90_120,strict_pre_protection_only
SLBIC_23,5,20265966,train,strict_matched_30_60_90_120,strict_pre_protection_only
SLBIC_24,5,20265966,train,strict_matched_30_60_90_120,strict_pre_protection_only
SLBIC_25,5,20265966,train,strict_matched_30_60_90_120,strict_pre_protection_only
SLBIC_26,5,20265966,train,strict_matched_30_60_90_120,strict_pre_protection_only
SLBIC_27,5,20265966,train,strict_matched_30_60_90_120,strict_pre_protection_only
SLBIC_29,5,20265966,train,strict_matched_30_60_90_120,strict_pre_protection_only
SLBIC_30,5,20265966,train,strict_matched_30_60_90_120,strict_pre_protection_only
SLBIC_32,5,20265966,train,strict_matched_30_60_90_120,strict_pre_protection_only
SLBIC_35,5,20265966,train,strict_matched_30_60_90_120,strict_pre_protection_only
SLBIC_36,5,20265966,train,strict_matched_30_60_90_120,strict_pre_protection_only
SLBIC_39,5,20265966,train,strict_matched_30_60_90_120,strict_pre_protection_only
SLBIC_42,5,20265966,train,strict_matched_30_60_90_120,strict_pre_protection_only
SLBIC_43,5,20265966,train,strict_matched_30_60_90_120,strict_pre_protection_only
SLBIC_45,5,20265966,train,strict_matched_30_60_90_120,strict_pre_protection_only
SLBIC_46,5,20265966,train,strict_matched_30_60_90_120,strict_pre_protection_only
SLBIC_47,5,20265966,train,strict_matched_30_60_90_120,strict_pre_protection_only
SLBIC_50,5,20265966,train,strict_matched_30_60_90_120,strict_pre_protection_only
SLBIC_51,5,20265966,train,strict_matched_30_60_90_120,strict_pre_protection_only
SLBIC_54,5,20265966,train,strict_matched_30_60_90_120,strict_pre_protection_only
SLBIC_55,5,20265966,train,strict_matched_30_60_90_120,strict_pre_protection_only
SLBIC_57,5,20265966,train,strict_matched_30_60_90_120,strict_pre_protection_only
SLBIC_59,5,20265966,train,strict_matched_30_60_90_120,strict_pre_protection_only
SLBIC_60,5,20265966,train,strict_matched_30_60_90_120,strict_pre_protection_only
SLBIC_61,5,20265966,train,strict_matched_30_60_90_120,strict_pre_protection_only
SLBIC_63,5,20265966,train,strict_matched_30_60_90_120,strict_pre_protection_only
SLBIC_65,5,20265966,train,strict_matched_30_60_90_120,strict_pre_protection_only
SLBIC_66,5,20265966,train,strict_matched_30_60_90_120,strict_pre_protection_only
SLBIC_67,5,20265966,train,strict_matched_30_60_90_120,strict_pre_protection_only
SLBIC_68,5,20265966,train,strict_matched_30_60_90_120,strict_pre_protection_only
SLBIC_69,5,20265966,train,strict_matched_30_60_90_120,strict_pre_protection_only
SLBIC_70,5,20265966,train,strict_matched_30_60_90_120,strict_pre_protection_only
SLBIC_72,5,20265966,train,strict_matched_30_60_90_120,strict_pre_protection_only
SLBIC_74,5,20265966,train,strict_matched_30_60_90_120,strict_pre_protection_only
SLBIC_76,5,20265966,train,strict_matched_30_60_90_120,strict_pre_protection_only
SLBIC_81,5,20265966,train,strict_matched_30_60_90_120,strict_pre_protection_only
SLBIC_83,5,20265966,train,strict_matched_30_60_90_120,strict_pre_protection_only
SLBIC_84,5,20265966,train,strict_matched_30_60_90_120,strict_pre_protection_only
SLBIC_86,5,20265966,train,strict_matched_30_60_90_120,strict_pre_protection_only
SLBIC_87,5,20265966,train,strict_matched_30_60_90_120,strict_pre_protection_only
SLBIC_88,5,20265966,train,strict_matched_30_60_90_120,strict_pre_protection_only
SLBIC_90,5,20265966,train,strict_matched_30_60_90_120,strict_pre_protection_only
SLBIC_91,5,20265966,train,strict_matched_30_60_90_120,strict_pre_protection_only
SLBIC_92,5,20265966,train,strict_matched_30_60_90_120,strict_pre_protection_only
SLBIC_94,5,20265966,train,strict_matched_30_60_90_120,strict_pre_protection_only
SLBIC_96,5,20265966,train,strict_matched_30_60_90_120,strict_pre_protection_only
SLBIC_97,5,20265966,train,strict_matched_30_60_90_120,strict_pre_protection_only
SLBIC_98,5,20265966,train,strict_matched_30_60_90_120,strict_pre_protection_only
SLBIC_99,5,20265966,train,strict_matched_30_60_90_120,strict_pre_protection_only
FLB_16,5,20265966,validation,strict_matched_30_60_90_120,strict_pre_protection_only
FLB_19,5,20265966,validation,strict_matched_30_60_90_120,strict_pre_protection_only
FLB_22,5,20265966,validation,strict_matched_30_60_90_120,strict_pre_protection_only
FLB_24,5,20265966,validation,strict_matched_30_60_90_120,strict_pre_protection_only
FLB_28,5,20265966,validation,strict_matched_30_60_90_120,strict_pre_protection_only
FLB_3,5,20265966,validation,strict_matched_30_60_90_120,strict_pre_protection_only
FLB_30,5,20265966,validation,strict_matched_30_60_90_120,strict_pre_protection_only
FLB_36,5,20265966,validation,strict_matched_30_60_90_120,strict_pre_protection_only
FLB_39,5,20265966,validation,strict_matched_30_60_90_120,strict_pre_protection_only
FLB_42,5,20265966,validation,strict_matched_30_60_90_120,strict_pre_protection_only
FLB_45,5,20265966,validation,strict_matched_30_60_90_120,strict_pre_protection_only
FLB_46,5,20265966,validation,strict_matched_30_60_90_120,strict_pre_protection_only
FLB_48,5,20265966,validation,strict_matched_30_60_90_120,strict_pre_protection_only
FLB_6,5,20265966,validation,strict_matched_30_60_90_120,strict_pre_protection_only
FLB_64,5,20265966,validation,strict_matched_30_60_90_120,strict_pre_protection_only
FLB_76,5,20265966,validation,strict_matched_30_60_90_120,strict_pre_protection_only
FLB_79,5,20265966,validation,strict_matched_30_60_90_120,strict_pre_protection_only
FLB_80,5,20265966,validation,strict_matched_30_60_90_120,strict_pre_protection_only
FLB_86,5,20265966,validation,strict_matched_30_60_90_120,strict_pre_protection_only
FLB_98,5,20265966,validation,strict_matched_30_60_90_120,strict_pre_protection_only
LOCAC_14,5,20265966,validation,strict_matched_30_60_90_120,strict_pre_protection_only
LOCAC_15,5,20265966,validation,strict_matched_30_60_90_120,strict_pre_protection_only
LOCAC_16,5,20265966,validation,strict_matched_30_60_90_120,strict_pre_protection_only
LOCAC_20,5,20265966,validation,strict_matched_30_60_90_120,strict_pre_protection_only
LOCAC_21,5,20265966,validation,strict_matched_30_60_90_120,strict_pre_protection_only
LOCAC_23,5,20265966,validation,strict_matched_30_60_90_120,strict_pre_protection_only
LOCAC_25,5,20265966,validation,strict_matched_30_60_90_120,strict_pre_protection_only
LOCAC_36,5,20265966,validation,strict_matched_30_60_90_120,strict_pre_protection_only
LOCAC_42,5,20265966,validation,strict_matched_30_60_90_120,strict_pre_protection_only
LOCAC_43,5,20265966,validation,strict_matched_30_60_90_120,strict_pre_protection_only
LOCAC_45,5,20265966,validation,strict_matched_30_60_90_120,strict_pre_protection_only
LOCAC_63,5,20265966,validation,strict_matched_30_60_90_120,strict_pre_protection_only
LOCAC_64,5,20265966,validation,strict_matched_30_60_90_120,strict_pre_protection_only
LOCAC_65,5,20265966,validation,strict_matched_30_60_90_120,strict_pre_protection_only
LOCAC_69,5,20265966,validation,strict_matched_30_60_90_120,strict_pre_protection_only
LOCAC_70,5,20265966,validation,strict_matched_30_60_90_120,strict_pre_protection_only
LOCA_11,5,20265966,validation,strict_matched_30_60_90_120,strict_pre_protection_only
LOCA_19,5,20265966,validation,strict_matched_30_60_90_120,strict_pre_protection_only
LOCA_20,5,20265966,validation,strict_matched_30_60_90_120,strict_pre_protection_only
LOCA_21,5,20265966,validation,strict_matched_30_60_90_120,strict_pre_protection_only
LOCA_22,5,20265966,validation,strict_matched_30_60_90_120,strict_pre_protection_only
LOCA_31,5,20265966,validation,strict_matched_30_60_90_120,strict_pre_protection_only
LOCA_32,5,20265966,validation,strict_matched_30_60_90_120,strict_pre_protection_only
LOCA_35,5,20265966,validation,strict_matched_30_60_90_120,strict_pre_protection_only
LOCA_37,5,20265966,validation,strict_matched_30_60_90_120,strict_pre_protection_only
LOCA_40,5,20265966,validation,strict_matched_30_60_90_120,strict_pre_protection_only
LOCA_53,5,20265966,validation,strict_matched_30_60_90_120,strict_pre_protection_only
LOCA_55,5,20265966,validation,strict_matched_30_60_90_120,strict_pre_protection_only
LOCA_61,5,20265966,validation,strict_matched_30_60_90_120,strict_pre_protection_only
LOCA_64,5,20265966,validation,strict_matched_30_60_90_120,strict_pre_protection_only
LOCA_70,5,20265966,validation,strict_matched_30_60_90_120,strict_pre_protection_only
RI_-17,5,20265966,validation,strict_matched_30_60_90_120,strict_pre_protection_only
RI_-21,5,20265966,validation,strict_matched_30_60_90_120,strict_pre_protection_only
RI_-34,5,20265966,validation,strict_matched_30_60_90_120,strict_pre_protection_only
RI_-4,5,20265966,validation,strict_matched_30_60_90_120,strict_pre_protection_only
RI_-5,5,20265966,validation,strict_matched_30_60_90_120,strict_pre_protection_only
RW_3,5,20265966,validation,strict_matched_30_60_90_120,strict_pre_protection_only
SGATR_66,5,20265966,validation,strict_matched_30_60_90_120,strict_pre_protection_only
SGATR_71,5,20265966,validation,strict_matched_30_60_90_120,strict_pre_protection_only
SGATR_72,5,20265966,validation,strict_matched_30_60_90_120,strict_pre_protection_only
SGATR_75,5,20265966,validation,strict_matched_30_60_90_120,strict_pre_protection_only
SGATR_84,5,20265966,validation,strict_matched_30_60_90_120,strict_pre_protection_only
SGATR_85,5,20265966,validation,strict_matched_30_60_90_120,strict_pre_protection_only
SGATR_87,5,20265966,validation,strict_matched_30_60_90_120,strict_pre_protection_only
SGATR_91,5,20265966,validation,strict_matched_30_60_90_120,strict_pre_protection_only
SGATR_94,5,20265966,validation,strict_matched_30_60_90_120,strict_pre_protection_only
SGBTR_106,5,20265966,validation,strict_matched_30_60_90_120,strict_pre_protection_only
SGBTR_109,5,20265966,validation,strict_matched_30_60_90_120,strict_pre_protection_only
SGBTR_70,5,20265966,validation,strict_matched_30_60_90_120,strict_pre_protection_only
SGBTR_72,5,20265966,validation,strict_matched_30_60_90_120,strict_pre_protection_only
SGBTR_78,5,20265966,validation,strict_matched_30_60_90_120,strict_pre_protection_only
SGBTR_79,5,20265966,validation,strict_matched_30_60_90_120,strict_pre_protection_only
SGBTR_80,5,20265966,validation,strict_matched_30_60_90_120,strict_pre_protection_only
SGBTR_81,5,20265966,validation,strict_matched_30_60_90_120,strict_pre_protection_only
SGBTR_82,5,20265966,validation,strict_matched_30_60_90_120,strict_pre_protection_only
SGBTR_90,5,20265966,validation,strict_matched_30_60_90_120,strict_pre_protection_only
SGBTR_95,5,20265966,validation,strict_matched_30_60_90_120,strict_pre_protection_only
SLBIC_14,5,20265966,validation,strict_matched_30_60_90_120,strict_pre_protection_only
SLBIC_16,5,20265966,validation,strict_matched_30_60_90_120,strict_pre_protection_only
SLBIC_28,5,20265966,validation,strict_matched_30_60_90_120,strict_pre_protection_only
SLBIC_31,5,20265966,validation,strict_matched_30_60_90_120,strict_pre_protection_only
SLBIC_34,5,20265966,validation,strict_matched_30_60_90_120,strict_pre_protection_only
SLBIC_37,5,20265966,validation,strict_matched_30_60_90_120,strict_pre_protection_only
SLBIC_38,5,20265966,validation,strict_matched_30_60_90_120,strict_pre_protection_only
SLBIC_40,5,20265966,validation,strict_matched_30_60_90_120,strict_pre_protection_only
SLBIC_44,5,20265966,validation,strict_matched_30_60_90_120,strict_pre_protection_only
SLBIC_52,5,20265966,validation,strict_matched_30_60_90_120,strict_pre_protection_only
SLBIC_62,5,20265966,validation,strict_matched_30_60_90_120,strict_pre_protection_only
SLBIC_64,5,20265966,validation,strict_matched_30_60_90_120,strict_pre_protection_only
SLBIC_71,5,20265966,validation,strict_matched_30_60_90_120,strict_pre_protection_only
SLBIC_75,5,20265966,validation,strict_matched_30_60_90_120,strict_pre_protection_only
SLBIC_80,5,20265966,validation,strict_matched_30_60_90_120,strict_pre_protection_only
SLBIC_85,5,20265966,validation,strict_matched_30_60_90_120,strict_pre_protection_only
SLBIC_93,5,20265966,validation,strict_matched_30_60_90_120,strict_pre_protection_only
FLB_14,5,20265966,test,strict_matched_30_60_90_120,strict_pre_protection_only
FLB_15,5,20265966,test,strict_matched_30_60_90_120,strict_pre_protection_only
FLB_17,5,20265966,test,strict_matched_30_60_90_120,strict_pre_protection_only
FLB_32,5,20265966,test,strict_matched_30_60_90_120,strict_pre_protection_only
FLB_4,5,20265966,test,strict_matched_30_60_90_120,strict_pre_protection_only
FLB_51,5,20265966,test,strict_matched_30_60_90_120,strict_pre_protection_only
FLB_52,5,20265966,test,strict_matched_30_60_90_120,strict_pre_protection_only
FLB_53,5,20265966,test,strict_matched_30_60_90_120,strict_pre_protection_only
FLB_61,5,20265966,test,strict_matched_30_60_90_120,strict_pre_protection_only
FLB_65,5,20265966,test,strict_matched_30_60_90_120,strict_pre_protection_only
FLB_66,5,20265966,test,strict_matched_30_60_90_120,strict_pre_protection_only
FLB_68,5,20265966,test,strict_matched_30_60_90_120,strict_pre_protection_only
FLB_71,5,20265966,test,strict_matched_30_60_90_120,strict_pre_protection_only
FLB_73,5,20265966,test,strict_matched_30_60_90_120,strict_pre_protection_only
FLB_78,5,20265966,test,strict_matched_30_60_90_120,strict_pre_protection_only
FLB_85,5,20265966,test,strict_matched_30_60_90_120,strict_pre_protection_only
FLB_87,5,20265966,test,strict_matched_30_60_90_120,strict_pre_protection_only
FLB_89,5,20265966,test,strict_matched_30_60_90_120,strict_pre_protection_only
FLB_97,5,20265966,test,strict_matched_30_60_90_120,strict_pre_protection_only
FLB_99,5,20265966,test,strict_matched_30_60_90_120,strict_pre_protection_only
LOCAC_11,5,20265966,test,strict_matched_30_60_90_120,strict_pre_protection_only
LOCAC_13,5,20265966,test,strict_matched_30_60_90_120,strict_pre_protection_only
LOCAC_19,5,20265966,test,strict_matched_30_60_90_120,strict_pre_protection_only
LOCAC_22,5,20265966,test,strict_matched_30_60_90_120,strict_pre_protection_only
LOCAC_30,5,20265966,test,strict_matched_30_60_90_120,strict_pre_protection_only
LOCAC_31,5,20265966,test,strict_matched_30_60_90_120,strict_pre_protection_only
LOCAC_33,5,20265966,test,strict_matched_30_60_90_120,strict_pre_protection_only
LOCAC_41,5,20265966,test,strict_matched_30_60_90_120,strict_pre_protection_only
LOCAC_47,5,20265966,test,strict_matched_30_60_90_120,strict_pre_protection_only
LOCAC_5,5,20265966,test,strict_matched_30_60_90_120,strict_pre_protection_only
LOCAC_50,5,20265966,test,strict_matched_30_60_90_120,strict_pre_protection_only
LOCAC_57,5,20265966,test,strict_matched_30_60_90_120,strict_pre_protection_only
LOCAC_62,5,20265966,test,strict_matched_30_60_90_120,strict_pre_protection_only
LOCAC_67,5,20265966,test,strict_matched_30_60_90_120,strict_pre_protection_only
LOCAC_73,5,20265966,test,strict_matched_30_60_90_120,strict_pre_protection_only
LOCAC_78,5,20265966,test,strict_matched_30_60_90_120,strict_pre_protection_only
LOCA_13,5,20265966,test,strict_matched_30_60_90_120,strict_pre_protection_only
LOCA_17,5,20265966,test,strict_matched_30_60_90_120,strict_pre_protection_only
LOCA_23,5,20265966,test,strict_matched_30_60_90_120,strict_pre_protection_only
LOCA_28,5,20265966,test,strict_matched_30_60_90_120,strict_pre_protection_only
LOCA_3,5,20265966,test,strict_matched_30_60_90_120,strict_pre_protection_only
LOCA_34,5,20265966,test,strict_matched_30_60_90_120,strict_pre_protection_only
LOCA_45,5,20265966,test,strict_matched_30_60_90_120,strict_pre_protection_only
LOCA_46,5,20265966,test,strict_matched_30_60_90_120,strict_pre_protection_only
LOCA_48,5,20265966,test,strict_matched_30_60_90_120,strict_pre_protection_only
LOCA_57,5,20265966,test,strict_matched_30_60_90_120,strict_pre_protection_only
LOCA_63,5,20265966,test,strict_matched_30_60_90_120,strict_pre_protection_only
LOCA_67,5,20265966,test,strict_matched_30_60_90_120,strict_pre_protection_only
LOCA_68,5,20265966,test,strict_matched_30_60_90_120,strict_pre_protection_only
LOCA_73,5,20265966,test,strict_matched_30_60_90_120,strict_pre_protection_only
LOCA_75,5,20265966,test,strict_matched_30_60_90_120,strict_pre_protection_only
RI_-1,5,20265966,test,strict_matched_30_60_90_120,strict_pre_protection_only
RI_-11,5,20265966,test,strict_matched_30_60_90_120,strict_pre_protection_only
RI_-20,5,20265966,test,strict_matched_30_60_90_120,strict_pre_protection_only
RI_-33,5,20265966,test,strict_matched_30_60_90_120,strict_pre_protection_only
RI_-35,5,20265966,test,strict_matched_30_60_90_120,strict_pre_protection_only
RI_-7,5,20265966,test,strict_matched_30_60_90_120,strict_pre_protection_only
SGATR_57,5,20265966,test,strict_matched_30_60_90_120,strict_pre_protection_only
SGATR_59,5,20265966,test,strict_matched_30_60_90_120,strict_pre_protection_only
SGATR_65,5,20265966,test,strict_matched_30_60_90_120,strict_pre_protection_only
SGATR_73,5,20265966,test,strict_matched_30_60_90_120,strict_pre_protection_only
SGATR_74,5,20265966,test,strict_matched_30_60_90_120,strict_pre_protection_only
SGATR_76,5,20265966,test,strict_matched_30_60_90_120,strict_pre_protection_only
SGATR_79,5,20265966,test,strict_matched_30_60_90_120,strict_pre_protection_only
SGATR_90,5,20265966,test,strict_matched_30_60_90_120,strict_pre_protection_only
SGATR_96,5,20265966,test,strict_matched_30_60_90_120,strict_pre_protection_only
SGBTR_101,5,20265966,test,strict_matched_30_60_90_120,strict_pre_protection_only
SGBTR_103,5,20265966,test,strict_matched_30_60_90_120,strict_pre_protection_only
SGBTR_107,5,20265966,test,strict_matched_30_60_90_120,strict_pre_protection_only
SGBTR_60,5,20265966,test,strict_matched_30_60_90_120,strict_pre_protection_only
SGBTR_71,5,20265966,test,strict_matched_30_60_90_120,strict_pre_protection_only
SGBTR_73,5,20265966,test,strict_matched_30_60_90_120,strict_pre_protection_only
SGBTR_83,5,20265966,test,strict_matched_30_60_90_120,strict_pre_protection_only
SGBTR_85,5,20265966,test,strict_matched_30_60_90_120,strict_pre_protection_only
SGBTR_86,5,20265966,test,strict_matched_30_60_90_120,strict_pre_protection_only
SGBTR_88,5,20265966,test,strict_matched_30_60_90_120,strict_pre_protection_only
SGBTR_96,5,20265966,test,strict_matched_30_60_90_120,strict_pre_protection_only
SLBIC_100,5,20265966,test,strict_matched_30_60_90_120,strict_pre_protection_only
SLBIC_17,5,20265966,test,strict_matched_30_60_90_120,strict_pre_protection_only
SLBIC_19,5,20265966,test,strict_matched_30_60_90_120,strict_pre_protection_only
SLBIC_20,5,20265966,test,strict_matched_30_60_90_120,strict_pre_protection_only
SLBIC_33,5,20265966,test,strict_matched_30_60_90_120,strict_pre_protection_only
SLBIC_41,5,20265966,test,strict_matched_30_60_90_120,strict_pre_protection_only
SLBIC_48,5,20265966,test,strict_matched_30_60_90_120,strict_pre_protection_only
SLBIC_49,5,20265966,test,strict_matched_30_60_90_120,strict_pre_protection_only
SLBIC_53,5,20265966,test,strict_matched_30_60_90_120,strict_pre_protection_only
SLBIC_56,5,20265966,test,strict_matched_30_60_90_120,strict_pre_protection_only
SLBIC_58,5,20265966,test,strict_matched_30_60_90_120,strict_pre_protection_only
SLBIC_73,5,20265966,test,strict_matched_30_60_90_120,strict_pre_protection_only
SLBIC_77,5,20265966,test,strict_matched_30_60_90_120,strict_pre_protection_only
SLBIC_78,5,20265966,test,strict_matched_30_60_90_120,strict_pre_protection_only
SLBIC_79,5,20265966,test,strict_matched_30_60_90_120,strict_pre_protection_only
SLBIC_82,5,20265966,test,strict_matched_30_60_90_120,strict_pre_protection_only
SLBIC_89,5,20265966,test,strict_matched_30_60_90_120,strict_pre_protection_only
SLBIC_95,5,20265966,test,strict_matched_30_60_90_120,strict_pre_protection_only
FLB_10,6,20266975,train,strict_matched_30_60_90_120,strict_pre_protection_only
FLB_100,6,20266975,train,strict_matched_30_60_90_120,strict_pre_protection_only
FLB_14,6,20266975,train,strict_matched_30_60_90_120,strict_pre_protection_only
FLB_17,6,20266975,train,strict_matched_30_60_90_120,strict_pre_protection_only
FLB_18,6,20266975,train,strict_matched_30_60_90_120,strict_pre_protection_only
FLB_22,6,20266975,train,strict_matched_30_60_90_120,strict_pre_protection_only
FLB_23,6,20266975,train,strict_matched_30_60_90_120,strict_pre_protection_only
FLB_24,6,20266975,train,strict_matched_30_60_90_120,strict_pre_protection_only
FLB_25,6,20266975,train,strict_matched_30_60_90_120,strict_pre_protection_only
FLB_28,6,20266975,train,strict_matched_30_60_90_120,strict_pre_protection_only
FLB_3,6,20266975,train,strict_matched_30_60_90_120,strict_pre_protection_only
FLB_30,6,20266975,train,strict_matched_30_60_90_120,strict_pre_protection_only
FLB_33,6,20266975,train,strict_matched_30_60_90_120,strict_pre_protection_only
FLB_34,6,20266975,train,strict_matched_30_60_90_120,strict_pre_protection_only
FLB_36,6,20266975,train,strict_matched_30_60_90_120,strict_pre_protection_only
FLB_39,6,20266975,train,strict_matched_30_60_90_120,strict_pre_protection_only
FLB_40,6,20266975,train,strict_matched_30_60_90_120,strict_pre_protection_only
FLB_41,6,20266975,train,strict_matched_30_60_90_120,strict_pre_protection_only
FLB_42,6,20266975,train,strict_matched_30_60_90_120,strict_pre_protection_only
FLB_43,6,20266975,train,strict_matched_30_60_90_120,strict_pre_protection_only
FLB_44,6,20266975,train,strict_matched_30_60_90_120,strict_pre_protection_only
FLB_45,6,20266975,train,strict_matched_30_60_90_120,strict_pre_protection_only
FLB_46,6,20266975,train,strict_matched_30_60_90_120,strict_pre_protection_only
FLB_5,6,20266975,train,strict_matched_30_60_90_120,strict_pre_protection_only
FLB_50,6,20266975,train,strict_matched_30_60_90_120,strict_pre_protection_only
FLB_51,6,20266975,train,strict_matched_30_60_90_120,strict_pre_protection_only
FLB_53,6,20266975,train,strict_matched_30_60_90_120,strict_pre_protection_only
FLB_55,6,20266975,train,strict_matched_30_60_90_120,strict_pre_protection_only
FLB_56,6,20266975,train,strict_matched_30_60_90_120,strict_pre_protection_only
FLB_57,6,20266975,train,strict_matched_30_60_90_120,strict_pre_protection_only
FLB_58,6,20266975,train,strict_matched_30_60_90_120,strict_pre_protection_only
FLB_59,6,20266975,train,strict_matched_30_60_90_120,strict_pre_protection_only
FLB_60,6,20266975,train,strict_matched_30_60_90_120,strict_pre_protection_only
FLB_61,6,20266975,train,strict_matched_30_60_90_120,strict_pre_protection_only
FLB_62,6,20266975,train,strict_matched_30_60_90_120,strict_pre_protection_only
FLB_64,6,20266975,train,strict_matched_30_60_90_120,strict_pre_protection_only
FLB_68,6,20266975,train,strict_matched_30_60_90_120,strict_pre_protection_only
FLB_7,6,20266975,train,strict_matched_30_60_90_120,strict_pre_protection_only
FLB_70,6,20266975,train,strict_matched_30_60_90_120,strict_pre_protection_only
FLB_72,6,20266975,train,strict_matched_30_60_90_120,strict_pre_protection_only
FLB_74,6,20266975,train,strict_matched_30_60_90_120,strict_pre_protection_only
FLB_75,6,20266975,train,strict_matched_30_60_90_120,strict_pre_protection_only
FLB_76,6,20266975,train,strict_matched_30_60_90_120,strict_pre_protection_only
FLB_77,6,20266975,train,strict_matched_30_60_90_120,strict_pre_protection_only
FLB_79,6,20266975,train,strict_matched_30_60_90_120,strict_pre_protection_only
FLB_8,6,20266975,train,strict_matched_30_60_90_120,strict_pre_protection_only
FLB_81,6,20266975,train,strict_matched_30_60_90_120,strict_pre_protection_only
FLB_83,6,20266975,train,strict_matched_30_60_90_120,strict_pre_protection_only
FLB_84,6,20266975,train,strict_matched_30_60_90_120,strict_pre_protection_only
FLB_85,6,20266975,train,strict_matched_30_60_90_120,strict_pre_protection_only
FLB_87,6,20266975,train,strict_matched_30_60_90_120,strict_pre_protection_only
FLB_9,6,20266975,train,strict_matched_30_60_90_120,strict_pre_protection_only
FLB_92,6,20266975,train,strict_matched_30_60_90_120,strict_pre_protection_only
FLB_93,6,20266975,train,strict_matched_30_60_90_120,strict_pre_protection_only
FLB_94,6,20266975,train,strict_matched_30_60_90_120,strict_pre_protection_only
FLB_95,6,20266975,train,strict_matched_30_60_90_120,strict_pre_protection_only
FLB_96,6,20266975,train,strict_matched_30_60_90_120,strict_pre_protection_only
FLB_98,6,20266975,train,strict_matched_30_60_90_120,strict_pre_protection_only
FLB_99,6,20266975,train,strict_matched_30_60_90_120,strict_pre_protection_only
LOCAC_10,6,20266975,train,strict_matched_30_60_90_120,strict_pre_protection_only
LOCAC_11,6,20266975,train,strict_matched_30_60_90_120,strict_pre_protection_only
LOCAC_12,6,20266975,train,strict_matched_30_60_90_120,strict_pre_protection_only
LOCAC_13,6,20266975,train,strict_matched_30_60_90_120,strict_pre_protection_only
LOCAC_14,6,20266975,train,strict_matched_30_60_90_120,strict_pre_protection_only
LOCAC_15,6,20266975,train,strict_matched_30_60_90_120,strict_pre_protection_only
LOCAC_16,6,20266975,train,strict_matched_30_60_90_120,strict_pre_protection_only
LOCAC_17,6,20266975,train,strict_matched_30_60_90_120,strict_pre_protection_only
LOCAC_18,6,20266975,train,strict_matched_30_60_90_120,strict_pre_protection_only
LOCAC_19,6,20266975,train,strict_matched_30_60_90_120,strict_pre_protection_only
LOCAC_2,6,20266975,train,strict_matched_30_60_90_120,strict_pre_protection_only
LOCAC_23,6,20266975,train,strict_matched_30_60_90_120,strict_pre_protection_only
LOCAC_25,6,20266975,train,strict_matched_30_60_90_120,strict_pre_protection_only
LOCAC_28,6,20266975,train,strict_matched_30_60_90_120,strict_pre_protection_only
LOCAC_29,6,20266975,train,strict_matched_30_60_90_120,strict_pre_protection_only
LOCAC_3,6,20266975,train,strict_matched_30_60_90_120,strict_pre_protection_only
LOCAC_30,6,20266975,train,strict_matched_30_60_90_120,strict_pre_protection_only
LOCAC_31,6,20266975,train,strict_matched_30_60_90_120,strict_pre_protection_only
LOCAC_32,6,20266975,train,strict_matched_30_60_90_120,strict_pre_protection_only
LOCAC_34,6,20266975,train,strict_matched_30_60_90_120,strict_pre_protection_only
LOCAC_35,6,20266975,train,strict_matched_30_60_90_120,strict_pre_protection_only
LOCAC_36,6,20266975,train,strict_matched_30_60_90_120,strict_pre_protection_only
LOCAC_39,6,20266975,train,strict_matched_30_60_90_120,strict_pre_protection_only
LOCAC_4,6,20266975,train,strict_matched_30_60_90_120,strict_pre_protection_only
LOCAC_41,6,20266975,train,strict_matched_30_60_90_120,strict_pre_protection_only
LOCAC_42,6,20266975,train,strict_matched_30_60_90_120,strict_pre_protection_only
LOCAC_44,6,20266975,train,strict_matched_30_60_90_120,strict_pre_protection_only
LOCAC_45,6,20266975,train,strict_matched_30_60_90_120,strict_pre_protection_only
LOCAC_47,6,20266975,train,strict_matched_30_60_90_120,strict_pre_protection_only
LOCAC_50,6,20266975,train,strict_matched_30_60_90_120,strict_pre_protection_only
LOCAC_51,6,20266975,train,strict_matched_30_60_90_120,strict_pre_protection_only
LOCAC_53,6,20266975,train,strict_matched_30_60_90_120,strict_pre_protection_only
LOCAC_54,6,20266975,train,strict_matched_30_60_90_120,strict_pre_protection_only
LOCAC_57,6,20266975,train,strict_matched_30_60_90_120,strict_pre_protection_only
LOCAC_58,6,20266975,train,strict_matched_30_60_90_120,strict_pre_protection_only
LOCAC_64,6,20266975,train,strict_matched_30_60_90_120,strict_pre_protection_only
LOCAC_65,6,20266975,train,strict_matched_30_60_90_120,strict_pre_protection_only
LOCAC_68,6,20266975,train,strict_matched_30_60_90_120,strict_pre_protection_only
LOCAC_69,6,20266975,train,strict_matched_30_60_90_120,strict_pre_protection_only
LOCAC_7,6,20266975,train,strict_matched_30_60_90_120,strict_pre_protection_only
LOCAC_71,6,20266975,train,strict_matched_30_60_90_120,strict_pre_protection_only
LOCAC_72,6,20266975,train,strict_matched_30_60_90_120,strict_pre_protection_only
LOCAC_74,6,20266975,train,strict_matched_30_60_90_120,strict_pre_protection_only
LOCAC_78,6,20266975,train,strict_matched_30_60_90_120,strict_pre_protection_only
LOCAC_79,6,20266975,train,strict_matched_30_60_90_120,strict_pre_protection_only
LOCAC_8,6,20266975,train,strict_matched_30_60_90_120,strict_pre_protection_only
LOCAC_9,6,20266975,train,strict_matched_30_60_90_120,strict_pre_protection_only
LOCA_1,6,20266975,train,strict_matched_30_60_90_120,strict_pre_protection_only
LOCA_14,6,20266975,train,strict_matched_30_60_90_120,strict_pre_protection_only
LOCA_15,6,20266975,train,strict_matched_30_60_90_120,strict_pre_protection_only
LOCA_17,6,20266975,train,strict_matched_30_60_90_120,strict_pre_protection_only
LOCA_18,6,20266975,train,strict_matched_30_60_90_120,strict_pre_protection_only
LOCA_19,6,20266975,train,strict_matched_30_60_90_120,strict_pre_protection_only
LOCA_21,6,20266975,train,strict_matched_30_60_90_120,strict_pre_protection_only
LOCA_22,6,20266975,train,strict_matched_30_60_90_120,strict_pre_protection_only
LOCA_25,6,20266975,train,strict_matched_30_60_90_120,strict_pre_protection_only
LOCA_26,6,20266975,train,strict_matched_30_60_90_120,strict_pre_protection_only
LOCA_27,6,20266975,train,strict_matched_30_60_90_120,strict_pre_protection_only
LOCA_28,6,20266975,train,strict_matched_30_60_90_120,strict_pre_protection_only
LOCA_29,6,20266975,train,strict_matched_30_60_90_120,strict_pre_protection_only
LOCA_3,6,20266975,train,strict_matched_30_60_90_120,strict_pre_protection_only
LOCA_30,6,20266975,train,strict_matched_30_60_90_120,strict_pre_protection_only
LOCA_31,6,20266975,train,strict_matched_30_60_90_120,strict_pre_protection_only
LOCA_32,6,20266975,train,strict_matched_30_60_90_120,strict_pre_protection_only
LOCA_34,6,20266975,train,strict_matched_30_60_90_120,strict_pre_protection_only
LOCA_38,6,20266975,train,strict_matched_30_60_90_120,strict_pre_protection_only
LOCA_4,6,20266975,train,strict_matched_30_60_90_120,strict_pre_protection_only
LOCA_40,6,20266975,train,strict_matched_30_60_90_120,strict_pre_protection_only
LOCA_41,6,20266975,train,strict_matched_30_60_90_120,strict_pre_protection_only
LOCA_42,6,20266975,train,strict_matched_30_60_90_120,strict_pre_protection_only
LOCA_45,6,20266975,train,strict_matched_30_60_90_120,strict_pre_protection_only
LOCA_46,6,20266975,train,strict_matched_30_60_90_120,strict_pre_protection_only
LOCA_48,6,20266975,train,strict_matched_30_60_90_120,strict_pre_protection_only
LOCA_49,6,20266975,train,strict_matched_30_60_90_120,strict_pre_protection_only
LOCA_5,6,20266975,train,strict_matched_30_60_90_120,strict_pre_protection_only
LOCA_50,6,20266975,train,strict_matched_30_60_90_120,strict_pre_protection_only
LOCA_51,6,20266975,train,strict_matched_30_60_90_120,strict_pre_protection_only
LOCA_52,6,20266975,train,strict_matched_30_60_90_120,strict_pre_protection_only
LOCA_53,6,20266975,train,strict_matched_30_60_90_120,strict_pre_protection_only
LOCA_55,6,20266975,train,strict_matched_30_60_90_120,strict_pre_protection_only
LOCA_57,6,20266975,train,strict_matched_30_60_90_120,strict_pre_protection_only
LOCA_62,6,20266975,train,strict_matched_30_60_90_120,strict_pre_protection_only
LOCA_63,6,20266975,train,strict_matched_30_60_90_120,strict_pre_protection_only
LOCA_64,6,20266975,train,strict_matched_30_60_90_120,strict_pre_protection_only
LOCA_66,6,20266975,train,strict_matched_30_60_90_120,strict_pre_protection_only
LOCA_71,6,20266975,train,strict_matched_30_60_90_120,strict_pre_protection_only
LOCA_72,6,20266975,train,strict_matched_30_60_90_120,strict_pre_protection_only
LOCA_73,6,20266975,train,strict_matched_30_60_90_120,strict_pre_protection_only
LOCA_74,6,20266975,train,strict_matched_30_60_90_120,strict_pre_protection_only
LOCA_75,6,20266975,train,strict_matched_30_60_90_120,strict_pre_protection_only
LOCA_76,6,20266975,train,strict_matched_30_60_90_120,strict_pre_protection_only
LOCA_77,6,20266975,train,strict_matched_30_60_90_120,strict_pre_protection_only
LOCA_9,6,20266975,train,strict_matched_30_60_90_120,strict_pre_protection_only
RI_-1,6,20266975,train,strict_matched_30_60_90_120,strict_pre_protection_only
RI_-10,6,20266975,train,strict_matched_30_60_90_120,strict_pre_protection_only
RI_-15,6,20266975,train,strict_matched_30_60_90_120,strict_pre_protection_only
RI_-16,6,20266975,train,strict_matched_30_60_90_120,strict_pre_protection_only
RI_-18,6,20266975,train,strict_matched_30_60_90_120,strict_pre_protection_only
RI_-19,6,20266975,train,strict_matched_30_60_90_120,strict_pre_protection_only
RI_-2,6,20266975,train,strict_matched_30_60_90_120,strict_pre_protection_only
RI_-20,6,20266975,train,strict_matched_30_60_90_120,strict_pre_protection_only
RI_-21,6,20266975,train,strict_matched_30_60_90_120,strict_pre_protection_only
RI_-3,6,20266975,train,strict_matched_30_60_90_120,strict_pre_protection_only
RI_-31,6,20266975,train,strict_matched_30_60_90_120,strict_pre_protection_only
RI_-35,6,20266975,train,strict_matched_30_60_90_120,strict_pre_protection_only
RI_-4,6,20266975,train,strict_matched_30_60_90_120,strict_pre_protection_only
RI_-5,6,20266975,train,strict_matched_30_60_90_120,strict_pre_protection_only
RI_-6,6,20266975,train,strict_matched_30_60_90_120,strict_pre_protection_only
RI_-7,6,20266975,train,strict_matched_30_60_90_120,strict_pre_protection_only
RI_-8,6,20266975,train,strict_matched_30_60_90_120,strict_pre_protection_only
RW_2,6,20266975,train,strict_matched_30_60_90_120,strict_pre_protection_only
RW_3,6,20266975,train,strict_matched_30_60_90_120,strict_pre_protection_only
SGATR_57,6,20266975,train,strict_matched_30_60_90_120,strict_pre_protection_only
SGATR_59,6,20266975,train,strict_matched_30_60_90_120,strict_pre_protection_only
SGATR_60,6,20266975,train,strict_matched_30_60_90_120,strict_pre_protection_only
SGATR_62,6,20266975,train,strict_matched_30_60_90_120,strict_pre_protection_only
SGATR_64,6,20266975,train,strict_matched_30_60_90_120,strict_pre_protection_only
SGATR_65,6,20266975,train,strict_matched_30_60_90_120,strict_pre_protection_only
SGATR_67,6,20266975,train,strict_matched_30_60_90_120,strict_pre_protection_only
SGATR_68,6,20266975,train,strict_matched_30_60_90_120,strict_pre_protection_only
SGATR_69,6,20266975,train,strict_matched_30_60_90_120,strict_pre_protection_only
SGATR_71,6,20266975,train,strict_matched_30_60_90_120,strict_pre_protection_only
SGATR_72,6,20266975,train,strict_matched_30_60_90_120,strict_pre_protection_only
SGATR_73,6,20266975,train,strict_matched_30_60_90_120,strict_pre_protection_only
SGATR_77,6,20266975,train,strict_matched_30_60_90_120,strict_pre_protection_only
SGATR_78,6,20266975,train,strict_matched_30_60_90_120,strict_pre_protection_only
SGATR_79,6,20266975,train,strict_matched_30_60_90_120,strict_pre_protection_only
SGATR_81,6,20266975,train,strict_matched_30_60_90_120,strict_pre_protection_only
SGATR_82,6,20266975,train,strict_matched_30_60_90_120,strict_pre_protection_only
SGATR_84,6,20266975,train,strict_matched_30_60_90_120,strict_pre_protection_only
SGATR_85,6,20266975,train,strict_matched_30_60_90_120,strict_pre_protection_only
SGATR_87,6,20266975,train,strict_matched_30_60_90_120,strict_pre_protection_only
SGATR_90,6,20266975,train,strict_matched_30_60_90_120,strict_pre_protection_only
SGATR_91,6,20266975,train,strict_matched_30_60_90_120,strict_pre_protection_only
SGATR_92,6,20266975,train,strict_matched_30_60_90_120,strict_pre_protection_only
SGATR_93,6,20266975,train,strict_matched_30_60_90_120,strict_pre_protection_only
SGATR_94,6,20266975,train,strict_matched_30_60_90_120,strict_pre_protection_only
SGATR_95,6,20266975,train,strict_matched_30_60_90_120,strict_pre_protection_only
SGBTR_100,6,20266975,train,strict_matched_30_60_90_120,strict_pre_protection_only
SGBTR_103,6,20266975,train,strict_matched_30_60_90_120,strict_pre_protection_only
SGBTR_105,6,20266975,train,strict_matched_30_60_90_120,strict_pre_protection_only
SGBTR_106,6,20266975,train,strict_matched_30_60_90_120,strict_pre_protection_only
SGBTR_108,6,20266975,train,strict_matched_30_60_90_120,strict_pre_protection_only
SGBTR_58,6,20266975,train,strict_matched_30_60_90_120,strict_pre_protection_only
SGBTR_59,6,20266975,train,strict_matched_30_60_90_120,strict_pre_protection_only
SGBTR_61,6,20266975,train,strict_matched_30_60_90_120,strict_pre_protection_only
SGBTR_62,6,20266975,train,strict_matched_30_60_90_120,strict_pre_protection_only
SGBTR_63,6,20266975,train,strict_matched_30_60_90_120,strict_pre_protection_only
SGBTR_64,6,20266975,train,strict_matched_30_60_90_120,strict_pre_protection_only
SGBTR_65,6,20266975,train,strict_matched_30_60_90_120,strict_pre_protection_only
SGBTR_67,6,20266975,train,strict_matched_30_60_90_120,strict_pre_protection_only
SGBTR_68,6,20266975,train,strict_matched_30_60_90_120,strict_pre_protection_only
SGBTR_69,6,20266975,train,strict_matched_30_60_90_120,strict_pre_protection_only
SGBTR_70,6,20266975,train,strict_matched_30_60_90_120,strict_pre_protection_only
SGBTR_71,6,20266975,train,strict_matched_30_60_90_120,strict_pre_protection_only
SGBTR_72,6,20266975,train,strict_matched_30_60_90_120,strict_pre_protection_only
SGBTR_74,6,20266975,train,strict_matched_30_60_90_120,strict_pre_protection_only
SGBTR_77,6,20266975,train,strict_matched_30_60_90_120,strict_pre_protection_only
SGBTR_78,6,20266975,train,strict_matched_30_60_90_120,strict_pre_protection_only
SGBTR_79,6,20266975,train,strict_matched_30_60_90_120,strict_pre_protection_only
SGBTR_80,6,20266975,train,strict_matched_30_60_90_120,strict_pre_protection_only
SGBTR_81,6,20266975,train,strict_matched_30_60_90_120,strict_pre_protection_only
SGBTR_85,6,20266975,train,strict_matched_30_60_90_120,strict_pre_protection_only
SGBTR_87,6,20266975,train,strict_matched_30_60_90_120,strict_pre_protection_only
SGBTR_88,6,20266975,train,strict_matched_30_60_90_120,strict_pre_protection_only
SGBTR_91,6,20266975,train,strict_matched_30_60_90_120,strict_pre_protection_only
SGBTR_93,6,20266975,train,strict_matched_30_60_90_120,strict_pre_protection_only
SGBTR_96,6,20266975,train,strict_matched_30_60_90_120,strict_pre_protection_only
SGBTR_97,6,20266975,train,strict_matched_30_60_90_120,strict_pre_protection_only
SGBTR_98,6,20266975,train,strict_matched_30_60_90_120,strict_pre_protection_only
SLBIC_100,6,20266975,train,strict_matched_30_60_90_120,strict_pre_protection_only
SLBIC_101,6,20266975,train,strict_matched_30_60_90_120,strict_pre_protection_only
SLBIC_16,6,20266975,train,strict_matched_30_60_90_120,strict_pre_protection_only
SLBIC_17,6,20266975,train,strict_matched_30_60_90_120,strict_pre_protection_only
SLBIC_19,6,20266975,train,strict_matched_30_60_90_120,strict_pre_protection_only
SLBIC_21,6,20266975,train,strict_matched_30_60_90_120,strict_pre_protection_only
SLBIC_22,6,20266975,train,strict_matched_30_60_90_120,strict_pre_protection_only
SLBIC_23,6,20266975,train,strict_matched_30_60_90_120,strict_pre_protection_only
SLBIC_24,6,20266975,train,strict_matched_30_60_90_120,strict_pre_protection_only
SLBIC_26,6,20266975,train,strict_matched_30_60_90_120,strict_pre_protection_only
SLBIC_29,6,20266975,train,strict_matched_30_60_90_120,strict_pre_protection_only
SLBIC_30,6,20266975,train,strict_matched_30_60_90_120,strict_pre_protection_only
SLBIC_31,6,20266975,train,strict_matched_30_60_90_120,strict_pre_protection_only
SLBIC_32,6,20266975,train,strict_matched_30_60_90_120,strict_pre_protection_only
SLBIC_34,6,20266975,train,strict_matched_30_60_90_120,strict_pre_protection_only
SLBIC_37,6,20266975,train,strict_matched_30_60_90_120,strict_pre_protection_only
SLBIC_39,6,20266975,train,strict_matched_30_60_90_120,strict_pre_protection_only
SLBIC_40,6,20266975,train,strict_matched_30_60_90_120,strict_pre_protection_only
SLBIC_42,6,20266975,train,strict_matched_30_60_90_120,strict_pre_protection_only
SLBIC_43,6,20266975,train,strict_matched_30_60_90_120,strict_pre_protection_only
SLBIC_45,6,20266975,train,strict_matched_30_60_90_120,strict_pre_protection_only
SLBIC_46,6,20266975,train,strict_matched_30_60_90_120,strict_pre_protection_only
SLBIC_47,6,20266975,train,strict_matched_30_60_90_120,strict_pre_protection_only
SLBIC_48,6,20266975,train,strict_matched_30_60_90_120,strict_pre_protection_only
SLBIC_49,6,20266975,train,strict_matched_30_60_90_120,strict_pre_protection_only
SLBIC_50,6,20266975,train,strict_matched_30_60_90_120,strict_pre_protection_only
SLBIC_53,6,20266975,train,strict_matched_30_60_90_120,strict_pre_protection_only
SLBIC_54,6,20266975,train,strict_matched_30_60_90_120,strict_pre_protection_only
SLBIC_55,6,20266975,train,strict_matched_30_60_90_120,strict_pre_protection_only
SLBIC_56,6,20266975,train,strict_matched_30_60_90_120,strict_pre_protection_only
SLBIC_59,6,20266975,train,strict_matched_30_60_90_120,strict_pre_protection_only
SLBIC_62,6,20266975,train,strict_matched_30_60_90_120,strict_pre_protection_only
SLBIC_64,6,20266975,train,strict_matched_30_60_90_120,strict_pre_protection_only
SLBIC_66,6,20266975,train,strict_matched_30_60_90_120,strict_pre_protection_only
SLBIC_67,6,20266975,train,strict_matched_30_60_90_120,strict_pre_protection_only
SLBIC_71,6,20266975,train,strict_matched_30_60_90_120,strict_pre_protection_only
SLBIC_72,6,20266975,train,strict_matched_30_60_90_120,strict_pre_protection_only
SLBIC_73,6,20266975,train,strict_matched_30_60_90_120,strict_pre_protection_only
SLBIC_76,6,20266975,train,strict_matched_30_60_90_120,strict_pre_protection_only
SLBIC_77,6,20266975,train,strict_matched_30_60_90_120,strict_pre_protection_only
SLBIC_78,6,20266975,train,strict_matched_30_60_90_120,strict_pre_protection_only
SLBIC_82,6,20266975,train,strict_matched_30_60_90_120,strict_pre_protection_only
SLBIC_85,6,20266975,train,strict_matched_30_60_90_120,strict_pre_protection_only
SLBIC_86,6,20266975,train,strict_matched_30_60_90_120,strict_pre_protection_only
SLBIC_89,6,20266975,train,strict_matched_30_60_90_120,strict_pre_protection_only
SLBIC_90,6,20266975,train,strict_matched_30_60_90_120,strict_pre_protection_only
SLBIC_91,6,20266975,train,strict_matched_30_60_90_120,strict_pre_protection_only
SLBIC_92,6,20266975,train,strict_matched_30_60_90_120,strict_pre_protection_only
SLBIC_94,6,20266975,train,strict_matched_30_60_90_120,strict_pre_protection_only
SLBIC_96,6,20266975,train,strict_matched_30_60_90_120,strict_pre_protection_only
SLBIC_97,6,20266975,train,strict_matched_30_60_90_120,strict_pre_protection_only
SLBIC_98,6,20266975,train,strict_matched_30_60_90_120,strict_pre_protection_only
SLBIC_99,6,20266975,train,strict_matched_30_60_90_120,strict_pre_protection_only
FLB_12,6,20266975,validation,strict_matched_30_60_90_120,strict_pre_protection_only
FLB_15,6,20266975,validation,strict_matched_30_60_90_120,strict_pre_protection_only
FLB_19,6,20266975,validation,strict_matched_30_60_90_120,strict_pre_protection_only
FLB_2,6,20266975,validation,strict_matched_30_60_90_120,strict_pre_protection_only
FLB_20,6,20266975,validation,strict_matched_30_60_90_120,strict_pre_protection_only
FLB_27,6,20266975,validation,strict_matched_30_60_90_120,strict_pre_protection_only
FLB_29,6,20266975,validation,strict_matched_30_60_90_120,strict_pre_protection_only
FLB_32,6,20266975,validation,strict_matched_30_60_90_120,strict_pre_protection_only
FLB_35,6,20266975,validation,strict_matched_30_60_90_120,strict_pre_protection_only
FLB_47,6,20266975,validation,strict_matched_30_60_90_120,strict_pre_protection_only
FLB_63,6,20266975,validation,strict_matched_30_60_90_120,strict_pre_protection_only
FLB_65,6,20266975,validation,strict_matched_30_60_90_120,strict_pre_protection_only
FLB_66,6,20266975,validation,strict_matched_30_60_90_120,strict_pre_protection_only
FLB_67,6,20266975,validation,strict_matched_30_60_90_120,strict_pre_protection_only
FLB_69,6,20266975,validation,strict_matched_30_60_90_120,strict_pre_protection_only
FLB_71,6,20266975,validation,strict_matched_30_60_90_120,strict_pre_protection_only
FLB_78,6,20266975,validation,strict_matched_30_60_90_120,strict_pre_protection_only
FLB_88,6,20266975,validation,strict_matched_30_60_90_120,strict_pre_protection_only
FLB_89,6,20266975,validation,strict_matched_30_60_90_120,strict_pre_protection_only
FLB_90,6,20266975,validation,strict_matched_30_60_90_120,strict_pre_protection_only
LOCAC_20,6,20266975,validation,strict_matched_30_60_90_120,strict_pre_protection_only
LOCAC_21,6,20266975,validation,strict_matched_30_60_90_120,strict_pre_protection_only
LOCAC_22,6,20266975,validation,strict_matched_30_60_90_120,strict_pre_protection_only
LOCAC_26,6,20266975,validation,strict_matched_30_60_90_120,strict_pre_protection_only
LOCAC_38,6,20266975,validation,strict_matched_30_60_90_120,strict_pre_protection_only
LOCAC_48,6,20266975,validation,strict_matched_30_60_90_120,strict_pre_protection_only
LOCAC_52,6,20266975,validation,strict_matched_30_60_90_120,strict_pre_protection_only
LOCAC_55,6,20266975,validation,strict_matched_30_60_90_120,strict_pre_protection_only
LOCAC_56,6,20266975,validation,strict_matched_30_60_90_120,strict_pre_protection_only
LOCAC_59,6,20266975,validation,strict_matched_30_60_90_120,strict_pre_protection_only
LOCAC_60,6,20266975,validation,strict_matched_30_60_90_120,strict_pre_protection_only
LOCAC_61,6,20266975,validation,strict_matched_30_60_90_120,strict_pre_protection_only
LOCAC_62,6,20266975,validation,strict_matched_30_60_90_120,strict_pre_protection_only
LOCAC_66,6,20266975,validation,strict_matched_30_60_90_120,strict_pre_protection_only
LOCAC_67,6,20266975,validation,strict_matched_30_60_90_120,strict_pre_protection_only
LOCAC_76,6,20266975,validation,strict_matched_30_60_90_120,strict_pre_protection_only
LOCA_10,6,20266975,validation,strict_matched_30_60_90_120,strict_pre_protection_only
LOCA_13,6,20266975,validation,strict_matched_30_60_90_120,strict_pre_protection_only
LOCA_16,6,20266975,validation,strict_matched_30_60_90_120,strict_pre_protection_only
LOCA_2,6,20266975,validation,strict_matched_30_60_90_120,strict_pre_protection_only
LOCA_23,6,20266975,validation,strict_matched_30_60_90_120,strict_pre_protection_only
LOCA_33,6,20266975,validation,strict_matched_30_60_90_120,strict_pre_protection_only
LOCA_35,6,20266975,validation,strict_matched_30_60_90_120,strict_pre_protection_only
LOCA_36,6,20266975,validation,strict_matched_30_60_90_120,strict_pre_protection_only
LOCA_39,6,20266975,validation,strict_matched_30_60_90_120,strict_pre_protection_only
LOCA_54,6,20266975,validation,strict_matched_30_60_90_120,strict_pre_protection_only
LOCA_59,6,20266975,validation,strict_matched_30_60_90_120,strict_pre_protection_only
LOCA_60,6,20266975,validation,strict_matched_30_60_90_120,strict_pre_protection_only
LOCA_61,6,20266975,validation,strict_matched_30_60_90_120,strict_pre_protection_only
LOCA_67,6,20266975,validation,strict_matched_30_60_90_120,strict_pre_protection_only
LOCA_69,6,20266975,validation,strict_matched_30_60_90_120,strict_pre_protection_only
RI_-11,6,20266975,validation,strict_matched_30_60_90_120,strict_pre_protection_only
RI_-12,6,20266975,validation,strict_matched_30_60_90_120,strict_pre_protection_only
RI_-14,6,20266975,validation,strict_matched_30_60_90_120,strict_pre_protection_only
RI_-17,6,20266975,validation,strict_matched_30_60_90_120,strict_pre_protection_only
RI_-34,6,20266975,validation,strict_matched_30_60_90_120,strict_pre_protection_only
RW_1,6,20266975,validation,strict_matched_30_60_90_120,strict_pre_protection_only
SGATR_58,6,20266975,validation,strict_matched_30_60_90_120,strict_pre_protection_only
SGATR_61,6,20266975,validation,strict_matched_30_60_90_120,strict_pre_protection_only
SGATR_63,6,20266975,validation,strict_matched_30_60_90_120,strict_pre_protection_only
SGATR_66,6,20266975,validation,strict_matched_30_60_90_120,strict_pre_protection_only
SGATR_74,6,20266975,validation,strict_matched_30_60_90_120,strict_pre_protection_only
SGATR_75,6,20266975,validation,strict_matched_30_60_90_120,strict_pre_protection_only
SGATR_86,6,20266975,validation,strict_matched_30_60_90_120,strict_pre_protection_only
SGATR_88,6,20266975,validation,strict_matched_30_60_90_120,strict_pre_protection_only
SGATR_98,6,20266975,validation,strict_matched_30_60_90_120,strict_pre_protection_only
SGBTR_101,6,20266975,validation,strict_matched_30_60_90_120,strict_pre_protection_only
SGBTR_102,6,20266975,validation,strict_matched_30_60_90_120,strict_pre_protection_only
SGBTR_104,6,20266975,validation,strict_matched_30_60_90_120,strict_pre_protection_only
SGBTR_107,6,20266975,validation,strict_matched_30_60_90_120,strict_pre_protection_only
SGBTR_57,6,20266975,validation,strict_matched_30_60_90_120,strict_pre_protection_only
SGBTR_66,6,20266975,validation,strict_matched_30_60_90_120,strict_pre_protection_only
SGBTR_73,6,20266975,validation,strict_matched_30_60_90_120,strict_pre_protection_only
SGBTR_75,6,20266975,validation,strict_matched_30_60_90_120,strict_pre_protection_only
SGBTR_83,6,20266975,validation,strict_matched_30_60_90_120,strict_pre_protection_only
SGBTR_89,6,20266975,validation,strict_matched_30_60_90_120,strict_pre_protection_only
SGBTR_99,6,20266975,validation,strict_matched_30_60_90_120,strict_pre_protection_only
SLBIC_18,6,20266975,validation,strict_matched_30_60_90_120,strict_pre_protection_only
SLBIC_27,6,20266975,validation,strict_matched_30_60_90_120,strict_pre_protection_only
SLBIC_28,6,20266975,validation,strict_matched_30_60_90_120,strict_pre_protection_only
SLBIC_33,6,20266975,validation,strict_matched_30_60_90_120,strict_pre_protection_only
SLBIC_38,6,20266975,validation,strict_matched_30_60_90_120,strict_pre_protection_only
SLBIC_41,6,20266975,validation,strict_matched_30_60_90_120,strict_pre_protection_only
SLBIC_44,6,20266975,validation,strict_matched_30_60_90_120,strict_pre_protection_only
SLBIC_52,6,20266975,validation,strict_matched_30_60_90_120,strict_pre_protection_only
SLBIC_57,6,20266975,validation,strict_matched_30_60_90_120,strict_pre_protection_only
SLBIC_68,6,20266975,validation,strict_matched_30_60_90_120,strict_pre_protection_only
SLBIC_75,6,20266975,validation,strict_matched_30_60_90_120,strict_pre_protection_only
SLBIC_81,6,20266975,validation,strict_matched_30_60_90_120,strict_pre_protection_only
SLBIC_83,6,20266975,validation,strict_matched_30_60_90_120,strict_pre_protection_only
SLBIC_84,6,20266975,validation,strict_matched_30_60_90_120,strict_pre_protection_only
SLBIC_88,6,20266975,validation,strict_matched_30_60_90_120,strict_pre_protection_only
SLBIC_93,6,20266975,validation,strict_matched_30_60_90_120,strict_pre_protection_only
SLBIC_95,6,20266975,validation,strict_matched_30_60_90_120,strict_pre_protection_only
FLB_11,6,20266975,test,strict_matched_30_60_90_120,strict_pre_protection_only
FLB_13,6,20266975,test,strict_matched_30_60_90_120,strict_pre_protection_only
FLB_16,6,20266975,test,strict_matched_30_60_90_120,strict_pre_protection_only
FLB_21,6,20266975,test,strict_matched_30_60_90_120,strict_pre_protection_only
FLB_26,6,20266975,test,strict_matched_30_60_90_120,strict_pre_protection_only
FLB_31,6,20266975,test,strict_matched_30_60_90_120,strict_pre_protection_only
FLB_37,6,20266975,test,strict_matched_30_60_90_120,strict_pre_protection_only
FLB_38,6,20266975,test,strict_matched_30_60_90_120,strict_pre_protection_only
FLB_4,6,20266975,test,strict_matched_30_60_90_120,strict_pre_protection_only
FLB_48,6,20266975,test,strict_matched_30_60_90_120,strict_pre_protection_only
FLB_49,6,20266975,test,strict_matched_30_60_90_120,strict_pre_protection_only
FLB_52,6,20266975,test,strict_matched_30_60_90_120,strict_pre_protection_only
FLB_54,6,20266975,test,strict_matched_30_60_90_120,strict_pre_protection_only
FLB_6,6,20266975,test,strict_matched_30_60_90_120,strict_pre_protection_only
FLB_73,6,20266975,test,strict_matched_30_60_90_120,strict_pre_protection_only
FLB_80,6,20266975,test,strict_matched_30_60_90_120,strict_pre_protection_only
FLB_82,6,20266975,test,strict_matched_30_60_90_120,strict_pre_protection_only
FLB_86,6,20266975,test,strict_matched_30_60_90_120,strict_pre_protection_only
FLB_91,6,20266975,test,strict_matched_30_60_90_120,strict_pre_protection_only
FLB_97,6,20266975,test,strict_matched_30_60_90_120,strict_pre_protection_only
LOCAC_1,6,20266975,test,strict_matched_30_60_90_120,strict_pre_protection_only
LOCAC_24,6,20266975,test,strict_matched_30_60_90_120,strict_pre_protection_only
LOCAC_27,6,20266975,test,strict_matched_30_60_90_120,strict_pre_protection_only
LOCAC_33,6,20266975,test,strict_matched_30_60_90_120,strict_pre_protection_only
LOCAC_37,6,20266975,test,strict_matched_30_60_90_120,strict_pre_protection_only
LOCAC_40,6,20266975,test,strict_matched_30_60_90_120,strict_pre_protection_only
LOCAC_43,6,20266975,test,strict_matched_30_60_90_120,strict_pre_protection_only
LOCAC_46,6,20266975,test,strict_matched_30_60_90_120,strict_pre_protection_only
LOCAC_49,6,20266975,test,strict_matched_30_60_90_120,strict_pre_protection_only
LOCAC_5,6,20266975,test,strict_matched_30_60_90_120,strict_pre_protection_only
LOCAC_6,6,20266975,test,strict_matched_30_60_90_120,strict_pre_protection_only
LOCAC_63,6,20266975,test,strict_matched_30_60_90_120,strict_pre_protection_only
LOCAC_70,6,20266975,test,strict_matched_30_60_90_120,strict_pre_protection_only
LOCAC_73,6,20266975,test,strict_matched_30_60_90_120,strict_pre_protection_only
LOCAC_75,6,20266975,test,strict_matched_30_60_90_120,strict_pre_protection_only
LOCAC_77,6,20266975,test,strict_matched_30_60_90_120,strict_pre_protection_only
LOCA_11,6,20266975,test,strict_matched_30_60_90_120,strict_pre_protection_only
LOCA_12,6,20266975,test,strict_matched_30_60_90_120,strict_pre_protection_only
LOCA_20,6,20266975,test,strict_matched_30_60_90_120,strict_pre_protection_only
LOCA_24,6,20266975,test,strict_matched_30_60_90_120,strict_pre_protection_only
LOCA_37,6,20266975,test,strict_matched_30_60_90_120,strict_pre_protection_only
LOCA_44,6,20266975,test,strict_matched_30_60_90_120,strict_pre_protection_only
LOCA_47,6,20266975,test,strict_matched_30_60_90_120,strict_pre_protection_only
LOCA_56,6,20266975,test,strict_matched_30_60_90_120,strict_pre_protection_only
LOCA_58,6,20266975,test,strict_matched_30_60_90_120,strict_pre_protection_only
LOCA_6,6,20266975,test,strict_matched_30_60_90_120,strict_pre_protection_only
LOCA_65,6,20266975,test,strict_matched_30_60_90_120,strict_pre_protection_only
LOCA_68,6,20266975,test,strict_matched_30_60_90_120,strict_pre_protection_only
LOCA_7,6,20266975,test,strict_matched_30_60_90_120,strict_pre_protection_only
LOCA_70,6,20266975,test,strict_matched_30_60_90_120,strict_pre_protection_only
LOCA_8,6,20266975,test,strict_matched_30_60_90_120,strict_pre_protection_only
RI_-13,6,20266975,test,strict_matched_30_60_90_120,strict_pre_protection_only
RI_-22,6,20266975,test,strict_matched_30_60_90_120,strict_pre_protection_only
RI_-23,6,20266975,test,strict_matched_30_60_90_120,strict_pre_protection_only
RI_-32,6,20266975,test,strict_matched_30_60_90_120,strict_pre_protection_only
RI_-33,6,20266975,test,strict_matched_30_60_90_120,strict_pre_protection_only
RI_-9,6,20266975,test,strict_matched_30_60_90_120,strict_pre_protection_only
SGATR_100,6,20266975,test,strict_matched_30_60_90_120,strict_pre_protection_only
SGATR_70,6,20266975,test,strict_matched_30_60_90_120,strict_pre_protection_only
SGATR_76,6,20266975,test,strict_matched_30_60_90_120,strict_pre_protection_only
SGATR_80,6,20266975,test,strict_matched_30_60_90_120,strict_pre_protection_only
SGATR_83,6,20266975,test,strict_matched_30_60_90_120,strict_pre_protection_only
SGATR_89,6,20266975,test,strict_matched_30_60_90_120,strict_pre_protection_only
SGATR_96,6,20266975,test,strict_matched_30_60_90_120,strict_pre_protection_only
SGATR_97,6,20266975,test,strict_matched_30_60_90_120,strict_pre_protection_only
SGATR_99,6,20266975,test,strict_matched_30_60_90_120,strict_pre_protection_only
SGBTR_109,6,20266975,test,strict_matched_30_60_90_120,strict_pre_protection_only
SGBTR_110,6,20266975,test,strict_matched_30_60_90_120,strict_pre_protection_only
SGBTR_60,6,20266975,test,strict_matched_30_60_90_120,strict_pre_protection_only
SGBTR_76,6,20266975,test,strict_matched_30_60_90_120,strict_pre_protection_only
SGBTR_82,6,20266975,test,strict_matched_30_60_90_120,strict_pre_protection_only
SGBTR_84,6,20266975,test,strict_matched_30_60_90_120,strict_pre_protection_only
SGBTR_86,6,20266975,test,strict_matched_30_60_90_120,strict_pre_protection_only
SGBTR_90,6,20266975,test,strict_matched_30_60_90_120,strict_pre_protection_only
SGBTR_92,6,20266975,test,strict_matched_30_60_90_120,strict_pre_protection_only
SGBTR_94,6,20266975,test,strict_matched_30_60_90_120,strict_pre_protection_only
SGBTR_95,6,20266975,test,strict_matched_30_60_90_120,strict_pre_protection_only
SLBIC_14,6,20266975,test,strict_matched_30_60_90_120,strict_pre_protection_only
SLBIC_15,6,20266975,test,strict_matched_30_60_90_120,strict_pre_protection_only
SLBIC_20,6,20266975,test,strict_matched_30_60_90_120,strict_pre_protection_only
SLBIC_25,6,20266975,test,strict_matched_30_60_90_120,strict_pre_protection_only
SLBIC_35,6,20266975,test,strict_matched_30_60_90_120,strict_pre_protection_only
SLBIC_36,6,20266975,test,strict_matched_30_60_90_120,strict_pre_protection_only
SLBIC_51,6,20266975,test,strict_matched_30_60_90_120,strict_pre_protection_only
SLBIC_58,6,20266975,test,strict_matched_30_60_90_120,strict_pre_protection_only
SLBIC_60,6,20266975,test,strict_matched_30_60_90_120,strict_pre_protection_only
SLBIC_61,6,20266975,test,strict_matched_30_60_90_120,strict_pre_protection_only
SLBIC_63,6,20266975,test,strict_matched_30_60_90_120,strict_pre_protection_only
SLBIC_65,6,20266975,test,strict_matched_30_60_90_120,strict_pre_protection_only
SLBIC_69,6,20266975,test,strict_matched_30_60_90_120,strict_pre_protection_only
SLBIC_70,6,20266975,test,strict_matched_30_60_90_120,strict_pre_protection_only
SLBIC_74,6,20266975,test,strict_matched_30_60_90_120,strict_pre_protection_only
SLBIC_79,6,20266975,test,strict_matched_30_60_90_120,strict_pre_protection_only
SLBIC_80,6,20266975,test,strict_matched_30_60_90_120,strict_pre_protection_only
SLBIC_87,6,20266975,test,strict_matched_30_60_90_120,strict_pre_protection_only
FLB_10,7,20267984,train,strict_matched_30_60_90_120,strict_pre_protection_only
FLB_11,7,20267984,train,strict_matched_30_60_90_120,strict_pre_protection_only
FLB_13,7,20267984,train,strict_matched_30_60_90_120,strict_pre_protection_only
FLB_15,7,20267984,train,strict_matched_30_60_90_120,strict_pre_protection_only
FLB_16,7,20267984,train,strict_matched_30_60_90_120,strict_pre_protection_only
FLB_18,7,20267984,train,strict_matched_30_60_90_120,strict_pre_protection_only
FLB_21,7,20267984,train,strict_matched_30_60_90_120,strict_pre_protection_only
FLB_23,7,20267984,train,strict_matched_30_60_90_120,strict_pre_protection_only
FLB_27,7,20267984,train,strict_matched_30_60_90_120,strict_pre_protection_only
FLB_28,7,20267984,train,strict_matched_30_60_90_120,strict_pre_protection_only
FLB_3,7,20267984,train,strict_matched_30_60_90_120,strict_pre_protection_only
FLB_30,7,20267984,train,strict_matched_30_60_90_120,strict_pre_protection_only
FLB_33,7,20267984,train,strict_matched_30_60_90_120,strict_pre_protection_only
FLB_34,7,20267984,train,strict_matched_30_60_90_120,strict_pre_protection_only
FLB_37,7,20267984,train,strict_matched_30_60_90_120,strict_pre_protection_only
FLB_40,7,20267984,train,strict_matched_30_60_90_120,strict_pre_protection_only
FLB_41,7,20267984,train,strict_matched_30_60_90_120,strict_pre_protection_only
FLB_42,7,20267984,train,strict_matched_30_60_90_120,strict_pre_protection_only
FLB_44,7,20267984,train,strict_matched_30_60_90_120,strict_pre_protection_only
FLB_45,7,20267984,train,strict_matched_30_60_90_120,strict_pre_protection_only
FLB_47,7,20267984,train,strict_matched_30_60_90_120,strict_pre_protection_only
FLB_48,7,20267984,train,strict_matched_30_60_90_120,strict_pre_protection_only
FLB_5,7,20267984,train,strict_matched_30_60_90_120,strict_pre_protection_only
FLB_50,7,20267984,train,strict_matched_30_60_90_120,strict_pre_protection_only
FLB_51,7,20267984,train,strict_matched_30_60_90_120,strict_pre_protection_only
FLB_52,7,20267984,train,strict_matched_30_60_90_120,strict_pre_protection_only
FLB_56,7,20267984,train,strict_matched_30_60_90_120,strict_pre_protection_only
FLB_57,7,20267984,train,strict_matched_30_60_90_120,strict_pre_protection_only
FLB_58,7,20267984,train,strict_matched_30_60_90_120,strict_pre_protection_only
FLB_6,7,20267984,train,strict_matched_30_60_90_120,strict_pre_protection_only
FLB_60,7,20267984,train,strict_matched_30_60_90_120,strict_pre_protection_only
FLB_62,7,20267984,train,strict_matched_30_60_90_120,strict_pre_protection_only
FLB_64,7,20267984,train,strict_matched_30_60_90_120,strict_pre_protection_only
FLB_65,7,20267984,train,strict_matched_30_60_90_120,strict_pre_protection_only
FLB_68,7,20267984,train,strict_matched_30_60_90_120,strict_pre_protection_only
FLB_69,7,20267984,train,strict_matched_30_60_90_120,strict_pre_protection_only
FLB_7,7,20267984,train,strict_matched_30_60_90_120,strict_pre_protection_only
FLB_70,7,20267984,train,strict_matched_30_60_90_120,strict_pre_protection_only
FLB_72,7,20267984,train,strict_matched_30_60_90_120,strict_pre_protection_only
FLB_74,7,20267984,train,strict_matched_30_60_90_120,strict_pre_protection_only
FLB_76,7,20267984,train,strict_matched_30_60_90_120,strict_pre_protection_only
FLB_77,7,20267984,train,strict_matched_30_60_90_120,strict_pre_protection_only
FLB_78,7,20267984,train,strict_matched_30_60_90_120,strict_pre_protection_only
FLB_79,7,20267984,train,strict_matched_30_60_90_120,strict_pre_protection_only
FLB_8,7,20267984,train,strict_matched_30_60_90_120,strict_pre_protection_only
FLB_81,7,20267984,train,strict_matched_30_60_90_120,strict_pre_protection_only
FLB_83,7,20267984,train,strict_matched_30_60_90_120,strict_pre_protection_only
FLB_84,7,20267984,train,strict_matched_30_60_90_120,strict_pre_protection_only
FLB_86,7,20267984,train,strict_matched_30_60_90_120,strict_pre_protection_only
FLB_88,7,20267984,train,strict_matched_30_60_90_120,strict_pre_protection_only
FLB_89,7,20267984,train,strict_matched_30_60_90_120,strict_pre_protection_only
FLB_9,7,20267984,train,strict_matched_30_60_90_120,strict_pre_protection_only
FLB_90,7,20267984,train,strict_matched_30_60_90_120,strict_pre_protection_only
FLB_91,7,20267984,train,strict_matched_30_60_90_120,strict_pre_protection_only
FLB_93,7,20267984,train,strict_matched_30_60_90_120,strict_pre_protection_only
FLB_94,7,20267984,train,strict_matched_30_60_90_120,strict_pre_protection_only
FLB_95,7,20267984,train,strict_matched_30_60_90_120,strict_pre_protection_only
FLB_96,7,20267984,train,strict_matched_30_60_90_120,strict_pre_protection_only
FLB_97,7,20267984,train,strict_matched_30_60_90_120,strict_pre_protection_only
LOCAC_1,7,20267984,train,strict_matched_30_60_90_120,strict_pre_protection_only
LOCAC_10,7,20267984,train,strict_matched_30_60_90_120,strict_pre_protection_only
LOCAC_12,7,20267984,train,strict_matched_30_60_90_120,strict_pre_protection_only
LOCAC_15,7,20267984,train,strict_matched_30_60_90_120,strict_pre_protection_only
LOCAC_19,7,20267984,train,strict_matched_30_60_90_120,strict_pre_protection_only
LOCAC_2,7,20267984,train,strict_matched_30_60_90_120,strict_pre_protection_only
LOCAC_21,7,20267984,train,strict_matched_30_60_90_120,strict_pre_protection_only
LOCAC_22,7,20267984,train,strict_matched_30_60_90_120,strict_pre_protection_only
LOCAC_23,7,20267984,train,strict_matched_30_60_90_120,strict_pre_protection_only
LOCAC_25,7,20267984,train,strict_matched_30_60_90_120,strict_pre_protection_only
LOCAC_26,7,20267984,train,strict_matched_30_60_90_120,strict_pre_protection_only
LOCAC_3,7,20267984,train,strict_matched_30_60_90_120,strict_pre_protection_only
LOCAC_30,7,20267984,train,strict_matched_30_60_90_120,strict_pre_protection_only
LOCAC_31,7,20267984,train,strict_matched_30_60_90_120,strict_pre_protection_only
LOCAC_33,7,20267984,train,strict_matched_30_60_90_120,strict_pre_protection_only
LOCAC_36,7,20267984,train,strict_matched_30_60_90_120,strict_pre_protection_only
LOCAC_38,7,20267984,train,strict_matched_30_60_90_120,strict_pre_protection_only
LOCAC_39,7,20267984,train,strict_matched_30_60_90_120,strict_pre_protection_only
LOCAC_4,7,20267984,train,strict_matched_30_60_90_120,strict_pre_protection_only
LOCAC_40,7,20267984,train,strict_matched_30_60_90_120,strict_pre_protection_only
LOCAC_41,7,20267984,train,strict_matched_30_60_90_120,strict_pre_protection_only
LOCAC_43,7,20267984,train,strict_matched_30_60_90_120,strict_pre_protection_only
LOCAC_44,7,20267984,train,strict_matched_30_60_90_120,strict_pre_protection_only
LOCAC_45,7,20267984,train,strict_matched_30_60_90_120,strict_pre_protection_only
LOCAC_46,7,20267984,train,strict_matched_30_60_90_120,strict_pre_protection_only
LOCAC_5,7,20267984,train,strict_matched_30_60_90_120,strict_pre_protection_only
LOCAC_50,7,20267984,train,strict_matched_30_60_90_120,strict_pre_protection_only
LOCAC_51,7,20267984,train,strict_matched_30_60_90_120,strict_pre_protection_only
LOCAC_52,7,20267984,train,strict_matched_30_60_90_120,strict_pre_protection_only
LOCAC_54,7,20267984,train,strict_matched_30_60_90_120,strict_pre_protection_only
LOCAC_56,7,20267984,train,strict_matched_30_60_90_120,strict_pre_protection_only
LOCAC_59,7,20267984,train,strict_matched_30_60_90_120,strict_pre_protection_only
LOCAC_6,7,20267984,train,strict_matched_30_60_90_120,strict_pre_protection_only
LOCAC_60,7,20267984,train,strict_matched_30_60_90_120,strict_pre_protection_only
LOCAC_62,7,20267984,train,strict_matched_30_60_90_120,strict_pre_protection_only
LOCAC_64,7,20267984,train,strict_matched_30_60_90_120,strict_pre_protection_only
LOCAC_65,7,20267984,train,strict_matched_30_60_90_120,strict_pre_protection_only
LOCAC_67,7,20267984,train,strict_matched_30_60_90_120,strict_pre_protection_only
LOCAC_68,7,20267984,train,strict_matched_30_60_90_120,strict_pre_protection_only
LOCAC_69,7,20267984,train,strict_matched_30_60_90_120,strict_pre_protection_only
LOCAC_7,7,20267984,train,strict_matched_30_60_90_120,strict_pre_protection_only
LOCAC_70,7,20267984,train,strict_matched_30_60_90_120,strict_pre_protection_only
LOCAC_74,7,20267984,train,strict_matched_30_60_90_120,strict_pre_protection_only
LOCAC_76,7,20267984,train,strict_matched_30_60_90_120,strict_pre_protection_only
LOCAC_77,7,20267984,train,strict_matched_30_60_90_120,strict_pre_protection_only
LOCAC_8,7,20267984,train,strict_matched_30_60_90_120,strict_pre_protection_only
LOCAC_9,7,20267984,train,strict_matched_30_60_90_120,strict_pre_protection_only
LOCA_1,7,20267984,train,strict_matched_30_60_90_120,strict_pre_protection_only
LOCA_10,7,20267984,train,strict_matched_30_60_90_120,strict_pre_protection_only
LOCA_11,7,20267984,train,strict_matched_30_60_90_120,strict_pre_protection_only
LOCA_13,7,20267984,train,strict_matched_30_60_90_120,strict_pre_protection_only
LOCA_14,7,20267984,train,strict_matched_30_60_90_120,strict_pre_protection_only
LOCA_16,7,20267984,train,strict_matched_30_60_90_120,strict_pre_protection_only
LOCA_17,7,20267984,train,strict_matched_30_60_90_120,strict_pre_protection_only
LOCA_20,7,20267984,train,strict_matched_30_60_90_120,strict_pre_protection_only
LOCA_22,7,20267984,train,strict_matched_30_60_90_120,strict_pre_protection_only
LOCA_23,7,20267984,train,strict_matched_30_60_90_120,strict_pre_protection_only
LOCA_24,7,20267984,train,strict_matched_30_60_90_120,strict_pre_protection_only
LOCA_25,7,20267984,train,strict_matched_30_60_90_120,strict_pre_protection_only
LOCA_27,7,20267984,train,strict_matched_30_60_90_120,strict_pre_protection_only
LOCA_29,7,20267984,train,strict_matched_30_60_90_120,strict_pre_protection_only
LOCA_3,7,20267984,train,strict_matched_30_60_90_120,strict_pre_protection_only
LOCA_30,7,20267984,train,strict_matched_30_60_90_120,strict_pre_protection_only
LOCA_31,7,20267984,train,strict_matched_30_60_90_120,strict_pre_protection_only
LOCA_32,7,20267984,train,strict_matched_30_60_90_120,strict_pre_protection_only
LOCA_33,7,20267984,train,strict_matched_30_60_90_120,strict_pre_protection_only
LOCA_35,7,20267984,train,strict_matched_30_60_90_120,strict_pre_protection_only
LOCA_36,7,20267984,train,strict_matched_30_60_90_120,strict_pre_protection_only
LOCA_38,7,20267984,train,strict_matched_30_60_90_120,strict_pre_protection_only
LOCA_41,7,20267984,train,strict_matched_30_60_90_120,strict_pre_protection_only
LOCA_42,7,20267984,train,strict_matched_30_60_90_120,strict_pre_protection_only
LOCA_46,7,20267984,train,strict_matched_30_60_90_120,strict_pre_protection_only
LOCA_48,7,20267984,train,strict_matched_30_60_90_120,strict_pre_protection_only
LOCA_49,7,20267984,train,strict_matched_30_60_90_120,strict_pre_protection_only
LOCA_51,7,20267984,train,strict_matched_30_60_90_120,strict_pre_protection_only
LOCA_53,7,20267984,train,strict_matched_30_60_90_120,strict_pre_protection_only
LOCA_55,7,20267984,train,strict_matched_30_60_90_120,strict_pre_protection_only
LOCA_57,7,20267984,train,strict_matched_30_60_90_120,strict_pre_protection_only
LOCA_59,7,20267984,train,strict_matched_30_60_90_120,strict_pre_protection_only
LOCA_6,7,20267984,train,strict_matched_30_60_90_120,strict_pre_protection_only
LOCA_61,7,20267984,train,strict_matched_30_60_90_120,strict_pre_protection_only
LOCA_65,7,20267984,train,strict_matched_30_60_90_120,strict_pre_protection_only
LOCA_67,7,20267984,train,strict_matched_30_60_90_120,strict_pre_protection_only
LOCA_68,7,20267984,train,strict_matched_30_60_90_120,strict_pre_protection_only
LOCA_69,7,20267984,train,strict_matched_30_60_90_120,strict_pre_protection_only
LOCA_70,7,20267984,train,strict_matched_30_60_90_120,strict_pre_protection_only
LOCA_71,7,20267984,train,strict_matched_30_60_90_120,strict_pre_protection_only
LOCA_72,7,20267984,train,strict_matched_30_60_90_120,strict_pre_protection_only
LOCA_74,7,20267984,train,strict_matched_30_60_90_120,strict_pre_protection_only
LOCA_75,7,20267984,train,strict_matched_30_60_90_120,strict_pre_protection_only
LOCA_76,7,20267984,train,strict_matched_30_60_90_120,strict_pre_protection_only
LOCA_77,7,20267984,train,strict_matched_30_60_90_120,strict_pre_protection_only
LOCA_8,7,20267984,train,strict_matched_30_60_90_120,strict_pre_protection_only
RI_-10,7,20267984,train,strict_matched_30_60_90_120,strict_pre_protection_only
RI_-11,7,20267984,train,strict_matched_30_60_90_120,strict_pre_protection_only
RI_-12,7,20267984,train,strict_matched_30_60_90_120,strict_pre_protection_only
RI_-13,7,20267984,train,strict_matched_30_60_90_120,strict_pre_protection_only
RI_-17,7,20267984,train,strict_matched_30_60_90_120,strict_pre_protection_only
RI_-18,7,20267984,train,strict_matched_30_60_90_120,strict_pre_protection_only
RI_-2,7,20267984,train,strict_matched_30_60_90_120,strict_pre_protection_only
RI_-21,7,20267984,train,strict_matched_30_60_90_120,strict_pre_protection_only
RI_-22,7,20267984,train,strict_matched_30_60_90_120,strict_pre_protection_only
RI_-23,7,20267984,train,strict_matched_30_60_90_120,strict_pre_protection_only
RI_-3,7,20267984,train,strict_matched_30_60_90_120,strict_pre_protection_only
RI_-31,7,20267984,train,strict_matched_30_60_90_120,strict_pre_protection_only
RI_-32,7,20267984,train,strict_matched_30_60_90_120,strict_pre_protection_only
RI_-33,7,20267984,train,strict_matched_30_60_90_120,strict_pre_protection_only
RI_-35,7,20267984,train,strict_matched_30_60_90_120,strict_pre_protection_only
RI_-4,7,20267984,train,strict_matched_30_60_90_120,strict_pre_protection_only
RI_-6,7,20267984,train,strict_matched_30_60_90_120,strict_pre_protection_only
RW_2,7,20267984,train,strict_matched_30_60_90_120,strict_pre_protection_only
RW_3,7,20267984,train,strict_matched_30_60_90_120,strict_pre_protection_only
SGATR_100,7,20267984,train,strict_matched_30_60_90_120,strict_pre_protection_only
SGATR_57,7,20267984,train,strict_matched_30_60_90_120,strict_pre_protection_only
SGATR_58,7,20267984,train,strict_matched_30_60_90_120,strict_pre_protection_only
SGATR_61,7,20267984,train,strict_matched_30_60_90_120,strict_pre_protection_only
SGATR_62,7,20267984,train,strict_matched_30_60_90_120,strict_pre_protection_only
SGATR_64,7,20267984,train,strict_matched_30_60_90_120,strict_pre_protection_only
SGATR_65,7,20267984,train,strict_matched_30_60_90_120,strict_pre_protection_only
SGATR_66,7,20267984,train,strict_matched_30_60_90_120,strict_pre_protection_only
SGATR_67,7,20267984,train,strict_matched_30_60_90_120,strict_pre_protection_only
SGATR_68,7,20267984,train,strict_matched_30_60_90_120,strict_pre_protection_only
SGATR_69,7,20267984,train,strict_matched_30_60_90_120,strict_pre_protection_only
SGATR_70,7,20267984,train,strict_matched_30_60_90_120,strict_pre_protection_only
SGATR_75,7,20267984,train,strict_matched_30_60_90_120,strict_pre_protection_only
SGATR_77,7,20267984,train,strict_matched_30_60_90_120,strict_pre_protection_only
SGATR_78,7,20267984,train,strict_matched_30_60_90_120,strict_pre_protection_only
SGATR_80,7,20267984,train,strict_matched_30_60_90_120,strict_pre_protection_only
SGATR_82,7,20267984,train,strict_matched_30_60_90_120,strict_pre_protection_only
SGATR_84,7,20267984,train,strict_matched_30_60_90_120,strict_pre_protection_only
SGATR_86,7,20267984,train,strict_matched_30_60_90_120,strict_pre_protection_only
SGATR_87,7,20267984,train,strict_matched_30_60_90_120,strict_pre_protection_only
SGATR_90,7,20267984,train,strict_matched_30_60_90_120,strict_pre_protection_only
SGATR_92,7,20267984,train,strict_matched_30_60_90_120,strict_pre_protection_only
SGATR_93,7,20267984,train,strict_matched_30_60_90_120,strict_pre_protection_only
SGATR_95,7,20267984,train,strict_matched_30_60_90_120,strict_pre_protection_only
SGATR_97,7,20267984,train,strict_matched_30_60_90_120,strict_pre_protection_only
SGATR_99,7,20267984,train,strict_matched_30_60_90_120,strict_pre_protection_only
SGBTR_100,7,20267984,train,strict_matched_30_60_90_120,strict_pre_protection_only
SGBTR_103,7,20267984,train,strict_matched_30_60_90_120,strict_pre_protection_only
SGBTR_108,7,20267984,train,strict_matched_30_60_90_120,strict_pre_protection_only
SGBTR_109,7,20267984,train,strict_matched_30_60_90_120,strict_pre_protection_only
SGBTR_61,7,20267984,train,strict_matched_30_60_90_120,strict_pre_protection_only
SGBTR_62,7,20267984,train,strict_matched_30_60_90_120,strict_pre_protection_only
SGBTR_64,7,20267984,train,strict_matched_30_60_90_120,strict_pre_protection_only
SGBTR_65,7,20267984,train,strict_matched_30_60_90_120,strict_pre_protection_only
SGBTR_66,7,20267984,train,strict_matched_30_60_90_120,strict_pre_protection_only
SGBTR_67,7,20267984,train,strict_matched_30_60_90_120,strict_pre_protection_only
SGBTR_69,7,20267984,train,strict_matched_30_60_90_120,strict_pre_protection_only
SGBTR_70,7,20267984,train,strict_matched_30_60_90_120,strict_pre_protection_only
SGBTR_71,7,20267984,train,strict_matched_30_60_90_120,strict_pre_protection_only
SGBTR_73,7,20267984,train,strict_matched_30_60_90_120,strict_pre_protection_only
SGBTR_74,7,20267984,train,strict_matched_30_60_90_120,strict_pre_protection_only
SGBTR_75,7,20267984,train,strict_matched_30_60_90_120,strict_pre_protection_only
SGBTR_77,7,20267984,train,strict_matched_30_60_90_120,strict_pre_protection_only
SGBTR_78,7,20267984,train,strict_matched_30_60_90_120,strict_pre_protection_only
SGBTR_79,7,20267984,train,strict_matched_30_60_90_120,strict_pre_protection_only
SGBTR_81,7,20267984,train,strict_matched_30_60_90_120,strict_pre_protection_only
SGBTR_82,7,20267984,train,strict_matched_30_60_90_120,strict_pre_protection_only
SGBTR_83,7,20267984,train,strict_matched_30_60_90_120,strict_pre_protection_only
SGBTR_84,7,20267984,train,strict_matched_30_60_90_120,strict_pre_protection_only
SGBTR_85,7,20267984,train,strict_matched_30_60_90_120,strict_pre_protection_only
SGBTR_86,7,20267984,train,strict_matched_30_60_90_120,strict_pre_protection_only
SGBTR_87,7,20267984,train,strict_matched_30_60_90_120,strict_pre_protection_only
SGBTR_89,7,20267984,train,strict_matched_30_60_90_120,strict_pre_protection_only
SGBTR_90,7,20267984,train,strict_matched_30_60_90_120,strict_pre_protection_only
SGBTR_91,7,20267984,train,strict_matched_30_60_90_120,strict_pre_protection_only
SGBTR_95,7,20267984,train,strict_matched_30_60_90_120,strict_pre_protection_only
SGBTR_96,7,20267984,train,strict_matched_30_60_90_120,strict_pre_protection_only
SGBTR_99,7,20267984,train,strict_matched_30_60_90_120,strict_pre_protection_only
SLBIC_101,7,20267984,train,strict_matched_30_60_90_120,strict_pre_protection_only
SLBIC_15,7,20267984,train,strict_matched_30_60_90_120,strict_pre_protection_only
SLBIC_16,7,20267984,train,strict_matched_30_60_90_120,strict_pre_protection_only
SLBIC_17,7,20267984,train,strict_matched_30_60_90_120,strict_pre_protection_only
SLBIC_21,7,20267984,train,strict_matched_30_60_90_120,strict_pre_protection_only
SLBIC_23,7,20267984,train,strict_matched_30_60_90_120,strict_pre_protection_only
SLBIC_24,7,20267984,train,strict_matched_30_60_90_120,strict_pre_protection_only
SLBIC_26,7,20267984,train,strict_matched_30_60_90_120,strict_pre_protection_only
SLBIC_28,7,20267984,train,strict_matched_30_60_90_120,strict_pre_protection_only
SLBIC_29,7,20267984,train,strict_matched_30_60_90_120,strict_pre_protection_only
SLBIC_30,7,20267984,train,strict_matched_30_60_90_120,strict_pre_protection_only
SLBIC_32,7,20267984,train,strict_matched_30_60_90_120,strict_pre_protection_only
SLBIC_33,7,20267984,train,strict_matched_30_60_90_120,strict_pre_protection_only
SLBIC_34,7,20267984,train,strict_matched_30_60_90_120,strict_pre_protection_only
SLBIC_36,7,20267984,train,strict_matched_30_60_90_120,strict_pre_protection_only
SLBIC_37,7,20267984,train,strict_matched_30_60_90_120,strict_pre_protection_only
SLBIC_41,7,20267984,train,strict_matched_30_60_90_120,strict_pre_protection_only
SLBIC_43,7,20267984,train,strict_matched_30_60_90_120,strict_pre_protection_only
SLBIC_44,7,20267984,train,strict_matched_30_60_90_120,strict_pre_protection_only
SLBIC_45,7,20267984,train,strict_matched_30_60_90_120,strict_pre_protection_only
SLBIC_48,7,20267984,train,strict_matched_30_60_90_120,strict_pre_protection_only
SLBIC_51,7,20267984,train,strict_matched_30_60_90_120,strict_pre_protection_only
SLBIC_52,7,20267984,train,strict_matched_30_60_90_120,strict_pre_protection_only
SLBIC_54,7,20267984,train,strict_matched_30_60_90_120,strict_pre_protection_only
SLBIC_57,7,20267984,train,strict_matched_30_60_90_120,strict_pre_protection_only
SLBIC_58,7,20267984,train,strict_matched_30_60_90_120,strict_pre_protection_only
SLBIC_59,7,20267984,train,strict_matched_30_60_90_120,strict_pre_protection_only
SLBIC_60,7,20267984,train,strict_matched_30_60_90_120,strict_pre_protection_only
SLBIC_61,7,20267984,train,strict_matched_30_60_90_120,strict_pre_protection_only
SLBIC_64,7,20267984,train,strict_matched_30_60_90_120,strict_pre_protection_only
SLBIC_66,7,20267984,train,strict_matched_30_60_90_120,strict_pre_protection_only
SLBIC_67,7,20267984,train,strict_matched_30_60_90_120,strict_pre_protection_only
SLBIC_68,7,20267984,train,strict_matched_30_60_90_120,strict_pre_protection_only
SLBIC_71,7,20267984,train,strict_matched_30_60_90_120,strict_pre_protection_only
SLBIC_73,7,20267984,train,strict_matched_30_60_90_120,strict_pre_protection_only
SLBIC_74,7,20267984,train,strict_matched_30_60_90_120,strict_pre_protection_only
SLBIC_75,7,20267984,train,strict_matched_30_60_90_120,strict_pre_protection_only
SLBIC_76,7,20267984,train,strict_matched_30_60_90_120,strict_pre_protection_only
SLBIC_81,7,20267984,train,strict_matched_30_60_90_120,strict_pre_protection_only
SLBIC_82,7,20267984,train,strict_matched_30_60_90_120,strict_pre_protection_only
SLBIC_83,7,20267984,train,strict_matched_30_60_90_120,strict_pre_protection_only
SLBIC_85,7,20267984,train,strict_matched_30_60_90_120,strict_pre_protection_only
SLBIC_86,7,20267984,train,strict_matched_30_60_90_120,strict_pre_protection_only
SLBIC_88,7,20267984,train,strict_matched_30_60_90_120,strict_pre_protection_only
SLBIC_89,7,20267984,train,strict_matched_30_60_90_120,strict_pre_protection_only
SLBIC_90,7,20267984,train,strict_matched_30_60_90_120,strict_pre_protection_only
SLBIC_91,7,20267984,train,strict_matched_30_60_90_120,strict_pre_protection_only
SLBIC_93,7,20267984,train,strict_matched_30_60_90_120,strict_pre_protection_only
SLBIC_95,7,20267984,train,strict_matched_30_60_90_120,strict_pre_protection_only
SLBIC_96,7,20267984,train,strict_matched_30_60_90_120,strict_pre_protection_only
SLBIC_97,7,20267984,train,strict_matched_30_60_90_120,strict_pre_protection_only
SLBIC_98,7,20267984,train,strict_matched_30_60_90_120,strict_pre_protection_only
SLBIC_99,7,20267984,train,strict_matched_30_60_90_120,strict_pre_protection_only
FLB_14,7,20267984,validation,strict_matched_30_60_90_120,strict_pre_protection_only
FLB_17,7,20267984,validation,strict_matched_30_60_90_120,strict_pre_protection_only
FLB_19,7,20267984,validation,strict_matched_30_60_90_120,strict_pre_protection_only
FLB_2,7,20267984,validation,strict_matched_30_60_90_120,strict_pre_protection_only
FLB_26,7,20267984,validation,strict_matched_30_60_90_120,strict_pre_protection_only
FLB_29,7,20267984,validation,strict_matched_30_60_90_120,strict_pre_protection_only
FLB_31,7,20267984,validation,strict_matched_30_60_90_120,strict_pre_protection_only
FLB_32,7,20267984,validation,strict_matched_30_60_90_120,strict_pre_protection_only
FLB_35,7,20267984,validation,strict_matched_30_60_90_120,strict_pre_protection_only
FLB_39,7,20267984,validation,strict_matched_30_60_90_120,strict_pre_protection_only
FLB_46,7,20267984,validation,strict_matched_30_60_90_120,strict_pre_protection_only
FLB_49,7,20267984,validation,strict_matched_30_60_90_120,strict_pre_protection_only
FLB_54,7,20267984,validation,strict_matched_30_60_90_120,strict_pre_protection_only
FLB_63,7,20267984,validation,strict_matched_30_60_90_120,strict_pre_protection_only
FLB_66,7,20267984,validation,strict_matched_30_60_90_120,strict_pre_protection_only
FLB_71,7,20267984,validation,strict_matched_30_60_90_120,strict_pre_protection_only
FLB_73,7,20267984,validation,strict_matched_30_60_90_120,strict_pre_protection_only
FLB_82,7,20267984,validation,strict_matched_30_60_90_120,strict_pre_protection_only
FLB_87,7,20267984,validation,strict_matched_30_60_90_120,strict_pre_protection_only
FLB_99,7,20267984,validation,strict_matched_30_60_90_120,strict_pre_protection_only
LOCAC_11,7,20267984,validation,strict_matched_30_60_90_120,strict_pre_protection_only
LOCAC_13,7,20267984,validation,strict_matched_30_60_90_120,strict_pre_protection_only
LOCAC_14,7,20267984,validation,strict_matched_30_60_90_120,strict_pre_protection_only
LOCAC_18,7,20267984,validation,strict_matched_30_60_90_120,strict_pre_protection_only
LOCAC_20,7,20267984,validation,strict_matched_30_60_90_120,strict_pre_protection_only
LOCAC_27,7,20267984,validation,strict_matched_30_60_90_120,strict_pre_protection_only
LOCAC_28,7,20267984,validation,strict_matched_30_60_90_120,strict_pre_protection_only
LOCAC_32,7,20267984,validation,strict_matched_30_60_90_120,strict_pre_protection_only
LOCAC_35,7,20267984,validation,strict_matched_30_60_90_120,strict_pre_protection_only
LOCAC_37,7,20267984,validation,strict_matched_30_60_90_120,strict_pre_protection_only
LOCAC_48,7,20267984,validation,strict_matched_30_60_90_120,strict_pre_protection_only
LOCAC_55,7,20267984,validation,strict_matched_30_60_90_120,strict_pre_protection_only
LOCAC_58,7,20267984,validation,strict_matched_30_60_90_120,strict_pre_protection_only
LOCAC_61,7,20267984,validation,strict_matched_30_60_90_120,strict_pre_protection_only
LOCAC_63,7,20267984,validation,strict_matched_30_60_90_120,strict_pre_protection_only
LOCAC_72,7,20267984,validation,strict_matched_30_60_90_120,strict_pre_protection_only
LOCA_18,7,20267984,validation,strict_matched_30_60_90_120,strict_pre_protection_only
LOCA_19,7,20267984,validation,strict_matched_30_60_90_120,strict_pre_protection_only
LOCA_21,7,20267984,validation,strict_matched_30_60_90_120,strict_pre_protection_only
LOCA_26,7,20267984,validation,strict_matched_30_60_90_120,strict_pre_protection_only
LOCA_39,7,20267984,validation,strict_matched_30_60_90_120,strict_pre_protection_only
LOCA_4,7,20267984,validation,strict_matched_30_60_90_120,strict_pre_protection_only
LOCA_40,7,20267984,validation,strict_matched_30_60_90_120,strict_pre_protection_only
LOCA_44,7,20267984,validation,strict_matched_30_60_90_120,strict_pre_protection_only
LOCA_45,7,20267984,validation,strict_matched_30_60_90_120,strict_pre_protection_only
LOCA_54,7,20267984,validation,strict_matched_30_60_90_120,strict_pre_protection_only
LOCA_62,7,20267984,validation,strict_matched_30_60_90_120,strict_pre_protection_only
LOCA_63,7,20267984,validation,strict_matched_30_60_90_120,strict_pre_protection_only
LOCA_64,7,20267984,validation,strict_matched_30_60_90_120,strict_pre_protection_only
LOCA_66,7,20267984,validation,strict_matched_30_60_90_120,strict_pre_protection_only
LOCA_9,7,20267984,validation,strict_matched_30_60_90_120,strict_pre_protection_only
RI_-19,7,20267984,validation,strict_matched_30_60_90_120,strict_pre_protection_only
RI_-34,7,20267984,validation,strict_matched_30_60_90_120,strict_pre_protection_only
RI_-5,7,20267984,validation,strict_matched_30_60_90_120,strict_pre_protection_only
RI_-7,7,20267984,validation,strict_matched_30_60_90_120,strict_pre_protection_only
RI_-8,7,20267984,validation,strict_matched_30_60_90_120,strict_pre_protection_only
RW_1,7,20267984,validation,strict_matched_30_60_90_120,strict_pre_protection_only
SGATR_71,7,20267984,validation,strict_matched_30_60_90_120,strict_pre_protection_only
SGATR_76,7,20267984,validation,strict_matched_30_60_90_120,strict_pre_protection_only
SGATR_79,7,20267984,validation,strict_matched_30_60_90_120,strict_pre_protection_only
SGATR_81,7,20267984,validation,strict_matched_30_60_90_120,strict_pre_protection_only
SGATR_83,7,20267984,validation,strict_matched_30_60_90_120,strict_pre_protection_only
SGATR_85,7,20267984,validation,strict_matched_30_60_90_120,strict_pre_protection_only
SGATR_89,7,20267984,validation,strict_matched_30_60_90_120,strict_pre_protection_only
SGATR_94,7,20267984,validation,strict_matched_30_60_90_120,strict_pre_protection_only
SGATR_98,7,20267984,validation,strict_matched_30_60_90_120,strict_pre_protection_only
SGBTR_104,7,20267984,validation,strict_matched_30_60_90_120,strict_pre_protection_only
SGBTR_105,7,20267984,validation,strict_matched_30_60_90_120,strict_pre_protection_only
SGBTR_107,7,20267984,validation,strict_matched_30_60_90_120,strict_pre_protection_only
SGBTR_57,7,20267984,validation,strict_matched_30_60_90_120,strict_pre_protection_only
SGBTR_58,7,20267984,validation,strict_matched_30_60_90_120,strict_pre_protection_only
SGBTR_63,7,20267984,validation,strict_matched_30_60_90_120,strict_pre_protection_only
SGBTR_68,7,20267984,validation,strict_matched_30_60_90_120,strict_pre_protection_only
SGBTR_80,7,20267984,validation,strict_matched_30_60_90_120,strict_pre_protection_only
SGBTR_92,7,20267984,validation,strict_matched_30_60_90_120,strict_pre_protection_only
SGBTR_93,7,20267984,validation,strict_matched_30_60_90_120,strict_pre_protection_only
SGBTR_94,7,20267984,validation,strict_matched_30_60_90_120,strict_pre_protection_only
SLBIC_18,7,20267984,validation,strict_matched_30_60_90_120,strict_pre_protection_only
SLBIC_20,7,20267984,validation,strict_matched_30_60_90_120,strict_pre_protection_only
SLBIC_35,7,20267984,validation,strict_matched_30_60_90_120,strict_pre_protection_only
SLBIC_39,7,20267984,validation,strict_matched_30_60_90_120,strict_pre_protection_only
SLBIC_42,7,20267984,validation,strict_matched_30_60_90_120,strict_pre_protection_only
SLBIC_46,7,20267984,validation,strict_matched_30_60_90_120,strict_pre_protection_only
SLBIC_49,7,20267984,validation,strict_matched_30_60_90_120,strict_pre_protection_only
SLBIC_50,7,20267984,validation,strict_matched_30_60_90_120,strict_pre_protection_only
SLBIC_56,7,20267984,validation,strict_matched_30_60_90_120,strict_pre_protection_only
SLBIC_69,7,20267984,validation,strict_matched_30_60_90_120,strict_pre_protection_only
SLBIC_70,7,20267984,validation,strict_matched_30_60_90_120,strict_pre_protection_only
SLBIC_72,7,20267984,validation,strict_matched_30_60_90_120,strict_pre_protection_only
SLBIC_77,7,20267984,validation,strict_matched_30_60_90_120,strict_pre_protection_only
SLBIC_78,7,20267984,validation,strict_matched_30_60_90_120,strict_pre_protection_only
SLBIC_79,7,20267984,validation,strict_matched_30_60_90_120,strict_pre_protection_only
SLBIC_80,7,20267984,validation,strict_matched_30_60_90_120,strict_pre_protection_only
SLBIC_94,7,20267984,validation,strict_matched_30_60_90_120,strict_pre_protection_only
FLB_100,7,20267984,test,strict_matched_30_60_90_120,strict_pre_protection_only
FLB_12,7,20267984,test,strict_matched_30_60_90_120,strict_pre_protection_only
FLB_20,7,20267984,test,strict_matched_30_60_90_120,strict_pre_protection_only
FLB_22,7,20267984,test,strict_matched_30_60_90_120,strict_pre_protection_only
FLB_24,7,20267984,test,strict_matched_30_60_90_120,strict_pre_protection_only
FLB_25,7,20267984,test,strict_matched_30_60_90_120,strict_pre_protection_only
FLB_36,7,20267984,test,strict_matched_30_60_90_120,strict_pre_protection_only
FLB_38,7,20267984,test,strict_matched_30_60_90_120,strict_pre_protection_only
FLB_4,7,20267984,test,strict_matched_30_60_90_120,strict_pre_protection_only
FLB_43,7,20267984,test,strict_matched_30_60_90_120,strict_pre_protection_only
FLB_53,7,20267984,test,strict_matched_30_60_90_120,strict_pre_protection_only
FLB_55,7,20267984,test,strict_matched_30_60_90_120,strict_pre_protection_only
FLB_59,7,20267984,test,strict_matched_30_60_90_120,strict_pre_protection_only
FLB_61,7,20267984,test,strict_matched_30_60_90_120,strict_pre_protection_only
FLB_67,7,20267984,test,strict_matched_30_60_90_120,strict_pre_protection_only
FLB_75,7,20267984,test,strict_matched_30_60_90_120,strict_pre_protection_only
FLB_80,7,20267984,test,strict_matched_30_60_90_120,strict_pre_protection_only
FLB_85,7,20267984,test,strict_matched_30_60_90_120,strict_pre_protection_only
FLB_92,7,20267984,test,strict_matched_30_60_90_120,strict_pre_protection_only
FLB_98,7,20267984,test,strict_matched_30_60_90_120,strict_pre_protection_only
LOCAC_16,7,20267984,test,strict_matched_30_60_90_120,strict_pre_protection_only
LOCAC_17,7,20267984,test,strict_matched_30_60_90_120,strict_pre_protection_only
LOCAC_24,7,20267984,test,strict_matched_30_60_90_120,strict_pre_protection_only
LOCAC_29,7,20267984,test,strict_matched_30_60_90_120,strict_pre_protection_only
LOCAC_34,7,20267984,test,strict_matched_30_60_90_120,strict_pre_protection_only
LOCAC_42,7,20267984,test,strict_matched_30_60_90_120,strict_pre_protection_only
LOCAC_47,7,20267984,test,strict_matched_30_60_90_120,strict_pre_protection_only
LOCAC_49,7,20267984,test,strict_matched_30_60_90_120,strict_pre_protection_only
LOCAC_53,7,20267984,test,strict_matched_30_60_90_120,strict_pre_protection_only
LOCAC_57,7,20267984,test,strict_matched_30_60_90_120,strict_pre_protection_only
LOCAC_66,7,20267984,test,strict_matched_30_60_90_120,strict_pre_protection_only
LOCAC_71,7,20267984,test,strict_matched_30_60_90_120,strict_pre_protection_only
LOCAC_73,7,20267984,test,strict_matched_30_60_90_120,strict_pre_protection_only
LOCAC_75,7,20267984,test,strict_matched_30_60_90_120,strict_pre_protection_only
LOCAC_78,7,20267984,test,strict_matched_30_60_90_120,strict_pre_protection_only
LOCAC_79,7,20267984,test,strict_matched_30_60_90_120,strict_pre_protection_only
LOCA_12,7,20267984,test,strict_matched_30_60_90_120,strict_pre_protection_only
LOCA_15,7,20267984,test,strict_matched_30_60_90_120,strict_pre_protection_only
LOCA_2,7,20267984,test,strict_matched_30_60_90_120,strict_pre_protection_only
LOCA_28,7,20267984,test,strict_matched_30_60_90_120,strict_pre_protection_only
LOCA_34,7,20267984,test,strict_matched_30_60_90_120,strict_pre_protection_only
LOCA_37,7,20267984,test,strict_matched_30_60_90_120,strict_pre_protection_only
LOCA_47,7,20267984,test,strict_matched_30_60_90_120,strict_pre_protection_only
LOCA_5,7,20267984,test,strict_matched_30_60_90_120,strict_pre_protection_only
LOCA_50,7,20267984,test,strict_matched_30_60_90_120,strict_pre_protection_only
LOCA_52,7,20267984,test,strict_matched_30_60_90_120,strict_pre_protection_only
LOCA_56,7,20267984,test,strict_matched_30_60_90_120,strict_pre_protection_only
LOCA_58,7,20267984,test,strict_matched_30_60_90_120,strict_pre_protection_only
LOCA_60,7,20267984,test,strict_matched_30_60_90_120,strict_pre_protection_only
LOCA_7,7,20267984,test,strict_matched_30_60_90_120,strict_pre_protection_only
LOCA_73,7,20267984,test,strict_matched_30_60_90_120,strict_pre_protection_only
RI_-1,7,20267984,test,strict_matched_30_60_90_120,strict_pre_protection_only
RI_-14,7,20267984,test,strict_matched_30_60_90_120,strict_pre_protection_only
RI_-15,7,20267984,test,strict_matched_30_60_90_120,strict_pre_protection_only
RI_-16,7,20267984,test,strict_matched_30_60_90_120,strict_pre_protection_only
RI_-20,7,20267984,test,strict_matched_30_60_90_120,strict_pre_protection_only
RI_-9,7,20267984,test,strict_matched_30_60_90_120,strict_pre_protection_only
SGATR_59,7,20267984,test,strict_matched_30_60_90_120,strict_pre_protection_only
SGATR_60,7,20267984,test,strict_matched_30_60_90_120,strict_pre_protection_only
SGATR_63,7,20267984,test,strict_matched_30_60_90_120,strict_pre_protection_only
SGATR_72,7,20267984,test,strict_matched_30_60_90_120,strict_pre_protection_only
SGATR_73,7,20267984,test,strict_matched_30_60_90_120,strict_pre_protection_only
SGATR_74,7,20267984,test,strict_matched_30_60_90_120,strict_pre_protection_only
SGATR_88,7,20267984,test,strict_matched_30_60_90_120,strict_pre_protection_only
SGATR_91,7,20267984,test,strict_matched_30_60_90_120,strict_pre_protection_only
SGATR_96,7,20267984,test,strict_matched_30_60_90_120,strict_pre_protection_only
SGBTR_101,7,20267984,test,strict_matched_30_60_90_120,strict_pre_protection_only
SGBTR_102,7,20267984,test,strict_matched_30_60_90_120,strict_pre_protection_only
SGBTR_106,7,20267984,test,strict_matched_30_60_90_120,strict_pre_protection_only
SGBTR_110,7,20267984,test,strict_matched_30_60_90_120,strict_pre_protection_only
SGBTR_59,7,20267984,test,strict_matched_30_60_90_120,strict_pre_protection_only
SGBTR_60,7,20267984,test,strict_matched_30_60_90_120,strict_pre_protection_only
SGBTR_72,7,20267984,test,strict_matched_30_60_90_120,strict_pre_protection_only
SGBTR_76,7,20267984,test,strict_matched_30_60_90_120,strict_pre_protection_only
SGBTR_88,7,20267984,test,strict_matched_30_60_90_120,strict_pre_protection_only
SGBTR_97,7,20267984,test,strict_matched_30_60_90_120,strict_pre_protection_only
SGBTR_98,7,20267984,test,strict_matched_30_60_90_120,strict_pre_protection_only
SLBIC_100,7,20267984,test,strict_matched_30_60_90_120,strict_pre_protection_only
SLBIC_14,7,20267984,test,strict_matched_30_60_90_120,strict_pre_protection_only
SLBIC_19,7,20267984,test,strict_matched_30_60_90_120,strict_pre_protection_only
SLBIC_22,7,20267984,test,strict_matched_30_60_90_120,strict_pre_protection_only
SLBIC_25,7,20267984,test,strict_matched_30_60_90_120,strict_pre_protection_only
SLBIC_27,7,20267984,test,strict_matched_30_60_90_120,strict_pre_protection_only
SLBIC_31,7,20267984,test,strict_matched_30_60_90_120,strict_pre_protection_only
SLBIC_38,7,20267984,test,strict_matched_30_60_90_120,strict_pre_protection_only
SLBIC_40,7,20267984,test,strict_matched_30_60_90_120,strict_pre_protection_only
SLBIC_47,7,20267984,test,strict_matched_30_60_90_120,strict_pre_protection_only
SLBIC_53,7,20267984,test,strict_matched_30_60_90_120,strict_pre_protection_only
SLBIC_55,7,20267984,test,strict_matched_30_60_90_120,strict_pre_protection_only
SLBIC_62,7,20267984,test,strict_matched_30_60_90_120,strict_pre_protection_only
SLBIC_63,7,20267984,test,strict_matched_30_60_90_120,strict_pre_protection_only
SLBIC_65,7,20267984,test,strict_matched_30_60_90_120,strict_pre_protection_only
SLBIC_84,7,20267984,test,strict_matched_30_60_90_120,strict_pre_protection_only
SLBIC_87,7,20267984,test,strict_matched_30_60_90_120,strict_pre_protection_only
SLBIC_92,7,20267984,test,strict_matched_30_60_90_120,strict_pre_protection_only
FLB_100,8,20268993,train,strict_matched_30_60_90_120,strict_pre_protection_only
FLB_15,8,20268993,train,strict_matched_30_60_90_120,strict_pre_protection_only
FLB_19,8,20268993,train,strict_matched_30_60_90_120,strict_pre_protection_only
FLB_2,8,20268993,train,strict_matched_30_60_90_120,strict_pre_protection_only
FLB_21,8,20268993,train,strict_matched_30_60_90_120,strict_pre_protection_only
FLB_23,8,20268993,train,strict_matched_30_60_90_120,strict_pre_protection_only
FLB_24,8,20268993,train,strict_matched_30_60_90_120,strict_pre_protection_only
FLB_26,8,20268993,train,strict_matched_30_60_90_120,strict_pre_protection_only
FLB_29,8,20268993,train,strict_matched_30_60_90_120,strict_pre_protection_only
FLB_3,8,20268993,train,strict_matched_30_60_90_120,strict_pre_protection_only
FLB_30,8,20268993,train,strict_matched_30_60_90_120,strict_pre_protection_only
FLB_33,8,20268993,train,strict_matched_30_60_90_120,strict_pre_protection_only
FLB_34,8,20268993,train,strict_matched_30_60_90_120,strict_pre_protection_only
FLB_36,8,20268993,train,strict_matched_30_60_90_120,strict_pre_protection_only
FLB_37,8,20268993,train,strict_matched_30_60_90_120,strict_pre_protection_only
FLB_39,8,20268993,train,strict_matched_30_60_90_120,strict_pre_protection_only
FLB_4,8,20268993,train,strict_matched_30_60_90_120,strict_pre_protection_only
FLB_40,8,20268993,train,strict_matched_30_60_90_120,strict_pre_protection_only
FLB_41,8,20268993,train,strict_matched_30_60_90_120,strict_pre_protection_only
FLB_44,8,20268993,train,strict_matched_30_60_90_120,strict_pre_protection_only
FLB_45,8,20268993,train,strict_matched_30_60_90_120,strict_pre_protection_only
FLB_46,8,20268993,train,strict_matched_30_60_90_120,strict_pre_protection_only
FLB_49,8,20268993,train,strict_matched_30_60_90_120,strict_pre_protection_only
FLB_5,8,20268993,train,strict_matched_30_60_90_120,strict_pre_protection_only
FLB_50,8,20268993,train,strict_matched_30_60_90_120,strict_pre_protection_only
FLB_52,8,20268993,train,strict_matched_30_60_90_120,strict_pre_protection_only
FLB_53,8,20268993,train,strict_matched_30_60_90_120,strict_pre_protection_only
FLB_54,8,20268993,train,strict_matched_30_60_90_120,strict_pre_protection_only
FLB_55,8,20268993,train,strict_matched_30_60_90_120,strict_pre_protection_only
FLB_56,8,20268993,train,strict_matched_30_60_90_120,strict_pre_protection_only
FLB_57,8,20268993,train,strict_matched_30_60_90_120,strict_pre_protection_only
FLB_58,8,20268993,train,strict_matched_30_60_90_120,strict_pre_protection_only
FLB_59,8,20268993,train,strict_matched_30_60_90_120,strict_pre_protection_only
FLB_6,8,20268993,train,strict_matched_30_60_90_120,strict_pre_protection_only
FLB_60,8,20268993,train,strict_matched_30_60_90_120,strict_pre_protection_only
FLB_61,8,20268993,train,strict_matched_30_60_90_120,strict_pre_protection_only
FLB_62,8,20268993,train,strict_matched_30_60_90_120,strict_pre_protection_only
FLB_63,8,20268993,train,strict_matched_30_60_90_120,strict_pre_protection_only
FLB_65,8,20268993,train,strict_matched_30_60_90_120,strict_pre_protection_only
FLB_69,8,20268993,train,strict_matched_30_60_90_120,strict_pre_protection_only
FLB_70,8,20268993,train,strict_matched_30_60_90_120,strict_pre_protection_only
FLB_71,8,20268993,train,strict_matched_30_60_90_120,strict_pre_protection_only
FLB_73,8,20268993,train,strict_matched_30_60_90_120,strict_pre_protection_only
FLB_74,8,20268993,train,strict_matched_30_60_90_120,strict_pre_protection_only
FLB_75,8,20268993,train,strict_matched_30_60_90_120,strict_pre_protection_only
FLB_79,8,20268993,train,strict_matched_30_60_90_120,strict_pre_protection_only
FLB_8,8,20268993,train,strict_matched_30_60_90_120,strict_pre_protection_only
FLB_80,8,20268993,train,strict_matched_30_60_90_120,strict_pre_protection_only
FLB_82,8,20268993,train,strict_matched_30_60_90_120,strict_pre_protection_only
FLB_84,8,20268993,train,strict_matched_30_60_90_120,strict_pre_protection_only
FLB_87,8,20268993,train,strict_matched_30_60_90_120,strict_pre_protection_only
FLB_88,8,20268993,train,strict_matched_30_60_90_120,strict_pre_protection_only
FLB_90,8,20268993,train,strict_matched_30_60_90_120,strict_pre_protection_only
FLB_92,8,20268993,train,strict_matched_30_60_90_120,strict_pre_protection_only
FLB_94,8,20268993,train,strict_matched_30_60_90_120,strict_pre_protection_only
FLB_96,8,20268993,train,strict_matched_30_60_90_120,strict_pre_protection_only
FLB_97,8,20268993,train,strict_matched_30_60_90_120,strict_pre_protection_only
FLB_98,8,20268993,train,strict_matched_30_60_90_120,strict_pre_protection_only
FLB_99,8,20268993,train,strict_matched_30_60_90_120,strict_pre_protection_only
LOCAC_10,8,20268993,train,strict_matched_30_60_90_120,strict_pre_protection_only
LOCAC_12,8,20268993,train,strict_matched_30_60_90_120,strict_pre_protection_only
LOCAC_13,8,20268993,train,strict_matched_30_60_90_120,strict_pre_protection_only
LOCAC_14,8,20268993,train,strict_matched_30_60_90_120,strict_pre_protection_only
LOCAC_15,8,20268993,train,strict_matched_30_60_90_120,strict_pre_protection_only
LOCAC_16,8,20268993,train,strict_matched_30_60_90_120,strict_pre_protection_only
LOCAC_17,8,20268993,train,strict_matched_30_60_90_120,strict_pre_protection_only
LOCAC_18,8,20268993,train,strict_matched_30_60_90_120,strict_pre_protection_only
LOCAC_19,8,20268993,train,strict_matched_30_60_90_120,strict_pre_protection_only
LOCAC_20,8,20268993,train,strict_matched_30_60_90_120,strict_pre_protection_only
LOCAC_21,8,20268993,train,strict_matched_30_60_90_120,strict_pre_protection_only
LOCAC_22,8,20268993,train,strict_matched_30_60_90_120,strict_pre_protection_only
LOCAC_23,8,20268993,train,strict_matched_30_60_90_120,strict_pre_protection_only
LOCAC_26,8,20268993,train,strict_matched_30_60_90_120,strict_pre_protection_only
LOCAC_27,8,20268993,train,strict_matched_30_60_90_120,strict_pre_protection_only
LOCAC_28,8,20268993,train,strict_matched_30_60_90_120,strict_pre_protection_only
LOCAC_31,8,20268993,train,strict_matched_30_60_90_120,strict_pre_protection_only
LOCAC_32,8,20268993,train,strict_matched_30_60_90_120,strict_pre_protection_only
LOCAC_36,8,20268993,train,strict_matched_30_60_90_120,strict_pre_protection_only
LOCAC_37,8,20268993,train,strict_matched_30_60_90_120,strict_pre_protection_only
LOCAC_38,8,20268993,train,strict_matched_30_60_90_120,strict_pre_protection_only
LOCAC_39,8,20268993,train,strict_matched_30_60_90_120,strict_pre_protection_only
LOCAC_40,8,20268993,train,strict_matched_30_60_90_120,strict_pre_protection_only
LOCAC_42,8,20268993,train,strict_matched_30_60_90_120,strict_pre_protection_only
LOCAC_43,8,20268993,train,strict_matched_30_60_90_120,strict_pre_protection_only
LOCAC_44,8,20268993,train,strict_matched_30_60_90_120,strict_pre_protection_only
LOCAC_45,8,20268993,train,strict_matched_30_60_90_120,strict_pre_protection_only
LOCAC_47,8,20268993,train,strict_matched_30_60_90_120,strict_pre_protection_only
LOCAC_48,8,20268993,train,strict_matched_30_60_90_120,strict_pre_protection_only
LOCAC_50,8,20268993,train,strict_matched_30_60_90_120,strict_pre_protection_only
LOCAC_51,8,20268993,train,strict_matched_30_60_90_120,strict_pre_protection_only
LOCAC_53,8,20268993,train,strict_matched_30_60_90_120,strict_pre_protection_only
LOCAC_55,8,20268993,train,strict_matched_30_60_90_120,strict_pre_protection_only
LOCAC_57,8,20268993,train,strict_matched_30_60_90_120,strict_pre_protection_only
LOCAC_6,8,20268993,train,strict_matched_30_60_90_120,strict_pre_protection_only
LOCAC_60,8,20268993,train,strict_matched_30_60_90_120,strict_pre_protection_only
LOCAC_62,8,20268993,train,strict_matched_30_60_90_120,strict_pre_protection_only
LOCAC_63,8,20268993,train,strict_matched_30_60_90_120,strict_pre_protection_only
LOCAC_65,8,20268993,train,strict_matched_30_60_90_120,strict_pre_protection_only
LOCAC_67,8,20268993,train,strict_matched_30_60_90_120,strict_pre_protection_only
LOCAC_69,8,20268993,train,strict_matched_30_60_90_120,strict_pre_protection_only
LOCAC_7,8,20268993,train,strict_matched_30_60_90_120,strict_pre_protection_only
LOCAC_72,8,20268993,train,strict_matched_30_60_90_120,strict_pre_protection_only
LOCAC_73,8,20268993,train,strict_matched_30_60_90_120,strict_pre_protection_only
LOCAC_75,8,20268993,train,strict_matched_30_60_90_120,strict_pre_protection_only
LOCAC_78,8,20268993,train,strict_matched_30_60_90_120,strict_pre_protection_only
LOCAC_9,8,20268993,train,strict_matched_30_60_90_120,strict_pre_protection_only
LOCA_1,8,20268993,train,strict_matched_30_60_90_120,strict_pre_protection_only
LOCA_11,8,20268993,train,strict_matched_30_60_90_120,strict_pre_protection_only
LOCA_13,8,20268993,train,strict_matched_30_60_90_120,strict_pre_protection_only
LOCA_14,8,20268993,train,strict_matched_30_60_90_120,strict_pre_protection_only
LOCA_15,8,20268993,train,strict_matched_30_60_90_120,strict_pre_protection_only
LOCA_16,8,20268993,train,strict_matched_30_60_90_120,strict_pre_protection_only
LOCA_17,8,20268993,train,strict_matched_30_60_90_120,strict_pre_protection_only
LOCA_18,8,20268993,train,strict_matched_30_60_90_120,strict_pre_protection_only
LOCA_19,8,20268993,train,strict_matched_30_60_90_120,strict_pre_protection_only
LOCA_2,8,20268993,train,strict_matched_30_60_90_120,strict_pre_protection_only
LOCA_20,8,20268993,train,strict_matched_30_60_90_120,strict_pre_protection_only
LOCA_21,8,20268993,train,strict_matched_30_60_90_120,strict_pre_protection_only
LOCA_22,8,20268993,train,strict_matched_30_60_90_120,strict_pre_protection_only
LOCA_24,8,20268993,train,strict_matched_30_60_90_120,strict_pre_protection_only
LOCA_27,8,20268993,train,strict_matched_30_60_90_120,strict_pre_protection_only
LOCA_28,8,20268993,train,strict_matched_30_60_90_120,strict_pre_protection_only
LOCA_29,8,20268993,train,strict_matched_30_60_90_120,strict_pre_protection_only
LOCA_30,8,20268993,train,strict_matched_30_60_90_120,strict_pre_protection_only
LOCA_31,8,20268993,train,strict_matched_30_60_90_120,strict_pre_protection_only
LOCA_33,8,20268993,train,strict_matched_30_60_90_120,strict_pre_protection_only
LOCA_34,8,20268993,train,strict_matched_30_60_90_120,strict_pre_protection_only
LOCA_35,8,20268993,train,strict_matched_30_60_90_120,strict_pre_protection_only
LOCA_38,8,20268993,train,strict_matched_30_60_90_120,strict_pre_protection_only
LOCA_40,8,20268993,train,strict_matched_30_60_90_120,strict_pre_protection_only
LOCA_42,8,20268993,train,strict_matched_30_60_90_120,strict_pre_protection_only
LOCA_44,8,20268993,train,strict_matched_30_60_90_120,strict_pre_protection_only
LOCA_45,8,20268993,train,strict_matched_30_60_90_120,strict_pre_protection_only
LOCA_48,8,20268993,train,strict_matched_30_60_90_120,strict_pre_protection_only
LOCA_50,8,20268993,train,strict_matched_30_60_90_120,strict_pre_protection_only
LOCA_51,8,20268993,train,strict_matched_30_60_90_120,strict_pre_protection_only
LOCA_53,8,20268993,train,strict_matched_30_60_90_120,strict_pre_protection_only
LOCA_57,8,20268993,train,strict_matched_30_60_90_120,strict_pre_protection_only
LOCA_59,8,20268993,train,strict_matched_30_60_90_120,strict_pre_protection_only
LOCA_6,8,20268993,train,strict_matched_30_60_90_120,strict_pre_protection_only
LOCA_62,8,20268993,train,strict_matched_30_60_90_120,strict_pre_protection_only
LOCA_63,8,20268993,train,strict_matched_30_60_90_120,strict_pre_protection_only
LOCA_65,8,20268993,train,strict_matched_30_60_90_120,strict_pre_protection_only
LOCA_67,8,20268993,train,strict_matched_30_60_90_120,strict_pre_protection_only
LOCA_69,8,20268993,train,strict_matched_30_60_90_120,strict_pre_protection_only
LOCA_70,8,20268993,train,strict_matched_30_60_90_120,strict_pre_protection_only
LOCA_71,8,20268993,train,strict_matched_30_60_90_120,strict_pre_protection_only
LOCA_72,8,20268993,train,strict_matched_30_60_90_120,strict_pre_protection_only
LOCA_73,8,20268993,train,strict_matched_30_60_90_120,strict_pre_protection_only
LOCA_76,8,20268993,train,strict_matched_30_60_90_120,strict_pre_protection_only
LOCA_8,8,20268993,train,strict_matched_30_60_90_120,strict_pre_protection_only
LOCA_9,8,20268993,train,strict_matched_30_60_90_120,strict_pre_protection_only
RI_-12,8,20268993,train,strict_matched_30_60_90_120,strict_pre_protection_only
RI_-14,8,20268993,train,strict_matched_30_60_90_120,strict_pre_protection_only
RI_-15,8,20268993,train,strict_matched_30_60_90_120,strict_pre_protection_only
RI_-16,8,20268993,train,strict_matched_30_60_90_120,strict_pre_protection_only
RI_-18,8,20268993,train,strict_matched_30_60_90_120,strict_pre_protection_only
RI_-19,8,20268993,train,strict_matched_30_60_90_120,strict_pre_protection_only
RI_-2,8,20268993,train,strict_matched_30_60_90_120,strict_pre_protection_only
RI_-20,8,20268993,train,strict_matched_30_60_90_120,strict_pre_protection_only
RI_-21,8,20268993,train,strict_matched_30_60_90_120,strict_pre_protection_only
RI_-22,8,20268993,train,strict_matched_30_60_90_120,strict_pre_protection_only
RI_-23,8,20268993,train,strict_matched_30_60_90_120,strict_pre_protection_only
RI_-3,8,20268993,train,strict_matched_30_60_90_120,strict_pre_protection_only
RI_-32,8,20268993,train,strict_matched_30_60_90_120,strict_pre_protection_only
RI_-33,8,20268993,train,strict_matched_30_60_90_120,strict_pre_protection_only
RI_-4,8,20268993,train,strict_matched_30_60_90_120,strict_pre_protection_only
RI_-7,8,20268993,train,strict_matched_30_60_90_120,strict_pre_protection_only
RI_-8,8,20268993,train,strict_matched_30_60_90_120,strict_pre_protection_only
RW_2,8,20268993,train,strict_matched_30_60_90_120,strict_pre_protection_only
RW_3,8,20268993,train,strict_matched_30_60_90_120,strict_pre_protection_only
SGATR_100,8,20268993,train,strict_matched_30_60_90_120,strict_pre_protection_only
SGATR_57,8,20268993,train,strict_matched_30_60_90_120,strict_pre_protection_only
SGATR_59,8,20268993,train,strict_matched_30_60_90_120,strict_pre_protection_only
SGATR_63,8,20268993,train,strict_matched_30_60_90_120,strict_pre_protection_only
SGATR_64,8,20268993,train,strict_matched_30_60_90_120,strict_pre_protection_only
SGATR_66,8,20268993,train,strict_matched_30_60_90_120,strict_pre_protection_only
SGATR_67,8,20268993,train,strict_matched_30_60_90_120,strict_pre_protection_only
SGATR_68,8,20268993,train,strict_matched_30_60_90_120,strict_pre_protection_only
SGATR_69,8,20268993,train,strict_matched_30_60_90_120,strict_pre_protection_only
SGATR_70,8,20268993,train,strict_matched_30_60_90_120,strict_pre_protection_only
SGATR_72,8,20268993,train,strict_matched_30_60_90_120,strict_pre_protection_only
SGATR_74,8,20268993,train,strict_matched_30_60_90_120,strict_pre_protection_only
SGATR_76,8,20268993,train,strict_matched_30_60_90_120,strict_pre_protection_only
SGATR_78,8,20268993,train,strict_matched_30_60_90_120,strict_pre_protection_only
SGATR_80,8,20268993,train,strict_matched_30_60_90_120,strict_pre_protection_only
SGATR_81,8,20268993,train,strict_matched_30_60_90_120,strict_pre_protection_only
SGATR_83,8,20268993,train,strict_matched_30_60_90_120,strict_pre_protection_only
SGATR_88,8,20268993,train,strict_matched_30_60_90_120,strict_pre_protection_only
SGATR_89,8,20268993,train,strict_matched_30_60_90_120,strict_pre_protection_only
SGATR_91,8,20268993,train,strict_matched_30_60_90_120,strict_pre_protection_only
SGATR_92,8,20268993,train,strict_matched_30_60_90_120,strict_pre_protection_only
SGATR_93,8,20268993,train,strict_matched_30_60_90_120,strict_pre_protection_only
SGATR_94,8,20268993,train,strict_matched_30_60_90_120,strict_pre_protection_only
SGATR_95,8,20268993,train,strict_matched_30_60_90_120,strict_pre_protection_only
SGATR_96,8,20268993,train,strict_matched_30_60_90_120,strict_pre_protection_only
SGATR_97,8,20268993,train,strict_matched_30_60_90_120,strict_pre_protection_only
SGBTR_102,8,20268993,train,strict_matched_30_60_90_120,strict_pre_protection_only
SGBTR_103,8,20268993,train,strict_matched_30_60_90_120,strict_pre_protection_only
SGBTR_104,8,20268993,train,strict_matched_30_60_90_120,strict_pre_protection_only
SGBTR_105,8,20268993,train,strict_matched_30_60_90_120,strict_pre_protection_only
SGBTR_108,8,20268993,train,strict_matched_30_60_90_120,strict_pre_protection_only
SGBTR_57,8,20268993,train,strict_matched_30_60_90_120,strict_pre_protection_only
SGBTR_58,8,20268993,train,strict_matched_30_60_90_120,strict_pre_protection_only
SGBTR_59,8,20268993,train,strict_matched_30_60_90_120,strict_pre_protection_only
SGBTR_60,8,20268993,train,strict_matched_30_60_90_120,strict_pre_protection_only
SGBTR_61,8,20268993,train,strict_matched_30_60_90_120,strict_pre_protection_only
SGBTR_63,8,20268993,train,strict_matched_30_60_90_120,strict_pre_protection_only
SGBTR_64,8,20268993,train,strict_matched_30_60_90_120,strict_pre_protection_only
SGBTR_66,8,20268993,train,strict_matched_30_60_90_120,strict_pre_protection_only
SGBTR_67,8,20268993,train,strict_matched_30_60_90_120,strict_pre_protection_only
SGBTR_68,8,20268993,train,strict_matched_30_60_90_120,strict_pre_protection_only
SGBTR_69,8,20268993,train,strict_matched_30_60_90_120,strict_pre_protection_only
SGBTR_71,8,20268993,train,strict_matched_30_60_90_120,strict_pre_protection_only
SGBTR_72,8,20268993,train,strict_matched_30_60_90_120,strict_pre_protection_only
SGBTR_74,8,20268993,train,strict_matched_30_60_90_120,strict_pre_protection_only
SGBTR_75,8,20268993,train,strict_matched_30_60_90_120,strict_pre_protection_only
SGBTR_77,8,20268993,train,strict_matched_30_60_90_120,strict_pre_protection_only
SGBTR_78,8,20268993,train,strict_matched_30_60_90_120,strict_pre_protection_only
SGBTR_84,8,20268993,train,strict_matched_30_60_90_120,strict_pre_protection_only
SGBTR_86,8,20268993,train,strict_matched_30_60_90_120,strict_pre_protection_only
SGBTR_88,8,20268993,train,strict_matched_30_60_90_120,strict_pre_protection_only
SGBTR_89,8,20268993,train,strict_matched_30_60_90_120,strict_pre_protection_only
SGBTR_90,8,20268993,train,strict_matched_30_60_90_120,strict_pre_protection_only
SGBTR_92,8,20268993,train,strict_matched_30_60_90_120,strict_pre_protection_only
SGBTR_93,8,20268993,train,strict_matched_30_60_90_120,strict_pre_protection_only
SGBTR_96,8,20268993,train,strict_matched_30_60_90_120,strict_pre_protection_only
SGBTR_97,8,20268993,train,strict_matched_30_60_90_120,strict_pre_protection_only
SGBTR_99,8,20268993,train,strict_matched_30_60_90_120,strict_pre_protection_only
SLBIC_100,8,20268993,train,strict_matched_30_60_90_120,strict_pre_protection_only
SLBIC_101,8,20268993,train,strict_matched_30_60_90_120,strict_pre_protection_only
SLBIC_14,8,20268993,train,strict_matched_30_60_90_120,strict_pre_protection_only
SLBIC_15,8,20268993,train,strict_matched_30_60_90_120,strict_pre_protection_only
SLBIC_17,8,20268993,train,strict_matched_30_60_90_120,strict_pre_protection_only
SLBIC_18,8,20268993,train,strict_matched_30_60_90_120,strict_pre_protection_only
SLBIC_20,8,20268993,train,strict_matched_30_60_90_120,strict_pre_protection_only
SLBIC_22,8,20268993,train,strict_matched_30_60_90_120,strict_pre_protection_only
SLBIC_23,8,20268993,train,strict_matched_30_60_90_120,strict_pre_protection_only
SLBIC_24,8,20268993,train,strict_matched_30_60_90_120,strict_pre_protection_only
SLBIC_27,8,20268993,train,strict_matched_30_60_90_120,strict_pre_protection_only
SLBIC_30,8,20268993,train,strict_matched_30_60_90_120,strict_pre_protection_only
SLBIC_32,8,20268993,train,strict_matched_30_60_90_120,strict_pre_protection_only
SLBIC_33,8,20268993,train,strict_matched_30_60_90_120,strict_pre_protection_only
SLBIC_34,8,20268993,train,strict_matched_30_60_90_120,strict_pre_protection_only
SLBIC_36,8,20268993,train,strict_matched_30_60_90_120,strict_pre_protection_only
SLBIC_37,8,20268993,train,strict_matched_30_60_90_120,strict_pre_protection_only
SLBIC_38,8,20268993,train,strict_matched_30_60_90_120,strict_pre_protection_only
SLBIC_39,8,20268993,train,strict_matched_30_60_90_120,strict_pre_protection_only
SLBIC_41,8,20268993,train,strict_matched_30_60_90_120,strict_pre_protection_only
SLBIC_43,8,20268993,train,strict_matched_30_60_90_120,strict_pre_protection_only
SLBIC_45,8,20268993,train,strict_matched_30_60_90_120,strict_pre_protection_only
SLBIC_46,8,20268993,train,strict_matched_30_60_90_120,strict_pre_protection_only
SLBIC_47,8,20268993,train,strict_matched_30_60_90_120,strict_pre_protection_only
SLBIC_49,8,20268993,train,strict_matched_30_60_90_120,strict_pre_protection_only
SLBIC_50,8,20268993,train,strict_matched_30_60_90_120,strict_pre_protection_only
SLBIC_53,8,20268993,train,strict_matched_30_60_90_120,strict_pre_protection_only
SLBIC_54,8,20268993,train,strict_matched_30_60_90_120,strict_pre_protection_only
SLBIC_57,8,20268993,train,strict_matched_30_60_90_120,strict_pre_protection_only
SLBIC_59,8,20268993,train,strict_matched_30_60_90_120,strict_pre_protection_only
SLBIC_60,8,20268993,train,strict_matched_30_60_90_120,strict_pre_protection_only
SLBIC_63,8,20268993,train,strict_matched_30_60_90_120,strict_pre_protection_only
SLBIC_64,8,20268993,train,strict_matched_30_60_90_120,strict_pre_protection_only
SLBIC_65,8,20268993,train,strict_matched_30_60_90_120,strict_pre_protection_only
SLBIC_66,8,20268993,train,strict_matched_30_60_90_120,strict_pre_protection_only
SLBIC_67,8,20268993,train,strict_matched_30_60_90_120,strict_pre_protection_only
SLBIC_70,8,20268993,train,strict_matched_30_60_90_120,strict_pre_protection_only
SLBIC_71,8,20268993,train,strict_matched_30_60_90_120,strict_pre_protection_only
SLBIC_72,8,20268993,train,strict_matched_30_60_90_120,strict_pre_protection_only
SLBIC_73,8,20268993,train,strict_matched_30_60_90_120,strict_pre_protection_only
SLBIC_74,8,20268993,train,strict_matched_30_60_90_120,strict_pre_protection_only
SLBIC_79,8,20268993,train,strict_matched_30_60_90_120,strict_pre_protection_only
SLBIC_80,8,20268993,train,strict_matched_30_60_90_120,strict_pre_protection_only
SLBIC_83,8,20268993,train,strict_matched_30_60_90_120,strict_pre_protection_only
SLBIC_84,8,20268993,train,strict_matched_30_60_90_120,strict_pre_protection_only
SLBIC_85,8,20268993,train,strict_matched_30_60_90_120,strict_pre_protection_only
SLBIC_87,8,20268993,train,strict_matched_30_60_90_120,strict_pre_protection_only
SLBIC_89,8,20268993,train,strict_matched_30_60_90_120,strict_pre_protection_only
SLBIC_90,8,20268993,train,strict_matched_30_60_90_120,strict_pre_protection_only
SLBIC_91,8,20268993,train,strict_matched_30_60_90_120,strict_pre_protection_only
SLBIC_92,8,20268993,train,strict_matched_30_60_90_120,strict_pre_protection_only
SLBIC_95,8,20268993,train,strict_matched_30_60_90_120,strict_pre_protection_only
SLBIC_96,8,20268993,train,strict_matched_30_60_90_120,strict_pre_protection_only
FLB_10,8,20268993,validation,strict_matched_30_60_90_120,strict_pre_protection_only
FLB_12,8,20268993,validation,strict_matched_30_60_90_120,strict_pre_protection_only
FLB_16,8,20268993,validation,strict_matched_30_60_90_120,strict_pre_protection_only
FLB_18,8,20268993,validation,strict_matched_30_60_90_120,strict_pre_protection_only
FLB_22,8,20268993,validation,strict_matched_30_60_90_120,strict_pre_protection_only
FLB_28,8,20268993,validation,strict_matched_30_60_90_120,strict_pre_protection_only
FLB_31,8,20268993,validation,strict_matched_30_60_90_120,strict_pre_protection_only
FLB_35,8,20268993,validation,strict_matched_30_60_90_120,strict_pre_protection_only
FLB_43,8,20268993,validation,strict_matched_30_60_90_120,strict_pre_protection_only
FLB_47,8,20268993,validation,strict_matched_30_60_90_120,strict_pre_protection_only
FLB_64,8,20268993,validation,strict_matched_30_60_90_120,strict_pre_protection_only
FLB_66,8,20268993,validation,strict_matched_30_60_90_120,strict_pre_protection_only
FLB_67,8,20268993,validation,strict_matched_30_60_90_120,strict_pre_protection_only
FLB_68,8,20268993,validation,strict_matched_30_60_90_120,strict_pre_protection_only
FLB_72,8,20268993,validation,strict_matched_30_60_90_120,strict_pre_protection_only
FLB_76,8,20268993,validation,strict_matched_30_60_90_120,strict_pre_protection_only
FLB_86,8,20268993,validation,strict_matched_30_60_90_120,strict_pre_protection_only
FLB_89,8,20268993,validation,strict_matched_30_60_90_120,strict_pre_protection_only
FLB_93,8,20268993,validation,strict_matched_30_60_90_120,strict_pre_protection_only
FLB_95,8,20268993,validation,strict_matched_30_60_90_120,strict_pre_protection_only
LOCAC_11,8,20268993,validation,strict_matched_30_60_90_120,strict_pre_protection_only
LOCAC_2,8,20268993,validation,strict_matched_30_60_90_120,strict_pre_protection_only
LOCAC_24,8,20268993,validation,strict_matched_30_60_90_120,strict_pre_protection_only
LOCAC_25,8,20268993,validation,strict_matched_30_60_90_120,strict_pre_protection_only
LOCAC_33,8,20268993,validation,strict_matched_30_60_90_120,strict_pre_protection_only
LOCAC_35,8,20268993,validation,strict_matched_30_60_90_120,strict_pre_protection_only
LOCAC_4,8,20268993,validation,strict_matched_30_60_90_120,strict_pre_protection_only
LOCAC_41,8,20268993,validation,strict_matched_30_60_90_120,strict_pre_protection_only
LOCAC_5,8,20268993,validation,strict_matched_30_60_90_120,strict_pre_protection_only
LOCAC_52,8,20268993,validation,strict_matched_30_60_90_120,strict_pre_protection_only
LOCAC_61,8,20268993,validation,strict_matched_30_60_90_120,strict_pre_protection_only
LOCAC_64,8,20268993,validation,strict_matched_30_60_90_120,strict_pre_protection_only
LOCAC_74,8,20268993,validation,strict_matched_30_60_90_120,strict_pre_protection_only
LOCAC_76,8,20268993,validation,strict_matched_30_60_90_120,strict_pre_protection_only
LOCAC_77,8,20268993,validation,strict_matched_30_60_90_120,strict_pre_protection_only
LOCAC_79,8,20268993,validation,strict_matched_30_60_90_120,strict_pre_protection_only
LOCA_10,8,20268993,validation,strict_matched_30_60_90_120,strict_pre_protection_only
LOCA_23,8,20268993,validation,strict_matched_30_60_90_120,strict_pre_protection_only
LOCA_3,8,20268993,validation,strict_matched_30_60_90_120,strict_pre_protection_only
LOCA_36,8,20268993,validation,strict_matched_30_60_90_120,strict_pre_protection_only
LOCA_37,8,20268993,validation,strict_matched_30_60_90_120,strict_pre_protection_only
LOCA_4,8,20268993,validation,strict_matched_30_60_90_120,strict_pre_protection_only
LOCA_41,8,20268993,validation,strict_matched_30_60_90_120,strict_pre_protection_only
LOCA_47,8,20268993,validation,strict_matched_30_60_90_120,strict_pre_protection_only
LOCA_52,8,20268993,validation,strict_matched_30_60_90_120,strict_pre_protection_only
LOCA_54,8,20268993,validation,strict_matched_30_60_90_120,strict_pre_protection_only
LOCA_55,8,20268993,validation,strict_matched_30_60_90_120,strict_pre_protection_only
LOCA_56,8,20268993,validation,strict_matched_30_60_90_120,strict_pre_protection_only
LOCA_7,8,20268993,validation,strict_matched_30_60_90_120,strict_pre_protection_only
LOCA_74,8,20268993,validation,strict_matched_30_60_90_120,strict_pre_protection_only
LOCA_77,8,20268993,validation,strict_matched_30_60_90_120,strict_pre_protection_only
RI_-13,8,20268993,validation,strict_matched_30_60_90_120,strict_pre_protection_only
RI_-17,8,20268993,validation,strict_matched_30_60_90_120,strict_pre_protection_only
RI_-31,8,20268993,validation,strict_matched_30_60_90_120,strict_pre_protection_only
RI_-6,8,20268993,validation,strict_matched_30_60_90_120,strict_pre_protection_only
RI_-9,8,20268993,validation,strict_matched_30_60_90_120,strict_pre_protection_only
RW_1,8,20268993,validation,strict_matched_30_60_90_120,strict_pre_protection_only
SGATR_58,8,20268993,validation,strict_matched_30_60_90_120,strict_pre_protection_only
SGATR_61,8,20268993,validation,strict_matched_30_60_90_120,strict_pre_protection_only
SGATR_62,8,20268993,validation,strict_matched_30_60_90_120,strict_pre_protection_only
SGATR_73,8,20268993,validation,strict_matched_30_60_90_120,strict_pre_protection_only
SGATR_82,8,20268993,validation,strict_matched_30_60_90_120,strict_pre_protection_only
SGATR_85,8,20268993,validation,strict_matched_30_60_90_120,strict_pre_protection_only
SGATR_86,8,20268993,validation,strict_matched_30_60_90_120,strict_pre_protection_only
SGATR_98,8,20268993,validation,strict_matched_30_60_90_120,strict_pre_protection_only
SGATR_99,8,20268993,validation,strict_matched_30_60_90_120,strict_pre_protection_only
SGBTR_106,8,20268993,validation,strict_matched_30_60_90_120,strict_pre_protection_only
SGBTR_109,8,20268993,validation,strict_matched_30_60_90_120,strict_pre_protection_only
SGBTR_110,8,20268993,validation,strict_matched_30_60_90_120,strict_pre_protection_only
SGBTR_62,8,20268993,validation,strict_matched_30_60_90_120,strict_pre_protection_only
SGBTR_65,8,20268993,validation,strict_matched_30_60_90_120,strict_pre_protection_only
SGBTR_70,8,20268993,validation,strict_matched_30_60_90_120,strict_pre_protection_only
SGBTR_79,8,20268993,validation,strict_matched_30_60_90_120,strict_pre_protection_only
SGBTR_87,8,20268993,validation,strict_matched_30_60_90_120,strict_pre_protection_only
SGBTR_94,8,20268993,validation,strict_matched_30_60_90_120,strict_pre_protection_only
SGBTR_95,8,20268993,validation,strict_matched_30_60_90_120,strict_pre_protection_only
SGBTR_98,8,20268993,validation,strict_matched_30_60_90_120,strict_pre_protection_only
SLBIC_19,8,20268993,validation,strict_matched_30_60_90_120,strict_pre_protection_only
SLBIC_21,8,20268993,validation,strict_matched_30_60_90_120,strict_pre_protection_only
SLBIC_25,8,20268993,validation,strict_matched_30_60_90_120,strict_pre_protection_only
SLBIC_26,8,20268993,validation,strict_matched_30_60_90_120,strict_pre_protection_only
SLBIC_29,8,20268993,validation,strict_matched_30_60_90_120,strict_pre_protection_only
SLBIC_31,8,20268993,validation,strict_matched_30_60_90_120,strict_pre_protection_only
SLBIC_42,8,20268993,validation,strict_matched_30_60_90_120,strict_pre_protection_only
SLBIC_44,8,20268993,validation,strict_matched_30_60_90_120,strict_pre_protection_only
SLBIC_52,8,20268993,validation,strict_matched_30_60_90_120,strict_pre_protection_only
SLBIC_55,8,20268993,validation,strict_matched_30_60_90_120,strict_pre_protection_only
SLBIC_56,8,20268993,validation,strict_matched_30_60_90_120,strict_pre_protection_only
SLBIC_58,8,20268993,validation,strict_matched_30_60_90_120,strict_pre_protection_only
SLBIC_76,8,20268993,validation,strict_matched_30_60_90_120,strict_pre_protection_only
SLBIC_77,8,20268993,validation,strict_matched_30_60_90_120,strict_pre_protection_only
SLBIC_82,8,20268993,validation,strict_matched_30_60_90_120,strict_pre_protection_only
SLBIC_94,8,20268993,validation,strict_matched_30_60_90_120,strict_pre_protection_only
SLBIC_97,8,20268993,validation,strict_matched_30_60_90_120,strict_pre_protection_only
FLB_11,8,20268993,test,strict_matched_30_60_90_120,strict_pre_protection_only
FLB_13,8,20268993,test,strict_matched_30_60_90_120,strict_pre_protection_only
FLB_14,8,20268993,test,strict_matched_30_60_90_120,strict_pre_protection_only
FLB_17,8,20268993,test,strict_matched_30_60_90_120,strict_pre_protection_only
FLB_20,8,20268993,test,strict_matched_30_60_90_120,strict_pre_protection_only
FLB_25,8,20268993,test,strict_matched_30_60_90_120,strict_pre_protection_only
FLB_27,8,20268993,test,strict_matched_30_60_90_120,strict_pre_protection_only
FLB_32,8,20268993,test,strict_matched_30_60_90_120,strict_pre_protection_only
FLB_38,8,20268993,test,strict_matched_30_60_90_120,strict_pre_protection_only
FLB_42,8,20268993,test,strict_matched_30_60_90_120,strict_pre_protection_only
FLB_48,8,20268993,test,strict_matched_30_60_90_120,strict_pre_protection_only
FLB_51,8,20268993,test,strict_matched_30_60_90_120,strict_pre_protection_only
FLB_7,8,20268993,test,strict_matched_30_60_90_120,strict_pre_protection_only
FLB_77,8,20268993,test,strict_matched_30_60_90_120,strict_pre_protection_only
FLB_78,8,20268993,test,strict_matched_30_60_90_120,strict_pre_protection_only
FLB_81,8,20268993,test,strict_matched_30_60_90_120,strict_pre_protection_only
FLB_83,8,20268993,test,strict_matched_30_60_90_120,strict_pre_protection_only
FLB_85,8,20268993,test,strict_matched_30_60_90_120,strict_pre_protection_only
FLB_9,8,20268993,test,strict_matched_30_60_90_120,strict_pre_protection_only
FLB_91,8,20268993,test,strict_matched_30_60_90_120,strict_pre_protection_only
LOCAC_1,8,20268993,test,strict_matched_30_60_90_120,strict_pre_protection_only
LOCAC_29,8,20268993,test,strict_matched_30_60_90_120,strict_pre_protection_only
LOCAC_3,8,20268993,test,strict_matched_30_60_90_120,strict_pre_protection_only
LOCAC_30,8,20268993,test,strict_matched_30_60_90_120,strict_pre_protection_only
LOCAC_34,8,20268993,test,strict_matched_30_60_90_120,strict_pre_protection_only
LOCAC_46,8,20268993,test,strict_matched_30_60_90_120,strict_pre_protection_only
LOCAC_49,8,20268993,test,strict_matched_30_60_90_120,strict_pre_protection_only
LOCAC_54,8,20268993,test,strict_matched_30_60_90_120,strict_pre_protection_only
LOCAC_56,8,20268993,test,strict_matched_30_60_90_120,strict_pre_protection_only
LOCAC_58,8,20268993,test,strict_matched_30_60_90_120,strict_pre_protection_only
LOCAC_59,8,20268993,test,strict_matched_30_60_90_120,strict_pre_protection_only
LOCAC_66,8,20268993,test,strict_matched_30_60_90_120,strict_pre_protection_only
LOCAC_68,8,20268993,test,strict_matched_30_60_90_120,strict_pre_protection_only
LOCAC_70,8,20268993,test,strict_matched_30_60_90_120,strict_pre_protection_only
LOCAC_71,8,20268993,test,strict_matched_30_60_90_120,strict_pre_protection_only
LOCAC_8,8,20268993,test,strict_matched_30_60_90_120,strict_pre_protection_only
LOCA_12,8,20268993,test,strict_matched_30_60_90_120,strict_pre_protection_only
LOCA_25,8,20268993,test,strict_matched_30_60_90_120,strict_pre_protection_only
LOCA_26,8,20268993,test,strict_matched_30_60_90_120,strict_pre_protection_only
LOCA_32,8,20268993,test,strict_matched_30_60_90_120,strict_pre_protection_only
LOCA_39,8,20268993,test,strict_matched_30_60_90_120,strict_pre_protection_only
LOCA_46,8,20268993,test,strict_matched_30_60_90_120,strict_pre_protection_only
LOCA_49,8,20268993,test,strict_matched_30_60_90_120,strict_pre_protection_only
LOCA_5,8,20268993,test,strict_matched_30_60_90_120,strict_pre_protection_only
LOCA_58,8,20268993,test,strict_matched_30_60_90_120,strict_pre_protection_only
LOCA_60,8,20268993,test,strict_matched_30_60_90_120,strict_pre_protection_only
LOCA_61,8,20268993,test,strict_matched_30_60_90_120,strict_pre_protection_only
LOCA_64,8,20268993,test,strict_matched_30_60_90_120,strict_pre_protection_only
LOCA_66,8,20268993,test,strict_matched_30_60_90_120,strict_pre_protection_only
LOCA_68,8,20268993,test,strict_matched_30_60_90_120,strict_pre_protection_only
LOCA_75,8,20268993,test,strict_matched_30_60_90_120,strict_pre_protection_only
RI_-1,8,20268993,test,strict_matched_30_60_90_120,strict_pre_protection_only
RI_-10,8,20268993,test,strict_matched_30_60_90_120,strict_pre_protection_only
RI_-11,8,20268993,test,strict_matched_30_60_90_120,strict_pre_protection_only
RI_-34,8,20268993,test,strict_matched_30_60_90_120,strict_pre_protection_only
RI_-35,8,20268993,test,strict_matched_30_60_90_120,strict_pre_protection_only
RI_-5,8,20268993,test,strict_matched_30_60_90_120,strict_pre_protection_only
SGATR_60,8,20268993,test,strict_matched_30_60_90_120,strict_pre_protection_only
SGATR_65,8,20268993,test,strict_matched_30_60_90_120,strict_pre_protection_only
SGATR_71,8,20268993,test,strict_matched_30_60_90_120,strict_pre_protection_only
SGATR_75,8,20268993,test,strict_matched_30_60_90_120,strict_pre_protection_only
SGATR_77,8,20268993,test,strict_matched_30_60_90_120,strict_pre_protection_only
SGATR_79,8,20268993,test,strict_matched_30_60_90_120,strict_pre_protection_only
SGATR_84,8,20268993,test,strict_matched_30_60_90_120,strict_pre_protection_only
SGATR_87,8,20268993,test,strict_matched_30_60_90_120,strict_pre_protection_only
SGATR_90,8,20268993,test,strict_matched_30_60_90_120,strict_pre_protection_only
SGBTR_100,8,20268993,test,strict_matched_30_60_90_120,strict_pre_protection_only
SGBTR_101,8,20268993,test,strict_matched_30_60_90_120,strict_pre_protection_only
SGBTR_107,8,20268993,test,strict_matched_30_60_90_120,strict_pre_protection_only
SGBTR_73,8,20268993,test,strict_matched_30_60_90_120,strict_pre_protection_only
SGBTR_76,8,20268993,test,strict_matched_30_60_90_120,strict_pre_protection_only
SGBTR_80,8,20268993,test,strict_matched_30_60_90_120,strict_pre_protection_only
SGBTR_81,8,20268993,test,strict_matched_30_60_90_120,strict_pre_protection_only
SGBTR_82,8,20268993,test,strict_matched_30_60_90_120,strict_pre_protection_only
SGBTR_83,8,20268993,test,strict_matched_30_60_90_120,strict_pre_protection_only
SGBTR_85,8,20268993,test,strict_matched_30_60_90_120,strict_pre_protection_only
SGBTR_91,8,20268993,test,strict_matched_30_60_90_120,strict_pre_protection_only
SLBIC_16,8,20268993,test,strict_matched_30_60_90_120,strict_pre_protection_only
SLBIC_28,8,20268993,test,strict_matched_30_60_90_120,strict_pre_protection_only
SLBIC_35,8,20268993,test,strict_matched_30_60_90_120,strict_pre_protection_only
SLBIC_40,8,20268993,test,strict_matched_30_60_90_120,strict_pre_protection_only
SLBIC_48,8,20268993,test,strict_matched_30_60_90_120,strict_pre_protection_only
SLBIC_51,8,20268993,test,strict_matched_30_60_90_120,strict_pre_protection_only
SLBIC_61,8,20268993,test,strict_matched_30_60_90_120,strict_pre_protection_only
SLBIC_62,8,20268993,test,strict_matched_30_60_90_120,strict_pre_protection_only
SLBIC_68,8,20268993,test,strict_matched_30_60_90_120,strict_pre_protection_only
SLBIC_69,8,20268993,test,strict_matched_30_60_90_120,strict_pre_protection_only
SLBIC_75,8,20268993,test,strict_matched_30_60_90_120,strict_pre_protection_only
SLBIC_78,8,20268993,test,strict_matched_30_60_90_120,strict_pre_protection_only
SLBIC_81,8,20268993,test,strict_matched_30_60_90_120,strict_pre_protection_only
SLBIC_86,8,20268993,test,strict_matched_30_60_90_120,strict_pre_protection_only
SLBIC_88,8,20268993,test,strict_matched_30_60_90_120,strict_pre_protection_only
SLBIC_93,8,20268993,test,strict_matched_30_60_90_120,strict_pre_protection_only
SLBIC_98,8,20268993,test,strict_matched_30_60_90_120,strict_pre_protection_only
SLBIC_99,8,20268993,test,strict_matched_30_60_90_120,strict_pre_protection_only
FLB_100,9,20270002,train,strict_matched_30_60_90_120,strict_pre_protection_only
FLB_12,9,20270002,train,strict_matched_30_60_90_120,strict_pre_protection_only
FLB_13,9,20270002,train,strict_matched_30_60_90_120,strict_pre_protection_only
FLB_14,9,20270002,train,strict_matched_30_60_90_120,strict_pre_protection_only
FLB_15,9,20270002,train,strict_matched_30_60_90_120,strict_pre_protection_only
FLB_16,9,20270002,train,strict_matched_30_60_90_120,strict_pre_protection_only
FLB_17,9,20270002,train,strict_matched_30_60_90_120,strict_pre_protection_only
FLB_18,9,20270002,train,strict_matched_30_60_90_120,strict_pre_protection_only
FLB_2,9,20270002,train,strict_matched_30_60_90_120,strict_pre_protection_only
FLB_20,9,20270002,train,strict_matched_30_60_90_120,strict_pre_protection_only
FLB_21,9,20270002,train,strict_matched_30_60_90_120,strict_pre_protection_only
FLB_23,9,20270002,train,strict_matched_30_60_90_120,strict_pre_protection_only
FLB_24,9,20270002,train,strict_matched_30_60_90_120,strict_pre_protection_only
FLB_28,9,20270002,train,strict_matched_30_60_90_120,strict_pre_protection_only
FLB_30,9,20270002,train,strict_matched_30_60_90_120,strict_pre_protection_only
FLB_31,9,20270002,train,strict_matched_30_60_90_120,strict_pre_protection_only
FLB_32,9,20270002,train,strict_matched_30_60_90_120,strict_pre_protection_only
FLB_33,9,20270002,train,strict_matched_30_60_90_120,strict_pre_protection_only
FLB_37,9,20270002,train,strict_matched_30_60_90_120,strict_pre_protection_only
FLB_38,9,20270002,train,strict_matched_30_60_90_120,strict_pre_protection_only
FLB_4,9,20270002,train,strict_matched_30_60_90_120,strict_pre_protection_only
FLB_40,9,20270002,train,strict_matched_30_60_90_120,strict_pre_protection_only
FLB_42,9,20270002,train,strict_matched_30_60_90_120,strict_pre_protection_only
FLB_43,9,20270002,train,strict_matched_30_60_90_120,strict_pre_protection_only
FLB_45,9,20270002,train,strict_matched_30_60_90_120,strict_pre_protection_only
FLB_46,9,20270002,train,strict_matched_30_60_90_120,strict_pre_protection_only
FLB_49,9,20270002,train,strict_matched_30_60_90_120,strict_pre_protection_only
FLB_50,9,20270002,train,strict_matched_30_60_90_120,strict_pre_protection_only
FLB_52,9,20270002,train,strict_matched_30_60_90_120,strict_pre_protection_only
FLB_53,9,20270002,train,strict_matched_30_60_90_120,strict_pre_protection_only
FLB_54,9,20270002,train,strict_matched_30_60_90_120,strict_pre_protection_only
FLB_56,9,20270002,train,strict_matched_30_60_90_120,strict_pre_protection_only
FLB_58,9,20270002,train,strict_matched_30_60_90_120,strict_pre_protection_only
FLB_59,9,20270002,train,strict_matched_30_60_90_120,strict_pre_protection_only
FLB_6,9,20270002,train,strict_matched_30_60_90_120,strict_pre_protection_only
FLB_60,9,20270002,train,strict_matched_30_60_90_120,strict_pre_protection_only
FLB_63,9,20270002,train,strict_matched_30_60_90_120,strict_pre_protection_only
FLB_64,9,20270002,train,strict_matched_30_60_90_120,strict_pre_protection_only
FLB_66,9,20270002,train,strict_matched_30_60_90_120,strict_pre_protection_only
FLB_7,9,20270002,train,strict_matched_30_60_90_120,strict_pre_protection_only
FLB_71,9,20270002,train,strict_matched_30_60_90_120,strict_pre_protection_only
FLB_72,9,20270002,train,strict_matched_30_60_90_120,strict_pre_protection_only
FLB_73,9,20270002,train,strict_matched_30_60_90_120,strict_pre_protection_only
FLB_74,9,20270002,train,strict_matched_30_60_90_120,strict_pre_protection_only
FLB_75,9,20270002,train,strict_matched_30_60_90_120,strict_pre_protection_only
FLB_76,9,20270002,train,strict_matched_30_60_90_120,strict_pre_protection_only
FLB_77,9,20270002,train,strict_matched_30_60_90_120,strict_pre_protection_only
FLB_79,9,20270002,train,strict_matched_30_60_90_120,strict_pre_protection_only
FLB_8,9,20270002,train,strict_matched_30_60_90_120,strict_pre_protection_only
FLB_81,9,20270002,train,strict_matched_30_60_90_120,strict_pre_protection_only
FLB_84,9,20270002,train,strict_matched_30_60_90_120,strict_pre_protection_only
FLB_86,9,20270002,train,strict_matched_30_60_90_120,strict_pre_protection_only
FLB_9,9,20270002,train,strict_matched_30_60_90_120,strict_pre_protection_only
FLB_91,9,20270002,train,strict_matched_30_60_90_120,strict_pre_protection_only
FLB_93,9,20270002,train,strict_matched_30_60_90_120,strict_pre_protection_only
FLB_94,9,20270002,train,strict_matched_30_60_90_120,strict_pre_protection_only
FLB_97,9,20270002,train,strict_matched_30_60_90_120,strict_pre_protection_only
FLB_98,9,20270002,train,strict_matched_30_60_90_120,strict_pre_protection_only
FLB_99,9,20270002,train,strict_matched_30_60_90_120,strict_pre_protection_only
LOCAC_1,9,20270002,train,strict_matched_30_60_90_120,strict_pre_protection_only
LOCAC_12,9,20270002,train,strict_matched_30_60_90_120,strict_pre_protection_only
LOCAC_13,9,20270002,train,strict_matched_30_60_90_120,strict_pre_protection_only
LOCAC_18,9,20270002,train,strict_matched_30_60_90_120,strict_pre_protection_only
LOCAC_19,9,20270002,train,strict_matched_30_60_90_120,strict_pre_protection_only
LOCAC_21,9,20270002,train,strict_matched_30_60_90_120,strict_pre_protection_only
LOCAC_23,9,20270002,train,strict_matched_30_60_90_120,strict_pre_protection_only
LOCAC_25,9,20270002,train,strict_matched_30_60_90_120,strict_pre_protection_only
LOCAC_27,9,20270002,train,strict_matched_30_60_90_120,strict_pre_protection_only
LOCAC_28,9,20270002,train,strict_matched_30_60_90_120,strict_pre_protection_only
LOCAC_29,9,20270002,train,strict_matched_30_60_90_120,strict_pre_protection_only
LOCAC_30,9,20270002,train,strict_matched_30_60_90_120,strict_pre_protection_only
LOCAC_33,9,20270002,train,strict_matched_30_60_90_120,strict_pre_protection_only
LOCAC_39,9,20270002,train,strict_matched_30_60_90_120,strict_pre_protection_only
LOCAC_4,9,20270002,train,strict_matched_30_60_90_120,strict_pre_protection_only
LOCAC_40,9,20270002,train,strict_matched_30_60_90_120,strict_pre_protection_only
LOCAC_41,9,20270002,train,strict_matched_30_60_90_120,strict_pre_protection_only
LOCAC_42,9,20270002,train,strict_matched_30_60_90_120,strict_pre_protection_only
LOCAC_43,9,20270002,train,strict_matched_30_60_90_120,strict_pre_protection_only
LOCAC_46,9,20270002,train,strict_matched_30_60_90_120,strict_pre_protection_only
LOCAC_47,9,20270002,train,strict_matched_30_60_90_120,strict_pre_protection_only
LOCAC_48,9,20270002,train,strict_matched_30_60_90_120,strict_pre_protection_only
LOCAC_49,9,20270002,train,strict_matched_30_60_90_120,strict_pre_protection_only
LOCAC_5,9,20270002,train,strict_matched_30_60_90_120,strict_pre_protection_only
LOCAC_50,9,20270002,train,strict_matched_30_60_90_120,strict_pre_protection_only
LOCAC_51,9,20270002,train,strict_matched_30_60_90_120,strict_pre_protection_only
LOCAC_52,9,20270002,train,strict_matched_30_60_90_120,strict_pre_protection_only
LOCAC_55,9,20270002,train,strict_matched_30_60_90_120,strict_pre_protection_only
LOCAC_56,9,20270002,train,strict_matched_30_60_90_120,strict_pre_protection_only
LOCAC_57,9,20270002,train,strict_matched_30_60_90_120,strict_pre_protection_only
LOCAC_59,9,20270002,train,strict_matched_30_60_90_120,strict_pre_protection_only
LOCAC_6,9,20270002,train,strict_matched_30_60_90_120,strict_pre_protection_only
LOCAC_60,9,20270002,train,strict_matched_30_60_90_120,strict_pre_protection_only
LOCAC_61,9,20270002,train,strict_matched_30_60_90_120,strict_pre_protection_only
LOCAC_63,9,20270002,train,strict_matched_30_60_90_120,strict_pre_protection_only
LOCAC_64,9,20270002,train,strict_matched_30_60_90_120,strict_pre_protection_only
LOCAC_67,9,20270002,train,strict_matched_30_60_90_120,strict_pre_protection_only
LOCAC_68,9,20270002,train,strict_matched_30_60_90_120,strict_pre_protection_only
LOCAC_7,9,20270002,train,strict_matched_30_60_90_120,strict_pre_protection_only
LOCAC_70,9,20270002,train,strict_matched_30_60_90_120,strict_pre_protection_only
LOCAC_72,9,20270002,train,strict_matched_30_60_90_120,strict_pre_protection_only
LOCAC_73,9,20270002,train,strict_matched_30_60_90_120,strict_pre_protection_only
LOCAC_76,9,20270002,train,strict_matched_30_60_90_120,strict_pre_protection_only
LOCAC_77,9,20270002,train,strict_matched_30_60_90_120,strict_pre_protection_only
LOCAC_78,9,20270002,train,strict_matched_30_60_90_120,strict_pre_protection_only
LOCAC_79,9,20270002,train,strict_matched_30_60_90_120,strict_pre_protection_only
LOCAC_8,9,20270002,train,strict_matched_30_60_90_120,strict_pre_protection_only
LOCA_10,9,20270002,train,strict_matched_30_60_90_120,strict_pre_protection_only
LOCA_12,9,20270002,train,strict_matched_30_60_90_120,strict_pre_protection_only
LOCA_13,9,20270002,train,strict_matched_30_60_90_120,strict_pre_protection_only
LOCA_15,9,20270002,train,strict_matched_30_60_90_120,strict_pre_protection_only
LOCA_17,9,20270002,train,strict_matched_30_60_90_120,strict_pre_protection_only
LOCA_18,9,20270002,train,strict_matched_30_60_90_120,strict_pre_protection_only
LOCA_19,9,20270002,train,strict_matched_30_60_90_120,strict_pre_protection_only
LOCA_20,9,20270002,train,strict_matched_30_60_90_120,strict_pre_protection_only
LOCA_21,9,20270002,train,strict_matched_30_60_90_120,strict_pre_protection_only
LOCA_22,9,20270002,train,strict_matched_30_60_90_120,strict_pre_protection_only
LOCA_25,9,20270002,train,strict_matched_30_60_90_120,strict_pre_protection_only
LOCA_28,9,20270002,train,strict_matched_30_60_90_120,strict_pre_protection_only
LOCA_29,9,20270002,train,strict_matched_30_60_90_120,strict_pre_protection_only
LOCA_30,9,20270002,train,strict_matched_30_60_90_120,strict_pre_protection_only
LOCA_33,9,20270002,train,strict_matched_30_60_90_120,strict_pre_protection_only
LOCA_36,9,20270002,train,strict_matched_30_60_90_120,strict_pre_protection_only
LOCA_37,9,20270002,train,strict_matched_30_60_90_120,strict_pre_protection_only
LOCA_39,9,20270002,train,strict_matched_30_60_90_120,strict_pre_protection_only
LOCA_4,9,20270002,train,strict_matched_30_60_90_120,strict_pre_protection_only
LOCA_40,9,20270002,train,strict_matched_30_60_90_120,strict_pre_protection_only
LOCA_41,9,20270002,train,strict_matched_30_60_90_120,strict_pre_protection_only
LOCA_42,9,20270002,train,strict_matched_30_60_90_120,strict_pre_protection_only
LOCA_44,9,20270002,train,strict_matched_30_60_90_120,strict_pre_protection_only
LOCA_47,9,20270002,train,strict_matched_30_60_90_120,strict_pre_protection_only
LOCA_48,9,20270002,train,strict_matched_30_60_90_120,strict_pre_protection_only
LOCA_51,9,20270002,train,strict_matched_30_60_90_120,strict_pre_protection_only
LOCA_52,9,20270002,train,strict_matched_30_60_90_120,strict_pre_protection_only
LOCA_54,9,20270002,train,strict_matched_30_60_90_120,strict_pre_protection_only
LOCA_55,9,20270002,train,strict_matched_30_60_90_120,strict_pre_protection_only
LOCA_56,9,20270002,train,strict_matched_30_60_90_120,strict_pre_protection_only
LOCA_57,9,20270002,train,strict_matched_30_60_90_120,strict_pre_protection_only
LOCA_58,9,20270002,train,strict_matched_30_60_90_120,strict_pre_protection_only
LOCA_6,9,20270002,train,strict_matched_30_60_90_120,strict_pre_protection_only
LOCA_61,9,20270002,train,strict_matched_30_60_90_120,strict_pre_protection_only
LOCA_64,9,20270002,train,strict_matched_30_60_90_120,strict_pre_protection_only
LOCA_65,9,20270002,train,strict_matched_30_60_90_120,strict_pre_protection_only
LOCA_69,9,20270002,train,strict_matched_30_60_90_120,strict_pre_protection_only
LOCA_7,9,20270002,train,strict_matched_30_60_90_120,strict_pre_protection_only
LOCA_70,9,20270002,train,strict_matched_30_60_90_120,strict_pre_protection_only
LOCA_71,9,20270002,train,strict_matched_30_60_90_120,strict_pre_protection_only
LOCA_72,9,20270002,train,strict_matched_30_60_90_120,strict_pre_protection_only
LOCA_73,9,20270002,train,strict_matched_30_60_90_120,strict_pre_protection_only
LOCA_74,9,20270002,train,strict_matched_30_60_90_120,strict_pre_protection_only
LOCA_75,9,20270002,train,strict_matched_30_60_90_120,strict_pre_protection_only
LOCA_76,9,20270002,train,strict_matched_30_60_90_120,strict_pre_protection_only
LOCA_8,9,20270002,train,strict_matched_30_60_90_120,strict_pre_protection_only
RI_-1,9,20270002,train,strict_matched_30_60_90_120,strict_pre_protection_only
RI_-10,9,20270002,train,strict_matched_30_60_90_120,strict_pre_protection_only
RI_-11,9,20270002,train,strict_matched_30_60_90_120,strict_pre_protection_only
RI_-12,9,20270002,train,strict_matched_30_60_90_120,strict_pre_protection_only
RI_-17,9,20270002,train,strict_matched_30_60_90_120,strict_pre_protection_only
RI_-18,9,20270002,train,strict_matched_30_60_90_120,strict_pre_protection_only
RI_-20,9,20270002,train,strict_matched_30_60_90_120,strict_pre_protection_only
RI_-21,9,20270002,train,strict_matched_30_60_90_120,strict_pre_protection_only
RI_-22,9,20270002,train,strict_matched_30_60_90_120,strict_pre_protection_only
RI_-23,9,20270002,train,strict_matched_30_60_90_120,strict_pre_protection_only
RI_-3,9,20270002,train,strict_matched_30_60_90_120,strict_pre_protection_only
RI_-31,9,20270002,train,strict_matched_30_60_90_120,strict_pre_protection_only
RI_-32,9,20270002,train,strict_matched_30_60_90_120,strict_pre_protection_only
RI_-33,9,20270002,train,strict_matched_30_60_90_120,strict_pre_protection_only
RI_-34,9,20270002,train,strict_matched_30_60_90_120,strict_pre_protection_only
RI_-7,9,20270002,train,strict_matched_30_60_90_120,strict_pre_protection_only
RI_-8,9,20270002,train,strict_matched_30_60_90_120,strict_pre_protection_only
RW_2,9,20270002,train,strict_matched_30_60_90_120,strict_pre_protection_only
RW_3,9,20270002,train,strict_matched_30_60_90_120,strict_pre_protection_only
SGATR_57,9,20270002,train,strict_matched_30_60_90_120,strict_pre_protection_only
SGATR_58,9,20270002,train,strict_matched_30_60_90_120,strict_pre_protection_only
SGATR_59,9,20270002,train,strict_matched_30_60_90_120,strict_pre_protection_only
SGATR_60,9,20270002,train,strict_matched_30_60_90_120,strict_pre_protection_only
SGATR_62,9,20270002,train,strict_matched_30_60_90_120,strict_pre_protection_only
SGATR_63,9,20270002,train,strict_matched_30_60_90_120,strict_pre_protection_only
SGATR_64,9,20270002,train,strict_matched_30_60_90_120,strict_pre_protection_only
SGATR_66,9,20270002,train,strict_matched_30_60_90_120,strict_pre_protection_only
SGATR_67,9,20270002,train,strict_matched_30_60_90_120,strict_pre_protection_only
SGATR_69,9,20270002,train,strict_matched_30_60_90_120,strict_pre_protection_only
SGATR_75,9,20270002,train,strict_matched_30_60_90_120,strict_pre_protection_only
SGATR_77,9,20270002,train,strict_matched_30_60_90_120,strict_pre_protection_only
SGATR_78,9,20270002,train,strict_matched_30_60_90_120,strict_pre_protection_only
SGATR_79,9,20270002,train,strict_matched_30_60_90_120,strict_pre_protection_only
SGATR_81,9,20270002,train,strict_matched_30_60_90_120,strict_pre_protection_only
SGATR_82,9,20270002,train,strict_matched_30_60_90_120,strict_pre_protection_only
SGATR_83,9,20270002,train,strict_matched_30_60_90_120,strict_pre_protection_only
SGATR_84,9,20270002,train,strict_matched_30_60_90_120,strict_pre_protection_only
SGATR_86,9,20270002,train,strict_matched_30_60_90_120,strict_pre_protection_only
SGATR_87,9,20270002,train,strict_matched_30_60_90_120,strict_pre_protection_only
SGATR_90,9,20270002,train,strict_matched_30_60_90_120,strict_pre_protection_only
SGATR_91,9,20270002,train,strict_matched_30_60_90_120,strict_pre_protection_only
SGATR_92,9,20270002,train,strict_matched_30_60_90_120,strict_pre_protection_only
SGATR_93,9,20270002,train,strict_matched_30_60_90_120,strict_pre_protection_only
SGATR_95,9,20270002,train,strict_matched_30_60_90_120,strict_pre_protection_only
SGATR_99,9,20270002,train,strict_matched_30_60_90_120,strict_pre_protection_only
SGBTR_100,9,20270002,train,strict_matched_30_60_90_120,strict_pre_protection_only
SGBTR_102,9,20270002,train,strict_matched_30_60_90_120,strict_pre_protection_only
SGBTR_103,9,20270002,train,strict_matched_30_60_90_120,strict_pre_protection_only
SGBTR_104,9,20270002,train,strict_matched_30_60_90_120,strict_pre_protection_only
SGBTR_107,9,20270002,train,strict_matched_30_60_90_120,strict_pre_protection_only
SGBTR_108,9,20270002,train,strict_matched_30_60_90_120,strict_pre_protection_only
SGBTR_110,9,20270002,train,strict_matched_30_60_90_120,strict_pre_protection_only
SGBTR_61,9,20270002,train,strict_matched_30_60_90_120,strict_pre_protection_only
SGBTR_62,9,20270002,train,strict_matched_30_60_90_120,strict_pre_protection_only
SGBTR_63,9,20270002,train,strict_matched_30_60_90_120,strict_pre_protection_only
SGBTR_64,9,20270002,train,strict_matched_30_60_90_120,strict_pre_protection_only
SGBTR_65,9,20270002,train,strict_matched_30_60_90_120,strict_pre_protection_only
SGBTR_66,9,20270002,train,strict_matched_30_60_90_120,strict_pre_protection_only
SGBTR_68,9,20270002,train,strict_matched_30_60_90_120,strict_pre_protection_only
SGBTR_70,9,20270002,train,strict_matched_30_60_90_120,strict_pre_protection_only
SGBTR_71,9,20270002,train,strict_matched_30_60_90_120,strict_pre_protection_only
SGBTR_73,9,20270002,train,strict_matched_30_60_90_120,strict_pre_protection_only
SGBTR_75,9,20270002,train,strict_matched_30_60_90_120,strict_pre_protection_only
SGBTR_76,9,20270002,train,strict_matched_30_60_90_120,strict_pre_protection_only
SGBTR_77,9,20270002,train,strict_matched_30_60_90_120,strict_pre_protection_only
SGBTR_78,9,20270002,train,strict_matched_30_60_90_120,strict_pre_protection_only
SGBTR_79,9,20270002,train,strict_matched_30_60_90_120,strict_pre_protection_only
SGBTR_80,9,20270002,train,strict_matched_30_60_90_120,strict_pre_protection_only
SGBTR_81,9,20270002,train,strict_matched_30_60_90_120,strict_pre_protection_only
SGBTR_84,9,20270002,train,strict_matched_30_60_90_120,strict_pre_protection_only
SGBTR_86,9,20270002,train,strict_matched_30_60_90_120,strict_pre_protection_only
SGBTR_87,9,20270002,train,strict_matched_30_60_90_120,strict_pre_protection_only
SGBTR_91,9,20270002,train,strict_matched_30_60_90_120,strict_pre_protection_only
SGBTR_94,9,20270002,train,strict_matched_30_60_90_120,strict_pre_protection_only
SGBTR_97,9,20270002,train,strict_matched_30_60_90_120,strict_pre_protection_only
SGBTR_98,9,20270002,train,strict_matched_30_60_90_120,strict_pre_protection_only
SGBTR_99,9,20270002,train,strict_matched_30_60_90_120,strict_pre_protection_only
SLBIC_101,9,20270002,train,strict_matched_30_60_90_120,strict_pre_protection_only
SLBIC_14,9,20270002,train,strict_matched_30_60_90_120,strict_pre_protection_only
SLBIC_18,9,20270002,train,strict_matched_30_60_90_120,strict_pre_protection_only
SLBIC_20,9,20270002,train,strict_matched_30_60_90_120,strict_pre_protection_only
SLBIC_21,9,20270002,train,strict_matched_30_60_90_120,strict_pre_protection_only
SLBIC_22,9,20270002,train,strict_matched_30_60_90_120,strict_pre_protection_only
SLBIC_24,9,20270002,train,strict_matched_30_60_90_120,strict_pre_protection_only
SLBIC_25,9,20270002,train,strict_matched_30_60_90_120,strict_pre_protection_only
SLBIC_26,9,20270002,train,strict_matched_30_60_90_120,strict_pre_protection_only
SLBIC_27,9,20270002,train,strict_matched_30_60_90_120,strict_pre_protection_only
SLBIC_28,9,20270002,train,strict_matched_30_60_90_120,strict_pre_protection_only
SLBIC_29,9,20270002,train,strict_matched_30_60_90_120,strict_pre_protection_only
SLBIC_30,9,20270002,train,strict_matched_30_60_90_120,strict_pre_protection_only
SLBIC_31,9,20270002,train,strict_matched_30_60_90_120,strict_pre_protection_only
SLBIC_32,9,20270002,train,strict_matched_30_60_90_120,strict_pre_protection_only
SLBIC_34,9,20270002,train,strict_matched_30_60_90_120,strict_pre_protection_only
SLBIC_36,9,20270002,train,strict_matched_30_60_90_120,strict_pre_protection_only
SLBIC_37,9,20270002,train,strict_matched_30_60_90_120,strict_pre_protection_only
SLBIC_38,9,20270002,train,strict_matched_30_60_90_120,strict_pre_protection_only
SLBIC_43,9,20270002,train,strict_matched_30_60_90_120,strict_pre_protection_only
SLBIC_44,9,20270002,train,strict_matched_30_60_90_120,strict_pre_protection_only
SLBIC_47,9,20270002,train,strict_matched_30_60_90_120,strict_pre_protection_only
SLBIC_51,9,20270002,train,strict_matched_30_60_90_120,strict_pre_protection_only
SLBIC_52,9,20270002,train,strict_matched_30_60_90_120,strict_pre_protection_only
SLBIC_53,9,20270002,train,strict_matched_30_60_90_120,strict_pre_protection_only
SLBIC_54,9,20270002,train,strict_matched_30_60_90_120,strict_pre_protection_only
SLBIC_57,9,20270002,train,strict_matched_30_60_90_120,strict_pre_protection_only
SLBIC_58,9,20270002,train,strict_matched_30_60_90_120,strict_pre_protection_only
SLBIC_59,9,20270002,train,strict_matched_30_60_90_120,strict_pre_protection_only
SLBIC_61,9,20270002,train,strict_matched_30_60_90_120,strict_pre_protection_only
SLBIC_64,9,20270002,train,strict_matched_30_60_90_120,strict_pre_protection_only
SLBIC_65,9,20270002,train,strict_matched_30_60_90_120,strict_pre_protection_only
SLBIC_66,9,20270002,train,strict_matched_30_60_90_120,strict_pre_protection_only
SLBIC_67,9,20270002,train,strict_matched_30_60_90_120,strict_pre_protection_only
SLBIC_70,9,20270002,train,strict_matched_30_60_90_120,strict_pre_protection_only
SLBIC_72,9,20270002,train,strict_matched_30_60_90_120,strict_pre_protection_only
SLBIC_73,9,20270002,train,strict_matched_30_60_90_120,strict_pre_protection_only
SLBIC_74,9,20270002,train,strict_matched_30_60_90_120,strict_pre_protection_only
SLBIC_76,9,20270002,train,strict_matched_30_60_90_120,strict_pre_protection_only
SLBIC_79,9,20270002,train,strict_matched_30_60_90_120,strict_pre_protection_only
SLBIC_82,9,20270002,train,strict_matched_30_60_90_120,strict_pre_protection_only
SLBIC_83,9,20270002,train,strict_matched_30_60_90_120,strict_pre_protection_only
SLBIC_84,9,20270002,train,strict_matched_30_60_90_120,strict_pre_protection_only
SLBIC_86,9,20270002,train,strict_matched_30_60_90_120,strict_pre_protection_only
SLBIC_88,9,20270002,train,strict_matched_30_60_90_120,strict_pre_protection_only
SLBIC_89,9,20270002,train,strict_matched_30_60_90_120,strict_pre_protection_only
SLBIC_90,9,20270002,train,strict_matched_30_60_90_120,strict_pre_protection_only
SLBIC_91,9,20270002,train,strict_matched_30_60_90_120,strict_pre_protection_only
SLBIC_92,9,20270002,train,strict_matched_30_60_90_120,strict_pre_protection_only
SLBIC_94,9,20270002,train,strict_matched_30_60_90_120,strict_pre_protection_only
SLBIC_95,9,20270002,train,strict_matched_30_60_90_120,strict_pre_protection_only
SLBIC_98,9,20270002,train,strict_matched_30_60_90_120,strict_pre_protection_only
SLBIC_99,9,20270002,train,strict_matched_30_60_90_120,strict_pre_protection_only
FLB_10,9,20270002,validation,strict_matched_30_60_90_120,strict_pre_protection_only
FLB_22,9,20270002,validation,strict_matched_30_60_90_120,strict_pre_protection_only
FLB_27,9,20270002,validation,strict_matched_30_60_90_120,strict_pre_protection_only
FLB_29,9,20270002,validation,strict_matched_30_60_90_120,strict_pre_protection_only
FLB_3,9,20270002,validation,strict_matched_30_60_90_120,strict_pre_protection_only
FLB_47,9,20270002,validation,strict_matched_30_60_90_120,strict_pre_protection_only
FLB_48,9,20270002,validation,strict_matched_30_60_90_120,strict_pre_protection_only
FLB_5,9,20270002,validation,strict_matched_30_60_90_120,strict_pre_protection_only
FLB_55,9,20270002,validation,strict_matched_30_60_90_120,strict_pre_protection_only
FLB_61,9,20270002,validation,strict_matched_30_60_90_120,strict_pre_protection_only
FLB_65,9,20270002,validation,strict_matched_30_60_90_120,strict_pre_protection_only
FLB_69,9,20270002,validation,strict_matched_30_60_90_120,strict_pre_protection_only
FLB_70,9,20270002,validation,strict_matched_30_60_90_120,strict_pre_protection_only
FLB_82,9,20270002,validation,strict_matched_30_60_90_120,strict_pre_protection_only
FLB_83,9,20270002,validation,strict_matched_30_60_90_120,strict_pre_protection_only
FLB_87,9,20270002,validation,strict_matched_30_60_90_120,strict_pre_protection_only
FLB_88,9,20270002,validation,strict_matched_30_60_90_120,strict_pre_protection_only
FLB_90,9,20270002,validation,strict_matched_30_60_90_120,strict_pre_protection_only
FLB_95,9,20270002,validation,strict_matched_30_60_90_120,strict_pre_protection_only
FLB_96,9,20270002,validation,strict_matched_30_60_90_120,strict_pre_protection_only
LOCAC_11,9,20270002,validation,strict_matched_30_60_90_120,strict_pre_protection_only
LOCAC_14,9,20270002,validation,strict_matched_30_60_90_120,strict_pre_protection_only
LOCAC_16,9,20270002,validation,strict_matched_30_60_90_120,strict_pre_protection_only
LOCAC_2,9,20270002,validation,strict_matched_30_60_90_120,strict_pre_protection_only
LOCAC_20,9,20270002,validation,strict_matched_30_60_90_120,strict_pre_protection_only
LOCAC_24,9,20270002,validation,strict_matched_30_60_90_120,strict_pre_protection_only
LOCAC_26,9,20270002,validation,strict_matched_30_60_90_120,strict_pre_protection_only
LOCAC_31,9,20270002,validation,strict_matched_30_60_90_120,strict_pre_protection_only
LOCAC_32,9,20270002,validation,strict_matched_30_60_90_120,strict_pre_protection_only
LOCAC_38,9,20270002,validation,strict_matched_30_60_90_120,strict_pre_protection_only
LOCAC_45,9,20270002,validation,strict_matched_30_60_90_120,strict_pre_protection_only
LOCAC_53,9,20270002,validation,strict_matched_30_60_90_120,strict_pre_protection_only
LOCAC_58,9,20270002,validation,strict_matched_30_60_90_120,strict_pre_protection_only
LOCAC_65,9,20270002,validation,strict_matched_30_60_90_120,strict_pre_protection_only
LOCAC_66,9,20270002,validation,strict_matched_30_60_90_120,strict_pre_protection_only
LOCAC_69,9,20270002,validation,strict_matched_30_60_90_120,strict_pre_protection_only
LOCA_1,9,20270002,validation,strict_matched_30_60_90_120,strict_pre_protection_only
LOCA_16,9,20270002,validation,strict_matched_30_60_90_120,strict_pre_protection_only
LOCA_24,9,20270002,validation,strict_matched_30_60_90_120,strict_pre_protection_only
LOCA_27,9,20270002,validation,strict_matched_30_60_90_120,strict_pre_protection_only
LOCA_31,9,20270002,validation,strict_matched_30_60_90_120,strict_pre_protection_only
LOCA_32,9,20270002,validation,strict_matched_30_60_90_120,strict_pre_protection_only
LOCA_35,9,20270002,validation,strict_matched_30_60_90_120,strict_pre_protection_only
LOCA_38,9,20270002,validation,strict_matched_30_60_90_120,strict_pre_protection_only
LOCA_49,9,20270002,validation,strict_matched_30_60_90_120,strict_pre_protection_only
LOCA_5,9,20270002,validation,strict_matched_30_60_90_120,strict_pre_protection_only
LOCA_50,9,20270002,validation,strict_matched_30_60_90_120,strict_pre_protection_only
LOCA_59,9,20270002,validation,strict_matched_30_60_90_120,strict_pre_protection_only
LOCA_60,9,20270002,validation,strict_matched_30_60_90_120,strict_pre_protection_only
LOCA_62,9,20270002,validation,strict_matched_30_60_90_120,strict_pre_protection_only
LOCA_68,9,20270002,validation,strict_matched_30_60_90_120,strict_pre_protection_only
RI_-14,9,20270002,validation,strict_matched_30_60_90_120,strict_pre_protection_only
RI_-15,9,20270002,validation,strict_matched_30_60_90_120,strict_pre_protection_only
RI_-19,9,20270002,validation,strict_matched_30_60_90_120,strict_pre_protection_only
RI_-6,9,20270002,validation,strict_matched_30_60_90_120,strict_pre_protection_only
RI_-9,9,20270002,validation,strict_matched_30_60_90_120,strict_pre_protection_only
RW_1,9,20270002,validation,strict_matched_30_60_90_120,strict_pre_protection_only
SGATR_65,9,20270002,validation,strict_matched_30_60_90_120,strict_pre_protection_only
SGATR_68,9,20270002,validation,strict_matched_30_60_90_120,strict_pre_protection_only
SGATR_70,9,20270002,validation,strict_matched_30_60_90_120,strict_pre_protection_only
SGATR_72,9,20270002,validation,strict_matched_30_60_90_120,strict_pre_protection_only
SGATR_74,9,20270002,validation,strict_matched_30_60_90_120,strict_pre_protection_only
SGATR_76,9,20270002,validation,strict_matched_30_60_90_120,strict_pre_protection_only
SGATR_85,9,20270002,validation,strict_matched_30_60_90_120,strict_pre_protection_only
SGATR_96,9,20270002,validation,strict_matched_30_60_90_120,strict_pre_protection_only
SGATR_98,9,20270002,validation,strict_matched_30_60_90_120,strict_pre_protection_only
SGBTR_101,9,20270002,validation,strict_matched_30_60_90_120,strict_pre_protection_only
SGBTR_106,9,20270002,validation,strict_matched_30_60_90_120,strict_pre_protection_only
SGBTR_109,9,20270002,validation,strict_matched_30_60_90_120,strict_pre_protection_only
SGBTR_60,9,20270002,validation,strict_matched_30_60_90_120,strict_pre_protection_only
SGBTR_67,9,20270002,validation,strict_matched_30_60_90_120,strict_pre_protection_only
SGBTR_72,9,20270002,validation,strict_matched_30_60_90_120,strict_pre_protection_only
SGBTR_74,9,20270002,validation,strict_matched_30_60_90_120,strict_pre_protection_only
SGBTR_82,9,20270002,validation,strict_matched_30_60_90_120,strict_pre_protection_only
SGBTR_89,9,20270002,validation,strict_matched_30_60_90_120,strict_pre_protection_only
SGBTR_92,9,20270002,validation,strict_matched_30_60_90_120,strict_pre_protection_only
SGBTR_96,9,20270002,validation,strict_matched_30_60_90_120,strict_pre_protection_only
SLBIC_19,9,20270002,validation,strict_matched_30_60_90_120,strict_pre_protection_only
SLBIC_33,9,20270002,validation,strict_matched_30_60_90_120,strict_pre_protection_only
SLBIC_39,9,20270002,validation,strict_matched_30_60_90_120,strict_pre_protection_only
SLBIC_41,9,20270002,validation,strict_matched_30_60_90_120,strict_pre_protection_only
SLBIC_45,9,20270002,validation,strict_matched_30_60_90_120,strict_pre_protection_only
SLBIC_48,9,20270002,validation,strict_matched_30_60_90_120,strict_pre_protection_only
SLBIC_55,9,20270002,validation,strict_matched_30_60_90_120,strict_pre_protection_only
SLBIC_60,9,20270002,validation,strict_matched_30_60_90_120,strict_pre_protection_only
SLBIC_62,9,20270002,validation,strict_matched_30_60_90_120,strict_pre_protection_only
SLBIC_63,9,20270002,validation,strict_matched_30_60_90_120,strict_pre_protection_only
SLBIC_68,9,20270002,validation,strict_matched_30_60_90_120,strict_pre_protection_only
SLBIC_77,9,20270002,validation,strict_matched_30_60_90_120,strict_pre_protection_only
SLBIC_78,9,20270002,validation,strict_matched_30_60_90_120,strict_pre_protection_only
SLBIC_81,9,20270002,validation,strict_matched_30_60_90_120,strict_pre_protection_only
SLBIC_85,9,20270002,validation,strict_matched_30_60_90_120,strict_pre_protection_only
SLBIC_87,9,20270002,validation,strict_matched_30_60_90_120,strict_pre_protection_only
SLBIC_96,9,20270002,validation,strict_matched_30_60_90_120,strict_pre_protection_only
FLB_11,9,20270002,test,strict_matched_30_60_90_120,strict_pre_protection_only
FLB_19,9,20270002,test,strict_matched_30_60_90_120,strict_pre_protection_only
FLB_25,9,20270002,test,strict_matched_30_60_90_120,strict_pre_protection_only
FLB_26,9,20270002,test,strict_matched_30_60_90_120,strict_pre_protection_only
FLB_34,9,20270002,test,strict_matched_30_60_90_120,strict_pre_protection_only
FLB_35,9,20270002,test,strict_matched_30_60_90_120,strict_pre_protection_only
FLB_36,9,20270002,test,strict_matched_30_60_90_120,strict_pre_protection_only
FLB_39,9,20270002,test,strict_matched_30_60_90_120,strict_pre_protection_only
FLB_41,9,20270002,test,strict_matched_30_60_90_120,strict_pre_protection_only
FLB_44,9,20270002,test,strict_matched_30_60_90_120,strict_pre_protection_only
FLB_51,9,20270002,test,strict_matched_30_60_90_120,strict_pre_protection_only
FLB_57,9,20270002,test,strict_matched_30_60_90_120,strict_pre_protection_only
FLB_62,9,20270002,test,strict_matched_30_60_90_120,strict_pre_protection_only
FLB_67,9,20270002,test,strict_matched_30_60_90_120,strict_pre_protection_only
FLB_68,9,20270002,test,strict_matched_30_60_90_120,strict_pre_protection_only
FLB_78,9,20270002,test,strict_matched_30_60_90_120,strict_pre_protection_only
FLB_80,9,20270002,test,strict_matched_30_60_90_120,strict_pre_protection_only
FLB_85,9,20270002,test,strict_matched_30_60_90_120,strict_pre_protection_only
FLB_89,9,20270002,test,strict_matched_30_60_90_120,strict_pre_protection_only
FLB_92,9,20270002,test,strict_matched_30_60_90_120,strict_pre_protection_only
LOCAC_10,9,20270002,test,strict_matched_30_60_90_120,strict_pre_protection_only
LOCAC_15,9,20270002,test,strict_matched_30_60_90_120,strict_pre_protection_only
LOCAC_17,9,20270002,test,strict_matched_30_60_90_120,strict_pre_protection_only
LOCAC_22,9,20270002,test,strict_matched_30_60_90_120,strict_pre_protection_only
LOCAC_3,9,20270002,test,strict_matched_30_60_90_120,strict_pre_protection_only
LOCAC_34,9,20270002,test,strict_matched_30_60_90_120,strict_pre_protection_only
LOCAC_35,9,20270002,test,strict_matched_30_60_90_120,strict_pre_protection_only
LOCAC_36,9,20270002,test,strict_matched_30_60_90_120,strict_pre_protection_only
LOCAC_37,9,20270002,test,strict_matched_30_60_90_120,strict_pre_protection_only
LOCAC_44,9,20270002,test,strict_matched_30_60_90_120,strict_pre_protection_only
LOCAC_54,9,20270002,test,strict_matched_30_60_90_120,strict_pre_protection_only
LOCAC_62,9,20270002,test,strict_matched_30_60_90_120,strict_pre_protection_only
LOCAC_71,9,20270002,test,strict_matched_30_60_90_120,strict_pre_protection_only
LOCAC_74,9,20270002,test,strict_matched_30_60_90_120,strict_pre_protection_only
LOCAC_75,9,20270002,test,strict_matched_30_60_90_120,strict_pre_protection_only
LOCAC_9,9,20270002,test,strict_matched_30_60_90_120,strict_pre_protection_only
LOCA_11,9,20270002,test,strict_matched_30_60_90_120,strict_pre_protection_only
LOCA_14,9,20270002,test,strict_matched_30_60_90_120,strict_pre_protection_only
LOCA_2,9,20270002,test,strict_matched_30_60_90_120,strict_pre_protection_only
LOCA_23,9,20270002,test,strict_matched_30_60_90_120,strict_pre_protection_only
LOCA_26,9,20270002,test,strict_matched_30_60_90_120,strict_pre_protection_only
LOCA_3,9,20270002,test,strict_matched_30_60_90_120,strict_pre_protection_only
LOCA_34,9,20270002,test,strict_matched_30_60_90_120,strict_pre_protection_only
LOCA_45,9,20270002,test,strict_matched_30_60_90_120,strict_pre_protection_only
LOCA_46,9,20270002,test,strict_matched_30_60_90_120,strict_pre_protection_only
LOCA_53,9,20270002,test,strict_matched_30_60_90_120,strict_pre_protection_only
LOCA_63,9,20270002,test,strict_matched_30_60_90_120,strict_pre_protection_only
LOCA_66,9,20270002,test,strict_matched_30_60_90_120,strict_pre_protection_only
LOCA_67,9,20270002,test,strict_matched_30_60_90_120,strict_pre_protection_only
LOCA_77,9,20270002,test,strict_matched_30_60_90_120,strict_pre_protection_only
LOCA_9,9,20270002,test,strict_matched_30_60_90_120,strict_pre_protection_only
RI_-13,9,20270002,test,strict_matched_30_60_90_120,strict_pre_protection_only
RI_-16,9,20270002,test,strict_matched_30_60_90_120,strict_pre_protection_only
RI_-2,9,20270002,test,strict_matched_30_60_90_120,strict_pre_protection_only
RI_-35,9,20270002,test,strict_matched_30_60_90_120,strict_pre_protection_only
RI_-4,9,20270002,test,strict_matched_30_60_90_120,strict_pre_protection_only
RI_-5,9,20270002,test,strict_matched_30_60_90_120,strict_pre_protection_only
SGATR_100,9,20270002,test,strict_matched_30_60_90_120,strict_pre_protection_only
SGATR_61,9,20270002,test,strict_matched_30_60_90_120,strict_pre_protection_only
SGATR_71,9,20270002,test,strict_matched_30_60_90_120,strict_pre_protection_only
SGATR_73,9,20270002,test,strict_matched_30_60_90_120,strict_pre_protection_only
SGATR_80,9,20270002,test,strict_matched_30_60_90_120,strict_pre_protection_only
SGATR_88,9,20270002,test,strict_matched_30_60_90_120,strict_pre_protection_only
SGATR_89,9,20270002,test,strict_matched_30_60_90_120,strict_pre_protection_only
SGATR_94,9,20270002,test,strict_matched_30_60_90_120,strict_pre_protection_only
SGATR_97,9,20270002,test,strict_matched_30_60_90_120,strict_pre_protection_only
SGBTR_105,9,20270002,test,strict_matched_30_60_90_120,strict_pre_protection_only
SGBTR_57,9,20270002,test,strict_matched_30_60_90_120,strict_pre_protection_only
SGBTR_58,9,20270002,test,strict_matched_30_60_90_120,strict_pre_protection_only
SGBTR_59,9,20270002,test,strict_matched_30_60_90_120,strict_pre_protection_only
SGBTR_69,9,20270002,test,strict_matched_30_60_90_120,strict_pre_protection_only
SGBTR_83,9,20270002,test,strict_matched_30_60_90_120,strict_pre_protection_only
SGBTR_85,9,20270002,test,strict_matched_30_60_90_120,strict_pre_protection_only
SGBTR_88,9,20270002,test,strict_matched_30_60_90_120,strict_pre_protection_only
SGBTR_90,9,20270002,test,strict_matched_30_60_90_120,strict_pre_protection_only
SGBTR_93,9,20270002,test,strict_matched_30_60_90_120,strict_pre_protection_only
SGBTR_95,9,20270002,test,strict_matched_30_60_90_120,strict_pre_protection_only
SLBIC_100,9,20270002,test,strict_matched_30_60_90_120,strict_pre_protection_only
SLBIC_15,9,20270002,test,strict_matched_30_60_90_120,strict_pre_protection_only
SLBIC_16,9,20270002,test,strict_matched_30_60_90_120,strict_pre_protection_only
SLBIC_17,9,20270002,test,strict_matched_30_60_90_120,strict_pre_protection_only
SLBIC_23,9,20270002,test,strict_matched_30_60_90_120,strict_pre_protection_only
SLBIC_35,9,20270002,test,strict_matched_30_60_90_120,strict_pre_protection_only
SLBIC_40,9,20270002,test,strict_matched_30_60_90_120,strict_pre_protection_only
SLBIC_42,9,20270002,test,strict_matched_30_60_90_120,strict_pre_protection_only
SLBIC_46,9,20270002,test,strict_matched_30_60_90_120,strict_pre_protection_only
SLBIC_49,9,20270002,test,strict_matched_30_60_90_120,strict_pre_protection_only
SLBIC_50,9,20270002,test,strict_matched_30_60_90_120,strict_pre_protection_only
SLBIC_56,9,20270002,test,strict_matched_30_60_90_120,strict_pre_protection_only
SLBIC_69,9,20270002,test,strict_matched_30_60_90_120,strict_pre_protection_only
SLBIC_71,9,20270002,test,strict_matched_30_60_90_120,strict_pre_protection_only
SLBIC_75,9,20270002,test,strict_matched_30_60_90_120,strict_pre_protection_only
SLBIC_80,9,20270002,test,strict_matched_30_60_90_120,strict_pre_protection_only
SLBIC_93,9,20270002,test,strict_matched_30_60_90_120,strict_pre_protection_only
SLBIC_97,9,20270002,test,strict_matched_30_60_90_120,strict_pre_protection_only
