split_type,split_id,seed,window_s,input_group,model,eval_split,n_train,n_validation,n_test,n_features,fit_status,accuracy,macro_f1_fixed_12,macro_f1_observed_classes,balanced_accuracy,n_classes_eval,minimum_test_support,selected_for_test
random,seed_20260921,20260921.0,30,A_strict_38,logistic_regression,validation,303,101,101,190,fitted,0.43564356435643564,0.21857478748417436,0.32786218122626154,0.3897058823529412,8,6,False
random,seed_20260921,20260921.0,30,A_strict_38,logistic_regression,test,303,101,101,190,fitted,0.44554455445544555,0.2251984126984127,0.33779761904761907,0.39583333333333337,8,5,False
random,seed_20260921,20260921.0,30,A_strict_38,random_forest,validation,303,101,101,190,fitted,0.43564356435643564,0.21857478748417436,0.32786218122626154,0.3897058823529412,8,6,False
random,seed_20260921,20260921.0,30,A_strict_38,random_forest,test,303,101,101,190,fitted,0.44554455445544555,0.2251984126984127,0.33779761904761907,0.39583333333333337,8,5,False
random,seed_20260921,20260921.0,30,A_strict_38,hist_gradient_boosting,validation,303,101,101,190,fitted,0.43564356435643564,0.21857478748417436,0.32786218122626154,0.3897058823529412,8,6,False
random,seed_20260921,20260921.0,30,A_strict_38,hist_gradient_boosting,test,303,101,101,190,fitted,0.44554455445544555,0.2251984126984127,0.33779761904761907,0.39583333333333337,8,5,True
random,seed_20260921,20260921.0,30,B_without_potential_leakage,logistic_regression,validation,303,101,101,185,fitted,0.43564356435643564,0.21857478748417436,0.32786218122626154,0.3897058823529412,8,6,False
random,seed_20260921,20260921.0,30,B_without_potential_leakage,logistic_regression,test,303,101,101,185,fitted,0.44554455445544555,0.2251984126984127,0.33779761904761907,0.39583333333333337,8,5,False
random,seed_20260921,20260921.0,30,B_without_potential_leakage,random_forest,validation,303,101,101,185,fitted,0.43564356435643564,0.21857478748417436,0.32786218122626154,0.3897058823529412,8,6,False
random,seed_20260921,20260921.0,30,B_without_potential_leakage,random_forest,test,303,101,101,185,fitted,0.44554455445544555,0.2251984126984127,0.33779761904761907,0.39583333333333337,8,5,False
random,seed_20260921,20260921.0,30,B_without_potential_leakage,hist_gradient_boosting,validation,303,101,101,185,fitted,0.43564356435643564,0.21857478748417436,0.32786218122626154,0.3897058823529412,8,6,False
random,seed_20260921,20260921.0,30,B_without_potential_leakage,hist_gradient_boosting,test,303,101,101,185,fitted,0.44554455445544555,0.2251984126984127,0.33779761904761907,0.39583333333333337,8,5,True
random,seed_20260921,20260921.0,30,C_without_SLBIC_initial,logistic_regression,validation,303,101,101,120,fitted,0.43564356435643564,0.21857478748417436,0.32786218122626154,0.3897058823529412,8,6,False
random,seed_20260921,20260921.0,30,C_without_SLBIC_initial,logistic_regression,test,303,101,101,120,fitted,0.44554455445544555,0.2251984126984127,0.33779761904761907,0.39583333333333337,8,5,False
random,seed_20260921,20260921.0,30,C_without_SLBIC_initial,random_forest,validation,303,101,101,120,fitted,0.43564356435643564,0.21857478748417436,0.32786218122626154,0.3897058823529412,8,6,False
random,seed_20260921,20260921.0,30,C_without_SLBIC_initial,random_forest,test,303,101,101,120,fitted,0.44554455445544555,0.2251984126984127,0.33779761904761907,0.39583333333333337,8,5,False
random,seed_20260921,20260921.0,30,C_without_SLBIC_initial,hist_gradient_boosting,validation,303,101,101,120,fitted,0.43564356435643564,0.21857478748417436,0.32786218122626154,0.3897058823529412,8,6,False
random,seed_20260921,20260921.0,30,C_without_SLBIC_initial,hist_gradient_boosting,test,303,101,101,120,fitted,0.44554455445544555,0.2251984126984127,0.33779761904761907,0.39583333333333337,8,5,True
random,seed_20260921,20260921.0,60,A_strict_38,logistic_regression,validation,303,101,101,190,fitted,0.43564356435643564,0.21857478748417436,0.32786218122626154,0.3897058823529412,8,6,False
random,seed_20260921,20260921.0,60,A_strict_38,logistic_regression,test,303,101,101,190,fitted,0.44554455445544555,0.2251984126984127,0.33779761904761907,0.39583333333333337,8,5,False
random,seed_20260921,20260921.0,60,A_strict_38,random_forest,validation,303,101,101,190,fitted,0.43564356435643564,0.21857478748417436,0.32786218122626154,0.3897058823529412,8,6,False
random,seed_20260921,20260921.0,60,A_strict_38,random_forest,test,303,101,101,190,fitted,0.44554455445544555,0.2251984126984127,0.33779761904761907,0.39583333333333337,8,5,False
random,seed_20260921,20260921.0,60,A_strict_38,hist_gradient_boosting,validation,303,101,101,190,fitted,0.43564356435643564,0.21857478748417436,0.32786218122626154,0.3897058823529412,8,6,False
random,seed_20260921,20260921.0,60,A_strict_38,hist_gradient_boosting,test,303,101,101,190,fitted,0.44554455445544555,0.2251984126984127,0.33779761904761907,0.39583333333333337,8,5,True
random,seed_20260921,20260921.0,60,B_without_potential_leakage,logistic_regression,validation,303,101,101,185,fitted,0.43564356435643564,0.21857478748417436,0.32786218122626154,0.3897058823529412,8,6,False
random,seed_20260921,20260921.0,60,B_without_potential_leakage,logistic_regression,test,303,101,101,185,fitted,0.44554455445544555,0.2251984126984127,0.33779761904761907,0.39583333333333337,8,5,False
random,seed_20260921,20260921.0,60,B_without_potential_leakage,random_forest,validation,303,101,101,185,fitted,0.43564356435643564,0.21857478748417436,0.32786218122626154,0.3897058823529412,8,6,False
random,seed_20260921,20260921.0,60,B_without_potential_leakage,random_forest,test,303,101,101,185,fitted,0.44554455445544555,0.2251984126984127,0.33779761904761907,0.39583333333333337,8,5,False
random,seed_20260921,20260921.0,60,B_without_potential_leakage,hist_gradient_boosting,validation,303,101,101,185,fitted,0.43564356435643564,0.21857478748417436,0.32786218122626154,0.3897058823529412,8,6,False
random,seed_20260921,20260921.0,60,B_without_potential_leakage,hist_gradient_boosting,test,303,101,101,185,fitted,0.44554455445544555,0.2251984126984127,0.33779761904761907,0.39583333333333337,8,5,True
random,seed_20260921,20260921.0,60,C_without_SLBIC_initial,logistic_regression,validation,303,101,101,120,fitted,0.43564356435643564,0.21857478748417436,0.32786218122626154,0.3897058823529412,8,6,False
random,seed_20260921,20260921.0,60,C_without_SLBIC_initial,logistic_regression,test,303,101,101,120,fitted,0.44554455445544555,0.2251984126984127,0.33779761904761907,0.39583333333333337,8,5,False
random,seed_20260921,20260921.0,60,C_without_SLBIC_initial,random_forest,validation,303,101,101,120,fitted,0.43564356435643564,0.21857478748417436,0.32786218122626154,0.3897058823529412,8,6,False
random,seed_20260921,20260921.0,60,C_without_SLBIC_initial,random_forest,test,303,101,101,120,fitted,0.44554455445544555,0.2251984126984127,0.33779761904761907,0.39583333333333337,8,5,False
random,seed_20260921,20260921.0,60,C_without_SLBIC_initial,hist_gradient_boosting,validation,303,101,101,120,fitted,0.43564356435643564,0.21857478748417436,0.32786218122626154,0.3897058823529412,8,6,False
random,seed_20260921,20260921.0,60,C_without_SLBIC_initial,hist_gradient_boosting,test,303,101,101,120,fitted,0.44554455445544555,0.2251984126984127,0.33779761904761907,0.39583333333333337,8,5,True
random,seed_20260921,20260921.0,90,A_strict_38,logistic_regression,validation,303,101,101,190,fitted,0.43564356435643564,0.21857478748417436,0.32786218122626154,0.3897058823529412,8,6,False
random,seed_20260921,20260921.0,90,A_strict_38,logistic_regression,test,303,101,101,190,fitted,0.44554455445544555,0.2251984126984127,0.33779761904761907,0.39583333333333337,8,5,False
random,seed_20260921,20260921.0,90,A_strict_38,random_forest,validation,303,101,101,190,fitted,0.43564356435643564,0.21857478748417436,0.32786218122626154,0.3897058823529412,8,6,False
random,seed_20260921,20260921.0,90,A_strict_38,random_forest,test,303,101,101,190,fitted,0.44554455445544555,0.2251984126984127,0.33779761904761907,0.39583333333333337,8,5,False
random,seed_20260921,20260921.0,90,A_strict_38,hist_gradient_boosting,validation,303,101,101,190,fitted,0.43564356435643564,0.21857478748417436,0.32786218122626154,0.3897058823529412,8,6,False
random,seed_20260921,20260921.0,90,A_strict_38,hist_gradient_boosting,test,303,101,101,190,fitted,0.44554455445544555,0.2251984126984127,0.33779761904761907,0.39583333333333337,8,5,True
random,seed_20260921,20260921.0,90,B_without_potential_leakage,logistic_regression,validation,303,101,101,185,fitted,0.43564356435643564,0.21857478748417436,0.32786218122626154,0.3897058823529412,8,6,False
random,seed_20260921,20260921.0,90,B_without_potential_leakage,logistic_regression,test,303,101,101,185,fitted,0.44554455445544555,0.2251984126984127,0.33779761904761907,0.39583333333333337,8,5,False
random,seed_20260921,20260921.0,90,B_without_potential_leakage,random_forest,validation,303,101,101,185,fitted,0.43564356435643564,0.21857478748417436,0.32786218122626154,0.3897058823529412,8,6,False
random,seed_20260921,20260921.0,90,B_without_potential_leakage,random_forest,test,303,101,101,185,fitted,0.44554455445544555,0.2251984126984127,0.33779761904761907,0.39583333333333337,8,5,False
random,seed_20260921,20260921.0,90,B_without_potential_leakage,hist_gradient_boosting,validation,303,101,101,185,fitted,0.43564356435643564,0.21857478748417436,0.32786218122626154,0.3897058823529412,8,6,False
random,seed_20260921,20260921.0,90,B_without_potential_leakage,hist_gradient_boosting,test,303,101,101,185,fitted,0.44554455445544555,0.2251984126984127,0.33779761904761907,0.39583333333333337,8,5,True
random,seed_20260921,20260921.0,90,C_without_SLBIC_initial,logistic_regression,validation,303,101,101,120,fitted,0.43564356435643564,0.21857478748417436,0.32786218122626154,0.3897058823529412,8,6,False
random,seed_20260921,20260921.0,90,C_without_SLBIC_initial,logistic_regression,test,303,101,101,120,fitted,0.44554455445544555,0.2251984126984127,0.33779761904761907,0.39583333333333337,8,5,False
random,seed_20260921,20260921.0,90,C_without_SLBIC_initial,random_forest,validation,303,101,101,120,fitted,0.43564356435643564,0.21857478748417436,0.32786218122626154,0.3897058823529412,8,6,False
random,seed_20260921,20260921.0,90,C_without_SLBIC_initial,random_forest,test,303,101,101,120,fitted,0.44554455445544555,0.2251984126984127,0.33779761904761907,0.39583333333333337,8,5,False
random,seed_20260921,20260921.0,90,C_without_SLBIC_initial,hist_gradient_boosting,validation,303,101,101,120,fitted,0.43564356435643564,0.21857478748417436,0.32786218122626154,0.3897058823529412,8,6,False
random,seed_20260921,20260921.0,90,C_without_SLBIC_initial,hist_gradient_boosting,test,303,101,101,120,fitted,0.44554455445544555,0.2251984126984127,0.33779761904761907,0.39583333333333337,8,5,True
random,seed_20260921,20260921.0,120,A_strict_38,logistic_regression,validation,303,101,101,190,fitted,0.9603960396039604,0.6469638242894057,0.9704457364341086,0.9677083333333334,8,6,False
random,seed_20260921,20260921.0,120,A_strict_38,logistic_regression,test,303,101,101,190,fitted,0.9900990099009901,0.6619459742984527,0.992918961447679,0.9921875,8,5,False
random,seed_20260921,20260921.0,120,A_strict_38,random_forest,validation,303,101,101,190,fitted,0.9900990099009901,0.6615975422427035,0.9923963133640553,0.9921875,8,6,False
random,seed_20260921,20260921.0,120,A_strict_38,random_forest,test,303,101,101,190,fitted,1.0,0.6666666666666666,1.0,1.0,8,5,False
random,seed_20260921,20260921.0,120,A_strict_38,hist_gradient_boosting,validation,303,101,101,190,fitted,0.9900990099009901,0.6615975422427035,0.9923963133640553,0.9921875,8,6,False
random,seed_20260921,20260921.0,120,A_strict_38,hist_gradient_boosting,test,303,101,101,190,fitted,1.0,0.6666666666666666,1.0,1.0,8,5,True
random,seed_20260921,20260921.0,120,B_without_potential_leakage,logistic_regression,validation,303,101,101,185,fitted,0.9603960396039604,0.6469638242894057,0.9704457364341086,0.9677083333333334,8,6,False
random,seed_20260921,20260921.0,120,B_without_potential_leakage,logistic_regression,test,303,101,101,185,fitted,0.9900990099009901,0.6619459742984527,0.992918961447679,0.9921875,8,5,False
random,seed_20260921,20260921.0,120,B_without_potential_leakage,random_forest,validation,303,101,101,185,fitted,0.9900990099009901,0.6615975422427035,0.9923963133640553,0.9921875,8,6,False
random,seed_20260921,20260921.0,120,B_without_potential_leakage,random_forest,test,303,101,101,185,fitted,1.0,0.6666666666666666,1.0,1.0,8,5,False
random,seed_20260921,20260921.0,120,B_without_potential_leakage,hist_gradient_boosting,validation,303,101,101,185,fitted,0.9900990099009901,0.6615975422427035,0.9923963133640553,0.9921875,8,6,False
random,seed_20260921,20260921.0,120,B_without_potential_leakage,hist_gradient_boosting,test,303,101,101,185,fitted,1.0,0.6666666666666666,1.0,1.0,8,5,True
random,seed_20260921,20260921.0,120,C_without_SLBIC_initial,logistic_regression,validation,303,101,101,120,fitted,0.9603960396039604,0.6469638242894057,0.9704457364341086,0.9677083333333334,8,6,False
random,seed_20260921,20260921.0,120,C_without_SLBIC_initial,logistic_regression,test,303,101,101,120,fitted,0.9801980198019802,0.6576292882744496,0.9864439324116744,0.9852430555555556,8,5,False
random,seed_20260921,20260921.0,120,C_without_SLBIC_initial,random_forest,validation,303,101,101,120,fitted,0.9801980198019802,0.6564753017756355,0.9847129526634533,0.9838541666666667,8,6,False
random,seed_20260921,20260921.0,120,C_without_SLBIC_initial,random_forest,test,303,101,101,120,fitted,1.0,0.6666666666666666,1.0,1.0,8,5,False
random,seed_20260921,20260921.0,120,C_without_SLBIC_initial,hist_gradient_boosting,validation,303,101,101,120,fitted,0.9900990099009901,0.6615975422427035,0.9923963133640553,0.9921875,8,6,False
random,seed_20260921,20260921.0,120,C_without_SLBIC_initial,hist_gradient_boosting,test,303,101,101,120,fitted,1.0,0.6666666666666666,1.0,1.0,8,5,True
random,seed_20261930,20261930.0,30,A_strict_38,logistic_regression,validation,303,101,101,190,fitted,0.42574257425742573,0.20473463153875524,0.2729795087183403,0.3398692810457516,9,1,False
random,seed_20261930,20261930.0,30,A_strict_38,logistic_regression,test,303,101,101,190,fitted,0.42574257425742573,0.20945220193340494,0.3141783029001074,0.3819444444444444,8,5,False
random,seed_20261930,20261930.0,30,A_strict_38,random_forest,validation,303,101,101,190,fitted,0.42574257425742573,0.20473463153875524,0.2729795087183403,0.3398692810457516,9,1,False
random,seed_20261930,20261930.0,30,A_strict_38,random_forest,test,303,101,101,190,fitted,0.42574257425742573,0.20945220193340494,0.3141783029001074,0.3819444444444444,8,5,False
random,seed_20261930,20261930.0,30,A_strict_38,hist_gradient_boosting,validation,303,101,101,190,fitted,0.42574257425742573,0.20473463153875524,0.2729795087183403,0.3398692810457516,9,1,False
random,seed_20261930,20261930.0,30,A_strict_38,hist_gradient_boosting,test,303,101,101,190,fitted,0.42574257425742573,0.20945220193340494,0.3141783029001074,0.3819444444444444,8,5,True
random,seed_20261930,20261930.0,30,B_without_potential_leakage,logistic_regression,validation,303,101,101,185,fitted,0.42574257425742573,0.20473463153875524,0.2729795087183403,0.3398692810457516,9,1,False
random,seed_20261930,20261930.0,30,B_without_potential_leakage,logistic_regression,test,303,101,101,185,fitted,0.42574257425742573,0.20945220193340494,0.3141783029001074,0.3819444444444444,8,5,False
random,seed_20261930,20261930.0,30,B_without_potential_leakage,random_forest,validation,303,101,101,185,fitted,0.42574257425742573,0.20473463153875524,0.2729795087183403,0.3398692810457516,9,1,False
random,seed_20261930,20261930.0,30,B_without_potential_leakage,random_forest,test,303,101,101,185,fitted,0.42574257425742573,0.20945220193340494,0.3141783029001074,0.3819444444444444,8,5,False
random,seed_20261930,20261930.0,30,B_without_potential_leakage,hist_gradient_boosting,validation,303,101,101,185,fitted,0.42574257425742573,0.20473463153875524,0.2729795087183403,0.3398692810457516,9,1,False
random,seed_20261930,20261930.0,30,B_without_potential_leakage,hist_gradient_boosting,test,303,101,101,185,fitted,0.42574257425742573,0.20945220193340494,0.3141783029001074,0.3819444444444444,8,5,True
random,seed_20261930,20261930.0,30,C_without_SLBIC_initial,logistic_regression,validation,303,101,101,120,fitted,0.42574257425742573,0.20473463153875524,0.2729795087183403,0.3398692810457516,9,1,False
random,seed_20261930,20261930.0,30,C_without_SLBIC_initial,logistic_regression,test,303,101,101,120,fitted,0.42574257425742573,0.20945220193340494,0.3141783029001074,0.3819444444444444,8,5,False
random,seed_20261930,20261930.0,30,C_without_SLBIC_initial,random_forest,validation,303,101,101,120,fitted,0.42574257425742573,0.20473463153875524,0.2729795087183403,0.3398692810457516,9,1,False
random,seed_20261930,20261930.0,30,C_without_SLBIC_initial,random_forest,test,303,101,101,120,fitted,0.42574257425742573,0.20945220193340494,0.3141783029001074,0.3819444444444444,8,5,False
random,seed_20261930,20261930.0,30,C_without_SLBIC_initial,hist_gradient_boosting,validation,303,101,101,120,fitted,0.42574257425742573,0.20473463153875524,0.2729795087183403,0.3398692810457516,9,1,False
random,seed_20261930,20261930.0,30,C_without_SLBIC_initial,hist_gradient_boosting,test,303,101,101,120,fitted,0.42574257425742573,0.20945220193340494,0.3141783029001074,0.3819444444444444,8,5,True
random,seed_20261930,20261930.0,60,A_strict_38,logistic_regression,validation,303,101,101,190,fitted,0.42574257425742573,0.20473463153875524,0.2729795087183403,0.3398692810457516,9,1,False
random,seed_20261930,20261930.0,60,A_strict_38,logistic_regression,test,303,101,101,190,fitted,0.42574257425742573,0.20945220193340494,0.3141783029001074,0.3819444444444444,8,5,False
random,seed_20261930,20261930.0,60,A_strict_38,random_forest,validation,303,101,101,190,fitted,0.42574257425742573,0.20473463153875524,0.2729795087183403,0.3398692810457516,9,1,False
random,seed_20261930,20261930.0,60,A_strict_38,random_forest,test,303,101,101,190,fitted,0.42574257425742573,0.20945220193340494,0.3141783029001074,0.3819444444444444,8,5,False
random,seed_20261930,20261930.0,60,A_strict_38,hist_gradient_boosting,validation,303,101,101,190,fitted,0.42574257425742573,0.20473463153875524,0.2729795087183403,0.3398692810457516,9,1,False
random,seed_20261930,20261930.0,60,A_strict_38,hist_gradient_boosting,test,303,101,101,190,fitted,0.42574257425742573,0.20945220193340494,0.3141783029001074,0.3819444444444444,8,5,True
random,seed_20261930,20261930.0,60,B_without_potential_leakage,logistic_regression,validation,303,101,101,185,fitted,0.42574257425742573,0.20473463153875524,0.2729795087183403,0.3398692810457516,9,1,False
random,seed_20261930,20261930.0,60,B_without_potential_leakage,logistic_regression,test,303,101,101,185,fitted,0.42574257425742573,0.20945220193340494,0.3141783029001074,0.3819444444444444,8,5,False
random,seed_20261930,20261930.0,60,B_without_potential_leakage,random_forest,validation,303,101,101,185,fitted,0.42574257425742573,0.20473463153875524,0.2729795087183403,0.3398692810457516,9,1,False
random,seed_20261930,20261930.0,60,B_without_potential_leakage,random_forest,test,303,101,101,185,fitted,0.42574257425742573,0.20945220193340494,0.3141783029001074,0.3819444444444444,8,5,False
random,seed_20261930,20261930.0,60,B_without_potential_leakage,hist_gradient_boosting,validation,303,101,101,185,fitted,0.42574257425742573,0.20473463153875524,0.2729795087183403,0.3398692810457516,9,1,False
random,seed_20261930,20261930.0,60,B_without_potential_leakage,hist_gradient_boosting,test,303,101,101,185,fitted,0.42574257425742573,0.20945220193340494,0.3141783029001074,0.3819444444444444,8,5,True
random,seed_20261930,20261930.0,60,C_without_SLBIC_initial,logistic_regression,validation,303,101,101,120,fitted,0.42574257425742573,0.20473463153875524,0.2729795087183403,0.3398692810457516,9,1,False
random,seed_20261930,20261930.0,60,C_without_SLBIC_initial,logistic_regression,test,303,101,101,120,fitted,0.42574257425742573,0.20945220193340494,0.3141783029001074,0.3819444444444444,8,5,False
random,seed_20261930,20261930.0,60,C_without_SLBIC_initial,random_forest,validation,303,101,101,120,fitted,0.42574257425742573,0.20473463153875524,0.2729795087183403,0.3398692810457516,9,1,False
random,seed_20261930,20261930.0,60,C_without_SLBIC_initial,random_forest,test,303,101,101,120,fitted,0.42574257425742573,0.20945220193340494,0.3141783029001074,0.3819444444444444,8,5,False
random,seed_20261930,20261930.0,60,C_without_SLBIC_initial,hist_gradient_boosting,validation,303,101,101,120,fitted,0.42574257425742573,0.20473463153875524,0.2729795087183403,0.3398692810457516,9,1,False
random,seed_20261930,20261930.0,60,C_without_SLBIC_initial,hist_gradient_boosting,test,303,101,101,120,fitted,0.42574257425742573,0.20945220193340494,0.3141783029001074,0.3819444444444444,8,5,True
random,seed_20261930,20261930.0,90,A_strict_38,logistic_regression,validation,303,101,101,190,fitted,0.42574257425742573,0.20473463153875524,0.2729795087183403,0.3398692810457516,9,1,False
random,seed_20261930,20261930.0,90,A_strict_38,logistic_regression,test,303,101,101,190,fitted,0.42574257425742573,0.20945220193340494,0.3141783029001074,0.3819444444444444,8,5,False
random,seed_20261930,20261930.0,90,A_strict_38,random_forest,validation,303,101,101,190,fitted,0.42574257425742573,0.20473463153875524,0.2729795087183403,0.3398692810457516,9,1,False
random,seed_20261930,20261930.0,90,A_strict_38,random_forest,test,303,101,101,190,fitted,0.42574257425742573,0.20945220193340494,0.3141783029001074,0.3819444444444444,8,5,False
random,seed_20261930,20261930.0,90,A_strict_38,hist_gradient_boosting,validation,303,101,101,190,fitted,0.42574257425742573,0.20473463153875524,0.2729795087183403,0.3398692810457516,9,1,False
random,seed_20261930,20261930.0,90,A_strict_38,hist_gradient_boosting,test,303,101,101,190,fitted,0.42574257425742573,0.20945220193340494,0.3141783029001074,0.3819444444444444,8,5,True
random,seed_20261930,20261930.0,90,B_without_potential_leakage,logistic_regression,validation,303,101,101,185,fitted,0.42574257425742573,0.20473463153875524,0.2729795087183403,0.3398692810457516,9,1,False
random,seed_20261930,20261930.0,90,B_without_potential_leakage,logistic_regression,test,303,101,101,185,fitted,0.42574257425742573,0.20945220193340494,0.3141783029001074,0.3819444444444444,8,5,False
random,seed_20261930,20261930.0,90,B_without_potential_leakage,random_forest,validation,303,101,101,185,fitted,0.42574257425742573,0.20473463153875524,0.2729795087183403,0.3398692810457516,9,1,False
random,seed_20261930,20261930.0,90,B_without_potential_leakage,random_forest,test,303,101,101,185,fitted,0.42574257425742573,0.20945220193340494,0.3141783029001074,0.3819444444444444,8,5,False
random,seed_20261930,20261930.0,90,B_without_potential_leakage,hist_gradient_boosting,validation,303,101,101,185,fitted,0.42574257425742573,0.20473463153875524,0.2729795087183403,0.3398692810457516,9,1,False
random,seed_20261930,20261930.0,90,B_without_potential_leakage,hist_gradient_boosting,test,303,101,101,185,fitted,0.42574257425742573,0.20945220193340494,0.3141783029001074,0.3819444444444444,8,5,True
random,seed_20261930,20261930.0,90,C_without_SLBIC_initial,logistic_regression,validation,303,101,101,120,fitted,0.42574257425742573,0.20473463153875524,0.2729795087183403,0.3398692810457516,9,1,False
random,seed_20261930,20261930.0,90,C_without_SLBIC_initial,logistic_regression,test,303,101,101,120,fitted,0.42574257425742573,0.20945220193340494,0.3141783029001074,0.3819444444444444,8,5,False
random,seed_20261930,20261930.0,90,C_without_SLBIC_initial,random_forest,validation,303,101,101,120,fitted,0.42574257425742573,0.20473463153875524,0.2729795087183403,0.3398692810457516,9,1,False
random,seed_20261930,20261930.0,90,C_without_SLBIC_initial,random_forest,test,303,101,101,120,fitted,0.42574257425742573,0.20945220193340494,0.3141783029001074,0.3819444444444444,8,5,False
random,seed_20261930,20261930.0,90,C_without_SLBIC_initial,hist_gradient_boosting,validation,303,101,101,120,fitted,0.42574257425742573,0.20473463153875524,0.2729795087183403,0.3398692810457516,9,1,False
random,seed_20261930,20261930.0,90,C_without_SLBIC_initial,hist_gradient_boosting,test,303,101,101,120,fitted,0.42574257425742573,0.20945220193340494,0.3141783029001074,0.3819444444444444,8,5,True
random,seed_20261930,20261930.0,120,A_strict_38,logistic_regression,validation,303,101,101,190,fitted,0.9504950495049505,0.7156045125292207,0.9541393500389612,0.9500000000000001,9,1,False
random,seed_20261930,20261930.0,120,A_strict_38,logistic_regression,test,303,101,101,190,fitted,0.9207920792079208,0.6168450542805001,0.9252675814207502,0.9192708333333334,8,5,False
random,seed_20261930,20261930.0,120,A_strict_38,random_forest,validation,303,101,101,190,fitted,1.0,0.75,1.0,1.0,9,1,False
random,seed_20261930,20261930.0,120,A_strict_38,random_forest,test,303,101,101,190,fitted,0.9900990099009901,0.6617262423714037,0.9925893635571055,0.9921875,8,5,False
random,seed_20261930,20261930.0,120,A_strict_38,hist_gradient_boosting,validation,303,101,101,190,fitted,1.0,0.75,1.0,1.0,9,1,False
random,seed_20261930,20261930.0,120,A_strict_38,hist_gradient_boosting,test,303,101,101,190,fitted,0.9900990099009901,0.6617262423714037,0.9925893635571055,0.9921875,8,5,True
random,seed_20261930,20261930.0,120,B_without_potential_leakage,logistic_regression,validation,303,101,101,185,fitted,0.9504950495049505,0.7156045125292207,0.9541393500389612,0.9500000000000001,9,1,False
random,seed_20261930,20261930.0,120,B_without_potential_leakage,logistic_regression,test,303,101,101,185,fitted,0.9207920792079208,0.6168450542805001,0.9252675814207502,0.9192708333333334,8,5,False
random,seed_20261930,20261930.0,120,B_without_potential_leakage,random_forest,validation,303,101,101,185,fitted,1.0,0.75,1.0,1.0,9,1,False
random,seed_20261930,20261930.0,120,B_without_potential_leakage,random_forest,test,303,101,101,185,fitted,0.9900990099009901,0.6617262423714037,0.9925893635571055,0.9921875,8,5,False
random,seed_20261930,20261930.0,120,B_without_potential_leakage,hist_gradient_boosting,validation,303,101,101,185,fitted,1.0,0.75,1.0,1.0,9,1,False
random,seed_20261930,20261930.0,120,B_without_potential_leakage,hist_gradient_boosting,test,303,101,101,185,fitted,0.9900990099009901,0.6617262423714037,0.9925893635571055,0.9921875,8,5,True
random,seed_20261930,20261930.0,120,C_without_SLBIC_initial,logistic_regression,validation,303,101,101,120,fitted,0.9504950495049505,0.7156045125292207,0.9541393500389612,0.9500000000000001,9,1,False
random,seed_20261930,20261930.0,120,C_without_SLBIC_initial,logistic_regression,test,303,101,101,120,fitted,0.900990099009901,0.6067230625654539,0.9100845938481807,0.904513888888889,8,5,False
random,seed_20261930,20261930.0,120,C_without_SLBIC_initial,random_forest,validation,303,101,101,120,fitted,1.0,0.75,1.0,1.0,9,1,False
random,seed_20261930,20261930.0,120,C_without_SLBIC_initial,random_forest,test,303,101,101,120,fitted,0.9801980198019802,0.6567189664929844,0.9850784497394767,0.9838541666666667,8,5,False
random,seed_20261930,20261930.0,120,C_without_SLBIC_initial,hist_gradient_boosting,validation,303,101,101,120,fitted,1.0,0.75,1.0,1.0,9,1,False
random,seed_20261930,20261930.0,120,C_without_SLBIC_initial,hist_gradient_boosting,test,303,101,101,120,fitted,0.9900990099009901,0.6617262423714037,0.9925893635571055,0.9921875,8,5,True
random,seed_20262939,20262939.0,30,A_strict_38,logistic_regression,validation,303,101,101,190,fitted,0.44554455445544555,0.2211988304093567,0.29493177387914227,0.3529411764705882,9,1,False
random,seed_20262939,20262939.0,30,A_strict_38,logistic_regression,test,303,101,101,190,fitted,0.44554455445544555,0.2251984126984127,0.33779761904761907,0.39583333333333337,8,5,False
random,seed_20262939,20262939.0,30,A_strict_38,random_forest,validation,303,101,101,190,fitted,0.44554455445544555,0.2211988304093567,0.29493177387914227,0.3529411764705882,9,1,False
random,seed_20262939,20262939.0,30,A_strict_38,random_forest,test,303,101,101,190,fitted,0.44554455445544555,0.2251984126984127,0.33779761904761907,0.39583333333333337,8,5,False
random,seed_20262939,20262939.0,30,A_strict_38,hist_gradient_boosting,validation,303,101,101,190,fitted,0.44554455445544555,0.2211988304093567,0.29493177387914227,0.3529411764705882,9,1,False
random,seed_20262939,20262939.0,30,A_strict_38,hist_gradient_boosting,test,303,101,101,190,fitted,0.44554455445544555,0.2251984126984127,0.33779761904761907,0.39583333333333337,8,5,True
random,seed_20262939,20262939.0,30,B_without_potential_leakage,logistic_regression,validation,303,101,101,185,fitted,0.44554455445544555,0.2211988304093567,0.29493177387914227,0.3529411764705882,9,1,False
random,seed_20262939,20262939.0,30,B_without_potential_leakage,logistic_regression,test,303,101,101,185,fitted,0.44554455445544555,0.2251984126984127,0.33779761904761907,0.39583333333333337,8,5,False
random,seed_20262939,20262939.0,30,B_without_potential_leakage,random_forest,validation,303,101,101,185,fitted,0.44554455445544555,0.2211988304093567,0.29493177387914227,0.3529411764705882,9,1,False
random,seed_20262939,20262939.0,30,B_without_potential_leakage,random_forest,test,303,101,101,185,fitted,0.44554455445544555,0.2251984126984127,0.33779761904761907,0.39583333333333337,8,5,False
random,seed_20262939,20262939.0,30,B_without_potential_leakage,hist_gradient_boosting,validation,303,101,101,185,fitted,0.44554455445544555,0.2211988304093567,0.29493177387914227,0.3529411764705882,9,1,False
random,seed_20262939,20262939.0,30,B_without_potential_leakage,hist_gradient_boosting,test,303,101,101,185,fitted,0.44554455445544555,0.2251984126984127,0.33779761904761907,0.39583333333333337,8,5,True
random,seed_20262939,20262939.0,30,C_without_SLBIC_initial,logistic_regression,validation,303,101,101,120,fitted,0.44554455445544555,0.2211988304093567,0.29493177387914227,0.3529411764705882,9,1,False
random,seed_20262939,20262939.0,30,C_without_SLBIC_initial,logistic_regression,test,303,101,101,120,fitted,0.44554455445544555,0.2251984126984127,0.33779761904761907,0.39583333333333337,8,5,False
random,seed_20262939,20262939.0,30,C_without_SLBIC_initial,random_forest,validation,303,101,101,120,fitted,0.44554455445544555,0.2211988304093567,0.29493177387914227,0.3529411764705882,9,1,False
random,seed_20262939,20262939.0,30,C_without_SLBIC_initial,random_forest,test,303,101,101,120,fitted,0.44554455445544555,0.2251984126984127,0.33779761904761907,0.39583333333333337,8,5,False
random,seed_20262939,20262939.0,30,C_without_SLBIC_initial,hist_gradient_boosting,validation,303,101,101,120,fitted,0.44554455445544555,0.2211988304093567,0.29493177387914227,0.3529411764705882,9,1,False
random,seed_20262939,20262939.0,30,C_without_SLBIC_initial,hist_gradient_boosting,test,303,101,101,120,fitted,0.44554455445544555,0.2251984126984127,0.33779761904761907,0.39583333333333337,8,5,True
random,seed_20262939,20262939.0,60,A_strict_38,logistic_regression,validation,303,101,101,190,fitted,0.44554455445544555,0.2211988304093567,0.29493177387914227,0.3529411764705882,9,1,False
random,seed_20262939,20262939.0,60,A_strict_38,logistic_regression,test,303,101,101,190,fitted,0.44554455445544555,0.2251984126984127,0.33779761904761907,0.39583333333333337,8,5,False
random,seed_20262939,20262939.0,60,A_strict_38,random_forest,validation,303,101,101,190,fitted,0.44554455445544555,0.2211988304093567,0.29493177387914227,0.3529411764705882,9,1,False
random,seed_20262939,20262939.0,60,A_strict_38,random_forest,test,303,101,101,190,fitted,0.44554455445544555,0.2251984126984127,0.33779761904761907,0.39583333333333337,8,5,False
random,seed_20262939,20262939.0,60,A_strict_38,hist_gradient_boosting,validation,303,101,101,190,fitted,0.44554455445544555,0.2211988304093567,0.29493177387914227,0.3529411764705882,9,1,False
random,seed_20262939,20262939.0,60,A_strict_38,hist_gradient_boosting,test,303,101,101,190,fitted,0.44554455445544555,0.2251984126984127,0.33779761904761907,0.39583333333333337,8,5,True
random,seed_20262939,20262939.0,60,B_without_potential_leakage,logistic_regression,validation,303,101,101,185,fitted,0.44554455445544555,0.2211988304093567,0.29493177387914227,0.3529411764705882,9,1,False
random,seed_20262939,20262939.0,60,B_without_potential_leakage,logistic_regression,test,303,101,101,185,fitted,0.44554455445544555,0.2251984126984127,0.33779761904761907,0.39583333333333337,8,5,False
random,seed_20262939,20262939.0,60,B_without_potential_leakage,random_forest,validation,303,101,101,185,fitted,0.44554455445544555,0.2211988304093567,0.29493177387914227,0.3529411764705882,9,1,False
random,seed_20262939,20262939.0,60,B_without_potential_leakage,random_forest,test,303,101,101,185,fitted,0.44554455445544555,0.2251984126984127,0.33779761904761907,0.39583333333333337,8,5,False
random,seed_20262939,20262939.0,60,B_without_potential_leakage,hist_gradient_boosting,validation,303,101,101,185,fitted,0.44554455445544555,0.2211988304093567,0.29493177387914227,0.3529411764705882,9,1,False
random,seed_20262939,20262939.0,60,B_without_potential_leakage,hist_gradient_boosting,test,303,101,101,185,fitted,0.44554455445544555,0.2251984126984127,0.33779761904761907,0.39583333333333337,8,5,True
random,seed_20262939,20262939.0,60,C_without_SLBIC_initial,logistic_regression,validation,303,101,101,120,fitted,0.44554455445544555,0.2211988304093567,0.29493177387914227,0.3529411764705882,9,1,False
random,seed_20262939,20262939.0,60,C_without_SLBIC_initial,logistic_regression,test,303,101,101,120,fitted,0.44554455445544555,0.2251984126984127,0.33779761904761907,0.39583333333333337,8,5,False
random,seed_20262939,20262939.0,60,C_without_SLBIC_initial,random_forest,validation,303,101,101,120,fitted,0.44554455445544555,0.2211988304093567,0.29493177387914227,0.3529411764705882,9,1,False
random,seed_20262939,20262939.0,60,C_without_SLBIC_initial,random_forest,test,303,101,101,120,fitted,0.44554455445544555,0.2251984126984127,0.33779761904761907,0.39583333333333337,8,5,False
random,seed_20262939,20262939.0,60,C_without_SLBIC_initial,hist_gradient_boosting,validation,303,101,101,120,fitted,0.44554455445544555,0.2211988304093567,0.29493177387914227,0.3529411764705882,9,1,False
random,seed_20262939,20262939.0,60,C_without_SLBIC_initial,hist_gradient_boosting,test,303,101,101,120,fitted,0.44554455445544555,0.2251984126984127,0.33779761904761907,0.39583333333333337,8,5,True
random,seed_20262939,20262939.0,90,A_strict_38,logistic_regression,validation,303,101,101,190,fitted,0.44554455445544555,0.2211988304093567,0.29493177387914227,0.3529411764705882,9,1,False
random,seed_20262939,20262939.0,90,A_strict_38,logistic_regression,test,303,101,101,190,fitted,0.44554455445544555,0.2251984126984127,0.33779761904761907,0.39583333333333337,8,5,False
random,seed_20262939,20262939.0,90,A_strict_38,random_forest,validation,303,101,101,190,fitted,0.44554455445544555,0.2211988304093567,0.29493177387914227,0.3529411764705882,9,1,False
random,seed_20262939,20262939.0,90,A_strict_38,random_forest,test,303,101,101,190,fitted,0.44554455445544555,0.2251984126984127,0.33779761904761907,0.39583333333333337,8,5,False
random,seed_20262939,20262939.0,90,A_strict_38,hist_gradient_boosting,validation,303,101,101,190,fitted,0.44554455445544555,0.2211988304093567,0.29493177387914227,0.3529411764705882,9,1,False
random,seed_20262939,20262939.0,90,A_strict_38,hist_gradient_boosting,test,303,101,101,190,fitted,0.44554455445544555,0.2251984126984127,0.33779761904761907,0.39583333333333337,8,5,True
random,seed_20262939,20262939.0,90,B_without_potential_leakage,logistic_regression,validation,303,101,101,185,fitted,0.44554455445544555,0.2211988304093567,0.29493177387914227,0.3529411764705882,9,1,False
random,seed_20262939,20262939.0,90,B_without_potential_leakage,logistic_regression,test,303,101,101,185,fitted,0.44554455445544555,0.2251984126984127,0.33779761904761907,0.39583333333333337,8,5,False
random,seed_20262939,20262939.0,90,B_without_potential_leakage,random_forest,validation,303,101,101,185,fitted,0.44554455445544555,0.2211988304093567,0.29493177387914227,0.3529411764705882,9,1,False
random,seed_20262939,20262939.0,90,B_without_potential_leakage,random_forest,test,303,101,101,185,fitted,0.44554455445544555,0.2251984126984127,0.33779761904761907,0.39583333333333337,8,5,False
random,seed_20262939,20262939.0,90,B_without_potential_leakage,hist_gradient_boosting,validation,303,101,101,185,fitted,0.44554455445544555,0.2211988304093567,0.29493177387914227,0.3529411764705882,9,1,False
random,seed_20262939,20262939.0,90,B_without_potential_leakage,hist_gradient_boosting,test,303,101,101,185,fitted,0.44554455445544555,0.2251984126984127,0.33779761904761907,0.39583333333333337,8,5,True
random,seed_20262939,20262939.0,90,C_without_SLBIC_initial,logistic_regression,validation,303,101,101,120,fitted,0.44554455445544555,0.2211988304093567,0.29493177387914227,0.3529411764705882,9,1,False
random,seed_20262939,20262939.0,90,C_without_SLBIC_initial,logistic_regression,test,303,101,101,120,fitted,0.44554455445544555,0.2251984126984127,0.33779761904761907,0.39583333333333337,8,5,False
random,seed_20262939,20262939.0,90,C_without_SLBIC_initial,random_forest,validation,303,101,101,120,fitted,0.44554455445544555,0.2211988304093567,0.29493177387914227,0.3529411764705882,9,1,False
random,seed_20262939,20262939.0,90,C_without_SLBIC_initial,random_forest,test,303,101,101,120,fitted,0.44554455445544555,0.2251984126984127,0.33779761904761907,0.39583333333333337,8,5,False
random,seed_20262939,20262939.0,90,C_without_SLBIC_initial,hist_gradient_boosting,validation,303,101,101,120,fitted,0.44554455445544555,0.2211988304093567,0.29493177387914227,0.3529411764705882,9,1,False
random,seed_20262939,20262939.0,90,C_without_SLBIC_initial,hist_gradient_boosting,test,303,101,101,120,fitted,0.44554455445544555,0.2251984126984127,0.33779761904761907,0.39583333333333337,8,5,True
random,seed_20262939,20262939.0,120,A_strict_38,logistic_regression,validation,303,101,101,190,fitted,1.0,0.75,1.0,1.0,9,1,False
random,seed_20262939,20262939.0,120,A_strict_38,logistic_regression,test,303,101,101,190,fitted,0.9603960396039604,0.6470925244181058,0.9706387866271587,0.9677083333333334,8,5,True
random,seed_20262939,20262939.0,120,A_strict_38,random_forest,validation,303,101,101,190,fitted,1.0,0.75,1.0,1.0,9,1,False
random,seed_20262939,20262939.0,120,A_strict_38,random_forest,test,303,101,101,190,fitted,0.9900990099009901,0.6617262423714037,0.9925893635571055,0.9921875,8,5,False
random,seed_20262939,20262939.0,120,A_strict_38,hist_gradient_boosting,validation,303,101,101,190,fitted,0.9900990099009901,0.7447454844006568,0.9929939792008757,0.9925925925925926,9,1,False
random,seed_20262939,20262939.0,120,A_strict_38,hist_gradient_boosting,test,303,101,101,190,fitted,0.9702970297029703,0.651607628433791,0.9774114426506866,0.9755208333333334,8,5,False
random,seed_20262939,20262939.0,120,B_without_potential_leakage,logistic_regression,validation,303,101,101,185,fitted,1.0,0.75,1.0,1.0,9,1,False
random,seed_20262939,20262939.0,120,B_without_potential_leakage,logistic_regression,test,303,101,101,185,fitted,0.9603960396039604,0.6470925244181058,0.9706387866271587,0.9677083333333334,8,5,True
random,seed_20262939,20262939.0,120,B_without_potential_leakage,random_forest,validation,303,101,101,185,fitted,1.0,0.75,1.0,1.0,9,1,False
random,seed_20262939,20262939.0,120,B_without_potential_leakage,random_forest,test,303,101,101,185,fitted,0.9900990099009901,0.6617262423714037,0.9925893635571055,0.9921875,8,5,False
random,seed_20262939,20262939.0,120,B_without_potential_leakage,hist_gradient_boosting,validation,303,101,101,185,fitted,0.9900990099009901,0.7447454844006568,0.9929939792008757,0.9925925925925926,9,1,False
random,seed_20262939,20262939.0,120,B_without_potential_leakage,hist_gradient_boosting,test,303,101,101,185,fitted,0.9702970297029703,0.651607628433791,0.9774114426506866,0.9755208333333334,8,5,False
random,seed_20262939,20262939.0,120,C_without_SLBIC_initial,logistic_regression,validation,303,101,101,120,fitted,1.0,0.75,1.0,1.0,9,1,False
random,seed_20262939,20262939.0,120,C_without_SLBIC_initial,logistic_regression,test,303,101,101,120,fitted,0.9504950495049505,0.6429533429533429,0.9644300144300144,0.960763888888889,8,5,False
random,seed_20262939,20262939.0,120,C_without_SLBIC_initial,random_forest,validation,303,101,101,120,fitted,1.0,0.75,1.0,1.0,9,1,False
random,seed_20262939,20262939.0,120,C_without_SLBIC_initial,random_forest,test,303,101,101,120,fitted,0.9900990099009901,0.6617262423714037,0.9925893635571055,0.9921875,8,5,False
random,seed_20262939,20262939.0,120,C_without_SLBIC_initial,hist_gradient_boosting,validation,303,101,101,120,fitted,1.0,0.75,1.0,1.0,9,1,False
random,seed_20262939,20262939.0,120,C_without_SLBIC_initial,hist_gradient_boosting,test,303,101,101,120,fitted,0.9900990099009901,0.6617262423714037,0.9925893635571055,0.9921875,8,5,True
random,seed_20263948,20263948.0,30,A_strict_38,logistic_regression,validation,303,101,101,190,fitted,0.45544554455445546,0.22831813576494428,0.3044241810199257,0.35947712418300654,9,1,False
random,seed_20263948,20263948.0,30,A_strict_38,logistic_regression,test,303,101,101,190,fitted,0.44554455445544555,0.2251984126984127,0.33779761904761907,0.39583333333333337,8,5,False
random,seed_20263948,20263948.0,30,A_strict_38,random_forest,validation,303,101,101,190,fitted,0.45544554455445546,0.22831813576494428,0.3044241810199257,0.35947712418300654,9,1,False
random,seed_20263948,20263948.0,30,A_strict_38,random_forest,test,303,101,101,190,fitted,0.44554455445544555,0.2251984126984127,0.33779761904761907,0.39583333333333337,8,5,False
random,seed_20263948,20263948.0,30,A_strict_38,hist_gradient_boosting,validation,303,101,101,190,fitted,0.45544554455445546,0.22831813576494428,0.3044241810199257,0.35947712418300654,9,1,False
random,seed_20263948,20263948.0,30,A_strict_38,hist_gradient_boosting,test,303,101,101,190,fitted,0.44554455445544555,0.2251984126984127,0.33779761904761907,0.39583333333333337,8,5,True
random,seed_20263948,20263948.0,30,B_without_potential_leakage,logistic_regression,validation,303,101,101,185,fitted,0.45544554455445546,0.22831813576494428,0.3044241810199257,0.35947712418300654,9,1,False
random,seed_20263948,20263948.0,30,B_without_potential_leakage,logistic_regression,test,303,101,101,185,fitted,0.44554455445544555,0.2251984126984127,0.33779761904761907,0.39583333333333337,8,5,False
random,seed_20263948,20263948.0,30,B_without_potential_leakage,random_forest,validation,303,101,101,185,fitted,0.45544554455445546,0.22831813576494428,0.3044241810199257,0.35947712418300654,9,1,False
random,seed_20263948,20263948.0,30,B_without_potential_leakage,random_forest,test,303,101,101,185,fitted,0.44554455445544555,0.2251984126984127,0.33779761904761907,0.39583333333333337,8,5,False
random,seed_20263948,20263948.0,30,B_without_potential_leakage,hist_gradient_boosting,validation,303,101,101,185,fitted,0.45544554455445546,0.22831813576494428,0.3044241810199257,0.35947712418300654,9,1,False
random,seed_20263948,20263948.0,30,B_without_potential_leakage,hist_gradient_boosting,test,303,101,101,185,fitted,0.44554455445544555,0.2251984126984127,0.33779761904761907,0.39583333333333337,8,5,True
random,seed_20263948,20263948.0,30,C_without_SLBIC_initial,logistic_regression,validation,303,101,101,120,fitted,0.45544554455445546,0.22831813576494428,0.3044241810199257,0.35947712418300654,9,1,False
random,seed_20263948,20263948.0,30,C_without_SLBIC_initial,logistic_regression,test,303,101,101,120,fitted,0.44554455445544555,0.2251984126984127,0.33779761904761907,0.39583333333333337,8,5,False
random,seed_20263948,20263948.0,30,C_without_SLBIC_initial,random_forest,validation,303,101,101,120,fitted,0.45544554455445546,0.22831813576494428,0.3044241810199257,0.35947712418300654,9,1,False
random,seed_20263948,20263948.0,30,C_without_SLBIC_initial,random_forest,test,303,101,101,120,fitted,0.44554455445544555,0.2251984126984127,0.33779761904761907,0.39583333333333337,8,5,False
random,seed_20263948,20263948.0,30,C_without_SLBIC_initial,hist_gradient_boosting,validation,303,101,101,120,fitted,0.45544554455445546,0.22831813576494428,0.3044241810199257,0.35947712418300654,9,1,False
random,seed_20263948,20263948.0,30,C_without_SLBIC_initial,hist_gradient_boosting,test,303,101,101,120,fitted,0.44554455445544555,0.2251984126984127,0.33779761904761907,0.39583333333333337,8,5,True
random,seed_20263948,20263948.0,60,A_strict_38,logistic_regression,validation,303,101,101,190,fitted,0.45544554455445546,0.22831813576494428,0.3044241810199257,0.35947712418300654,9,1,False
random,seed_20263948,20263948.0,60,A_strict_38,logistic_regression,test,303,101,101,190,fitted,0.44554455445544555,0.2251984126984127,0.33779761904761907,0.39583333333333337,8,5,False
random,seed_20263948,20263948.0,60,A_strict_38,random_forest,validation,303,101,101,190,fitted,0.45544554455445546,0.22831813576494428,0.3044241810199257,0.35947712418300654,9,1,False
random,seed_20263948,20263948.0,60,A_strict_38,random_forest,test,303,101,101,190,fitted,0.44554455445544555,0.2251984126984127,0.33779761904761907,0.39583333333333337,8,5,False
random,seed_20263948,20263948.0,60,A_strict_38,hist_gradient_boosting,validation,303,101,101,190,fitted,0.45544554455445546,0.22831813576494428,0.3044241810199257,0.35947712418300654,9,1,False
random,seed_20263948,20263948.0,60,A_strict_38,hist_gradient_boosting,test,303,101,101,190,fitted,0.44554455445544555,0.2251984126984127,0.33779761904761907,0.39583333333333337,8,5,True
random,seed_20263948,20263948.0,60,B_without_potential_leakage,logistic_regression,validation,303,101,101,185,fitted,0.45544554455445546,0.22831813576494428,0.3044241810199257,0.35947712418300654,9,1,False
random,seed_20263948,20263948.0,60,B_without_potential_leakage,logistic_regression,test,303,101,101,185,fitted,0.44554455445544555,0.2251984126984127,0.33779761904761907,0.39583333333333337,8,5,False
random,seed_20263948,20263948.0,60,B_without_potential_leakage,random_forest,validation,303,101,101,185,fitted,0.45544554455445546,0.22831813576494428,0.3044241810199257,0.35947712418300654,9,1,False
random,seed_20263948,20263948.0,60,B_without_potential_leakage,random_forest,test,303,101,101,185,fitted,0.44554455445544555,0.2251984126984127,0.33779761904761907,0.39583333333333337,8,5,False
random,seed_20263948,20263948.0,60,B_without_potential_leakage,hist_gradient_boosting,validation,303,101,101,185,fitted,0.45544554455445546,0.22831813576494428,0.3044241810199257,0.35947712418300654,9,1,False
random,seed_20263948,20263948.0,60,B_without_potential_leakage,hist_gradient_boosting,test,303,101,101,185,fitted,0.44554455445544555,0.2251984126984127,0.33779761904761907,0.39583333333333337,8,5,True
random,seed_20263948,20263948.0,60,C_without_SLBIC_initial,logistic_regression,validation,303,101,101,120,fitted,0.45544554455445546,0.22831813576494428,0.3044241810199257,0.35947712418300654,9,1,False
random,seed_20263948,20263948.0,60,C_without_SLBIC_initial,logistic_regression,test,303,101,101,120,fitted,0.44554455445544555,0.2251984126984127,0.33779761904761907,0.39583333333333337,8,5,False
random,seed_20263948,20263948.0,60,C_without_SLBIC_initial,random_forest,validation,303,101,101,120,fitted,0.45544554455445546,0.22831813576494428,0.3044241810199257,0.35947712418300654,9,1,False
random,seed_20263948,20263948.0,60,C_without_SLBIC_initial,random_forest,test,303,101,101,120,fitted,0.44554455445544555,0.2251984126984127,0.33779761904761907,0.39583333333333337,8,5,False
random,seed_20263948,20263948.0,60,C_without_SLBIC_initial,hist_gradient_boosting,validation,303,101,101,120,fitted,0.45544554455445546,0.22831813576494428,0.3044241810199257,0.35947712418300654,9,1,False
random,seed_20263948,20263948.0,60,C_without_SLBIC_initial,hist_gradient_boosting,test,303,101,101,120,fitted,0.44554455445544555,0.2251984126984127,0.33779761904761907,0.39583333333333337,8,5,True
random,seed_20263948,20263948.0,90,A_strict_38,logistic_regression,validation,303,101,101,190,fitted,0.45544554455445546,0.22831813576494428,0.3044241810199257,0.35947712418300654,9,1,False
random,seed_20263948,20263948.0,90,A_strict_38,logistic_regression,test,303,101,101,190,fitted,0.44554455445544555,0.2251984126984127,0.33779761904761907,0.39583333333333337,8,5,False
random,seed_20263948,20263948.0,90,A_strict_38,random_forest,validation,303,101,101,190,fitted,0.45544554455445546,0.22831813576494428,0.3044241810199257,0.35947712418300654,9,1,False
random,seed_20263948,20263948.0,90,A_strict_38,random_forest,test,303,101,101,190,fitted,0.44554455445544555,0.2251984126984127,0.33779761904761907,0.39583333333333337,8,5,False
random,seed_20263948,20263948.0,90,A_strict_38,hist_gradient_boosting,validation,303,101,101,190,fitted,0.45544554455445546,0.22831813576494428,0.3044241810199257,0.35947712418300654,9,1,False
random,seed_20263948,20263948.0,90,A_strict_38,hist_gradient_boosting,test,303,101,101,190,fitted,0.44554455445544555,0.2251984126984127,0.33779761904761907,0.39583333333333337,8,5,True
random,seed_20263948,20263948.0,90,B_without_potential_leakage,logistic_regression,validation,303,101,101,185,fitted,0.45544554455445546,0.22831813576494428,0.3044241810199257,0.35947712418300654,9,1,False
random,seed_20263948,20263948.0,90,B_without_potential_leakage,logistic_regression,test,303,101,101,185,fitted,0.44554455445544555,0.2251984126984127,0.33779761904761907,0.39583333333333337,8,5,False
random,seed_20263948,20263948.0,90,B_without_potential_leakage,random_forest,validation,303,101,101,185,fitted,0.45544554455445546,0.22831813576494428,0.3044241810199257,0.35947712418300654,9,1,False
random,seed_20263948,20263948.0,90,B_without_potential_leakage,random_forest,test,303,101,101,185,fitted,0.44554455445544555,0.2251984126984127,0.33779761904761907,0.39583333333333337,8,5,False
random,seed_20263948,20263948.0,90,B_without_potential_leakage,hist_gradient_boosting,validation,303,101,101,185,fitted,0.45544554455445546,0.22831813576494428,0.3044241810199257,0.35947712418300654,9,1,False
random,seed_20263948,20263948.0,90,B_without_potential_leakage,hist_gradient_boosting,test,303,101,101,185,fitted,0.44554455445544555,0.2251984126984127,0.33779761904761907,0.39583333333333337,8,5,True
random,seed_20263948,20263948.0,90,C_without_SLBIC_initial,logistic_regression,validation,303,101,101,120,fitted,0.45544554455445546,0.22831813576494428,0.3044241810199257,0.35947712418300654,9,1,False
random,seed_20263948,20263948.0,90,C_without_SLBIC_initial,logistic_regression,test,303,101,101,120,fitted,0.44554455445544555,0.2251984126984127,0.33779761904761907,0.39583333333333337,8,5,False
random,seed_20263948,20263948.0,90,C_without_SLBIC_initial,random_forest,validation,303,101,101,120,fitted,0.45544554455445546,0.22831813576494428,0.3044241810199257,0.35947712418300654,9,1,False
random,seed_20263948,20263948.0,90,C_without_SLBIC_initial,random_forest,test,303,101,101,120,fitted,0.44554455445544555,0.2251984126984127,0.33779761904761907,0.39583333333333337,8,5,False
random,seed_20263948,20263948.0,90,C_without_SLBIC_initial,hist_gradient_boosting,validation,303,101,101,120,fitted,0.45544554455445546,0.22831813576494428,0.3044241810199257,0.35947712418300654,9,1,False
random,seed_20263948,20263948.0,90,C_without_SLBIC_initial,hist_gradient_boosting,test,303,101,101,120,fitted,0.44554455445544555,0.2251984126984127,0.33779761904761907,0.39583333333333337,8,5,True
random,seed_20263948,20263948.0,120,A_strict_38,logistic_regression,validation,303,101,101,190,fitted,0.9801980198019802,0.7404761904761905,0.9873015873015873,0.9861111111111112,9,1,False
random,seed_20263948,20263948.0,120,A_strict_38,logistic_regression,test,303,101,101,190,fitted,0.9900990099009901,0.6617262423714037,0.9925893635571055,0.9921875,8,5,False
random,seed_20263948,20263948.0,120,A_strict_38,random_forest,validation,303,101,101,190,fitted,1.0,0.75,1.0,1.0,9,1,False
random,seed_20263948,20263948.0,120,A_strict_38,random_forest,test,303,101,101,190,fitted,0.9900990099009901,0.6617262423714037,0.9925893635571055,0.9921875,8,5,False
random,seed_20263948,20263948.0,120,A_strict_38,hist_gradient_boosting,validation,303,101,101,190,fitted,1.0,0.75,1.0,1.0,9,1,False
random,seed_20263948,20263948.0,120,A_strict_38,hist_gradient_boosting,test,303,101,101,190,fitted,0.9900990099009901,0.6617262423714037,0.9925893635571055,0.9921875,8,5,True
random,seed_20263948,20263948.0,120,B_without_potential_leakage,logistic_regression,validation,303,101,101,185,fitted,0.9801980198019802,0.7404761904761905,0.9873015873015873,0.9861111111111112,9,1,False
random,seed_20263948,20263948.0,120,B_without_potential_leakage,logistic_regression,test,303,101,101,185,fitted,0.9900990099009901,0.6617262423714037,0.9925893635571055,0.9921875,8,5,False
random,seed_20263948,20263948.0,120,B_without_potential_leakage,random_forest,validation,303,101,101,185,fitted,1.0,0.75,1.0,1.0,9,1,False
random,seed_20263948,20263948.0,120,B_without_potential_leakage,random_forest,test,303,101,101,185,fitted,0.9900990099009901,0.6617262423714037,0.9925893635571055,0.9921875,8,5,False
random,seed_20263948,20263948.0,120,B_without_potential_leakage,hist_gradient_boosting,validation,303,101,101,185,fitted,1.0,0.75,1.0,1.0,9,1,False
random,seed_20263948,20263948.0,120,B_without_potential_leakage,hist_gradient_boosting,test,303,101,101,185,fitted,0.9900990099009901,0.6617262423714037,0.9925893635571055,0.9921875,8,5,True
random,seed_20263948,20263948.0,120,C_without_SLBIC_initial,logistic_regression,validation,303,101,101,120,fitted,0.9702970297029703,0.7361052384308199,0.9814736512410932,0.9795751633986929,9,1,False
random,seed_20263948,20263948.0,120,C_without_SLBIC_initial,logistic_regression,test,303,101,101,120,fitted,0.9801980198019802,0.657316344668823,0.9859745170032346,0.9852430555555556,8,5,False
random,seed_20263948,20263948.0,120,C_without_SLBIC_initial,random_forest,validation,303,101,101,120,fitted,1.0,0.75,1.0,1.0,9,1,False
random,seed_20263948,20263948.0,120,C_without_SLBIC_initial,random_forest,test,303,101,101,120,fitted,0.9900990099009901,0.6617262423714037,0.9925893635571055,0.9921875,8,5,False
random,seed_20263948,20263948.0,120,C_without_SLBIC_initial,hist_gradient_boosting,validation,303,101,101,120,fitted,1.0,0.75,1.0,1.0,9,1,False
random,seed_20263948,20263948.0,120,C_without_SLBIC_initial,hist_gradient_boosting,test,303,101,101,120,fitted,0.9900990099009901,0.6617262423714037,0.9925893635571055,0.9921875,8,5,True
random,seed_20264957,20264957.0,30,A_strict_38,logistic_regression,validation,303,101,101,190,fitted,0.44554455445544555,0.2211988304093567,0.29493177387914227,0.3529411764705882,9,1,False
random,seed_20264957,20264957.0,30,A_strict_38,logistic_regression,test,303,101,101,190,fitted,0.43564356435643564,0.21769759450171822,0.32654639175257727,0.3888888888888889,8,5,False
random,seed_20264957,20264957.0,30,A_strict_38,random_forest,validation,303,101,101,190,fitted,0.44554455445544555,0.2211988304093567,0.29493177387914227,0.3529411764705882,9,1,False
random,seed_20264957,20264957.0,30,A_strict_38,random_forest,test,303,101,101,190,fitted,0.43564356435643564,0.21769759450171822,0.32654639175257727,0.3888888888888889,8,5,False
random,seed_20264957,20264957.0,30,A_strict_38,hist_gradient_boosting,validation,303,101,101,190,fitted,0.44554455445544555,0.2211988304093567,0.29493177387914227,0.3529411764705882,9,1,False
random,seed_20264957,20264957.0,30,A_strict_38,hist_gradient_boosting,test,303,101,101,190,fitted,0.43564356435643564,0.21769759450171822,0.32654639175257727,0.3888888888888889,8,5,True
random,seed_20264957,20264957.0,30,B_without_potential_leakage,logistic_regression,validation,303,101,101,185,fitted,0.44554455445544555,0.2211988304093567,0.29493177387914227,0.3529411764705882,9,1,False
random,seed_20264957,20264957.0,30,B_without_potential_leakage,logistic_regression,test,303,101,101,185,fitted,0.43564356435643564,0.21769759450171822,0.32654639175257727,0.3888888888888889,8,5,False
random,seed_20264957,20264957.0,30,B_without_potential_leakage,random_forest,validation,303,101,101,185,fitted,0.44554455445544555,0.2211988304093567,0.29493177387914227,0.3529411764705882,9,1,False
random,seed_20264957,20264957.0,30,B_without_potential_leakage,random_forest,test,303,101,101,185,fitted,0.43564356435643564,0.21769759450171822,0.32654639175257727,0.3888888888888889,8,5,False
random,seed_20264957,20264957.0,30,B_without_potential_leakage,hist_gradient_boosting,validation,303,101,101,185,fitted,0.44554455445544555,0.2211988304093567,0.29493177387914227,0.3529411764705882,9,1,False
random,seed_20264957,20264957.0,30,B_without_potential_leakage,hist_gradient_boosting,test,303,101,101,185,fitted,0.43564356435643564,0.21769759450171822,0.32654639175257727,0.3888888888888889,8,5,True
random,seed_20264957,20264957.0,30,C_without_SLBIC_initial,logistic_regression,validation,303,101,101,120,fitted,0.44554455445544555,0.2211988304093567,0.29493177387914227,0.3529411764705882,9,1,False
random,seed_20264957,20264957.0,30,C_without_SLBIC_initial,logistic_regression,test,303,101,101,120,fitted,0.43564356435643564,0.21769759450171822,0.32654639175257727,0.3888888888888889,8,5,False
random,seed_20264957,20264957.0,30,C_without_SLBIC_initial,random_forest,validation,303,101,101,120,fitted,0.44554455445544555,0.2211988304093567,0.29493177387914227,0.3529411764705882,9,1,False
random,seed_20264957,20264957.0,30,C_without_SLBIC_initial,random_forest,test,303,101,101,120,fitted,0.43564356435643564,0.21769759450171822,0.32654639175257727,0.3888888888888889,8,5,False
random,seed_20264957,20264957.0,30,C_without_SLBIC_initial,hist_gradient_boosting,validation,303,101,101,120,fitted,0.44554455445544555,0.2211988304093567,0.29493177387914227,0.3529411764705882,9,1,False
random,seed_20264957,20264957.0,30,C_without_SLBIC_initial,hist_gradient_boosting,test,303,101,101,120,fitted,0.43564356435643564,0.21769759450171822,0.32654639175257727,0.3888888888888889,8,5,True
random,seed_20264957,20264957.0,60,A_strict_38,logistic_regression,validation,303,101,101,190,fitted,0.44554455445544555,0.2211988304093567,0.29493177387914227,0.3529411764705882,9,1,False
random,seed_20264957,20264957.0,60,A_strict_38,logistic_regression,test,303,101,101,190,fitted,0.43564356435643564,0.21769759450171822,0.32654639175257727,0.3888888888888889,8,5,False
random,seed_20264957,20264957.0,60,A_strict_38,random_forest,validation,303,101,101,190,fitted,0.44554455445544555,0.2211988304093567,0.29493177387914227,0.3529411764705882,9,1,False
random,seed_20264957,20264957.0,60,A_strict_38,random_forest,test,303,101,101,190,fitted,0.43564356435643564,0.21769759450171822,0.32654639175257727,0.3888888888888889,8,5,False
random,seed_20264957,20264957.0,60,A_strict_38,hist_gradient_boosting,validation,303,101,101,190,fitted,0.44554455445544555,0.2211988304093567,0.29493177387914227,0.3529411764705882,9,1,False
random,seed_20264957,20264957.0,60,A_strict_38,hist_gradient_boosting,test,303,101,101,190,fitted,0.43564356435643564,0.21769759450171822,0.32654639175257727,0.3888888888888889,8,5,True
random,seed_20264957,20264957.0,60,B_without_potential_leakage,logistic_regression,validation,303,101,101,185,fitted,0.44554455445544555,0.2211988304093567,0.29493177387914227,0.3529411764705882,9,1,False
random,seed_20264957,20264957.0,60,B_without_potential_leakage,logistic_regression,test,303,101,101,185,fitted,0.43564356435643564,0.21769759450171822,0.32654639175257727,0.3888888888888889,8,5,False
random,seed_20264957,20264957.0,60,B_without_potential_leakage,random_forest,validation,303,101,101,185,fitted,0.44554455445544555,0.2211988304093567,0.29493177387914227,0.3529411764705882,9,1,False
random,seed_20264957,20264957.0,60,B_without_potential_leakage,random_forest,test,303,101,101,185,fitted,0.43564356435643564,0.21769759450171822,0.32654639175257727,0.3888888888888889,8,5,False
random,seed_20264957,20264957.0,60,B_without_potential_leakage,hist_gradient_boosting,validation,303,101,101,185,fitted,0.44554455445544555,0.2211988304093567,0.29493177387914227,0.3529411764705882,9,1,False
random,seed_20264957,20264957.0,60,B_without_potential_leakage,hist_gradient_boosting,test,303,101,101,185,fitted,0.43564356435643564,0.21769759450171822,0.32654639175257727,0.3888888888888889,8,5,True
random,seed_20264957,20264957.0,60,C_without_SLBIC_initial,logistic_regression,validation,303,101,101,120,fitted,0.44554455445544555,0.2211988304093567,0.29493177387914227,0.3529411764705882,9,1,False
random,seed_20264957,20264957.0,60,C_without_SLBIC_initial,logistic_regression,test,303,101,101,120,fitted,0.43564356435643564,0.21769759450171822,0.32654639175257727,0.3888888888888889,8,5,False
random,seed_20264957,20264957.0,60,C_without_SLBIC_initial,random_forest,validation,303,101,101,120,fitted,0.44554455445544555,0.2211988304093567,0.29493177387914227,0.3529411764705882,9,1,False
random,seed_20264957,20264957.0,60,C_without_SLBIC_initial,random_forest,test,303,101,101,120,fitted,0.43564356435643564,0.21769759450171822,0.32654639175257727,0.3888888888888889,8,5,False
random,seed_20264957,20264957.0,60,C_without_SLBIC_initial,hist_gradient_boosting,validation,303,101,101,120,fitted,0.44554455445544555,0.2211988304093567,0.29493177387914227,0.3529411764705882,9,1,False
random,seed_20264957,20264957.0,60,C_without_SLBIC_initial,hist_gradient_boosting,test,303,101,101,120,fitted,0.43564356435643564,0.21769759450171822,0.32654639175257727,0.3888888888888889,8,5,True
random,seed_20264957,20264957.0,90,A_strict_38,logistic_regression,validation,303,101,101,190,fitted,0.44554455445544555,0.2211988304093567,0.29493177387914227,0.3529411764705882,9,1,False
random,seed_20264957,20264957.0,90,A_strict_38,logistic_regression,test,303,101,101,190,fitted,0.43564356435643564,0.21769759450171822,0.32654639175257727,0.3888888888888889,8,5,False
random,seed_20264957,20264957.0,90,A_strict_38,random_forest,validation,303,101,101,190,fitted,0.44554455445544555,0.2211988304093567,0.29493177387914227,0.3529411764705882,9,1,False
random,seed_20264957,20264957.0,90,A_strict_38,random_forest,test,303,101,101,190,fitted,0.43564356435643564,0.21769759450171822,0.32654639175257727,0.3888888888888889,8,5,False
random,seed_20264957,20264957.0,90,A_strict_38,hist_gradient_boosting,validation,303,101,101,190,fitted,0.44554455445544555,0.2211988304093567,0.29493177387914227,0.3529411764705882,9,1,False
random,seed_20264957,20264957.0,90,A_strict_38,hist_gradient_boosting,test,303,101,101,190,fitted,0.43564356435643564,0.21769759450171822,0.32654639175257727,0.3888888888888889,8,5,True
random,seed_20264957,20264957.0,90,B_without_potential_leakage,logistic_regression,validation,303,101,101,185,fitted,0.44554455445544555,0.2211988304093567,0.29493177387914227,0.3529411764705882,9,1,False
random,seed_20264957,20264957.0,90,B_without_potential_leakage,logistic_regression,test,303,101,101,185,fitted,0.43564356435643564,0.21769759450171822,0.32654639175257727,0.3888888888888889,8,5,False
random,seed_20264957,20264957.0,90,B_without_potential_leakage,random_forest,validation,303,101,101,185,fitted,0.44554455445544555,0.2211988304093567,0.29493177387914227,0.3529411764705882,9,1,False
random,seed_20264957,20264957.0,90,B_without_potential_leakage,random_forest,test,303,101,101,185,fitted,0.43564356435643564,0.21769759450171822,0.32654639175257727,0.3888888888888889,8,5,False
random,seed_20264957,20264957.0,90,B_without_potential_leakage,hist_gradient_boosting,validation,303,101,101,185,fitted,0.44554455445544555,0.2211988304093567,0.29493177387914227,0.3529411764705882,9,1,False
random,seed_20264957,20264957.0,90,B_without_potential_leakage,hist_gradient_boosting,test,303,101,101,185,fitted,0.43564356435643564,0.21769759450171822,0.32654639175257727,0.3888888888888889,8,5,True
random,seed_20264957,20264957.0,90,C_without_SLBIC_initial,logistic_regression,validation,303,101,101,120,fitted,0.44554455445544555,0.2211988304093567,0.29493177387914227,0.3529411764705882,9,1,False
random,seed_20264957,20264957.0,90,C_without_SLBIC_initial,logistic_regression,test,303,101,101,120,fitted,0.43564356435643564,0.21769759450171822,0.32654639175257727,0.3888888888888889,8,5,False
random,seed_20264957,20264957.0,90,C_without_SLBIC_initial,random_forest,validation,303,101,101,120,fitted,0.44554455445544555,0.2211988304093567,0.29493177387914227,0.3529411764705882,9,1,False
random,seed_20264957,20264957.0,90,C_without_SLBIC_initial,random_forest,test,303,101,101,120,fitted,0.43564356435643564,0.21769759450171822,0.32654639175257727,0.3888888888888889,8,5,False
random,seed_20264957,20264957.0,90,C_without_SLBIC_initial,hist_gradient_boosting,validation,303,101,101,120,fitted,0.44554455445544555,0.2211988304093567,0.29493177387914227,0.3529411764705882,9,1,False
random,seed_20264957,20264957.0,90,C_without_SLBIC_initial,hist_gradient_boosting,test,303,101,101,120,fitted,0.43564356435643564,0.21769759450171822,0.32654639175257727,0.3888888888888889,8,5,True
random,seed_20264957,20264957.0,120,A_strict_38,logistic_regression,validation,303,101,101,190,fitted,0.9702970297029703,0.7271423443673863,0.969523125823182,0.963425925925926,9,1,False
random,seed_20264957,20264957.0,120,A_strict_38,logistic_regression,test,303,101,101,190,fitted,0.9702970297029703,0.6407175365800891,0.9610763048701337,0.9493303571428571,8,5,False
random,seed_20264957,20264957.0,120,A_strict_38,random_forest,validation,303,101,101,190,fitted,0.9900990099009901,0.7449308755760368,0.9932411674347157,0.9930555555555556,9,1,False
random,seed_20264957,20264957.0,120,A_strict_38,random_forest,test,303,101,101,190,fitted,0.9900990099009901,0.658004158004158,0.987006237006237,0.9821428571428572,8,5,False
random,seed_20264957,20264957.0,120,A_strict_38,hist_gradient_boosting,validation,303,101,101,190,fitted,0.9900990099009901,0.7449308755760368,0.9932411674347157,0.9930555555555556,9,1,False
random,seed_20264957,20264957.0,120,A_strict_38,hist_gradient_boosting,test,303,101,101,190,fitted,0.9900990099009901,0.658004158004158,0.987006237006237,0.9821428571428572,8,5,True
random,seed_20264957,20264957.0,120,B_without_potential_leakage,logistic_regression,validation,303,101,101,185,fitted,0.9702970297029703,0.7271423443673863,0.969523125823182,0.963425925925926,9,1,False
random,seed_20264957,20264957.0,120,B_without_potential_leakage,logistic_regression,test,303,101,101,185,fitted,0.9702970297029703,0.6407175365800891,0.9610763048701337,0.9493303571428571,8,5,False
random,seed_20264957,20264957.0,120,B_without_potential_leakage,random_forest,validation,303,101,101,185,fitted,0.9900990099009901,0.7449308755760368,0.9932411674347157,0.9930555555555556,9,1,False
random,seed_20264957,20264957.0,120,B_without_potential_leakage,random_forest,test,303,101,101,185,fitted,0.9900990099009901,0.658004158004158,0.987006237006237,0.9821428571428572,8,5,False
random,seed_20264957,20264957.0,120,B_without_potential_leakage,hist_gradient_boosting,validation,303,101,101,185,fitted,0.9900990099009901,0.7449308755760368,0.9932411674347157,0.9930555555555556,9,1,False
random,seed_20264957,20264957.0,120,B_without_potential_leakage,hist_gradient_boosting,test,303,101,101,185,fitted,0.9900990099009901,0.658004158004158,0.987006237006237,0.9821428571428572,8,5,True
random,seed_20264957,20264957.0,120,C_without_SLBIC_initial,logistic_regression,validation,303,101,101,120,fitted,0.9702970297029703,0.7271423443673863,0.969523125823182,0.963425925925926,9,1,False
random,seed_20264957,20264957.0,120,C_without_SLBIC_initial,logistic_regression,test,303,101,101,120,fitted,0.9702970297029703,0.6404010179708876,0.9606015269563315,0.9493303571428571,8,5,False
random,seed_20264957,20264957.0,120,C_without_SLBIC_initial,random_forest,validation,303,101,101,120,fitted,0.9900990099009901,0.7449308755760368,0.9932411674347157,0.9930555555555556,9,1,False
random,seed_20264957,20264957.0,120,C_without_SLBIC_initial,random_forest,test,303,101,101,120,fitted,0.9900990099009901,0.6577311577311578,0.9865967365967366,0.9821428571428572,8,5,False
random,seed_20264957,20264957.0,120,C_without_SLBIC_initial,hist_gradient_boosting,validation,303,101,101,120,fitted,0.9900990099009901,0.7449308755760368,0.9932411674347157,0.9930555555555556,9,1,False
random,seed_20264957,20264957.0,120,C_without_SLBIC_initial,hist_gradient_boosting,test,303,101,101,120,fitted,0.9900990099009901,0.658004158004158,0.987006237006237,0.9821428571428572,8,5,True
random,seed_20265966,20265966.0,30,A_strict_38,logistic_regression,validation,303,101,101,190,fitted,0.42574257425742573,0.2121645310739179,0.28288604143189056,0.3464052287581699,9,1,False
random,seed_20265966,20265966.0,30,A_strict_38,logistic_regression,test,303,101,101,190,fitted,0.45544554455445546,0.2320574162679426,0.3480861244019139,0.4027777777777778,8,5,False
random,seed_20265966,20265966.0,30,A_strict_38,random_forest,validation,303,101,101,190,fitted,0.42574257425742573,0.2121645310739179,0.28288604143189056,0.3464052287581699,9,1,False
random,seed_20265966,20265966.0,30,A_strict_38,random_forest,test,303,101,101,190,fitted,0.45544554455445546,0.2320574162679426,0.3480861244019139,0.4027777777777778,8,5,False
random,seed_20265966,20265966.0,30,A_strict_38,hist_gradient_boosting,validation,303,101,101,190,fitted,0.42574257425742573,0.2121645310739179,0.28288604143189056,0.3464052287581699,9,1,False
random,seed_20265966,20265966.0,30,A_strict_38,hist_gradient_boosting,test,303,101,101,190,fitted,0.45544554455445546,0.2320574162679426,0.3480861244019139,0.4027777777777778,8,5,True
random,seed_20265966,20265966.0,30,B_without_potential_leakage,logistic_regression,validation,303,101,101,185,fitted,0.42574257425742573,0.2121645310739179,0.28288604143189056,0.3464052287581699,9,1,False
random,seed_20265966,20265966.0,30,B_without_potential_leakage,logistic_regression,test,303,101,101,185,fitted,0.45544554455445546,0.2320574162679426,0.3480861244019139,0.4027777777777778,8,5,False
random,seed_20265966,20265966.0,30,B_without_potential_leakage,random_forest,validation,303,101,101,185,fitted,0.42574257425742573,0.2121645310739179,0.28288604143189056,0.3464052287581699,9,1,False
random,seed_20265966,20265966.0,30,B_without_potential_leakage,random_forest,test,303,101,101,185,fitted,0.45544554455445546,0.2320574162679426,0.3480861244019139,0.4027777777777778,8,5,False
random,seed_20265966,20265966.0,30,B_without_potential_leakage,hist_gradient_boosting,validation,303,101,101,185,fitted,0.42574257425742573,0.2121645310739179,0.28288604143189056,0.3464052287581699,9,1,False
random,seed_20265966,20265966.0,30,B_without_potential_leakage,hist_gradient_boosting,test,303,101,101,185,fitted,0.45544554455445546,0.2320574162679426,0.3480861244019139,0.4027777777777778,8,5,True
random,seed_20265966,20265966.0,30,C_without_SLBIC_initial,logistic_regression,validation,303,101,101,120,fitted,0.42574257425742573,0.2121645310739179,0.28288604143189056,0.3464052287581699,9,1,False
random,seed_20265966,20265966.0,30,C_without_SLBIC_initial,logistic_regression,test,303,101,101,120,fitted,0.45544554455445546,0.2320574162679426,0.3480861244019139,0.4027777777777778,8,5,False
random,seed_20265966,20265966.0,30,C_without_SLBIC_initial,random_forest,validation,303,101,101,120,fitted,0.42574257425742573,0.2121645310739179,0.28288604143189056,0.3464052287581699,9,1,False
random,seed_20265966,20265966.0,30,C_without_SLBIC_initial,random_forest,test,303,101,101,120,fitted,0.45544554455445546,0.2320574162679426,0.3480861244019139,0.4027777777777778,8,5,False
random,seed_20265966,20265966.0,30,C_without_SLBIC_initial,hist_gradient_boosting,validation,303,101,101,120,fitted,0.42574257425742573,0.2121645310739179,0.28288604143189056,0.3464052287581699,9,1,False
random,seed_20265966,20265966.0,30,C_without_SLBIC_initial,hist_gradient_boosting,test,303,101,101,120,fitted,0.45544554455445546,0.2320574162679426,0.3480861244019139,0.4027777777777778,8,5,True
random,seed_20265966,20265966.0,60,A_strict_38,logistic_regression,validation,303,101,101,190,fitted,0.42574257425742573,0.2121645310739179,0.28288604143189056,0.3464052287581699,9,1,False
random,seed_20265966,20265966.0,60,A_strict_38,logistic_regression,test,303,101,101,190,fitted,0.45544554455445546,0.2320574162679426,0.3480861244019139,0.4027777777777778,8,5,False
random,seed_20265966,20265966.0,60,A_strict_38,random_forest,validation,303,101,101,190,fitted,0.42574257425742573,0.2121645310739179,0.28288604143189056,0.3464052287581699,9,1,False
random,seed_20265966,20265966.0,60,A_strict_38,random_forest,test,303,101,101,190,fitted,0.45544554455445546,0.2320574162679426,0.3480861244019139,0.4027777777777778,8,5,False
random,seed_20265966,20265966.0,60,A_strict_38,hist_gradient_boosting,validation,303,101,101,190,fitted,0.42574257425742573,0.2121645310739179,0.28288604143189056,0.3464052287581699,9,1,False
random,seed_20265966,20265966.0,60,A_strict_38,hist_gradient_boosting,test,303,101,101,190,fitted,0.45544554455445546,0.2320574162679426,0.3480861244019139,0.4027777777777778,8,5,True
random,seed_20265966,20265966.0,60,B_without_potential_leakage,logistic_regression,validation,303,101,101,185,fitted,0.42574257425742573,0.2121645310739179,0.28288604143189056,0.3464052287581699,9,1,False
random,seed_20265966,20265966.0,60,B_without_potential_leakage,logistic_regression,test,303,101,101,185,fitted,0.45544554455445546,0.2320574162679426,0.3480861244019139,0.4027777777777778,8,5,False
random,seed_20265966,20265966.0,60,B_without_potential_leakage,random_forest,validation,303,101,101,185,fitted,0.42574257425742573,0.2121645310739179,0.28288604143189056,0.3464052287581699,9,1,False
random,seed_20265966,20265966.0,60,B_without_potential_leakage,random_forest,test,303,101,101,185,fitted,0.45544554455445546,0.2320574162679426,0.3480861244019139,0.4027777777777778,8,5,False
random,seed_20265966,20265966.0,60,B_without_potential_leakage,hist_gradient_boosting,validation,303,101,101,185,fitted,0.42574257425742573,0.2121645310739179,0.28288604143189056,0.3464052287581699,9,1,False
random,seed_20265966,20265966.0,60,B_without_potential_leakage,hist_gradient_boosting,test,303,101,101,185,fitted,0.45544554455445546,0.2320574162679426,0.3480861244019139,0.4027777777777778,8,5,True
random,seed_20265966,20265966.0,60,C_without_SLBIC_initial,logistic_regression,validation,303,101,101,120,fitted,0.42574257425742573,0.2121645310739179,0.28288604143189056,0.3464052287581699,9,1,False
random,seed_20265966,20265966.0,60,C_without_SLBIC_initial,logistic_regression,test,303,101,101,120,fitted,0.45544554455445546,0.2320574162679426,0.3480861244019139,0.4027777777777778,8,5,False
random,seed_20265966,20265966.0,60,C_without_SLBIC_initial,random_forest,validation,303,101,101,120,fitted,0.42574257425742573,0.2121645310739179,0.28288604143189056,0.3464052287581699,9,1,False
random,seed_20265966,20265966.0,60,C_without_SLBIC_initial,random_forest,test,303,101,101,120,fitted,0.45544554455445546,0.2320574162679426,0.3480861244019139,0.4027777777777778,8,5,False
random,seed_20265966,20265966.0,60,C_without_SLBIC_initial,hist_gradient_boosting,validation,303,101,101,120,fitted,0.42574257425742573,0.2121645310739179,0.28288604143189056,0.3464052287581699,9,1,False
random,seed_20265966,20265966.0,60,C_without_SLBIC_initial,hist_gradient_boosting,test,303,101,101,120,fitted,0.45544554455445546,0.2320574162679426,0.3480861244019139,0.4027777777777778,8,5,True
random,seed_20265966,20265966.0,90,A_strict_38,logistic_regression,validation,303,101,101,190,fitted,0.42574257425742573,0.2121645310739179,0.28288604143189056,0.3464052287581699,9,1,False
random,seed_20265966,20265966.0,90,A_strict_38,logistic_regression,test,303,101,101,190,fitted,0.45544554455445546,0.2320574162679426,0.3480861244019139,0.4027777777777778,8,5,False
random,seed_20265966,20265966.0,90,A_strict_38,random_forest,validation,303,101,101,190,fitted,0.42574257425742573,0.2121645310739179,0.28288604143189056,0.3464052287581699,9,1,False
random,seed_20265966,20265966.0,90,A_strict_38,random_forest,test,303,101,101,190,fitted,0.45544554455445546,0.2320574162679426,0.3480861244019139,0.4027777777777778,8,5,False
random,seed_20265966,20265966.0,90,A_strict_38,hist_gradient_boosting,validation,303,101,101,190,fitted,0.42574257425742573,0.2121645310739179,0.28288604143189056,0.3464052287581699,9,1,False
random,seed_20265966,20265966.0,90,A_strict_38,hist_gradient_boosting,test,303,101,101,190,fitted,0.45544554455445546,0.2320574162679426,0.3480861244019139,0.4027777777777778,8,5,True
random,seed_20265966,20265966.0,90,B_without_potential_leakage,logistic_regression,validation,303,101,101,185,fitted,0.42574257425742573,0.2121645310739179,0.28288604143189056,0.3464052287581699,9,1,False
random,seed_20265966,20265966.0,90,B_without_potential_leakage,logistic_regression,test,303,101,101,185,fitted,0.45544554455445546,0.2320574162679426,0.3480861244019139,0.4027777777777778,8,5,False
random,seed_20265966,20265966.0,90,B_without_potential_leakage,random_forest,validation,303,101,101,185,fitted,0.42574257425742573,0.2121645310739179,0.28288604143189056,0.3464052287581699,9,1,False
random,seed_20265966,20265966.0,90,B_without_potential_leakage,random_forest,test,303,101,101,185,fitted,0.45544554455445546,0.2320574162679426,0.3480861244019139,0.4027777777777778,8,5,False
random,seed_20265966,20265966.0,90,B_without_potential_leakage,hist_gradient_boosting,validation,303,101,101,185,fitted,0.42574257425742573,0.2121645310739179,0.28288604143189056,0.3464052287581699,9,1,False
random,seed_20265966,20265966.0,90,B_without_potential_leakage,hist_gradient_boosting,test,303,101,101,185,fitted,0.45544554455445546,0.2320574162679426,0.3480861244019139,0.4027777777777778,8,5,True
random,seed_20265966,20265966.0,90,C_without_SLBIC_initial,logistic_regression,validation,303,101,101,120,fitted,0.42574257425742573,0.2121645310739179,0.28288604143189056,0.3464052287581699,9,1,False
random,seed_20265966,20265966.0,90,C_without_SLBIC_initial,logistic_regression,test,303,101,101,120,fitted,0.45544554455445546,0.2320574162679426,0.3480861244019139,0.4027777777777778,8,5,False
random,seed_20265966,20265966.0,90,C_without_SLBIC_initial,random_forest,validation,303,101,101,120,fitted,0.42574257425742573,0.2121645310739179,0.28288604143189056,0.3464052287581699,9,1,False
random,seed_20265966,20265966.0,90,C_without_SLBIC_initial,random_forest,test,303,101,101,120,fitted,0.45544554455445546,0.2320574162679426,0.3480861244019139,0.4027777777777778,8,5,False
random,seed_20265966,20265966.0,90,C_without_SLBIC_initial,hist_gradient_boosting,validation,303,101,101,120,fitted,0.42574257425742573,0.2121645310739179,0.28288604143189056,0.3464052287581699,9,1,False
random,seed_20265966,20265966.0,90,C_without_SLBIC_initial,hist_gradient_boosting,test,303,101,101,120,fitted,0.45544554455445546,0.2320574162679426,0.3480861244019139,0.4027777777777778,8,5,True
random,seed_20265966,20265966.0,120,A_strict_38,logistic_regression,validation,303,101,101,190,fitted,0.9702970297029703,0.7352216748768473,0.9802955665024631,0.9787037037037037,9,1,False
random,seed_20265966,20265966.0,120,A_strict_38,logistic_regression,test,303,101,101,190,fitted,0.9900990099009901,0.6619459742984527,0.992918961447679,0.9921875,8,5,False
random,seed_20265966,20265966.0,120,A_strict_38,random_forest,validation,303,101,101,190,fitted,0.9801980198019802,0.7400309717382888,0.9867079623177184,0.9861111111111112,9,1,False
random,seed_20265966,20265966.0,120,A_strict_38,random_forest,test,303,101,101,190,fitted,1.0,0.6666666666666666,1.0,1.0,8,5,True
random,seed_20265966,20265966.0,120,A_strict_38,hist_gradient_boosting,validation,303,101,101,190,fitted,0.9603960396039604,0.7273493418230261,0.9697991224307013,0.9712962962962963,9,1,False
random,seed_20265966,20265966.0,120,A_strict_38,hist_gradient_boosting,test,303,101,101,190,fitted,0.9900990099009901,0.6617605831230726,0.9926408746846089,0.9916666666666667,8,5,False
random,seed_20265966,20265966.0,120,B_without_potential_leakage,logistic_regression,validation,303,101,101,185,fitted,0.9702970297029703,0.7352216748768473,0.9802955665024631,0.9787037037037037,9,1,False
random,seed_20265966,20265966.0,120,B_without_potential_leakage,logistic_regression,test,303,101,101,185,fitted,0.9900990099009901,0.6619459742984527,0.992918961447679,0.9921875,8,5,False
random,seed_20265966,20265966.0,120,B_without_potential_leakage,random_forest,validation,303,101,101,185,fitted,0.9801980198019802,0.7400309717382888,0.9867079623177184,0.9861111111111112,9,1,False
random,seed_20265966,20265966.0,120,B_without_potential_leakage,random_forest,test,303,101,101,185,fitted,1.0,0.6666666666666666,1.0,1.0,8,5,True
random,seed_20265966,20265966.0,120,B_without_potential_leakage,hist_gradient_boosting,validation,303,101,101,185,fitted,0.9603960396039604,0.7273493418230261,0.9697991224307013,0.9712962962962963,9,1,False
random,seed_20265966,20265966.0,120,B_without_potential_leakage,hist_gradient_boosting,test,303,101,101,185,fitted,0.9900990099009901,0.6617605831230726,0.9926408746846089,0.9916666666666667,8,5,False
random,seed_20265966,20265966.0,120,C_without_SLBIC_initial,logistic_regression,validation,303,101,101,120,fitted,0.9603960396039604,0.7308549669533678,0.9744732892711571,0.9721677559912855,9,1,False
random,seed_20265966,20265966.0,120,C_without_SLBIC_initial,logistic_regression,test,303,101,101,120,fitted,0.9801980198019802,0.6576292882744496,0.9864439324116744,0.9852430555555556,8,5,False
random,seed_20265966,20265966.0,120,C_without_SLBIC_initial,random_forest,validation,303,101,101,120,fitted,0.9801980198019802,0.7400309717382888,0.9867079623177184,0.9861111111111112,9,1,False
random,seed_20265966,20265966.0,120,C_without_SLBIC_initial,random_forest,test,303,101,101,120,fitted,1.0,0.6666666666666666,1.0,1.0,8,5,True
random,seed_20265966,20265966.0,120,C_without_SLBIC_initial,hist_gradient_boosting,validation,303,101,101,120,fitted,0.9801980198019802,0.7376775271512114,0.9835700362016152,0.9861111111111112,9,1,False
random,seed_20265966,20265966.0,120,C_without_SLBIC_initial,hist_gradient_boosting,test,303,101,101,120,fitted,1.0,0.6666666666666666,1.0,1.0,8,5,False
random,seed_20266975,20266975.0,30,A_strict_38,logistic_regression,validation,303,101,101,190,fitted,0.44554455445544555,0.2269073220686124,0.30254309609148317,0.35947712418300654,9,1,False
random,seed_20266975,20266975.0,30,A_strict_38,logistic_regression,test,303,101,101,190,fitted,0.44554455445544555,0.2251984126984127,0.33779761904761907,0.39583333333333337,8,5,False
random,seed_20266975,20266975.0,30,A_strict_38,random_forest,validation,303,101,101,190,fitted,0.44554455445544555,0.2269073220686124,0.30254309609148317,0.35947712418300654,9,1,False
random,seed_20266975,20266975.0,30,A_strict_38,random_forest,test,303,101,101,190,fitted,0.44554455445544555,0.2251984126984127,0.33779761904761907,0.39583333333333337,8,5,False
random,seed_20266975,20266975.0,30,A_strict_38,hist_gradient_boosting,validation,303,101,101,190,fitted,0.44554455445544555,0.2269073220686124,0.30254309609148317,0.35947712418300654,9,1,False
random,seed_20266975,20266975.0,30,A_strict_38,hist_gradient_boosting,test,303,101,101,190,fitted,0.44554455445544555,0.2251984126984127,0.33779761904761907,0.39583333333333337,8,5,True
random,seed_20266975,20266975.0,30,B_without_potential_leakage,logistic_regression,validation,303,101,101,185,fitted,0.44554455445544555,0.2269073220686124,0.30254309609148317,0.35947712418300654,9,1,False
random,seed_20266975,20266975.0,30,B_without_potential_leakage,logistic_regression,test,303,101,101,185,fitted,0.44554455445544555,0.2251984126984127,0.33779761904761907,0.39583333333333337,8,5,False
random,seed_20266975,20266975.0,30,B_without_potential_leakage,random_forest,validation,303,101,101,185,fitted,0.44554455445544555,0.2269073220686124,0.30254309609148317,0.35947712418300654,9,1,False
random,seed_20266975,20266975.0,30,B_without_potential_leakage,random_forest,test,303,101,101,185,fitted,0.44554455445544555,0.2251984126984127,0.33779761904761907,0.39583333333333337,8,5,False
random,seed_20266975,20266975.0,30,B_without_potential_leakage,hist_gradient_boosting,validation,303,101,101,185,fitted,0.44554455445544555,0.2269073220686124,0.30254309609148317,0.35947712418300654,9,1,False
random,seed_20266975,20266975.0,30,B_without_potential_leakage,hist_gradient_boosting,test,303,101,101,185,fitted,0.44554455445544555,0.2251984126984127,0.33779761904761907,0.39583333333333337,8,5,True
random,seed_20266975,20266975.0,30,C_without_SLBIC_initial,logistic_regression,validation,303,101,101,120,fitted,0.44554455445544555,0.2269073220686124,0.30254309609148317,0.35947712418300654,9,1,False
random,seed_20266975,20266975.0,30,C_without_SLBIC_initial,logistic_regression,test,303,101,101,120,fitted,0.44554455445544555,0.2251984126984127,0.33779761904761907,0.39583333333333337,8,5,False
random,seed_20266975,20266975.0,30,C_without_SLBIC_initial,random_forest,validation,303,101,101,120,fitted,0.44554455445544555,0.2269073220686124,0.30254309609148317,0.35947712418300654,9,1,False
random,seed_20266975,20266975.0,30,C_without_SLBIC_initial,random_forest,test,303,101,101,120,fitted,0.44554455445544555,0.2251984126984127,0.33779761904761907,0.39583333333333337,8,5,False
random,seed_20266975,20266975.0,30,C_without_SLBIC_initial,hist_gradient_boosting,validation,303,101,101,120,fitted,0.44554455445544555,0.2269073220686124,0.30254309609148317,0.35947712418300654,9,1,False
random,seed_20266975,20266975.0,30,C_without_SLBIC_initial,hist_gradient_boosting,test,303,101,101,120,fitted,0.44554455445544555,0.2251984126984127,0.33779761904761907,0.39583333333333337,8,5,True
random,seed_20266975,20266975.0,60,A_strict_38,logistic_regression,validation,303,101,101,190,fitted,0.44554455445544555,0.2269073220686124,0.30254309609148317,0.35947712418300654,9,1,False
random,seed_20266975,20266975.0,60,A_strict_38,logistic_regression,test,303,101,101,190,fitted,0.44554455445544555,0.2251984126984127,0.33779761904761907,0.39583333333333337,8,5,False
random,seed_20266975,20266975.0,60,A_strict_38,random_forest,validation,303,101,101,190,fitted,0.44554455445544555,0.2269073220686124,0.30254309609148317,0.35947712418300654,9,1,False
random,seed_20266975,20266975.0,60,A_strict_38,random_forest,test,303,101,101,190,fitted,0.44554455445544555,0.2251984126984127,0.33779761904761907,0.39583333333333337,8,5,False
random,seed_20266975,20266975.0,60,A_strict_38,hist_gradient_boosting,validation,303,101,101,190,fitted,0.44554455445544555,0.2269073220686124,0.30254309609148317,0.35947712418300654,9,1,False
random,seed_20266975,20266975.0,60,A_strict_38,hist_gradient_boosting,test,303,101,101,190,fitted,0.44554455445544555,0.2251984126984127,0.33779761904761907,0.39583333333333337,8,5,True
random,seed_20266975,20266975.0,60,B_without_potential_leakage,logistic_regression,validation,303,101,101,185,fitted,0.44554455445544555,0.2269073220686124,0.30254309609148317,0.35947712418300654,9,1,False
random,seed_20266975,20266975.0,60,B_without_potential_leakage,logistic_regression,test,303,101,101,185,fitted,0.44554455445544555,0.2251984126984127,0.33779761904761907,0.39583333333333337,8,5,False
random,seed_20266975,20266975.0,60,B_without_potential_leakage,random_forest,validation,303,101,101,185,fitted,0.44554455445544555,0.2269073220686124,0.30254309609148317,0.35947712418300654,9,1,False
random,seed_20266975,20266975.0,60,B_without_potential_leakage,random_forest,test,303,101,101,185,fitted,0.44554455445544555,0.2251984126984127,0.33779761904761907,0.39583333333333337,8,5,False
random,seed_20266975,20266975.0,60,B_without_potential_leakage,hist_gradient_boosting,validation,303,101,101,185,fitted,0.44554455445544555,0.2269073220686124,0.30254309609148317,0.35947712418300654,9,1,False
random,seed_20266975,20266975.0,60,B_without_potential_leakage,hist_gradient_boosting,test,303,101,101,185,fitted,0.44554455445544555,0.2251984126984127,0.33779761904761907,0.39583333333333337,8,5,True
random,seed_20266975,20266975.0,60,C_without_SLBIC_initial,logistic_regression,validation,303,101,101,120,fitted,0.44554455445544555,0.2269073220686124,0.30254309609148317,0.35947712418300654,9,1,False
random,seed_20266975,20266975.0,60,C_without_SLBIC_initial,logistic_regression,test,303,101,101,120,fitted,0.44554455445544555,0.2251984126984127,0.33779761904761907,0.39583333333333337,8,5,False
random,seed_20266975,20266975.0,60,C_without_SLBIC_initial,random_forest,validation,303,101,101,120,fitted,0.44554455445544555,0.2269073220686124,0.30254309609148317,0.35947712418300654,9,1,False
random,seed_20266975,20266975.0,60,C_without_SLBIC_initial,random_forest,test,303,101,101,120,fitted,0.44554455445544555,0.2251984126984127,0.33779761904761907,0.39583333333333337,8,5,False
random,seed_20266975,20266975.0,60,C_without_SLBIC_initial,hist_gradient_boosting,validation,303,101,101,120,fitted,0.44554455445544555,0.2269073220686124,0.30254309609148317,0.35947712418300654,9,1,False
random,seed_20266975,20266975.0,60,C_without_SLBIC_initial,hist_gradient_boosting,test,303,101,101,120,fitted,0.44554455445544555,0.2251984126984127,0.33779761904761907,0.39583333333333337,8,5,True
random,seed_20266975,20266975.0,90,A_strict_38,logistic_regression,validation,303,101,101,190,fitted,0.44554455445544555,0.2269073220686124,0.30254309609148317,0.35947712418300654,9,1,False
random,seed_20266975,20266975.0,90,A_strict_38,logistic_regression,test,303,101,101,190,fitted,0.44554455445544555,0.2251984126984127,0.33779761904761907,0.39583333333333337,8,5,False
random,seed_20266975,20266975.0,90,A_strict_38,random_forest,validation,303,101,101,190,fitted,0.44554455445544555,0.2269073220686124,0.30254309609148317,0.35947712418300654,9,1,False
random,seed_20266975,20266975.0,90,A_strict_38,random_forest,test,303,101,101,190,fitted,0.44554455445544555,0.2251984126984127,0.33779761904761907,0.39583333333333337,8,5,False
random,seed_20266975,20266975.0,90,A_strict_38,hist_gradient_boosting,validation,303,101,101,190,fitted,0.44554455445544555,0.2269073220686124,0.30254309609148317,0.35947712418300654,9,1,False
random,seed_20266975,20266975.0,90,A_strict_38,hist_gradient_boosting,test,303,101,101,190,fitted,0.44554455445544555,0.2251984126984127,0.33779761904761907,0.39583333333333337,8,5,True
random,seed_20266975,20266975.0,90,B_without_potential_leakage,logistic_regression,validation,303,101,101,185,fitted,0.44554455445544555,0.2269073220686124,0.30254309609148317,0.35947712418300654,9,1,False
random,seed_20266975,20266975.0,90,B_without_potential_leakage,logistic_regression,test,303,101,101,185,fitted,0.44554455445544555,0.2251984126984127,0.33779761904761907,0.39583333333333337,8,5,False
random,seed_20266975,20266975.0,90,B_without_potential_leakage,random_forest,validation,303,101,101,185,fitted,0.44554455445544555,0.2269073220686124,0.30254309609148317,0.35947712418300654,9,1,False
random,seed_20266975,20266975.0,90,B_without_potential_leakage,random_forest,test,303,101,101,185,fitted,0.44554455445544555,0.2251984126984127,0.33779761904761907,0.39583333333333337,8,5,False
random,seed_20266975,20266975.0,90,B_without_potential_leakage,hist_gradient_boosting,validation,303,101,101,185,fitted,0.44554455445544555,0.2269073220686124,0.30254309609148317,0.35947712418300654,9,1,False
random,seed_20266975,20266975.0,90,B_without_potential_leakage,hist_gradient_boosting,test,303,101,101,185,fitted,0.44554455445544555,0.2251984126984127,0.33779761904761907,0.39583333333333337,8,5,True
random,seed_20266975,20266975.0,90,C_without_SLBIC_initial,logistic_regression,validation,303,101,101,120,fitted,0.44554455445544555,0.2269073220686124,0.30254309609148317,0.35947712418300654,9,1,False
random,seed_20266975,20266975.0,90,C_without_SLBIC_initial,logistic_regression,test,303,101,101,120,fitted,0.44554455445544555,0.2251984126984127,0.33779761904761907,0.39583333333333337,8,5,False
random,seed_20266975,20266975.0,90,C_without_SLBIC_initial,random_forest,validation,303,101,101,120,fitted,0.44554455445544555,0.2269073220686124,0.30254309609148317,0.35947712418300654,9,1,False
random,seed_20266975,20266975.0,90,C_without_SLBIC_initial,random_forest,test,303,101,101,120,fitted,0.44554455445544555,0.2251984126984127,0.33779761904761907,0.39583333333333337,8,5,False
random,seed_20266975,20266975.0,90,C_without_SLBIC_initial,hist_gradient_boosting,validation,303,101,101,120,fitted,0.44554455445544555,0.2269073220686124,0.30254309609148317,0.35947712418300654,9,1,False
random,seed_20266975,20266975.0,90,C_without_SLBIC_initial,hist_gradient_boosting,test,303,101,101,120,fitted,0.44554455445544555,0.2251984126984127,0.33779761904761907,0.39583333333333337,8,5,True
random,seed_20266975,20266975.0,120,A_strict_38,logistic_regression,validation,303,101,101,190,fitted,0.9900990099009901,0.7451750758202372,0.9935667677603163,0.9930555555555556,9,1,False
random,seed_20266975,20266975.0,120,A_strict_38,logistic_regression,test,303,101,101,190,fitted,0.9702970297029703,0.6522121601829028,0.9783182402743543,0.9755208333333334,8,5,False
random,seed_20266975,20266975.0,120,A_strict_38,random_forest,validation,303,101,101,190,fitted,1.0,0.75,1.0,1.0,9,1,False
random,seed_20266975,20266975.0,120,A_strict_38,random_forest,test,303,101,101,190,fitted,0.9900990099009901,0.6619459742984527,0.992918961447679,0.9921875,8,5,False
random,seed_20266975,20266975.0,120,A_strict_38,hist_gradient_boosting,validation,303,101,101,190,fitted,1.0,0.75,1.0,1.0,9,1,False
random,seed_20266975,20266975.0,120,A_strict_38,hist_gradient_boosting,test,303,101,101,190,fitted,0.9801980198019802,0.6546914160401003,0.9820371240601504,0.9852430555555556,8,5,True
random,seed_20266975,20266975.0,120,B_without_potential_leakage,logistic_regression,validation,303,101,101,185,fitted,0.9900990099009901,0.7451750758202372,0.9935667677603163,0.9930555555555556,9,1,False
random,seed_20266975,20266975.0,120,B_without_potential_leakage,logistic_regression,test,303,101,101,185,fitted,0.9702970297029703,0.6522121601829028,0.9783182402743543,0.9755208333333334,8,5,False
random,seed_20266975,20266975.0,120,B_without_potential_leakage,random_forest,validation,303,101,101,185,fitted,1.0,0.75,1.0,1.0,9,1,False
random,seed_20266975,20266975.0,120,B_without_potential_leakage,random_forest,test,303,101,101,185,fitted,0.9900990099009901,0.6619459742984527,0.992918961447679,0.9921875,8,5,False
random,seed_20266975,20266975.0,120,B_without_potential_leakage,hist_gradient_boosting,validation,303,101,101,185,fitted,1.0,0.75,1.0,1.0,9,1,False
random,seed_20266975,20266975.0,120,B_without_potential_leakage,hist_gradient_boosting,test,303,101,101,185,fitted,0.9801980198019802,0.6546914160401003,0.9820371240601504,0.9852430555555556,8,5,True
random,seed_20266975,20266975.0,120,C_without_SLBIC_initial,logistic_regression,validation,303,101,101,120,fitted,0.9702970297029703,0.7360059336480461,0.9813412448640615,0.979983660130719,9,1,False
random,seed_20266975,20266975.0,120,C_without_SLBIC_initial,logistic_regression,test,303,101,101,120,fitted,0.9801980198019802,0.6571366774370112,0.9857050161555168,0.9838541666666667,8,5,False
random,seed_20266975,20266975.0,120,C_without_SLBIC_initial,random_forest,validation,303,101,101,120,fitted,1.0,0.75,1.0,1.0,9,1,False
random,seed_20266975,20266975.0,120,C_without_SLBIC_initial,random_forest,test,303,101,101,120,fitted,0.9900990099009901,0.6619459742984527,0.992918961447679,0.9921875,8,5,False
random,seed_20266975,20266975.0,120,C_without_SLBIC_initial,hist_gradient_boosting,validation,303,101,101,120,fitted,1.0,0.75,1.0,1.0,9,1,False
random,seed_20266975,20266975.0,120,C_without_SLBIC_initial,hist_gradient_boosting,test,303,101,101,120,fitted,0.9801980198019802,0.6546914160401003,0.9820371240601504,0.9852430555555556,8,5,True
random,seed_20267984,20267984.0,30,A_strict_38,logistic_regression,validation,303,101,101,190,fitted,0.44554455445544555,0.2211988304093567,0.29493177387914227,0.3529411764705882,9,1,False
random,seed_20267984,20267984.0,30,A_strict_38,logistic_regression,test,303,101,101,190,fitted,0.43564356435643564,0.21769759450171822,0.32654639175257727,0.3888888888888889,8,5,False
random,seed_20267984,20267984.0,30,A_strict_38,random_forest,validation,303,101,101,190,fitted,0.44554455445544555,0.2211988304093567,0.29493177387914227,0.3529411764705882,9,1,False
random,seed_20267984,20267984.0,30,A_strict_38,random_forest,test,303,101,101,190,fitted,0.43564356435643564,0.21769759450171822,0.32654639175257727,0.3888888888888889,8,5,False
random,seed_20267984,20267984.0,30,A_strict_38,hist_gradient_boosting,validation,303,101,101,190,fitted,0.44554455445544555,0.2211988304093567,0.29493177387914227,0.3529411764705882,9,1,False
random,seed_20267984,20267984.0,30,A_strict_38,hist_gradient_boosting,test,303,101,101,190,fitted,0.43564356435643564,0.21769759450171822,0.32654639175257727,0.3888888888888889,8,5,True
random,seed_20267984,20267984.0,30,B_without_potential_leakage,logistic_regression,validation,303,101,101,185,fitted,0.44554455445544555,0.2211988304093567,0.29493177387914227,0.3529411764705882,9,1,False
random,seed_20267984,20267984.0,30,B_without_potential_leakage,logistic_regression,test,303,101,101,185,fitted,0.43564356435643564,0.21769759450171822,0.32654639175257727,0.3888888888888889,8,5,False
random,seed_20267984,20267984.0,30,B_without_potential_leakage,random_forest,validation,303,101,101,185,fitted,0.44554455445544555,0.2211988304093567,0.29493177387914227,0.3529411764705882,9,1,False
random,seed_20267984,20267984.0,30,B_without_potential_leakage,random_forest,test,303,101,101,185,fitted,0.43564356435643564,0.21769759450171822,0.32654639175257727,0.3888888888888889,8,5,False
random,seed_20267984,20267984.0,30,B_without_potential_leakage,hist_gradient_boosting,validation,303,101,101,185,fitted,0.44554455445544555,0.2211988304093567,0.29493177387914227,0.3529411764705882,9,1,False
random,seed_20267984,20267984.0,30,B_without_potential_leakage,hist_gradient_boosting,test,303,101,101,185,fitted,0.43564356435643564,0.21769759450171822,0.32654639175257727,0.3888888888888889,8,5,True
random,seed_20267984,20267984.0,30,C_without_SLBIC_initial,logistic_regression,validation,303,101,101,120,fitted,0.44554455445544555,0.2211988304093567,0.29493177387914227,0.3529411764705882,9,1,False
random,seed_20267984,20267984.0,30,C_without_SLBIC_initial,logistic_regression,test,303,101,101,120,fitted,0.43564356435643564,0.21769759450171822,0.32654639175257727,0.3888888888888889,8,5,False
random,seed_20267984,20267984.0,30,C_without_SLBIC_initial,random_forest,validation,303,101,101,120,fitted,0.44554455445544555,0.2211988304093567,0.29493177387914227,0.3529411764705882,9,1,False
random,seed_20267984,20267984.0,30,C_without_SLBIC_initial,random_forest,test,303,101,101,120,fitted,0.43564356435643564,0.21769759450171822,0.32654639175257727,0.3888888888888889,8,5,False
random,seed_20267984,20267984.0,30,C_without_SLBIC_initial,hist_gradient_boosting,validation,303,101,101,120,fitted,0.44554455445544555,0.2211988304093567,0.29493177387914227,0.3529411764705882,9,1,False
random,seed_20267984,20267984.0,30,C_without_SLBIC_initial,hist_gradient_boosting,test,303,101,101,120,fitted,0.43564356435643564,0.21769759450171822,0.32654639175257727,0.3888888888888889,8,5,True
random,seed_20267984,20267984.0,60,A_strict_38,logistic_regression,validation,303,101,101,190,fitted,0.44554455445544555,0.2211988304093567,0.29493177387914227,0.3529411764705882,9,1,False
random,seed_20267984,20267984.0,60,A_strict_38,logistic_regression,test,303,101,101,190,fitted,0.43564356435643564,0.21769759450171822,0.32654639175257727,0.3888888888888889,8,5,False
random,seed_20267984,20267984.0,60,A_strict_38,random_forest,validation,303,101,101,190,fitted,0.44554455445544555,0.2211988304093567,0.29493177387914227,0.3529411764705882,9,1,False
random,seed_20267984,20267984.0,60,A_strict_38,random_forest,test,303,101,101,190,fitted,0.43564356435643564,0.21769759450171822,0.32654639175257727,0.3888888888888889,8,5,False
random,seed_20267984,20267984.0,60,A_strict_38,hist_gradient_boosting,validation,303,101,101,190,fitted,0.44554455445544555,0.2211988304093567,0.29493177387914227,0.3529411764705882,9,1,False
random,seed_20267984,20267984.0,60,A_strict_38,hist_gradient_boosting,test,303,101,101,190,fitted,0.43564356435643564,0.21769759450171822,0.32654639175257727,0.3888888888888889,8,5,True
random,seed_20267984,20267984.0,60,B_without_potential_leakage,logistic_regression,validation,303,101,101,185,fitted,0.44554455445544555,0.2211988304093567,0.29493177387914227,0.3529411764705882,9,1,False
random,seed_20267984,20267984.0,60,B_without_potential_leakage,logistic_regression,test,303,101,101,185,fitted,0.43564356435643564,0.21769759450171822,0.32654639175257727,0.3888888888888889,8,5,False
random,seed_20267984,20267984.0,60,B_without_potential_leakage,random_forest,validation,303,101,101,185,fitted,0.44554455445544555,0.2211988304093567,0.29493177387914227,0.3529411764705882,9,1,False
random,seed_20267984,20267984.0,60,B_without_potential_leakage,random_forest,test,303,101,101,185,fitted,0.43564356435643564,0.21769759450171822,0.32654639175257727,0.3888888888888889,8,5,False
random,seed_20267984,20267984.0,60,B_without_potential_leakage,hist_gradient_boosting,validation,303,101,101,185,fitted,0.44554455445544555,0.2211988304093567,0.29493177387914227,0.3529411764705882,9,1,False
random,seed_20267984,20267984.0,60,B_without_potential_leakage,hist_gradient_boosting,test,303,101,101,185,fitted,0.43564356435643564,0.21769759450171822,0.32654639175257727,0.3888888888888889,8,5,True
random,seed_20267984,20267984.0,60,C_without_SLBIC_initial,logistic_regression,validation,303,101,101,120,fitted,0.44554455445544555,0.2211988304093567,0.29493177387914227,0.3529411764705882,9,1,False
random,seed_20267984,20267984.0,60,C_without_SLBIC_initial,logistic_regression,test,303,101,101,120,fitted,0.43564356435643564,0.21769759450171822,0.32654639175257727,0.3888888888888889,8,5,False
random,seed_20267984,20267984.0,60,C_without_SLBIC_initial,random_forest,validation,303,101,101,120,fitted,0.44554455445544555,0.2211988304093567,0.29493177387914227,0.3529411764705882,9,1,False
random,seed_20267984,20267984.0,60,C_without_SLBIC_initial,random_forest,test,303,101,101,120,fitted,0.43564356435643564,0.21769759450171822,0.32654639175257727,0.3888888888888889,8,5,False
random,seed_20267984,20267984.0,60,C_without_SLBIC_initial,hist_gradient_boosting,validation,303,101,101,120,fitted,0.44554455445544555,0.2211988304093567,0.29493177387914227,0.3529411764705882,9,1,False
random,seed_20267984,20267984.0,60,C_without_SLBIC_initial,hist_gradient_boosting,test,303,101,101,120,fitted,0.43564356435643564,0.21769759450171822,0.32654639175257727,0.3888888888888889,8,5,True
random,seed_20267984,20267984.0,90,A_strict_38,logistic_regression,validation,303,101,101,190,fitted,0.44554455445544555,0.2211988304093567,0.29493177387914227,0.3529411764705882,9,1,False
random,seed_20267984,20267984.0,90,A_strict_38,logistic_regression,test,303,101,101,190,fitted,0.43564356435643564,0.21769759450171822,0.32654639175257727,0.3888888888888889,8,5,False
random,seed_20267984,20267984.0,90,A_strict_38,random_forest,validation,303,101,101,190,fitted,0.44554455445544555,0.2211988304093567,0.29493177387914227,0.3529411764705882,9,1,False
random,seed_20267984,20267984.0,90,A_strict_38,random_forest,test,303,101,101,190,fitted,0.43564356435643564,0.21769759450171822,0.32654639175257727,0.3888888888888889,8,5,False
random,seed_20267984,20267984.0,90,A_strict_38,hist_gradient_boosting,validation,303,101,101,190,fitted,0.44554455445544555,0.2211988304093567,0.29493177387914227,0.3529411764705882,9,1,False
random,seed_20267984,20267984.0,90,A_strict_38,hist_gradient_boosting,test,303,101,101,190,fitted,0.43564356435643564,0.21769759450171822,0.32654639175257727,0.3888888888888889,8,5,True
random,seed_20267984,20267984.0,90,B_without_potential_leakage,logistic_regression,validation,303,101,101,185,fitted,0.44554455445544555,0.2211988304093567,0.29493177387914227,0.3529411764705882,9,1,False
random,seed_20267984,20267984.0,90,B_without_potential_leakage,logistic_regression,test,303,101,101,185,fitted,0.43564356435643564,0.21769759450171822,0.32654639175257727,0.3888888888888889,8,5,False
random,seed_20267984,20267984.0,90,B_without_potential_leakage,random_forest,validation,303,101,101,185,fitted,0.44554455445544555,0.2211988304093567,0.29493177387914227,0.3529411764705882,9,1,False
random,seed_20267984,20267984.0,90,B_without_potential_leakage,random_forest,test,303,101,101,185,fitted,0.43564356435643564,0.21769759450171822,0.32654639175257727,0.3888888888888889,8,5,False
random,seed_20267984,20267984.0,90,B_without_potential_leakage,hist_gradient_boosting,validation,303,101,101,185,fitted,0.44554455445544555,0.2211988304093567,0.29493177387914227,0.3529411764705882,9,1,False
random,seed_20267984,20267984.0,90,B_without_potential_leakage,hist_gradient_boosting,test,303,101,101,185,fitted,0.43564356435643564,0.21769759450171822,0.32654639175257727,0.3888888888888889,8,5,True
random,seed_20267984,20267984.0,90,C_without_SLBIC_initial,logistic_regression,validation,303,101,101,120,fitted,0.44554455445544555,0.2211988304093567,0.29493177387914227,0.3529411764705882,9,1,False
random,seed_20267984,20267984.0,90,C_without_SLBIC_initial,logistic_regression,test,303,101,101,120,fitted,0.43564356435643564,0.21769759450171822,0.32654639175257727,0.3888888888888889,8,5,False
random,seed_20267984,20267984.0,90,C_without_SLBIC_initial,random_forest,validation,303,101,101,120,fitted,0.44554455445544555,0.2211988304093567,0.29493177387914227,0.3529411764705882,9,1,False
random,seed_20267984,20267984.0,90,C_without_SLBIC_initial,random_forest,test,303,101,101,120,fitted,0.43564356435643564,0.21769759450171822,0.32654639175257727,0.3888888888888889,8,5,False
random,seed_20267984,20267984.0,90,C_without_SLBIC_initial,hist_gradient_boosting,validation,303,101,101,120,fitted,0.44554455445544555,0.2211988304093567,0.29493177387914227,0.3529411764705882,9,1,False
random,seed_20267984,20267984.0,90,C_without_SLBIC_initial,hist_gradient_boosting,test,303,101,101,120,fitted,0.43564356435643564,0.21769759450171822,0.32654639175257727,0.3888888888888889,8,5,True
random,seed_20267984,20267984.0,120,A_strict_38,logistic_regression,validation,303,101,101,190,fitted,0.9702970297029703,0.7350301039956212,0.9800401386608283,0.9791666666666666,9,1,False
random,seed_20267984,20267984.0,120,A_strict_38,logistic_regression,test,303,101,101,190,fitted,1.0,0.6666666666666666,1.0,1.0,8,5,False
random,seed_20267984,20267984.0,120,A_strict_38,random_forest,validation,303,101,101,190,fitted,0.9801980198019802,0.7400309717382888,0.9867079623177184,0.9861111111111112,9,1,False
random,seed_20267984,20267984.0,120,A_strict_38,random_forest,test,303,101,101,190,fitted,1.0,0.6666666666666666,1.0,1.0,8,5,True
random,seed_20267984,20267984.0,120,A_strict_38,hist_gradient_boosting,validation,303,101,101,190,fitted,0.9801980198019802,0.7398148148148148,0.9864197530864198,0.9861111111111112,9,1,False
random,seed_20267984,20267984.0,120,A_strict_38,hist_gradient_boosting,test,303,101,101,190,fitted,1.0,0.6666666666666666,1.0,1.0,8,5,False
random,seed_20267984,20267984.0,120,B_without_potential_leakage,logistic_regression,validation,303,101,101,185,fitted,0.9702970297029703,0.7350301039956212,0.9800401386608283,0.9791666666666666,9,1,False
random,seed_20267984,20267984.0,120,B_without_potential_leakage,logistic_regression,test,303,101,101,185,fitted,1.0,0.6666666666666666,1.0,1.0,8,5,False
random,seed_20267984,20267984.0,120,B_without_potential_leakage,random_forest,validation,303,101,101,185,fitted,0.9801980198019802,0.7400309717382888,0.9867079623177184,0.9861111111111112,9,1,False
random,seed_20267984,20267984.0,120,B_without_potential_leakage,random_forest,test,303,101,101,185,fitted,1.0,0.6666666666666666,1.0,1.0,8,5,True
random,seed_20267984,20267984.0,120,B_without_potential_leakage,hist_gradient_boosting,validation,303,101,101,185,fitted,0.9801980198019802,0.7398148148148148,0.9864197530864198,0.9861111111111112,9,1,False
random,seed_20267984,20267984.0,120,B_without_potential_leakage,hist_gradient_boosting,test,303,101,101,185,fitted,1.0,0.6666666666666666,1.0,1.0,8,5,False
random,seed_20267984,20267984.0,120,C_without_SLBIC_initial,logistic_regression,validation,303,101,101,120,fitted,0.9504950495049505,0.7262277951933124,0.9683037269244166,0.9660947712418301,9,1,False
random,seed_20267984,20267984.0,120,C_without_SLBIC_initial,logistic_regression,test,303,101,101,120,fitted,1.0,0.6666666666666666,1.0,1.0,8,5,False
random,seed_20267984,20267984.0,120,C_without_SLBIC_initial,random_forest,validation,303,101,101,120,fitted,0.9801980198019802,0.7400309717382888,0.9867079623177184,0.9861111111111112,9,1,False
random,seed_20267984,20267984.0,120,C_without_SLBIC_initial,random_forest,test,303,101,101,120,fitted,1.0,0.6666666666666666,1.0,1.0,8,5,True
random,seed_20267984,20267984.0,120,C_without_SLBIC_initial,hist_gradient_boosting,validation,303,101,101,120,fitted,0.9801980198019802,0.7398148148148148,0.9864197530864198,0.9861111111111112,9,1,False
random,seed_20267984,20267984.0,120,C_without_SLBIC_initial,hist_gradient_boosting,test,303,101,101,120,fitted,1.0,0.6666666666666666,1.0,1.0,8,5,False
random,seed_20268993,20268993.0,30,A_strict_38,logistic_regression,validation,303,101,101,190,fitted,0.45544554455445546,0.233500417710944,0.35025062656641603,0.40441176470588236,8,6,False
random,seed_20268993,20268993.0,30,A_strict_38,logistic_regression,test,303,101,101,190,fitted,0.42574257425742573,0.20945220193340494,0.3141783029001074,0.3819444444444444,8,5,False
random,seed_20268993,20268993.0,30,A_strict_38,random_forest,validation,303,101,101,190,fitted,0.45544554455445546,0.233500417710944,0.35025062656641603,0.40441176470588236,8,6,False
random,seed_20268993,20268993.0,30,A_strict_38,random_forest,test,303,101,101,190,fitted,0.42574257425742573,0.20945220193340494,0.3141783029001074,0.3819444444444444,8,5,False
random,seed_20268993,20268993.0,30,A_strict_38,hist_gradient_boosting,validation,303,101,101,190,fitted,0.45544554455445546,0.233500417710944,0.35025062656641603,0.40441176470588236,8,6,False
random,seed_20268993,20268993.0,30,A_strict_38,hist_gradient_boosting,test,303,101,101,190,fitted,0.42574257425742573,0.20945220193340494,0.3141783029001074,0.3819444444444444,8,5,True
random,seed_20268993,20268993.0,30,B_without_potential_leakage,logistic_regression,validation,303,101,101,185,fitted,0.45544554455445546,0.233500417710944,0.35025062656641603,0.40441176470588236,8,6,False
random,seed_20268993,20268993.0,30,B_without_potential_leakage,logistic_regression,test,303,101,101,185,fitted,0.42574257425742573,0.20945220193340494,0.3141783029001074,0.3819444444444444,8,5,False
random,seed_20268993,20268993.0,30,B_without_potential_leakage,random_forest,validation,303,101,101,185,fitted,0.45544554455445546,0.233500417710944,0.35025062656641603,0.40441176470588236,8,6,False
random,seed_20268993,20268993.0,30,B_without_potential_leakage,random_forest,test,303,101,101,185,fitted,0.42574257425742573,0.20945220193340494,0.3141783029001074,0.3819444444444444,8,5,False
random,seed_20268993,20268993.0,30,B_without_potential_leakage,hist_gradient_boosting,validation,303,101,101,185,fitted,0.45544554455445546,0.233500417710944,0.35025062656641603,0.40441176470588236,8,6,False
random,seed_20268993,20268993.0,30,B_without_potential_leakage,hist_gradient_boosting,test,303,101,101,185,fitted,0.42574257425742573,0.20945220193340494,0.3141783029001074,0.3819444444444444,8,5,True
random,seed_20268993,20268993.0,30,C_without_SLBIC_initial,logistic_regression,validation,303,101,101,120,fitted,0.45544554455445546,0.233500417710944,0.35025062656641603,0.40441176470588236,8,6,False
random,seed_20268993,20268993.0,30,C_without_SLBIC_initial,logistic_regression,test,303,101,101,120,fitted,0.42574257425742573,0.20945220193340494,0.3141783029001074,0.3819444444444444,8,5,False
random,seed_20268993,20268993.0,30,C_without_SLBIC_initial,random_forest,validation,303,101,101,120,fitted,0.45544554455445546,0.233500417710944,0.35025062656641603,0.40441176470588236,8,6,False
random,seed_20268993,20268993.0,30,C_without_SLBIC_initial,random_forest,test,303,101,101,120,fitted,0.42574257425742573,0.20945220193340494,0.3141783029001074,0.3819444444444444,8,5,False
random,seed_20268993,20268993.0,30,C_without_SLBIC_initial,hist_gradient_boosting,validation,303,101,101,120,fitted,0.45544554455445546,0.233500417710944,0.35025062656641603,0.40441176470588236,8,6,False
random,seed_20268993,20268993.0,30,C_without_SLBIC_initial,hist_gradient_boosting,test,303,101,101,120,fitted,0.42574257425742573,0.20945220193340494,0.3141783029001074,0.3819444444444444,8,5,True
random,seed_20268993,20268993.0,60,A_strict_38,logistic_regression,validation,303,101,101,190,fitted,0.45544554455445546,0.233500417710944,0.35025062656641603,0.40441176470588236,8,6,False
random,seed_20268993,20268993.0,60,A_strict_38,logistic_regression,test,303,101,101,190,fitted,0.42574257425742573,0.20945220193340494,0.3141783029001074,0.3819444444444444,8,5,False
random,seed_20268993,20268993.0,60,A_strict_38,random_forest,validation,303,101,101,190,fitted,0.45544554455445546,0.233500417710944,0.35025062656641603,0.40441176470588236,8,6,False
random,seed_20268993,20268993.0,60,A_strict_38,random_forest,test,303,101,101,190,fitted,0.42574257425742573,0.20945220193340494,0.3141783029001074,0.3819444444444444,8,5,False
random,seed_20268993,20268993.0,60,A_strict_38,hist_gradient_boosting,validation,303,101,101,190,fitted,0.45544554455445546,0.233500417710944,0.35025062656641603,0.40441176470588236,8,6,False
random,seed_20268993,20268993.0,60,A_strict_38,hist_gradient_boosting,test,303,101,101,190,fitted,0.42574257425742573,0.20945220193340494,0.3141783029001074,0.3819444444444444,8,5,True
random,seed_20268993,20268993.0,60,B_without_potential_leakage,logistic_regression,validation,303,101,101,185,fitted,0.45544554455445546,0.233500417710944,0.35025062656641603,0.40441176470588236,8,6,False
random,seed_20268993,20268993.0,60,B_without_potential_leakage,logistic_regression,test,303,101,101,185,fitted,0.42574257425742573,0.20945220193340494,0.3141783029001074,0.3819444444444444,8,5,False
random,seed_20268993,20268993.0,60,B_without_potential_leakage,random_forest,validation,303,101,101,185,fitted,0.45544554455445546,0.233500417710944,0.35025062656641603,0.40441176470588236,8,6,False
random,seed_20268993,20268993.0,60,B_without_potential_leakage,random_forest,test,303,101,101,185,fitted,0.42574257425742573,0.20945220193340494,0.3141783029001074,0.3819444444444444,8,5,False
random,seed_20268993,20268993.0,60,B_without_potential_leakage,hist_gradient_boosting,validation,303,101,101,185,fitted,0.45544554455445546,0.233500417710944,0.35025062656641603,0.40441176470588236,8,6,False
random,seed_20268993,20268993.0,60,B_without_potential_leakage,hist_gradient_boosting,test,303,101,101,185,fitted,0.42574257425742573,0.20945220193340494,0.3141783029001074,0.3819444444444444,8,5,True
random,seed_20268993,20268993.0,60,C_without_SLBIC_initial,logistic_regression,validation,303,101,101,120,fitted,0.45544554455445546,0.233500417710944,0.35025062656641603,0.40441176470588236,8,6,False
random,seed_20268993,20268993.0,60,C_without_SLBIC_initial,logistic_regression,test,303,101,101,120,fitted,0.42574257425742573,0.20945220193340494,0.3141783029001074,0.3819444444444444,8,5,False
random,seed_20268993,20268993.0,60,C_without_SLBIC_initial,random_forest,validation,303,101,101,120,fitted,0.45544554455445546,0.233500417710944,0.35025062656641603,0.40441176470588236,8,6,False
random,seed_20268993,20268993.0,60,C_without_SLBIC_initial,random_forest,test,303,101,101,120,fitted,0.42574257425742573,0.20945220193340494,0.3141783029001074,0.3819444444444444,8,5,False
random,seed_20268993,20268993.0,60,C_without_SLBIC_initial,hist_gradient_boosting,validation,303,101,101,120,fitted,0.45544554455445546,0.233500417710944,0.35025062656641603,0.40441176470588236,8,6,False
random,seed_20268993,20268993.0,60,C_without_SLBIC_initial,hist_gradient_boosting,test,303,101,101,120,fitted,0.42574257425742573,0.20945220193340494,0.3141783029001074,0.3819444444444444,8,5,True
random,seed_20268993,20268993.0,90,A_strict_38,logistic_regression,validation,303,101,101,190,fitted,0.45544554455445546,0.233500417710944,0.35025062656641603,0.40441176470588236,8,6,False
random,seed_20268993,20268993.0,90,A_strict_38,logistic_regression,test,303,101,101,190,fitted,0.42574257425742573,0.20945220193340494,0.3141783029001074,0.3819444444444444,8,5,False
random,seed_20268993,20268993.0,90,A_strict_38,random_forest,validation,303,101,101,190,fitted,0.45544554455445546,0.233500417710944,0.35025062656641603,0.40441176470588236,8,6,False
random,seed_20268993,20268993.0,90,A_strict_38,random_forest,test,303,101,101,190,fitted,0.42574257425742573,0.20945220193340494,0.3141783029001074,0.3819444444444444,8,5,False
random,seed_20268993,20268993.0,90,A_strict_38,hist_gradient_boosting,validation,303,101,101,190,fitted,0.45544554455445546,0.233500417710944,0.35025062656641603,0.40441176470588236,8,6,False
random,seed_20268993,20268993.0,90,A_strict_38,hist_gradient_boosting,test,303,101,101,190,fitted,0.42574257425742573,0.20945220193340494,0.3141783029001074,0.3819444444444444,8,5,True
random,seed_20268993,20268993.0,90,B_without_potential_leakage,logistic_regression,validation,303,101,101,185,fitted,0.45544554455445546,0.233500417710944,0.35025062656641603,0.40441176470588236,8,6,False
random,seed_20268993,20268993.0,90,B_without_potential_leakage,logistic_regression,test,303,101,101,185,fitted,0.42574257425742573,0.20945220193340494,0.3141783029001074,0.3819444444444444,8,5,False
random,seed_20268993,20268993.0,90,B_without_potential_leakage,random_forest,validation,303,101,101,185,fitted,0.45544554455445546,0.233500417710944,0.35025062656641603,0.40441176470588236,8,6,False
random,seed_20268993,20268993.0,90,B_without_potential_leakage,random_forest,test,303,101,101,185,fitted,0.42574257425742573,0.20945220193340494,0.3141783029001074,0.3819444444444444,8,5,False
random,seed_20268993,20268993.0,90,B_without_potential_leakage,hist_gradient_boosting,validation,303,101,101,185,fitted,0.45544554455445546,0.233500417710944,0.35025062656641603,0.40441176470588236,8,6,False
random,seed_20268993,20268993.0,90,B_without_potential_leakage,hist_gradient_boosting,test,303,101,101,185,fitted,0.42574257425742573,0.20945220193340494,0.3141783029001074,0.3819444444444444,8,5,True
random,seed_20268993,20268993.0,90,C_without_SLBIC_initial,logistic_regression,validation,303,101,101,120,fitted,0.45544554455445546,0.233500417710944,0.35025062656641603,0.40441176470588236,8,6,False
random,seed_20268993,20268993.0,90,C_without_SLBIC_initial,logistic_regression,test,303,101,101,120,fitted,0.42574257425742573,0.20945220193340494,0.3141783029001074,0.3819444444444444,8,5,False
random,seed_20268993,20268993.0,90,C_without_SLBIC_initial,random_forest,validation,303,101,101,120,fitted,0.45544554455445546,0.233500417710944,0.35025062656641603,0.40441176470588236,8,6,False
random,seed_20268993,20268993.0,90,C_without_SLBIC_initial,random_forest,test,303,101,101,120,fitted,0.42574257425742573,0.20945220193340494,0.3141783029001074,0.3819444444444444,8,5,False
random,seed_20268993,20268993.0,90,C_without_SLBIC_initial,hist_gradient_boosting,validation,303,101,101,120,fitted,0.45544554455445546,0.233500417710944,0.35025062656641603,0.40441176470588236,8,6,False
random,seed_20268993,20268993.0,90,C_without_SLBIC_initial,hist_gradient_boosting,test,303,101,101,120,fitted,0.42574257425742573,0.20945220193340494,0.3141783029001074,0.3819444444444444,8,5,True
random,seed_20268993,20268993.0,120,A_strict_38,logistic_regression,validation,303,101,101,190,fitted,0.9900990099009901,0.6617605831230726,0.9926408746846089,0.9916666666666667,8,6,False
random,seed_20268993,20268993.0,120,A_strict_38,logistic_regression,test,303,101,101,190,fitted,0.9801980198019802,0.6528475458451856,0.9792713187677783,0.9743303571428572,8,5,False
random,seed_20268993,20268993.0,120,A_strict_38,random_forest,validation,303,101,101,190,fitted,1.0,0.6666666666666666,1.0,1.0,8,6,False
random,seed_20268993,20268993.0,120,A_strict_38,random_forest,test,303,101,101,190,fitted,0.9801980198019802,0.653283465635944,0.979925198453916,0.9743303571428572,8,5,False
random,seed_20268993,20268993.0,120,A_strict_38,hist_gradient_boosting,validation,303,101,101,190,fitted,1.0,0.6666666666666666,1.0,1.0,8,6,False
random,seed_20268993,20268993.0,120,A_strict_38,hist_gradient_boosting,test,303,101,101,190,fitted,0.9504950495049505,0.6385477267830209,0.9578215901745313,0.9534970238095238,8,5,True
random,seed_20268993,20268993.0,120,B_without_potential_leakage,logistic_regression,validation,303,101,101,185,fitted,0.9900990099009901,0.6617605831230726,0.9926408746846089,0.9916666666666667,8,6,False
random,seed_20268993,20268993.0,120,B_without_potential_leakage,logistic_regression,test,303,101,101,185,fitted,0.9801980198019802,0.6528475458451856,0.9792713187677783,0.9743303571428572,8,5,False
random,seed_20268993,20268993.0,120,B_without_potential_leakage,random_forest,validation,303,101,101,185,fitted,1.0,0.6666666666666666,1.0,1.0,8,6,False
random,seed_20268993,20268993.0,120,B_without_potential_leakage,random_forest,test,303,101,101,185,fitted,0.9801980198019802,0.653283465635944,0.979925198453916,0.9743303571428572,8,5,False
random,seed_20268993,20268993.0,120,B_without_potential_leakage,hist_gradient_boosting,validation,303,101,101,185,fitted,1.0,0.6666666666666666,1.0,1.0,8,6,False
random,seed_20268993,20268993.0,120,B_without_potential_leakage,hist_gradient_boosting,test,303,101,101,185,fitted,0.9504950495049505,0.6385477267830209,0.9578215901745313,0.9534970238095238,8,5,True
random,seed_20268993,20268993.0,120,C_without_SLBIC_initial,logistic_regression,validation,303,101,101,120,fitted,0.9702970297029703,0.6482073482073482,0.9723110223110223,0.9664565826330532,8,6,False
random,seed_20268993,20268993.0,120,C_without_SLBIC_initial,logistic_regression,test,303,101,101,120,fitted,0.9702970297029703,0.645368913366553,0.9680533700498295,0.9564732142857143,8,5,False
random,seed_20268993,20268993.0,120,C_without_SLBIC_initial,random_forest,validation,303,101,101,120,fitted,0.9900990099009901,0.6614121510673235,0.9921182266009853,0.9916666666666667,8,6,False
random,seed_20268993,20268993.0,120,C_without_SLBIC_initial,random_forest,test,303,101,101,120,fitted,0.9801980198019802,0.6530155565978737,0.9795233348968105,0.9743303571428572,8,5,False
random,seed_20268993,20268993.0,120,C_without_SLBIC_initial,hist_gradient_boosting,validation,303,101,101,120,fitted,1.0,0.6666666666666666,1.0,1.0,8,6,False
random,seed_20268993,20268993.0,120,C_without_SLBIC_initial,hist_gradient_boosting,test,303,101,101,120,fitted,0.9702970297029703,0.6482913201663202,0.9724369802494802,0.9673859126984127,8,5,True
random,seed_20270002,20270002.0,30,A_strict_38,logistic_regression,validation,303,101,101,190,fitted,0.42574257425742573,0.2099395313681028,0.3149092970521542,0.38235294117647056,8,6,False
random,seed_20270002,20270002.0,30,A_strict_38,logistic_regression,test,303,101,101,190,fitted,0.46534653465346537,0.23835954363243914,0.35753931544865863,0.4097222222222222,8,5,False
random,seed_20270002,20270002.0,30,A_strict_38,random_forest,validation,303,101,101,190,fitted,0.42574257425742573,0.2099395313681028,0.3149092970521542,0.38235294117647056,8,6,False
random,seed_20270002,20270002.0,30,A_strict_38,random_forest,test,303,101,101,190,fitted,0.46534653465346537,0.23835954363243914,0.35753931544865863,0.4097222222222222,8,5,False
random,seed_20270002,20270002.0,30,A_strict_38,hist_gradient_boosting,validation,303,101,101,190,fitted,0.42574257425742573,0.2099395313681028,0.3149092970521542,0.38235294117647056,8,6,False
random,seed_20270002,20270002.0,30,A_strict_38,hist_gradient_boosting,test,303,101,101,190,fitted,0.46534653465346537,0.23835954363243914,0.35753931544865863,0.4097222222222222,8,5,True
random,seed_20270002,20270002.0,30,B_without_potential_leakage,logistic_regression,validation,303,101,101,185,fitted,0.42574257425742573,0.2099395313681028,0.3149092970521542,0.38235294117647056,8,6,False
random,seed_20270002,20270002.0,30,B_without_potential_leakage,logistic_regression,test,303,101,101,185,fitted,0.46534653465346537,0.23835954363243914,0.35753931544865863,0.4097222222222222,8,5,False
random,seed_20270002,20270002.0,30,B_without_potential_leakage,random_forest,validation,303,101,101,185,fitted,0.42574257425742573,0.2099395313681028,0.3149092970521542,0.38235294117647056,8,6,False
random,seed_20270002,20270002.0,30,B_without_potential_leakage,random_forest,test,303,101,101,185,fitted,0.46534653465346537,0.23835954363243914,0.35753931544865863,0.4097222222222222,8,5,False
random,seed_20270002,20270002.0,30,B_without_potential_leakage,hist_gradient_boosting,validation,303,101,101,185,fitted,0.42574257425742573,0.2099395313681028,0.3149092970521542,0.38235294117647056,8,6,False
random,seed_20270002,20270002.0,30,B_without_potential_leakage,hist_gradient_boosting,test,303,101,101,185,fitted,0.46534653465346537,0.23835954363243914,0.35753931544865863,0.4097222222222222,8,5,True
random,seed_20270002,20270002.0,30,C_without_SLBIC_initial,logistic_regression,validation,303,101,101,120,fitted,0.42574257425742573,0.2099395313681028,0.3149092970521542,0.38235294117647056,8,6,False
random,seed_20270002,20270002.0,30,C_without_SLBIC_initial,logistic_regression,test,303,101,101,120,fitted,0.46534653465346537,0.23835954363243914,0.35753931544865863,0.4097222222222222,8,5,False
random,seed_20270002,20270002.0,30,C_without_SLBIC_initial,random_forest,validation,303,101,101,120,fitted,0.42574257425742573,0.2099395313681028,0.3149092970521542,0.38235294117647056,8,6,False
random,seed_20270002,20270002.0,30,C_without_SLBIC_initial,random_forest,test,303,101,101,120,fitted,0.46534653465346537,0.23835954363243914,0.35753931544865863,0.4097222222222222,8,5,False
random,seed_20270002,20270002.0,30,C_without_SLBIC_initial,hist_gradient_boosting,validation,303,101,101,120,fitted,0.42574257425742573,0.2099395313681028,0.3149092970521542,0.38235294117647056,8,6,False
random,seed_20270002,20270002.0,30,C_without_SLBIC_initial,hist_gradient_boosting,test,303,101,101,120,fitted,0.46534653465346537,0.23835954363243914,0.35753931544865863,0.4097222222222222,8,5,True
random,seed_20270002,20270002.0,60,A_strict_38,logistic_regression,validation,303,101,101,190,fitted,0.42574257425742573,0.2099395313681028,0.3149092970521542,0.38235294117647056,8,6,False
random,seed_20270002,20270002.0,60,A_strict_38,logistic_regression,test,303,101,101,190,fitted,0.46534653465346537,0.23835954363243914,0.35753931544865863,0.4097222222222222,8,5,False
random,seed_20270002,20270002.0,60,A_strict_38,random_forest,validation,303,101,101,190,fitted,0.42574257425742573,0.2099395313681028,0.3149092970521542,0.38235294117647056,8,6,False
random,seed_20270002,20270002.0,60,A_strict_38,random_forest,test,303,101,101,190,fitted,0.46534653465346537,0.23835954363243914,0.35753931544865863,0.4097222222222222,8,5,False
random,seed_20270002,20270002.0,60,A_strict_38,hist_gradient_boosting,validation,303,101,101,190,fitted,0.42574257425742573,0.2099395313681028,0.3149092970521542,0.38235294117647056,8,6,False
random,seed_20270002,20270002.0,60,A_strict_38,hist_gradient_boosting,test,303,101,101,190,fitted,0.46534653465346537,0.23835954363243914,0.35753931544865863,0.4097222222222222,8,5,True
random,seed_20270002,20270002.0,60,B_without_potential_leakage,logistic_regression,validation,303,101,101,185,fitted,0.42574257425742573,0.2099395313681028,0.3149092970521542,0.38235294117647056,8,6,False
random,seed_20270002,20270002.0,60,B_without_potential_leakage,logistic_regression,test,303,101,101,185,fitted,0.46534653465346537,0.23835954363243914,0.35753931544865863,0.4097222222222222,8,5,False
random,seed_20270002,20270002.0,60,B_without_potential_leakage,random_forest,validation,303,101,101,185,fitted,0.42574257425742573,0.2099395313681028,0.3149092970521542,0.38235294117647056,8,6,False
random,seed_20270002,20270002.0,60,B_without_potential_leakage,random_forest,test,303,101,101,185,fitted,0.46534653465346537,0.23835954363243914,0.35753931544865863,0.4097222222222222,8,5,False
random,seed_20270002,20270002.0,60,B_without_potential_leakage,hist_gradient_boosting,validation,303,101,101,185,fitted,0.42574257425742573,0.2099395313681028,0.3149092970521542,0.38235294117647056,8,6,False
random,seed_20270002,20270002.0,60,B_without_potential_leakage,hist_gradient_boosting,test,303,101,101,185,fitted,0.46534653465346537,0.23835954363243914,0.35753931544865863,0.4097222222222222,8,5,True
random,seed_20270002,20270002.0,60,C_without_SLBIC_initial,logistic_regression,validation,303,101,101,120,fitted,0.42574257425742573,0.2099395313681028,0.3149092970521542,0.38235294117647056,8,6,False
random,seed_20270002,20270002.0,60,C_without_SLBIC_initial,logistic_regression,test,303,101,101,120,fitted,0.46534653465346537,0.23835954363243914,0.35753931544865863,0.4097222222222222,8,5,False
random,seed_20270002,20270002.0,60,C_without_SLBIC_initial,random_forest,validation,303,101,101,120,fitted,0.42574257425742573,0.2099395313681028,0.3149092970521542,0.38235294117647056,8,6,False
random,seed_20270002,20270002.0,60,C_without_SLBIC_initial,random_forest,test,303,101,101,120,fitted,0.46534653465346537,0.23835954363243914,0.35753931544865863,0.4097222222222222,8,5,False
random,seed_20270002,20270002.0,60,C_without_SLBIC_initial,hist_gradient_boosting,validation,303,101,101,120,fitted,0.42574257425742573,0.2099395313681028,0.3149092970521542,0.38235294117647056,8,6,False
random,seed_20270002,20270002.0,60,C_without_SLBIC_initial,hist_gradient_boosting,test,303,101,101,120,fitted,0.46534653465346537,0.23835954363243914,0.35753931544865863,0.4097222222222222,8,5,True
random,seed_20270002,20270002.0,90,A_strict_38,logistic_regression,validation,303,101,101,190,fitted,0.42574257425742573,0.2099395313681028,0.3149092970521542,0.38235294117647056,8,6,False
random,seed_20270002,20270002.0,90,A_strict_38,logistic_regression,test,303,101,101,190,fitted,0.46534653465346537,0.23835954363243914,0.35753931544865863,0.4097222222222222,8,5,False
random,seed_20270002,20270002.0,90,A_strict_38,random_forest,validation,303,101,101,190,fitted,0.42574257425742573,0.2099395313681028,0.3149092970521542,0.38235294117647056,8,6,False
random,seed_20270002,20270002.0,90,A_strict_38,random_forest,test,303,101,101,190,fitted,0.46534653465346537,0.23835954363243914,0.35753931544865863,0.4097222222222222,8,5,False
random,seed_20270002,20270002.0,90,A_strict_38,hist_gradient_boosting,validation,303,101,101,190,fitted,0.42574257425742573,0.2099395313681028,0.3149092970521542,0.38235294117647056,8,6,False
random,seed_20270002,20270002.0,90,A_strict_38,hist_gradient_boosting,test,303,101,101,190,fitted,0.46534653465346537,0.23835954363243914,0.35753931544865863,0.4097222222222222,8,5,True
random,seed_20270002,20270002.0,90,B_without_potential_leakage,logistic_regression,validation,303,101,101,185,fitted,0.42574257425742573,0.2099395313681028,0.3149092970521542,0.38235294117647056,8,6,False
random,seed_20270002,20270002.0,90,B_without_potential_leakage,logistic_regression,test,303,101,101,185,fitted,0.46534653465346537,0.23835954363243914,0.35753931544865863,0.4097222222222222,8,5,False
random,seed_20270002,20270002.0,90,B_without_potential_leakage,random_forest,validation,303,101,101,185,fitted,0.42574257425742573,0.2099395313681028,0.3149092970521542,0.38235294117647056,8,6,False
random,seed_20270002,20270002.0,90,B_without_potential_leakage,random_forest,test,303,101,101,185,fitted,0.46534653465346537,0.23835954363243914,0.35753931544865863,0.4097222222222222,8,5,False
random,seed_20270002,20270002.0,90,B_without_potential_leakage,hist_gradient_boosting,validation,303,101,101,185,fitted,0.42574257425742573,0.2099395313681028,0.3149092970521542,0.38235294117647056,8,6,False
random,seed_20270002,20270002.0,90,B_without_potential_leakage,hist_gradient_boosting,test,303,101,101,185,fitted,0.46534653465346537,0.23835954363243914,0.35753931544865863,0.4097222222222222,8,5,True
random,seed_20270002,20270002.0,90,C_without_SLBIC_initial,logistic_regression,validation,303,101,101,120,fitted,0.42574257425742573,0.2099395313681028,0.3149092970521542,0.38235294117647056,8,6,False
random,seed_20270002,20270002.0,90,C_without_SLBIC_initial,logistic_regression,test,303,101,101,120,fitted,0.46534653465346537,0.23835954363243914,0.35753931544865863,0.4097222222222222,8,5,False
random,seed_20270002,20270002.0,90,C_without_SLBIC_initial,random_forest,validation,303,101,101,120,fitted,0.42574257425742573,0.2099395313681028,0.3149092970521542,0.38235294117647056,8,6,False
random,seed_20270002,20270002.0,90,C_without_SLBIC_initial,random_forest,test,303,101,101,120,fitted,0.46534653465346537,0.23835954363243914,0.35753931544865863,0.4097222222222222,8,5,False
random,seed_20270002,20270002.0,90,C_without_SLBIC_initial,hist_gradient_boosting,validation,303,101,101,120,fitted,0.42574257425742573,0.2099395313681028,0.3149092970521542,0.38235294117647056,8,6,False
random,seed_20270002,20270002.0,90,C_without_SLBIC_initial,hist_gradient_boosting,test,303,101,101,120,fitted,0.46534653465346537,0.23835954363243914,0.35753931544865863,0.4097222222222222,8,5,True
random,seed_20270002,20270002.0,120,A_strict_38,logistic_regression,validation,303,101,101,190,fitted,1.0,0.6666666666666666,1.0,1.0,8,6,False
random,seed_20270002,20270002.0,120,A_strict_38,logistic_regression,test,303,101,101,190,fitted,0.9702970297029703,0.6507264210267548,0.9760896315401322,0.9659970238095239,8,5,True
random,seed_20270002,20270002.0,120,A_strict_38,random_forest,validation,303,101,101,190,fitted,0.9900990099009901,0.6616161616161617,0.9924242424242424,0.9926470588235294,8,6,False
random,seed_20270002,20270002.0,120,A_strict_38,random_forest,test,303,101,101,190,fitted,0.9900990099009901,0.658004158004158,0.987006237006237,0.9821428571428572,8,5,False
random,seed_20270002,20270002.0,120,A_strict_38,hist_gradient_boosting,validation,303,101,101,190,fitted,0.9900990099009901,0.6616161616161617,0.9924242424242424,0.9926470588235294,8,6,False
random,seed_20270002,20270002.0,120,A_strict_38,hist_gradient_boosting,test,303,101,101,190,fitted,0.9900990099009901,0.658004158004158,0.987006237006237,0.9821428571428572,8,5,False
random,seed_20270002,20270002.0,120,B_without_potential_leakage,logistic_regression,validation,303,101,101,185,fitted,1.0,0.6666666666666666,1.0,1.0,8,6,False
random,seed_20270002,20270002.0,120,B_without_potential_leakage,logistic_regression,test,303,101,101,185,fitted,0.9702970297029703,0.6507264210267548,0.9760896315401322,0.9659970238095239,8,5,True
random,seed_20270002,20270002.0,120,B_without_potential_leakage,random_forest,validation,303,101,101,185,fitted,0.9900990099009901,0.6616161616161617,0.9924242424242424,0.9926470588235294,8,6,False
random,seed_20270002,20270002.0,120,B_without_potential_leakage,random_forest,test,303,101,101,185,fitted,0.9900990099009901,0.658004158004158,0.987006237006237,0.9821428571428572,8,5,False
random,seed_20270002,20270002.0,120,B_without_potential_leakage,hist_gradient_boosting,validation,303,101,101,185,fitted,0.9900990099009901,0.6616161616161617,0.9924242424242424,0.9926470588235294,8,6,False
random,seed_20270002,20270002.0,120,B_without_potential_leakage,hist_gradient_boosting,test,303,101,101,185,fitted,0.9900990099009901,0.658004158004158,0.987006237006237,0.9821428571428572,8,5,False
random,seed_20270002,20270002.0,120,C_without_SLBIC_initial,logistic_regression,validation,303,101,101,120,fitted,0.9900990099009901,0.6621088938162109,0.9931633407243163,0.9926470588235294,8,6,False
random,seed_20270002,20270002.0,120,C_without_SLBIC_initial,logistic_regression,test,303,101,101,120,fitted,0.9702970297029703,0.6484741687745025,0.9727112531617537,0.9659970238095239,8,5,False
random,seed_20270002,20270002.0,120,C_without_SLBIC_initial,random_forest,validation,303,101,101,120,fitted,1.0,0.6666666666666666,1.0,1.0,8,6,False
random,seed_20270002,20270002.0,120,C_without_SLBIC_initial,random_forest,test,303,101,101,120,fitted,0.9801980198019802,0.6478758169934641,0.9718137254901962,0.9642857142857143,8,5,True
random,seed_20270002,20270002.0,120,C_without_SLBIC_initial,hist_gradient_boosting,validation,303,101,101,120,fitted,0.9900990099009901,0.6616161616161617,0.9924242424242424,0.9926470588235294,8,6,False
random,seed_20270002,20270002.0,120,C_without_SLBIC_initial,hist_gradient_boosting,test,303,101,101,120,fitted,0.9900990099009901,0.658004158004158,0.987006237006237,0.9821428571428572,8,5,False
severity_blocked,low_block,,30,A_strict_38,logistic_regression,validation,313,78,103,190,fitted,0.4230769230769231,0.2012987012987013,0.30194805194805197,0.375,8,4,False
severity_blocked,low_block,,30,A_strict_38,logistic_regression,test,313,78,103,190,fitted,0.4174757281553398,0.1818181818181818,0.2727272727272727,0.375,8,6,False
severity_blocked,low_block,,30,A_strict_38,random_forest,validation,313,78,103,190,fitted,0.4230769230769231,0.2012987012987013,0.30194805194805197,0.375,8,4,False
severity_blocked,low_block,,30,A_strict_38,random_forest,test,313,78,103,190,fitted,0.4174757281553398,0.16608391608391607,0.2491258741258741,0.375,8,6,False
severity_blocked,low_block,,30,A_strict_38,hist_gradient_boosting,validation,313,78,103,190,fitted,0.4230769230769231,0.2012987012987013,0.30194805194805197,0.375,8,4,False
severity_blocked,low_block,,30,A_strict_38,hist_gradient_boosting,test,313,78,103,190,fitted,0.4174757281553398,0.16608391608391607,0.2491258741258741,0.375,8,6,True
severity_blocked,low_block,,30,B_without_potential_leakage,logistic_regression,validation,313,78,103,185,fitted,0.4230769230769231,0.2012987012987013,0.30194805194805197,0.375,8,4,False
severity_blocked,low_block,,30,B_without_potential_leakage,logistic_regression,test,313,78,103,185,fitted,0.4174757281553398,0.1818181818181818,0.2727272727272727,0.375,8,6,False
severity_blocked,low_block,,30,B_without_potential_leakage,random_forest,validation,313,78,103,185,fitted,0.4230769230769231,0.2012987012987013,0.30194805194805197,0.375,8,4,False
severity_blocked,low_block,,30,B_without_potential_leakage,random_forest,test,313,78,103,185,fitted,0.4174757281553398,0.16608391608391607,0.2491258741258741,0.375,8,6,False
severity_blocked,low_block,,30,B_without_potential_leakage,hist_gradient_boosting,validation,313,78,103,185,fitted,0.4230769230769231,0.2012987012987013,0.30194805194805197,0.375,8,4,False
severity_blocked,low_block,,30,B_without_potential_leakage,hist_gradient_boosting,test,313,78,103,185,fitted,0.4174757281553398,0.16608391608391607,0.2491258741258741,0.375,8,6,True
severity_blocked,low_block,,30,C_without_SLBIC_initial,logistic_regression,validation,313,78,103,120,fitted,0.4230769230769231,0.2012987012987013,0.30194805194805197,0.375,8,4,False
severity_blocked,low_block,,30,C_without_SLBIC_initial,logistic_regression,test,313,78,103,120,fitted,0.4174757281553398,0.16608391608391607,0.2491258741258741,0.375,8,6,False
severity_blocked,low_block,,30,C_without_SLBIC_initial,random_forest,validation,313,78,103,120,fitted,0.4230769230769231,0.2012987012987013,0.30194805194805197,0.375,8,4,False
severity_blocked,low_block,,30,C_without_SLBIC_initial,random_forest,test,313,78,103,120,fitted,0.4174757281553398,0.16608391608391607,0.2491258741258741,0.375,8,6,False
severity_blocked,low_block,,30,C_without_SLBIC_initial,hist_gradient_boosting,validation,313,78,103,120,fitted,0.4230769230769231,0.2012987012987013,0.30194805194805197,0.375,8,4,False
severity_blocked,low_block,,30,C_without_SLBIC_initial,hist_gradient_boosting,test,313,78,103,120,fitted,0.4174757281553398,0.16608391608391607,0.2491258741258741,0.375,8,6,True
severity_blocked,low_block,,60,A_strict_38,logistic_regression,validation,313,78,103,190,fitted,0.4230769230769231,0.2012987012987013,0.30194805194805197,0.375,8,4,False
severity_blocked,low_block,,60,A_strict_38,logistic_regression,test,313,78,103,190,fitted,0.4174757281553398,0.1818181818181818,0.2727272727272727,0.375,8,6,False
severity_blocked,low_block,,60,A_strict_38,random_forest,validation,313,78,103,190,fitted,0.4230769230769231,0.2012987012987013,0.30194805194805197,0.375,8,4,False
severity_blocked,low_block,,60,A_strict_38,random_forest,test,313,78,103,190,fitted,0.4174757281553398,0.16608391608391607,0.2491258741258741,0.375,8,6,False
severity_blocked,low_block,,60,A_strict_38,hist_gradient_boosting,validation,313,78,103,190,fitted,0.4230769230769231,0.2012987012987013,0.30194805194805197,0.375,8,4,False
severity_blocked,low_block,,60,A_strict_38,hist_gradient_boosting,test,313,78,103,190,fitted,0.4174757281553398,0.16608391608391607,0.2491258741258741,0.375,8,6,True
severity_blocked,low_block,,60,B_without_potential_leakage,logistic_regression,validation,313,78,103,185,fitted,0.4230769230769231,0.2012987012987013,0.30194805194805197,0.375,8,4,False
severity_blocked,low_block,,60,B_without_potential_leakage,logistic_regression,test,313,78,103,185,fitted,0.4174757281553398,0.1818181818181818,0.2727272727272727,0.375,8,6,False
severity_blocked,low_block,,60,B_without_potential_leakage,random_forest,validation,313,78,103,185,fitted,0.4230769230769231,0.2012987012987013,0.30194805194805197,0.375,8,4,False
severity_blocked,low_block,,60,B_without_potential_leakage,random_forest,test,313,78,103,185,fitted,0.4174757281553398,0.1818181818181818,0.2727272727272727,0.375,8,6,False
severity_blocked,low_block,,60,B_without_potential_leakage,hist_gradient_boosting,validation,313,78,103,185,fitted,0.4230769230769231,0.2012987012987013,0.30194805194805197,0.375,8,4,False
severity_blocked,low_block,,60,B_without_potential_leakage,hist_gradient_boosting,test,313,78,103,185,fitted,0.4174757281553398,0.16608391608391607,0.2491258741258741,0.375,8,6,True
severity_blocked,low_block,,60,C_without_SLBIC_initial,logistic_regression,validation,313,78,103,120,fitted,0.4230769230769231,0.2012987012987013,0.30194805194805197,0.375,8,4,False
severity_blocked,low_block,,60,C_without_SLBIC_initial,logistic_regression,test,313,78,103,120,fitted,0.4174757281553398,0.16608391608391607,0.2491258741258741,0.375,8,6,False
severity_blocked,low_block,,60,C_without_SLBIC_initial,random_forest,validation,313,78,103,120,fitted,0.4230769230769231,0.2012987012987013,0.30194805194805197,0.375,8,4,False
severity_blocked,low_block,,60,C_without_SLBIC_initial,random_forest,test,313,78,103,120,fitted,0.4174757281553398,0.16608391608391607,0.2491258741258741,0.375,8,6,False
severity_blocked,low_block,,60,C_without_SLBIC_initial,hist_gradient_boosting,validation,313,78,103,120,fitted,0.4230769230769231,0.2012987012987013,0.30194805194805197,0.375,8,4,False
severity_blocked,low_block,,60,C_without_SLBIC_initial,hist_gradient_boosting,test,313,78,103,120,fitted,0.4174757281553398,0.16608391608391607,0.2491258741258741,0.375,8,6,True
severity_blocked,low_block,,90,A_strict_38,logistic_regression,validation,313,78,103,190,fitted,0.4230769230769231,0.2012987012987013,0.30194805194805197,0.375,8,4,False
severity_blocked,low_block,,90,A_strict_38,logistic_regression,test,313,78,103,190,fitted,0.4174757281553398,0.1818181818181818,0.2727272727272727,0.375,8,6,False
severity_blocked,low_block,,90,A_strict_38,random_forest,validation,313,78,103,190,fitted,0.4230769230769231,0.2012987012987013,0.30194805194805197,0.375,8,4,False
severity_blocked,low_block,,90,A_strict_38,random_forest,test,313,78,103,190,fitted,0.4174757281553398,0.16608391608391607,0.2491258741258741,0.375,8,6,False
severity_blocked,low_block,,90,A_strict_38,hist_gradient_boosting,validation,313,78,103,190,fitted,0.4230769230769231,0.2012987012987013,0.30194805194805197,0.375,8,4,False
severity_blocked,low_block,,90,A_strict_38,hist_gradient_boosting,test,313,78,103,190,fitted,0.4174757281553398,0.16608391608391607,0.2491258741258741,0.375,8,6,True
severity_blocked,low_block,,90,B_without_potential_leakage,logistic_regression,validation,313,78,103,185,fitted,0.4230769230769231,0.2012987012987013,0.30194805194805197,0.375,8,4,False
severity_blocked,low_block,,90,B_without_potential_leakage,logistic_regression,test,313,78,103,185,fitted,0.4174757281553398,0.1818181818181818,0.2727272727272727,0.375,8,6,False
severity_blocked,low_block,,90,B_without_potential_leakage,random_forest,validation,313,78,103,185,fitted,0.4230769230769231,0.2012987012987013,0.30194805194805197,0.375,8,4,False
severity_blocked,low_block,,90,B_without_potential_leakage,random_forest,test,313,78,103,185,fitted,0.4174757281553398,0.1818181818181818,0.2727272727272727,0.375,8,6,False
severity_blocked,low_block,,90,B_without_potential_leakage,hist_gradient_boosting,validation,313,78,103,185,fitted,0.4230769230769231,0.2012987012987013,0.30194805194805197,0.375,8,4,False
severity_blocked,low_block,,90,B_without_potential_leakage,hist_gradient_boosting,test,313,78,103,185,fitted,0.4174757281553398,0.16608391608391607,0.2491258741258741,0.375,8,6,True
severity_blocked,low_block,,90,C_without_SLBIC_initial,logistic_regression,validation,313,78,103,120,fitted,0.4230769230769231,0.2012987012987013,0.30194805194805197,0.375,8,4,False
severity_blocked,low_block,,90,C_without_SLBIC_initial,logistic_regression,test,313,78,103,120,fitted,0.4174757281553398,0.1818181818181818,0.2727272727272727,0.375,8,6,False
severity_blocked,low_block,,90,C_without_SLBIC_initial,random_forest,validation,313,78,103,120,fitted,0.4230769230769231,0.2012987012987013,0.30194805194805197,0.375,8,4,False
severity_blocked,low_block,,90,C_without_SLBIC_initial,random_forest,test,313,78,103,120,fitted,0.4174757281553398,0.16608391608391607,0.2491258741258741,0.375,8,6,False
severity_blocked,low_block,,90,C_without_SLBIC_initial,hist_gradient_boosting,validation,313,78,103,120,fitted,0.4230769230769231,0.2012987012987013,0.30194805194805197,0.375,8,4,False
severity_blocked,low_block,,90,C_without_SLBIC_initial,hist_gradient_boosting,test,313,78,103,120,fitted,0.4174757281553398,0.16608391608391607,0.2491258741258741,0.375,8,6,True
severity_blocked,low_block,,120,A_strict_38,logistic_regression,validation,313,78,103,190,fitted,0.9487179487179487,0.5996969696969697,0.8995454545454545,0.9,8,4,False
severity_blocked,low_block,,120,A_strict_38,logistic_regression,test,313,78,103,190,fitted,0.8252427184466019,0.5638101893447806,0.8457152840171709,0.859375,8,6,False
severity_blocked,low_block,,120,A_strict_38,random_forest,validation,313,78,103,190,fitted,0.9615384615384616,0.618986568986569,0.9284798534798535,0.925,8,4,False
severity_blocked,low_block,,120,A_strict_38,random_forest,test,313,78,103,190,fitted,0.8252427184466019,0.5748096348096349,0.8622144522144521,0.8645833333333333,8,6,False
severity_blocked,low_block,,120,A_strict_38,hist_gradient_boosting,validation,313,78,103,190,fitted,0.9615384615384616,0.6216931216931217,0.9325396825396826,0.925,8,4,False
severity_blocked,low_block,,120,A_strict_38,hist_gradient_boosting,test,313,78,103,190,fitted,0.8446601941747572,0.5522792022792024,0.8284188034188034,0.8888888888888888,8,6,True
severity_blocked,low_block,,120,B_without_potential_leakage,logistic_regression,validation,313,78,103,185,fitted,0.9487179487179487,0.5996969696969697,0.8995454545454545,0.9,8,4,False
severity_blocked,low_block,,120,B_without_potential_leakage,logistic_regression,test,313,78,103,185,fitted,0.8252427184466019,0.5638101893447806,0.8457152840171709,0.859375,8,6,False
severity_blocked,low_block,,120,B_without_potential_leakage,random_forest,validation,313,78,103,185,fitted,0.9615384615384616,0.6187301587301587,0.9280952380952381,0.925,8,4,False
severity_blocked,low_block,,120,B_without_potential_leakage,random_forest,test,313,78,103,185,fitted,0.8640776699029126,0.5970999588646647,0.8956499382969971,0.8932291666666667,8,6,False
severity_blocked,low_block,,120,B_without_potential_leakage,hist_gradient_boosting,validation,313,78,103,185,fitted,0.9615384615384616,0.6216931216931217,0.9325396825396826,0.925,8,4,False
severity_blocked,low_block,,120,B_without_potential_leakage,hist_gradient_boosting,test,313,78,103,185,fitted,0.8446601941747572,0.5522792022792024,0.8284188034188034,0.8888888888888888,8,6,True
severity_blocked,low_block,,120,C_without_SLBIC_initial,logistic_regression,validation,313,78,103,120,fitted,0.9358974358974359,0.5691721132897604,0.8537581699346405,0.875,8,4,False
severity_blocked,low_block,,120,C_without_SLBIC_initial,logistic_regression,test,313,78,103,120,fitted,0.7087378640776699,0.510869715362469,0.7663045730437035,0.7769097222222222,8,6,False
severity_blocked,low_block,,120,C_without_SLBIC_initial,random_forest,validation,313,78,103,120,fitted,0.8461538461538461,0.5614035087719298,0.8421052631578947,0.8458333333333334,8,4,False
severity_blocked,low_block,,120,C_without_SLBIC_initial,random_forest,test,313,78,103,120,fitted,0.7475728155339806,0.5119896079542748,0.7679844119314122,0.8125,8,6,False
severity_blocked,low_block,,120,C_without_SLBIC_initial,hist_gradient_boosting,validation,313,78,103,120,fitted,1.0,0.6666666666666666,1.0,1.0,8,4,False
severity_blocked,low_block,,120,C_without_SLBIC_initial,hist_gradient_boosting,test,313,78,103,120,fitted,0.6990291262135923,0.48905950371638224,0.7335892555745733,0.7717013888888888,8,6,True
severity_blocked,middle_block,,30,A_strict_38,logistic_regression,validation,306,77,103,190,fitted,0.4155844155844156,0.19999999999999998,0.3,0.375,8,4,False
severity_blocked,middle_block,,30,A_strict_38,logistic_regression,test,306,77,103,190,fitted,0.4174757281553398,0.19999999999999998,0.3,0.375,8,6,False
severity_blocked,middle_block,,30,A_strict_38,random_forest,validation,306,77,103,190,fitted,0.4155844155844156,0.19999999999999998,0.3,0.375,8,4,False
severity_blocked,middle_block,,30,A_strict_38,random_forest,test,306,77,103,190,fitted,0.4174757281553398,0.19999999999999998,0.3,0.375,8,6,False
severity_blocked,middle_block,,30,A_strict_38,hist_gradient_boosting,validation,306,77,103,190,fitted,0.4155844155844156,0.19999999999999998,0.3,0.375,8,4,False
severity_blocked,middle_block,,30,A_strict_38,hist_gradient_boosting,test,306,77,103,190,fitted,0.4174757281553398,0.19999999999999998,0.3,0.375,8,6,True
severity_blocked,middle_block,,30,B_without_potential_leakage,logistic_regression,validation,306,77,103,185,fitted,0.4155844155844156,0.19999999999999998,0.3,0.375,8,4,False
severity_blocked,middle_block,,30,B_without_potential_leakage,logistic_regression,test,306,77,103,185,fitted,0.4174757281553398,0.19999999999999998,0.3,0.375,8,6,False
severity_blocked,middle_block,,30,B_without_potential_leakage,random_forest,validation,306,77,103,185,fitted,0.4155844155844156,0.19999999999999998,0.3,0.375,8,4,False
severity_blocked,middle_block,,30,B_without_potential_leakage,random_forest,test,306,77,103,185,fitted,0.4174757281553398,0.19999999999999998,0.3,0.375,8,6,False
severity_blocked,middle_block,,30,B_without_potential_leakage,hist_gradient_boosting,validation,306,77,103,185,fitted,0.4155844155844156,0.19999999999999998,0.3,0.375,8,4,False
severity_blocked,middle_block,,30,B_without_potential_leakage,hist_gradient_boosting,test,306,77,103,185,fitted,0.4174757281553398,0.19999999999999998,0.3,0.375,8,6,True
severity_blocked,middle_block,,30,C_without_SLBIC_initial,logistic_regression,validation,306,77,103,120,fitted,0.4155844155844156,0.19999999999999998,0.3,0.375,8,4,False
severity_blocked,middle_block,,30,C_without_SLBIC_initial,logistic_regression,test,306,77,103,120,fitted,0.4174757281553398,0.19999999999999998,0.3,0.375,8,6,False
severity_blocked,middle_block,,30,C_without_SLBIC_initial,random_forest,validation,306,77,103,120,fitted,0.4155844155844156,0.19999999999999998,0.3,0.375,8,4,False
severity_blocked,middle_block,,30,C_without_SLBIC_initial,random_forest,test,306,77,103,120,fitted,0.4174757281553398,0.19999999999999998,0.3,0.375,8,6,False
severity_blocked,middle_block,,30,C_without_SLBIC_initial,hist_gradient_boosting,validation,306,77,103,120,fitted,0.4155844155844156,0.19999999999999998,0.3,0.375,8,4,False
severity_blocked,middle_block,,30,C_without_SLBIC_initial,hist_gradient_boosting,test,306,77,103,120,fitted,0.4174757281553398,0.19999999999999998,0.3,0.375,8,6,True
severity_blocked,middle_block,,60,A_strict_38,logistic_regression,validation,306,77,103,190,fitted,0.4155844155844156,0.19999999999999998,0.3,0.375,8,4,False
severity_blocked,middle_block,,60,A_strict_38,logistic_regression,test,306,77,103,190,fitted,0.4174757281553398,0.19999999999999998,0.3,0.375,8,6,False
severity_blocked,middle_block,,60,A_strict_38,random_forest,validation,306,77,103,190,fitted,0.4155844155844156,0.19999999999999998,0.3,0.375,8,4,False
severity_blocked,middle_block,,60,A_strict_38,random_forest,test,306,77,103,190,fitted,0.4174757281553398,0.19999999999999998,0.3,0.375,8,6,False
severity_blocked,middle_block,,60,A_strict_38,hist_gradient_boosting,validation,306,77,103,190,fitted,0.4155844155844156,0.19999999999999998,0.3,0.375,8,4,False
severity_blocked,middle_block,,60,A_strict_38,hist_gradient_boosting,test,306,77,103,190,fitted,0.4174757281553398,0.19999999999999998,0.3,0.375,8,6,True
severity_blocked,middle_block,,60,B_without_potential_leakage,logistic_regression,validation,306,77,103,185,fitted,0.4155844155844156,0.19999999999999998,0.3,0.375,8,4,False
severity_blocked,middle_block,,60,B_without_potential_leakage,logistic_regression,test,306,77,103,185,fitted,0.4174757281553398,0.19999999999999998,0.3,0.375,8,6,False
severity_blocked,middle_block,,60,B_without_potential_leakage,random_forest,validation,306,77,103,185,fitted,0.4155844155844156,0.19999999999999998,0.3,0.375,8,4,False
severity_blocked,middle_block,,60,B_without_potential_leakage,random_forest,test,306,77,103,185,fitted,0.4174757281553398,0.19999999999999998,0.3,0.375,8,6,False
severity_blocked,middle_block,,60,B_without_potential_leakage,hist_gradient_boosting,validation,306,77,103,185,fitted,0.4155844155844156,0.19999999999999998,0.3,0.375,8,4,False
severity_blocked,middle_block,,60,B_without_potential_leakage,hist_gradient_boosting,test,306,77,103,185,fitted,0.4174757281553398,0.19999999999999998,0.3,0.375,8,6,True
severity_blocked,middle_block,,60,C_without_SLBIC_initial,logistic_regression,validation,306,77,103,120,fitted,0.4155844155844156,0.19999999999999998,0.3,0.375,8,4,False
severity_blocked,middle_block,,60,C_without_SLBIC_initial,logistic_regression,test,306,77,103,120,fitted,0.4174757281553398,0.19999999999999998,0.3,0.375,8,6,False
severity_blocked,middle_block,,60,C_without_SLBIC_initial,random_forest,validation,306,77,103,120,fitted,0.4155844155844156,0.19999999999999998,0.3,0.375,8,4,False
severity_blocked,middle_block,,60,C_without_SLBIC_initial,random_forest,test,306,77,103,120,fitted,0.4174757281553398,0.19999999999999998,0.3,0.375,8,6,False
severity_blocked,middle_block,,60,C_without_SLBIC_initial,hist_gradient_boosting,validation,306,77,103,120,fitted,0.4155844155844156,0.19999999999999998,0.3,0.375,8,4,False
severity_blocked,middle_block,,60,C_without_SLBIC_initial,hist_gradient_boosting,test,306,77,103,120,fitted,0.4174757281553398,0.19999999999999998,0.3,0.375,8,6,True
severity_blocked,middle_block,,90,A_strict_38,logistic_regression,validation,306,77,103,190,fitted,0.4155844155844156,0.19999999999999998,0.3,0.375,8,4,False
severity_blocked,middle_block,,90,A_strict_38,logistic_regression,test,306,77,103,190,fitted,0.4174757281553398,0.19999999999999998,0.3,0.375,8,6,False
severity_blocked,middle_block,,90,A_strict_38,random_forest,validation,306,77,103,190,fitted,0.4155844155844156,0.19999999999999998,0.3,0.375,8,4,False
severity_blocked,middle_block,,90,A_strict_38,random_forest,test,306,77,103,190,fitted,0.4174757281553398,0.19999999999999998,0.3,0.375,8,6,False
severity_blocked,middle_block,,90,A_strict_38,hist_gradient_boosting,validation,306,77,103,190,fitted,0.4155844155844156,0.19999999999999998,0.3,0.375,8,4,False
severity_blocked,middle_block,,90,A_strict_38,hist_gradient_boosting,test,306,77,103,190,fitted,0.4174757281553398,0.19999999999999998,0.3,0.375,8,6,True
severity_blocked,middle_block,,90,B_without_potential_leakage,logistic_regression,validation,306,77,103,185,fitted,0.4155844155844156,0.19999999999999998,0.3,0.375,8,4,False
severity_blocked,middle_block,,90,B_without_potential_leakage,logistic_regression,test,306,77,103,185,fitted,0.4174757281553398,0.19999999999999998,0.3,0.375,8,6,False
severity_blocked,middle_block,,90,B_without_potential_leakage,random_forest,validation,306,77,103,185,fitted,0.4155844155844156,0.19999999999999998,0.3,0.375,8,4,False
severity_blocked,middle_block,,90,B_without_potential_leakage,random_forest,test,306,77,103,185,fitted,0.4174757281553398,0.19999999999999998,0.3,0.375,8,6,False
severity_blocked,middle_block,,90,B_without_potential_leakage,hist_gradient_boosting,validation,306,77,103,185,fitted,0.4155844155844156,0.19999999999999998,0.3,0.375,8,4,False
severity_blocked,middle_block,,90,B_without_potential_leakage,hist_gradient_boosting,test,306,77,103,185,fitted,0.4174757281553398,0.19999999999999998,0.3,0.375,8,6,True
severity_blocked,middle_block,,90,C_without_SLBIC_initial,logistic_regression,validation,306,77,103,120,fitted,0.4155844155844156,0.19999999999999998,0.3,0.375,8,4,False
severity_blocked,middle_block,,90,C_without_SLBIC_initial,logistic_regression,test,306,77,103,120,fitted,0.4174757281553398,0.19999999999999998,0.3,0.375,8,6,False
severity_blocked,middle_block,,90,C_without_SLBIC_initial,random_forest,validation,306,77,103,120,fitted,0.4155844155844156,0.19999999999999998,0.3,0.375,8,4,False
severity_blocked,middle_block,,90,C_without_SLBIC_initial,random_forest,test,306,77,103,120,fitted,0.4174757281553398,0.19999999999999998,0.3,0.375,8,6,False
severity_blocked,middle_block,,90,C_without_SLBIC_initial,hist_gradient_boosting,validation,306,77,103,120,fitted,0.4155844155844156,0.19999999999999998,0.3,0.375,8,4,False
severity_blocked,middle_block,,90,C_without_SLBIC_initial,hist_gradient_boosting,test,306,77,103,120,fitted,0.4174757281553398,0.19999999999999998,0.3,0.375,8,6,True
severity_blocked,middle_block,,120,A_strict_38,logistic_regression,validation,306,77,103,190,fitted,0.935064935064935,0.5685185185185185,0.8527777777777779,0.875,8,4,False
severity_blocked,middle_block,,120,A_strict_38,logistic_regression,test,306,77,103,190,fitted,1.0,0.6666666666666666,1.0,1.0,8,6,False
severity_blocked,middle_block,,120,A_strict_38,random_forest,validation,306,77,103,190,fitted,0.974025974025974,0.6396264367816092,0.9594396551724138,0.95,8,4,False
severity_blocked,middle_block,,120,A_strict_38,random_forest,test,306,77,103,190,fitted,1.0,0.6666666666666666,1.0,1.0,8,6,True
severity_blocked,middle_block,,120,A_strict_38,hist_gradient_boosting,validation,306,77,103,190,fitted,0.935064935064935,0.5541958041958043,0.8312937062937062,0.875,8,4,False
severity_blocked,middle_block,,120,A_strict_38,hist_gradient_boosting,test,306,77,103,190,fitted,1.0,0.6666666666666666,1.0,1.0,8,6,False
severity_blocked,middle_block,,120,B_without_potential_leakage,logistic_regression,validation,306,77,103,185,fitted,0.935064935064935,0.5685185185185185,0.8527777777777779,0.875,8,4,False
severity_blocked,middle_block,,120,B_without_potential_leakage,logistic_regression,test,306,77,103,185,fitted,1.0,0.6666666666666666,1.0,1.0,8,6,False
severity_blocked,middle_block,,120,B_without_potential_leakage,random_forest,validation,306,77,103,185,fitted,0.961038961038961,0.6191899288451013,0.9287848932676519,0.925,8,4,False
severity_blocked,middle_block,,120,B_without_potential_leakage,random_forest,test,306,77,103,185,fitted,1.0,0.6666666666666666,1.0,1.0,8,6,True
severity_blocked,middle_block,,120,B_without_potential_leakage,hist_gradient_boosting,validation,306,77,103,185,fitted,0.935064935064935,0.5541958041958043,0.8312937062937062,0.875,8,4,False
severity_blocked,middle_block,,120,B_without_potential_leakage,hist_gradient_boosting,test,306,77,103,185,fitted,1.0,0.6666666666666666,1.0,1.0,8,6,False
severity_blocked,middle_block,,120,C_without_SLBIC_initial,logistic_regression,validation,306,77,103,120,fitted,0.935064935064935,0.5685185185185185,0.8527777777777779,0.875,8,4,False
severity_blocked,middle_block,,120,C_without_SLBIC_initial,logistic_regression,test,306,77,103,120,fitted,1.0,0.6666666666666666,1.0,1.0,8,6,False
severity_blocked,middle_block,,120,C_without_SLBIC_initial,random_forest,validation,306,77,103,120,fitted,0.974025974025974,0.639423076923077,0.9591346153846154,0.95,8,4,False
severity_blocked,middle_block,,120,C_without_SLBIC_initial,random_forest,test,306,77,103,120,fitted,1.0,0.6666666666666666,1.0,1.0,8,6,False
severity_blocked,middle_block,,120,C_without_SLBIC_initial,hist_gradient_boosting,validation,306,77,103,120,fitted,1.0,0.6666666666666666,1.0,1.0,8,4,False
severity_blocked,middle_block,,120,C_without_SLBIC_initial,hist_gradient_boosting,test,306,77,103,120,fitted,1.0,0.6666666666666666,1.0,1.0,8,6,True
severity_blocked,high_block,,30,A_strict_38,logistic_regression,validation,313,78,103,190,fitted,0.4230769230769231,0.2012987012987013,0.30194805194805197,0.375,8,4,False
severity_blocked,high_block,,30,A_strict_38,logistic_regression,test,313,78,103,190,fitted,0.4174757281553398,0.19999999999999998,0.3,0.375,8,6,False
severity_blocked,high_block,,30,A_strict_38,random_forest,validation,313,78,103,190,fitted,0.4230769230769231,0.2012987012987013,0.30194805194805197,0.375,8,4,False
severity_blocked,high_block,,30,A_strict_38,random_forest,test,313,78,103,190,fitted,0.4174757281553398,0.19999999999999998,0.3,0.375,8,6,False
severity_blocked,high_block,,30,A_strict_38,hist_gradient_boosting,validation,313,78,103,190,fitted,0.4230769230769231,0.2012987012987013,0.30194805194805197,0.375,8,4,False
severity_blocked,high_block,,30,A_strict_38,hist_gradient_boosting,test,313,78,103,190,fitted,0.4174757281553398,0.19999999999999998,0.3,0.375,8,6,True
severity_blocked,high_block,,30,B_without_potential_leakage,logistic_regression,validation,313,78,103,185,fitted,0.4230769230769231,0.2012987012987013,0.30194805194805197,0.375,8,4,False
severity_blocked,high_block,,30,B_without_potential_leakage,logistic_regression,test,313,78,103,185,fitted,0.4174757281553398,0.19999999999999998,0.3,0.375,8,6,False
severity_blocked,high_block,,30,B_without_potential_leakage,random_forest,validation,313,78,103,185,fitted,0.4230769230769231,0.2012987012987013,0.30194805194805197,0.375,8,4,False
severity_blocked,high_block,,30,B_without_potential_leakage,random_forest,test,313,78,103,185,fitted,0.4174757281553398,0.19999999999999998,0.3,0.375,8,6,False
severity_blocked,high_block,,30,B_without_potential_leakage,hist_gradient_boosting,validation,313,78,103,185,fitted,0.4230769230769231,0.2012987012987013,0.30194805194805197,0.375,8,4,False
severity_blocked,high_block,,30,B_without_potential_leakage,hist_gradient_boosting,test,313,78,103,185,fitted,0.4174757281553398,0.19999999999999998,0.3,0.375,8,6,True
severity_blocked,high_block,,30,C_without_SLBIC_initial,logistic_regression,validation,313,78,103,120,fitted,0.4230769230769231,0.2012987012987013,0.30194805194805197,0.375,8,4,False
severity_blocked,high_block,,30,C_without_SLBIC_initial,logistic_regression,test,313,78,103,120,fitted,0.4174757281553398,0.19999999999999998,0.3,0.375,8,6,False
severity_blocked,high_block,,30,C_without_SLBIC_initial,random_forest,validation,313,78,103,120,fitted,0.4230769230769231,0.2012987012987013,0.30194805194805197,0.375,8,4,False
severity_blocked,high_block,,30,C_without_SLBIC_initial,random_forest,test,313,78,103,120,fitted,0.4174757281553398,0.19999999999999998,0.3,0.375,8,6,False
severity_blocked,high_block,,30,C_without_SLBIC_initial,hist_gradient_boosting,validation,313,78,103,120,fitted,0.4230769230769231,0.2012987012987013,0.30194805194805197,0.375,8,4,False
severity_blocked,high_block,,30,C_without_SLBIC_initial,hist_gradient_boosting,test,313,78,103,120,fitted,0.4174757281553398,0.19999999999999998,0.3,0.375,8,6,True
severity_blocked,high_block,,60,A_strict_38,logistic_regression,validation,313,78,103,190,fitted,0.4230769230769231,0.2012987012987013,0.30194805194805197,0.375,8,4,False
severity_blocked,high_block,,60,A_strict_38,logistic_regression,test,313,78,103,190,fitted,0.4174757281553398,0.19999999999999998,0.3,0.375,8,6,False
severity_blocked,high_block,,60,A_strict_38,random_forest,validation,313,78,103,190,fitted,0.4230769230769231,0.2012987012987013,0.30194805194805197,0.375,8,4,False
severity_blocked,high_block,,60,A_strict_38,random_forest,test,313,78,103,190,fitted,0.4174757281553398,0.19999999999999998,0.3,0.375,8,6,False
severity_blocked,high_block,,60,A_strict_38,hist_gradient_boosting,validation,313,78,103,190,fitted,0.4230769230769231,0.2012987012987013,0.30194805194805197,0.375,8,4,False
severity_blocked,high_block,,60,A_strict_38,hist_gradient_boosting,test,313,78,103,190,fitted,0.4174757281553398,0.19999999999999998,0.3,0.375,8,6,True
severity_blocked,high_block,,60,B_without_potential_leakage,logistic_regression,validation,313,78,103,185,fitted,0.4230769230769231,0.2012987012987013,0.30194805194805197,0.375,8,4,False
severity_blocked,high_block,,60,B_without_potential_leakage,logistic_regression,test,313,78,103,185,fitted,0.4174757281553398,0.19999999999999998,0.3,0.375,8,6,False
severity_blocked,high_block,,60,B_without_potential_leakage,random_forest,validation,313,78,103,185,fitted,0.4230769230769231,0.2012987012987013,0.30194805194805197,0.375,8,4,False
severity_blocked,high_block,,60,B_without_potential_leakage,random_forest,test,313,78,103,185,fitted,0.4174757281553398,0.19999999999999998,0.3,0.375,8,6,False
severity_blocked,high_block,,60,B_without_potential_leakage,hist_gradient_boosting,validation,313,78,103,185,fitted,0.4230769230769231,0.2012987012987013,0.30194805194805197,0.375,8,4,False
severity_blocked,high_block,,60,B_without_potential_leakage,hist_gradient_boosting,test,313,78,103,185,fitted,0.4174757281553398,0.19999999999999998,0.3,0.375,8,6,True
severity_blocked,high_block,,60,C_without_SLBIC_initial,logistic_regression,validation,313,78,103,120,fitted,0.4230769230769231,0.2012987012987013,0.30194805194805197,0.375,8,4,False
severity_blocked,high_block,,60,C_without_SLBIC_initial,logistic_regression,test,313,78,103,120,fitted,0.4174757281553398,0.19999999999999998,0.3,0.375,8,6,False
severity_blocked,high_block,,60,C_without_SLBIC_initial,random_forest,validation,313,78,103,120,fitted,0.4230769230769231,0.2012987012987013,0.30194805194805197,0.375,8,4,False
severity_blocked,high_block,,60,C_without_SLBIC_initial,random_forest,test,313,78,103,120,fitted,0.4174757281553398,0.19999999999999998,0.3,0.375,8,6,False
severity_blocked,high_block,,60,C_without_SLBIC_initial,hist_gradient_boosting,validation,313,78,103,120,fitted,0.4230769230769231,0.2012987012987013,0.30194805194805197,0.375,8,4,False
severity_blocked,high_block,,60,C_without_SLBIC_initial,hist_gradient_boosting,test,313,78,103,120,fitted,0.4174757281553398,0.19999999999999998,0.3,0.375,8,6,True
severity_blocked,high_block,,90,A_strict_38,logistic_regression,validation,313,78,103,190,fitted,0.4230769230769231,0.2012987012987013,0.30194805194805197,0.375,8,4,False
severity_blocked,high_block,,90,A_strict_38,logistic_regression,test,313,78,103,190,fitted,0.4174757281553398,0.19999999999999998,0.3,0.375,8,6,False
severity_blocked,high_block,,90,A_strict_38,random_forest,validation,313,78,103,190,fitted,0.4230769230769231,0.2012987012987013,0.30194805194805197,0.375,8,4,False
severity_blocked,high_block,,90,A_strict_38,random_forest,test,313,78,103,190,fitted,0.4174757281553398,0.19999999999999998,0.3,0.375,8,6,False
severity_blocked,high_block,,90,A_strict_38,hist_gradient_boosting,validation,313,78,103,190,fitted,0.4230769230769231,0.2012987012987013,0.30194805194805197,0.375,8,4,False
severity_blocked,high_block,,90,A_strict_38,hist_gradient_boosting,test,313,78,103,190,fitted,0.4174757281553398,0.19999999999999998,0.3,0.375,8,6,True
severity_blocked,high_block,,90,B_without_potential_leakage,logistic_regression,validation,313,78,103,185,fitted,0.4230769230769231,0.2012987012987013,0.30194805194805197,0.375,8,4,False
severity_blocked,high_block,,90,B_without_potential_leakage,logistic_regression,test,313,78,103,185,fitted,0.4174757281553398,0.19999999999999998,0.3,0.375,8,6,False
severity_blocked,high_block,,90,B_without_potential_leakage,random_forest,validation,313,78,103,185,fitted,0.4230769230769231,0.2012987012987013,0.30194805194805197,0.375,8,4,False
severity_blocked,high_block,,90,B_without_potential_leakage,random_forest,test,313,78,103,185,fitted,0.4174757281553398,0.19999999999999998,0.3,0.375,8,6,False
severity_blocked,high_block,,90,B_without_potential_leakage,hist_gradient_boosting,validation,313,78,103,185,fitted,0.4230769230769231,0.2012987012987013,0.30194805194805197,0.375,8,4,False
severity_blocked,high_block,,90,B_without_potential_leakage,hist_gradient_boosting,test,313,78,103,185,fitted,0.4174757281553398,0.19999999999999998,0.3,0.375,8,6,True
severity_blocked,high_block,,90,C_without_SLBIC_initial,logistic_regression,validation,313,78,103,120,fitted,0.4230769230769231,0.2012987012987013,0.30194805194805197,0.375,8,4,False
severity_blocked,high_block,,90,C_without_SLBIC_initial,logistic_regression,test,313,78,103,120,fitted,0.4174757281553398,0.19999999999999998,0.3,0.375,8,6,False
severity_blocked,high_block,,90,C_without_SLBIC_initial,random_forest,validation,313,78,103,120,fitted,0.4230769230769231,0.2012987012987013,0.30194805194805197,0.375,8,4,False
severity_blocked,high_block,,90,C_without_SLBIC_initial,random_forest,test,313,78,103,120,fitted,0.4174757281553398,0.19999999999999998,0.3,0.375,8,6,False
severity_blocked,high_block,,90,C_without_SLBIC_initial,hist_gradient_boosting,validation,313,78,103,120,fitted,0.4230769230769231,0.2012987012987013,0.30194805194805197,0.375,8,4,False
severity_blocked,high_block,,90,C_without_SLBIC_initial,hist_gradient_boosting,test,313,78,103,120,fitted,0.4174757281553398,0.19999999999999998,0.3,0.375,8,6,True
severity_blocked,high_block,,120,A_strict_38,logistic_regression,validation,313,78,103,190,fitted,0.9743589743589743,0.639423076923077,0.9591346153846154,0.95,8,4,False
severity_blocked,high_block,,120,A_strict_38,logistic_regression,test,313,78,103,190,fitted,0.9223300970873787,0.555703604512327,0.8335554067684906,0.8541666666666667,8,6,False
severity_blocked,high_block,,120,A_strict_38,random_forest,validation,313,78,103,190,fitted,1.0,0.6666666666666666,1.0,1.0,8,4,False
severity_blocked,high_block,,120,A_strict_38,random_forest,test,313,78,103,190,fitted,0.9320388349514563,0.5604398865268431,0.8406598297902645,0.875,8,6,True
severity_blocked,high_block,,120,A_strict_38,hist_gradient_boosting,validation,313,78,103,190,fitted,0.9230769230769231,0.6022872402182747,0.903430860327412,0.896875,8,4,False
severity_blocked,high_block,,120,A_strict_38,hist_gradient_boosting,test,313,78,103,190,fitted,0.8252427184466019,0.4548732943469786,0.6823099415204679,0.75,8,6,False
severity_blocked,high_block,,120,B_without_potential_leakage,logistic_regression,validation,313,78,103,185,fitted,0.9743589743589743,0.639423076923077,0.9591346153846154,0.95,8,4,False
severity_blocked,high_block,,120,B_without_potential_leakage,logistic_regression,test,313,78,103,185,fitted,0.9223300970873787,0.555703604512327,0.8335554067684906,0.8541666666666667,8,6,False
severity_blocked,high_block,,120,B_without_potential_leakage,random_forest,validation,313,78,103,185,fitted,0.9871794871794872,0.6545338441890166,0.9818007662835249,0.975,8,4,False
severity_blocked,high_block,,120,B_without_potential_leakage,random_forest,test,313,78,103,185,fitted,0.9320388349514563,0.561270600744285,0.8419059011164274,0.875,8,6,True
severity_blocked,high_block,,120,B_without_potential_leakage,hist_gradient_boosting,validation,313,78,103,185,fitted,0.9230769230769231,0.6022872402182747,0.903430860327412,0.896875,8,4,False
severity_blocked,high_block,,120,B_without_potential_leakage,hist_gradient_boosting,test,313,78,103,185,fitted,0.8252427184466019,0.4548732943469786,0.6823099415204679,0.75,8,6,False
severity_blocked,high_block,,120,C_without_SLBIC_initial,logistic_regression,validation,313,78,103,120,fitted,0.9743589743589743,0.639423076923077,0.9591346153846154,0.95,8,4,False
severity_blocked,high_block,,120,C_without_SLBIC_initial,logistic_regression,test,313,78,103,120,fitted,0.9223300970873787,0.555703604512327,0.8335554067684906,0.8541666666666667,8,6,True
severity_blocked,high_block,,120,C_without_SLBIC_initial,random_forest,validation,313,78,103,120,fitted,0.9743589743589743,0.639423076923077,0.9591346153846154,0.95,8,4,False
severity_blocked,high_block,,120,C_without_SLBIC_initial,random_forest,test,313,78,103,120,fitted,0.9320388349514563,0.5683760683760684,0.8525641025641025,0.875,8,6,False
severity_blocked,high_block,,120,C_without_SLBIC_initial,hist_gradient_boosting,validation,313,78,103,120,fitted,0.9230769230769231,0.5846037742589466,0.8769056613884201,0.896875,8,4,False
severity_blocked,high_block,,120,C_without_SLBIC_initial,hist_gradient_boosting,test,313,78,103,120,fitted,0.8252427184466019,0.44403626315391026,0.6660543947308653,0.75,8,6,False
severity_extrapolation,low_train_to_high_test,,30,A_strict_38,logistic_regression,validation,313,78,103,190,fitted,0.4230769230769231,0.2012987012987013,0.30194805194805197,0.375,8,4,False
severity_extrapolation,low_train_to_high_test,,30,A_strict_38,logistic_regression,test,313,78,103,190,fitted,0.4174757281553398,0.19999999999999998,0.3,0.375,8,6,False
severity_extrapolation,low_train_to_high_test,,30,A_strict_38,random_forest,validation,313,78,103,190,fitted,0.4230769230769231,0.2012987012987013,0.30194805194805197,0.375,8,4,False
severity_extrapolation,low_train_to_high_test,,30,A_strict_38,random_forest,test,313,78,103,190,fitted,0.4174757281553398,0.19999999999999998,0.3,0.375,8,6,False
severity_extrapolation,low_train_to_high_test,,30,A_strict_38,hist_gradient_boosting,validation,313,78,103,190,fitted,0.4230769230769231,0.2012987012987013,0.30194805194805197,0.375,8,4,False
severity_extrapolation,low_train_to_high_test,,30,A_strict_38,hist_gradient_boosting,test,313,78,103,190,fitted,0.4174757281553398,0.19999999999999998,0.3,0.375,8,6,True
severity_extrapolation,low_train_to_high_test,,30,B_without_potential_leakage,logistic_regression,validation,313,78,103,185,fitted,0.4230769230769231,0.2012987012987013,0.30194805194805197,0.375,8,4,False
severity_extrapolation,low_train_to_high_test,,30,B_without_potential_leakage,logistic_regression,test,313,78,103,185,fitted,0.4174757281553398,0.19999999999999998,0.3,0.375,8,6,False
severity_extrapolation,low_train_to_high_test,,30,B_without_potential_leakage,random_forest,validation,313,78,103,185,fitted,0.4230769230769231,0.2012987012987013,0.30194805194805197,0.375,8,4,False
severity_extrapolation,low_train_to_high_test,,30,B_without_potential_leakage,random_forest,test,313,78,103,185,fitted,0.4174757281553398,0.19999999999999998,0.3,0.375,8,6,False
severity_extrapolation,low_train_to_high_test,,30,B_without_potential_leakage,hist_gradient_boosting,validation,313,78,103,185,fitted,0.4230769230769231,0.2012987012987013,0.30194805194805197,0.375,8,4,False
severity_extrapolation,low_train_to_high_test,,30,B_without_potential_leakage,hist_gradient_boosting,test,313,78,103,185,fitted,0.4174757281553398,0.19999999999999998,0.3,0.375,8,6,True
severity_extrapolation,low_train_to_high_test,,30,C_without_SLBIC_initial,logistic_regression,validation,313,78,103,120,fitted,0.4230769230769231,0.2012987012987013,0.30194805194805197,0.375,8,4,False
severity_extrapolation,low_train_to_high_test,,30,C_without_SLBIC_initial,logistic_regression,test,313,78,103,120,fitted,0.4174757281553398,0.19999999999999998,0.3,0.375,8,6,False
severity_extrapolation,low_train_to_high_test,,30,C_without_SLBIC_initial,random_forest,validation,313,78,103,120,fitted,0.4230769230769231,0.2012987012987013,0.30194805194805197,0.375,8,4,False
severity_extrapolation,low_train_to_high_test,,30,C_without_SLBIC_initial,random_forest,test,313,78,103,120,fitted,0.4174757281553398,0.19999999999999998,0.3,0.375,8,6,False
severity_extrapolation,low_train_to_high_test,,30,C_without_SLBIC_initial,hist_gradient_boosting,validation,313,78,103,120,fitted,0.4230769230769231,0.2012987012987013,0.30194805194805197,0.375,8,4,False
severity_extrapolation,low_train_to_high_test,,30,C_without_SLBIC_initial,hist_gradient_boosting,test,313,78,103,120,fitted,0.4174757281553398,0.19999999999999998,0.3,0.375,8,6,True
severity_extrapolation,low_train_to_high_test,,60,A_strict_38,logistic_regression,validation,313,78,103,190,fitted,0.4230769230769231,0.2012987012987013,0.30194805194805197,0.375,8,4,False
severity_extrapolation,low_train_to_high_test,,60,A_strict_38,logistic_regression,test,313,78,103,190,fitted,0.4174757281553398,0.19999999999999998,0.3,0.375,8,6,False
severity_extrapolation,low_train_to_high_test,,60,A_strict_38,random_forest,validation,313,78,103,190,fitted,0.4230769230769231,0.2012987012987013,0.30194805194805197,0.375,8,4,False
severity_extrapolation,low_train_to_high_test,,60,A_strict_38,random_forest,test,313,78,103,190,fitted,0.4174757281553398,0.19999999999999998,0.3,0.375,8,6,False
severity_extrapolation,low_train_to_high_test,,60,A_strict_38,hist_gradient_boosting,validation,313,78,103,190,fitted,0.4230769230769231,0.2012987012987013,0.30194805194805197,0.375,8,4,False
severity_extrapolation,low_train_to_high_test,,60,A_strict_38,hist_gradient_boosting,test,313,78,103,190,fitted,0.4174757281553398,0.19999999999999998,0.3,0.375,8,6,True
severity_extrapolation,low_train_to_high_test,,60,B_without_potential_leakage,logistic_regression,validation,313,78,103,185,fitted,0.4230769230769231,0.2012987012987013,0.30194805194805197,0.375,8,4,False
severity_extrapolation,low_train_to_high_test,,60,B_without_potential_leakage,logistic_regression,test,313,78,103,185,fitted,0.4174757281553398,0.19999999999999998,0.3,0.375,8,6,False
severity_extrapolation,low_train_to_high_test,,60,B_without_potential_leakage,random_forest,validation,313,78,103,185,fitted,0.4230769230769231,0.2012987012987013,0.30194805194805197,0.375,8,4,False
severity_extrapolation,low_train_to_high_test,,60,B_without_potential_leakage,random_forest,test,313,78,103,185,fitted,0.4174757281553398,0.19999999999999998,0.3,0.375,8,6,False
severity_extrapolation,low_train_to_high_test,,60,B_without_potential_leakage,hist_gradient_boosting,validation,313,78,103,185,fitted,0.4230769230769231,0.2012987012987013,0.30194805194805197,0.375,8,4,False
severity_extrapolation,low_train_to_high_test,,60,B_without_potential_leakage,hist_gradient_boosting,test,313,78,103,185,fitted,0.4174757281553398,0.19999999999999998,0.3,0.375,8,6,True
severity_extrapolation,low_train_to_high_test,,60,C_without_SLBIC_initial,logistic_regression,validation,313,78,103,120,fitted,0.4230769230769231,0.2012987012987013,0.30194805194805197,0.375,8,4,False
severity_extrapolation,low_train_to_high_test,,60,C_without_SLBIC_initial,logistic_regression,test,313,78,103,120,fitted,0.4174757281553398,0.19999999999999998,0.3,0.375,8,6,False
severity_extrapolation,low_train_to_high_test,,60,C_without_SLBIC_initial,random_forest,validation,313,78,103,120,fitted,0.4230769230769231,0.2012987012987013,0.30194805194805197,0.375,8,4,False
severity_extrapolation,low_train_to_high_test,,60,C_without_SLBIC_initial,random_forest,test,313,78,103,120,fitted,0.4174757281553398,0.19999999999999998,0.3,0.375,8,6,False
severity_extrapolation,low_train_to_high_test,,60,C_without_SLBIC_initial,hist_gradient_boosting,validation,313,78,103,120,fitted,0.4230769230769231,0.2012987012987013,0.30194805194805197,0.375,8,4,False
severity_extrapolation,low_train_to_high_test,,60,C_without_SLBIC_initial,hist_gradient_boosting,test,313,78,103,120,fitted,0.4174757281553398,0.19999999999999998,0.3,0.375,8,6,True
severity_extrapolation,low_train_to_high_test,,90,A_strict_38,logistic_regression,validation,313,78,103,190,fitted,0.4230769230769231,0.2012987012987013,0.30194805194805197,0.375,8,4,False
severity_extrapolation,low_train_to_high_test,,90,A_strict_38,logistic_regression,test,313,78,103,190,fitted,0.4174757281553398,0.19999999999999998,0.3,0.375,8,6,False
severity_extrapolation,low_train_to_high_test,,90,A_strict_38,random_forest,validation,313,78,103,190,fitted,0.4230769230769231,0.2012987012987013,0.30194805194805197,0.375,8,4,False
severity_extrapolation,low_train_to_high_test,,90,A_strict_38,random_forest,test,313,78,103,190,fitted,0.4174757281553398,0.19999999999999998,0.3,0.375,8,6,False
severity_extrapolation,low_train_to_high_test,,90,A_strict_38,hist_gradient_boosting,validation,313,78,103,190,fitted,0.4230769230769231,0.2012987012987013,0.30194805194805197,0.375,8,4,False
severity_extrapolation,low_train_to_high_test,,90,A_strict_38,hist_gradient_boosting,test,313,78,103,190,fitted,0.4174757281553398,0.19999999999999998,0.3,0.375,8,6,True
severity_extrapolation,low_train_to_high_test,,90,B_without_potential_leakage,logistic_regression,validation,313,78,103,185,fitted,0.4230769230769231,0.2012987012987013,0.30194805194805197,0.375,8,4,False
severity_extrapolation,low_train_to_high_test,,90,B_without_potential_leakage,logistic_regression,test,313,78,103,185,fitted,0.4174757281553398,0.19999999999999998,0.3,0.375,8,6,False
severity_extrapolation,low_train_to_high_test,,90,B_without_potential_leakage,random_forest,validation,313,78,103,185,fitted,0.4230769230769231,0.2012987012987013,0.30194805194805197,0.375,8,4,False
severity_extrapolation,low_train_to_high_test,,90,B_without_potential_leakage,random_forest,test,313,78,103,185,fitted,0.4174757281553398,0.19999999999999998,0.3,0.375,8,6,False
severity_extrapolation,low_train_to_high_test,,90,B_without_potential_leakage,hist_gradient_boosting,validation,313,78,103,185,fitted,0.4230769230769231,0.2012987012987013,0.30194805194805197,0.375,8,4,False
severity_extrapolation,low_train_to_high_test,,90,B_without_potential_leakage,hist_gradient_boosting,test,313,78,103,185,fitted,0.4174757281553398,0.19999999999999998,0.3,0.375,8,6,True
severity_extrapolation,low_train_to_high_test,,90,C_without_SLBIC_initial,logistic_regression,validation,313,78,103,120,fitted,0.4230769230769231,0.2012987012987013,0.30194805194805197,0.375,8,4,False
severity_extrapolation,low_train_to_high_test,,90,C_without_SLBIC_initial,logistic_regression,test,313,78,103,120,fitted,0.4174757281553398,0.19999999999999998,0.3,0.375,8,6,False
severity_extrapolation,low_train_to_high_test,,90,C_without_SLBIC_initial,random_forest,validation,313,78,103,120,fitted,0.4230769230769231,0.2012987012987013,0.30194805194805197,0.375,8,4,False
severity_extrapolation,low_train_to_high_test,,90,C_without_SLBIC_initial,random_forest,test,313,78,103,120,fitted,0.4174757281553398,0.19999999999999998,0.3,0.375,8,6,False
severity_extrapolation,low_train_to_high_test,,90,C_without_SLBIC_initial,hist_gradient_boosting,validation,313,78,103,120,fitted,0.4230769230769231,0.2012987012987013,0.30194805194805197,0.375,8,4,False
severity_extrapolation,low_train_to_high_test,,90,C_without_SLBIC_initial,hist_gradient_boosting,test,313,78,103,120,fitted,0.4174757281553398,0.19999999999999998,0.3,0.375,8,6,True
severity_extrapolation,low_train_to_high_test,,120,A_strict_38,logistic_regression,validation,313,78,103,190,fitted,0.9743589743589743,0.639423076923077,0.9591346153846154,0.95,8,4,False
severity_extrapolation,low_train_to_high_test,,120,A_strict_38,logistic_regression,test,313,78,103,190,fitted,0.9223300970873787,0.555703604512327,0.8335554067684906,0.8541666666666667,8,6,False
severity_extrapolation,low_train_to_high_test,,120,A_strict_38,random_forest,validation,313,78,103,190,fitted,1.0,0.6666666666666666,1.0,1.0,8,4,False
severity_extrapolation,low_train_to_high_test,,120,A_strict_38,random_forest,test,313,78,103,190,fitted,0.9320388349514563,0.5604398865268431,0.8406598297902645,0.875,8,6,True
severity_extrapolation,low_train_to_high_test,,120,A_strict_38,hist_gradient_boosting,validation,313,78,103,190,fitted,0.9230769230769231,0.6022872402182747,0.903430860327412,0.896875,8,4,False
severity_extrapolation,low_train_to_high_test,,120,A_strict_38,hist_gradient_boosting,test,313,78,103,190,fitted,0.8252427184466019,0.4548732943469786,0.6823099415204679,0.75,8,6,False
severity_extrapolation,low_train_to_high_test,,120,B_without_potential_leakage,logistic_regression,validation,313,78,103,185,fitted,0.9743589743589743,0.639423076923077,0.9591346153846154,0.95,8,4,False
severity_extrapolation,low_train_to_high_test,,120,B_without_potential_leakage,logistic_regression,test,313,78,103,185,fitted,0.9223300970873787,0.555703604512327,0.8335554067684906,0.8541666666666667,8,6,False
severity_extrapolation,low_train_to_high_test,,120,B_without_potential_leakage,random_forest,validation,313,78,103,185,fitted,0.9871794871794872,0.6545338441890166,0.9818007662835249,0.975,8,4,False
severity_extrapolation,low_train_to_high_test,,120,B_without_potential_leakage,random_forest,test,313,78,103,185,fitted,0.9320388349514563,0.561270600744285,0.8419059011164274,0.875,8,6,True
severity_extrapolation,low_train_to_high_test,,120,B_without_potential_leakage,hist_gradient_boosting,validation,313,78,103,185,fitted,0.9230769230769231,0.6022872402182747,0.903430860327412,0.896875,8,4,False
severity_extrapolation,low_train_to_high_test,,120,B_without_potential_leakage,hist_gradient_boosting,test,313,78,103,185,fitted,0.8252427184466019,0.4548732943469786,0.6823099415204679,0.75,8,6,False
severity_extrapolation,low_train_to_high_test,,120,C_without_SLBIC_initial,logistic_regression,validation,313,78,103,120,fitted,0.9743589743589743,0.639423076923077,0.9591346153846154,0.95,8,4,False
severity_extrapolation,low_train_to_high_test,,120,C_without_SLBIC_initial,logistic_regression,test,313,78,103,120,fitted,0.9223300970873787,0.555703604512327,0.8335554067684906,0.8541666666666667,8,6,True
severity_extrapolation,low_train_to_high_test,,120,C_without_SLBIC_initial,random_forest,validation,313,78,103,120,fitted,0.9743589743589743,0.639423076923077,0.9591346153846154,0.95,8,4,False
severity_extrapolation,low_train_to_high_test,,120,C_without_SLBIC_initial,random_forest,test,313,78,103,120,fitted,0.9320388349514563,0.5683760683760684,0.8525641025641025,0.875,8,6,False
severity_extrapolation,low_train_to_high_test,,120,C_without_SLBIC_initial,hist_gradient_boosting,validation,313,78,103,120,fitted,0.9230769230769231,0.5846037742589466,0.8769056613884201,0.896875,8,4,False
severity_extrapolation,low_train_to_high_test,,120,C_without_SLBIC_initial,hist_gradient_boosting,test,313,78,103,120,fitted,0.8252427184466019,0.44403626315391026,0.6660543947308653,0.75,8,6,False
severity_extrapolation,high_train_to_low_test,,30,A_strict_38,logistic_regression,validation,313,78,103,190,fitted,0.4230769230769231,0.2012987012987013,0.30194805194805197,0.375,8,4,False
severity_extrapolation,high_train_to_low_test,,30,A_strict_38,logistic_regression,test,313,78,103,190,fitted,0.4174757281553398,0.1818181818181818,0.2727272727272727,0.375,8,6,False
severity_extrapolation,high_train_to_low_test,,30,A_strict_38,random_forest,validation,313,78,103,190,fitted,0.4230769230769231,0.2012987012987013,0.30194805194805197,0.375,8,4,False
severity_extrapolation,high_train_to_low_test,,30,A_strict_38,random_forest,test,313,78,103,190,fitted,0.4174757281553398,0.16608391608391607,0.2491258741258741,0.375,8,6,False
severity_extrapolation,high_train_to_low_test,,30,A_strict_38,hist_gradient_boosting,validation,313,78,103,190,fitted,0.4230769230769231,0.2012987012987013,0.30194805194805197,0.375,8,4,False
severity_extrapolation,high_train_to_low_test,,30,A_strict_38,hist_gradient_boosting,test,313,78,103,190,fitted,0.4174757281553398,0.16608391608391607,0.2491258741258741,0.375,8,6,True
severity_extrapolation,high_train_to_low_test,,30,B_without_potential_leakage,logistic_regression,validation,313,78,103,185,fitted,0.4230769230769231,0.2012987012987013,0.30194805194805197,0.375,8,4,False
severity_extrapolation,high_train_to_low_test,,30,B_without_potential_leakage,logistic_regression,test,313,78,103,185,fitted,0.4174757281553398,0.1818181818181818,0.2727272727272727,0.375,8,6,False
severity_extrapolation,high_train_to_low_test,,30,B_without_potential_leakage,random_forest,validation,313,78,103,185,fitted,0.4230769230769231,0.2012987012987013,0.30194805194805197,0.375,8,4,False
severity_extrapolation,high_train_to_low_test,,30,B_without_potential_leakage,random_forest,test,313,78,103,185,fitted,0.4174757281553398,0.16608391608391607,0.2491258741258741,0.375,8,6,False
severity_extrapolation,high_train_to_low_test,,30,B_without_potential_leakage,hist_gradient_boosting,validation,313,78,103,185,fitted,0.4230769230769231,0.2012987012987013,0.30194805194805197,0.375,8,4,False
severity_extrapolation,high_train_to_low_test,,30,B_without_potential_leakage,hist_gradient_boosting,test,313,78,103,185,fitted,0.4174757281553398,0.16608391608391607,0.2491258741258741,0.375,8,6,True
severity_extrapolation,high_train_to_low_test,,30,C_without_SLBIC_initial,logistic_regression,validation,313,78,103,120,fitted,0.4230769230769231,0.2012987012987013,0.30194805194805197,0.375,8,4,False
severity_extrapolation,high_train_to_low_test,,30,C_without_SLBIC_initial,logistic_regression,test,313,78,103,120,fitted,0.4174757281553398,0.16608391608391607,0.2491258741258741,0.375,8,6,False
severity_extrapolation,high_train_to_low_test,,30,C_without_SLBIC_initial,random_forest,validation,313,78,103,120,fitted,0.4230769230769231,0.2012987012987013,0.30194805194805197,0.375,8,4,False
severity_extrapolation,high_train_to_low_test,,30,C_without_SLBIC_initial,random_forest,test,313,78,103,120,fitted,0.4174757281553398,0.16608391608391607,0.2491258741258741,0.375,8,6,False
severity_extrapolation,high_train_to_low_test,,30,C_without_SLBIC_initial,hist_gradient_boosting,validation,313,78,103,120,fitted,0.4230769230769231,0.2012987012987013,0.30194805194805197,0.375,8,4,False
severity_extrapolation,high_train_to_low_test,,30,C_without_SLBIC_initial,hist_gradient_boosting,test,313,78,103,120,fitted,0.4174757281553398,0.16608391608391607,0.2491258741258741,0.375,8,6,True
severity_extrapolation,high_train_to_low_test,,60,A_strict_38,logistic_regression,validation,313,78,103,190,fitted,0.4230769230769231,0.2012987012987013,0.30194805194805197,0.375,8,4,False
severity_extrapolation,high_train_to_low_test,,60,A_strict_38,logistic_regression,test,313,78,103,190,fitted,0.4174757281553398,0.1818181818181818,0.2727272727272727,0.375,8,6,False
severity_extrapolation,high_train_to_low_test,,60,A_strict_38,random_forest,validation,313,78,103,190,fitted,0.4230769230769231,0.2012987012987013,0.30194805194805197,0.375,8,4,False
severity_extrapolation,high_train_to_low_test,,60,A_strict_38,random_forest,test,313,78,103,190,fitted,0.4174757281553398,0.16608391608391607,0.2491258741258741,0.375,8,6,False
severity_extrapolation,high_train_to_low_test,,60,A_strict_38,hist_gradient_boosting,validation,313,78,103,190,fitted,0.4230769230769231,0.2012987012987013,0.30194805194805197,0.375,8,4,False
severity_extrapolation,high_train_to_low_test,,60,A_strict_38,hist_gradient_boosting,test,313,78,103,190,fitted,0.4174757281553398,0.16608391608391607,0.2491258741258741,0.375,8,6,True
severity_extrapolation,high_train_to_low_test,,60,B_without_potential_leakage,logistic_regression,validation,313,78,103,185,fitted,0.4230769230769231,0.2012987012987013,0.30194805194805197,0.375,8,4,False
severity_extrapolation,high_train_to_low_test,,60,B_without_potential_leakage,logistic_regression,test,313,78,103,185,fitted,0.4174757281553398,0.1818181818181818,0.2727272727272727,0.375,8,6,False
severity_extrapolation,high_train_to_low_test,,60,B_without_potential_leakage,random_forest,validation,313,78,103,185,fitted,0.4230769230769231,0.2012987012987013,0.30194805194805197,0.375,8,4,False
severity_extrapolation,high_train_to_low_test,,60,B_without_potential_leakage,random_forest,test,313,78,103,185,fitted,0.4174757281553398,0.1818181818181818,0.2727272727272727,0.375,8,6,False
severity_extrapolation,high_train_to_low_test,,60,B_without_potential_leakage,hist_gradient_boosting,validation,313,78,103,185,fitted,0.4230769230769231,0.2012987012987013,0.30194805194805197,0.375,8,4,False
severity_extrapolation,high_train_to_low_test,,60,B_without_potential_leakage,hist_gradient_boosting,test,313,78,103,185,fitted,0.4174757281553398,0.16608391608391607,0.2491258741258741,0.375,8,6,True
severity_extrapolation,high_train_to_low_test,,60,C_without_SLBIC_initial,logistic_regression,validation,313,78,103,120,fitted,0.4230769230769231,0.2012987012987013,0.30194805194805197,0.375,8,4,False
severity_extrapolation,high_train_to_low_test,,60,C_without_SLBIC_initial,logistic_regression,test,313,78,103,120,fitted,0.4174757281553398,0.16608391608391607,0.2491258741258741,0.375,8,6,False
severity_extrapolation,high_train_to_low_test,,60,C_without_SLBIC_initial,random_forest,validation,313,78,103,120,fitted,0.4230769230769231,0.2012987012987013,0.30194805194805197,0.375,8,4,False
severity_extrapolation,high_train_to_low_test,,60,C_without_SLBIC_initial,random_forest,test,313,78,103,120,fitted,0.4174757281553398,0.16608391608391607,0.2491258741258741,0.375,8,6,False
severity_extrapolation,high_train_to_low_test,,60,C_without_SLBIC_initial,hist_gradient_boosting,validation,313,78,103,120,fitted,0.4230769230769231,0.2012987012987013,0.30194805194805197,0.375,8,4,False
severity_extrapolation,high_train_to_low_test,,60,C_without_SLBIC_initial,hist_gradient_boosting,test,313,78,103,120,fitted,0.4174757281553398,0.16608391608391607,0.2491258741258741,0.375,8,6,True
severity_extrapolation,high_train_to_low_test,,90,A_strict_38,logistic_regression,validation,313,78,103,190,fitted,0.4230769230769231,0.2012987012987013,0.30194805194805197,0.375,8,4,False
severity_extrapolation,high_train_to_low_test,,90,A_strict_38,logistic_regression,test,313,78,103,190,fitted,0.4174757281553398,0.1818181818181818,0.2727272727272727,0.375,8,6,False
severity_extrapolation,high_train_to_low_test,,90,A_strict_38,random_forest,validation,313,78,103,190,fitted,0.4230769230769231,0.2012987012987013,0.30194805194805197,0.375,8,4,False
severity_extrapolation,high_train_to_low_test,,90,A_strict_38,random_forest,test,313,78,103,190,fitted,0.4174757281553398,0.16608391608391607,0.2491258741258741,0.375,8,6,False
severity_extrapolation,high_train_to_low_test,,90,A_strict_38,hist_gradient_boosting,validation,313,78,103,190,fitted,0.4230769230769231,0.2012987012987013,0.30194805194805197,0.375,8,4,False
severity_extrapolation,high_train_to_low_test,,90,A_strict_38,hist_gradient_boosting,test,313,78,103,190,fitted,0.4174757281553398,0.16608391608391607,0.2491258741258741,0.375,8,6,True
severity_extrapolation,high_train_to_low_test,,90,B_without_potential_leakage,logistic_regression,validation,313,78,103,185,fitted,0.4230769230769231,0.2012987012987013,0.30194805194805197,0.375,8,4,False
severity_extrapolation,high_train_to_low_test,,90,B_without_potential_leakage,logistic_regression,test,313,78,103,185,fitted,0.4174757281553398,0.1818181818181818,0.2727272727272727,0.375,8,6,False
severity_extrapolation,high_train_to_low_test,,90,B_without_potential_leakage,random_forest,validation,313,78,103,185,fitted,0.4230769230769231,0.2012987012987013,0.30194805194805197,0.375,8,4,False
severity_extrapolation,high_train_to_low_test,,90,B_without_potential_leakage,random_forest,test,313,78,103,185,fitted,0.4174757281553398,0.1818181818181818,0.2727272727272727,0.375,8,6,False
severity_extrapolation,high_train_to_low_test,,90,B_without_potential_leakage,hist_gradient_boosting,validation,313,78,103,185,fitted,0.4230769230769231,0.2012987012987013,0.30194805194805197,0.375,8,4,False
severity_extrapolation,high_train_to_low_test,,90,B_without_potential_leakage,hist_gradient_boosting,test,313,78,103,185,fitted,0.4174757281553398,0.16608391608391607,0.2491258741258741,0.375,8,6,True
severity_extrapolation,high_train_to_low_test,,90,C_without_SLBIC_initial,logistic_regression,validation,313,78,103,120,fitted,0.4230769230769231,0.2012987012987013,0.30194805194805197,0.375,8,4,False
severity_extrapolation,high_train_to_low_test,,90,C_without_SLBIC_initial,logistic_regression,test,313,78,103,120,fitted,0.4174757281553398,0.1818181818181818,0.2727272727272727,0.375,8,6,False
severity_extrapolation,high_train_to_low_test,,90,C_without_SLBIC_initial,random_forest,validation,313,78,103,120,fitted,0.4230769230769231,0.2012987012987013,0.30194805194805197,0.375,8,4,False
severity_extrapolation,high_train_to_low_test,,90,C_without_SLBIC_initial,random_forest,test,313,78,103,120,fitted,0.4174757281553398,0.16608391608391607,0.2491258741258741,0.375,8,6,False
severity_extrapolation,high_train_to_low_test,,90,C_without_SLBIC_initial,hist_gradient_boosting,validation,313,78,103,120,fitted,0.4230769230769231,0.2012987012987013,0.30194805194805197,0.375,8,4,False
severity_extrapolation,high_train_to_low_test,,90,C_without_SLBIC_initial,hist_gradient_boosting,test,313,78,103,120,fitted,0.4174757281553398,0.16608391608391607,0.2491258741258741,0.375,8,6,True
severity_extrapolation,high_train_to_low_test,,120,A_strict_38,logistic_regression,validation,313,78,103,190,fitted,0.8974358974358975,0.5488380537400145,0.8232570806100218,0.8452380952380953,8,4,False
severity_extrapolation,high_train_to_low_test,,120,A_strict_38,logistic_regression,test,313,78,103,190,fitted,0.47572815533980584,0.3067678253605027,0.46015173804075404,0.5234375,8,6,False
severity_extrapolation,high_train_to_low_test,,120,A_strict_38,random_forest,validation,313,78,103,190,fitted,0.9743589743589743,0.6535468020975267,0.9803202031462901,0.9806547619047619,8,4,False
severity_extrapolation,high_train_to_low_test,,120,A_strict_38,random_forest,test,313,78,103,190,fitted,0.6407766990291263,0.4244685630173386,0.6367028445260079,0.7265625,8,6,False
severity_extrapolation,high_train_to_low_test,,120,A_strict_38,hist_gradient_boosting,validation,313,78,103,190,fitted,0.9743589743589743,0.6541889483065954,0.9812834224598931,0.9791666666666667,8,4,False
severity_extrapolation,high_train_to_low_test,,120,A_strict_38,hist_gradient_boosting,test,313,78,103,190,fitted,0.6699029126213593,0.4047369833601718,0.6071054750402577,0.75,8,6,True
severity_extrapolation,high_train_to_low_test,,120,B_without_potential_leakage,logistic_regression,validation,313,78,103,185,fitted,0.8974358974358975,0.5488380537400145,0.8232570806100218,0.8452380952380953,8,4,False
severity_extrapolation,high_train_to_low_test,,120,B_without_potential_leakage,logistic_regression,test,313,78,103,185,fitted,0.47572815533980584,0.3067678253605027,0.46015173804075404,0.5234375,8,6,False
severity_extrapolation,high_train_to_low_test,,120,B_without_potential_leakage,random_forest,validation,313,78,103,185,fitted,0.9487179487179487,0.6411387163561076,0.9617080745341615,0.9627976190476191,8,4,False
severity_extrapolation,high_train_to_low_test,,120,B_without_potential_leakage,random_forest,test,313,78,103,185,fitted,0.6504854368932039,0.42818986568986567,0.6422847985347986,0.734375,8,6,False
severity_extrapolation,high_train_to_low_test,,120,B_without_potential_leakage,hist_gradient_boosting,validation,313,78,103,185,fitted,0.9743589743589743,0.6541889483065954,0.9812834224598931,0.9791666666666667,8,4,False
severity_extrapolation,high_train_to_low_test,,120,B_without_potential_leakage,hist_gradient_boosting,test,313,78,103,185,fitted,0.6699029126213593,0.4047369833601718,0.6071054750402577,0.75,8,6,True
severity_extrapolation,high_train_to_low_test,,120,C_without_SLBIC_initial,logistic_regression,validation,313,78,103,120,fitted,0.8846153846153846,0.5432733207243011,0.8149099810864517,0.8363095238095238,8,4,False
severity_extrapolation,high_train_to_low_test,,120,C_without_SLBIC_initial,logistic_regression,test,313,78,103,120,fitted,0.4854368932038835,0.3054124836316019,0.45811872544740284,0.53125,8,6,False
severity_extrapolation,high_train_to_low_test,,120,C_without_SLBIC_initial,random_forest,validation,313,78,103,120,fitted,0.8461538461538461,0.581702175819823,0.8725532637297344,0.8898809523809523,8,4,False
severity_extrapolation,high_train_to_low_test,,120,C_without_SLBIC_initial,random_forest,test,313,78,103,120,fitted,0.6504854368932039,0.424645390070922,0.636968085106383,0.734375,8,6,False
severity_extrapolation,high_train_to_low_test,,120,C_without_SLBIC_initial,hist_gradient_boosting,validation,313,78,103,120,fitted,0.9358974358974359,0.634929689047336,0.9523945335710041,0.9523809523809523,8,4,False
severity_extrapolation,high_train_to_low_test,,120,C_without_SLBIC_initial,hist_gradient_boosting,test,313,78,103,120,fitted,0.6116504854368932,0.4048372036986838,0.6072558055480257,0.703125,8,6,True
