split_type,split_id,seed,sample_id,accident_class,severity,severity_definition,partition,severity_source
random,seed_20260921,20260921,SLBIC_99,SLBIC,99.0,% of 100 cm2 inside-containment steam-line break,train,NPPAD_README_case_number
random,seed_20260921,20260921,SGATR_69,SGATR,69.0,% of one full steam-generator-A tube rupture,train,NPPAD_README_case_number
random,seed_20260921,20260921,LOCA_38,LOCA,38.0,% of 100 cm2 hot-leg break,train,NPPAD_README_case_number
random,seed_20260921,20260921,SGATR_66,SGATR,66.0,% of one full steam-generator-A tube rupture,train,NPPAD_README_case_number
random,seed_20260921,20260921,SGBTR_88,SGBTR,88.0,% of one full steam-generator-B tube rupture,train,NPPAD_README_case_number
random,seed_20260921,20260921,FLB_75,FLB,75.0,% of 100 cm2 feedwater-line break,train,NPPAD_README_case_number
random,seed_20260921,20260921,SLBIC_23,SLBIC,23.0,% of 100 cm2 inside-containment steam-line break,train,NPPAD_README_case_number
random,seed_20260921,20260921,LOCA_31,LOCA,31.0,% of 100 cm2 hot-leg break,train,NPPAD_README_case_number
random,seed_20260921,20260921,LOCA_12,LOCA,12.0,% of 100 cm2 hot-leg break,train,NPPAD_README_case_number
random,seed_20260921,20260921,SLBIC_41,SLBIC,41.0,% of 100 cm2 inside-containment steam-line break,train,NPPAD_README_case_number
random,seed_20260921,20260921,LOCAC_63,LOCAC,63.0,% of 100 cm2 cold-leg break,train,NPPAD_README_case_number
random,seed_20260921,20260921,SGATR_100,SGATR,100.0,% of one full steam-generator-A tube rupture,train,NPPAD_README_case_number
random,seed_20260921,20260921,SGBTR_64,SGBTR,64.0,% of one full steam-generator-B tube rupture,train,NPPAD_README_case_number
random,seed_20260921,20260921,LOCAC_10,LOCAC,10.0,% of 100 cm2 cold-leg break,train,NPPAD_README_case_number
random,seed_20260921,20260921,LOCA_21,LOCA,21.0,% of 100 cm2 hot-leg break,train,NPPAD_README_case_number
random,seed_20260921,20260921,SLBIC_47,SLBIC,47.0,% of 100 cm2 inside-containment steam-line break,train,NPPAD_README_case_number
random,seed_20260921,20260921,LOCA_49,LOCA,49.0,% of 100 cm2 hot-leg break,train,NPPAD_README_case_number
random,seed_20260921,20260921,LOCAC_68,LOCAC,68.0,% of 100 cm2 cold-leg break,train,NPPAD_README_case_number
random,seed_20260921,20260921,RI_-13,RI,-13.0,% of rods inserted,train,NPPAD_README_case_number
random,seed_20260921,20260921,SGATR_65,SGATR,65.0,% of one full steam-generator-A tube rupture,train,NPPAD_README_case_number
random,seed_20260921,20260921,LOCAC_36,LOCAC,36.0,% of 100 cm2 cold-leg break,train,NPPAD_README_case_number
random,seed_20260921,20260921,SGBTR_90,SGBTR,90.0,% of one full steam-generator-B tube rupture,train,NPPAD_README_case_number
random,seed_20260921,20260921,FLB_24,FLB,24.0,% of 100 cm2 feedwater-line break,train,NPPAD_README_case_number
random,seed_20260921,20260921,LOCAC_8,LOCAC,8.0,% of 100 cm2 cold-leg break,train,NPPAD_README_case_number
random,seed_20260921,20260921,LOCA_74,LOCA,74.0,% of 100 cm2 hot-leg break,train,NPPAD_README_case_number
random,seed_20260921,20260921,FLB_88,FLB,88.0,% of 100 cm2 feedwater-line break,train,NPPAD_README_case_number
random,seed_20260921,20260921,SLBIC_84,SLBIC,84.0,% of 100 cm2 inside-containment steam-line break,train,NPPAD_README_case_number
random,seed_20260921,20260921,LOCA_30,LOCA,30.0,% of 100 cm2 hot-leg break,train,NPPAD_README_case_number
random,seed_20260921,20260921,SGBTR_68,SGBTR,68.0,% of one full steam-generator-B tube rupture,train,NPPAD_README_case_number
random,seed_20260921,20260921,SLBIC_17,SLBIC,17.0,% of 100 cm2 inside-containment steam-line break,train,NPPAD_README_case_number
random,seed_20260921,20260921,RI_-25,RI,-25.0,% of rods inserted,train,NPPAD_README_case_number
random,seed_20260921,20260921,SGATR_64,SGATR,64.0,% of one full steam-generator-A tube rupture,train,NPPAD_README_case_number
random,seed_20260921,20260921,SGBTR_67,SGBTR,67.0,% of one full steam-generator-B tube rupture,train,NPPAD_README_case_number
random,seed_20260921,20260921,LOCAC_52,LOCAC,52.0,% of 100 cm2 cold-leg break,train,NPPAD_README_case_number
random,seed_20260921,20260921,SGATR_74,SGATR,74.0,% of one full steam-generator-A tube rupture,train,NPPAD_README_case_number
random,seed_20260921,20260921,LOCAC_6,LOCAC,6.0,% of 100 cm2 cold-leg break,train,NPPAD_README_case_number
random,seed_20260921,20260921,FLB_100,FLB,100.0,% of 100 cm2 feedwater-line break,train,NPPAD_README_case_number
random,seed_20260921,20260921,LOCAC_14,LOCAC,14.0,% of 100 cm2 cold-leg break,train,NPPAD_README_case_number
random,seed_20260921,20260921,SGBTR_108,SGBTR,108.0,% of one full steam-generator-B tube rupture,train,NPPAD_README_case_number
random,seed_20260921,20260921,SGATR_81,SGATR,81.0,% of one full steam-generator-A tube rupture,train,NPPAD_README_case_number
random,seed_20260921,20260921,LOCAC_29,LOCAC,29.0,% of 100 cm2 cold-leg break,train,NPPAD_README_case_number
random,seed_20260921,20260921,SGBTR_92,SGBTR,92.0,% of one full steam-generator-B tube rupture,train,NPPAD_README_case_number
random,seed_20260921,20260921,FLB_34,FLB,34.0,% of 100 cm2 feedwater-line break,train,NPPAD_README_case_number
random,seed_20260921,20260921,FLB_48,FLB,48.0,% of 100 cm2 feedwater-line break,train,NPPAD_README_case_number
random,seed_20260921,20260921,RI_-1,RI,-1.0,% of rods inserted,train,NPPAD_README_case_number
random,seed_20260921,20260921,SGBTR_101,SGBTR,101.0,% of one full steam-generator-B tube rupture,train,NPPAD_README_case_number
random,seed_20260921,20260921,SLBIC_46,SLBIC,46.0,% of 100 cm2 inside-containment steam-line break,train,NPPAD_README_case_number
random,seed_20260921,20260921,FLB_96,FLB,96.0,% of 100 cm2 feedwater-line break,train,NPPAD_README_case_number
random,seed_20260921,20260921,LOCA_61,LOCA,61.0,% of 100 cm2 hot-leg break,train,NPPAD_README_case_number
random,seed_20260921,20260921,RI_-9,RI,-9.0,% of rods inserted,train,NPPAD_README_case_number
random,seed_20260921,20260921,SGATR_86,SGATR,86.0,% of one full steam-generator-A tube rupture,train,NPPAD_README_case_number
random,seed_20260921,20260921,RI_-30,RI,-30.0,% of rods inserted,train,NPPAD_README_case_number
random,seed_20260921,20260921,SLBIC_96,SLBIC,96.0,% of 100 cm2 inside-containment steam-line break,train,NPPAD_README_case_number
random,seed_20260921,20260921,FLB_82,FLB,82.0,% of 100 cm2 feedwater-line break,train,NPPAD_README_case_number
random,seed_20260921,20260921,SLBIC_60,SLBIC,60.0,% of 100 cm2 inside-containment steam-line break,train,NPPAD_README_case_number
random,seed_20260921,20260921,FLB_7,FLB,7.0,% of 100 cm2 feedwater-line break,train,NPPAD_README_case_number
random,seed_20260921,20260921,SLBIC_61,SLBIC,61.0,% of 100 cm2 inside-containment steam-line break,train,NPPAD_README_case_number
random,seed_20260921,20260921,SLBIC_62,SLBIC,62.0,% of 100 cm2 inside-containment steam-line break,train,NPPAD_README_case_number
random,seed_20260921,20260921,LOCA_4,LOCA,4.0,% of 100 cm2 hot-leg break,train,NPPAD_README_case_number
random,seed_20260921,20260921,FLB_94,FLB,94.0,% of 100 cm2 feedwater-line break,train,NPPAD_README_case_number
random,seed_20260921,20260921,LOCA_62,LOCA,62.0,% of 100 cm2 hot-leg break,train,NPPAD_README_case_number
random,seed_20260921,20260921,SGATR_71,SGATR,71.0,% of one full steam-generator-A tube rupture,train,NPPAD_README_case_number
random,seed_20260921,20260921,LOCAC_35,LOCAC,35.0,% of 100 cm2 cold-leg break,train,NPPAD_README_case_number
random,seed_20260921,20260921,FLB_33,FLB,33.0,% of 100 cm2 feedwater-line break,train,NPPAD_README_case_number
random,seed_20260921,20260921,LOCA_51,LOCA,51.0,% of 100 cm2 hot-leg break,train,NPPAD_README_case_number
random,seed_20260921,20260921,SLBIC_78,SLBIC,78.0,% of 100 cm2 inside-containment steam-line break,train,NPPAD_README_case_number
random,seed_20260921,20260921,LOCAC_1,LOCAC,1.0,% of 100 cm2 cold-leg break,train,NPPAD_README_case_number
random,seed_20260921,20260921,LOCA_66,LOCA,66.0,% of 100 cm2 hot-leg break,train,NPPAD_README_case_number
random,seed_20260921,20260921,FLB_50,FLB,50.0,% of 100 cm2 feedwater-line break,train,NPPAD_README_case_number
random,seed_20260921,20260921,SLBIC_39,SLBIC,39.0,% of 100 cm2 inside-containment steam-line break,train,NPPAD_README_case_number
random,seed_20260921,20260921,SGATR_91,SGATR,91.0,% of one full steam-generator-A tube rupture,train,NPPAD_README_case_number
random,seed_20260921,20260921,LOCAC_60,LOCAC,60.0,% of 100 cm2 cold-leg break,train,NPPAD_README_case_number
random,seed_20260921,20260921,SGBTR_69,SGBTR,69.0,% of one full steam-generator-B tube rupture,train,NPPAD_README_case_number
random,seed_20260921,20260921,LOCAC_64,LOCAC,64.0,% of 100 cm2 cold-leg break,train,NPPAD_README_case_number
random,seed_20260921,20260921,SGATR_60,SGATR,60.0,% of one full steam-generator-A tube rupture,train,NPPAD_README_case_number
random,seed_20260921,20260921,RI_-19,RI,-19.0,% of rods inserted,train,NPPAD_README_case_number
random,seed_20260921,20260921,FLB_13,FLB,13.0,% of 100 cm2 feedwater-line break,train,NPPAD_README_case_number
random,seed_20260921,20260921,LOCAC_78,LOCAC,78.0,% of 100 cm2 cold-leg break,train,NPPAD_README_case_number
random,seed_20260921,20260921,RI_-2,RI,-2.0,% of rods inserted,train,NPPAD_README_case_number
random,seed_20260921,20260921,SGBTR_99,SGBTR,99.0,% of one full steam-generator-B tube rupture,train,NPPAD_README_case_number
random,seed_20260921,20260921,LOCAC_22,LOCAC,22.0,% of 100 cm2 cold-leg break,train,NPPAD_README_case_number
random,seed_20260921,20260921,SLBIC_88,SLBIC,88.0,% of 100 cm2 inside-containment steam-line break,train,NPPAD_README_case_number
random,seed_20260921,20260921,FLB_54,FLB,54.0,% of 100 cm2 feedwater-line break,train,NPPAD_README_case_number
random,seed_20260921,20260921,LR_88,LR,88.0,% of full load rejected,train,NPPAD_README_case_number
random,seed_20260921,20260921,SGBTR_82,SGBTR,82.0,% of one full steam-generator-B tube rupture,train,NPPAD_README_case_number
random,seed_20260921,20260921,RI_-11,RI,-11.0,% of rods inserted,train,NPPAD_README_case_number
random,seed_20260921,20260921,LOCAC_72,LOCAC,72.0,% of 100 cm2 cold-leg break,train,NPPAD_README_case_number
random,seed_20260921,20260921,LOCAC_51,LOCAC,51.0,% of 100 cm2 cold-leg break,train,NPPAD_README_case_number
random,seed_20260921,20260921,LOCAC_75,LOCAC,75.0,% of 100 cm2 cold-leg break,train,NPPAD_README_case_number
random,seed_20260921,20260921,RI_-26,RI,-26.0,% of rods inserted,train,NPPAD_README_case_number
random,seed_20260921,20260921,SGBTR_103,SGBTR,103.0,% of one full steam-generator-B tube rupture,train,NPPAD_README_case_number
random,seed_20260921,20260921,FLB_90,FLB,90.0,% of 100 cm2 feedwater-line break,train,NPPAD_README_case_number
random,seed_20260921,20260921,FLB_35,FLB,35.0,% of 100 cm2 feedwater-line break,train,NPPAD_README_case_number
random,seed_20260921,20260921,FLB_70,FLB,70.0,% of 100 cm2 feedwater-line break,train,NPPAD_README_case_number
random,seed_20260921,20260921,FLB_17,FLB,17.0,% of 100 cm2 feedwater-line break,train,NPPAD_README_case_number
random,seed_20260921,20260921,LOCA_57,LOCA,57.0,% of 100 cm2 hot-leg break,train,NPPAD_README_case_number
random,seed_20260921,20260921,FLB_31,FLB,31.0,% of 100 cm2 feedwater-line break,train,NPPAD_README_case_number
random,seed_20260921,20260921,FLB_76,FLB,76.0,% of 100 cm2 feedwater-line break,train,NPPAD_README_case_number
random,seed_20260921,20260921,RW_3,RW,3.0,% of rods withdrawn,train,NPPAD_README_case_number
random,seed_20260921,20260921,SLBIC_51,SLBIC,51.0,% of 100 cm2 inside-containment steam-line break,train,NPPAD_README_case_number
random,seed_20260921,20260921,LOCA_76,LOCA,76.0,% of 100 cm2 hot-leg break,train,NPPAD_README_case_number
random,seed_20260921,20260921,LOCA_14,LOCA,14.0,% of 100 cm2 hot-leg break,train,NPPAD_README_case_number
random,seed_20260921,20260921,LR_94,LR,94.0,% of full load rejected,train,NPPAD_README_case_number
random,seed_20260921,20260921,SGBTR_76,SGBTR,76.0,% of one full steam-generator-B tube rupture,train,NPPAD_README_case_number
random,seed_20260921,20260921,LOCAC_47,LOCAC,47.0,% of 100 cm2 cold-leg break,train,NPPAD_README_case_number
random,seed_20260921,20260921,FLB_22,FLB,22.0,% of 100 cm2 feedwater-line break,train,NPPAD_README_case_number
random,seed_20260921,20260921,LOCA_33,LOCA,33.0,% of 100 cm2 hot-leg break,train,NPPAD_README_case_number
random,seed_20260921,20260921,SLBIC_45,SLBIC,45.0,% of 100 cm2 inside-containment steam-line break,train,NPPAD_README_case_number
random,seed_20260921,20260921,LOCAC_23,LOCAC,23.0,% of 100 cm2 cold-leg break,train,NPPAD_README_case_number
random,seed_20260921,20260921,SLBIC_21,SLBIC,21.0,% of 100 cm2 inside-containment steam-line break,train,NPPAD_README_case_number
random,seed_20260921,20260921,SLBIC_48,SLBIC,48.0,% of 100 cm2 inside-containment steam-line break,train,NPPAD_README_case_number
random,seed_20260921,20260921,SGATR_98,SGATR,98.0,% of one full steam-generator-A tube rupture,train,NPPAD_README_case_number
random,seed_20260921,20260921,RI_-23,RI,-23.0,% of rods inserted,train,NPPAD_README_case_number
random,seed_20260921,20260921,LOCAC_45,LOCAC,45.0,% of 100 cm2 cold-leg break,train,NPPAD_README_case_number
random,seed_20260921,20260921,LR_81,LR,81.0,% of full load rejected,train,NPPAD_README_case_number
random,seed_20260921,20260921,SLBIC_14,SLBIC,14.0,% of 100 cm2 inside-containment steam-line break,train,NPPAD_README_case_number
random,seed_20260921,20260921,LOCAC_15,LOCAC,15.0,% of 100 cm2 cold-leg break,train,NPPAD_README_case_number
random,seed_20260921,20260921,SLBIC_76,SLBIC,76.0,% of 100 cm2 inside-containment steam-line break,train,NPPAD_README_case_number
random,seed_20260921,20260921,SGBTR_89,SGBTR,89.0,% of one full steam-generator-B tube rupture,train,NPPAD_README_case_number
random,seed_20260921,20260921,RI_-27,RI,-27.0,% of rods inserted,train,NPPAD_README_case_number
random,seed_20260921,20260921,LOCA_37,LOCA,37.0,% of 100 cm2 hot-leg break,train,NPPAD_README_case_number
random,seed_20260921,20260921,LOCAC_11,LOCAC,11.0,% of 100 cm2 cold-leg break,train,NPPAD_README_case_number
random,seed_20260921,20260921,FLB_32,FLB,32.0,% of 100 cm2 feedwater-line break,train,NPPAD_README_case_number
random,seed_20260921,20260921,SGBTR_84,SGBTR,84.0,% of one full steam-generator-B tube rupture,train,NPPAD_README_case_number
random,seed_20260921,20260921,RW_1,RW,1.0,% of rods withdrawn,train,NPPAD_README_case_number
random,seed_20260921,20260921,SLBIC_29,SLBIC,29.0,% of 100 cm2 inside-containment steam-line break,train,NPPAD_README_case_number
random,seed_20260921,20260921,SGATR_59,SGATR,59.0,% of one full steam-generator-A tube rupture,train,NPPAD_README_case_number
random,seed_20260921,20260921,FLB_21,FLB,21.0,% of 100 cm2 feedwater-line break,train,NPPAD_README_case_number
random,seed_20260921,20260921,SLBIC_86,SLBIC,86.0,% of 100 cm2 inside-containment steam-line break,train,NPPAD_README_case_number
random,seed_20260921,20260921,LOCAC_7,LOCAC,7.0,% of 100 cm2 cold-leg break,train,NPPAD_README_case_number
random,seed_20260921,20260921,SGATR_80,SGATR,80.0,% of one full steam-generator-A tube rupture,train,NPPAD_README_case_number
random,seed_20260921,20260921,FLB_68,FLB,68.0,% of 100 cm2 feedwater-line break,train,NPPAD_README_case_number
random,seed_20260921,20260921,SGATR_63,SGATR,63.0,% of one full steam-generator-A tube rupture,train,NPPAD_README_case_number
random,seed_20260921,20260921,FLB_56,FLB,56.0,% of 100 cm2 feedwater-line break,train,NPPAD_README_case_number
random,seed_20260921,20260921,LOCA_11,LOCA,11.0,% of 100 cm2 hot-leg break,train,NPPAD_README_case_number
random,seed_20260921,20260921,LOCA_44,LOCA,44.0,% of 100 cm2 hot-leg break,train,NPPAD_README_case_number
random,seed_20260921,20260921,FLB_51,FLB,51.0,% of 100 cm2 feedwater-line break,train,NPPAD_README_case_number
random,seed_20260921,20260921,SLBIC_36,SLBIC,36.0,% of 100 cm2 inside-containment steam-line break,train,NPPAD_README_case_number
random,seed_20260921,20260921,SLBIC_81,SLBIC,81.0,% of 100 cm2 inside-containment steam-line break,train,NPPAD_README_case_number
random,seed_20260921,20260921,SLBIC_85,SLBIC,85.0,% of 100 cm2 inside-containment steam-line break,train,NPPAD_README_case_number
random,seed_20260921,20260921,SGBTR_105,SGBTR,105.0,% of one full steam-generator-B tube rupture,train,NPPAD_README_case_number
random,seed_20260921,20260921,LOCA_34,LOCA,34.0,% of 100 cm2 hot-leg break,train,NPPAD_README_case_number
random,seed_20260921,20260921,LOCA_60,LOCA,60.0,% of 100 cm2 hot-leg break,train,NPPAD_README_case_number
random,seed_20260921,20260921,SLBIC_98,SLBIC,98.0,% of 100 cm2 inside-containment steam-line break,train,NPPAD_README_case_number
random,seed_20260921,20260921,SLBIC_49,SLBIC,49.0,% of 100 cm2 inside-containment steam-line break,train,NPPAD_README_case_number
random,seed_20260921,20260921,RI_-16,RI,-16.0,% of rods inserted,train,NPPAD_README_case_number
random,seed_20260921,20260921,FLB_59,FLB,59.0,% of 100 cm2 feedwater-line break,train,NPPAD_README_case_number
random,seed_20260921,20260921,LR_74,LR,74.0,% of full load rejected,train,NPPAD_README_case_number
random,seed_20260921,20260921,LOCA_9,LOCA,9.0,% of 100 cm2 hot-leg break,train,NPPAD_README_case_number
random,seed_20260921,20260921,LOCAC_34,LOCAC,34.0,% of 100 cm2 cold-leg break,train,NPPAD_README_case_number
random,seed_20260921,20260921,SGATR_89,SGATR,89.0,% of one full steam-generator-A tube rupture,train,NPPAD_README_case_number
random,seed_20260921,20260921,LOCA_65,LOCA,65.0,% of 100 cm2 hot-leg break,train,NPPAD_README_case_number
random,seed_20260921,20260921,LOCAC_37,LOCAC,37.0,% of 100 cm2 cold-leg break,train,NPPAD_README_case_number
random,seed_20260921,20260921,SGBTR_77,SGBTR,77.0,% of one full steam-generator-B tube rupture,train,NPPAD_README_case_number
random,seed_20260921,20260921,LOCA_35,LOCA,35.0,% of 100 cm2 hot-leg break,train,NPPAD_README_case_number
random,seed_20260921,20260921,LR_87,LR,87.0,% of full load rejected,train,NPPAD_README_case_number
random,seed_20260921,20260921,LOCA_27,LOCA,27.0,% of 100 cm2 hot-leg break,train,NPPAD_README_case_number
random,seed_20260921,20260921,LOCA_2,LOCA,2.0,% of 100 cm2 hot-leg break,train,NPPAD_README_case_number
random,seed_20260921,20260921,SLBIC_43,SLBIC,43.0,% of 100 cm2 inside-containment steam-line break,train,NPPAD_README_case_number
random,seed_20260921,20260921,SLBIC_75,SLBIC,75.0,% of 100 cm2 inside-containment steam-line break,train,NPPAD_README_case_number
random,seed_20260921,20260921,SLBIC_70,SLBIC,70.0,% of 100 cm2 inside-containment steam-line break,train,NPPAD_README_case_number
random,seed_20260921,20260921,RI_-31,RI,-31.0,% of rods inserted,train,NPPAD_README_case_number
random,seed_20260921,20260921,FLB_11,FLB,11.0,% of 100 cm2 feedwater-line break,train,NPPAD_README_case_number
random,seed_20260921,20260921,RI_-28,RI,-28.0,% of rods inserted,train,NPPAD_README_case_number
random,seed_20260921,20260921,SLBIC_80,SLBIC,80.0,% of 100 cm2 inside-containment steam-line break,train,NPPAD_README_case_number
random,seed_20260921,20260921,LOCAC_56,LOCAC,56.0,% of 100 cm2 cold-leg break,train,NPPAD_README_case_number
random,seed_20260921,20260921,SLBIC_50,SLBIC,50.0,% of 100 cm2 inside-containment steam-line break,train,NPPAD_README_case_number
random,seed_20260921,20260921,SLBIC_100,SLBIC,100.0,% of 100 cm2 inside-containment steam-line break,train,NPPAD_README_case_number
random,seed_20260921,20260921,FLB_99,FLB,99.0,% of 100 cm2 feedwater-line break,train,NPPAD_README_case_number
random,seed_20260921,20260921,LOCAC_79,LOCAC,79.0,% of 100 cm2 cold-leg break,train,NPPAD_README_case_number
random,seed_20260921,20260921,SGATR_62,SGATR,62.0,% of one full steam-generator-A tube rupture,train,NPPAD_README_case_number
random,seed_20260921,20260921,LOCA_72,LOCA,72.0,% of 100 cm2 hot-leg break,train,NPPAD_README_case_number
random,seed_20260921,20260921,SLBIC_30,SLBIC,30.0,% of 100 cm2 inside-containment steam-line break,train,NPPAD_README_case_number
random,seed_20260921,20260921,SLBIC_53,SLBIC,53.0,% of 100 cm2 inside-containment steam-line break,train,NPPAD_README_case_number
random,seed_20260921,20260921,LOCA_15,LOCA,15.0,% of 100 cm2 hot-leg break,train,NPPAD_README_case_number
random,seed_20260921,20260921,LOCA_7,LOCA,7.0,% of 100 cm2 hot-leg break,train,NPPAD_README_case_number
random,seed_20260921,20260921,SGBTR_60,SGBTR,60.0,% of one full steam-generator-B tube rupture,train,NPPAD_README_case_number
random,seed_20260921,20260921,LOCAC_76,LOCAC,76.0,% of 100 cm2 cold-leg break,train,NPPAD_README_case_number
random,seed_20260921,20260921,RI_-14,RI,-14.0,% of rods inserted,train,NPPAD_README_case_number
random,seed_20260921,20260921,LOCAC_48,LOCAC,48.0,% of 100 cm2 cold-leg break,train,NPPAD_README_case_number
random,seed_20260921,20260921,FLB_65,FLB,65.0,% of 100 cm2 feedwater-line break,train,NPPAD_README_case_number
random,seed_20260921,20260921,LR_96,LR,96.0,% of full load rejected,train,NPPAD_README_case_number
random,seed_20260921,20260921,LR_85,LR,85.0,% of full load rejected,train,NPPAD_README_case_number
random,seed_20260921,20260921,LOCAC_74,LOCAC,74.0,% of 100 cm2 cold-leg break,train,NPPAD_README_case_number
random,seed_20260921,20260921,LOCAC_32,LOCAC,32.0,% of 100 cm2 cold-leg break,train,NPPAD_README_case_number
random,seed_20260921,20260921,SGATR_94,SGATR,94.0,% of one full steam-generator-A tube rupture,train,NPPAD_README_case_number
random,seed_20260921,20260921,FLB_37,FLB,37.0,% of 100 cm2 feedwater-line break,train,NPPAD_README_case_number
random,seed_20260921,20260921,SGBTR_87,SGBTR,87.0,% of one full steam-generator-B tube rupture,train,NPPAD_README_case_number
random,seed_20260921,20260921,SLBIC_83,SLBIC,83.0,% of 100 cm2 inside-containment steam-line break,train,NPPAD_README_case_number
random,seed_20260921,20260921,FLB_5,FLB,5.0,% of 100 cm2 feedwater-line break,train,NPPAD_README_case_number
random,seed_20260921,20260921,SLBIC_82,SLBIC,82.0,% of 100 cm2 inside-containment steam-line break,train,NPPAD_README_case_number
random,seed_20260921,20260921,LOCA_55,LOCA,55.0,% of 100 cm2 hot-leg break,train,NPPAD_README_case_number
random,seed_20260921,20260921,LOCAC_70,LOCAC,70.0,% of 100 cm2 cold-leg break,train,NPPAD_README_case_number
random,seed_20260921,20260921,FLB_28,FLB,28.0,% of 100 cm2 feedwater-line break,train,NPPAD_README_case_number
random,seed_20260921,20260921,LR_72,LR,72.0,% of full load rejected,train,NPPAD_README_case_number
random,seed_20260921,20260921,LR_90,LR,90.0,% of full load rejected,train,NPPAD_README_case_number
random,seed_20260921,20260921,LOCAC_5,LOCAC,5.0,% of 100 cm2 cold-leg break,train,NPPAD_README_case_number
random,seed_20260921,20260921,SGBTR_63,SGBTR,63.0,% of one full steam-generator-B tube rupture,train,NPPAD_README_case_number
random,seed_20260921,20260921,FLB_53,FLB,53.0,% of 100 cm2 feedwater-line break,train,NPPAD_README_case_number
random,seed_20260921,20260921,SGBTR_73,SGBTR,73.0,% of one full steam-generator-B tube rupture,train,NPPAD_README_case_number
random,seed_20260921,20260921,FLB_93,FLB,93.0,% of 100 cm2 feedwater-line break,train,NPPAD_README_case_number
random,seed_20260921,20260921,FLB_74,FLB,74.0,% of 100 cm2 feedwater-line break,train,NPPAD_README_case_number
random,seed_20260921,20260921,RI_-32,RI,-32.0,% of rods inserted,train,NPPAD_README_case_number
random,seed_20260921,20260921,LOCAC_30,LOCAC,30.0,% of 100 cm2 cold-leg break,train,NPPAD_README_case_number
random,seed_20260921,20260921,LR_77,LR,77.0,% of full load rejected,train,NPPAD_README_case_number
random,seed_20260921,20260921,LOCA_64,LOCA,64.0,% of 100 cm2 hot-leg break,train,NPPAD_README_case_number
random,seed_20260921,20260921,LOCA_54,LOCA,54.0,% of 100 cm2 hot-leg break,train,NPPAD_README_case_number
random,seed_20260921,20260921,FLB_26,FLB,26.0,% of 100 cm2 feedwater-line break,train,NPPAD_README_case_number
random,seed_20260921,20260921,SGBTR_106,SGBTR,106.0,% of one full steam-generator-B tube rupture,train,NPPAD_README_case_number
random,seed_20260921,20260921,FLB_97,FLB,97.0,% of 100 cm2 feedwater-line break,train,NPPAD_README_case_number
random,seed_20260921,20260921,SLBIC_73,SLBIC,73.0,% of 100 cm2 inside-containment steam-line break,train,NPPAD_README_case_number
random,seed_20260921,20260921,SLBIC_26,SLBIC,26.0,% of 100 cm2 inside-containment steam-line break,train,NPPAD_README_case_number
random,seed_20260921,20260921,LOCA_8,LOCA,8.0,% of 100 cm2 hot-leg break,train,NPPAD_README_case_number
random,seed_20260921,20260921,LOCAC_42,LOCAC,42.0,% of 100 cm2 cold-leg break,train,NPPAD_README_case_number
random,seed_20260921,20260921,LR_82,LR,82.0,% of full load rejected,train,NPPAD_README_case_number
random,seed_20260921,20260921,LOCA_36,LOCA,36.0,% of 100 cm2 hot-leg break,train,NPPAD_README_case_number
random,seed_20260921,20260921,SLBIC_28,SLBIC,28.0,% of 100 cm2 inside-containment steam-line break,train,NPPAD_README_case_number
random,seed_20260921,20260921,SLBIC_20,SLBIC,20.0,% of 100 cm2 inside-containment steam-line break,train,NPPAD_README_case_number
random,seed_20260921,20260921,SLBIC_59,SLBIC,59.0,% of 100 cm2 inside-containment steam-line break,train,NPPAD_README_case_number
random,seed_20260921,20260921,FLB_43,FLB,43.0,% of 100 cm2 feedwater-line break,train,NPPAD_README_case_number
random,seed_20260921,20260921,SGBTR_80,SGBTR,80.0,% of one full steam-generator-B tube rupture,train,NPPAD_README_case_number
random,seed_20260921,20260921,FLB_80,FLB,80.0,% of 100 cm2 feedwater-line break,train,NPPAD_README_case_number
random,seed_20260921,20260921,FLB_67,FLB,67.0,% of 100 cm2 feedwater-line break,train,NPPAD_README_case_number
random,seed_20260921,20260921,FLB_46,FLB,46.0,% of 100 cm2 feedwater-line break,train,NPPAD_README_case_number
random,seed_20260921,20260921,SGATR_96,SGATR,96.0,% of one full steam-generator-A tube rupture,train,NPPAD_README_case_number
random,seed_20260921,20260921,LR_83,LR,83.0,% of full load rejected,train,NPPAD_README_case_number
random,seed_20260921,20260921,LR_98,LR,98.0,% of full load rejected,train,NPPAD_README_case_number
random,seed_20260921,20260921,SGBTR_93,SGBTR,93.0,% of one full steam-generator-B tube rupture,train,NPPAD_README_case_number
random,seed_20260921,20260921,SGBTR_107,SGBTR,107.0,% of one full steam-generator-B tube rupture,train,NPPAD_README_case_number
random,seed_20260921,20260921,SGBTR_61,SGBTR,61.0,% of one full steam-generator-B tube rupture,train,NPPAD_README_case_number
random,seed_20260921,20260921,SLBIC_94,SLBIC,94.0,% of 100 cm2 inside-containment steam-line break,train,NPPAD_README_case_number
random,seed_20260921,20260921,SGBTR_71,SGBTR,71.0,% of one full steam-generator-B tube rupture,train,NPPAD_README_case_number
random,seed_20260921,20260921,RI_-18,RI,-18.0,% of rods inserted,train,NPPAD_README_case_number
random,seed_20260921,20260921,SGBTR_97,SGBTR,97.0,% of one full steam-generator-B tube rupture,train,NPPAD_README_case_number
random,seed_20260921,20260921,LOCA_45,LOCA,45.0,% of 100 cm2 hot-leg break,train,NPPAD_README_case_number
random,seed_20260921,20260921,FLB_58,FLB,58.0,% of 100 cm2 feedwater-line break,train,NPPAD_README_case_number
random,seed_20260921,20260921,SGATR_72,SGATR,72.0,% of one full steam-generator-A tube rupture,train,NPPAD_README_case_number
random,seed_20260921,20260921,SGBTR_79,SGBTR,79.0,% of one full steam-generator-B tube rupture,train,NPPAD_README_case_number
random,seed_20260921,20260921,LOCA_47,LOCA,47.0,% of 100 cm2 hot-leg break,train,NPPAD_README_case_number
random,seed_20260921,20260921,RI_-7,RI,-7.0,% of rods inserted,train,NPPAD_README_case_number
random,seed_20260921,20260921,FLB_44,FLB,44.0,% of 100 cm2 feedwater-line break,train,NPPAD_README_case_number
random,seed_20260921,20260921,FLB_77,FLB,77.0,% of 100 cm2 feedwater-line break,train,NPPAD_README_case_number
random,seed_20260921,20260921,SLBIC_19,SLBIC,19.0,% of 100 cm2 inside-containment steam-line break,train,NPPAD_README_case_number
random,seed_20260921,20260921,SLBIC_15,SLBIC,15.0,% of 100 cm2 inside-containment steam-line break,train,NPPAD_README_case_number
random,seed_20260921,20260921,SLBIC_95,SLBIC,95.0,% of 100 cm2 inside-containment steam-line break,train,NPPAD_README_case_number
random,seed_20260921,20260921,RI_-10,RI,-10.0,% of rods inserted,train,NPPAD_README_case_number
random,seed_20260921,20260921,LOCAC_65,LOCAC,65.0,% of 100 cm2 cold-leg break,train,NPPAD_README_case_number
random,seed_20260921,20260921,LR_84,LR,84.0,% of full load rejected,train,NPPAD_README_case_number
random,seed_20260921,20260921,SGATR_90,SGATR,90.0,% of one full steam-generator-A tube rupture,train,NPPAD_README_case_number
random,seed_20260921,20260921,FLB_6,FLB,6.0,% of 100 cm2 feedwater-line break,train,NPPAD_README_case_number
random,seed_20260921,20260921,LOCAC_46,LOCAC,46.0,% of 100 cm2 cold-leg break,train,NPPAD_README_case_number
random,seed_20260921,20260921,SGATR_85,SGATR,85.0,% of one full steam-generator-A tube rupture,train,NPPAD_README_case_number
random,seed_20260921,20260921,SGATR_73,SGATR,73.0,% of one full steam-generator-A tube rupture,train,NPPAD_README_case_number
random,seed_20260921,20260921,LOCA_50,LOCA,50.0,% of 100 cm2 hot-leg break,train,NPPAD_README_case_number
random,seed_20260921,20260921,SLBIC_32,SLBIC,32.0,% of 100 cm2 inside-containment steam-line break,train,NPPAD_README_case_number
random,seed_20260921,20260921,SGATR_99,SGATR,99.0,% of one full steam-generator-A tube rupture,train,NPPAD_README_case_number
random,seed_20260921,20260921,FLB_98,FLB,98.0,% of 100 cm2 feedwater-line break,train,NPPAD_README_case_number
random,seed_20260921,20260921,LOCA_58,LOCA,58.0,% of 100 cm2 hot-leg break,train,NPPAD_README_case_number
random,seed_20260921,20260921,FLB_61,FLB,61.0,% of 100 cm2 feedwater-line break,train,NPPAD_README_case_number
random,seed_20260921,20260921,FLB_71,FLB,71.0,% of 100 cm2 feedwater-line break,train,NPPAD_README_case_number
random,seed_20260921,20260921,LOCAC_2,LOCAC,2.0,% of 100 cm2 cold-leg break,train,NPPAD_README_case_number
random,seed_20260921,20260921,LOCA_18,LOCA,18.0,% of 100 cm2 hot-leg break,train,NPPAD_README_case_number
random,seed_20260921,20260921,SGATR_75,SGATR,75.0,% of one full steam-generator-A tube rupture,train,NPPAD_README_case_number
random,seed_20260921,20260921,LOCAC_44,LOCAC,44.0,% of 100 cm2 cold-leg break,train,NPPAD_README_case_number
random,seed_20260921,20260921,FLB_4,FLB,4.0,% of 100 cm2 feedwater-line break,train,NPPAD_README_case_number
random,seed_20260921,20260921,LOCA_53,LOCA,53.0,% of 100 cm2 hot-leg break,train,NPPAD_README_case_number
random,seed_20260921,20260921,FLB_69,FLB,69.0,% of 100 cm2 feedwater-line break,train,NPPAD_README_case_number
random,seed_20260921,20260921,LR_70,LR,70.0,% of full load rejected,train,NPPAD_README_case_number
random,seed_20260921,20260921,FLB_3,FLB,3.0,% of 100 cm2 feedwater-line break,train,NPPAD_README_case_number
random,seed_20260921,20260921,SLBIC_77,SLBIC,77.0,% of 100 cm2 inside-containment steam-line break,train,NPPAD_README_case_number
random,seed_20260921,20260921,FLB_78,FLB,78.0,% of 100 cm2 feedwater-line break,train,NPPAD_README_case_number
random,seed_20260921,20260921,LOCAC_38,LOCAC,38.0,% of 100 cm2 cold-leg break,train,NPPAD_README_case_number
random,seed_20260921,20260921,LOCA_29,LOCA,29.0,% of 100 cm2 hot-leg break,train,NPPAD_README_case_number
random,seed_20260921,20260921,RW_2,RW,2.0,% of rods withdrawn,train,NPPAD_README_case_number
random,seed_20260921,20260921,FLB_45,FLB,45.0,% of 100 cm2 feedwater-line break,train,NPPAD_README_case_number
random,seed_20260921,20260921,FLB_86,FLB,86.0,% of 100 cm2 feedwater-line break,train,NPPAD_README_case_number
random,seed_20260921,20260921,SGBTR_94,SGBTR,94.0,% of one full steam-generator-B tube rupture,train,NPPAD_README_case_number
random,seed_20260921,20260921,RI_-12,RI,-12.0,% of rods inserted,train,NPPAD_README_case_number
random,seed_20260921,20260921,SLBIC_92,SLBIC,92.0,% of 100 cm2 inside-containment steam-line break,train,NPPAD_README_case_number
random,seed_20260921,20260921,LOCAC_69,LOCAC,69.0,% of 100 cm2 cold-leg break,train,NPPAD_README_case_number
random,seed_20260921,20260921,LOCA_26,LOCA,26.0,% of 100 cm2 hot-leg break,train,NPPAD_README_case_number
random,seed_20260921,20260921,LOCAC_59,LOCAC,59.0,% of 100 cm2 cold-leg break,train,NPPAD_README_case_number
random,seed_20260921,20260921,LOCA_6,LOCA,6.0,% of 100 cm2 hot-leg break,train,NPPAD_README_case_number
random,seed_20260921,20260921,SLBIC_38,SLBIC,38.0,% of 100 cm2 inside-containment steam-line break,train,NPPAD_README_case_number
random,seed_20260921,20260921,SGBTR_66,SGBTR,66.0,% of one full steam-generator-B tube rupture,train,NPPAD_README_case_number
random,seed_20260921,20260921,FLB_19,FLB,19.0,% of 100 cm2 feedwater-line break,train,NPPAD_README_case_number
random,seed_20260921,20260921,LOCAC_17,LOCAC,17.0,% of 100 cm2 cold-leg break,train,NPPAD_README_case_number
random,seed_20260921,20260921,SLBIC_93,SLBIC,93.0,% of 100 cm2 inside-containment steam-line break,train,NPPAD_README_case_number
random,seed_20260921,20260921,LOCAC_49,LOCAC,49.0,% of 100 cm2 cold-leg break,train,NPPAD_README_case_number
random,seed_20260921,20260921,LOCA_71,LOCA,71.0,% of 100 cm2 hot-leg break,train,NPPAD_README_case_number
random,seed_20260921,20260921,FLB_27,FLB,27.0,% of 100 cm2 feedwater-line break,train,NPPAD_README_case_number
random,seed_20260921,20260921,LOCA_68,LOCA,68.0,% of 100 cm2 hot-leg break,train,NPPAD_README_case_number
random,seed_20260921,20260921,LOCA_24,LOCA,24.0,% of 100 cm2 hot-leg break,train,NPPAD_README_case_number
random,seed_20260921,20260921,LOCAC_28,LOCAC,28.0,% of 100 cm2 cold-leg break,train,NPPAD_README_case_number
random,seed_20260921,20260921,FLB_49,FLB,49.0,% of 100 cm2 feedwater-line break,train,NPPAD_README_case_number
random,seed_20260921,20260921,SLBIC_58,SLBIC,58.0,% of 100 cm2 inside-containment steam-line break,train,NPPAD_README_case_number
random,seed_20260921,20260921,LR_86,LR,86.0,% of full load rejected,train,NPPAD_README_case_number
random,seed_20260921,20260921,LOCAC_55,LOCAC,55.0,% of 100 cm2 cold-leg break,train,NPPAD_README_case_number
random,seed_20260921,20260921,SGATR_61,SGATR,61.0,% of one full steam-generator-A tube rupture,train,NPPAD_README_case_number
random,seed_20260921,20260921,LR_73,LR,73.0,% of full load rejected,train,NPPAD_README_case_number
random,seed_20260921,20260921,SGBTR_86,SGBTR,86.0,% of one full steam-generator-B tube rupture,train,NPPAD_README_case_number
random,seed_20260921,20260921,SLBIC_54,SLBIC,54.0,% of 100 cm2 inside-containment steam-line break,train,NPPAD_README_case_number
random,seed_20260921,20260921,FLB_84,FLB,84.0,% of 100 cm2 feedwater-line break,train,NPPAD_README_case_number
random,seed_20260921,20260921,SLBIC_52,SLBIC,52.0,% of 100 cm2 inside-containment steam-line break,validation,NPPAD_README_case_number
random,seed_20260921,20260921,FLB_57,FLB,57.0,% of 100 cm2 feedwater-line break,validation,NPPAD_README_case_number
random,seed_20260921,20260921,FLB_47,FLB,47.0,% of 100 cm2 feedwater-line break,validation,NPPAD_README_case_number
random,seed_20260921,20260921,LOCA_20,LOCA,20.0,% of 100 cm2 hot-leg break,validation,NPPAD_README_case_number
random,seed_20260921,20260921,FLB_39,FLB,39.0,% of 100 cm2 feedwater-line break,validation,NPPAD_README_case_number
random,seed_20260921,20260921,RI_-21,RI,-21.0,% of rods inserted,validation,NPPAD_README_case_number
random,seed_20260921,20260921,SGATR_87,SGATR,87.0,% of one full steam-generator-A tube rupture,validation,NPPAD_README_case_number
random,seed_20260921,20260921,RI_-22,RI,-22.0,% of rods inserted,validation,NPPAD_README_case_number
random,seed_20260921,20260921,RI_-5,RI,-5.0,% of rods inserted,validation,NPPAD_README_case_number
random,seed_20260921,20260921,FLB_73,FLB,73.0,% of 100 cm2 feedwater-line break,validation,NPPAD_README_case_number
random,seed_20260921,20260921,FLB_87,FLB,87.0,% of 100 cm2 feedwater-line break,validation,NPPAD_README_case_number
random,seed_20260921,20260921,RI_-15,RI,-15.0,% of rods inserted,validation,NPPAD_README_case_number
random,seed_20260921,20260921,LOCAC_73,LOCAC,73.0,% of 100 cm2 cold-leg break,validation,NPPAD_README_case_number
random,seed_20260921,20260921,LOCAC_4,LOCAC,4.0,% of 100 cm2 cold-leg break,validation,NPPAD_README_case_number
random,seed_20260921,20260921,FLB_42,FLB,42.0,% of 100 cm2 feedwater-line break,validation,NPPAD_README_case_number
random,seed_20260921,20260921,LOCAC_21,LOCAC,21.0,% of 100 cm2 cold-leg break,validation,NPPAD_README_case_number
random,seed_20260921,20260921,SLBIC_56,SLBIC,56.0,% of 100 cm2 inside-containment steam-line break,validation,NPPAD_README_case_number
random,seed_20260921,20260921,SLBIC_24,SLBIC,24.0,% of 100 cm2 inside-containment steam-line break,validation,NPPAD_README_case_number
random,seed_20260921,20260921,SGBTR_72,SGBTR,72.0,% of one full steam-generator-B tube rupture,validation,NPPAD_README_case_number
random,seed_20260921,20260921,LOCA_28,LOCA,28.0,% of 100 cm2 hot-leg break,validation,NPPAD_README_case_number
random,seed_20260921,20260921,LOCAC_13,LOCAC,13.0,% of 100 cm2 cold-leg break,validation,NPPAD_README_case_number
random,seed_20260921,20260921,SGATR_93,SGATR,93.0,% of one full steam-generator-A tube rupture,validation,NPPAD_README_case_number
random,seed_20260921,20260921,FLB_79,FLB,79.0,% of 100 cm2 feedwater-line break,validation,NPPAD_README_case_number
random,seed_20260921,20260921,SLBIC_69,SLBIC,69.0,% of 100 cm2 inside-containment steam-line break,validation,NPPAD_README_case_number
random,seed_20260921,20260921,LOCAC_41,LOCAC,41.0,% of 100 cm2 cold-leg break,validation,NPPAD_README_case_number
random,seed_20260921,20260921,SGATR_84,SGATR,84.0,% of one full steam-generator-A tube rupture,validation,NPPAD_README_case_number
random,seed_20260921,20260921,LR_71,LR,71.0,% of full load rejected,validation,NPPAD_README_case_number
random,seed_20260921,20260921,FLB_95,FLB,95.0,% of 100 cm2 feedwater-line break,validation,NPPAD_README_case_number
random,seed_20260921,20260921,SLBIC_40,SLBIC,40.0,% of 100 cm2 inside-containment steam-line break,validation,NPPAD_README_case_number
random,seed_20260921,20260921,LOCAC_62,LOCAC,62.0,% of 100 cm2 cold-leg break,validation,NPPAD_README_case_number
random,seed_20260921,20260921,SGBTR_70,SGBTR,70.0,% of one full steam-generator-B tube rupture,validation,NPPAD_README_case_number
random,seed_20260921,20260921,LOCAC_66,LOCAC,66.0,% of 100 cm2 cold-leg break,validation,NPPAD_README_case_number
random,seed_20260921,20260921,LOCAC_26,LOCAC,26.0,% of 100 cm2 cold-leg break,validation,NPPAD_README_case_number
random,seed_20260921,20260921,LOCA_13,LOCA,13.0,% of 100 cm2 hot-leg break,validation,NPPAD_README_case_number
random,seed_20260921,20260921,SGBTR_110,SGBTR,110.0,% of one full steam-generator-B tube rupture,validation,NPPAD_README_case_number
random,seed_20260921,20260921,SGBTR_98,SGBTR,98.0,% of one full steam-generator-B tube rupture,validation,NPPAD_README_case_number
random,seed_20260921,20260921,SGATR_95,SGATR,95.0,% of one full steam-generator-A tube rupture,validation,NPPAD_README_case_number
random,seed_20260921,20260921,SGBTR_74,SGBTR,74.0,% of one full steam-generator-B tube rupture,validation,NPPAD_README_case_number
random,seed_20260921,20260921,SGBTR_104,SGBTR,104.0,% of one full steam-generator-B tube rupture,validation,NPPAD_README_case_number
random,seed_20260921,20260921,SGATR_70,SGATR,70.0,% of one full steam-generator-A tube rupture,validation,NPPAD_README_case_number
random,seed_20260921,20260921,LOCA_67,LOCA,67.0,% of 100 cm2 hot-leg break,validation,NPPAD_README_case_number
random,seed_20260921,20260921,LOCAC_50,LOCAC,50.0,% of 100 cm2 cold-leg break,validation,NPPAD_README_case_number
random,seed_20260921,20260921,LOCAC_18,LOCAC,18.0,% of 100 cm2 cold-leg break,validation,NPPAD_README_case_number
random,seed_20260921,20260921,LOCA_1,LOCA,1.0,% of 100 cm2 hot-leg break,validation,NPPAD_README_case_number
random,seed_20260921,20260921,FLB_89,FLB,89.0,% of 100 cm2 feedwater-line break,validation,NPPAD_README_case_number
random,seed_20260921,20260921,LR_78,LR,78.0,% of full load rejected,validation,NPPAD_README_case_number
random,seed_20260921,20260921,RI_-6,RI,-6.0,% of rods inserted,validation,NPPAD_README_case_number
random,seed_20260921,20260921,FLB_18,FLB,18.0,% of 100 cm2 feedwater-line break,validation,NPPAD_README_case_number
random,seed_20260921,20260921,LR_75,LR,75.0,% of full load rejected,validation,NPPAD_README_case_number
random,seed_20260921,20260921,LOCAC_61,LOCAC,61.0,% of 100 cm2 cold-leg break,validation,NPPAD_README_case_number
random,seed_20260921,20260921,LR_99,LR,99.0,% of full load rejected,validation,NPPAD_README_case_number
random,seed_20260921,20260921,SLBIC_65,SLBIC,65.0,% of 100 cm2 inside-containment steam-line break,validation,NPPAD_README_case_number
random,seed_20260921,20260921,RI_-3,RI,-3.0,% of rods inserted,validation,NPPAD_README_case_number
random,seed_20260921,20260921,LOCA_39,LOCA,39.0,% of 100 cm2 hot-leg break,validation,NPPAD_README_case_number
random,seed_20260921,20260921,SLBIC_72,SLBIC,72.0,% of 100 cm2 inside-containment steam-line break,validation,NPPAD_README_case_number
random,seed_20260921,20260921,FLB_9,FLB,9.0,% of 100 cm2 feedwater-line break,validation,NPPAD_README_case_number
random,seed_20260921,20260921,LOCA_32,LOCA,32.0,% of 100 cm2 hot-leg break,validation,NPPAD_README_case_number
random,seed_20260921,20260921,FLB_64,FLB,64.0,% of 100 cm2 feedwater-line break,validation,NPPAD_README_case_number
random,seed_20260921,20260921,SLBIC_33,SLBIC,33.0,% of 100 cm2 inside-containment steam-line break,validation,NPPAD_README_case_number
random,seed_20260921,20260921,SGBTR_62,SGBTR,62.0,% of one full steam-generator-B tube rupture,validation,NPPAD_README_case_number
random,seed_20260921,20260921,LOCA_56,LOCA,56.0,% of 100 cm2 hot-leg break,validation,NPPAD_README_case_number
random,seed_20260921,20260921,LR_76,LR,76.0,% of full load rejected,validation,NPPAD_README_case_number
random,seed_20260921,20260921,LOCAC_40,LOCAC,40.0,% of 100 cm2 cold-leg break,validation,NPPAD_README_case_number
random,seed_20260921,20260921,LOCAC_57,LOCAC,57.0,% of 100 cm2 cold-leg break,validation,NPPAD_README_case_number
random,seed_20260921,20260921,LOCAC_43,LOCAC,43.0,% of 100 cm2 cold-leg break,validation,NPPAD_README_case_number
random,seed_20260921,20260921,LOCA_52,LOCA,52.0,% of 100 cm2 hot-leg break,validation,NPPAD_README_case_number
random,seed_20260921,20260921,SGATR_78,SGATR,78.0,% of one full steam-generator-A tube rupture,validation,NPPAD_README_case_number
random,seed_20260921,20260921,FLB_16,FLB,16.0,% of 100 cm2 feedwater-line break,validation,NPPAD_README_case_number
random,seed_20260921,20260921,LOCA_25,LOCA,25.0,% of 100 cm2 hot-leg break,validation,NPPAD_README_case_number
random,seed_20260921,20260921,SGBTR_58,SGBTR,58.0,% of one full steam-generator-B tube rupture,validation,NPPAD_README_case_number
random,seed_20260921,20260921,SLBIC_87,SLBIC,87.0,% of 100 cm2 inside-containment steam-line break,validation,NPPAD_README_case_number
random,seed_20260921,20260921,LOCA_17,LOCA,17.0,% of 100 cm2 hot-leg break,validation,NPPAD_README_case_number
random,seed_20260921,20260921,LOCA_10,LOCA,10.0,% of 100 cm2 hot-leg break,validation,NPPAD_README_case_number
random,seed_20260921,20260921,SLBIC_71,SLBIC,71.0,% of 100 cm2 inside-containment steam-line break,validation,NPPAD_README_case_number
random,seed_20260921,20260921,LOCAC_16,LOCAC,16.0,% of 100 cm2 cold-leg break,validation,NPPAD_README_case_number
random,seed_20260921,20260921,FLB_15,FLB,15.0,% of 100 cm2 feedwater-line break,validation,NPPAD_README_case_number
random,seed_20260921,20260921,LR_89,LR,89.0,% of full load rejected,validation,NPPAD_README_case_number
random,seed_20260921,20260921,SLBIC_101,SLBIC,101.0,% of 100 cm2 inside-containment steam-line break,validation,NPPAD_README_case_number
random,seed_20260921,20260921,SGBTR_102,SGBTR,102.0,% of one full steam-generator-B tube rupture,validation,NPPAD_README_case_number
random,seed_20260921,20260921,SGATR_88,SGATR,88.0,% of one full steam-generator-A tube rupture,validation,NPPAD_README_case_number
random,seed_20260921,20260921,SLBIC_89,SLBIC,89.0,% of 100 cm2 inside-containment steam-line break,validation,NPPAD_README_case_number
random,seed_20260921,20260921,SLBIC_79,SLBIC,79.0,% of 100 cm2 inside-containment steam-line break,validation,NPPAD_README_case_number
random,seed_20260921,20260921,FLB_23,FLB,23.0,% of 100 cm2 feedwater-line break,validation,NPPAD_README_case_number
random,seed_20260921,20260921,SGATR_58,SGATR,58.0,% of one full steam-generator-A tube rupture,validation,NPPAD_README_case_number
random,seed_20260921,20260921,SLBIC_91,SLBIC,91.0,% of 100 cm2 inside-containment steam-line break,validation,NPPAD_README_case_number
random,seed_20260921,20260921,SLBIC_97,SLBIC,97.0,% of 100 cm2 inside-containment steam-line break,validation,NPPAD_README_case_number
random,seed_20260921,20260921,RI_-17,RI,-17.0,% of rods inserted,validation,NPPAD_README_case_number
random,seed_20260921,20260921,SGBTR_78,SGBTR,78.0,% of one full steam-generator-B tube rupture,validation,NPPAD_README_case_number
random,seed_20260921,20260921,LOCA_63,LOCA,63.0,% of 100 cm2 hot-leg break,validation,NPPAD_README_case_number
random,seed_20260921,20260921,FLB_91,FLB,91.0,% of 100 cm2 feedwater-line break,validation,NPPAD_README_case_number
random,seed_20260921,20260921,FLB_29,FLB,29.0,% of 100 cm2 feedwater-line break,validation,NPPAD_README_case_number
random,seed_20260921,20260921,SGBTR_96,SGBTR,96.0,% of one full steam-generator-B tube rupture,validation,NPPAD_README_case_number
random,seed_20260921,20260921,LOCAC_58,LOCAC,58.0,% of 100 cm2 cold-leg break,validation,NPPAD_README_case_number
random,seed_20260921,20260921,SGATR_83,SGATR,83.0,% of one full steam-generator-A tube rupture,validation,NPPAD_README_case_number
random,seed_20260921,20260921,FLB_30,FLB,30.0,% of 100 cm2 feedwater-line break,validation,NPPAD_README_case_number
random,seed_20260921,20260921,FLB_2,FLB,2.0,% of 100 cm2 feedwater-line break,validation,NPPAD_README_case_number
random,seed_20260921,20260921,SLBIC_64,SLBIC,64.0,% of 100 cm2 inside-containment steam-line break,validation,NPPAD_README_case_number
random,seed_20260921,20260921,LOCA_22,LOCA,22.0,% of 100 cm2 hot-leg break,validation,NPPAD_README_case_number
random,seed_20260921,20260921,SLBIC_25,SLBIC,25.0,% of 100 cm2 inside-containment steam-line break,validation,NPPAD_README_case_number
random,seed_20260921,20260921,FLB_20,FLB,20.0,% of 100 cm2 feedwater-line break,validation,NPPAD_README_case_number
random,seed_20260921,20260921,LOCA_3,LOCA,3.0,% of 100 cm2 hot-leg break,validation,NPPAD_README_case_number
random,seed_20260921,20260921,SGBTR_57,SGBTR,57.0,% of one full steam-generator-B tube rupture,test,NPPAD_README_case_number
random,seed_20260921,20260921,LOCAC_33,LOCAC,33.0,% of 100 cm2 cold-leg break,test,NPPAD_README_case_number
random,seed_20260921,20260921,FLB_55,FLB,55.0,% of 100 cm2 feedwater-line break,test,NPPAD_README_case_number
random,seed_20260921,20260921,FLB_40,FLB,40.0,% of 100 cm2 feedwater-line break,test,NPPAD_README_case_number
random,seed_20260921,20260921,LOCAC_67,LOCAC,67.0,% of 100 cm2 cold-leg break,test,NPPAD_README_case_number
random,seed_20260921,20260921,LOCA_75,LOCA,75.0,% of 100 cm2 hot-leg break,test,NPPAD_README_case_number
random,seed_20260921,20260921,SLBIC_34,SLBIC,34.0,% of 100 cm2 inside-containment steam-line break,test,NPPAD_README_case_number
random,seed_20260921,20260921,FLB_12,FLB,12.0,% of 100 cm2 feedwater-line break,test,NPPAD_README_case_number
random,seed_20260921,20260921,LOCA_59,LOCA,59.0,% of 100 cm2 hot-leg break,test,NPPAD_README_case_number
random,seed_20260921,20260921,LR_93,LR,93.0,% of full load rejected,test,NPPAD_README_case_number
random,seed_20260921,20260921,LOCAC_20,LOCAC,20.0,% of 100 cm2 cold-leg break,test,NPPAD_README_case_number
random,seed_20260921,20260921,FLB_62,FLB,62.0,% of 100 cm2 feedwater-line break,test,NPPAD_README_case_number
random,seed_20260921,20260921,FLB_41,FLB,41.0,% of 100 cm2 feedwater-line break,test,NPPAD_README_case_number
random,seed_20260921,20260921,LOCAC_54,LOCAC,54.0,% of 100 cm2 cold-leg break,test,NPPAD_README_case_number
random,seed_20260921,20260921,FLB_14,FLB,14.0,% of 100 cm2 feedwater-line break,test,NPPAD_README_case_number
random,seed_20260921,20260921,SLBIC_42,SLBIC,42.0,% of 100 cm2 inside-containment steam-line break,test,NPPAD_README_case_number
random,seed_20260921,20260921,LOCAC_24,LOCAC,24.0,% of 100 cm2 cold-leg break,test,NPPAD_README_case_number
random,seed_20260921,20260921,SGBTR_83,SGBTR,83.0,% of one full steam-generator-B tube rupture,test,NPPAD_README_case_number
random,seed_20260921,20260921,LOCAC_19,LOCAC,19.0,% of 100 cm2 cold-leg break,test,NPPAD_README_case_number
random,seed_20260921,20260921,SGATR_79,SGATR,79.0,% of one full steam-generator-A tube rupture,test,NPPAD_README_case_number
random,seed_20260921,20260921,LOCA_40,LOCA,40.0,% of 100 cm2 hot-leg break,test,NPPAD_README_case_number
random,seed_20260921,20260921,SLBIC_37,SLBIC,37.0,% of 100 cm2 inside-containment steam-line break,test,NPPAD_README_case_number
random,seed_20260921,20260921,SGATR_82,SGATR,82.0,% of one full steam-generator-A tube rupture,test,NPPAD_README_case_number
random,seed_20260921,20260921,SGBTR_100,SGBTR,100.0,% of one full steam-generator-B tube rupture,test,NPPAD_README_case_number
random,seed_20260921,20260921,SLBIC_67,SLBIC,67.0,% of 100 cm2 inside-containment steam-line break,test,NPPAD_README_case_number
random,seed_20260921,20260921,SGBTR_85,SGBTR,85.0,% of one full steam-generator-B tube rupture,test,NPPAD_README_case_number
random,seed_20260921,20260921,SLBIC_66,SLBIC,66.0,% of 100 cm2 inside-containment steam-line break,test,NPPAD_README_case_number
random,seed_20260921,20260921,LOCA_42,LOCA,42.0,% of 100 cm2 hot-leg break,test,NPPAD_README_case_number
random,seed_20260921,20260921,LOCAC_71,LOCAC,71.0,% of 100 cm2 cold-leg break,test,NPPAD_README_case_number
random,seed_20260921,20260921,FLB_10,FLB,10.0,% of 100 cm2 feedwater-line break,test,NPPAD_README_case_number
random,seed_20260921,20260921,LOCAC_12,LOCAC,12.0,% of 100 cm2 cold-leg break,test,NPPAD_README_case_number
random,seed_20260921,20260921,SLBIC_18,SLBIC,18.0,% of 100 cm2 inside-containment steam-line break,test,NPPAD_README_case_number
random,seed_20260921,20260921,LOCA_19,LOCA,19.0,% of 100 cm2 hot-leg break,test,NPPAD_README_case_number
random,seed_20260921,20260921,LOCAC_53,LOCAC,53.0,% of 100 cm2 cold-leg break,test,NPPAD_README_case_number
random,seed_20260921,20260921,LOCAC_77,LOCAC,77.0,% of 100 cm2 cold-leg break,test,NPPAD_README_case_number
random,seed_20260921,20260921,FLB_52,FLB,52.0,% of 100 cm2 feedwater-line break,test,NPPAD_README_case_number
random,seed_20260921,20260921,SLBIC_16,SLBIC,16.0,% of 100 cm2 inside-containment steam-line break,test,NPPAD_README_case_number
random,seed_20260921,20260921,LOCAC_3,LOCAC,3.0,% of 100 cm2 cold-leg break,test,NPPAD_README_case_number
random,seed_20260921,20260921,LR_95,LR,95.0,% of full load rejected,test,NPPAD_README_case_number
random,seed_20260921,20260921,SGATR_57,SGATR,57.0,% of one full steam-generator-A tube rupture,test,NPPAD_README_case_number
random,seed_20260921,20260921,SGATR_92,SGATR,92.0,% of one full steam-generator-A tube rupture,test,NPPAD_README_case_number
random,seed_20260921,20260921,LOCA_77,LOCA,77.0,% of 100 cm2 hot-leg break,test,NPPAD_README_case_number
random,seed_20260921,20260921,SGBTR_95,SGBTR,95.0,% of one full steam-generator-B tube rupture,test,NPPAD_README_case_number
random,seed_20260921,20260921,SGBTR_59,SGBTR,59.0,% of one full steam-generator-B tube rupture,test,NPPAD_README_case_number
random,seed_20260921,20260921,FLB_72,FLB,72.0,% of 100 cm2 feedwater-line break,test,NPPAD_README_case_number
random,seed_20260921,20260921,LOCA_5,LOCA,5.0,% of 100 cm2 hot-leg break,test,NPPAD_README_case_number
random,seed_20260921,20260921,SLBIC_27,SLBIC,27.0,% of 100 cm2 inside-containment steam-line break,test,NPPAD_README_case_number
random,seed_20260921,20260921,LOCAC_39,LOCAC,39.0,% of 100 cm2 cold-leg break,test,NPPAD_README_case_number
random,seed_20260921,20260921,RI_-20,RI,-20.0,% of rods inserted,test,NPPAD_README_case_number
random,seed_20260921,20260921,SLBIC_68,SLBIC,68.0,% of 100 cm2 inside-containment steam-line break,test,NPPAD_README_case_number
random,seed_20260921,20260921,SGATR_68,SGATR,68.0,% of one full steam-generator-A tube rupture,test,NPPAD_README_case_number
random,seed_20260921,20260921,LR_80,LR,80.0,% of full load rejected,test,NPPAD_README_case_number
random,seed_20260921,20260921,LOCA_48,LOCA,48.0,% of 100 cm2 hot-leg break,test,NPPAD_README_case_number
random,seed_20260921,20260921,FLB_8,FLB,8.0,% of 100 cm2 feedwater-line break,test,NPPAD_README_case_number
random,seed_20260921,20260921,FLB_60,FLB,60.0,% of 100 cm2 feedwater-line break,test,NPPAD_README_case_number
random,seed_20260921,20260921,RI_-35,RI,-35.0,% of rods inserted,test,NPPAD_README_case_number
random,seed_20260921,20260921,LOCA_69,LOCA,69.0,% of 100 cm2 hot-leg break,test,NPPAD_README_case_number
random,seed_20260921,20260921,LOCAC_27,LOCAC,27.0,% of 100 cm2 cold-leg break,test,NPPAD_README_case_number
random,seed_20260921,20260921,FLB_83,FLB,83.0,% of 100 cm2 feedwater-line break,test,NPPAD_README_case_number
random,seed_20260921,20260921,SLBIC_63,SLBIC,63.0,% of 100 cm2 inside-containment steam-line break,test,NPPAD_README_case_number
random,seed_20260921,20260921,LOCAC_25,LOCAC,25.0,% of 100 cm2 cold-leg break,test,NPPAD_README_case_number
random,seed_20260921,20260921,FLB_63,FLB,63.0,% of 100 cm2 feedwater-line break,test,NPPAD_README_case_number
random,seed_20260921,20260921,LOCA_46,LOCA,46.0,% of 100 cm2 hot-leg break,test,NPPAD_README_case_number
random,seed_20260921,20260921,SGBTR_91,SGBTR,91.0,% of one full steam-generator-B tube rupture,test,NPPAD_README_case_number
random,seed_20260921,20260921,SLBIC_74,SLBIC,74.0,% of 100 cm2 inside-containment steam-line break,test,NPPAD_README_case_number
random,seed_20260921,20260921,LOCAC_31,LOCAC,31.0,% of 100 cm2 cold-leg break,test,NPPAD_README_case_number
random,seed_20260921,20260921,SLBIC_44,SLBIC,44.0,% of 100 cm2 inside-containment steam-line break,test,NPPAD_README_case_number
random,seed_20260921,20260921,SGBTR_81,SGBTR,81.0,% of one full steam-generator-B tube rupture,test,NPPAD_README_case_number
random,seed_20260921,20260921,FLB_38,FLB,38.0,% of 100 cm2 feedwater-line break,test,NPPAD_README_case_number
random,seed_20260921,20260921,LOCA_41,LOCA,41.0,% of 100 cm2 hot-leg break,test,NPPAD_README_case_number
random,seed_20260921,20260921,SGBTR_109,SGBTR,109.0,% of one full steam-generator-B tube rupture,test,NPPAD_README_case_number
random,seed_20260921,20260921,SGBTR_65,SGBTR,65.0,% of one full steam-generator-B tube rupture,test,NPPAD_README_case_number
random,seed_20260921,20260921,LOCA_16,LOCA,16.0,% of 100 cm2 hot-leg break,test,NPPAD_README_case_number
random,seed_20260921,20260921,LOCA_73,LOCA,73.0,% of 100 cm2 hot-leg break,test,NPPAD_README_case_number
random,seed_20260921,20260921,SGATR_76,SGATR,76.0,% of one full steam-generator-A tube rupture,test,NPPAD_README_case_number
random,seed_20260921,20260921,SGATR_97,SGATR,97.0,% of one full steam-generator-A tube rupture,test,NPPAD_README_case_number
random,seed_20260921,20260921,LR_79,LR,79.0,% of full load rejected,test,NPPAD_README_case_number
random,seed_20260921,20260921,FLB_81,FLB,81.0,% of 100 cm2 feedwater-line break,test,NPPAD_README_case_number
random,seed_20260921,20260921,SLBIC_22,SLBIC,22.0,% of 100 cm2 inside-containment steam-line break,test,NPPAD_README_case_number
random,seed_20260921,20260921,SGATR_77,SGATR,77.0,% of one full steam-generator-A tube rupture,test,NPPAD_README_case_number
random,seed_20260921,20260921,SGBTR_75,SGBTR,75.0,% of one full steam-generator-B tube rupture,test,NPPAD_README_case_number
random,seed_20260921,20260921,RI_-33,RI,-33.0,% of rods inserted,test,NPPAD_README_case_number
random,seed_20260921,20260921,LOCAC_9,LOCAC,9.0,% of 100 cm2 cold-leg break,test,NPPAD_README_case_number
random,seed_20260921,20260921,LOCA_70,LOCA,70.0,% of 100 cm2 hot-leg break,test,NPPAD_README_case_number
random,seed_20260921,20260921,RI_-29,RI,-29.0,% of rods inserted,test,NPPAD_README_case_number
random,seed_20260921,20260921,SGATR_67,SGATR,67.0,% of one full steam-generator-A tube rupture,test,NPPAD_README_case_number
random,seed_20260921,20260921,FLB_66,FLB,66.0,% of 100 cm2 feedwater-line break,test,NPPAD_README_case_number
random,seed_20260921,20260921,SLBIC_31,SLBIC,31.0,% of 100 cm2 inside-containment steam-line break,test,NPPAD_README_case_number
random,seed_20260921,20260921,RI_-34,RI,-34.0,% of rods inserted,test,NPPAD_README_case_number
random,seed_20260921,20260921,SLBIC_55,SLBIC,55.0,% of 100 cm2 inside-containment steam-line break,test,NPPAD_README_case_number
random,seed_20260921,20260921,SLBIC_35,SLBIC,35.0,% of 100 cm2 inside-containment steam-line break,test,NPPAD_README_case_number
random,seed_20260921,20260921,FLB_25,FLB,25.0,% of 100 cm2 feedwater-line break,test,NPPAD_README_case_number
random,seed_20260921,20260921,SLBIC_90,SLBIC,90.0,% of 100 cm2 inside-containment steam-line break,test,NPPAD_README_case_number
random,seed_20260921,20260921,RI_-4,RI,-4.0,% of rods inserted,test,NPPAD_README_case_number
random,seed_20260921,20260921,RI_-8,RI,-8.0,% of rods inserted,test,NPPAD_README_case_number
random,seed_20260921,20260921,LR_97,LR,97.0,% of full load rejected,test,NPPAD_README_case_number
random,seed_20260921,20260921,LOCA_23,LOCA,23.0,% of 100 cm2 hot-leg break,test,NPPAD_README_case_number
random,seed_20260921,20260921,FLB_85,FLB,85.0,% of 100 cm2 feedwater-line break,test,NPPAD_README_case_number
random,seed_20260921,20260921,SLBIC_57,SLBIC,57.0,% of 100 cm2 inside-containment steam-line break,test,NPPAD_README_case_number
random,seed_20260921,20260921,FLB_36,FLB,36.0,% of 100 cm2 feedwater-line break,test,NPPAD_README_case_number
random,seed_20260921,20260921,FLB_92,FLB,92.0,% of 100 cm2 feedwater-line break,test,NPPAD_README_case_number
random,seed_20261930,20261930,SGBTR_95,SGBTR,95.0,% of one full steam-generator-B tube rupture,train,NPPAD_README_case_number
random,seed_20261930,20261930,SGATR_91,SGATR,91.0,% of one full steam-generator-A tube rupture,train,NPPAD_README_case_number
random,seed_20261930,20261930,SLBIC_89,SLBIC,89.0,% of 100 cm2 inside-containment steam-line break,train,NPPAD_README_case_number
random,seed_20261930,20261930,FLB_91,FLB,91.0,% of 100 cm2 feedwater-line break,train,NPPAD_README_case_number
random,seed_20261930,20261930,SLBIC_15,SLBIC,15.0,% of 100 cm2 inside-containment steam-line break,train,NPPAD_README_case_number
random,seed_20261930,20261930,RI_-17,RI,-17.0,% of rods inserted,train,NPPAD_README_case_number
random,seed_20261930,20261930,SGBTR_62,SGBTR,62.0,% of one full steam-generator-B tube rupture,train,NPPAD_README_case_number
random,seed_20261930,20261930,SGATR_61,SGATR,61.0,% of one full steam-generator-A tube rupture,train,NPPAD_README_case_number
random,seed_20261930,20261930,LOCA_71,LOCA,71.0,% of 100 cm2 hot-leg break,train,NPPAD_README_case_number
random,seed_20261930,20261930,LOCA_32,LOCA,32.0,% of 100 cm2 hot-leg break,train,NPPAD_README_case_number
random,seed_20261930,20261930,SLBIC_28,SLBIC,28.0,% of 100 cm2 inside-containment steam-line break,train,NPPAD_README_case_number
random,seed_20261930,20261930,LOCAC_59,LOCAC,59.0,% of 100 cm2 cold-leg break,train,NPPAD_README_case_number
random,seed_20261930,20261930,LOCA_10,LOCA,10.0,% of 100 cm2 hot-leg break,train,NPPAD_README_case_number
random,seed_20261930,20261930,SGATR_95,SGATR,95.0,% of one full steam-generator-A tube rupture,train,NPPAD_README_case_number
random,seed_20261930,20261930,SGBTR_109,SGBTR,109.0,% of one full steam-generator-B tube rupture,train,NPPAD_README_case_number
random,seed_20261930,20261930,LOCA_57,LOCA,57.0,% of 100 cm2 hot-leg break,train,NPPAD_README_case_number
random,seed_20261930,20261930,FLB_39,FLB,39.0,% of 100 cm2 feedwater-line break,train,NPPAD_README_case_number
random,seed_20261930,20261930,SGBTR_69,SGBTR,69.0,% of one full steam-generator-B tube rupture,train,NPPAD_README_case_number
random,seed_20261930,20261930,LOCAC_42,LOCAC,42.0,% of 100 cm2 cold-leg break,train,NPPAD_README_case_number
random,seed_20261930,20261930,LOCAC_23,LOCAC,23.0,% of 100 cm2 cold-leg break,train,NPPAD_README_case_number
random,seed_20261930,20261930,LOCA_44,LOCA,44.0,% of 100 cm2 hot-leg break,train,NPPAD_README_case_number
random,seed_20261930,20261930,LR_71,LR,71.0,% of full load rejected,train,NPPAD_README_case_number
random,seed_20261930,20261930,SGATR_72,SGATR,72.0,% of one full steam-generator-A tube rupture,train,NPPAD_README_case_number
random,seed_20261930,20261930,LOCAC_34,LOCAC,34.0,% of 100 cm2 cold-leg break,train,NPPAD_README_case_number
random,seed_20261930,20261930,FLB_24,FLB,24.0,% of 100 cm2 feedwater-line break,train,NPPAD_README_case_number
random,seed_20261930,20261930,FLB_14,FLB,14.0,% of 100 cm2 feedwater-line break,train,NPPAD_README_case_number
random,seed_20261930,20261930,LOCAC_47,LOCAC,47.0,% of 100 cm2 cold-leg break,train,NPPAD_README_case_number
random,seed_20261930,20261930,LOCAC_37,LOCAC,37.0,% of 100 cm2 cold-leg break,train,NPPAD_README_case_number
random,seed_20261930,20261930,FLB_37,FLB,37.0,% of 100 cm2 feedwater-line break,train,NPPAD_README_case_number
random,seed_20261930,20261930,SGBTR_108,SGBTR,108.0,% of one full steam-generator-B tube rupture,train,NPPAD_README_case_number
random,seed_20261930,20261930,FLB_25,FLB,25.0,% of 100 cm2 feedwater-line break,train,NPPAD_README_case_number
random,seed_20261930,20261930,FLB_55,FLB,55.0,% of 100 cm2 feedwater-line break,train,NPPAD_README_case_number
random,seed_20261930,20261930,SLBIC_16,SLBIC,16.0,% of 100 cm2 inside-containment steam-line break,train,NPPAD_README_case_number
random,seed_20261930,20261930,FLB_88,FLB,88.0,% of 100 cm2 feedwater-line break,train,NPPAD_README_case_number
random,seed_20261930,20261930,FLB_4,FLB,4.0,% of 100 cm2 feedwater-line break,train,NPPAD_README_case_number
random,seed_20261930,20261930,SGATR_78,SGATR,78.0,% of one full steam-generator-A tube rupture,train,NPPAD_README_case_number
random,seed_20261930,20261930,RI_-5,RI,-5.0,% of rods inserted,train,NPPAD_README_case_number
random,seed_20261930,20261930,LOCAC_57,LOCAC,57.0,% of 100 cm2 cold-leg break,train,NPPAD_README_case_number
random,seed_20261930,20261930,SLBIC_60,SLBIC,60.0,% of 100 cm2 inside-containment steam-line break,train,NPPAD_README_case_number
random,seed_20261930,20261930,SGBTR_71,SGBTR,71.0,% of one full steam-generator-B tube rupture,train,NPPAD_README_case_number
random,seed_20261930,20261930,FLB_74,FLB,74.0,% of 100 cm2 feedwater-line break,train,NPPAD_README_case_number
random,seed_20261930,20261930,SLBIC_85,SLBIC,85.0,% of 100 cm2 inside-containment steam-line break,train,NPPAD_README_case_number
random,seed_20261930,20261930,RI_-21,RI,-21.0,% of rods inserted,train,NPPAD_README_case_number
random,seed_20261930,20261930,LOCAC_30,LOCAC,30.0,% of 100 cm2 cold-leg break,train,NPPAD_README_case_number
random,seed_20261930,20261930,LOCA_31,LOCA,31.0,% of 100 cm2 hot-leg break,train,NPPAD_README_case_number
random,seed_20261930,20261930,LOCAC_51,LOCAC,51.0,% of 100 cm2 cold-leg break,train,NPPAD_README_case_number
random,seed_20261930,20261930,LR_98,LR,98.0,% of full load rejected,train,NPPAD_README_case_number
random,seed_20261930,20261930,RW_1,RW,1.0,% of rods withdrawn,train,NPPAD_README_case_number
random,seed_20261930,20261930,SGATR_77,SGATR,77.0,% of one full steam-generator-A tube rupture,train,NPPAD_README_case_number
random,seed_20261930,20261930,LOCAC_38,LOCAC,38.0,% of 100 cm2 cold-leg break,train,NPPAD_README_case_number
random,seed_20261930,20261930,SGBTR_99,SGBTR,99.0,% of one full steam-generator-B tube rupture,train,NPPAD_README_case_number
random,seed_20261930,20261930,RI_-1,RI,-1.0,% of rods inserted,train,NPPAD_README_case_number
random,seed_20261930,20261930,FLB_80,FLB,80.0,% of 100 cm2 feedwater-line break,train,NPPAD_README_case_number
random,seed_20261930,20261930,LOCA_72,LOCA,72.0,% of 100 cm2 hot-leg break,train,NPPAD_README_case_number
random,seed_20261930,20261930,LOCA_68,LOCA,68.0,% of 100 cm2 hot-leg break,train,NPPAD_README_case_number
random,seed_20261930,20261930,SGATR_94,SGATR,94.0,% of one full steam-generator-A tube rupture,train,NPPAD_README_case_number
random,seed_20261930,20261930,FLB_98,FLB,98.0,% of 100 cm2 feedwater-line break,train,NPPAD_README_case_number
random,seed_20261930,20261930,FLB_26,FLB,26.0,% of 100 cm2 feedwater-line break,train,NPPAD_README_case_number
random,seed_20261930,20261930,LR_90,LR,90.0,% of full load rejected,train,NPPAD_README_case_number
random,seed_20261930,20261930,RI_-12,RI,-12.0,% of rods inserted,train,NPPAD_README_case_number
random,seed_20261930,20261930,LOCA_46,LOCA,46.0,% of 100 cm2 hot-leg break,train,NPPAD_README_case_number
random,seed_20261930,20261930,FLB_64,FLB,64.0,% of 100 cm2 feedwater-line break,train,NPPAD_README_case_number
random,seed_20261930,20261930,SLBIC_51,SLBIC,51.0,% of 100 cm2 inside-containment steam-line break,train,NPPAD_README_case_number
random,seed_20261930,20261930,LOCAC_56,LOCAC,56.0,% of 100 cm2 cold-leg break,train,NPPAD_README_case_number
random,seed_20261930,20261930,SGBTR_85,SGBTR,85.0,% of one full steam-generator-B tube rupture,train,NPPAD_README_case_number
random,seed_20261930,20261930,SLBIC_19,SLBIC,19.0,% of 100 cm2 inside-containment steam-line break,train,NPPAD_README_case_number
random,seed_20261930,20261930,LOCA_16,LOCA,16.0,% of 100 cm2 hot-leg break,train,NPPAD_README_case_number
random,seed_20261930,20261930,SLBIC_68,SLBIC,68.0,% of 100 cm2 inside-containment steam-line break,train,NPPAD_README_case_number
random,seed_20261930,20261930,LR_87,LR,87.0,% of full load rejected,train,NPPAD_README_case_number
random,seed_20261930,20261930,FLB_51,FLB,51.0,% of 100 cm2 feedwater-line break,train,NPPAD_README_case_number
random,seed_20261930,20261930,SLBIC_29,SLBIC,29.0,% of 100 cm2 inside-containment steam-line break,train,NPPAD_README_case_number
random,seed_20261930,20261930,LOCAC_68,LOCAC,68.0,% of 100 cm2 cold-leg break,train,NPPAD_README_case_number
random,seed_20261930,20261930,SGATR_71,SGATR,71.0,% of one full steam-generator-A tube rupture,train,NPPAD_README_case_number
random,seed_20261930,20261930,SGBTR_80,SGBTR,80.0,% of one full steam-generator-B tube rupture,train,NPPAD_README_case_number
random,seed_20261930,20261930,SGBTR_101,SGBTR,101.0,% of one full steam-generator-B tube rupture,train,NPPAD_README_case_number
random,seed_20261930,20261930,LOCAC_27,LOCAC,27.0,% of 100 cm2 cold-leg break,train,NPPAD_README_case_number
random,seed_20261930,20261930,FLB_16,FLB,16.0,% of 100 cm2 feedwater-line break,train,NPPAD_README_case_number
random,seed_20261930,20261930,LR_72,LR,72.0,% of full load rejected,train,NPPAD_README_case_number
random,seed_20261930,20261930,SLBIC_52,SLBIC,52.0,% of 100 cm2 inside-containment steam-line break,train,NPPAD_README_case_number
random,seed_20261930,20261930,SGATR_93,SGATR,93.0,% of one full steam-generator-A tube rupture,train,NPPAD_README_case_number
random,seed_20261930,20261930,SGATR_83,SGATR,83.0,% of one full steam-generator-A tube rupture,train,NPPAD_README_case_number
random,seed_20261930,20261930,LOCAC_61,LOCAC,61.0,% of 100 cm2 cold-leg break,train,NPPAD_README_case_number
random,seed_20261930,20261930,FLB_19,FLB,19.0,% of 100 cm2 feedwater-line break,train,NPPAD_README_case_number
random,seed_20261930,20261930,SGATR_63,SGATR,63.0,% of one full steam-generator-A tube rupture,train,NPPAD_README_case_number
random,seed_20261930,20261930,LR_75,LR,75.0,% of full load rejected,train,NPPAD_README_case_number
random,seed_20261930,20261930,LOCAC_15,LOCAC,15.0,% of 100 cm2 cold-leg break,train,NPPAD_README_case_number
random,seed_20261930,20261930,FLB_87,FLB,87.0,% of 100 cm2 feedwater-line break,train,NPPAD_README_case_number
random,seed_20261930,20261930,LOCAC_77,LOCAC,77.0,% of 100 cm2 cold-leg break,train,NPPAD_README_case_number
random,seed_20261930,20261930,FLB_65,FLB,65.0,% of 100 cm2 feedwater-line break,train,NPPAD_README_case_number
random,seed_20261930,20261930,FLB_53,FLB,53.0,% of 100 cm2 feedwater-line break,train,NPPAD_README_case_number
random,seed_20261930,20261930,LOCA_54,LOCA,54.0,% of 100 cm2 hot-leg break,train,NPPAD_README_case_number
random,seed_20261930,20261930,LOCA_25,LOCA,25.0,% of 100 cm2 hot-leg break,train,NPPAD_README_case_number
random,seed_20261930,20261930,SLBIC_22,SLBIC,22.0,% of 100 cm2 inside-containment steam-line break,train,NPPAD_README_case_number
random,seed_20261930,20261930,LOCAC_1,LOCAC,1.0,% of 100 cm2 cold-leg break,train,NPPAD_README_case_number
random,seed_20261930,20261930,SGBTR_91,SGBTR,91.0,% of one full steam-generator-B tube rupture,train,NPPAD_README_case_number
random,seed_20261930,20261930,RI_-13,RI,-13.0,% of rods inserted,train,NPPAD_README_case_number
random,seed_20261930,20261930,SLBIC_70,SLBIC,70.0,% of 100 cm2 inside-containment steam-line break,train,NPPAD_README_case_number
random,seed_20261930,20261930,FLB_81,FLB,81.0,% of 100 cm2 feedwater-line break,train,NPPAD_README_case_number
random,seed_20261930,20261930,SLBIC_63,SLBIC,63.0,% of 100 cm2 inside-containment steam-line break,train,NPPAD_README_case_number
random,seed_20261930,20261930,LOCA_75,LOCA,75.0,% of 100 cm2 hot-leg break,train,NPPAD_README_case_number
random,seed_20261930,20261930,SGBTR_88,SGBTR,88.0,% of one full steam-generator-B tube rupture,train,NPPAD_README_case_number
random,seed_20261930,20261930,SLBIC_94,SLBIC,94.0,% of 100 cm2 inside-containment steam-line break,train,NPPAD_README_case_number
random,seed_20261930,20261930,RI_-30,RI,-30.0,% of rods inserted,train,NPPAD_README_case_number
random,seed_20261930,20261930,SGATR_87,SGATR,87.0,% of one full steam-generator-A tube rupture,train,NPPAD_README_case_number
random,seed_20261930,20261930,SLBIC_49,SLBIC,49.0,% of 100 cm2 inside-containment steam-line break,train,NPPAD_README_case_number
random,seed_20261930,20261930,FLB_22,FLB,22.0,% of 100 cm2 feedwater-line break,train,NPPAD_README_case_number
random,seed_20261930,20261930,FLB_8,FLB,8.0,% of 100 cm2 feedwater-line break,train,NPPAD_README_case_number
random,seed_20261930,20261930,LR_76,LR,76.0,% of full load rejected,train,NPPAD_README_case_number
random,seed_20261930,20261930,FLB_40,FLB,40.0,% of 100 cm2 feedwater-line break,train,NPPAD_README_case_number
random,seed_20261930,20261930,FLB_21,FLB,21.0,% of 100 cm2 feedwater-line break,train,NPPAD_README_case_number
random,seed_20261930,20261930,LOCAC_33,LOCAC,33.0,% of 100 cm2 cold-leg break,train,NPPAD_README_case_number
random,seed_20261930,20261930,LOCAC_79,LOCAC,79.0,% of 100 cm2 cold-leg break,train,NPPAD_README_case_number
random,seed_20261930,20261930,FLB_83,FLB,83.0,% of 100 cm2 feedwater-line break,train,NPPAD_README_case_number
random,seed_20261930,20261930,LOCAC_55,LOCAC,55.0,% of 100 cm2 cold-leg break,train,NPPAD_README_case_number
random,seed_20261930,20261930,FLB_73,FLB,73.0,% of 100 cm2 feedwater-line break,train,NPPAD_README_case_number
random,seed_20261930,20261930,RI_-22,RI,-22.0,% of rods inserted,train,NPPAD_README_case_number
random,seed_20261930,20261930,FLB_41,FLB,41.0,% of 100 cm2 feedwater-line break,train,NPPAD_README_case_number
random,seed_20261930,20261930,SLBIC_67,SLBIC,67.0,% of 100 cm2 inside-containment steam-line break,train,NPPAD_README_case_number
random,seed_20261930,20261930,LR_77,LR,77.0,% of full load rejected,train,NPPAD_README_case_number
random,seed_20261930,20261930,SLBIC_41,SLBIC,41.0,% of 100 cm2 inside-containment steam-line break,train,NPPAD_README_case_number
random,seed_20261930,20261930,SGATR_79,SGATR,79.0,% of one full steam-generator-A tube rupture,train,NPPAD_README_case_number
random,seed_20261930,20261930,SLBIC_23,SLBIC,23.0,% of 100 cm2 inside-containment steam-line break,train,NPPAD_README_case_number
random,seed_20261930,20261930,FLB_18,FLB,18.0,% of 100 cm2 feedwater-line break,train,NPPAD_README_case_number
random,seed_20261930,20261930,SLBIC_82,SLBIC,82.0,% of 100 cm2 inside-containment steam-line break,train,NPPAD_README_case_number
random,seed_20261930,20261930,SLBIC_34,SLBIC,34.0,% of 100 cm2 inside-containment steam-line break,train,NPPAD_README_case_number
random,seed_20261930,20261930,SGBTR_110,SGBTR,110.0,% of one full steam-generator-B tube rupture,train,NPPAD_README_case_number
random,seed_20261930,20261930,FLB_63,FLB,63.0,% of 100 cm2 feedwater-line break,train,NPPAD_README_case_number
random,seed_20261930,20261930,LOCA_66,LOCA,66.0,% of 100 cm2 hot-leg break,train,NPPAD_README_case_number
random,seed_20261930,20261930,SLBIC_30,SLBIC,30.0,% of 100 cm2 inside-containment steam-line break,train,NPPAD_README_case_number
random,seed_20261930,20261930,SGBTR_59,SGBTR,59.0,% of one full steam-generator-B tube rupture,train,NPPAD_README_case_number
random,seed_20261930,20261930,SLBIC_74,SLBIC,74.0,% of 100 cm2 inside-containment steam-line break,train,NPPAD_README_case_number
random,seed_20261930,20261930,LOCAC_31,LOCAC,31.0,% of 100 cm2 cold-leg break,train,NPPAD_README_case_number
random,seed_20261930,20261930,SGBTR_61,SGBTR,61.0,% of one full steam-generator-B tube rupture,train,NPPAD_README_case_number
random,seed_20261930,20261930,SLBIC_54,SLBIC,54.0,% of 100 cm2 inside-containment steam-line break,train,NPPAD_README_case_number
random,seed_20261930,20261930,RI_-29,RI,-29.0,% of rods inserted,train,NPPAD_README_case_number
random,seed_20261930,20261930,LOCA_69,LOCA,69.0,% of 100 cm2 hot-leg break,train,NPPAD_README_case_number
random,seed_20261930,20261930,SGBTR_104,SGBTR,104.0,% of one full steam-generator-B tube rupture,train,NPPAD_README_case_number
random,seed_20261930,20261930,FLB_27,FLB,27.0,% of 100 cm2 feedwater-line break,train,NPPAD_README_case_number
random,seed_20261930,20261930,SLBIC_80,SLBIC,80.0,% of 100 cm2 inside-containment steam-line break,train,NPPAD_README_case_number
random,seed_20261930,20261930,LOCAC_25,LOCAC,25.0,% of 100 cm2 cold-leg break,train,NPPAD_README_case_number
random,seed_20261930,20261930,SLBIC_45,SLBIC,45.0,% of 100 cm2 inside-containment steam-line break,train,NPPAD_README_case_number
random,seed_20261930,20261930,SGATR_82,SGATR,82.0,% of one full steam-generator-A tube rupture,train,NPPAD_README_case_number
random,seed_20261930,20261930,SGATR_67,SGATR,67.0,% of one full steam-generator-A tube rupture,train,NPPAD_README_case_number
random,seed_20261930,20261930,SGBTR_74,SGBTR,74.0,% of one full steam-generator-B tube rupture,train,NPPAD_README_case_number
random,seed_20261930,20261930,SGBTR_92,SGBTR,92.0,% of one full steam-generator-B tube rupture,train,NPPAD_README_case_number
random,seed_20261930,20261930,LOCAC_32,LOCAC,32.0,% of 100 cm2 cold-leg break,train,NPPAD_README_case_number
random,seed_20261930,20261930,LR_80,LR,80.0,% of full load rejected,train,NPPAD_README_case_number
random,seed_20261930,20261930,SGBTR_77,SGBTR,77.0,% of one full steam-generator-B tube rupture,train,NPPAD_README_case_number
random,seed_20261930,20261930,FLB_11,FLB,11.0,% of 100 cm2 feedwater-line break,train,NPPAD_README_case_number
random,seed_20261930,20261930,SLBIC_76,SLBIC,76.0,% of 100 cm2 inside-containment steam-line break,train,NPPAD_README_case_number
random,seed_20261930,20261930,SGATR_92,SGATR,92.0,% of one full steam-generator-A tube rupture,train,NPPAD_README_case_number
random,seed_20261930,20261930,LR_82,LR,82.0,% of full load rejected,train,NPPAD_README_case_number
random,seed_20261930,20261930,LOCAC_41,LOCAC,41.0,% of 100 cm2 cold-leg break,train,NPPAD_README_case_number
random,seed_20261930,20261930,LOCA_48,LOCA,48.0,% of 100 cm2 hot-leg break,train,NPPAD_README_case_number
random,seed_20261930,20261930,LOCAC_19,LOCAC,19.0,% of 100 cm2 cold-leg break,train,NPPAD_README_case_number
random,seed_20261930,20261930,LR_84,LR,84.0,% of full load rejected,train,NPPAD_README_case_number
random,seed_20261930,20261930,FLB_46,FLB,46.0,% of 100 cm2 feedwater-line break,train,NPPAD_README_case_number
random,seed_20261930,20261930,SLBIC_18,SLBIC,18.0,% of 100 cm2 inside-containment steam-line break,train,NPPAD_README_case_number
random,seed_20261930,20261930,LR_70,LR,70.0,% of full load rejected,train,NPPAD_README_case_number
random,seed_20261930,20261930,LR_83,LR,83.0,% of full load rejected,train,NPPAD_README_case_number
random,seed_20261930,20261930,LOCA_58,LOCA,58.0,% of 100 cm2 hot-leg break,train,NPPAD_README_case_number
random,seed_20261930,20261930,LOCA_49,LOCA,49.0,% of 100 cm2 hot-leg break,train,NPPAD_README_case_number
random,seed_20261930,20261930,FLB_61,FLB,61.0,% of 100 cm2 feedwater-line break,train,NPPAD_README_case_number
random,seed_20261930,20261930,LOCAC_73,LOCAC,73.0,% of 100 cm2 cold-leg break,train,NPPAD_README_case_number
random,seed_20261930,20261930,SLBIC_58,SLBIC,58.0,% of 100 cm2 inside-containment steam-line break,train,NPPAD_README_case_number
random,seed_20261930,20261930,RI_-27,RI,-27.0,% of rods inserted,train,NPPAD_README_case_number
random,seed_20261930,20261930,LOCA_40,LOCA,40.0,% of 100 cm2 hot-leg break,train,NPPAD_README_case_number
random,seed_20261930,20261930,SLBIC_65,SLBIC,65.0,% of 100 cm2 inside-containment steam-line break,train,NPPAD_README_case_number
random,seed_20261930,20261930,SGATR_85,SGATR,85.0,% of one full steam-generator-A tube rupture,train,NPPAD_README_case_number
random,seed_20261930,20261930,LOCAC_78,LOCAC,78.0,% of 100 cm2 cold-leg break,train,NPPAD_README_case_number
random,seed_20261930,20261930,LOCA_2,LOCA,2.0,% of 100 cm2 hot-leg break,train,NPPAD_README_case_number
random,seed_20261930,20261930,LOCA_36,LOCA,36.0,% of 100 cm2 hot-leg break,train,NPPAD_README_case_number
random,seed_20261930,20261930,RI_-20,RI,-20.0,% of rods inserted,train,NPPAD_README_case_number
random,seed_20261930,20261930,SGBTR_98,SGBTR,98.0,% of one full steam-generator-B tube rupture,train,NPPAD_README_case_number
random,seed_20261930,20261930,LOCA_74,LOCA,74.0,% of 100 cm2 hot-leg break,train,NPPAD_README_case_number
random,seed_20261930,20261930,LOCAC_76,LOCAC,76.0,% of 100 cm2 cold-leg break,train,NPPAD_README_case_number
random,seed_20261930,20261930,FLB_43,FLB,43.0,% of 100 cm2 feedwater-line break,train,NPPAD_README_case_number
random,seed_20261930,20261930,LOCAC_53,LOCAC,53.0,% of 100 cm2 cold-leg break,train,NPPAD_README_case_number
random,seed_20261930,20261930,SGBTR_86,SGBTR,86.0,% of one full steam-generator-B tube rupture,train,NPPAD_README_case_number
random,seed_20261930,20261930,LOCA_4,LOCA,4.0,% of 100 cm2 hot-leg break,train,NPPAD_README_case_number
random,seed_20261930,20261930,LOCA_20,LOCA,20.0,% of 100 cm2 hot-leg break,train,NPPAD_README_case_number
random,seed_20261930,20261930,SLBIC_100,SLBIC,100.0,% of 100 cm2 inside-containment steam-line break,train,NPPAD_README_case_number
random,seed_20261930,20261930,SGBTR_65,SGBTR,65.0,% of one full steam-generator-B tube rupture,train,NPPAD_README_case_number
random,seed_20261930,20261930,SLBIC_36,SLBIC,36.0,% of 100 cm2 inside-containment steam-line break,train,NPPAD_README_case_number
random,seed_20261930,20261930,SGATR_58,SGATR,58.0,% of one full steam-generator-A tube rupture,train,NPPAD_README_case_number
random,seed_20261930,20261930,SGATR_73,SGATR,73.0,% of one full steam-generator-A tube rupture,train,NPPAD_README_case_number
random,seed_20261930,20261930,LOCAC_21,LOCAC,21.0,% of 100 cm2 cold-leg break,train,NPPAD_README_case_number
random,seed_20261930,20261930,SLBIC_83,SLBIC,83.0,% of 100 cm2 inside-containment steam-line break,train,NPPAD_README_case_number
random,seed_20261930,20261930,RI_-19,RI,-19.0,% of rods inserted,train,NPPAD_README_case_number
random,seed_20261930,20261930,SGBTR_72,SGBTR,72.0,% of one full steam-generator-B tube rupture,train,NPPAD_README_case_number
random,seed_20261930,20261930,FLB_2,FLB,2.0,% of 100 cm2 feedwater-line break,train,NPPAD_README_case_number
random,seed_20261930,20261930,FLB_32,FLB,32.0,% of 100 cm2 feedwater-line break,train,NPPAD_README_case_number
random,seed_20261930,20261930,SLBIC_77,SLBIC,77.0,% of 100 cm2 inside-containment steam-line break,train,NPPAD_README_case_number
random,seed_20261930,20261930,LOCA_55,LOCA,55.0,% of 100 cm2 hot-leg break,train,NPPAD_README_case_number
random,seed_20261930,20261930,LOCA_65,LOCA,65.0,% of 100 cm2 hot-leg break,train,NPPAD_README_case_number
random,seed_20261930,20261930,FLB_79,FLB,79.0,% of 100 cm2 feedwater-line break,train,NPPAD_README_case_number
random,seed_20261930,20261930,LOCAC_66,LOCAC,66.0,% of 100 cm2 cold-leg break,train,NPPAD_README_case_number
random,seed_20261930,20261930,LOCA_28,LOCA,28.0,% of 100 cm2 hot-leg break,train,NPPAD_README_case_number
random,seed_20261930,20261930,LOCAC_45,LOCAC,45.0,% of 100 cm2 cold-leg break,train,NPPAD_README_case_number
random,seed_20261930,20261930,SLBIC_61,SLBIC,61.0,% of 100 cm2 inside-containment steam-line break,train,NPPAD_README_case_number
random,seed_20261930,20261930,RI_-25,RI,-25.0,% of rods inserted,train,NPPAD_README_case_number
random,seed_20261930,20261930,SGBTR_106,SGBTR,106.0,% of one full steam-generator-B tube rupture,train,NPPAD_README_case_number
random,seed_20261930,20261930,SGBTR_96,SGBTR,96.0,% of one full steam-generator-B tube rupture,train,NPPAD_README_case_number
random,seed_20261930,20261930,LOCA_17,LOCA,17.0,% of 100 cm2 hot-leg break,train,NPPAD_README_case_number
random,seed_20261930,20261930,LOCA_26,LOCA,26.0,% of 100 cm2 hot-leg break,train,NPPAD_README_case_number
random,seed_20261930,20261930,RI_-16,RI,-16.0,% of rods inserted,train,NPPAD_README_case_number
random,seed_20261930,20261930,SGATR_89,SGATR,89.0,% of one full steam-generator-A tube rupture,train,NPPAD_README_case_number
random,seed_20261930,20261930,LOCA_70,LOCA,70.0,% of 100 cm2 hot-leg break,train,NPPAD_README_case_number
random,seed_20261930,20261930,LOCA_21,LOCA,21.0,% of 100 cm2 hot-leg break,train,NPPAD_README_case_number
random,seed_20261930,20261930,SGBTR_97,SGBTR,97.0,% of one full steam-generator-B tube rupture,train,NPPAD_README_case_number
random,seed_20261930,20261930,LOCA_29,LOCA,29.0,% of 100 cm2 hot-leg break,train,NPPAD_README_case_number
random,seed_20261930,20261930,LOCAC_65,LOCAC,65.0,% of 100 cm2 cold-leg break,train,NPPAD_README_case_number
random,seed_20261930,20261930,LR_97,LR,97.0,% of full load rejected,train,NPPAD_README_case_number
random,seed_20261930,20261930,RI_-4,RI,-4.0,% of rods inserted,train,NPPAD_README_case_number
random,seed_20261930,20261930,FLB_90,FLB,90.0,% of 100 cm2 feedwater-line break,train,NPPAD_README_case_number
random,seed_20261930,20261930,LOCA_56,LOCA,56.0,% of 100 cm2 hot-leg break,train,NPPAD_README_case_number
random,seed_20261930,20261930,FLB_28,FLB,28.0,% of 100 cm2 feedwater-line break,train,NPPAD_README_case_number
random,seed_20261930,20261930,FLB_99,FLB,99.0,% of 100 cm2 feedwater-line break,train,NPPAD_README_case_number
random,seed_20261930,20261930,LOCAC_29,LOCAC,29.0,% of 100 cm2 cold-leg break,train,NPPAD_README_case_number
random,seed_20261930,20261930,SLBIC_101,SLBIC,101.0,% of 100 cm2 inside-containment steam-line break,train,NPPAD_README_case_number
random,seed_20261930,20261930,LOCAC_67,LOCAC,67.0,% of 100 cm2 cold-leg break,train,NPPAD_README_case_number
random,seed_20261930,20261930,LOCAC_14,LOCAC,14.0,% of 100 cm2 cold-leg break,train,NPPAD_README_case_number
random,seed_20261930,20261930,LOCAC_50,LOCAC,50.0,% of 100 cm2 cold-leg break,train,NPPAD_README_case_number
random,seed_20261930,20261930,LR_78,LR,78.0,% of full load rejected,train,NPPAD_README_case_number
random,seed_20261930,20261930,LOCA_24,LOCA,24.0,% of 100 cm2 hot-leg break,train,NPPAD_README_case_number
random,seed_20261930,20261930,RI_-7,RI,-7.0,% of rods inserted,train,NPPAD_README_case_number
random,seed_20261930,20261930,LOCA_30,LOCA,30.0,% of 100 cm2 hot-leg break,train,NPPAD_README_case_number
random,seed_20261930,20261930,SLBIC_27,SLBIC,27.0,% of 100 cm2 inside-containment steam-line break,train,NPPAD_README_case_number
random,seed_20261930,20261930,RI_-11,RI,-11.0,% of rods inserted,train,NPPAD_README_case_number
random,seed_20261930,20261930,SLBIC_26,SLBIC,26.0,% of 100 cm2 inside-containment steam-line break,train,NPPAD_README_case_number
random,seed_20261930,20261930,LOCA_77,LOCA,77.0,% of 100 cm2 hot-leg break,train,NPPAD_README_case_number
random,seed_20261930,20261930,SGATR_75,SGATR,75.0,% of one full steam-generator-A tube rupture,train,NPPAD_README_case_number
random,seed_20261930,20261930,RI_-8,RI,-8.0,% of rods inserted,train,NPPAD_README_case_number
random,seed_20261930,20261930,LOCA_76,LOCA,76.0,% of 100 cm2 hot-leg break,train,NPPAD_README_case_number
random,seed_20261930,20261930,FLB_89,FLB,89.0,% of 100 cm2 feedwater-line break,train,NPPAD_README_case_number
random,seed_20261930,20261930,SLBIC_97,SLBIC,97.0,% of 100 cm2 inside-containment steam-line break,train,NPPAD_README_case_number
random,seed_20261930,20261930,FLB_31,FLB,31.0,% of 100 cm2 feedwater-line break,train,NPPAD_README_case_number
random,seed_20261930,20261930,FLB_85,FLB,85.0,% of 100 cm2 feedwater-line break,train,NPPAD_README_case_number
random,seed_20261930,20261930,LOCA_23,LOCA,23.0,% of 100 cm2 hot-leg break,train,NPPAD_README_case_number
random,seed_20261930,20261930,SLBIC_24,SLBIC,24.0,% of 100 cm2 inside-containment steam-line break,train,NPPAD_README_case_number
random,seed_20261930,20261930,SGATR_90,SGATR,90.0,% of one full steam-generator-A tube rupture,train,NPPAD_README_case_number
random,seed_20261930,20261930,LOCA_14,LOCA,14.0,% of 100 cm2 hot-leg break,train,NPPAD_README_case_number
random,seed_20261930,20261930,SGBTR_78,SGBTR,78.0,% of one full steam-generator-B tube rupture,train,NPPAD_README_case_number
random,seed_20261930,20261930,SLBIC_20,SLBIC,20.0,% of 100 cm2 inside-containment steam-line break,train,NPPAD_README_case_number
random,seed_20261930,20261930,LOCAC_2,LOCAC,2.0,% of 100 cm2 cold-leg break,train,NPPAD_README_case_number
random,seed_20261930,20261930,SLBIC_21,SLBIC,21.0,% of 100 cm2 inside-containment steam-line break,train,NPPAD_README_case_number
random,seed_20261930,20261930,RW_2,RW,2.0,% of rods withdrawn,train,NPPAD_README_case_number
random,seed_20261930,20261930,LOCAC_72,LOCAC,72.0,% of 100 cm2 cold-leg break,train,NPPAD_README_case_number
random,seed_20261930,20261930,LOCA_11,LOCA,11.0,% of 100 cm2 hot-leg break,train,NPPAD_README_case_number
random,seed_20261930,20261930,FLB_69,FLB,69.0,% of 100 cm2 feedwater-line break,train,NPPAD_README_case_number
random,seed_20261930,20261930,RI_-28,RI,-28.0,% of rods inserted,train,NPPAD_README_case_number
random,seed_20261930,20261930,LOCAC_40,LOCAC,40.0,% of 100 cm2 cold-leg break,train,NPPAD_README_case_number
random,seed_20261930,20261930,SGBTR_73,SGBTR,73.0,% of one full steam-generator-B tube rupture,train,NPPAD_README_case_number
random,seed_20261930,20261930,FLB_95,FLB,95.0,% of 100 cm2 feedwater-line break,train,NPPAD_README_case_number
random,seed_20261930,20261930,SGBTR_60,SGBTR,60.0,% of one full steam-generator-B tube rupture,train,NPPAD_README_case_number
random,seed_20261930,20261930,RI_-26,RI,-26.0,% of rods inserted,train,NPPAD_README_case_number
random,seed_20261930,20261930,LOCAC_71,LOCAC,71.0,% of 100 cm2 cold-leg break,train,NPPAD_README_case_number
random,seed_20261930,20261930,SLBIC_64,SLBIC,64.0,% of 100 cm2 inside-containment steam-line break,train,NPPAD_README_case_number
random,seed_20261930,20261930,FLB_12,FLB,12.0,% of 100 cm2 feedwater-line break,train,NPPAD_README_case_number
random,seed_20261930,20261930,LOCA_7,LOCA,7.0,% of 100 cm2 hot-leg break,train,NPPAD_README_case_number
random,seed_20261930,20261930,LOCA_27,LOCA,27.0,% of 100 cm2 hot-leg break,train,NPPAD_README_case_number
random,seed_20261930,20261930,LR_95,LR,95.0,% of full load rejected,train,NPPAD_README_case_number
random,seed_20261930,20261930,SLBIC_17,SLBIC,17.0,% of 100 cm2 inside-containment steam-line break,train,NPPAD_README_case_number
random,seed_20261930,20261930,FLB_72,FLB,72.0,% of 100 cm2 feedwater-line break,train,NPPAD_README_case_number
random,seed_20261930,20261930,LR_81,LR,81.0,% of full load rejected,train,NPPAD_README_case_number
random,seed_20261930,20261930,SLBIC_42,SLBIC,42.0,% of 100 cm2 inside-containment steam-line break,train,NPPAD_README_case_number
random,seed_20261930,20261930,FLB_86,FLB,86.0,% of 100 cm2 feedwater-line break,train,NPPAD_README_case_number
random,seed_20261930,20261930,FLB_67,FLB,67.0,% of 100 cm2 feedwater-line break,train,NPPAD_README_case_number
random,seed_20261930,20261930,SLBIC_44,SLBIC,44.0,% of 100 cm2 inside-containment steam-line break,train,NPPAD_README_case_number
random,seed_20261930,20261930,SGBTR_79,SGBTR,79.0,% of one full steam-generator-B tube rupture,train,NPPAD_README_case_number
random,seed_20261930,20261930,FLB_54,FLB,54.0,% of 100 cm2 feedwater-line break,train,NPPAD_README_case_number
random,seed_20261930,20261930,LOCAC_43,LOCAC,43.0,% of 100 cm2 cold-leg break,train,NPPAD_README_case_number
random,seed_20261930,20261930,FLB_94,FLB,94.0,% of 100 cm2 feedwater-line break,train,NPPAD_README_case_number
random,seed_20261930,20261930,FLB_50,FLB,50.0,% of 100 cm2 feedwater-line break,train,NPPAD_README_case_number
random,seed_20261930,20261930,SLBIC_57,SLBIC,57.0,% of 100 cm2 inside-containment steam-line break,train,NPPAD_README_case_number
random,seed_20261930,20261930,LOCA_5,LOCA,5.0,% of 100 cm2 hot-leg break,train,NPPAD_README_case_number
random,seed_20261930,20261930,FLB_96,FLB,96.0,% of 100 cm2 feedwater-line break,train,NPPAD_README_case_number
random,seed_20261930,20261930,SGBTR_83,SGBTR,83.0,% of one full steam-generator-B tube rupture,train,NPPAD_README_case_number
random,seed_20261930,20261930,SGATR_66,SGATR,66.0,% of one full steam-generator-A tube rupture,train,NPPAD_README_case_number
random,seed_20261930,20261930,LOCA_41,LOCA,41.0,% of 100 cm2 hot-leg break,train,NPPAD_README_case_number
random,seed_20261930,20261930,LR_79,LR,79.0,% of full load rejected,train,NPPAD_README_case_number
random,seed_20261930,20261930,SLBIC_99,SLBIC,99.0,% of 100 cm2 inside-containment steam-line break,train,NPPAD_README_case_number
random,seed_20261930,20261930,SLBIC_56,SLBIC,56.0,% of 100 cm2 inside-containment steam-line break,train,NPPAD_README_case_number
random,seed_20261930,20261930,FLB_48,FLB,48.0,% of 100 cm2 feedwater-line break,train,NPPAD_README_case_number
random,seed_20261930,20261930,SGATR_74,SGATR,74.0,% of one full steam-generator-A tube rupture,train,NPPAD_README_case_number
random,seed_20261930,20261930,SGATR_64,SGATR,64.0,% of one full steam-generator-A tube rupture,train,NPPAD_README_case_number
random,seed_20261930,20261930,LOCAC_39,LOCAC,39.0,% of 100 cm2 cold-leg break,train,NPPAD_README_case_number
random,seed_20261930,20261930,FLB_3,FLB,3.0,% of 100 cm2 feedwater-line break,train,NPPAD_README_case_number
random,seed_20261930,20261930,FLB_59,FLB,59.0,% of 100 cm2 feedwater-line break,train,NPPAD_README_case_number
random,seed_20261930,20261930,LOCAC_12,LOCAC,12.0,% of 100 cm2 cold-leg break,train,NPPAD_README_case_number
random,seed_20261930,20261930,SGATR_70,SGATR,70.0,% of one full steam-generator-A tube rupture,train,NPPAD_README_case_number
random,seed_20261930,20261930,FLB_47,FLB,47.0,% of 100 cm2 feedwater-line break,train,NPPAD_README_case_number
random,seed_20261930,20261930,LOCAC_35,LOCAC,35.0,% of 100 cm2 cold-leg break,train,NPPAD_README_case_number
random,seed_20261930,20261930,LOCAC_70,LOCAC,70.0,% of 100 cm2 cold-leg break,train,NPPAD_README_case_number
random,seed_20261930,20261930,SLBIC_93,SLBIC,93.0,% of 100 cm2 inside-containment steam-line break,train,NPPAD_README_case_number
random,seed_20261930,20261930,SLBIC_95,SLBIC,95.0,% of 100 cm2 inside-containment steam-line break,train,NPPAD_README_case_number
random,seed_20261930,20261930,LOCAC_75,LOCAC,75.0,% of 100 cm2 cold-leg break,train,NPPAD_README_case_number
random,seed_20261930,20261930,SLBIC_59,SLBIC,59.0,% of 100 cm2 inside-containment steam-line break,train,NPPAD_README_case_number
random,seed_20261930,20261930,LOCA_45,LOCA,45.0,% of 100 cm2 hot-leg break,train,NPPAD_README_case_number
random,seed_20261930,20261930,SGBTR_75,SGBTR,75.0,% of one full steam-generator-B tube rupture,train,NPPAD_README_case_number
random,seed_20261930,20261930,LOCA_22,LOCA,22.0,% of 100 cm2 hot-leg break,train,NPPAD_README_case_number
random,seed_20261930,20261930,FLB_75,FLB,75.0,% of 100 cm2 feedwater-line break,train,NPPAD_README_case_number
random,seed_20261930,20261930,SLBIC_48,SLBIC,48.0,% of 100 cm2 inside-containment steam-line break,train,NPPAD_README_case_number
random,seed_20261930,20261930,SGATR_98,SGATR,98.0,% of one full steam-generator-A tube rupture,validation,NPPAD_README_case_number
random,seed_20261930,20261930,SLBIC_25,SLBIC,25.0,% of 100 cm2 inside-containment steam-line break,validation,NPPAD_README_case_number
random,seed_20261930,20261930,SLBIC_50,SLBIC,50.0,% of 100 cm2 inside-containment steam-line break,validation,NPPAD_README_case_number
random,seed_20261930,20261930,SGATR_86,SGATR,86.0,% of one full steam-generator-A tube rupture,validation,NPPAD_README_case_number
random,seed_20261930,20261930,LOCA_60,LOCA,60.0,% of 100 cm2 hot-leg break,validation,NPPAD_README_case_number
random,seed_20261930,20261930,LOCA_12,LOCA,12.0,% of 100 cm2 hot-leg break,validation,NPPAD_README_case_number
random,seed_20261930,20261930,SLBIC_38,SLBIC,38.0,% of 100 cm2 inside-containment steam-line break,validation,NPPAD_README_case_number
random,seed_20261930,20261930,LOCA_19,LOCA,19.0,% of 100 cm2 hot-leg break,validation,NPPAD_README_case_number
random,seed_20261930,20261930,LR_94,LR,94.0,% of full load rejected,validation,NPPAD_README_case_number
random,seed_20261930,20261930,SLBIC_72,SLBIC,72.0,% of 100 cm2 inside-containment steam-line break,validation,NPPAD_README_case_number
random,seed_20261930,20261930,SGATR_68,SGATR,68.0,% of one full steam-generator-A tube rupture,validation,NPPAD_README_case_number
random,seed_20261930,20261930,FLB_100,FLB,100.0,% of 100 cm2 feedwater-line break,validation,NPPAD_README_case_number
random,seed_20261930,20261930,FLB_93,FLB,93.0,% of 100 cm2 feedwater-line break,validation,NPPAD_README_case_number
random,seed_20261930,20261930,LOCA_67,LOCA,67.0,% of 100 cm2 hot-leg break,validation,NPPAD_README_case_number
random,seed_20261930,20261930,SGBTR_103,SGBTR,103.0,% of one full steam-generator-B tube rupture,validation,NPPAD_README_case_number
random,seed_20261930,20261930,SLBIC_81,SLBIC,81.0,% of 100 cm2 inside-containment steam-line break,validation,NPPAD_README_case_number
random,seed_20261930,20261930,SGATR_57,SGATR,57.0,% of one full steam-generator-A tube rupture,validation,NPPAD_README_case_number
random,seed_20261930,20261930,RI_-2,RI,-2.0,% of rods inserted,validation,NPPAD_README_case_number
random,seed_20261930,20261930,FLB_77,FLB,77.0,% of 100 cm2 feedwater-line break,validation,NPPAD_README_case_number
random,seed_20261930,20261930,LOCAC_28,LOCAC,28.0,% of 100 cm2 cold-leg break,validation,NPPAD_README_case_number
random,seed_20261930,20261930,FLB_92,FLB,92.0,% of 100 cm2 feedwater-line break,validation,NPPAD_README_case_number
random,seed_20261930,20261930,LOCA_61,LOCA,61.0,% of 100 cm2 hot-leg break,validation,NPPAD_README_case_number
random,seed_20261930,20261930,LR_86,LR,86.0,% of full load rejected,validation,NPPAD_README_case_number
random,seed_20261930,20261930,SLBIC_87,SLBIC,87.0,% of 100 cm2 inside-containment steam-line break,validation,NPPAD_README_case_number
random,seed_20261930,20261930,LOCAC_44,LOCAC,44.0,% of 100 cm2 cold-leg break,validation,NPPAD_README_case_number
random,seed_20261930,20261930,SLBIC_79,SLBIC,79.0,% of 100 cm2 inside-containment steam-line break,validation,NPPAD_README_case_number
random,seed_20261930,20261930,SLBIC_92,SLBIC,92.0,% of 100 cm2 inside-containment steam-line break,validation,NPPAD_README_case_number
random,seed_20261930,20261930,SLBIC_66,SLBIC,66.0,% of 100 cm2 inside-containment steam-line break,validation,NPPAD_README_case_number
random,seed_20261930,20261930,SGATR_65,SGATR,65.0,% of one full steam-generator-A tube rupture,validation,NPPAD_README_case_number
random,seed_20261930,20261930,SGBTR_67,SGBTR,67.0,% of one full steam-generator-B tube rupture,validation,NPPAD_README_case_number
random,seed_20261930,20261930,SGATR_81,SGATR,81.0,% of one full steam-generator-A tube rupture,validation,NPPAD_README_case_number
random,seed_20261930,20261930,LOCA_13,LOCA,13.0,% of 100 cm2 hot-leg break,validation,NPPAD_README_case_number
random,seed_20261930,20261930,SGBTR_82,SGBTR,82.0,% of one full steam-generator-B tube rupture,validation,NPPAD_README_case_number
random,seed_20261930,20261930,SLBIC_33,SLBIC,33.0,% of 100 cm2 inside-containment steam-line break,validation,NPPAD_README_case_number
random,seed_20261930,20261930,FLB_82,FLB,82.0,% of 100 cm2 feedwater-line break,validation,NPPAD_README_case_number
random,seed_20261930,20261930,SLBIC_71,SLBIC,71.0,% of 100 cm2 inside-containment steam-line break,validation,NPPAD_README_case_number
random,seed_20261930,20261930,LOCA_53,LOCA,53.0,% of 100 cm2 hot-leg break,validation,NPPAD_README_case_number
random,seed_20261930,20261930,SLBIC_32,SLBIC,32.0,% of 100 cm2 inside-containment steam-line break,validation,NPPAD_README_case_number
random,seed_20261930,20261930,LOCA_73,LOCA,73.0,% of 100 cm2 hot-leg break,validation,NPPAD_README_case_number
random,seed_20261930,20261930,FLB_66,FLB,66.0,% of 100 cm2 feedwater-line break,validation,NPPAD_README_case_number
random,seed_20261930,20261930,FLB_71,FLB,71.0,% of 100 cm2 feedwater-line break,validation,NPPAD_README_case_number
random,seed_20261930,20261930,LOCA_6,LOCA,6.0,% of 100 cm2 hot-leg break,validation,NPPAD_README_case_number
random,seed_20261930,20261930,LOCA_62,LOCA,62.0,% of 100 cm2 hot-leg break,validation,NPPAD_README_case_number
random,seed_20261930,20261930,SLBIC_47,SLBIC,47.0,% of 100 cm2 inside-containment steam-line break,validation,NPPAD_README_case_number
random,seed_20261930,20261930,SGBTR_87,SGBTR,87.0,% of one full steam-generator-B tube rupture,validation,NPPAD_README_case_number
random,seed_20261930,20261930,SGBTR_68,SGBTR,68.0,% of one full steam-generator-B tube rupture,validation,NPPAD_README_case_number
random,seed_20261930,20261930,LOCA_34,LOCA,34.0,% of 100 cm2 hot-leg break,validation,NPPAD_README_case_number
random,seed_20261930,20261930,SGATR_69,SGATR,69.0,% of one full steam-generator-A tube rupture,validation,NPPAD_README_case_number
random,seed_20261930,20261930,LOCAC_49,LOCAC,49.0,% of 100 cm2 cold-leg break,validation,NPPAD_README_case_number
random,seed_20261930,20261930,LOCA_18,LOCA,18.0,% of 100 cm2 hot-leg break,validation,NPPAD_README_case_number
random,seed_20261930,20261930,FLB_52,FLB,52.0,% of 100 cm2 feedwater-line break,validation,NPPAD_README_case_number
random,seed_20261930,20261930,RI_-18,RI,-18.0,% of rods inserted,validation,NPPAD_README_case_number
random,seed_20261930,20261930,FLB_38,FLB,38.0,% of 100 cm2 feedwater-line break,validation,NPPAD_README_case_number
random,seed_20261930,20261930,LOCAC_52,LOCAC,52.0,% of 100 cm2 cold-leg break,validation,NPPAD_README_case_number
random,seed_20261930,20261930,LOCAC_24,LOCAC,24.0,% of 100 cm2 cold-leg break,validation,NPPAD_README_case_number
random,seed_20261930,20261930,SLBIC_43,SLBIC,43.0,% of 100 cm2 inside-containment steam-line break,validation,NPPAD_README_case_number
random,seed_20261930,20261930,LOCAC_48,LOCAC,48.0,% of 100 cm2 cold-leg break,validation,NPPAD_README_case_number
random,seed_20261930,20261930,LR_96,LR,96.0,% of full load rejected,validation,NPPAD_README_case_number
random,seed_20261930,20261930,RI_-34,RI,-34.0,% of rods inserted,validation,NPPAD_README_case_number
random,seed_20261930,20261930,FLB_62,FLB,62.0,% of 100 cm2 feedwater-line break,validation,NPPAD_README_case_number
random,seed_20261930,20261930,SGBTR_63,SGBTR,63.0,% of one full steam-generator-B tube rupture,validation,NPPAD_README_case_number
random,seed_20261930,20261930,LOCAC_5,LOCAC,5.0,% of 100 cm2 cold-leg break,validation,NPPAD_README_case_number
random,seed_20261930,20261930,LOCAC_69,LOCAC,69.0,% of 100 cm2 cold-leg break,validation,NPPAD_README_case_number
random,seed_20261930,20261930,RI_-35,RI,-35.0,% of rods inserted,validation,NPPAD_README_case_number
random,seed_20261930,20261930,LR_88,LR,88.0,% of full load rejected,validation,NPPAD_README_case_number
random,seed_20261930,20261930,LOCAC_63,LOCAC,63.0,% of 100 cm2 cold-leg break,validation,NPPAD_README_case_number
random,seed_20261930,20261930,RI_-32,RI,-32.0,% of rods inserted,validation,NPPAD_README_case_number
random,seed_20261930,20261930,RI_-9,RI,-9.0,% of rods inserted,validation,NPPAD_README_case_number
random,seed_20261930,20261930,SGATR_76,SGATR,76.0,% of one full steam-generator-A tube rupture,validation,NPPAD_README_case_number
random,seed_20261930,20261930,LOCA_52,LOCA,52.0,% of 100 cm2 hot-leg break,validation,NPPAD_README_case_number
random,seed_20261930,20261930,LOCAC_8,LOCAC,8.0,% of 100 cm2 cold-leg break,validation,NPPAD_README_case_number
random,seed_20261930,20261930,LOCAC_60,LOCAC,60.0,% of 100 cm2 cold-leg break,validation,NPPAD_README_case_number
random,seed_20261930,20261930,SLBIC_46,SLBIC,46.0,% of 100 cm2 inside-containment steam-line break,validation,NPPAD_README_case_number
random,seed_20261930,20261930,FLB_10,FLB,10.0,% of 100 cm2 feedwater-line break,validation,NPPAD_README_case_number
random,seed_20261930,20261930,LOCAC_4,LOCAC,4.0,% of 100 cm2 cold-leg break,validation,NPPAD_README_case_number
random,seed_20261930,20261930,FLB_7,FLB,7.0,% of 100 cm2 feedwater-line break,validation,NPPAD_README_case_number
random,seed_20261930,20261930,RW_3,RW,3.0,% of rods withdrawn,validation,NPPAD_README_case_number
random,seed_20261930,20261930,FLB_58,FLB,58.0,% of 100 cm2 feedwater-line break,validation,NPPAD_README_case_number
random,seed_20261930,20261930,LOCA_8,LOCA,8.0,% of 100 cm2 hot-leg break,validation,NPPAD_README_case_number
random,seed_20261930,20261930,LOCAC_9,LOCAC,9.0,% of 100 cm2 cold-leg break,validation,NPPAD_README_case_number
random,seed_20261930,20261930,RI_-23,RI,-23.0,% of rods inserted,validation,NPPAD_README_case_number
random,seed_20261930,20261930,LOCAC_58,LOCAC,58.0,% of 100 cm2 cold-leg break,validation,NPPAD_README_case_number
random,seed_20261930,20261930,LR_74,LR,74.0,% of full load rejected,validation,NPPAD_README_case_number
random,seed_20261930,20261930,FLB_45,FLB,45.0,% of 100 cm2 feedwater-line break,validation,NPPAD_README_case_number
random,seed_20261930,20261930,LOCAC_18,LOCAC,18.0,% of 100 cm2 cold-leg break,validation,NPPAD_README_case_number
random,seed_20261930,20261930,FLB_29,FLB,29.0,% of 100 cm2 feedwater-line break,validation,NPPAD_README_case_number
random,seed_20261930,20261930,FLB_70,FLB,70.0,% of 100 cm2 feedwater-line break,validation,NPPAD_README_case_number
random,seed_20261930,20261930,FLB_57,FLB,57.0,% of 100 cm2 feedwater-line break,validation,NPPAD_README_case_number
random,seed_20261930,20261930,SLBIC_98,SLBIC,98.0,% of 100 cm2 inside-containment steam-line break,validation,NPPAD_README_case_number
random,seed_20261930,20261930,SGBTR_94,SGBTR,94.0,% of one full steam-generator-B tube rupture,validation,NPPAD_README_case_number
random,seed_20261930,20261930,LOCAC_62,LOCAC,62.0,% of 100 cm2 cold-leg break,validation,NPPAD_README_case_number
random,seed_20261930,20261930,FLB_34,FLB,34.0,% of 100 cm2 feedwater-line break,validation,NPPAD_README_case_number
random,seed_20261930,20261930,SGBTR_93,SGBTR,93.0,% of one full steam-generator-B tube rupture,validation,NPPAD_README_case_number
random,seed_20261930,20261930,SLBIC_69,SLBIC,69.0,% of 100 cm2 inside-containment steam-line break,validation,NPPAD_README_case_number
random,seed_20261930,20261930,SGATR_97,SGATR,97.0,% of one full steam-generator-A tube rupture,validation,NPPAD_README_case_number
random,seed_20261930,20261930,SGBTR_70,SGBTR,70.0,% of one full steam-generator-B tube rupture,validation,NPPAD_README_case_number
random,seed_20261930,20261930,SGBTR_64,SGBTR,64.0,% of one full steam-generator-B tube rupture,validation,NPPAD_README_case_number
random,seed_20261930,20261930,FLB_60,FLB,60.0,% of 100 cm2 feedwater-line break,validation,NPPAD_README_case_number
random,seed_20261930,20261930,FLB_84,FLB,84.0,% of 100 cm2 feedwater-line break,validation,NPPAD_README_case_number
random,seed_20261930,20261930,LOCA_15,LOCA,15.0,% of 100 cm2 hot-leg break,validation,NPPAD_README_case_number
random,seed_20261930,20261930,SGBTR_89,SGBTR,89.0,% of one full steam-generator-B tube rupture,validation,NPPAD_README_case_number
random,seed_20261930,20261930,RI_-3,RI,-3.0,% of rods inserted,test,NPPAD_README_case_number
random,seed_20261930,20261930,SLBIC_75,SLBIC,75.0,% of 100 cm2 inside-containment steam-line break,test,NPPAD_README_case_number
random,seed_20261930,20261930,SLBIC_91,SLBIC,91.0,% of 100 cm2 inside-containment steam-line break,test,NPPAD_README_case_number
random,seed_20261930,20261930,LOCA_63,LOCA,63.0,% of 100 cm2 hot-leg break,test,NPPAD_README_case_number
random,seed_20261930,20261930,SGBTR_90,SGBTR,90.0,% of one full steam-generator-B tube rupture,test,NPPAD_README_case_number
random,seed_20261930,20261930,RI_-6,RI,-6.0,% of rods inserted,test,NPPAD_README_case_number
random,seed_20261930,20261930,LR_93,LR,93.0,% of full load rejected,test,NPPAD_README_case_number
random,seed_20261930,20261930,RI_-33,RI,-33.0,% of rods inserted,test,NPPAD_README_case_number
random,seed_20261930,20261930,LOCA_59,LOCA,59.0,% of 100 cm2 hot-leg break,test,NPPAD_README_case_number
random,seed_20261930,20261930,FLB_30,FLB,30.0,% of 100 cm2 feedwater-line break,test,NPPAD_README_case_number
random,seed_20261930,20261930,LOCA_50,LOCA,50.0,% of 100 cm2 hot-leg break,test,NPPAD_README_case_number
random,seed_20261930,20261930,FLB_5,FLB,5.0,% of 100 cm2 feedwater-line break,test,NPPAD_README_case_number
random,seed_20261930,20261930,FLB_17,FLB,17.0,% of 100 cm2 feedwater-line break,test,NPPAD_README_case_number
random,seed_20261930,20261930,FLB_42,FLB,42.0,% of 100 cm2 feedwater-line break,test,NPPAD_README_case_number
random,seed_20261930,20261930,LOCA_47,LOCA,47.0,% of 100 cm2 hot-leg break,test,NPPAD_README_case_number
random,seed_20261930,20261930,SLBIC_39,SLBIC,39.0,% of 100 cm2 inside-containment steam-line break,test,NPPAD_README_case_number
random,seed_20261930,20261930,LOCAC_64,LOCAC,64.0,% of 100 cm2 cold-leg break,test,NPPAD_README_case_number
random,seed_20261930,20261930,SLBIC_62,SLBIC,62.0,% of 100 cm2 inside-containment steam-line break,test,NPPAD_README_case_number
random,seed_20261930,20261930,SLBIC_55,SLBIC,55.0,% of 100 cm2 inside-containment steam-line break,test,NPPAD_README_case_number
random,seed_20261930,20261930,SGATR_99,SGATR,99.0,% of one full steam-generator-A tube rupture,test,NPPAD_README_case_number
random,seed_20261930,20261930,LOCA_38,LOCA,38.0,% of 100 cm2 hot-leg break,test,NPPAD_README_case_number
random,seed_20261930,20261930,FLB_15,FLB,15.0,% of 100 cm2 feedwater-line break,test,NPPAD_README_case_number
random,seed_20261930,20261930,LOCA_37,LOCA,37.0,% of 100 cm2 hot-leg break,test,NPPAD_README_case_number
random,seed_20261930,20261930,LOCA_33,LOCA,33.0,% of 100 cm2 hot-leg break,test,NPPAD_README_case_number
random,seed_20261930,20261930,LOCA_51,LOCA,51.0,% of 100 cm2 hot-leg break,test,NPPAD_README_case_number
random,seed_20261930,20261930,FLB_33,FLB,33.0,% of 100 cm2 feedwater-line break,test,NPPAD_README_case_number
random,seed_20261930,20261930,LOCAC_11,LOCAC,11.0,% of 100 cm2 cold-leg break,test,NPPAD_README_case_number
random,seed_20261930,20261930,LR_85,LR,85.0,% of full load rejected,test,NPPAD_README_case_number
random,seed_20261930,20261930,SLBIC_86,SLBIC,86.0,% of 100 cm2 inside-containment steam-line break,test,NPPAD_README_case_number
random,seed_20261930,20261930,SGBTR_100,SGBTR,100.0,% of one full steam-generator-B tube rupture,test,NPPAD_README_case_number
random,seed_20261930,20261930,FLB_9,FLB,9.0,% of 100 cm2 feedwater-line break,test,NPPAD_README_case_number
random,seed_20261930,20261930,LOCAC_54,LOCAC,54.0,% of 100 cm2 cold-leg break,test,NPPAD_README_case_number
random,seed_20261930,20261930,LOCA_42,LOCA,42.0,% of 100 cm2 hot-leg break,test,NPPAD_README_case_number
random,seed_20261930,20261930,LOCAC_22,LOCAC,22.0,% of 100 cm2 cold-leg break,test,NPPAD_README_case_number
random,seed_20261930,20261930,SGBTR_102,SGBTR,102.0,% of one full steam-generator-B tube rupture,test,NPPAD_README_case_number
random,seed_20261930,20261930,LR_99,LR,99.0,% of full load rejected,test,NPPAD_README_case_number
random,seed_20261930,20261930,FLB_76,FLB,76.0,% of 100 cm2 feedwater-line break,test,NPPAD_README_case_number
random,seed_20261930,20261930,SGBTR_76,SGBTR,76.0,% of one full steam-generator-B tube rupture,test,NPPAD_README_case_number
random,seed_20261930,20261930,RI_-14,RI,-14.0,% of rods inserted,test,NPPAD_README_case_number
random,seed_20261930,20261930,FLB_35,FLB,35.0,% of 100 cm2 feedwater-line break,test,NPPAD_README_case_number
random,seed_20261930,20261930,LOCA_35,LOCA,35.0,% of 100 cm2 hot-leg break,test,NPPAD_README_case_number
random,seed_20261930,20261930,SLBIC_90,SLBIC,90.0,% of 100 cm2 inside-containment steam-line break,test,NPPAD_README_case_number
random,seed_20261930,20261930,SGATR_100,SGATR,100.0,% of one full steam-generator-A tube rupture,test,NPPAD_README_case_number
random,seed_20261930,20261930,LOCAC_36,LOCAC,36.0,% of 100 cm2 cold-leg break,test,NPPAD_README_case_number
random,seed_20261930,20261930,RI_-10,RI,-10.0,% of rods inserted,test,NPPAD_README_case_number
random,seed_20261930,20261930,SGBTR_58,SGBTR,58.0,% of one full steam-generator-B tube rupture,test,NPPAD_README_case_number
random,seed_20261930,20261930,LOCA_9,LOCA,9.0,% of 100 cm2 hot-leg break,test,NPPAD_README_case_number
random,seed_20261930,20261930,RI_-31,RI,-31.0,% of rods inserted,test,NPPAD_README_case_number
random,seed_20261930,20261930,LOCA_39,LOCA,39.0,% of 100 cm2 hot-leg break,test,NPPAD_README_case_number
random,seed_20261930,20261930,LOCAC_13,LOCAC,13.0,% of 100 cm2 cold-leg break,test,NPPAD_README_case_number
random,seed_20261930,20261930,SGATR_62,SGATR,62.0,% of one full steam-generator-A tube rupture,test,NPPAD_README_case_number
random,seed_20261930,20261930,SGATR_60,SGATR,60.0,% of one full steam-generator-A tube rupture,test,NPPAD_README_case_number
random,seed_20261930,20261930,LR_73,LR,73.0,% of full load rejected,test,NPPAD_README_case_number
random,seed_20261930,20261930,LOCAC_17,LOCAC,17.0,% of 100 cm2 cold-leg break,test,NPPAD_README_case_number
random,seed_20261930,20261930,SGATR_88,SGATR,88.0,% of one full steam-generator-A tube rupture,test,NPPAD_README_case_number
random,seed_20261930,20261930,LOCA_1,LOCA,1.0,% of 100 cm2 hot-leg break,test,NPPAD_README_case_number
random,seed_20261930,20261930,SLBIC_35,SLBIC,35.0,% of 100 cm2 inside-containment steam-line break,test,NPPAD_README_case_number
random,seed_20261930,20261930,SLBIC_53,SLBIC,53.0,% of 100 cm2 inside-containment steam-line break,test,NPPAD_README_case_number
random,seed_20261930,20261930,SLBIC_78,SLBIC,78.0,% of 100 cm2 inside-containment steam-line break,test,NPPAD_README_case_number
random,seed_20261930,20261930,FLB_36,FLB,36.0,% of 100 cm2 feedwater-line break,test,NPPAD_README_case_number
random,seed_20261930,20261930,LOCA_3,LOCA,3.0,% of 100 cm2 hot-leg break,test,NPPAD_README_case_number
random,seed_20261930,20261930,SLBIC_96,SLBIC,96.0,% of 100 cm2 inside-containment steam-line break,test,NPPAD_README_case_number
random,seed_20261930,20261930,SGBTR_105,SGBTR,105.0,% of one full steam-generator-B tube rupture,test,NPPAD_README_case_number
random,seed_20261930,20261930,FLB_44,FLB,44.0,% of 100 cm2 feedwater-line break,test,NPPAD_README_case_number
random,seed_20261930,20261930,SLBIC_84,SLBIC,84.0,% of 100 cm2 inside-containment steam-line break,test,NPPAD_README_case_number
random,seed_20261930,20261930,SGBTR_66,SGBTR,66.0,% of one full steam-generator-B tube rupture,test,NPPAD_README_case_number
random,seed_20261930,20261930,SLBIC_40,SLBIC,40.0,% of 100 cm2 inside-containment steam-line break,test,NPPAD_README_case_number
random,seed_20261930,20261930,SLBIC_31,SLBIC,31.0,% of 100 cm2 inside-containment steam-line break,test,NPPAD_README_case_number
random,seed_20261930,20261930,SLBIC_73,SLBIC,73.0,% of 100 cm2 inside-containment steam-line break,test,NPPAD_README_case_number
random,seed_20261930,20261930,FLB_78,FLB,78.0,% of 100 cm2 feedwater-line break,test,NPPAD_README_case_number
random,seed_20261930,20261930,SLBIC_88,SLBIC,88.0,% of 100 cm2 inside-containment steam-line break,test,NPPAD_README_case_number
random,seed_20261930,20261930,LR_89,LR,89.0,% of full load rejected,test,NPPAD_README_case_number
random,seed_20261930,20261930,FLB_13,FLB,13.0,% of 100 cm2 feedwater-line break,test,NPPAD_README_case_number
random,seed_20261930,20261930,SGBTR_84,SGBTR,84.0,% of one full steam-generator-B tube rupture,test,NPPAD_README_case_number
random,seed_20261930,20261930,LOCAC_74,LOCAC,74.0,% of 100 cm2 cold-leg break,test,NPPAD_README_case_number
random,seed_20261930,20261930,FLB_49,FLB,49.0,% of 100 cm2 feedwater-line break,test,NPPAD_README_case_number
random,seed_20261930,20261930,SLBIC_37,SLBIC,37.0,% of 100 cm2 inside-containment steam-line break,test,NPPAD_README_case_number
random,seed_20261930,20261930,FLB_97,FLB,97.0,% of 100 cm2 feedwater-line break,test,NPPAD_README_case_number
random,seed_20261930,20261930,SGBTR_81,SGBTR,81.0,% of one full steam-generator-B tube rupture,test,NPPAD_README_case_number
random,seed_20261930,20261930,LOCA_64,LOCA,64.0,% of 100 cm2 hot-leg break,test,NPPAD_README_case_number
random,seed_20261930,20261930,LOCAC_10,LOCAC,10.0,% of 100 cm2 cold-leg break,test,NPPAD_README_case_number
random,seed_20261930,20261930,FLB_20,FLB,20.0,% of 100 cm2 feedwater-line break,test,NPPAD_README_case_number
random,seed_20261930,20261930,SGATR_96,SGATR,96.0,% of one full steam-generator-A tube rupture,test,NPPAD_README_case_number
random,seed_20261930,20261930,LOCAC_3,LOCAC,3.0,% of 100 cm2 cold-leg break,test,NPPAD_README_case_number
random,seed_20261930,20261930,FLB_56,FLB,56.0,% of 100 cm2 feedwater-line break,test,NPPAD_README_case_number
random,seed_20261930,20261930,LOCAC_46,LOCAC,46.0,% of 100 cm2 cold-leg break,test,NPPAD_README_case_number
random,seed_20261930,20261930,SGATR_84,SGATR,84.0,% of one full steam-generator-A tube rupture,test,NPPAD_README_case_number
random,seed_20261930,20261930,FLB_23,FLB,23.0,% of 100 cm2 feedwater-line break,test,NPPAD_README_case_number
random,seed_20261930,20261930,LOCAC_26,LOCAC,26.0,% of 100 cm2 cold-leg break,test,NPPAD_README_case_number
random,seed_20261930,20261930,SGBTR_57,SGBTR,57.0,% of one full steam-generator-B tube rupture,test,NPPAD_README_case_number
random,seed_20261930,20261930,LOCAC_20,LOCAC,20.0,% of 100 cm2 cold-leg break,test,NPPAD_README_case_number
random,seed_20261930,20261930,SGATR_80,SGATR,80.0,% of one full steam-generator-A tube rupture,test,NPPAD_README_case_number
random,seed_20261930,20261930,SGBTR_107,SGBTR,107.0,% of one full steam-generator-B tube rupture,test,NPPAD_README_case_number
random,seed_20261930,20261930,LOCAC_7,LOCAC,7.0,% of 100 cm2 cold-leg break,test,NPPAD_README_case_number
random,seed_20261930,20261930,LOCAC_16,LOCAC,16.0,% of 100 cm2 cold-leg break,test,NPPAD_README_case_number
random,seed_20261930,20261930,FLB_68,FLB,68.0,% of 100 cm2 feedwater-line break,test,NPPAD_README_case_number
random,seed_20261930,20261930,SLBIC_14,SLBIC,14.0,% of 100 cm2 inside-containment steam-line break,test,NPPAD_README_case_number
random,seed_20261930,20261930,LOCAC_6,LOCAC,6.0,% of 100 cm2 cold-leg break,test,NPPAD_README_case_number
random,seed_20261930,20261930,FLB_6,FLB,6.0,% of 100 cm2 feedwater-line break,test,NPPAD_README_case_number
random,seed_20261930,20261930,RI_-15,RI,-15.0,% of rods inserted,test,NPPAD_README_case_number
random,seed_20261930,20261930,SGATR_59,SGATR,59.0,% of one full steam-generator-A tube rupture,test,NPPAD_README_case_number
random,seed_20262939,20262939,LOCA_18,LOCA,18.0,% of 100 cm2 hot-leg break,train,NPPAD_README_case_number
random,seed_20262939,20262939,LOCAC_10,LOCAC,10.0,% of 100 cm2 cold-leg break,train,NPPAD_README_case_number
random,seed_20262939,20262939,SGBTR_90,SGBTR,90.0,% of one full steam-generator-B tube rupture,train,NPPAD_README_case_number
random,seed_20262939,20262939,LOCA_65,LOCA,65.0,% of 100 cm2 hot-leg break,train,NPPAD_README_case_number
random,seed_20262939,20262939,LOCAC_3,LOCAC,3.0,% of 100 cm2 cold-leg break,train,NPPAD_README_case_number
random,seed_20262939,20262939,FLB_93,FLB,93.0,% of 100 cm2 feedwater-line break,train,NPPAD_README_case_number
random,seed_20262939,20262939,SGBTR_68,SGBTR,68.0,% of one full steam-generator-B tube rupture,train,NPPAD_README_case_number
random,seed_20262939,20262939,LOCAC_42,LOCAC,42.0,% of 100 cm2 cold-leg break,train,NPPAD_README_case_number
random,seed_20262939,20262939,SLBIC_45,SLBIC,45.0,% of 100 cm2 inside-containment steam-line break,train,NPPAD_README_case_number
random,seed_20262939,20262939,SGBTR_74,SGBTR,74.0,% of one full steam-generator-B tube rupture,train,NPPAD_README_case_number
random,seed_20262939,20262939,SGBTR_106,SGBTR,106.0,% of one full steam-generator-B tube rupture,train,NPPAD_README_case_number
random,seed_20262939,20262939,SGATR_65,SGATR,65.0,% of one full steam-generator-A tube rupture,train,NPPAD_README_case_number
random,seed_20262939,20262939,RI_-7,RI,-7.0,% of rods inserted,train,NPPAD_README_case_number
random,seed_20262939,20262939,SGBTR_82,SGBTR,82.0,% of one full steam-generator-B tube rupture,train,NPPAD_README_case_number
random,seed_20262939,20262939,SLBIC_82,SLBIC,82.0,% of 100 cm2 inside-containment steam-line break,train,NPPAD_README_case_number
random,seed_20262939,20262939,SGBTR_108,SGBTR,108.0,% of one full steam-generator-B tube rupture,train,NPPAD_README_case_number
random,seed_20262939,20262939,SGATR_81,SGATR,81.0,% of one full steam-generator-A tube rupture,train,NPPAD_README_case_number
random,seed_20262939,20262939,LOCAC_63,LOCAC,63.0,% of 100 cm2 cold-leg break,train,NPPAD_README_case_number
random,seed_20262939,20262939,SGATR_59,SGATR,59.0,% of one full steam-generator-A tube rupture,train,NPPAD_README_case_number
random,seed_20262939,20262939,SLBIC_22,SLBIC,22.0,% of 100 cm2 inside-containment steam-line break,train,NPPAD_README_case_number
random,seed_20262939,20262939,LOCAC_77,LOCAC,77.0,% of 100 cm2 cold-leg break,train,NPPAD_README_case_number
random,seed_20262939,20262939,SGATR_94,SGATR,94.0,% of one full steam-generator-A tube rupture,train,NPPAD_README_case_number
random,seed_20262939,20262939,SGBTR_63,SGBTR,63.0,% of one full steam-generator-B tube rupture,train,NPPAD_README_case_number
random,seed_20262939,20262939,LOCAC_18,LOCAC,18.0,% of 100 cm2 cold-leg break,train,NPPAD_README_case_number
random,seed_20262939,20262939,FLB_95,FLB,95.0,% of 100 cm2 feedwater-line break,train,NPPAD_README_case_number
random,seed_20262939,20262939,SLBIC_38,SLBIC,38.0,% of 100 cm2 inside-containment steam-line break,train,NPPAD_README_case_number
random,seed_20262939,20262939,SLBIC_94,SLBIC,94.0,% of 100 cm2 inside-containment steam-line break,train,NPPAD_README_case_number
random,seed_20262939,20262939,FLB_59,FLB,59.0,% of 100 cm2 feedwater-line break,train,NPPAD_README_case_number
random,seed_20262939,20262939,LR_79,LR,79.0,% of full load rejected,train,NPPAD_README_case_number
random,seed_20262939,20262939,LOCA_21,LOCA,21.0,% of 100 cm2 hot-leg break,train,NPPAD_README_case_number
random,seed_20262939,20262939,SLBIC_44,SLBIC,44.0,% of 100 cm2 inside-containment steam-line break,train,NPPAD_README_case_number
random,seed_20262939,20262939,SGBTR_91,SGBTR,91.0,% of one full steam-generator-B tube rupture,train,NPPAD_README_case_number
random,seed_20262939,20262939,FLB_64,FLB,64.0,% of 100 cm2 feedwater-line break,train,NPPAD_README_case_number
random,seed_20262939,20262939,LOCAC_67,LOCAC,67.0,% of 100 cm2 cold-leg break,train,NPPAD_README_case_number
random,seed_20262939,20262939,SGATR_98,SGATR,98.0,% of one full steam-generator-A tube rupture,train,NPPAD_README_case_number
random,seed_20262939,20262939,FLB_8,FLB,8.0,% of 100 cm2 feedwater-line break,train,NPPAD_README_case_number
random,seed_20262939,20262939,FLB_73,FLB,73.0,% of 100 cm2 feedwater-line break,train,NPPAD_README_case_number
random,seed_20262939,20262939,LOCAC_22,LOCAC,22.0,% of 100 cm2 cold-leg break,train,NPPAD_README_case_number
random,seed_20262939,20262939,SGATR_58,SGATR,58.0,% of one full steam-generator-A tube rupture,train,NPPAD_README_case_number
random,seed_20262939,20262939,LOCAC_59,LOCAC,59.0,% of 100 cm2 cold-leg break,train,NPPAD_README_case_number
random,seed_20262939,20262939,RI_-15,RI,-15.0,% of rods inserted,train,NPPAD_README_case_number
random,seed_20262939,20262939,FLB_79,FLB,79.0,% of 100 cm2 feedwater-line break,train,NPPAD_README_case_number
random,seed_20262939,20262939,SGBTR_80,SGBTR,80.0,% of one full steam-generator-B tube rupture,train,NPPAD_README_case_number
random,seed_20262939,20262939,LR_82,LR,82.0,% of full load rejected,train,NPPAD_README_case_number
random,seed_20262939,20262939,LOCA_1,LOCA,1.0,% of 100 cm2 hot-leg break,train,NPPAD_README_case_number
random,seed_20262939,20262939,FLB_38,FLB,38.0,% of 100 cm2 feedwater-line break,train,NPPAD_README_case_number
random,seed_20262939,20262939,LOCAC_38,LOCAC,38.0,% of 100 cm2 cold-leg break,train,NPPAD_README_case_number
random,seed_20262939,20262939,SGBTR_69,SGBTR,69.0,% of one full steam-generator-B tube rupture,train,NPPAD_README_case_number
random,seed_20262939,20262939,LOCA_30,LOCA,30.0,% of 100 cm2 hot-leg break,train,NPPAD_README_case_number
random,seed_20262939,20262939,LOCA_22,LOCA,22.0,% of 100 cm2 hot-leg break,train,NPPAD_README_case_number
random,seed_20262939,20262939,LOCA_25,LOCA,25.0,% of 100 cm2 hot-leg break,train,NPPAD_README_case_number
random,seed_20262939,20262939,FLB_88,FLB,88.0,% of 100 cm2 feedwater-line break,train,NPPAD_README_case_number
random,seed_20262939,20262939,LOCAC_9,LOCAC,9.0,% of 100 cm2 cold-leg break,train,NPPAD_README_case_number
random,seed_20262939,20262939,LR_97,LR,97.0,% of full load rejected,train,NPPAD_README_case_number
random,seed_20262939,20262939,RI_-17,RI,-17.0,% of rods inserted,train,NPPAD_README_case_number
random,seed_20262939,20262939,FLB_22,FLB,22.0,% of 100 cm2 feedwater-line break,train,NPPAD_README_case_number
random,seed_20262939,20262939,RI_-13,RI,-13.0,% of rods inserted,train,NPPAD_README_case_number
random,seed_20262939,20262939,LOCA_58,LOCA,58.0,% of 100 cm2 hot-leg break,train,NPPAD_README_case_number
random,seed_20262939,20262939,LOCAC_68,LOCAC,68.0,% of 100 cm2 cold-leg break,train,NPPAD_README_case_number
random,seed_20262939,20262939,SGBTR_110,SGBTR,110.0,% of one full steam-generator-B tube rupture,train,NPPAD_README_case_number
random,seed_20262939,20262939,SGBTR_78,SGBTR,78.0,% of one full steam-generator-B tube rupture,train,NPPAD_README_case_number
random,seed_20262939,20262939,FLB_21,FLB,21.0,% of 100 cm2 feedwater-line break,train,NPPAD_README_case_number
random,seed_20262939,20262939,RI_-12,RI,-12.0,% of rods inserted,train,NPPAD_README_case_number
random,seed_20262939,20262939,FLB_42,FLB,42.0,% of 100 cm2 feedwater-line break,train,NPPAD_README_case_number
random,seed_20262939,20262939,SGATR_63,SGATR,63.0,% of one full steam-generator-A tube rupture,train,NPPAD_README_case_number
random,seed_20262939,20262939,FLB_58,FLB,58.0,% of 100 cm2 feedwater-line break,train,NPPAD_README_case_number
random,seed_20262939,20262939,LOCAC_64,LOCAC,64.0,% of 100 cm2 cold-leg break,train,NPPAD_README_case_number
random,seed_20262939,20262939,RI_-2,RI,-2.0,% of rods inserted,train,NPPAD_README_case_number
random,seed_20262939,20262939,LOCAC_45,LOCAC,45.0,% of 100 cm2 cold-leg break,train,NPPAD_README_case_number
random,seed_20262939,20262939,LOCA_53,LOCA,53.0,% of 100 cm2 hot-leg break,train,NPPAD_README_case_number
random,seed_20262939,20262939,LOCAC_53,LOCAC,53.0,% of 100 cm2 cold-leg break,train,NPPAD_README_case_number
random,seed_20262939,20262939,SGBTR_94,SGBTR,94.0,% of one full steam-generator-B tube rupture,train,NPPAD_README_case_number
random,seed_20262939,20262939,LOCAC_78,LOCAC,78.0,% of 100 cm2 cold-leg break,train,NPPAD_README_case_number
random,seed_20262939,20262939,LOCAC_20,LOCAC,20.0,% of 100 cm2 cold-leg break,train,NPPAD_README_case_number
random,seed_20262939,20262939,SGBTR_84,SGBTR,84.0,% of one full steam-generator-B tube rupture,train,NPPAD_README_case_number
random,seed_20262939,20262939,LR_88,LR,88.0,% of full load rejected,train,NPPAD_README_case_number
random,seed_20262939,20262939,SGBTR_57,SGBTR,57.0,% of one full steam-generator-B tube rupture,train,NPPAD_README_case_number
random,seed_20262939,20262939,SLBIC_93,SLBIC,93.0,% of 100 cm2 inside-containment steam-line break,train,NPPAD_README_case_number
random,seed_20262939,20262939,FLB_60,FLB,60.0,% of 100 cm2 feedwater-line break,train,NPPAD_README_case_number
random,seed_20262939,20262939,RI_-27,RI,-27.0,% of rods inserted,train,NPPAD_README_case_number
random,seed_20262939,20262939,SLBIC_90,SLBIC,90.0,% of 100 cm2 inside-containment steam-line break,train,NPPAD_README_case_number
random,seed_20262939,20262939,RI_-11,RI,-11.0,% of rods inserted,train,NPPAD_README_case_number
random,seed_20262939,20262939,SLBIC_88,SLBIC,88.0,% of 100 cm2 inside-containment steam-line break,train,NPPAD_README_case_number
random,seed_20262939,20262939,LOCA_77,LOCA,77.0,% of 100 cm2 hot-leg break,train,NPPAD_README_case_number
random,seed_20262939,20262939,FLB_43,FLB,43.0,% of 100 cm2 feedwater-line break,train,NPPAD_README_case_number
random,seed_20262939,20262939,LOCAC_71,LOCAC,71.0,% of 100 cm2 cold-leg break,train,NPPAD_README_case_number
random,seed_20262939,20262939,LOCAC_76,LOCAC,76.0,% of 100 cm2 cold-leg break,train,NPPAD_README_case_number
random,seed_20262939,20262939,FLB_2,FLB,2.0,% of 100 cm2 feedwater-line break,train,NPPAD_README_case_number
random,seed_20262939,20262939,LOCA_38,LOCA,38.0,% of 100 cm2 hot-leg break,train,NPPAD_README_case_number
random,seed_20262939,20262939,FLB_52,FLB,52.0,% of 100 cm2 feedwater-line break,train,NPPAD_README_case_number
random,seed_20262939,20262939,LOCA_12,LOCA,12.0,% of 100 cm2 hot-leg break,train,NPPAD_README_case_number
random,seed_20262939,20262939,RI_-33,RI,-33.0,% of rods inserted,train,NPPAD_README_case_number
random,seed_20262939,20262939,LOCAC_1,LOCAC,1.0,% of 100 cm2 cold-leg break,train,NPPAD_README_case_number
random,seed_20262939,20262939,FLB_47,FLB,47.0,% of 100 cm2 feedwater-line break,train,NPPAD_README_case_number
random,seed_20262939,20262939,SLBIC_67,SLBIC,67.0,% of 100 cm2 inside-containment steam-line break,train,NPPAD_README_case_number
random,seed_20262939,20262939,FLB_46,FLB,46.0,% of 100 cm2 feedwater-line break,train,NPPAD_README_case_number
random,seed_20262939,20262939,FLB_67,FLB,67.0,% of 100 cm2 feedwater-line break,train,NPPAD_README_case_number
random,seed_20262939,20262939,RW_2,RW,2.0,% of rods withdrawn,train,NPPAD_README_case_number
random,seed_20262939,20262939,FLB_23,FLB,23.0,% of 100 cm2 feedwater-line break,train,NPPAD_README_case_number
random,seed_20262939,20262939,SGBTR_87,SGBTR,87.0,% of one full steam-generator-B tube rupture,train,NPPAD_README_case_number
random,seed_20262939,20262939,FLB_7,FLB,7.0,% of 100 cm2 feedwater-line break,train,NPPAD_README_case_number
random,seed_20262939,20262939,FLB_25,FLB,25.0,% of 100 cm2 feedwater-line break,train,NPPAD_README_case_number
random,seed_20262939,20262939,FLB_3,FLB,3.0,% of 100 cm2 feedwater-line break,train,NPPAD_README_case_number
random,seed_20262939,20262939,SGBTR_104,SGBTR,104.0,% of one full steam-generator-B tube rupture,train,NPPAD_README_case_number
random,seed_20262939,20262939,LOCA_71,LOCA,71.0,% of 100 cm2 hot-leg break,train,NPPAD_README_case_number
random,seed_20262939,20262939,SLBIC_53,SLBIC,53.0,% of 100 cm2 inside-containment steam-line break,train,NPPAD_README_case_number
random,seed_20262939,20262939,RI_-32,RI,-32.0,% of rods inserted,train,NPPAD_README_case_number
random,seed_20262939,20262939,FLB_35,FLB,35.0,% of 100 cm2 feedwater-line break,train,NPPAD_README_case_number
random,seed_20262939,20262939,LOCA_62,LOCA,62.0,% of 100 cm2 hot-leg break,train,NPPAD_README_case_number
random,seed_20262939,20262939,SGATR_97,SGATR,97.0,% of one full steam-generator-A tube rupture,train,NPPAD_README_case_number
random,seed_20262939,20262939,SGATR_72,SGATR,72.0,% of one full steam-generator-A tube rupture,train,NPPAD_README_case_number
random,seed_20262939,20262939,SGATR_62,SGATR,62.0,% of one full steam-generator-A tube rupture,train,NPPAD_README_case_number
random,seed_20262939,20262939,LOCA_17,LOCA,17.0,% of 100 cm2 hot-leg break,train,NPPAD_README_case_number
random,seed_20262939,20262939,FLB_68,FLB,68.0,% of 100 cm2 feedwater-line break,train,NPPAD_README_case_number
random,seed_20262939,20262939,SGBTR_64,SGBTR,64.0,% of one full steam-generator-B tube rupture,train,NPPAD_README_case_number
random,seed_20262939,20262939,FLB_29,FLB,29.0,% of 100 cm2 feedwater-line break,train,NPPAD_README_case_number
random,seed_20262939,20262939,LOCAC_40,LOCAC,40.0,% of 100 cm2 cold-leg break,train,NPPAD_README_case_number
random,seed_20262939,20262939,FLB_69,FLB,69.0,% of 100 cm2 feedwater-line break,train,NPPAD_README_case_number
random,seed_20262939,20262939,RI_-25,RI,-25.0,% of rods inserted,train,NPPAD_README_case_number
random,seed_20262939,20262939,SLBIC_81,SLBIC,81.0,% of 100 cm2 inside-containment steam-line break,train,NPPAD_README_case_number
random,seed_20262939,20262939,SGBTR_58,SGBTR,58.0,% of one full steam-generator-B tube rupture,train,NPPAD_README_case_number
random,seed_20262939,20262939,SGBTR_60,SGBTR,60.0,% of one full steam-generator-B tube rupture,train,NPPAD_README_case_number
random,seed_20262939,20262939,LOCA_72,LOCA,72.0,% of 100 cm2 hot-leg break,train,NPPAD_README_case_number
random,seed_20262939,20262939,SGATR_91,SGATR,91.0,% of one full steam-generator-A tube rupture,train,NPPAD_README_case_number
random,seed_20262939,20262939,LR_93,LR,93.0,% of full load rejected,train,NPPAD_README_case_number
random,seed_20262939,20262939,SLBIC_66,SLBIC,66.0,% of 100 cm2 inside-containment steam-line break,train,NPPAD_README_case_number
random,seed_20262939,20262939,LOCA_15,LOCA,15.0,% of 100 cm2 hot-leg break,train,NPPAD_README_case_number
random,seed_20262939,20262939,SLBIC_72,SLBIC,72.0,% of 100 cm2 inside-containment steam-line break,train,NPPAD_README_case_number
random,seed_20262939,20262939,LR_70,LR,70.0,% of full load rejected,train,NPPAD_README_case_number
random,seed_20262939,20262939,SLBIC_73,SLBIC,73.0,% of 100 cm2 inside-containment steam-line break,train,NPPAD_README_case_number
random,seed_20262939,20262939,RI_-1,RI,-1.0,% of rods inserted,train,NPPAD_README_case_number
random,seed_20262939,20262939,FLB_97,FLB,97.0,% of 100 cm2 feedwater-line break,train,NPPAD_README_case_number
random,seed_20262939,20262939,LOCA_33,LOCA,33.0,% of 100 cm2 hot-leg break,train,NPPAD_README_case_number
random,seed_20262939,20262939,SGATR_84,SGATR,84.0,% of one full steam-generator-A tube rupture,train,NPPAD_README_case_number
random,seed_20262939,20262939,FLB_66,FLB,66.0,% of 100 cm2 feedwater-line break,train,NPPAD_README_case_number
random,seed_20262939,20262939,SLBIC_57,SLBIC,57.0,% of 100 cm2 inside-containment steam-line break,train,NPPAD_README_case_number
random,seed_20262939,20262939,SLBIC_32,SLBIC,32.0,% of 100 cm2 inside-containment steam-line break,train,NPPAD_README_case_number
random,seed_20262939,20262939,SLBIC_65,SLBIC,65.0,% of 100 cm2 inside-containment steam-line break,train,NPPAD_README_case_number
random,seed_20262939,20262939,SLBIC_41,SLBIC,41.0,% of 100 cm2 inside-containment steam-line break,train,NPPAD_README_case_number
random,seed_20262939,20262939,SGBTR_103,SGBTR,103.0,% of one full steam-generator-B tube rupture,train,NPPAD_README_case_number
random,seed_20262939,20262939,FLB_34,FLB,34.0,% of 100 cm2 feedwater-line break,train,NPPAD_README_case_number
random,seed_20262939,20262939,RI_-18,RI,-18.0,% of rods inserted,train,NPPAD_README_case_number
random,seed_20262939,20262939,SLBIC_25,SLBIC,25.0,% of 100 cm2 inside-containment steam-line break,train,NPPAD_README_case_number
random,seed_20262939,20262939,SGATR_69,SGATR,69.0,% of one full steam-generator-A tube rupture,train,NPPAD_README_case_number
random,seed_20262939,20262939,SLBIC_36,SLBIC,36.0,% of 100 cm2 inside-containment steam-line break,train,NPPAD_README_case_number
random,seed_20262939,20262939,SLBIC_79,SLBIC,79.0,% of 100 cm2 inside-containment steam-line break,train,NPPAD_README_case_number
random,seed_20262939,20262939,FLB_53,FLB,53.0,% of 100 cm2 feedwater-line break,train,NPPAD_README_case_number
random,seed_20262939,20262939,LOCAC_5,LOCAC,5.0,% of 100 cm2 cold-leg break,train,NPPAD_README_case_number
random,seed_20262939,20262939,SLBIC_51,SLBIC,51.0,% of 100 cm2 inside-containment steam-line break,train,NPPAD_README_case_number
random,seed_20262939,20262939,LOCA_61,LOCA,61.0,% of 100 cm2 hot-leg break,train,NPPAD_README_case_number
random,seed_20262939,20262939,LR_76,LR,76.0,% of full load rejected,train,NPPAD_README_case_number
random,seed_20262939,20262939,SGATR_57,SGATR,57.0,% of one full steam-generator-A tube rupture,train,NPPAD_README_case_number
random,seed_20262939,20262939,LOCA_23,LOCA,23.0,% of 100 cm2 hot-leg break,train,NPPAD_README_case_number
random,seed_20262939,20262939,SLBIC_50,SLBIC,50.0,% of 100 cm2 inside-containment steam-line break,train,NPPAD_README_case_number
random,seed_20262939,20262939,RI_-35,RI,-35.0,% of rods inserted,train,NPPAD_README_case_number
random,seed_20262939,20262939,LOCAC_49,LOCAC,49.0,% of 100 cm2 cold-leg break,train,NPPAD_README_case_number
random,seed_20262939,20262939,LR_80,LR,80.0,% of full load rejected,train,NPPAD_README_case_number
random,seed_20262939,20262939,LOCA_48,LOCA,48.0,% of 100 cm2 hot-leg break,train,NPPAD_README_case_number
random,seed_20262939,20262939,SGBTR_92,SGBTR,92.0,% of one full steam-generator-B tube rupture,train,NPPAD_README_case_number
random,seed_20262939,20262939,FLB_49,FLB,49.0,% of 100 cm2 feedwater-line break,train,NPPAD_README_case_number
random,seed_20262939,20262939,SLBIC_34,SLBIC,34.0,% of 100 cm2 inside-containment steam-line break,train,NPPAD_README_case_number
random,seed_20262939,20262939,LOCA_74,LOCA,74.0,% of 100 cm2 hot-leg break,train,NPPAD_README_case_number
random,seed_20262939,20262939,LOCA_75,LOCA,75.0,% of 100 cm2 hot-leg break,train,NPPAD_README_case_number
random,seed_20262939,20262939,LOCAC_52,LOCAC,52.0,% of 100 cm2 cold-leg break,train,NPPAD_README_case_number
random,seed_20262939,20262939,LR_90,LR,90.0,% of full load rejected,train,NPPAD_README_case_number
random,seed_20262939,20262939,SLBIC_48,SLBIC,48.0,% of 100 cm2 inside-containment steam-line break,train,NPPAD_README_case_number
random,seed_20262939,20262939,FLB_89,FLB,89.0,% of 100 cm2 feedwater-line break,train,NPPAD_README_case_number
random,seed_20262939,20262939,LOCAC_79,LOCAC,79.0,% of 100 cm2 cold-leg break,train,NPPAD_README_case_number
random,seed_20262939,20262939,LR_71,LR,71.0,% of full load rejected,train,NPPAD_README_case_number
random,seed_20262939,20262939,SGATR_70,SGATR,70.0,% of one full steam-generator-A tube rupture,train,NPPAD_README_case_number
random,seed_20262939,20262939,SLBIC_60,SLBIC,60.0,% of 100 cm2 inside-containment steam-line break,train,NPPAD_README_case_number
random,seed_20262939,20262939,LOCA_45,LOCA,45.0,% of 100 cm2 hot-leg break,train,NPPAD_README_case_number
random,seed_20262939,20262939,SLBIC_16,SLBIC,16.0,% of 100 cm2 inside-containment steam-line break,train,NPPAD_README_case_number
random,seed_20262939,20262939,SGATR_89,SGATR,89.0,% of one full steam-generator-A tube rupture,train,NPPAD_README_case_number
random,seed_20262939,20262939,LR_89,LR,89.0,% of full load rejected,train,NPPAD_README_case_number
random,seed_20262939,20262939,FLB_87,FLB,87.0,% of 100 cm2 feedwater-line break,train,NPPAD_README_case_number
random,seed_20262939,20262939,LOCA_52,LOCA,52.0,% of 100 cm2 hot-leg break,train,NPPAD_README_case_number
random,seed_20262939,20262939,LOCA_46,LOCA,46.0,% of 100 cm2 hot-leg break,train,NPPAD_README_case_number
random,seed_20262939,20262939,FLB_81,FLB,81.0,% of 100 cm2 feedwater-line break,train,NPPAD_README_case_number
random,seed_20262939,20262939,LOCAC_69,LOCAC,69.0,% of 100 cm2 cold-leg break,train,NPPAD_README_case_number
random,seed_20262939,20262939,SLBIC_91,SLBIC,91.0,% of 100 cm2 inside-containment steam-line break,train,NPPAD_README_case_number
random,seed_20262939,20262939,LOCAC_33,LOCAC,33.0,% of 100 cm2 cold-leg break,train,NPPAD_README_case_number
random,seed_20262939,20262939,FLB_26,FLB,26.0,% of 100 cm2 feedwater-line break,train,NPPAD_README_case_number
random,seed_20262939,20262939,RI_-20,RI,-20.0,% of rods inserted,train,NPPAD_README_case_number
random,seed_20262939,20262939,FLB_24,FLB,24.0,% of 100 cm2 feedwater-line break,train,NPPAD_README_case_number
random,seed_20262939,20262939,SGATR_86,SGATR,86.0,% of one full steam-generator-A tube rupture,train,NPPAD_README_case_number
random,seed_20262939,20262939,SLBIC_15,SLBIC,15.0,% of 100 cm2 inside-containment steam-line break,train,NPPAD_README_case_number
random,seed_20262939,20262939,LR_84,LR,84.0,% of full load rejected,train,NPPAD_README_case_number
random,seed_20262939,20262939,LOCAC_70,LOCAC,70.0,% of 100 cm2 cold-leg break,train,NPPAD_README_case_number
random,seed_20262939,20262939,SLBIC_99,SLBIC,99.0,% of 100 cm2 inside-containment steam-line break,train,NPPAD_README_case_number
random,seed_20262939,20262939,FLB_36,FLB,36.0,% of 100 cm2 feedwater-line break,train,NPPAD_README_case_number
random,seed_20262939,20262939,LOCAC_30,LOCAC,30.0,% of 100 cm2 cold-leg break,train,NPPAD_README_case_number
random,seed_20262939,20262939,SGBTR_98,SGBTR,98.0,% of one full steam-generator-B tube rupture,train,NPPAD_README_case_number
random,seed_20262939,20262939,LOCAC_7,LOCAC,7.0,% of 100 cm2 cold-leg break,train,NPPAD_README_case_number
random,seed_20262939,20262939,SLBIC_92,SLBIC,92.0,% of 100 cm2 inside-containment steam-line break,train,NPPAD_README_case_number
random,seed_20262939,20262939,LOCA_31,LOCA,31.0,% of 100 cm2 hot-leg break,train,NPPAD_README_case_number
random,seed_20262939,20262939,SLBIC_17,SLBIC,17.0,% of 100 cm2 inside-containment steam-line break,train,NPPAD_README_case_number
random,seed_20262939,20262939,SLBIC_70,SLBIC,70.0,% of 100 cm2 inside-containment steam-line break,train,NPPAD_README_case_number
random,seed_20262939,20262939,LR_85,LR,85.0,% of full load rejected,train,NPPAD_README_case_number
random,seed_20262939,20262939,LOCA_27,LOCA,27.0,% of 100 cm2 hot-leg break,train,NPPAD_README_case_number
random,seed_20262939,20262939,FLB_12,FLB,12.0,% of 100 cm2 feedwater-line break,train,NPPAD_README_case_number
random,seed_20262939,20262939,LOCA_10,LOCA,10.0,% of 100 cm2 hot-leg break,train,NPPAD_README_case_number
random,seed_20262939,20262939,FLB_32,FLB,32.0,% of 100 cm2 feedwater-line break,train,NPPAD_README_case_number
random,seed_20262939,20262939,LOCAC_57,LOCAC,57.0,% of 100 cm2 cold-leg break,train,NPPAD_README_case_number
random,seed_20262939,20262939,SGATR_96,SGATR,96.0,% of one full steam-generator-A tube rupture,train,NPPAD_README_case_number
random,seed_20262939,20262939,FLB_11,FLB,11.0,% of 100 cm2 feedwater-line break,train,NPPAD_README_case_number
random,seed_20262939,20262939,SLBIC_33,SLBIC,33.0,% of 100 cm2 inside-containment steam-line break,train,NPPAD_README_case_number
random,seed_20262939,20262939,LOCAC_23,LOCAC,23.0,% of 100 cm2 cold-leg break,train,NPPAD_README_case_number
random,seed_20262939,20262939,LOCA_29,LOCA,29.0,% of 100 cm2 hot-leg break,train,NPPAD_README_case_number
random,seed_20262939,20262939,LOCAC_25,LOCAC,25.0,% of 100 cm2 cold-leg break,train,NPPAD_README_case_number
random,seed_20262939,20262939,SLBIC_27,SLBIC,27.0,% of 100 cm2 inside-containment steam-line break,train,NPPAD_README_case_number
random,seed_20262939,20262939,RW_3,RW,3.0,% of rods withdrawn,train,NPPAD_README_case_number
random,seed_20262939,20262939,LOCA_35,LOCA,35.0,% of 100 cm2 hot-leg break,train,NPPAD_README_case_number
random,seed_20262939,20262939,SGBTR_83,SGBTR,83.0,% of one full steam-generator-B tube rupture,train,NPPAD_README_case_number
random,seed_20262939,20262939,SLBIC_26,SLBIC,26.0,% of 100 cm2 inside-containment steam-line break,train,NPPAD_README_case_number
random,seed_20262939,20262939,SLBIC_98,SLBIC,98.0,% of 100 cm2 inside-containment steam-line break,train,NPPAD_README_case_number
random,seed_20262939,20262939,SLBIC_76,SLBIC,76.0,% of 100 cm2 inside-containment steam-line break,train,NPPAD_README_case_number
random,seed_20262939,20262939,RI_-6,RI,-6.0,% of rods inserted,train,NPPAD_README_case_number
random,seed_20262939,20262939,SLBIC_43,SLBIC,43.0,% of 100 cm2 inside-containment steam-line break,train,NPPAD_README_case_number
random,seed_20262939,20262939,LOCAC_4,LOCAC,4.0,% of 100 cm2 cold-leg break,train,NPPAD_README_case_number
random,seed_20262939,20262939,FLB_9,FLB,9.0,% of 100 cm2 feedwater-line break,train,NPPAD_README_case_number
random,seed_20262939,20262939,LOCAC_58,LOCAC,58.0,% of 100 cm2 cold-leg break,train,NPPAD_README_case_number
random,seed_20262939,20262939,SGATR_64,SGATR,64.0,% of one full steam-generator-A tube rupture,train,NPPAD_README_case_number
random,seed_20262939,20262939,FLB_92,FLB,92.0,% of 100 cm2 feedwater-line break,train,NPPAD_README_case_number
random,seed_20262939,20262939,LOCA_26,LOCA,26.0,% of 100 cm2 hot-leg break,train,NPPAD_README_case_number
random,seed_20262939,20262939,SLBIC_83,SLBIC,83.0,% of 100 cm2 inside-containment steam-line break,train,NPPAD_README_case_number
random,seed_20262939,20262939,SLBIC_31,SLBIC,31.0,% of 100 cm2 inside-containment steam-line break,train,NPPAD_README_case_number
random,seed_20262939,20262939,LOCAC_50,LOCAC,50.0,% of 100 cm2 cold-leg break,train,NPPAD_README_case_number
random,seed_20262939,20262939,LOCAC_48,LOCAC,48.0,% of 100 cm2 cold-leg break,train,NPPAD_README_case_number
random,seed_20262939,20262939,SLBIC_86,SLBIC,86.0,% of 100 cm2 inside-containment steam-line break,train,NPPAD_README_case_number
random,seed_20262939,20262939,SGBTR_93,SGBTR,93.0,% of one full steam-generator-B tube rupture,train,NPPAD_README_case_number
random,seed_20262939,20262939,SLBIC_30,SLBIC,30.0,% of 100 cm2 inside-containment steam-line break,train,NPPAD_README_case_number
random,seed_20262939,20262939,LOCAC_31,LOCAC,31.0,% of 100 cm2 cold-leg break,train,NPPAD_README_case_number
random,seed_20262939,20262939,LOCA_19,LOCA,19.0,% of 100 cm2 hot-leg break,train,NPPAD_README_case_number
random,seed_20262939,20262939,SGATR_88,SGATR,88.0,% of one full steam-generator-A tube rupture,train,NPPAD_README_case_number
random,seed_20262939,20262939,SLBIC_59,SLBIC,59.0,% of 100 cm2 inside-containment steam-line break,train,NPPAD_README_case_number
random,seed_20262939,20262939,RI_-19,RI,-19.0,% of rods inserted,train,NPPAD_README_case_number
random,seed_20262939,20262939,LOCA_7,LOCA,7.0,% of 100 cm2 hot-leg break,train,NPPAD_README_case_number
random,seed_20262939,20262939,LR_75,LR,75.0,% of full load rejected,train,NPPAD_README_case_number
random,seed_20262939,20262939,LOCAC_55,LOCAC,55.0,% of 100 cm2 cold-leg break,train,NPPAD_README_case_number
random,seed_20262939,20262939,SLBIC_49,SLBIC,49.0,% of 100 cm2 inside-containment steam-line break,train,NPPAD_README_case_number
random,seed_20262939,20262939,LOCA_4,LOCA,4.0,% of 100 cm2 hot-leg break,train,NPPAD_README_case_number
random,seed_20262939,20262939,FLB_31,FLB,31.0,% of 100 cm2 feedwater-line break,train,NPPAD_README_case_number
random,seed_20262939,20262939,SGBTR_97,SGBTR,97.0,% of one full steam-generator-B tube rupture,train,NPPAD_README_case_number
random,seed_20262939,20262939,FLB_80,FLB,80.0,% of 100 cm2 feedwater-line break,train,NPPAD_README_case_number
random,seed_20262939,20262939,FLB_39,FLB,39.0,% of 100 cm2 feedwater-line break,train,NPPAD_README_case_number
random,seed_20262939,20262939,LOCAC_28,LOCAC,28.0,% of 100 cm2 cold-leg break,train,NPPAD_README_case_number
random,seed_20262939,20262939,LOCAC_72,LOCAC,72.0,% of 100 cm2 cold-leg break,train,NPPAD_README_case_number
random,seed_20262939,20262939,LR_77,LR,77.0,% of full load rejected,train,NPPAD_README_case_number
random,seed_20262939,20262939,SGBTR_61,SGBTR,61.0,% of one full steam-generator-B tube rupture,train,NPPAD_README_case_number
random,seed_20262939,20262939,FLB_44,FLB,44.0,% of 100 cm2 feedwater-line break,train,NPPAD_README_case_number
random,seed_20262939,20262939,LOCAC_24,LOCAC,24.0,% of 100 cm2 cold-leg break,train,NPPAD_README_case_number
random,seed_20262939,20262939,SLBIC_97,SLBIC,97.0,% of 100 cm2 inside-containment steam-line break,train,NPPAD_README_case_number
random,seed_20262939,20262939,SGATR_92,SGATR,92.0,% of one full steam-generator-A tube rupture,train,NPPAD_README_case_number
random,seed_20262939,20262939,SGATR_73,SGATR,73.0,% of one full steam-generator-A tube rupture,train,NPPAD_README_case_number
random,seed_20262939,20262939,LOCAC_46,LOCAC,46.0,% of 100 cm2 cold-leg break,train,NPPAD_README_case_number
random,seed_20262939,20262939,SGBTR_107,SGBTR,107.0,% of one full steam-generator-B tube rupture,train,NPPAD_README_case_number
random,seed_20262939,20262939,FLB_30,FLB,30.0,% of 100 cm2 feedwater-line break,train,NPPAD_README_case_number
random,seed_20262939,20262939,FLB_51,FLB,51.0,% of 100 cm2 feedwater-line break,train,NPPAD_README_case_number
random,seed_20262939,20262939,FLB_91,FLB,91.0,% of 100 cm2 feedwater-line break,train,NPPAD_README_case_number
random,seed_20262939,20262939,RI_-34,RI,-34.0,% of rods inserted,train,NPPAD_README_case_number
random,seed_20262939,20262939,LOCA_60,LOCA,60.0,% of 100 cm2 hot-leg break,train,NPPAD_README_case_number
random,seed_20262939,20262939,LOCA_54,LOCA,54.0,% of 100 cm2 hot-leg break,train,NPPAD_README_case_number
random,seed_20262939,20262939,FLB_33,FLB,33.0,% of 100 cm2 feedwater-line break,train,NPPAD_README_case_number
random,seed_20262939,20262939,SGATR_78,SGATR,78.0,% of one full steam-generator-A tube rupture,train,NPPAD_README_case_number
random,seed_20262939,20262939,SLBIC_39,SLBIC,39.0,% of 100 cm2 inside-containment steam-line break,train,NPPAD_README_case_number
random,seed_20262939,20262939,LR_87,LR,87.0,% of full load rejected,train,NPPAD_README_case_number
random,seed_20262939,20262939,FLB_20,FLB,20.0,% of 100 cm2 feedwater-line break,train,NPPAD_README_case_number
random,seed_20262939,20262939,FLB_15,FLB,15.0,% of 100 cm2 feedwater-line break,train,NPPAD_README_case_number
random,seed_20262939,20262939,LOCA_44,LOCA,44.0,% of 100 cm2 hot-leg break,train,NPPAD_README_case_number
random,seed_20262939,20262939,LR_99,LR,99.0,% of full load rejected,train,NPPAD_README_case_number
random,seed_20262939,20262939,FLB_65,FLB,65.0,% of 100 cm2 feedwater-line break,train,NPPAD_README_case_number
random,seed_20262939,20262939,SLBIC_68,SLBIC,68.0,% of 100 cm2 inside-containment steam-line break,train,NPPAD_README_case_number
random,seed_20262939,20262939,LOCAC_19,LOCAC,19.0,% of 100 cm2 cold-leg break,train,NPPAD_README_case_number
random,seed_20262939,20262939,FLB_28,FLB,28.0,% of 100 cm2 feedwater-line break,train,NPPAD_README_case_number
random,seed_20262939,20262939,SGBTR_100,SGBTR,100.0,% of one full steam-generator-B tube rupture,train,NPPAD_README_case_number
random,seed_20262939,20262939,LOCA_16,LOCA,16.0,% of 100 cm2 hot-leg break,train,NPPAD_README_case_number
random,seed_20262939,20262939,LOCA_36,LOCA,36.0,% of 100 cm2 hot-leg break,train,NPPAD_README_case_number
random,seed_20262939,20262939,SGATR_68,SGATR,68.0,% of one full steam-generator-A tube rupture,train,NPPAD_README_case_number
random,seed_20262939,20262939,LOCA_39,LOCA,39.0,% of 100 cm2 hot-leg break,train,NPPAD_README_case_number
random,seed_20262939,20262939,FLB_83,FLB,83.0,% of 100 cm2 feedwater-line break,train,NPPAD_README_case_number
random,seed_20262939,20262939,LOCAC_74,LOCAC,74.0,% of 100 cm2 cold-leg break,train,NPPAD_README_case_number
random,seed_20262939,20262939,SLBIC_35,SLBIC,35.0,% of 100 cm2 inside-containment steam-line break,train,NPPAD_README_case_number
random,seed_20262939,20262939,SGATR_99,SGATR,99.0,% of one full steam-generator-A tube rupture,train,NPPAD_README_case_number
random,seed_20262939,20262939,SLBIC_62,SLBIC,62.0,% of 100 cm2 inside-containment steam-line break,train,NPPAD_README_case_number
random,seed_20262939,20262939,SGBTR_88,SGBTR,88.0,% of one full steam-generator-B tube rupture,train,NPPAD_README_case_number
random,seed_20262939,20262939,LOCA_34,LOCA,34.0,% of 100 cm2 hot-leg break,train,NPPAD_README_case_number
random,seed_20262939,20262939,SLBIC_19,SLBIC,19.0,% of 100 cm2 inside-containment steam-line break,train,NPPAD_README_case_number
random,seed_20262939,20262939,LOCAC_56,LOCAC,56.0,% of 100 cm2 cold-leg break,train,NPPAD_README_case_number
random,seed_20262939,20262939,FLB_48,FLB,48.0,% of 100 cm2 feedwater-line break,train,NPPAD_README_case_number
random,seed_20262939,20262939,SGBTR_85,SGBTR,85.0,% of one full steam-generator-B tube rupture,train,NPPAD_README_case_number
random,seed_20262939,20262939,LOCA_8,LOCA,8.0,% of 100 cm2 hot-leg break,train,NPPAD_README_case_number
random,seed_20262939,20262939,SGATR_90,SGATR,90.0,% of one full steam-generator-A tube rupture,train,NPPAD_README_case_number
random,seed_20262939,20262939,LOCA_40,LOCA,40.0,% of 100 cm2 hot-leg break,train,NPPAD_README_case_number
random,seed_20262939,20262939,LOCAC_73,LOCAC,73.0,% of 100 cm2 cold-leg break,train,NPPAD_README_case_number
random,seed_20262939,20262939,SGBTR_99,SGBTR,99.0,% of one full steam-generator-B tube rupture,train,NPPAD_README_case_number
random,seed_20262939,20262939,RI_-10,RI,-10.0,% of rods inserted,train,NPPAD_README_case_number
random,seed_20262939,20262939,LOCA_14,LOCA,14.0,% of 100 cm2 hot-leg break,train,NPPAD_README_case_number
random,seed_20262939,20262939,FLB_16,FLB,16.0,% of 100 cm2 feedwater-line break,train,NPPAD_README_case_number
random,seed_20262939,20262939,SLBIC_85,SLBIC,85.0,% of 100 cm2 inside-containment steam-line break,train,NPPAD_README_case_number
random,seed_20262939,20262939,LOCAC_62,LOCAC,62.0,% of 100 cm2 cold-leg break,train,NPPAD_README_case_number
random,seed_20262939,20262939,LOCA_63,LOCA,63.0,% of 100 cm2 hot-leg break,train,NPPAD_README_case_number
random,seed_20262939,20262939,RI_-31,RI,-31.0,% of rods inserted,train,NPPAD_README_case_number
random,seed_20262939,20262939,RI_-9,RI,-9.0,% of rods inserted,validation,NPPAD_README_case_number
random,seed_20262939,20262939,FLB_70,FLB,70.0,% of 100 cm2 feedwater-line break,validation,NPPAD_README_case_number
random,seed_20262939,20262939,FLB_63,FLB,63.0,% of 100 cm2 feedwater-line break,validation,NPPAD_README_case_number
random,seed_20262939,20262939,LOCA_55,LOCA,55.0,% of 100 cm2 hot-leg break,validation,NPPAD_README_case_number
random,seed_20262939,20262939,LOCAC_13,LOCAC,13.0,% of 100 cm2 cold-leg break,validation,NPPAD_README_case_number
random,seed_20262939,20262939,SGBTR_72,SGBTR,72.0,% of one full steam-generator-B tube rupture,validation,NPPAD_README_case_number
random,seed_20262939,20262939,RW_1,RW,1.0,% of rods withdrawn,validation,NPPAD_README_case_number
random,seed_20262939,20262939,SLBIC_71,SLBIC,71.0,% of 100 cm2 inside-containment steam-line break,validation,NPPAD_README_case_number
random,seed_20262939,20262939,RI_-5,RI,-5.0,% of rods inserted,validation,NPPAD_README_case_number
random,seed_20262939,20262939,LOCAC_54,LOCAC,54.0,% of 100 cm2 cold-leg break,validation,NPPAD_README_case_number
random,seed_20262939,20262939,FLB_13,FLB,13.0,% of 100 cm2 feedwater-line break,validation,NPPAD_README_case_number
random,seed_20262939,20262939,SGATR_87,SGATR,87.0,% of one full steam-generator-A tube rupture,validation,NPPAD_README_case_number
random,seed_20262939,20262939,FLB_84,FLB,84.0,% of 100 cm2 feedwater-line break,validation,NPPAD_README_case_number
random,seed_20262939,20262939,SLBIC_56,SLBIC,56.0,% of 100 cm2 inside-containment steam-line break,validation,NPPAD_README_case_number
random,seed_20262939,20262939,RI_-26,RI,-26.0,% of rods inserted,validation,NPPAD_README_case_number
random,seed_20262939,20262939,LOCA_64,LOCA,64.0,% of 100 cm2 hot-leg break,validation,NPPAD_README_case_number
random,seed_20262939,20262939,FLB_45,FLB,45.0,% of 100 cm2 feedwater-line break,validation,NPPAD_README_case_number
random,seed_20262939,20262939,FLB_86,FLB,86.0,% of 100 cm2 feedwater-line break,validation,NPPAD_README_case_number
random,seed_20262939,20262939,LOCAC_43,LOCAC,43.0,% of 100 cm2 cold-leg break,validation,NPPAD_README_case_number
random,seed_20262939,20262939,LOCA_6,LOCA,6.0,% of 100 cm2 hot-leg break,validation,NPPAD_README_case_number
random,seed_20262939,20262939,LOCA_57,LOCA,57.0,% of 100 cm2 hot-leg break,validation,NPPAD_README_case_number
random,seed_20262939,20262939,FLB_74,FLB,74.0,% of 100 cm2 feedwater-line break,validation,NPPAD_README_case_number
random,seed_20262939,20262939,SGATR_60,SGATR,60.0,% of one full steam-generator-A tube rupture,validation,NPPAD_README_case_number
random,seed_20262939,20262939,SGBTR_109,SGBTR,109.0,% of one full steam-generator-B tube rupture,validation,NPPAD_README_case_number
random,seed_20262939,20262939,LOCA_59,LOCA,59.0,% of 100 cm2 hot-leg break,validation,NPPAD_README_case_number
random,seed_20262939,20262939,LOCAC_17,LOCAC,17.0,% of 100 cm2 cold-leg break,validation,NPPAD_README_case_number
random,seed_20262939,20262939,LOCAC_12,LOCAC,12.0,% of 100 cm2 cold-leg break,validation,NPPAD_README_case_number
random,seed_20262939,20262939,RI_-22,RI,-22.0,% of rods inserted,validation,NPPAD_README_case_number
random,seed_20262939,20262939,SGATR_80,SGATR,80.0,% of one full steam-generator-A tube rupture,validation,NPPAD_README_case_number
random,seed_20262939,20262939,SLBIC_24,SLBIC,24.0,% of 100 cm2 inside-containment steam-line break,validation,NPPAD_README_case_number
random,seed_20262939,20262939,FLB_57,FLB,57.0,% of 100 cm2 feedwater-line break,validation,NPPAD_README_case_number
random,seed_20262939,20262939,LOCAC_51,LOCAC,51.0,% of 100 cm2 cold-leg break,validation,NPPAD_README_case_number
random,seed_20262939,20262939,RI_-28,RI,-28.0,% of rods inserted,validation,NPPAD_README_case_number
random,seed_20262939,20262939,LOCAC_37,LOCAC,37.0,% of 100 cm2 cold-leg break,validation,NPPAD_README_case_number
random,seed_20262939,20262939,LOCA_51,LOCA,51.0,% of 100 cm2 hot-leg break,validation,NPPAD_README_case_number
random,seed_20262939,20262939,LOCAC_8,LOCAC,8.0,% of 100 cm2 cold-leg break,validation,NPPAD_README_case_number
random,seed_20262939,20262939,LOCAC_60,LOCAC,60.0,% of 100 cm2 cold-leg break,validation,NPPAD_README_case_number
random,seed_20262939,20262939,FLB_76,FLB,76.0,% of 100 cm2 feedwater-line break,validation,NPPAD_README_case_number
random,seed_20262939,20262939,SLBIC_20,SLBIC,20.0,% of 100 cm2 inside-containment steam-line break,validation,NPPAD_README_case_number
random,seed_20262939,20262939,SGATR_74,SGATR,74.0,% of one full steam-generator-A tube rupture,validation,NPPAD_README_case_number
random,seed_20262939,20262939,LOCA_68,LOCA,68.0,% of 100 cm2 hot-leg break,validation,NPPAD_README_case_number
random,seed_20262939,20262939,SGATR_76,SGATR,76.0,% of one full steam-generator-A tube rupture,validation,NPPAD_README_case_number
random,seed_20262939,20262939,SGATR_71,SGATR,71.0,% of one full steam-generator-A tube rupture,validation,NPPAD_README_case_number
random,seed_20262939,20262939,SGBTR_65,SGBTR,65.0,% of one full steam-generator-B tube rupture,validation,NPPAD_README_case_number
random,seed_20262939,20262939,LOCAC_35,LOCAC,35.0,% of 100 cm2 cold-leg break,validation,NPPAD_README_case_number
random,seed_20262939,20262939,LOCAC_47,LOCAC,47.0,% of 100 cm2 cold-leg break,validation,NPPAD_README_case_number
random,seed_20262939,20262939,LOCAC_16,LOCAC,16.0,% of 100 cm2 cold-leg break,validation,NPPAD_README_case_number
random,seed_20262939,20262939,SGBTR_102,SGBTR,102.0,% of one full steam-generator-B tube rupture,validation,NPPAD_README_case_number
random,seed_20262939,20262939,FLB_77,FLB,77.0,% of 100 cm2 feedwater-line break,validation,NPPAD_README_case_number
random,seed_20262939,20262939,LR_94,LR,94.0,% of full load rejected,validation,NPPAD_README_case_number
random,seed_20262939,20262939,FLB_61,FLB,61.0,% of 100 cm2 feedwater-line break,validation,NPPAD_README_case_number
random,seed_20262939,20262939,SLBIC_77,SLBIC,77.0,% of 100 cm2 inside-containment steam-line break,validation,NPPAD_README_case_number
random,seed_20262939,20262939,SLBIC_61,SLBIC,61.0,% of 100 cm2 inside-containment steam-line break,validation,NPPAD_README_case_number
random,seed_20262939,20262939,RI_-23,RI,-23.0,% of rods inserted,validation,NPPAD_README_case_number
random,seed_20262939,20262939,FLB_37,FLB,37.0,% of 100 cm2 feedwater-line break,validation,NPPAD_README_case_number
random,seed_20262939,20262939,SGATR_67,SGATR,67.0,% of one full steam-generator-A tube rupture,validation,NPPAD_README_case_number
random,seed_20262939,20262939,SGBTR_67,SGBTR,67.0,% of one full steam-generator-B tube rupture,validation,NPPAD_README_case_number
random,seed_20262939,20262939,FLB_99,FLB,99.0,% of 100 cm2 feedwater-line break,validation,NPPAD_README_case_number
random,seed_20262939,20262939,LOCA_20,LOCA,20.0,% of 100 cm2 hot-leg break,validation,NPPAD_README_case_number
random,seed_20262939,20262939,SGBTR_73,SGBTR,73.0,% of one full steam-generator-B tube rupture,validation,NPPAD_README_case_number
random,seed_20262939,20262939,SLBIC_69,SLBIC,69.0,% of 100 cm2 inside-containment steam-line break,validation,NPPAD_README_case_number
random,seed_20262939,20262939,SLBIC_78,SLBIC,78.0,% of 100 cm2 inside-containment steam-line break,validation,NPPAD_README_case_number
random,seed_20262939,20262939,LOCA_42,LOCA,42.0,% of 100 cm2 hot-leg break,validation,NPPAD_README_case_number
random,seed_20262939,20262939,LOCA_73,LOCA,73.0,% of 100 cm2 hot-leg break,validation,NPPAD_README_case_number
random,seed_20262939,20262939,LOCAC_14,LOCAC,14.0,% of 100 cm2 cold-leg break,validation,NPPAD_README_case_number
random,seed_20262939,20262939,FLB_94,FLB,94.0,% of 100 cm2 feedwater-line break,validation,NPPAD_README_case_number
random,seed_20262939,20262939,FLB_4,FLB,4.0,% of 100 cm2 feedwater-line break,validation,NPPAD_README_case_number
random,seed_20262939,20262939,SLBIC_37,SLBIC,37.0,% of 100 cm2 inside-containment steam-line break,validation,NPPAD_README_case_number
random,seed_20262939,20262939,SGATR_82,SGATR,82.0,% of one full steam-generator-A tube rupture,validation,NPPAD_README_case_number
random,seed_20262939,20262939,LOCAC_66,LOCAC,66.0,% of 100 cm2 cold-leg break,validation,NPPAD_README_case_number
random,seed_20262939,20262939,SLBIC_58,SLBIC,58.0,% of 100 cm2 inside-containment steam-line break,validation,NPPAD_README_case_number
random,seed_20262939,20262939,SLBIC_89,SLBIC,89.0,% of 100 cm2 inside-containment steam-line break,validation,NPPAD_README_case_number
random,seed_20262939,20262939,LOCAC_39,LOCAC,39.0,% of 100 cm2 cold-leg break,validation,NPPAD_README_case_number
random,seed_20262939,20262939,LOCA_56,LOCA,56.0,% of 100 cm2 hot-leg break,validation,NPPAD_README_case_number
random,seed_20262939,20262939,SGBTR_71,SGBTR,71.0,% of one full steam-generator-B tube rupture,validation,NPPAD_README_case_number
random,seed_20262939,20262939,SGBTR_95,SGBTR,95.0,% of one full steam-generator-B tube rupture,validation,NPPAD_README_case_number
random,seed_20262939,20262939,SLBIC_84,SLBIC,84.0,% of 100 cm2 inside-containment steam-line break,validation,NPPAD_README_case_number
random,seed_20262939,20262939,LR_74,LR,74.0,% of full load rejected,validation,NPPAD_README_case_number
random,seed_20262939,20262939,SLBIC_63,SLBIC,63.0,% of 100 cm2 inside-containment steam-line break,validation,NPPAD_README_case_number
random,seed_20262939,20262939,SGBTR_105,SGBTR,105.0,% of one full steam-generator-B tube rupture,validation,NPPAD_README_case_number
random,seed_20262939,20262939,LR_95,LR,95.0,% of full load rejected,validation,NPPAD_README_case_number
random,seed_20262939,20262939,LOCA_50,LOCA,50.0,% of 100 cm2 hot-leg break,validation,NPPAD_README_case_number
random,seed_20262939,20262939,LOCA_11,LOCA,11.0,% of 100 cm2 hot-leg break,validation,NPPAD_README_case_number
random,seed_20262939,20262939,LR_81,LR,81.0,% of full load rejected,validation,NPPAD_README_case_number
random,seed_20262939,20262939,SLBIC_21,SLBIC,21.0,% of 100 cm2 inside-containment steam-line break,validation,NPPAD_README_case_number
random,seed_20262939,20262939,LOCA_49,LOCA,49.0,% of 100 cm2 hot-leg break,validation,NPPAD_README_case_number
random,seed_20262939,20262939,FLB_75,FLB,75.0,% of 100 cm2 feedwater-line break,validation,NPPAD_README_case_number
random,seed_20262939,20262939,LOCA_41,LOCA,41.0,% of 100 cm2 hot-leg break,validation,NPPAD_README_case_number
random,seed_20262939,20262939,SGATR_75,SGATR,75.0,% of one full steam-generator-A tube rupture,validation,NPPAD_README_case_number
random,seed_20262939,20262939,LR_72,LR,72.0,% of full load rejected,validation,NPPAD_README_case_number
random,seed_20262939,20262939,SGBTR_101,SGBTR,101.0,% of one full steam-generator-B tube rupture,validation,NPPAD_README_case_number
random,seed_20262939,20262939,SGBTR_66,SGBTR,66.0,% of one full steam-generator-B tube rupture,validation,NPPAD_README_case_number
random,seed_20262939,20262939,SLBIC_40,SLBIC,40.0,% of 100 cm2 inside-containment steam-line break,validation,NPPAD_README_case_number
random,seed_20262939,20262939,FLB_98,FLB,98.0,% of 100 cm2 feedwater-line break,validation,NPPAD_README_case_number
random,seed_20262939,20262939,SLBIC_80,SLBIC,80.0,% of 100 cm2 inside-containment steam-line break,validation,NPPAD_README_case_number
random,seed_20262939,20262939,FLB_41,FLB,41.0,% of 100 cm2 feedwater-line break,validation,NPPAD_README_case_number
random,seed_20262939,20262939,FLB_40,FLB,40.0,% of 100 cm2 feedwater-line break,validation,NPPAD_README_case_number
random,seed_20262939,20262939,RI_-4,RI,-4.0,% of rods inserted,validation,NPPAD_README_case_number
random,seed_20262939,20262939,LR_98,LR,98.0,% of full load rejected,validation,NPPAD_README_case_number
random,seed_20262939,20262939,SLBIC_101,SLBIC,101.0,% of 100 cm2 inside-containment steam-line break,validation,NPPAD_README_case_number
random,seed_20262939,20262939,FLB_17,FLB,17.0,% of 100 cm2 feedwater-line break,validation,NPPAD_README_case_number
random,seed_20262939,20262939,LOCAC_61,LOCAC,61.0,% of 100 cm2 cold-leg break,test,NPPAD_README_case_number
random,seed_20262939,20262939,LR_96,LR,96.0,% of full load rejected,test,NPPAD_README_case_number
random,seed_20262939,20262939,FLB_85,FLB,85.0,% of 100 cm2 feedwater-line break,test,NPPAD_README_case_number
random,seed_20262939,20262939,SGATR_61,SGATR,61.0,% of one full steam-generator-A tube rupture,test,NPPAD_README_case_number
random,seed_20262939,20262939,LOCAC_41,LOCAC,41.0,% of 100 cm2 cold-leg break,test,NPPAD_README_case_number
random,seed_20262939,20262939,SLBIC_14,SLBIC,14.0,% of 100 cm2 inside-containment steam-line break,test,NPPAD_README_case_number
random,seed_20262939,20262939,LOCAC_44,LOCAC,44.0,% of 100 cm2 cold-leg break,test,NPPAD_README_case_number
random,seed_20262939,20262939,LOCA_66,LOCA,66.0,% of 100 cm2 hot-leg break,test,NPPAD_README_case_number
random,seed_20262939,20262939,LOCAC_26,LOCAC,26.0,% of 100 cm2 cold-leg break,test,NPPAD_README_case_number
random,seed_20262939,20262939,SGATR_79,SGATR,79.0,% of one full steam-generator-A tube rupture,test,NPPAD_README_case_number
random,seed_20262939,20262939,RI_-21,RI,-21.0,% of rods inserted,test,NPPAD_README_case_number
random,seed_20262939,20262939,FLB_56,FLB,56.0,% of 100 cm2 feedwater-line break,test,NPPAD_README_case_number
random,seed_20262939,20262939,LOCA_37,LOCA,37.0,% of 100 cm2 hot-leg break,test,NPPAD_README_case_number
random,seed_20262939,20262939,LOCA_32,LOCA,32.0,% of 100 cm2 hot-leg break,test,NPPAD_README_case_number
random,seed_20262939,20262939,LOCAC_11,LOCAC,11.0,% of 100 cm2 cold-leg break,test,NPPAD_README_case_number
random,seed_20262939,20262939,LOCAC_21,LOCAC,21.0,% of 100 cm2 cold-leg break,test,NPPAD_README_case_number
random,seed_20262939,20262939,RI_-16,RI,-16.0,% of rods inserted,test,NPPAD_README_case_number
random,seed_20262939,20262939,LOCAC_27,LOCAC,27.0,% of 100 cm2 cold-leg break,test,NPPAD_README_case_number
random,seed_20262939,20262939,SGATR_93,SGATR,93.0,% of one full steam-generator-A tube rupture,test,NPPAD_README_case_number
random,seed_20262939,20262939,SLBIC_47,SLBIC,47.0,% of 100 cm2 inside-containment steam-line break,test,NPPAD_README_case_number
random,seed_20262939,20262939,LR_78,LR,78.0,% of full load rejected,test,NPPAD_README_case_number
random,seed_20262939,20262939,SLBIC_28,SLBIC,28.0,% of 100 cm2 inside-containment steam-line break,test,NPPAD_README_case_number
random,seed_20262939,20262939,LOCAC_32,LOCAC,32.0,% of 100 cm2 cold-leg break,test,NPPAD_README_case_number
random,seed_20262939,20262939,SLBIC_75,SLBIC,75.0,% of 100 cm2 inside-containment steam-line break,test,NPPAD_README_case_number
random,seed_20262939,20262939,SLBIC_18,SLBIC,18.0,% of 100 cm2 inside-containment steam-line break,test,NPPAD_README_case_number
random,seed_20262939,20262939,RI_-14,RI,-14.0,% of rods inserted,test,NPPAD_README_case_number
random,seed_20262939,20262939,SLBIC_87,SLBIC,87.0,% of 100 cm2 inside-containment steam-line break,test,NPPAD_README_case_number
random,seed_20262939,20262939,SGATR_83,SGATR,83.0,% of one full steam-generator-A tube rupture,test,NPPAD_README_case_number
random,seed_20262939,20262939,FLB_10,FLB,10.0,% of 100 cm2 feedwater-line break,test,NPPAD_README_case_number
random,seed_20262939,20262939,SGATR_85,SGATR,85.0,% of one full steam-generator-A tube rupture,test,NPPAD_README_case_number
random,seed_20262939,20262939,SGBTR_70,SGBTR,70.0,% of one full steam-generator-B tube rupture,test,NPPAD_README_case_number
random,seed_20262939,20262939,FLB_18,FLB,18.0,% of 100 cm2 feedwater-line break,test,NPPAD_README_case_number
random,seed_20262939,20262939,SLBIC_54,SLBIC,54.0,% of 100 cm2 inside-containment steam-line break,test,NPPAD_README_case_number
random,seed_20262939,20262939,LR_86,LR,86.0,% of full load rejected,test,NPPAD_README_case_number
random,seed_20262939,20262939,SLBIC_46,SLBIC,46.0,% of 100 cm2 inside-containment steam-line break,test,NPPAD_README_case_number
random,seed_20262939,20262939,LOCA_24,LOCA,24.0,% of 100 cm2 hot-leg break,test,NPPAD_README_case_number
random,seed_20262939,20262939,SGBTR_89,SGBTR,89.0,% of one full steam-generator-B tube rupture,test,NPPAD_README_case_number
random,seed_20262939,20262939,SLBIC_55,SLBIC,55.0,% of 100 cm2 inside-containment steam-line break,test,NPPAD_README_case_number
random,seed_20262939,20262939,LOCAC_29,LOCAC,29.0,% of 100 cm2 cold-leg break,test,NPPAD_README_case_number
random,seed_20262939,20262939,LOCA_28,LOCA,28.0,% of 100 cm2 hot-leg break,test,NPPAD_README_case_number
random,seed_20262939,20262939,SLBIC_64,SLBIC,64.0,% of 100 cm2 inside-containment steam-line break,test,NPPAD_README_case_number
random,seed_20262939,20262939,SLBIC_52,SLBIC,52.0,% of 100 cm2 inside-containment steam-line break,test,NPPAD_README_case_number
random,seed_20262939,20262939,FLB_78,FLB,78.0,% of 100 cm2 feedwater-line break,test,NPPAD_README_case_number
random,seed_20262939,20262939,LOCAC_34,LOCAC,34.0,% of 100 cm2 cold-leg break,test,NPPAD_README_case_number
random,seed_20262939,20262939,SGBTR_75,SGBTR,75.0,% of one full steam-generator-B tube rupture,test,NPPAD_README_case_number
random,seed_20262939,20262939,FLB_6,FLB,6.0,% of 100 cm2 feedwater-line break,test,NPPAD_README_case_number
random,seed_20262939,20262939,LOCA_3,LOCA,3.0,% of 100 cm2 hot-leg break,test,NPPAD_README_case_number
random,seed_20262939,20262939,FLB_71,FLB,71.0,% of 100 cm2 feedwater-line break,test,NPPAD_README_case_number
random,seed_20262939,20262939,LOCAC_6,LOCAC,6.0,% of 100 cm2 cold-leg break,test,NPPAD_README_case_number
random,seed_20262939,20262939,SGATR_66,SGATR,66.0,% of one full steam-generator-A tube rupture,test,NPPAD_README_case_number
random,seed_20262939,20262939,SLBIC_96,SLBIC,96.0,% of 100 cm2 inside-containment steam-line break,test,NPPAD_README_case_number
random,seed_20262939,20262939,SGATR_100,SGATR,100.0,% of one full steam-generator-A tube rupture,test,NPPAD_README_case_number
random,seed_20262939,20262939,LR_83,LR,83.0,% of full load rejected,test,NPPAD_README_case_number
random,seed_20262939,20262939,LOCA_70,LOCA,70.0,% of 100 cm2 hot-leg break,test,NPPAD_README_case_number
random,seed_20262939,20262939,LOCA_69,LOCA,69.0,% of 100 cm2 hot-leg break,test,NPPAD_README_case_number
random,seed_20262939,20262939,SLBIC_100,SLBIC,100.0,% of 100 cm2 inside-containment steam-line break,test,NPPAD_README_case_number
random,seed_20262939,20262939,LOCA_2,LOCA,2.0,% of 100 cm2 hot-leg break,test,NPPAD_README_case_number
random,seed_20262939,20262939,SGBTR_81,SGBTR,81.0,% of one full steam-generator-B tube rupture,test,NPPAD_README_case_number
random,seed_20262939,20262939,SLBIC_29,SLBIC,29.0,% of 100 cm2 inside-containment steam-line break,test,NPPAD_README_case_number
random,seed_20262939,20262939,FLB_90,FLB,90.0,% of 100 cm2 feedwater-line break,test,NPPAD_README_case_number
random,seed_20262939,20262939,FLB_55,FLB,55.0,% of 100 cm2 feedwater-line break,test,NPPAD_README_case_number
random,seed_20262939,20262939,SGBTR_59,SGBTR,59.0,% of one full steam-generator-B tube rupture,test,NPPAD_README_case_number
random,seed_20262939,20262939,FLB_5,FLB,5.0,% of 100 cm2 feedwater-line break,test,NPPAD_README_case_number
random,seed_20262939,20262939,RI_-29,RI,-29.0,% of rods inserted,test,NPPAD_README_case_number
random,seed_20262939,20262939,LOCA_13,LOCA,13.0,% of 100 cm2 hot-leg break,test,NPPAD_README_case_number
random,seed_20262939,20262939,FLB_100,FLB,100.0,% of 100 cm2 feedwater-line break,test,NPPAD_README_case_number
random,seed_20262939,20262939,LOCA_9,LOCA,9.0,% of 100 cm2 hot-leg break,test,NPPAD_README_case_number
random,seed_20262939,20262939,LOCAC_65,LOCAC,65.0,% of 100 cm2 cold-leg break,test,NPPAD_README_case_number
random,seed_20262939,20262939,SGBTR_77,SGBTR,77.0,% of one full steam-generator-B tube rupture,test,NPPAD_README_case_number
random,seed_20262939,20262939,FLB_19,FLB,19.0,% of 100 cm2 feedwater-line break,test,NPPAD_README_case_number
random,seed_20262939,20262939,LOCAC_36,LOCAC,36.0,% of 100 cm2 cold-leg break,test,NPPAD_README_case_number
random,seed_20262939,20262939,FLB_62,FLB,62.0,% of 100 cm2 feedwater-line break,test,NPPAD_README_case_number
random,seed_20262939,20262939,SGBTR_76,SGBTR,76.0,% of one full steam-generator-B tube rupture,test,NPPAD_README_case_number
random,seed_20262939,20262939,FLB_14,FLB,14.0,% of 100 cm2 feedwater-line break,test,NPPAD_README_case_number
random,seed_20262939,20262939,LOCAC_15,LOCAC,15.0,% of 100 cm2 cold-leg break,test,NPPAD_README_case_number
random,seed_20262939,20262939,LR_73,LR,73.0,% of full load rejected,test,NPPAD_README_case_number
random,seed_20262939,20262939,FLB_96,FLB,96.0,% of 100 cm2 feedwater-line break,test,NPPAD_README_case_number
random,seed_20262939,20262939,SLBIC_23,SLBIC,23.0,% of 100 cm2 inside-containment steam-line break,test,NPPAD_README_case_number
random,seed_20262939,20262939,LOCA_5,LOCA,5.0,% of 100 cm2 hot-leg break,test,NPPAD_README_case_number
random,seed_20262939,20262939,LOCA_47,LOCA,47.0,% of 100 cm2 hot-leg break,test,NPPAD_README_case_number
random,seed_20262939,20262939,FLB_27,FLB,27.0,% of 100 cm2 feedwater-line break,test,NPPAD_README_case_number
random,seed_20262939,20262939,FLB_72,FLB,72.0,% of 100 cm2 feedwater-line break,test,NPPAD_README_case_number
random,seed_20262939,20262939,SGBTR_62,SGBTR,62.0,% of one full steam-generator-B tube rupture,test,NPPAD_README_case_number
random,seed_20262939,20262939,SLBIC_42,SLBIC,42.0,% of 100 cm2 inside-containment steam-line break,test,NPPAD_README_case_number
random,seed_20262939,20262939,SGBTR_79,SGBTR,79.0,% of one full steam-generator-B tube rupture,test,NPPAD_README_case_number
random,seed_20262939,20262939,RI_-8,RI,-8.0,% of rods inserted,test,NPPAD_README_case_number
random,seed_20262939,20262939,LOCAC_75,LOCAC,75.0,% of 100 cm2 cold-leg break,test,NPPAD_README_case_number
random,seed_20262939,20262939,LOCA_76,LOCA,76.0,% of 100 cm2 hot-leg break,test,NPPAD_README_case_number
random,seed_20262939,20262939,SGBTR_96,SGBTR,96.0,% of one full steam-generator-B tube rupture,test,NPPAD_README_case_number
random,seed_20262939,20262939,FLB_50,FLB,50.0,% of 100 cm2 feedwater-line break,test,NPPAD_README_case_number
random,seed_20262939,20262939,SLBIC_95,SLBIC,95.0,% of 100 cm2 inside-containment steam-line break,test,NPPAD_README_case_number
random,seed_20262939,20262939,SGATR_77,SGATR,77.0,% of one full steam-generator-A tube rupture,test,NPPAD_README_case_number
random,seed_20262939,20262939,SGBTR_86,SGBTR,86.0,% of one full steam-generator-B tube rupture,test,NPPAD_README_case_number
random,seed_20262939,20262939,LOCAC_2,LOCAC,2.0,% of 100 cm2 cold-leg break,test,NPPAD_README_case_number
random,seed_20262939,20262939,SLBIC_74,SLBIC,74.0,% of 100 cm2 inside-containment steam-line break,test,NPPAD_README_case_number
random,seed_20262939,20262939,FLB_82,FLB,82.0,% of 100 cm2 feedwater-line break,test,NPPAD_README_case_number
random,seed_20262939,20262939,RI_-30,RI,-30.0,% of rods inserted,test,NPPAD_README_case_number
random,seed_20262939,20262939,SGATR_95,SGATR,95.0,% of one full steam-generator-A tube rupture,test,NPPAD_README_case_number
random,seed_20262939,20262939,RI_-3,RI,-3.0,% of rods inserted,test,NPPAD_README_case_number
random,seed_20262939,20262939,LOCA_67,LOCA,67.0,% of 100 cm2 hot-leg break,test,NPPAD_README_case_number
random,seed_20262939,20262939,FLB_54,FLB,54.0,% of 100 cm2 feedwater-line break,test,NPPAD_README_case_number
random,seed_20263948,20263948,SLBIC_19,SLBIC,19.0,% of 100 cm2 inside-containment steam-line break,train,NPPAD_README_case_number
random,seed_20263948,20263948,SGATR_81,SGATR,81.0,% of one full steam-generator-A tube rupture,train,NPPAD_README_case_number
random,seed_20263948,20263948,LOCA_1,LOCA,1.0,% of 100 cm2 hot-leg break,train,NPPAD_README_case_number
random,seed_20263948,20263948,SLBIC_73,SLBIC,73.0,% of 100 cm2 inside-containment steam-line break,train,NPPAD_README_case_number
random,seed_20263948,20263948,LOCAC_45,LOCAC,45.0,% of 100 cm2 cold-leg break,train,NPPAD_README_case_number
random,seed_20263948,20263948,RI_-21,RI,-21.0,% of rods inserted,train,NPPAD_README_case_number
random,seed_20263948,20263948,LOCA_10,LOCA,10.0,% of 100 cm2 hot-leg break,train,NPPAD_README_case_number
random,seed_20263948,20263948,RI_-11,RI,-11.0,% of rods inserted,train,NPPAD_README_case_number
random,seed_20263948,20263948,FLB_53,FLB,53.0,% of 100 cm2 feedwater-line break,train,NPPAD_README_case_number
random,seed_20263948,20263948,SGBTR_66,SGBTR,66.0,% of one full steam-generator-B tube rupture,train,NPPAD_README_case_number
random,seed_20263948,20263948,SGBTR_108,SGBTR,108.0,% of one full steam-generator-B tube rupture,train,NPPAD_README_case_number
random,seed_20263948,20263948,LOCAC_72,LOCAC,72.0,% of 100 cm2 cold-leg break,train,NPPAD_README_case_number
random,seed_20263948,20263948,FLB_4,FLB,4.0,% of 100 cm2 feedwater-line break,train,NPPAD_README_case_number
random,seed_20263948,20263948,SGBTR_102,SGBTR,102.0,% of one full steam-generator-B tube rupture,train,NPPAD_README_case_number
random,seed_20263948,20263948,FLB_2,FLB,2.0,% of 100 cm2 feedwater-line break,train,NPPAD_README_case_number
random,seed_20263948,20263948,RI_-7,RI,-7.0,% of rods inserted,train,NPPAD_README_case_number
random,seed_20263948,20263948,LOCA_70,LOCA,70.0,% of 100 cm2 hot-leg break,train,NPPAD_README_case_number
random,seed_20263948,20263948,FLB_88,FLB,88.0,% of 100 cm2 feedwater-line break,train,NPPAD_README_case_number
random,seed_20263948,20263948,SGATR_95,SGATR,95.0,% of one full steam-generator-A tube rupture,train,NPPAD_README_case_number
random,seed_20263948,20263948,FLB_45,FLB,45.0,% of 100 cm2 feedwater-line break,train,NPPAD_README_case_number
random,seed_20263948,20263948,LOCA_14,LOCA,14.0,% of 100 cm2 hot-leg break,train,NPPAD_README_case_number
random,seed_20263948,20263948,SGATR_63,SGATR,63.0,% of one full steam-generator-A tube rupture,train,NPPAD_README_case_number
random,seed_20263948,20263948,LOCAC_37,LOCAC,37.0,% of 100 cm2 cold-leg break,train,NPPAD_README_case_number
random,seed_20263948,20263948,LR_77,LR,77.0,% of full load rejected,train,NPPAD_README_case_number
random,seed_20263948,20263948,LOCAC_32,LOCAC,32.0,% of 100 cm2 cold-leg break,train,NPPAD_README_case_number
random,seed_20263948,20263948,SLBIC_62,SLBIC,62.0,% of 100 cm2 inside-containment steam-line break,train,NPPAD_README_case_number
random,seed_20263948,20263948,RI_-1,RI,-1.0,% of rods inserted,train,NPPAD_README_case_number
random,seed_20263948,20263948,SGBTR_101,SGBTR,101.0,% of one full steam-generator-B tube rupture,train,NPPAD_README_case_number
random,seed_20263948,20263948,SLBIC_85,SLBIC,85.0,% of 100 cm2 inside-containment steam-line break,train,NPPAD_README_case_number
random,seed_20263948,20263948,SLBIC_86,SLBIC,86.0,% of 100 cm2 inside-containment steam-line break,train,NPPAD_README_case_number
random,seed_20263948,20263948,FLB_64,FLB,64.0,% of 100 cm2 feedwater-line break,train,NPPAD_README_case_number
random,seed_20263948,20263948,LOCA_45,LOCA,45.0,% of 100 cm2 hot-leg break,train,NPPAD_README_case_number
random,seed_20263948,20263948,SGBTR_78,SGBTR,78.0,% of one full steam-generator-B tube rupture,train,NPPAD_README_case_number
random,seed_20263948,20263948,SGATR_74,SGATR,74.0,% of one full steam-generator-A tube rupture,train,NPPAD_README_case_number
random,seed_20263948,20263948,SGBTR_76,SGBTR,76.0,% of one full steam-generator-B tube rupture,train,NPPAD_README_case_number
random,seed_20263948,20263948,FLB_17,FLB,17.0,% of 100 cm2 feedwater-line break,train,NPPAD_README_case_number
random,seed_20263948,20263948,SGBTR_57,SGBTR,57.0,% of one full steam-generator-B tube rupture,train,NPPAD_README_case_number
random,seed_20263948,20263948,RI_-12,RI,-12.0,% of rods inserted,train,NPPAD_README_case_number
random,seed_20263948,20263948,LOCAC_5,LOCAC,5.0,% of 100 cm2 cold-leg break,train,NPPAD_README_case_number
random,seed_20263948,20263948,SLBIC_23,SLBIC,23.0,% of 100 cm2 inside-containment steam-line break,train,NPPAD_README_case_number
random,seed_20263948,20263948,LOCAC_55,LOCAC,55.0,% of 100 cm2 cold-leg break,train,NPPAD_README_case_number
random,seed_20263948,20263948,FLB_93,FLB,93.0,% of 100 cm2 feedwater-line break,train,NPPAD_README_case_number
random,seed_20263948,20263948,LR_83,LR,83.0,% of full load rejected,train,NPPAD_README_case_number
random,seed_20263948,20263948,FLB_27,FLB,27.0,% of 100 cm2 feedwater-line break,train,NPPAD_README_case_number
random,seed_20263948,20263948,LOCA_50,LOCA,50.0,% of 100 cm2 hot-leg break,train,NPPAD_README_case_number
random,seed_20263948,20263948,LR_73,LR,73.0,% of full load rejected,train,NPPAD_README_case_number
random,seed_20263948,20263948,LOCAC_11,LOCAC,11.0,% of 100 cm2 cold-leg break,train,NPPAD_README_case_number
random,seed_20263948,20263948,SGATR_59,SGATR,59.0,% of one full steam-generator-A tube rupture,train,NPPAD_README_case_number
random,seed_20263948,20263948,SLBIC_39,SLBIC,39.0,% of 100 cm2 inside-containment steam-line break,train,NPPAD_README_case_number
random,seed_20263948,20263948,LOCAC_16,LOCAC,16.0,% of 100 cm2 cold-leg break,train,NPPAD_README_case_number
random,seed_20263948,20263948,LOCAC_36,LOCAC,36.0,% of 100 cm2 cold-leg break,train,NPPAD_README_case_number
random,seed_20263948,20263948,SLBIC_91,SLBIC,91.0,% of 100 cm2 inside-containment steam-line break,train,NPPAD_README_case_number
random,seed_20263948,20263948,LOCAC_23,LOCAC,23.0,% of 100 cm2 cold-leg break,train,NPPAD_README_case_number
random,seed_20263948,20263948,LR_99,LR,99.0,% of full load rejected,train,NPPAD_README_case_number
random,seed_20263948,20263948,SLBIC_88,SLBIC,88.0,% of 100 cm2 inside-containment steam-line break,train,NPPAD_README_case_number
random,seed_20263948,20263948,FLB_80,FLB,80.0,% of 100 cm2 feedwater-line break,train,NPPAD_README_case_number
random,seed_20263948,20263948,SGBTR_58,SGBTR,58.0,% of one full steam-generator-B tube rupture,train,NPPAD_README_case_number
random,seed_20263948,20263948,SGBTR_98,SGBTR,98.0,% of one full steam-generator-B tube rupture,train,NPPAD_README_case_number
random,seed_20263948,20263948,SLBIC_67,SLBIC,67.0,% of 100 cm2 inside-containment steam-line break,train,NPPAD_README_case_number
random,seed_20263948,20263948,FLB_61,FLB,61.0,% of 100 cm2 feedwater-line break,train,NPPAD_README_case_number
random,seed_20263948,20263948,LOCAC_38,LOCAC,38.0,% of 100 cm2 cold-leg break,train,NPPAD_README_case_number
random,seed_20263948,20263948,FLB_77,FLB,77.0,% of 100 cm2 feedwater-line break,train,NPPAD_README_case_number
random,seed_20263948,20263948,LOCA_58,LOCA,58.0,% of 100 cm2 hot-leg break,train,NPPAD_README_case_number
random,seed_20263948,20263948,LOCA_6,LOCA,6.0,% of 100 cm2 hot-leg break,train,NPPAD_README_case_number
random,seed_20263948,20263948,SLBIC_25,SLBIC,25.0,% of 100 cm2 inside-containment steam-line break,train,NPPAD_README_case_number
random,seed_20263948,20263948,LOCA_26,LOCA,26.0,% of 100 cm2 hot-leg break,train,NPPAD_README_case_number
random,seed_20263948,20263948,SLBIC_41,SLBIC,41.0,% of 100 cm2 inside-containment steam-line break,train,NPPAD_README_case_number
random,seed_20263948,20263948,LOCA_2,LOCA,2.0,% of 100 cm2 hot-leg break,train,NPPAD_README_case_number
random,seed_20263948,20263948,LOCAC_14,LOCAC,14.0,% of 100 cm2 cold-leg break,train,NPPAD_README_case_number
random,seed_20263948,20263948,LOCAC_10,LOCAC,10.0,% of 100 cm2 cold-leg break,train,NPPAD_README_case_number
random,seed_20263948,20263948,RI_-28,RI,-28.0,% of rods inserted,train,NPPAD_README_case_number
random,seed_20263948,20263948,RW_2,RW,2.0,% of rods withdrawn,train,NPPAD_README_case_number
random,seed_20263948,20263948,SLBIC_54,SLBIC,54.0,% of 100 cm2 inside-containment steam-line break,train,NPPAD_README_case_number
random,seed_20263948,20263948,SGATR_80,SGATR,80.0,% of one full steam-generator-A tube rupture,train,NPPAD_README_case_number
random,seed_20263948,20263948,LOCA_48,LOCA,48.0,% of 100 cm2 hot-leg break,train,NPPAD_README_case_number
random,seed_20263948,20263948,RI_-13,RI,-13.0,% of rods inserted,train,NPPAD_README_case_number
random,seed_20263948,20263948,FLB_12,FLB,12.0,% of 100 cm2 feedwater-line break,train,NPPAD_README_case_number
random,seed_20263948,20263948,LOCAC_33,LOCAC,33.0,% of 100 cm2 cold-leg break,train,NPPAD_README_case_number
random,seed_20263948,20263948,SLBIC_37,SLBIC,37.0,% of 100 cm2 inside-containment steam-line break,train,NPPAD_README_case_number
random,seed_20263948,20263948,LOCAC_12,LOCAC,12.0,% of 100 cm2 cold-leg break,train,NPPAD_README_case_number
random,seed_20263948,20263948,FLB_68,FLB,68.0,% of 100 cm2 feedwater-line break,train,NPPAD_README_case_number
random,seed_20263948,20263948,SLBIC_43,SLBIC,43.0,% of 100 cm2 inside-containment steam-line break,train,NPPAD_README_case_number
random,seed_20263948,20263948,FLB_11,FLB,11.0,% of 100 cm2 feedwater-line break,train,NPPAD_README_case_number
random,seed_20263948,20263948,SGBTR_107,SGBTR,107.0,% of one full steam-generator-B tube rupture,train,NPPAD_README_case_number
random,seed_20263948,20263948,SLBIC_80,SLBIC,80.0,% of 100 cm2 inside-containment steam-line break,train,NPPAD_README_case_number
random,seed_20263948,20263948,SGATR_100,SGATR,100.0,% of one full steam-generator-A tube rupture,train,NPPAD_README_case_number
random,seed_20263948,20263948,SGATR_60,SGATR,60.0,% of one full steam-generator-A tube rupture,train,NPPAD_README_case_number
random,seed_20263948,20263948,SGATR_84,SGATR,84.0,% of one full steam-generator-A tube rupture,train,NPPAD_README_case_number
random,seed_20263948,20263948,LOCAC_4,LOCAC,4.0,% of 100 cm2 cold-leg break,train,NPPAD_README_case_number
random,seed_20263948,20263948,LOCAC_62,LOCAC,62.0,% of 100 cm2 cold-leg break,train,NPPAD_README_case_number
random,seed_20263948,20263948,FLB_49,FLB,49.0,% of 100 cm2 feedwater-line break,train,NPPAD_README_case_number
random,seed_20263948,20263948,SLBIC_92,SLBIC,92.0,% of 100 cm2 inside-containment steam-line break,train,NPPAD_README_case_number
random,seed_20263948,20263948,LOCA_25,LOCA,25.0,% of 100 cm2 hot-leg break,train,NPPAD_README_case_number
random,seed_20263948,20263948,SGBTR_91,SGBTR,91.0,% of one full steam-generator-B tube rupture,train,NPPAD_README_case_number
random,seed_20263948,20263948,SLBIC_32,SLBIC,32.0,% of 100 cm2 inside-containment steam-line break,train,NPPAD_README_case_number
random,seed_20263948,20263948,LOCA_68,LOCA,68.0,% of 100 cm2 hot-leg break,train,NPPAD_README_case_number
random,seed_20263948,20263948,FLB_46,FLB,46.0,% of 100 cm2 feedwater-line break,train,NPPAD_README_case_number
random,seed_20263948,20263948,LR_95,LR,95.0,% of full load rejected,train,NPPAD_README_case_number
random,seed_20263948,20263948,SLBIC_27,SLBIC,27.0,% of 100 cm2 inside-containment steam-line break,train,NPPAD_README_case_number
random,seed_20263948,20263948,SGBTR_93,SGBTR,93.0,% of one full steam-generator-B tube rupture,train,NPPAD_README_case_number
random,seed_20263948,20263948,LOCAC_35,LOCAC,35.0,% of 100 cm2 cold-leg break,train,NPPAD_README_case_number
random,seed_20263948,20263948,LOCAC_63,LOCAC,63.0,% of 100 cm2 cold-leg break,train,NPPAD_README_case_number
random,seed_20263948,20263948,LOCA_66,LOCA,66.0,% of 100 cm2 hot-leg break,train,NPPAD_README_case_number
random,seed_20263948,20263948,SGBTR_60,SGBTR,60.0,% of one full steam-generator-B tube rupture,train,NPPAD_README_case_number
random,seed_20263948,20263948,FLB_79,FLB,79.0,% of 100 cm2 feedwater-line break,train,NPPAD_README_case_number
random,seed_20263948,20263948,LR_86,LR,86.0,% of full load rejected,train,NPPAD_README_case_number
random,seed_20263948,20263948,LR_78,LR,78.0,% of full load rejected,train,NPPAD_README_case_number
random,seed_20263948,20263948,RI_-32,RI,-32.0,% of rods inserted,train,NPPAD_README_case_number
random,seed_20263948,20263948,LOCAC_40,LOCAC,40.0,% of 100 cm2 cold-leg break,train,NPPAD_README_case_number
random,seed_20263948,20263948,FLB_98,FLB,98.0,% of 100 cm2 feedwater-line break,train,NPPAD_README_case_number
random,seed_20263948,20263948,FLB_60,FLB,60.0,% of 100 cm2 feedwater-line break,train,NPPAD_README_case_number
random,seed_20263948,20263948,SGATR_98,SGATR,98.0,% of one full steam-generator-A tube rupture,train,NPPAD_README_case_number
random,seed_20263948,20263948,LOCA_9,LOCA,9.0,% of 100 cm2 hot-leg break,train,NPPAD_README_case_number
random,seed_20263948,20263948,FLB_41,FLB,41.0,% of 100 cm2 feedwater-line break,train,NPPAD_README_case_number
random,seed_20263948,20263948,FLB_3,FLB,3.0,% of 100 cm2 feedwater-line break,train,NPPAD_README_case_number
random,seed_20263948,20263948,LOCAC_31,LOCAC,31.0,% of 100 cm2 cold-leg break,train,NPPAD_README_case_number
random,seed_20263948,20263948,FLB_87,FLB,87.0,% of 100 cm2 feedwater-line break,train,NPPAD_README_case_number
random,seed_20263948,20263948,SLBIC_56,SLBIC,56.0,% of 100 cm2 inside-containment steam-line break,train,NPPAD_README_case_number
random,seed_20263948,20263948,LOCAC_53,LOCAC,53.0,% of 100 cm2 cold-leg break,train,NPPAD_README_case_number
random,seed_20263948,20263948,RI_-26,RI,-26.0,% of rods inserted,train,NPPAD_README_case_number
random,seed_20263948,20263948,FLB_29,FLB,29.0,% of 100 cm2 feedwater-line break,train,NPPAD_README_case_number
random,seed_20263948,20263948,SGBTR_100,SGBTR,100.0,% of one full steam-generator-B tube rupture,train,NPPAD_README_case_number
random,seed_20263948,20263948,SLBIC_77,SLBIC,77.0,% of 100 cm2 inside-containment steam-line break,train,NPPAD_README_case_number
random,seed_20263948,20263948,RI_-34,RI,-34.0,% of rods inserted,train,NPPAD_README_case_number
random,seed_20263948,20263948,RI_-20,RI,-20.0,% of rods inserted,train,NPPAD_README_case_number
random,seed_20263948,20263948,FLB_90,FLB,90.0,% of 100 cm2 feedwater-line break,train,NPPAD_README_case_number
random,seed_20263948,20263948,LOCAC_9,LOCAC,9.0,% of 100 cm2 cold-leg break,train,NPPAD_README_case_number
random,seed_20263948,20263948,LOCAC_66,LOCAC,66.0,% of 100 cm2 cold-leg break,train,NPPAD_README_case_number
random,seed_20263948,20263948,LOCAC_24,LOCAC,24.0,% of 100 cm2 cold-leg break,train,NPPAD_README_case_number
random,seed_20263948,20263948,SLBIC_71,SLBIC,71.0,% of 100 cm2 inside-containment steam-line break,train,NPPAD_README_case_number
random,seed_20263948,20263948,LOCA_3,LOCA,3.0,% of 100 cm2 hot-leg break,train,NPPAD_README_case_number
random,seed_20263948,20263948,SGBTR_63,SGBTR,63.0,% of one full steam-generator-B tube rupture,train,NPPAD_README_case_number
random,seed_20263948,20263948,SLBIC_55,SLBIC,55.0,% of 100 cm2 inside-containment steam-line break,train,NPPAD_README_case_number
random,seed_20263948,20263948,LOCA_41,LOCA,41.0,% of 100 cm2 hot-leg break,train,NPPAD_README_case_number
random,seed_20263948,20263948,LR_80,LR,80.0,% of full load rejected,train,NPPAD_README_case_number
random,seed_20263948,20263948,SLBIC_68,SLBIC,68.0,% of 100 cm2 inside-containment steam-line break,train,NPPAD_README_case_number
random,seed_20263948,20263948,SLBIC_98,SLBIC,98.0,% of 100 cm2 inside-containment steam-line break,train,NPPAD_README_case_number
random,seed_20263948,20263948,FLB_91,FLB,91.0,% of 100 cm2 feedwater-line break,train,NPPAD_README_case_number
random,seed_20263948,20263948,LOCA_75,LOCA,75.0,% of 100 cm2 hot-leg break,train,NPPAD_README_case_number
random,seed_20263948,20263948,FLB_38,FLB,38.0,% of 100 cm2 feedwater-line break,train,NPPAD_README_case_number
random,seed_20263948,20263948,LOCA_56,LOCA,56.0,% of 100 cm2 hot-leg break,train,NPPAD_README_case_number
random,seed_20263948,20263948,SGBTR_106,SGBTR,106.0,% of one full steam-generator-B tube rupture,train,NPPAD_README_case_number
random,seed_20263948,20263948,FLB_24,FLB,24.0,% of 100 cm2 feedwater-line break,train,NPPAD_README_case_number
random,seed_20263948,20263948,LOCA_29,LOCA,29.0,% of 100 cm2 hot-leg break,train,NPPAD_README_case_number
random,seed_20263948,20263948,FLB_59,FLB,59.0,% of 100 cm2 feedwater-line break,train,NPPAD_README_case_number
random,seed_20263948,20263948,SGBTR_90,SGBTR,90.0,% of one full steam-generator-B tube rupture,train,NPPAD_README_case_number
random,seed_20263948,20263948,SLBIC_75,SLBIC,75.0,% of 100 cm2 inside-containment steam-line break,train,NPPAD_README_case_number
random,seed_20263948,20263948,SGBTR_79,SGBTR,79.0,% of one full steam-generator-B tube rupture,train,NPPAD_README_case_number
random,seed_20263948,20263948,SLBIC_47,SLBIC,47.0,% of 100 cm2 inside-containment steam-line break,train,NPPAD_README_case_number
random,seed_20263948,20263948,LOCA_23,LOCA,23.0,% of 100 cm2 hot-leg break,train,NPPAD_README_case_number
random,seed_20263948,20263948,LOCAC_78,LOCAC,78.0,% of 100 cm2 cold-leg break,train,NPPAD_README_case_number
random,seed_20263948,20263948,LOCA_4,LOCA,4.0,% of 100 cm2 hot-leg break,train,NPPAD_README_case_number
random,seed_20263948,20263948,SLBIC_59,SLBIC,59.0,% of 100 cm2 inside-containment steam-line break,train,NPPAD_README_case_number
random,seed_20263948,20263948,LOCAC_59,LOCAC,59.0,% of 100 cm2 cold-leg break,train,NPPAD_README_case_number
random,seed_20263948,20263948,LOCA_34,LOCA,34.0,% of 100 cm2 hot-leg break,train,NPPAD_README_case_number
random,seed_20263948,20263948,SLBIC_89,SLBIC,89.0,% of 100 cm2 inside-containment steam-line break,train,NPPAD_README_case_number
random,seed_20263948,20263948,SLBIC_15,SLBIC,15.0,% of 100 cm2 inside-containment steam-line break,train,NPPAD_README_case_number
random,seed_20263948,20263948,LOCA_27,LOCA,27.0,% of 100 cm2 hot-leg break,train,NPPAD_README_case_number
random,seed_20263948,20263948,SLBIC_42,SLBIC,42.0,% of 100 cm2 inside-containment steam-line break,train,NPPAD_README_case_number
random,seed_20263948,20263948,LOCA_16,LOCA,16.0,% of 100 cm2 hot-leg break,train,NPPAD_README_case_number
random,seed_20263948,20263948,SGATR_82,SGATR,82.0,% of one full steam-generator-A tube rupture,train,NPPAD_README_case_number
random,seed_20263948,20263948,LOCA_21,LOCA,21.0,% of 100 cm2 hot-leg break,train,NPPAD_README_case_number
random,seed_20263948,20263948,SGBTR_89,SGBTR,89.0,% of one full steam-generator-B tube rupture,train,NPPAD_README_case_number
random,seed_20263948,20263948,SLBIC_93,SLBIC,93.0,% of 100 cm2 inside-containment steam-line break,train,NPPAD_README_case_number
random,seed_20263948,20263948,LOCAC_64,LOCAC,64.0,% of 100 cm2 cold-leg break,train,NPPAD_README_case_number
random,seed_20263948,20263948,SGBTR_85,SGBTR,85.0,% of one full steam-generator-B tube rupture,train,NPPAD_README_case_number
random,seed_20263948,20263948,LOCAC_30,LOCAC,30.0,% of 100 cm2 cold-leg break,train,NPPAD_README_case_number
random,seed_20263948,20263948,FLB_25,FLB,25.0,% of 100 cm2 feedwater-line break,train,NPPAD_README_case_number
random,seed_20263948,20263948,LOCA_71,LOCA,71.0,% of 100 cm2 hot-leg break,train,NPPAD_README_case_number
random,seed_20263948,20263948,LOCA_35,LOCA,35.0,% of 100 cm2 hot-leg break,train,NPPAD_README_case_number
random,seed_20263948,20263948,LOCAC_76,LOCAC,76.0,% of 100 cm2 cold-leg break,train,NPPAD_README_case_number
random,seed_20263948,20263948,SGBTR_99,SGBTR,99.0,% of one full steam-generator-B tube rupture,train,NPPAD_README_case_number
random,seed_20263948,20263948,SGATR_92,SGATR,92.0,% of one full steam-generator-A tube rupture,train,NPPAD_README_case_number
random,seed_20263948,20263948,SGBTR_87,SGBTR,87.0,% of one full steam-generator-B tube rupture,train,NPPAD_README_case_number
random,seed_20263948,20263948,SGATR_64,SGATR,64.0,% of one full steam-generator-A tube rupture,train,NPPAD_README_case_number
random,seed_20263948,20263948,FLB_73,FLB,73.0,% of 100 cm2 feedwater-line break,train,NPPAD_README_case_number
random,seed_20263948,20263948,FLB_20,FLB,20.0,% of 100 cm2 feedwater-line break,train,NPPAD_README_case_number
random,seed_20263948,20263948,SGBTR_71,SGBTR,71.0,% of one full steam-generator-B tube rupture,train,NPPAD_README_case_number
random,seed_20263948,20263948,LOCA_60,LOCA,60.0,% of 100 cm2 hot-leg break,train,NPPAD_README_case_number
random,seed_20263948,20263948,LOCA_62,LOCA,62.0,% of 100 cm2 hot-leg break,train,NPPAD_README_case_number
random,seed_20263948,20263948,SGBTR_95,SGBTR,95.0,% of one full steam-generator-B tube rupture,train,NPPAD_README_case_number
random,seed_20263948,20263948,SLBIC_50,SLBIC,50.0,% of 100 cm2 inside-containment steam-line break,train,NPPAD_README_case_number
random,seed_20263948,20263948,LOCA_33,LOCA,33.0,% of 100 cm2 hot-leg break,train,NPPAD_README_case_number
random,seed_20263948,20263948,SLBIC_94,SLBIC,94.0,% of 100 cm2 inside-containment steam-line break,train,NPPAD_README_case_number
random,seed_20263948,20263948,FLB_31,FLB,31.0,% of 100 cm2 feedwater-line break,train,NPPAD_README_case_number
random,seed_20263948,20263948,FLB_10,FLB,10.0,% of 100 cm2 feedwater-line break,train,NPPAD_README_case_number
random,seed_20263948,20263948,LOCAC_54,LOCAC,54.0,% of 100 cm2 cold-leg break,train,NPPAD_README_case_number
random,seed_20263948,20263948,LOCA_31,LOCA,31.0,% of 100 cm2 hot-leg break,train,NPPAD_README_case_number
random,seed_20263948,20263948,LR_87,LR,87.0,% of full load rejected,train,NPPAD_README_case_number
random,seed_20263948,20263948,SGBTR_83,SGBTR,83.0,% of one full steam-generator-B tube rupture,train,NPPAD_README_case_number
random,seed_20263948,20263948,FLB_70,FLB,70.0,% of 100 cm2 feedwater-line break,train,NPPAD_README_case_number
random,seed_20263948,20263948,LOCAC_15,LOCAC,15.0,% of 100 cm2 cold-leg break,train,NPPAD_README_case_number
random,seed_20263948,20263948,SGBTR_92,SGBTR,92.0,% of one full steam-generator-B tube rupture,train,NPPAD_README_case_number
random,seed_20263948,20263948,FLB_92,FLB,92.0,% of 100 cm2 feedwater-line break,train,NPPAD_README_case_number
random,seed_20263948,20263948,SLBIC_57,SLBIC,57.0,% of 100 cm2 inside-containment steam-line break,train,NPPAD_README_case_number
random,seed_20263948,20263948,FLB_55,FLB,55.0,% of 100 cm2 feedwater-line break,train,NPPAD_README_case_number
random,seed_20263948,20263948,LOCA_47,LOCA,47.0,% of 100 cm2 hot-leg break,train,NPPAD_README_case_number
random,seed_20263948,20263948,LOCA_19,LOCA,19.0,% of 100 cm2 hot-leg break,train,NPPAD_README_case_number
random,seed_20263948,20263948,SGATR_91,SGATR,91.0,% of one full steam-generator-A tube rupture,train,NPPAD_README_case_number
random,seed_20263948,20263948,RW_3,RW,3.0,% of rods withdrawn,train,NPPAD_README_case_number
random,seed_20263948,20263948,FLB_16,FLB,16.0,% of 100 cm2 feedwater-line break,train,NPPAD_README_case_number
random,seed_20263948,20263948,LOCA_40,LOCA,40.0,% of 100 cm2 hot-leg break,train,NPPAD_README_case_number
random,seed_20263948,20263948,SGATR_93,SGATR,93.0,% of one full steam-generator-A tube rupture,train,NPPAD_README_case_number
random,seed_20263948,20263948,SLBIC_31,SLBIC,31.0,% of 100 cm2 inside-containment steam-line break,train,NPPAD_README_case_number
random,seed_20263948,20263948,SLBIC_35,SLBIC,35.0,% of 100 cm2 inside-containment steam-line break,train,NPPAD_README_case_number
random,seed_20263948,20263948,SLBIC_90,SLBIC,90.0,% of 100 cm2 inside-containment steam-line break,train,NPPAD_README_case_number
random,seed_20263948,20263948,LR_76,LR,76.0,% of full load rejected,train,NPPAD_README_case_number
random,seed_20263948,20263948,LOCA_12,LOCA,12.0,% of 100 cm2 hot-leg break,train,NPPAD_README_case_number
random,seed_20263948,20263948,RI_-10,RI,-10.0,% of rods inserted,train,NPPAD_README_case_number
random,seed_20263948,20263948,SLBIC_49,SLBIC,49.0,% of 100 cm2 inside-containment steam-line break,train,NPPAD_README_case_number
random,seed_20263948,20263948,LOCAC_1,LOCAC,1.0,% of 100 cm2 cold-leg break,train,NPPAD_README_case_number
random,seed_20263948,20263948,LOCAC_39,LOCAC,39.0,% of 100 cm2 cold-leg break,train,NPPAD_README_case_number
random,seed_20263948,20263948,LR_93,LR,93.0,% of full load rejected,train,NPPAD_README_case_number
random,seed_20263948,20263948,SLBIC_72,SLBIC,72.0,% of 100 cm2 inside-containment steam-line break,train,NPPAD_README_case_number
random,seed_20263948,20263948,SLBIC_60,SLBIC,60.0,% of 100 cm2 inside-containment steam-line break,train,NPPAD_README_case_number
random,seed_20263948,20263948,RI_-2,RI,-2.0,% of rods inserted,train,NPPAD_README_case_number
random,seed_20263948,20263948,FLB_69,FLB,69.0,% of 100 cm2 feedwater-line break,train,NPPAD_README_case_number
random,seed_20263948,20263948,FLB_66,FLB,66.0,% of 100 cm2 feedwater-line break,train,NPPAD_README_case_number
random,seed_20263948,20263948,FLB_9,FLB,9.0,% of 100 cm2 feedwater-line break,train,NPPAD_README_case_number
random,seed_20263948,20263948,FLB_97,FLB,97.0,% of 100 cm2 feedwater-line break,train,NPPAD_README_case_number
random,seed_20263948,20263948,SLBIC_65,SLBIC,65.0,% of 100 cm2 inside-containment steam-line break,train,NPPAD_README_case_number
random,seed_20263948,20263948,SGBTR_72,SGBTR,72.0,% of one full steam-generator-B tube rupture,train,NPPAD_README_case_number
random,seed_20263948,20263948,RI_-6,RI,-6.0,% of rods inserted,train,NPPAD_README_case_number
random,seed_20263948,20263948,FLB_14,FLB,14.0,% of 100 cm2 feedwater-line break,train,NPPAD_README_case_number
random,seed_20263948,20263948,SGATR_62,SGATR,62.0,% of one full steam-generator-A tube rupture,train,NPPAD_README_case_number
random,seed_20263948,20263948,LOCA_42,LOCA,42.0,% of 100 cm2 hot-leg break,train,NPPAD_README_case_number
random,seed_20263948,20263948,LOCAC_6,LOCAC,6.0,% of 100 cm2 cold-leg break,train,NPPAD_README_case_number
random,seed_20263948,20263948,FLB_84,FLB,84.0,% of 100 cm2 feedwater-line break,train,NPPAD_README_case_number
random,seed_20263948,20263948,LR_98,LR,98.0,% of full load rejected,train,NPPAD_README_case_number
random,seed_20263948,20263948,LOCAC_70,LOCAC,70.0,% of 100 cm2 cold-leg break,train,NPPAD_README_case_number
random,seed_20263948,20263948,SLBIC_46,SLBIC,46.0,% of 100 cm2 inside-containment steam-line break,train,NPPAD_README_case_number
random,seed_20263948,20263948,LOCA_53,LOCA,53.0,% of 100 cm2 hot-leg break,train,NPPAD_README_case_number
random,seed_20263948,20263948,LOCA_36,LOCA,36.0,% of 100 cm2 hot-leg break,train,NPPAD_README_case_number
random,seed_20263948,20263948,LR_70,LR,70.0,% of full load rejected,train,NPPAD_README_case_number
random,seed_20263948,20263948,FLB_28,FLB,28.0,% of 100 cm2 feedwater-line break,train,NPPAD_README_case_number
random,seed_20263948,20263948,FLB_50,FLB,50.0,% of 100 cm2 feedwater-line break,train,NPPAD_README_case_number
random,seed_20263948,20263948,LOCA_61,LOCA,61.0,% of 100 cm2 hot-leg break,train,NPPAD_README_case_number
random,seed_20263948,20263948,LR_88,LR,88.0,% of full load rejected,train,NPPAD_README_case_number
random,seed_20263948,20263948,LOCAC_79,LOCAC,79.0,% of 100 cm2 cold-leg break,train,NPPAD_README_case_number
random,seed_20263948,20263948,LOCA_72,LOCA,72.0,% of 100 cm2 hot-leg break,train,NPPAD_README_case_number
random,seed_20263948,20263948,RI_-9,RI,-9.0,% of rods inserted,train,NPPAD_README_case_number
random,seed_20263948,20263948,LOCAC_8,LOCAC,8.0,% of 100 cm2 cold-leg break,train,NPPAD_README_case_number
random,seed_20263948,20263948,LR_96,LR,96.0,% of full load rejected,train,NPPAD_README_case_number
random,seed_20263948,20263948,SGATR_90,SGATR,90.0,% of one full steam-generator-A tube rupture,train,NPPAD_README_case_number
random,seed_20263948,20263948,SGBTR_84,SGBTR,84.0,% of one full steam-generator-B tube rupture,train,NPPAD_README_case_number
random,seed_20263948,20263948,FLB_56,FLB,56.0,% of 100 cm2 feedwater-line break,train,NPPAD_README_case_number
random,seed_20263948,20263948,SLBIC_78,SLBIC,78.0,% of 100 cm2 inside-containment steam-line break,train,NPPAD_README_case_number
random,seed_20263948,20263948,FLB_81,FLB,81.0,% of 100 cm2 feedwater-line break,train,NPPAD_README_case_number
random,seed_20263948,20263948,LOCAC_77,LOCAC,77.0,% of 100 cm2 cold-leg break,train,NPPAD_README_case_number
random,seed_20263948,20263948,FLB_83,FLB,83.0,% of 100 cm2 feedwater-line break,train,NPPAD_README_case_number
random,seed_20263948,20263948,RI_-27,RI,-27.0,% of rods inserted,train,NPPAD_README_case_number
random,seed_20263948,20263948,SGATR_76,SGATR,76.0,% of one full steam-generator-A tube rupture,train,NPPAD_README_case_number
random,seed_20263948,20263948,LOCAC_28,LOCAC,28.0,% of 100 cm2 cold-leg break,train,NPPAD_README_case_number
random,seed_20263948,20263948,SGBTR_80,SGBTR,80.0,% of one full steam-generator-B tube rupture,train,NPPAD_README_case_number
random,seed_20263948,20263948,RI_-33,RI,-33.0,% of rods inserted,train,NPPAD_README_case_number
random,seed_20263948,20263948,SLBIC_44,SLBIC,44.0,% of 100 cm2 inside-containment steam-line break,train,NPPAD_README_case_number
random,seed_20263948,20263948,RI_-23,RI,-23.0,% of rods inserted,train,NPPAD_README_case_number
random,seed_20263948,20263948,LOCAC_49,LOCAC,49.0,% of 100 cm2 cold-leg break,train,NPPAD_README_case_number
random,seed_20263948,20263948,SGATR_97,SGATR,97.0,% of one full steam-generator-A tube rupture,train,NPPAD_README_case_number
random,seed_20263948,20263948,LOCAC_65,LOCAC,65.0,% of 100 cm2 cold-leg break,train,NPPAD_README_case_number
random,seed_20263948,20263948,LOCAC_7,LOCAC,7.0,% of 100 cm2 cold-leg break,train,NPPAD_README_case_number
random,seed_20263948,20263948,SGATR_70,SGATR,70.0,% of one full steam-generator-A tube rupture,train,NPPAD_README_case_number
random,seed_20263948,20263948,FLB_33,FLB,33.0,% of 100 cm2 feedwater-line break,train,NPPAD_README_case_number
random,seed_20263948,20263948,SLBIC_84,SLBIC,84.0,% of 100 cm2 inside-containment steam-line break,train,NPPAD_README_case_number
random,seed_20263948,20263948,SLBIC_97,SLBIC,97.0,% of 100 cm2 inside-containment steam-line break,train,NPPAD_README_case_number
random,seed_20263948,20263948,SLBIC_96,SLBIC,96.0,% of 100 cm2 inside-containment steam-line break,train,NPPAD_README_case_number
random,seed_20263948,20263948,SGATR_57,SGATR,57.0,% of one full steam-generator-A tube rupture,train,NPPAD_README_case_number
random,seed_20263948,20263948,SGBTR_67,SGBTR,67.0,% of one full steam-generator-B tube rupture,train,NPPAD_README_case_number
random,seed_20263948,20263948,FLB_23,FLB,23.0,% of 100 cm2 feedwater-line break,train,NPPAD_README_case_number
random,seed_20263948,20263948,LOCA_17,LOCA,17.0,% of 100 cm2 hot-leg break,train,NPPAD_README_case_number
random,seed_20263948,20263948,FLB_95,FLB,95.0,% of 100 cm2 feedwater-line break,train,NPPAD_README_case_number
random,seed_20263948,20263948,LOCA_13,LOCA,13.0,% of 100 cm2 hot-leg break,train,NPPAD_README_case_number
random,seed_20263948,20263948,LR_84,LR,84.0,% of full load rejected,train,NPPAD_README_case_number
random,seed_20263948,20263948,SLBIC_82,SLBIC,82.0,% of 100 cm2 inside-containment steam-line break,train,NPPAD_README_case_number
random,seed_20263948,20263948,SGBTR_94,SGBTR,94.0,% of one full steam-generator-B tube rupture,train,NPPAD_README_case_number
random,seed_20263948,20263948,RI_-3,RI,-3.0,% of rods inserted,train,NPPAD_README_case_number
random,seed_20263948,20263948,SGATR_69,SGATR,69.0,% of one full steam-generator-A tube rupture,train,NPPAD_README_case_number
random,seed_20263948,20263948,SGBTR_109,SGBTR,109.0,% of one full steam-generator-B tube rupture,train,NPPAD_README_case_number
random,seed_20263948,20263948,FLB_52,FLB,52.0,% of 100 cm2 feedwater-line break,train,NPPAD_README_case_number
random,seed_20263948,20263948,FLB_39,FLB,39.0,% of 100 cm2 feedwater-line break,train,NPPAD_README_case_number
random,seed_20263948,20263948,SGATR_72,SGATR,72.0,% of one full steam-generator-A tube rupture,train,NPPAD_README_case_number
random,seed_20263948,20263948,FLB_54,FLB,54.0,% of 100 cm2 feedwater-line break,train,NPPAD_README_case_number
random,seed_20263948,20263948,LR_97,LR,97.0,% of full load rejected,train,NPPAD_README_case_number
random,seed_20263948,20263948,LOCAC_68,LOCAC,68.0,% of 100 cm2 cold-leg break,train,NPPAD_README_case_number
random,seed_20263948,20263948,RI_-22,RI,-22.0,% of rods inserted,train,NPPAD_README_case_number
random,seed_20263948,20263948,SLBIC_64,SLBIC,64.0,% of 100 cm2 inside-containment steam-line break,train,NPPAD_README_case_number
random,seed_20263948,20263948,LOCA_69,LOCA,69.0,% of 100 cm2 hot-leg break,train,NPPAD_README_case_number
random,seed_20263948,20263948,SLBIC_66,SLBIC,66.0,% of 100 cm2 inside-containment steam-line break,train,NPPAD_README_case_number
random,seed_20263948,20263948,FLB_89,FLB,89.0,% of 100 cm2 feedwater-line break,train,NPPAD_README_case_number
random,seed_20263948,20263948,SGBTR_82,SGBTR,82.0,% of one full steam-generator-B tube rupture,train,NPPAD_README_case_number
random,seed_20263948,20263948,SLBIC_14,SLBIC,14.0,% of 100 cm2 inside-containment steam-line break,train,NPPAD_README_case_number
random,seed_20263948,20263948,LOCAC_71,LOCAC,71.0,% of 100 cm2 cold-leg break,train,NPPAD_README_case_number
random,seed_20263948,20263948,FLB_26,FLB,26.0,% of 100 cm2 feedwater-line break,train,NPPAD_README_case_number
random,seed_20263948,20263948,LOCAC_50,LOCAC,50.0,% of 100 cm2 cold-leg break,train,NPPAD_README_case_number
random,seed_20263948,20263948,LOCAC_67,LOCAC,67.0,% of 100 cm2 cold-leg break,train,NPPAD_README_case_number
random,seed_20263948,20263948,FLB_72,FLB,72.0,% of 100 cm2 feedwater-line break,train,NPPAD_README_case_number
random,seed_20263948,20263948,LOCA_55,LOCA,55.0,% of 100 cm2 hot-leg break,train,NPPAD_README_case_number
random,seed_20263948,20263948,LOCA_39,LOCA,39.0,% of 100 cm2 hot-leg break,train,NPPAD_README_case_number
random,seed_20263948,20263948,FLB_75,FLB,75.0,% of 100 cm2 feedwater-line break,train,NPPAD_README_case_number
random,seed_20263948,20263948,SLBIC_74,SLBIC,74.0,% of 100 cm2 inside-containment steam-line break,train,NPPAD_README_case_number
random,seed_20263948,20263948,SGATR_73,SGATR,73.0,% of one full steam-generator-A tube rupture,train,NPPAD_README_case_number
random,seed_20263948,20263948,SGATR_71,SGATR,71.0,% of one full steam-generator-A tube rupture,train,NPPAD_README_case_number
random,seed_20263948,20263948,SGATR_99,SGATR,99.0,% of one full steam-generator-A tube rupture,train,NPPAD_README_case_number
random,seed_20263948,20263948,SGATR_94,SGATR,94.0,% of one full steam-generator-A tube rupture,validation,NPPAD_README_case_number
random,seed_20263948,20263948,LR_89,LR,89.0,% of full load rejected,validation,NPPAD_README_case_number
random,seed_20263948,20263948,SLBIC_40,SLBIC,40.0,% of 100 cm2 inside-containment steam-line break,validation,NPPAD_README_case_number
random,seed_20263948,20263948,LOCA_5,LOCA,5.0,% of 100 cm2 hot-leg break,validation,NPPAD_README_case_number
random,seed_20263948,20263948,LOCAC_17,LOCAC,17.0,% of 100 cm2 cold-leg break,validation,NPPAD_README_case_number
random,seed_20263948,20263948,SGATR_75,SGATR,75.0,% of one full steam-generator-A tube rupture,validation,NPPAD_README_case_number
random,seed_20263948,20263948,FLB_63,FLB,63.0,% of 100 cm2 feedwater-line break,validation,NPPAD_README_case_number
random,seed_20263948,20263948,LOCA_38,LOCA,38.0,% of 100 cm2 hot-leg break,validation,NPPAD_README_case_number
random,seed_20263948,20263948,LOCAC_29,LOCAC,29.0,% of 100 cm2 cold-leg break,validation,NPPAD_README_case_number
random,seed_20263948,20263948,SLBIC_17,SLBIC,17.0,% of 100 cm2 inside-containment steam-line break,validation,NPPAD_README_case_number
random,seed_20263948,20263948,LOCAC_34,LOCAC,34.0,% of 100 cm2 cold-leg break,validation,NPPAD_README_case_number
random,seed_20263948,20263948,LOCA_63,LOCA,63.0,% of 100 cm2 hot-leg break,validation,NPPAD_README_case_number
random,seed_20263948,20263948,LOCAC_57,LOCAC,57.0,% of 100 cm2 cold-leg break,validation,NPPAD_README_case_number
random,seed_20263948,20263948,LOCAC_60,LOCAC,60.0,% of 100 cm2 cold-leg break,validation,NPPAD_README_case_number
random,seed_20263948,20263948,LOCA_37,LOCA,37.0,% of 100 cm2 hot-leg break,validation,NPPAD_README_case_number
random,seed_20263948,20263948,FLB_37,FLB,37.0,% of 100 cm2 feedwater-line break,validation,NPPAD_README_case_number
random,seed_20263948,20263948,SGATR_85,SGATR,85.0,% of one full steam-generator-A tube rupture,validation,NPPAD_README_case_number
random,seed_20263948,20263948,LOCAC_51,LOCAC,51.0,% of 100 cm2 cold-leg break,validation,NPPAD_README_case_number
random,seed_20263948,20263948,LOCA_65,LOCA,65.0,% of 100 cm2 hot-leg break,validation,NPPAD_README_case_number
random,seed_20263948,20263948,SLBIC_22,SLBIC,22.0,% of 100 cm2 inside-containment steam-line break,validation,NPPAD_README_case_number
random,seed_20263948,20263948,SGBTR_61,SGBTR,61.0,% of one full steam-generator-B tube rupture,validation,NPPAD_README_case_number
random,seed_20263948,20263948,SLBIC_53,SLBIC,53.0,% of 100 cm2 inside-containment steam-line break,validation,NPPAD_README_case_number
random,seed_20263948,20263948,SGBTR_70,SGBTR,70.0,% of one full steam-generator-B tube rupture,validation,NPPAD_README_case_number
random,seed_20263948,20263948,RI_-4,RI,-4.0,% of rods inserted,validation,NPPAD_README_case_number
random,seed_20263948,20263948,SGATR_83,SGATR,83.0,% of one full steam-generator-A tube rupture,validation,NPPAD_README_case_number
random,seed_20263948,20263948,SLBIC_81,SLBIC,81.0,% of 100 cm2 inside-containment steam-line break,validation,NPPAD_README_case_number
random,seed_20263948,20263948,SLBIC_38,SLBIC,38.0,% of 100 cm2 inside-containment steam-line break,validation,NPPAD_README_case_number
random,seed_20263948,20263948,RI_-16,RI,-16.0,% of rods inserted,validation,NPPAD_README_case_number
random,seed_20263948,20263948,SGATR_86,SGATR,86.0,% of one full steam-generator-A tube rupture,validation,NPPAD_README_case_number
random,seed_20263948,20263948,LR_72,LR,72.0,% of full load rejected,validation,NPPAD_README_case_number
random,seed_20263948,20263948,RI_-18,RI,-18.0,% of rods inserted,validation,NPPAD_README_case_number
random,seed_20263948,20263948,FLB_62,FLB,62.0,% of 100 cm2 feedwater-line break,validation,NPPAD_README_case_number
random,seed_20263948,20263948,FLB_22,FLB,22.0,% of 100 cm2 feedwater-line break,validation,NPPAD_README_case_number
random,seed_20263948,20263948,FLB_19,FLB,19.0,% of 100 cm2 feedwater-line break,validation,NPPAD_README_case_number
random,seed_20263948,20263948,SGATR_89,SGATR,89.0,% of one full steam-generator-A tube rupture,validation,NPPAD_README_case_number
random,seed_20263948,20263948,LOCA_67,LOCA,67.0,% of 100 cm2 hot-leg break,validation,NPPAD_README_case_number
random,seed_20263948,20263948,LOCAC_2,LOCAC,2.0,% of 100 cm2 cold-leg break,validation,NPPAD_README_case_number
random,seed_20263948,20263948,FLB_85,FLB,85.0,% of 100 cm2 feedwater-line break,validation,NPPAD_README_case_number
random,seed_20263948,20263948,SGBTR_81,SGBTR,81.0,% of one full steam-generator-B tube rupture,validation,NPPAD_README_case_number
random,seed_20263948,20263948,LOCA_51,LOCA,51.0,% of 100 cm2 hot-leg break,validation,NPPAD_README_case_number
random,seed_20263948,20263948,SLBIC_26,SLBIC,26.0,% of 100 cm2 inside-containment steam-line break,validation,NPPAD_README_case_number
random,seed_20263948,20263948,SGATR_88,SGATR,88.0,% of one full steam-generator-A tube rupture,validation,NPPAD_README_case_number
random,seed_20263948,20263948,FLB_43,FLB,43.0,% of 100 cm2 feedwater-line break,validation,NPPAD_README_case_number
random,seed_20263948,20263948,LOCA_18,LOCA,18.0,% of 100 cm2 hot-leg break,validation,NPPAD_README_case_number
random,seed_20263948,20263948,LOCAC_61,LOCAC,61.0,% of 100 cm2 cold-leg break,validation,NPPAD_README_case_number
random,seed_20263948,20263948,LOCA_22,LOCA,22.0,% of 100 cm2 hot-leg break,validation,NPPAD_README_case_number
random,seed_20263948,20263948,SGBTR_105,SGBTR,105.0,% of one full steam-generator-B tube rupture,validation,NPPAD_README_case_number
random,seed_20263948,20263948,SLBIC_48,SLBIC,48.0,% of 100 cm2 inside-containment steam-line break,validation,NPPAD_README_case_number
random,seed_20263948,20263948,LOCA_30,LOCA,30.0,% of 100 cm2 hot-leg break,validation,NPPAD_README_case_number
random,seed_20263948,20263948,LOCAC_47,LOCAC,47.0,% of 100 cm2 cold-leg break,validation,NPPAD_README_case_number
random,seed_20263948,20263948,LOCA_32,LOCA,32.0,% of 100 cm2 hot-leg break,validation,NPPAD_README_case_number
random,seed_20263948,20263948,RW_1,RW,1.0,% of rods withdrawn,validation,NPPAD_README_case_number
random,seed_20263948,20263948,SLBIC_87,SLBIC,87.0,% of 100 cm2 inside-containment steam-line break,validation,NPPAD_README_case_number
random,seed_20263948,20263948,SGBTR_62,SGBTR,62.0,% of one full steam-generator-B tube rupture,validation,NPPAD_README_case_number
random,seed_20263948,20263948,SLBIC_30,SLBIC,30.0,% of 100 cm2 inside-containment steam-line break,validation,NPPAD_README_case_number
random,seed_20263948,20263948,SLBIC_34,SLBIC,34.0,% of 100 cm2 inside-containment steam-line break,validation,NPPAD_README_case_number
random,seed_20263948,20263948,LR_82,LR,82.0,% of full load rejected,validation,NPPAD_README_case_number
random,seed_20263948,20263948,FLB_76,FLB,76.0,% of 100 cm2 feedwater-line break,validation,NPPAD_README_case_number
random,seed_20263948,20263948,SLBIC_29,SLBIC,29.0,% of 100 cm2 inside-containment steam-line break,validation,NPPAD_README_case_number
random,seed_20263948,20263948,FLB_100,FLB,100.0,% of 100 cm2 feedwater-line break,validation,NPPAD_README_case_number
random,seed_20263948,20263948,RI_-35,RI,-35.0,% of rods inserted,validation,NPPAD_README_case_number
random,seed_20263948,20263948,LOCA_46,LOCA,46.0,% of 100 cm2 hot-leg break,validation,NPPAD_README_case_number
random,seed_20263948,20263948,LR_81,LR,81.0,% of full load rejected,validation,NPPAD_README_case_number
random,seed_20263948,20263948,FLB_65,FLB,65.0,% of 100 cm2 feedwater-line break,validation,NPPAD_README_case_number
random,seed_20263948,20263948,FLB_42,FLB,42.0,% of 100 cm2 feedwater-line break,validation,NPPAD_README_case_number
random,seed_20263948,20263948,SGATR_65,SGATR,65.0,% of one full steam-generator-A tube rupture,validation,NPPAD_README_case_number
random,seed_20263948,20263948,FLB_44,FLB,44.0,% of 100 cm2 feedwater-line break,validation,NPPAD_README_case_number
random,seed_20263948,20263948,LR_71,LR,71.0,% of full load rejected,validation,NPPAD_README_case_number
random,seed_20263948,20263948,LOCAC_13,LOCAC,13.0,% of 100 cm2 cold-leg break,validation,NPPAD_README_case_number
random,seed_20263948,20263948,LOCAC_3,LOCAC,3.0,% of 100 cm2 cold-leg break,validation,NPPAD_README_case_number
random,seed_20263948,20263948,RI_-8,RI,-8.0,% of rods inserted,validation,NPPAD_README_case_number
random,seed_20263948,20263948,SLBIC_61,SLBIC,61.0,% of 100 cm2 inside-containment steam-line break,validation,NPPAD_README_case_number
random,seed_20263948,20263948,LOCAC_22,LOCAC,22.0,% of 100 cm2 cold-leg break,validation,NPPAD_README_case_number
random,seed_20263948,20263948,SLBIC_51,SLBIC,51.0,% of 100 cm2 inside-containment steam-line break,validation,NPPAD_README_case_number
random,seed_20263948,20263948,LOCAC_44,LOCAC,44.0,% of 100 cm2 cold-leg break,validation,NPPAD_README_case_number
random,seed_20263948,20263948,LOCA_11,LOCA,11.0,% of 100 cm2 hot-leg break,validation,NPPAD_README_case_number
random,seed_20263948,20263948,SGATR_87,SGATR,87.0,% of one full steam-generator-A tube rupture,validation,NPPAD_README_case_number
random,seed_20263948,20263948,LOCAC_43,LOCAC,43.0,% of 100 cm2 cold-leg break,validation,NPPAD_README_case_number
random,seed_20263948,20263948,LOCA_74,LOCA,74.0,% of 100 cm2 hot-leg break,validation,NPPAD_README_case_number
random,seed_20263948,20263948,SGBTR_73,SGBTR,73.0,% of one full steam-generator-B tube rupture,validation,NPPAD_README_case_number
random,seed_20263948,20263948,LR_90,LR,90.0,% of full load rejected,validation,NPPAD_README_case_number
random,seed_20263948,20263948,SLBIC_18,SLBIC,18.0,% of 100 cm2 inside-containment steam-line break,validation,NPPAD_README_case_number
random,seed_20263948,20263948,FLB_34,FLB,34.0,% of 100 cm2 feedwater-line break,validation,NPPAD_README_case_number
random,seed_20263948,20263948,FLB_48,FLB,48.0,% of 100 cm2 feedwater-line break,validation,NPPAD_README_case_number
random,seed_20263948,20263948,SLBIC_45,SLBIC,45.0,% of 100 cm2 inside-containment steam-line break,validation,NPPAD_README_case_number
random,seed_20263948,20263948,SGBTR_65,SGBTR,65.0,% of one full steam-generator-B tube rupture,validation,NPPAD_README_case_number
random,seed_20263948,20263948,LOCAC_58,LOCAC,58.0,% of 100 cm2 cold-leg break,validation,NPPAD_README_case_number
random,seed_20263948,20263948,RI_-19,RI,-19.0,% of rods inserted,validation,NPPAD_README_case_number
random,seed_20263948,20263948,LOCA_15,LOCA,15.0,% of 100 cm2 hot-leg break,validation,NPPAD_README_case_number
random,seed_20263948,20263948,FLB_58,FLB,58.0,% of 100 cm2 feedwater-line break,validation,NPPAD_README_case_number
random,seed_20263948,20263948,SGBTR_69,SGBTR,69.0,% of one full steam-generator-B tube rupture,validation,NPPAD_README_case_number
random,seed_20263948,20263948,FLB_74,FLB,74.0,% of 100 cm2 feedwater-line break,validation,NPPAD_README_case_number
random,seed_20263948,20263948,SGBTR_88,SGBTR,88.0,% of one full steam-generator-B tube rupture,validation,NPPAD_README_case_number
random,seed_20263948,20263948,LOCAC_42,LOCAC,42.0,% of 100 cm2 cold-leg break,validation,NPPAD_README_case_number
random,seed_20263948,20263948,FLB_35,FLB,35.0,% of 100 cm2 feedwater-line break,validation,NPPAD_README_case_number
random,seed_20263948,20263948,FLB_94,FLB,94.0,% of 100 cm2 feedwater-line break,validation,NPPAD_README_case_number
random,seed_20263948,20263948,FLB_7,FLB,7.0,% of 100 cm2 feedwater-line break,validation,NPPAD_README_case_number
random,seed_20263948,20263948,FLB_78,FLB,78.0,% of 100 cm2 feedwater-line break,validation,NPPAD_README_case_number
random,seed_20263948,20263948,RI_-30,RI,-30.0,% of rods inserted,validation,NPPAD_README_case_number
random,seed_20263948,20263948,SLBIC_21,SLBIC,21.0,% of 100 cm2 inside-containment steam-line break,validation,NPPAD_README_case_number
random,seed_20263948,20263948,SGBTR_64,SGBTR,64.0,% of one full steam-generator-B tube rupture,validation,NPPAD_README_case_number
random,seed_20263948,20263948,LOCAC_41,LOCAC,41.0,% of 100 cm2 cold-leg break,test,NPPAD_README_case_number
random,seed_20263948,20263948,RI_-5,RI,-5.0,% of rods inserted,test,NPPAD_README_case_number
random,seed_20263948,20263948,SLBIC_70,SLBIC,70.0,% of 100 cm2 inside-containment steam-line break,test,NPPAD_README_case_number
random,seed_20263948,20263948,LOCAC_19,LOCAC,19.0,% of 100 cm2 cold-leg break,test,NPPAD_README_case_number
random,seed_20263948,20263948,LOCA_20,LOCA,20.0,% of 100 cm2 hot-leg break,test,NPPAD_README_case_number
random,seed_20263948,20263948,LOCA_77,LOCA,77.0,% of 100 cm2 hot-leg break,test,NPPAD_README_case_number
random,seed_20263948,20263948,SLBIC_95,SLBIC,95.0,% of 100 cm2 inside-containment steam-line break,test,NPPAD_README_case_number
random,seed_20263948,20263948,FLB_82,FLB,82.0,% of 100 cm2 feedwater-line break,test,NPPAD_README_case_number
random,seed_20263948,20263948,SLBIC_52,SLBIC,52.0,% of 100 cm2 inside-containment steam-line break,test,NPPAD_README_case_number
random,seed_20263948,20263948,LR_74,LR,74.0,% of full load rejected,test,NPPAD_README_case_number
random,seed_20263948,20263948,LOCAC_48,LOCAC,48.0,% of 100 cm2 cold-leg break,test,NPPAD_README_case_number
random,seed_20263948,20263948,SLBIC_33,SLBIC,33.0,% of 100 cm2 inside-containment steam-line break,test,NPPAD_README_case_number
random,seed_20263948,20263948,FLB_36,FLB,36.0,% of 100 cm2 feedwater-line break,test,NPPAD_README_case_number
random,seed_20263948,20263948,SLBIC_16,SLBIC,16.0,% of 100 cm2 inside-containment steam-line break,test,NPPAD_README_case_number
random,seed_20263948,20263948,LOCAC_20,LOCAC,20.0,% of 100 cm2 cold-leg break,test,NPPAD_README_case_number
random,seed_20263948,20263948,FLB_57,FLB,57.0,% of 100 cm2 feedwater-line break,test,NPPAD_README_case_number
random,seed_20263948,20263948,SGATR_58,SGATR,58.0,% of one full steam-generator-A tube rupture,test,NPPAD_README_case_number
random,seed_20263948,20263948,SLBIC_100,SLBIC,100.0,% of 100 cm2 inside-containment steam-line break,test,NPPAD_README_case_number
random,seed_20263948,20263948,FLB_71,FLB,71.0,% of 100 cm2 feedwater-line break,test,NPPAD_README_case_number
random,seed_20263948,20263948,FLB_21,FLB,21.0,% of 100 cm2 feedwater-line break,test,NPPAD_README_case_number
random,seed_20263948,20263948,LOCA_52,LOCA,52.0,% of 100 cm2 hot-leg break,test,NPPAD_README_case_number
random,seed_20263948,20263948,SGBTR_86,SGBTR,86.0,% of one full steam-generator-B tube rupture,test,NPPAD_README_case_number
random,seed_20263948,20263948,SGBTR_59,SGBTR,59.0,% of one full steam-generator-B tube rupture,test,NPPAD_README_case_number
random,seed_20263948,20263948,FLB_67,FLB,67.0,% of 100 cm2 feedwater-line break,test,NPPAD_README_case_number
random,seed_20263948,20263948,SGBTR_96,SGBTR,96.0,% of one full steam-generator-B tube rupture,test,NPPAD_README_case_number
random,seed_20263948,20263948,RI_-31,RI,-31.0,% of rods inserted,test,NPPAD_README_case_number
random,seed_20263948,20263948,LOCA_24,LOCA,24.0,% of 100 cm2 hot-leg break,test,NPPAD_README_case_number
random,seed_20263948,20263948,RI_-29,RI,-29.0,% of rods inserted,test,NPPAD_README_case_number
random,seed_20263948,20263948,LR_94,LR,94.0,% of full load rejected,test,NPPAD_README_case_number
random,seed_20263948,20263948,SGBTR_104,SGBTR,104.0,% of one full steam-generator-B tube rupture,test,NPPAD_README_case_number
random,seed_20263948,20263948,LOCA_76,LOCA,76.0,% of 100 cm2 hot-leg break,test,NPPAD_README_case_number
random,seed_20263948,20263948,SGBTR_68,SGBTR,68.0,% of one full steam-generator-B tube rupture,test,NPPAD_README_case_number
random,seed_20263948,20263948,LOCA_8,LOCA,8.0,% of 100 cm2 hot-leg break,test,NPPAD_README_case_number
random,seed_20263948,20263948,LOCA_54,LOCA,54.0,% of 100 cm2 hot-leg break,test,NPPAD_README_case_number
random,seed_20263948,20263948,SLBIC_76,SLBIC,76.0,% of 100 cm2 inside-containment steam-line break,test,NPPAD_README_case_number
random,seed_20263948,20263948,LOCA_59,LOCA,59.0,% of 100 cm2 hot-leg break,test,NPPAD_README_case_number
random,seed_20263948,20263948,LOCA_28,LOCA,28.0,% of 100 cm2 hot-leg break,test,NPPAD_README_case_number
random,seed_20263948,20263948,SLBIC_63,SLBIC,63.0,% of 100 cm2 inside-containment steam-line break,test,NPPAD_README_case_number
random,seed_20263948,20263948,FLB_8,FLB,8.0,% of 100 cm2 feedwater-line break,test,NPPAD_README_case_number
random,seed_20263948,20263948,LOCAC_46,LOCAC,46.0,% of 100 cm2 cold-leg break,test,NPPAD_README_case_number
random,seed_20263948,20263948,SLBIC_79,SLBIC,79.0,% of 100 cm2 inside-containment steam-line break,test,NPPAD_README_case_number
random,seed_20263948,20263948,FLB_18,FLB,18.0,% of 100 cm2 feedwater-line break,test,NPPAD_README_case_number
random,seed_20263948,20263948,FLB_96,FLB,96.0,% of 100 cm2 feedwater-line break,test,NPPAD_README_case_number
random,seed_20263948,20263948,LOCAC_26,LOCAC,26.0,% of 100 cm2 cold-leg break,test,NPPAD_README_case_number
random,seed_20263948,20263948,SLBIC_58,SLBIC,58.0,% of 100 cm2 inside-containment steam-line break,test,NPPAD_README_case_number
random,seed_20263948,20263948,SLBIC_24,SLBIC,24.0,% of 100 cm2 inside-containment steam-line break,test,NPPAD_README_case_number
random,seed_20263948,20263948,LOCA_64,LOCA,64.0,% of 100 cm2 hot-leg break,test,NPPAD_README_case_number
random,seed_20263948,20263948,LOCAC_74,LOCAC,74.0,% of 100 cm2 cold-leg break,test,NPPAD_README_case_number
random,seed_20263948,20263948,LOCAC_18,LOCAC,18.0,% of 100 cm2 cold-leg break,test,NPPAD_README_case_number
random,seed_20263948,20263948,RI_-14,RI,-14.0,% of rods inserted,test,NPPAD_README_case_number
random,seed_20263948,20263948,RI_-25,RI,-25.0,% of rods inserted,test,NPPAD_README_case_number
random,seed_20263948,20263948,SGBTR_97,SGBTR,97.0,% of one full steam-generator-B tube rupture,test,NPPAD_README_case_number
random,seed_20263948,20263948,SGATR_61,SGATR,61.0,% of one full steam-generator-A tube rupture,test,NPPAD_README_case_number
random,seed_20263948,20263948,FLB_13,FLB,13.0,% of 100 cm2 feedwater-line break,test,NPPAD_README_case_number
random,seed_20263948,20263948,SLBIC_20,SLBIC,20.0,% of 100 cm2 inside-containment steam-line break,test,NPPAD_README_case_number
random,seed_20263948,20263948,FLB_6,FLB,6.0,% of 100 cm2 feedwater-line break,test,NPPAD_README_case_number
random,seed_20263948,20263948,LOCAC_75,LOCAC,75.0,% of 100 cm2 cold-leg break,test,NPPAD_README_case_number
random,seed_20263948,20263948,SGBTR_110,SGBTR,110.0,% of one full steam-generator-B tube rupture,test,NPPAD_README_case_number
random,seed_20263948,20263948,FLB_86,FLB,86.0,% of 100 cm2 feedwater-line break,test,NPPAD_README_case_number
random,seed_20263948,20263948,SGATR_77,SGATR,77.0,% of one full steam-generator-A tube rupture,test,NPPAD_README_case_number
random,seed_20263948,20263948,LOCAC_52,LOCAC,52.0,% of 100 cm2 cold-leg break,test,NPPAD_README_case_number
random,seed_20263948,20263948,RI_-17,RI,-17.0,% of rods inserted,test,NPPAD_README_case_number
random,seed_20263948,20263948,FLB_51,FLB,51.0,% of 100 cm2 feedwater-line break,test,NPPAD_README_case_number
random,seed_20263948,20263948,FLB_47,FLB,47.0,% of 100 cm2 feedwater-line break,test,NPPAD_README_case_number
random,seed_20263948,20263948,SGBTR_77,SGBTR,77.0,% of one full steam-generator-B tube rupture,test,NPPAD_README_case_number
random,seed_20263948,20263948,FLB_30,FLB,30.0,% of 100 cm2 feedwater-line break,test,NPPAD_README_case_number
random,seed_20263948,20263948,SGATR_78,SGATR,78.0,% of one full steam-generator-A tube rupture,test,NPPAD_README_case_number
random,seed_20263948,20263948,LOCAC_73,LOCAC,73.0,% of 100 cm2 cold-leg break,test,NPPAD_README_case_number
random,seed_20263948,20263948,SLBIC_36,SLBIC,36.0,% of 100 cm2 inside-containment steam-line break,test,NPPAD_README_case_number
random,seed_20263948,20263948,SLBIC_101,SLBIC,101.0,% of 100 cm2 inside-containment steam-line break,test,NPPAD_README_case_number
random,seed_20263948,20263948,SGATR_67,SGATR,67.0,% of one full steam-generator-A tube rupture,test,NPPAD_README_case_number
random,seed_20263948,20263948,LOCA_73,LOCA,73.0,% of 100 cm2 hot-leg break,test,NPPAD_README_case_number
random,seed_20263948,20263948,FLB_5,FLB,5.0,% of 100 cm2 feedwater-line break,test,NPPAD_README_case_number
random,seed_20263948,20263948,LOCAC_69,LOCAC,69.0,% of 100 cm2 cold-leg break,test,NPPAD_README_case_number
random,seed_20263948,20263948,RI_-15,RI,-15.0,% of rods inserted,test,NPPAD_README_case_number
random,seed_20263948,20263948,LR_75,LR,75.0,% of full load rejected,test,NPPAD_README_case_number
random,seed_20263948,20263948,SLBIC_28,SLBIC,28.0,% of 100 cm2 inside-containment steam-line break,test,NPPAD_README_case_number
random,seed_20263948,20263948,SGBTR_103,SGBTR,103.0,% of one full steam-generator-B tube rupture,test,NPPAD_README_case_number
random,seed_20263948,20263948,SGBTR_74,SGBTR,74.0,% of one full steam-generator-B tube rupture,test,NPPAD_README_case_number
random,seed_20263948,20263948,FLB_40,FLB,40.0,% of 100 cm2 feedwater-line break,test,NPPAD_README_case_number
random,seed_20263948,20263948,FLB_32,FLB,32.0,% of 100 cm2 feedwater-line break,test,NPPAD_README_case_number
random,seed_20263948,20263948,LOCAC_25,LOCAC,25.0,% of 100 cm2 cold-leg break,test,NPPAD_README_case_number
random,seed_20263948,20263948,SGATR_79,SGATR,79.0,% of one full steam-generator-A tube rupture,test,NPPAD_README_case_number
random,seed_20263948,20263948,LOCA_44,LOCA,44.0,% of 100 cm2 hot-leg break,test,NPPAD_README_case_number
random,seed_20263948,20263948,SLBIC_83,SLBIC,83.0,% of 100 cm2 inside-containment steam-line break,test,NPPAD_README_case_number
random,seed_20263948,20263948,SGBTR_75,SGBTR,75.0,% of one full steam-generator-B tube rupture,test,NPPAD_README_case_number
random,seed_20263948,20263948,LR_85,LR,85.0,% of full load rejected,test,NPPAD_README_case_number
random,seed_20263948,20263948,LOCA_7,LOCA,7.0,% of 100 cm2 hot-leg break,test,NPPAD_README_case_number
random,seed_20263948,20263948,FLB_15,FLB,15.0,% of 100 cm2 feedwater-line break,test,NPPAD_README_case_number
random,seed_20263948,20263948,SLBIC_99,SLBIC,99.0,% of 100 cm2 inside-containment steam-line break,test,NPPAD_README_case_number
random,seed_20263948,20263948,LR_79,LR,79.0,% of full load rejected,test,NPPAD_README_case_number
random,seed_20263948,20263948,LOCAC_27,LOCAC,27.0,% of 100 cm2 cold-leg break,test,NPPAD_README_case_number
random,seed_20263948,20263948,SGATR_66,SGATR,66.0,% of one full steam-generator-A tube rupture,test,NPPAD_README_case_number
random,seed_20263948,20263948,SLBIC_69,SLBIC,69.0,% of 100 cm2 inside-containment steam-line break,test,NPPAD_README_case_number
random,seed_20263948,20263948,LOCA_49,LOCA,49.0,% of 100 cm2 hot-leg break,test,NPPAD_README_case_number
random,seed_20263948,20263948,FLB_99,FLB,99.0,% of 100 cm2 feedwater-line break,test,NPPAD_README_case_number
random,seed_20263948,20263948,LOCAC_56,LOCAC,56.0,% of 100 cm2 cold-leg break,test,NPPAD_README_case_number
random,seed_20263948,20263948,LOCA_57,LOCA,57.0,% of 100 cm2 hot-leg break,test,NPPAD_README_case_number
random,seed_20263948,20263948,SGATR_96,SGATR,96.0,% of one full steam-generator-A tube rupture,test,NPPAD_README_case_number
random,seed_20263948,20263948,LOCAC_21,LOCAC,21.0,% of 100 cm2 cold-leg break,test,NPPAD_README_case_number
random,seed_20263948,20263948,SGATR_68,SGATR,68.0,% of one full steam-generator-A tube rupture,test,NPPAD_README_case_number
random,seed_20264957,20264957,LOCAC_79,LOCAC,79.0,% of 100 cm2 cold-leg break,train,NPPAD_README_case_number
random,seed_20264957,20264957,LOCAC_77,LOCAC,77.0,% of 100 cm2 cold-leg break,train,NPPAD_README_case_number
random,seed_20264957,20264957,FLB_69,FLB,69.0,% of 100 cm2 feedwater-line break,train,NPPAD_README_case_number
random,seed_20264957,20264957,SGBTR_76,SGBTR,76.0,% of one full steam-generator-B tube rupture,train,NPPAD_README_case_number
random,seed_20264957,20264957,SGBTR_61,SGBTR,61.0,% of one full steam-generator-B tube rupture,train,NPPAD_README_case_number
random,seed_20264957,20264957,LR_95,LR,95.0,% of full load rejected,train,NPPAD_README_case_number
random,seed_20264957,20264957,RI_-25,RI,-25.0,% of rods inserted,train,NPPAD_README_case_number
random,seed_20264957,20264957,LOCAC_47,LOCAC,47.0,% of 100 cm2 cold-leg break,train,NPPAD_README_case_number
random,seed_20264957,20264957,SGATR_66,SGATR,66.0,% of one full steam-generator-A tube rupture,train,NPPAD_README_case_number
random,seed_20264957,20264957,RI_-10,RI,-10.0,% of rods inserted,train,NPPAD_README_case_number
random,seed_20264957,20264957,SGBTR_59,SGBTR,59.0,% of one full steam-generator-B tube rupture,train,NPPAD_README_case_number
random,seed_20264957,20264957,LOCAC_44,LOCAC,44.0,% of 100 cm2 cold-leg break,train,NPPAD_README_case_number
random,seed_20264957,20264957,SLBIC_89,SLBIC,89.0,% of 100 cm2 inside-containment steam-line break,train,NPPAD_README_case_number
random,seed_20264957,20264957,SLBIC_17,SLBIC,17.0,% of 100 cm2 inside-containment steam-line break,train,NPPAD_README_case_number
random,seed_20264957,20264957,SGATR_95,SGATR,95.0,% of one full steam-generator-A tube rupture,train,NPPAD_README_case_number
random,seed_20264957,20264957,SGATR_65,SGATR,65.0,% of one full steam-generator-A tube rupture,train,NPPAD_README_case_number
random,seed_20264957,20264957,SLBIC_32,SLBIC,32.0,% of 100 cm2 inside-containment steam-line break,train,NPPAD_README_case_number
random,seed_20264957,20264957,LOCA_72,LOCA,72.0,% of 100 cm2 hot-leg break,train,NPPAD_README_case_number
random,seed_20264957,20264957,LR_72,LR,72.0,% of full load rejected,train,NPPAD_README_case_number
random,seed_20264957,20264957,LOCA_9,LOCA,9.0,% of 100 cm2 hot-leg break,train,NPPAD_README_case_number
random,seed_20264957,20264957,LR_76,LR,76.0,% of full load rejected,train,NPPAD_README_case_number
random,seed_20264957,20264957,FLB_60,FLB,60.0,% of 100 cm2 feedwater-line break,train,NPPAD_README_case_number
random,seed_20264957,20264957,FLB_15,FLB,15.0,% of 100 cm2 feedwater-line break,train,NPPAD_README_case_number
random,seed_20264957,20264957,SLBIC_38,SLBIC,38.0,% of 100 cm2 inside-containment steam-line break,train,NPPAD_README_case_number
random,seed_20264957,20264957,FLB_83,FLB,83.0,% of 100 cm2 feedwater-line break,train,NPPAD_README_case_number
random,seed_20264957,20264957,SLBIC_64,SLBIC,64.0,% of 100 cm2 inside-containment steam-line break,train,NPPAD_README_case_number
random,seed_20264957,20264957,LOCAC_3,LOCAC,3.0,% of 100 cm2 cold-leg break,train,NPPAD_README_case_number
random,seed_20264957,20264957,LOCAC_61,LOCAC,61.0,% of 100 cm2 cold-leg break,train,NPPAD_README_case_number
random,seed_20264957,20264957,FLB_57,FLB,57.0,% of 100 cm2 feedwater-line break,train,NPPAD_README_case_number
random,seed_20264957,20264957,LOCA_60,LOCA,60.0,% of 100 cm2 hot-leg break,train,NPPAD_README_case_number
random,seed_20264957,20264957,SGBTR_65,SGBTR,65.0,% of one full steam-generator-B tube rupture,train,NPPAD_README_case_number
random,seed_20264957,20264957,SGATR_90,SGATR,90.0,% of one full steam-generator-A tube rupture,train,NPPAD_README_case_number
random,seed_20264957,20264957,SGATR_61,SGATR,61.0,% of one full steam-generator-A tube rupture,train,NPPAD_README_case_number
random,seed_20264957,20264957,FLB_39,FLB,39.0,% of 100 cm2 feedwater-line break,train,NPPAD_README_case_number
random,seed_20264957,20264957,LOCAC_9,LOCAC,9.0,% of 100 cm2 cold-leg break,train,NPPAD_README_case_number
random,seed_20264957,20264957,FLB_90,FLB,90.0,% of 100 cm2 feedwater-line break,train,NPPAD_README_case_number
random,seed_20264957,20264957,SLBIC_72,SLBIC,72.0,% of 100 cm2 inside-containment steam-line break,train,NPPAD_README_case_number
random,seed_20264957,20264957,LR_82,LR,82.0,% of full load rejected,train,NPPAD_README_case_number
random,seed_20264957,20264957,RI_-2,RI,-2.0,% of rods inserted,train,NPPAD_README_case_number
random,seed_20264957,20264957,SLBIC_67,SLBIC,67.0,% of 100 cm2 inside-containment steam-line break,train,NPPAD_README_case_number
random,seed_20264957,20264957,FLB_44,FLB,44.0,% of 100 cm2 feedwater-line break,train,NPPAD_README_case_number
random,seed_20264957,20264957,SGBTR_82,SGBTR,82.0,% of one full steam-generator-B tube rupture,train,NPPAD_README_case_number
random,seed_20264957,20264957,LOCA_30,LOCA,30.0,% of 100 cm2 hot-leg break,train,NPPAD_README_case_number
random,seed_20264957,20264957,LOCA_70,LOCA,70.0,% of 100 cm2 hot-leg break,train,NPPAD_README_case_number
random,seed_20264957,20264957,LOCAC_70,LOCAC,70.0,% of 100 cm2 cold-leg break,train,NPPAD_README_case_number
random,seed_20264957,20264957,SGATR_88,SGATR,88.0,% of one full steam-generator-A tube rupture,train,NPPAD_README_case_number
random,seed_20264957,20264957,SGBTR_79,SGBTR,79.0,% of one full steam-generator-B tube rupture,train,NPPAD_README_case_number
random,seed_20264957,20264957,FLB_6,FLB,6.0,% of 100 cm2 feedwater-line break,train,NPPAD_README_case_number
random,seed_20264957,20264957,SGBTR_69,SGBTR,69.0,% of one full steam-generator-B tube rupture,train,NPPAD_README_case_number
random,seed_20264957,20264957,LOCAC_46,LOCAC,46.0,% of 100 cm2 cold-leg break,train,NPPAD_README_case_number
random,seed_20264957,20264957,SGBTR_70,SGBTR,70.0,% of one full steam-generator-B tube rupture,train,NPPAD_README_case_number
random,seed_20264957,20264957,SGBTR_101,SGBTR,101.0,% of one full steam-generator-B tube rupture,train,NPPAD_README_case_number
random,seed_20264957,20264957,SLBIC_58,SLBIC,58.0,% of 100 cm2 inside-containment steam-line break,train,NPPAD_README_case_number
random,seed_20264957,20264957,LOCAC_71,LOCAC,71.0,% of 100 cm2 cold-leg break,train,NPPAD_README_case_number
random,seed_20264957,20264957,LOCAC_52,LOCAC,52.0,% of 100 cm2 cold-leg break,train,NPPAD_README_case_number
random,seed_20264957,20264957,LOCAC_74,LOCAC,74.0,% of 100 cm2 cold-leg break,train,NPPAD_README_case_number
random,seed_20264957,20264957,FLB_91,FLB,91.0,% of 100 cm2 feedwater-line break,train,NPPAD_README_case_number
random,seed_20264957,20264957,FLB_31,FLB,31.0,% of 100 cm2 feedwater-line break,train,NPPAD_README_case_number
random,seed_20264957,20264957,FLB_73,FLB,73.0,% of 100 cm2 feedwater-line break,train,NPPAD_README_case_number
random,seed_20264957,20264957,LOCAC_66,LOCAC,66.0,% of 100 cm2 cold-leg break,train,NPPAD_README_case_number
random,seed_20264957,20264957,RI_-13,RI,-13.0,% of rods inserted,train,NPPAD_README_case_number
random,seed_20264957,20264957,LOCA_35,LOCA,35.0,% of 100 cm2 hot-leg break,train,NPPAD_README_case_number
random,seed_20264957,20264957,SLBIC_47,SLBIC,47.0,% of 100 cm2 inside-containment steam-line break,train,NPPAD_README_case_number
random,seed_20264957,20264957,SGBTR_96,SGBTR,96.0,% of one full steam-generator-B tube rupture,train,NPPAD_README_case_number
random,seed_20264957,20264957,SLBIC_36,SLBIC,36.0,% of 100 cm2 inside-containment steam-line break,train,NPPAD_README_case_number
random,seed_20264957,20264957,SGATR_71,SGATR,71.0,% of one full steam-generator-A tube rupture,train,NPPAD_README_case_number
random,seed_20264957,20264957,FLB_58,FLB,58.0,% of 100 cm2 feedwater-line break,train,NPPAD_README_case_number
random,seed_20264957,20264957,SGATR_86,SGATR,86.0,% of one full steam-generator-A tube rupture,train,NPPAD_README_case_number
random,seed_20264957,20264957,LOCA_69,LOCA,69.0,% of 100 cm2 hot-leg break,train,NPPAD_README_case_number
random,seed_20264957,20264957,LOCA_11,LOCA,11.0,% of 100 cm2 hot-leg break,train,NPPAD_README_case_number
random,seed_20264957,20264957,LOCA_56,LOCA,56.0,% of 100 cm2 hot-leg break,train,NPPAD_README_case_number
random,seed_20264957,20264957,SGBTR_87,SGBTR,87.0,% of one full steam-generator-B tube rupture,train,NPPAD_README_case_number
random,seed_20264957,20264957,LOCA_47,LOCA,47.0,% of 100 cm2 hot-leg break,train,NPPAD_README_case_number
random,seed_20264957,20264957,SGBTR_97,SGBTR,97.0,% of one full steam-generator-B tube rupture,train,NPPAD_README_case_number
random,seed_20264957,20264957,SGBTR_63,SGBTR,63.0,% of one full steam-generator-B tube rupture,train,NPPAD_README_case_number
random,seed_20264957,20264957,FLB_97,FLB,97.0,% of 100 cm2 feedwater-line break,train,NPPAD_README_case_number
random,seed_20264957,20264957,FLB_59,FLB,59.0,% of 100 cm2 feedwater-line break,train,NPPAD_README_case_number
random,seed_20264957,20264957,FLB_45,FLB,45.0,% of 100 cm2 feedwater-line break,train,NPPAD_README_case_number
random,seed_20264957,20264957,RW_2,RW,2.0,% of rods withdrawn,train,NPPAD_README_case_number
random,seed_20264957,20264957,LOCAC_58,LOCAC,58.0,% of 100 cm2 cold-leg break,train,NPPAD_README_case_number
random,seed_20264957,20264957,SGBTR_89,SGBTR,89.0,% of one full steam-generator-B tube rupture,train,NPPAD_README_case_number
random,seed_20264957,20264957,RI_-3,RI,-3.0,% of rods inserted,train,NPPAD_README_case_number
random,seed_20264957,20264957,FLB_16,FLB,16.0,% of 100 cm2 feedwater-line break,train,NPPAD_README_case_number
random,seed_20264957,20264957,LR_88,LR,88.0,% of full load rejected,train,NPPAD_README_case_number
random,seed_20264957,20264957,LOCA_51,LOCA,51.0,% of 100 cm2 hot-leg break,train,NPPAD_README_case_number
random,seed_20264957,20264957,SLBIC_33,SLBIC,33.0,% of 100 cm2 inside-containment steam-line break,train,NPPAD_README_case_number
random,seed_20264957,20264957,LOCAC_76,LOCAC,76.0,% of 100 cm2 cold-leg break,train,NPPAD_README_case_number
random,seed_20264957,20264957,LOCA_34,LOCA,34.0,% of 100 cm2 hot-leg break,train,NPPAD_README_case_number
random,seed_20264957,20264957,LOCA_53,LOCA,53.0,% of 100 cm2 hot-leg break,train,NPPAD_README_case_number
random,seed_20264957,20264957,LR_97,LR,97.0,% of full load rejected,train,NPPAD_README_case_number
random,seed_20264957,20264957,LOCAC_1,LOCAC,1.0,% of 100 cm2 cold-leg break,train,NPPAD_README_case_number
random,seed_20264957,20264957,SLBIC_80,SLBIC,80.0,% of 100 cm2 inside-containment steam-line break,train,NPPAD_README_case_number
random,seed_20264957,20264957,RI_-22,RI,-22.0,% of rods inserted,train,NPPAD_README_case_number
random,seed_20264957,20264957,FLB_79,FLB,79.0,% of 100 cm2 feedwater-line break,train,NPPAD_README_case_number
random,seed_20264957,20264957,SLBIC_56,SLBIC,56.0,% of 100 cm2 inside-containment steam-line break,train,NPPAD_README_case_number
random,seed_20264957,20264957,SGATR_82,SGATR,82.0,% of one full steam-generator-A tube rupture,train,NPPAD_README_case_number
random,seed_20264957,20264957,SGBTR_68,SGBTR,68.0,% of one full steam-generator-B tube rupture,train,NPPAD_README_case_number
random,seed_20264957,20264957,SGATR_98,SGATR,98.0,% of one full steam-generator-A tube rupture,train,NPPAD_README_case_number
random,seed_20264957,20264957,FLB_86,FLB,86.0,% of 100 cm2 feedwater-line break,train,NPPAD_README_case_number
random,seed_20264957,20264957,LOCA_55,LOCA,55.0,% of 100 cm2 hot-leg break,train,NPPAD_README_case_number
random,seed_20264957,20264957,RI_-6,RI,-6.0,% of rods inserted,train,NPPAD_README_case_number
random,seed_20264957,20264957,FLB_95,FLB,95.0,% of 100 cm2 feedwater-line break,train,NPPAD_README_case_number
random,seed_20264957,20264957,SLBIC_52,SLBIC,52.0,% of 100 cm2 inside-containment steam-line break,train,NPPAD_README_case_number
random,seed_20264957,20264957,LOCAC_18,LOCAC,18.0,% of 100 cm2 cold-leg break,train,NPPAD_README_case_number
random,seed_20264957,20264957,LOCA_68,LOCA,68.0,% of 100 cm2 hot-leg break,train,NPPAD_README_case_number
random,seed_20264957,20264957,LOCA_5,LOCA,5.0,% of 100 cm2 hot-leg break,train,NPPAD_README_case_number
random,seed_20264957,20264957,FLB_3,FLB,3.0,% of 100 cm2 feedwater-line break,train,NPPAD_README_case_number
random,seed_20264957,20264957,LOCA_2,LOCA,2.0,% of 100 cm2 hot-leg break,train,NPPAD_README_case_number
random,seed_20264957,20264957,LOCAC_21,LOCAC,21.0,% of 100 cm2 cold-leg break,train,NPPAD_README_case_number
random,seed_20264957,20264957,LR_89,LR,89.0,% of full load rejected,train,NPPAD_README_case_number
random,seed_20264957,20264957,SGBTR_67,SGBTR,67.0,% of one full steam-generator-B tube rupture,train,NPPAD_README_case_number
random,seed_20264957,20264957,LOCAC_48,LOCAC,48.0,% of 100 cm2 cold-leg break,train,NPPAD_README_case_number
random,seed_20264957,20264957,LOCAC_65,LOCAC,65.0,% of 100 cm2 cold-leg break,train,NPPAD_README_case_number
random,seed_20264957,20264957,SLBIC_99,SLBIC,99.0,% of 100 cm2 inside-containment steam-line break,train,NPPAD_README_case_number
random,seed_20264957,20264957,FLB_51,FLB,51.0,% of 100 cm2 feedwater-line break,train,NPPAD_README_case_number
random,seed_20264957,20264957,FLB_11,FLB,11.0,% of 100 cm2 feedwater-line break,train,NPPAD_README_case_number
random,seed_20264957,20264957,LOCA_75,LOCA,75.0,% of 100 cm2 hot-leg break,train,NPPAD_README_case_number
random,seed_20264957,20264957,FLB_70,FLB,70.0,% of 100 cm2 feedwater-line break,train,NPPAD_README_case_number
random,seed_20264957,20264957,SGBTR_103,SGBTR,103.0,% of one full steam-generator-B tube rupture,train,NPPAD_README_case_number
random,seed_20264957,20264957,RI_-35,RI,-35.0,% of rods inserted,train,NPPAD_README_case_number
random,seed_20264957,20264957,FLB_10,FLB,10.0,% of 100 cm2 feedwater-line break,train,NPPAD_README_case_number
random,seed_20264957,20264957,LOCA_49,LOCA,49.0,% of 100 cm2 hot-leg break,train,NPPAD_README_case_number
random,seed_20264957,20264957,LOCAC_42,LOCAC,42.0,% of 100 cm2 cold-leg break,train,NPPAD_README_case_number
random,seed_20264957,20264957,LOCA_37,LOCA,37.0,% of 100 cm2 hot-leg break,train,NPPAD_README_case_number
random,seed_20264957,20264957,FLB_98,FLB,98.0,% of 100 cm2 feedwater-line break,train,NPPAD_README_case_number
random,seed_20264957,20264957,RI_-34,RI,-34.0,% of rods inserted,train,NPPAD_README_case_number
random,seed_20264957,20264957,SLBIC_28,SLBIC,28.0,% of 100 cm2 inside-containment steam-line break,train,NPPAD_README_case_number
random,seed_20264957,20264957,LOCA_14,LOCA,14.0,% of 100 cm2 hot-leg break,train,NPPAD_README_case_number
random,seed_20264957,20264957,LOCAC_28,LOCAC,28.0,% of 100 cm2 cold-leg break,train,NPPAD_README_case_number
random,seed_20264957,20264957,LR_75,LR,75.0,% of full load rejected,train,NPPAD_README_case_number
random,seed_20264957,20264957,FLB_55,FLB,55.0,% of 100 cm2 feedwater-line break,train,NPPAD_README_case_number
random,seed_20264957,20264957,LOCA_18,LOCA,18.0,% of 100 cm2 hot-leg break,train,NPPAD_README_case_number
random,seed_20264957,20264957,LOCA_64,LOCA,64.0,% of 100 cm2 hot-leg break,train,NPPAD_README_case_number
random,seed_20264957,20264957,SGATR_80,SGATR,80.0,% of one full steam-generator-A tube rupture,train,NPPAD_README_case_number
random,seed_20264957,20264957,RI_-8,RI,-8.0,% of rods inserted,train,NPPAD_README_case_number
random,seed_20264957,20264957,SLBIC_19,SLBIC,19.0,% of 100 cm2 inside-containment steam-line break,train,NPPAD_README_case_number
random,seed_20264957,20264957,SLBIC_29,SLBIC,29.0,% of 100 cm2 inside-containment steam-line break,train,NPPAD_README_case_number
random,seed_20264957,20264957,SLBIC_42,SLBIC,42.0,% of 100 cm2 inside-containment steam-line break,train,NPPAD_README_case_number
random,seed_20264957,20264957,SGBTR_95,SGBTR,95.0,% of one full steam-generator-B tube rupture,train,NPPAD_README_case_number
random,seed_20264957,20264957,RI_-33,RI,-33.0,% of rods inserted,train,NPPAD_README_case_number
random,seed_20264957,20264957,SLBIC_92,SLBIC,92.0,% of 100 cm2 inside-containment steam-line break,train,NPPAD_README_case_number
random,seed_20264957,20264957,SLBIC_97,SLBIC,97.0,% of 100 cm2 inside-containment steam-line break,train,NPPAD_README_case_number
random,seed_20264957,20264957,SGATR_99,SGATR,99.0,% of one full steam-generator-A tube rupture,train,NPPAD_README_case_number
random,seed_20264957,20264957,RI_-14,RI,-14.0,% of rods inserted,train,NPPAD_README_case_number
random,seed_20264957,20264957,LOCAC_45,LOCAC,45.0,% of 100 cm2 cold-leg break,train,NPPAD_README_case_number
random,seed_20264957,20264957,FLB_88,FLB,88.0,% of 100 cm2 feedwater-line break,train,NPPAD_README_case_number
random,seed_20264957,20264957,LOCAC_49,LOCAC,49.0,% of 100 cm2 cold-leg break,train,NPPAD_README_case_number
random,seed_20264957,20264957,FLB_40,FLB,40.0,% of 100 cm2 feedwater-line break,train,NPPAD_README_case_number
random,seed_20264957,20264957,RI_-19,RI,-19.0,% of rods inserted,train,NPPAD_README_case_number
random,seed_20264957,20264957,LOCAC_15,LOCAC,15.0,% of 100 cm2 cold-leg break,train,NPPAD_README_case_number
random,seed_20264957,20264957,SLBIC_71,SLBIC,71.0,% of 100 cm2 inside-containment steam-line break,train,NPPAD_README_case_number
random,seed_20264957,20264957,LOCAC_30,LOCAC,30.0,% of 100 cm2 cold-leg break,train,NPPAD_README_case_number
random,seed_20264957,20264957,FLB_52,FLB,52.0,% of 100 cm2 feedwater-line break,train,NPPAD_README_case_number
random,seed_20264957,20264957,LOCAC_63,LOCAC,63.0,% of 100 cm2 cold-leg break,train,NPPAD_README_case_number
random,seed_20264957,20264957,LR_99,LR,99.0,% of full load rejected,train,NPPAD_README_case_number
random,seed_20264957,20264957,FLB_63,FLB,63.0,% of 100 cm2 feedwater-line break,train,NPPAD_README_case_number
random,seed_20264957,20264957,SGBTR_100,SGBTR,100.0,% of one full steam-generator-B tube rupture,train,NPPAD_README_case_number
random,seed_20264957,20264957,SGBTR_75,SGBTR,75.0,% of one full steam-generator-B tube rupture,train,NPPAD_README_case_number
random,seed_20264957,20264957,LOCAC_41,LOCAC,41.0,% of 100 cm2 cold-leg break,train,NPPAD_README_case_number
random,seed_20264957,20264957,SLBIC_53,SLBIC,53.0,% of 100 cm2 inside-containment steam-line break,train,NPPAD_README_case_number
random,seed_20264957,20264957,LOCA_6,LOCA,6.0,% of 100 cm2 hot-leg break,train,NPPAD_README_case_number
random,seed_20264957,20264957,LOCA_46,LOCA,46.0,% of 100 cm2 hot-leg break,train,NPPAD_README_case_number
random,seed_20264957,20264957,LOCAC_32,LOCAC,32.0,% of 100 cm2 cold-leg break,train,NPPAD_README_case_number
random,seed_20264957,20264957,LOCA_1,LOCA,1.0,% of 100 cm2 hot-leg break,train,NPPAD_README_case_number
random,seed_20264957,20264957,LR_70,LR,70.0,% of full load rejected,train,NPPAD_README_case_number
random,seed_20264957,20264957,LOCAC_55,LOCAC,55.0,% of 100 cm2 cold-leg break,train,NPPAD_README_case_number
random,seed_20264957,20264957,LOCAC_33,LOCAC,33.0,% of 100 cm2 cold-leg break,train,NPPAD_README_case_number
random,seed_20264957,20264957,SLBIC_86,SLBIC,86.0,% of 100 cm2 inside-containment steam-line break,train,NPPAD_README_case_number
random,seed_20264957,20264957,LOCA_71,LOCA,71.0,% of 100 cm2 hot-leg break,train,NPPAD_README_case_number
random,seed_20264957,20264957,FLB_61,FLB,61.0,% of 100 cm2 feedwater-line break,train,NPPAD_README_case_number
random,seed_20264957,20264957,LOCA_74,LOCA,74.0,% of 100 cm2 hot-leg break,train,NPPAD_README_case_number
random,seed_20264957,20264957,LOCAC_34,LOCAC,34.0,% of 100 cm2 cold-leg break,train,NPPAD_README_case_number
random,seed_20264957,20264957,FLB_21,FLB,21.0,% of 100 cm2 feedwater-line break,train,NPPAD_README_case_number
random,seed_20264957,20264957,FLB_82,FLB,82.0,% of 100 cm2 feedwater-line break,train,NPPAD_README_case_number
random,seed_20264957,20264957,SLBIC_95,SLBIC,95.0,% of 100 cm2 inside-containment steam-line break,train,NPPAD_README_case_number
random,seed_20264957,20264957,LR_71,LR,71.0,% of full load rejected,train,NPPAD_README_case_number
random,seed_20264957,20264957,SGBTR_72,SGBTR,72.0,% of one full steam-generator-B tube rupture,train,NPPAD_README_case_number
random,seed_20264957,20264957,FLB_56,FLB,56.0,% of 100 cm2 feedwater-line break,train,NPPAD_README_case_number
random,seed_20264957,20264957,LOCAC_53,LOCAC,53.0,% of 100 cm2 cold-leg break,train,NPPAD_README_case_number
random,seed_20264957,20264957,SGATR_81,SGATR,81.0,% of one full steam-generator-A tube rupture,train,NPPAD_README_case_number
random,seed_20264957,20264957,LOCA_24,LOCA,24.0,% of 100 cm2 hot-leg break,train,NPPAD_README_case_number
random,seed_20264957,20264957,FLB_35,FLB,35.0,% of 100 cm2 feedwater-line break,train,NPPAD_README_case_number
random,seed_20264957,20264957,FLB_41,FLB,41.0,% of 100 cm2 feedwater-line break,train,NPPAD_README_case_number
random,seed_20264957,20264957,RI_-30,RI,-30.0,% of rods inserted,train,NPPAD_README_case_number
random,seed_20264957,20264957,SLBIC_14,SLBIC,14.0,% of 100 cm2 inside-containment steam-line break,train,NPPAD_README_case_number
random,seed_20264957,20264957,LR_90,LR,90.0,% of full load rejected,train,NPPAD_README_case_number
random,seed_20264957,20264957,LOCA_32,LOCA,32.0,% of 100 cm2 hot-leg break,train,NPPAD_README_case_number
random,seed_20264957,20264957,SGATR_75,SGATR,75.0,% of one full steam-generator-A tube rupture,train,NPPAD_README_case_number
random,seed_20264957,20264957,SLBIC_50,SLBIC,50.0,% of 100 cm2 inside-containment steam-line break,train,NPPAD_README_case_number
random,seed_20264957,20264957,LOCA_66,LOCA,66.0,% of 100 cm2 hot-leg break,train,NPPAD_README_case_number
random,seed_20264957,20264957,LOCA_54,LOCA,54.0,% of 100 cm2 hot-leg break,train,NPPAD_README_case_number
random,seed_20264957,20264957,SLBIC_96,SLBIC,96.0,% of 100 cm2 inside-containment steam-line break,train,NPPAD_README_case_number
random,seed_20264957,20264957,LOCA_59,LOCA,59.0,% of 100 cm2 hot-leg break,train,NPPAD_README_case_number
random,seed_20264957,20264957,SLBIC_93,SLBIC,93.0,% of 100 cm2 inside-containment steam-line break,train,NPPAD_README_case_number
random,seed_20264957,20264957,FLB_49,FLB,49.0,% of 100 cm2 feedwater-line break,train,NPPAD_README_case_number
random,seed_20264957,20264957,SGBTR_91,SGBTR,91.0,% of one full steam-generator-B tube rupture,train,NPPAD_README_case_number
random,seed_20264957,20264957,FLB_29,FLB,29.0,% of 100 cm2 feedwater-line break,train,NPPAD_README_case_number
random,seed_20264957,20264957,FLB_93,FLB,93.0,% of 100 cm2 feedwater-line break,train,NPPAD_README_case_number
random,seed_20264957,20264957,LR_74,LR,74.0,% of full load rejected,train,NPPAD_README_case_number
random,seed_20264957,20264957,SLBIC_70,SLBIC,70.0,% of 100 cm2 inside-containment steam-line break,train,NPPAD_README_case_number
random,seed_20264957,20264957,LOCA_26,LOCA,26.0,% of 100 cm2 hot-leg break,train,NPPAD_README_case_number
random,seed_20264957,20264957,LR_96,LR,96.0,% of full load rejected,train,NPPAD_README_case_number
random,seed_20264957,20264957,RI_-16,RI,-16.0,% of rods inserted,train,NPPAD_README_case_number
random,seed_20264957,20264957,FLB_64,FLB,64.0,% of 100 cm2 feedwater-line break,train,NPPAD_README_case_number
random,seed_20264957,20264957,LOCAC_2,LOCAC,2.0,% of 100 cm2 cold-leg break,train,NPPAD_README_case_number
random,seed_20264957,20264957,RI_-12,RI,-12.0,% of rods inserted,train,NPPAD_README_case_number
random,seed_20264957,20264957,RI_-21,RI,-21.0,% of rods inserted,train,NPPAD_README_case_number
random,seed_20264957,20264957,LOCA_40,LOCA,40.0,% of 100 cm2 hot-leg break,train,NPPAD_README_case_number
random,seed_20264957,20264957,LOCAC_51,LOCAC,51.0,% of 100 cm2 cold-leg break,train,NPPAD_README_case_number
random,seed_20264957,20264957,SLBIC_21,SLBIC,21.0,% of 100 cm2 inside-containment steam-line break,train,NPPAD_README_case_number
random,seed_20264957,20264957,SGATR_58,SGATR,58.0,% of one full steam-generator-A tube rupture,train,NPPAD_README_case_number
random,seed_20264957,20264957,LOCA_21,LOCA,21.0,% of 100 cm2 hot-leg break,train,NPPAD_README_case_number
random,seed_20264957,20264957,SLBIC_90,SLBIC,90.0,% of 100 cm2 inside-containment steam-line break,train,NPPAD_README_case_number
random,seed_20264957,20264957,SGATR_96,SGATR,96.0,% of one full steam-generator-A tube rupture,train,NPPAD_README_case_number
random,seed_20264957,20264957,LOCAC_64,LOCAC,64.0,% of 100 cm2 cold-leg break,train,NPPAD_README_case_number
random,seed_20264957,20264957,SLBIC_35,SLBIC,35.0,% of 100 cm2 inside-containment steam-line break,train,NPPAD_README_case_number
random,seed_20264957,20264957,SLBIC_40,SLBIC,40.0,% of 100 cm2 inside-containment steam-line break,train,NPPAD_README_case_number
random,seed_20264957,20264957,FLB_27,FLB,27.0,% of 100 cm2 feedwater-line break,train,NPPAD_README_case_number
random,seed_20264957,20264957,LOCA_77,LOCA,77.0,% of 100 cm2 hot-leg break,train,NPPAD_README_case_number
random,seed_20264957,20264957,FLB_80,FLB,80.0,% of 100 cm2 feedwater-line break,train,NPPAD_README_case_number
random,seed_20264957,20264957,SLBIC_15,SLBIC,15.0,% of 100 cm2 inside-containment steam-line break,train,NPPAD_README_case_number
random,seed_20264957,20264957,FLB_87,FLB,87.0,% of 100 cm2 feedwater-line break,train,NPPAD_README_case_number
random,seed_20264957,20264957,SGBTR_108,SGBTR,108.0,% of one full steam-generator-B tube rupture,train,NPPAD_README_case_number
random,seed_20264957,20264957,SLBIC_44,SLBIC,44.0,% of 100 cm2 inside-containment steam-line break,train,NPPAD_README_case_number
random,seed_20264957,20264957,SLBIC_27,SLBIC,27.0,% of 100 cm2 inside-containment steam-line break,train,NPPAD_README_case_number
random,seed_20264957,20264957,LOCAC_17,LOCAC,17.0,% of 100 cm2 cold-leg break,train,NPPAD_README_case_number
random,seed_20264957,20264957,SLBIC_76,SLBIC,76.0,% of 100 cm2 inside-containment steam-line break,train,NPPAD_README_case_number
random,seed_20264957,20264957,LOCAC_8,LOCAC,8.0,% of 100 cm2 cold-leg break,train,NPPAD_README_case_number
random,seed_20264957,20264957,FLB_89,FLB,89.0,% of 100 cm2 feedwater-line break,train,NPPAD_README_case_number
random,seed_20264957,20264957,SLBIC_34,SLBIC,34.0,% of 100 cm2 inside-containment steam-line break,train,NPPAD_README_case_number
random,seed_20264957,20264957,SLBIC_37,SLBIC,37.0,% of 100 cm2 inside-containment steam-line break,train,NPPAD_README_case_number
random,seed_20264957,20264957,SLBIC_98,SLBIC,98.0,% of 100 cm2 inside-containment steam-line break,train,NPPAD_README_case_number
random,seed_20264957,20264957,RI_-17,RI,-17.0,% of rods inserted,train,NPPAD_README_case_number
random,seed_20264957,20264957,FLB_48,FLB,48.0,% of 100 cm2 feedwater-line break,train,NPPAD_README_case_number
random,seed_20264957,20264957,FLB_25,FLB,25.0,% of 100 cm2 feedwater-line break,train,NPPAD_README_case_number
random,seed_20264957,20264957,RI_-23,RI,-23.0,% of rods inserted,train,NPPAD_README_case_number
random,seed_20264957,20264957,SLBIC_83,SLBIC,83.0,% of 100 cm2 inside-containment steam-line break,train,NPPAD_README_case_number
random,seed_20264957,20264957,SLBIC_77,SLBIC,77.0,% of 100 cm2 inside-containment steam-line break,train,NPPAD_README_case_number
random,seed_20264957,20264957,SLBIC_84,SLBIC,84.0,% of 100 cm2 inside-containment steam-line break,train,NPPAD_README_case_number
random,seed_20264957,20264957,FLB_68,FLB,68.0,% of 100 cm2 feedwater-line break,train,NPPAD_README_case_number
random,seed_20264957,20264957,LOCA_33,LOCA,33.0,% of 100 cm2 hot-leg break,train,NPPAD_README_case_number
random,seed_20264957,20264957,LOCA_16,LOCA,16.0,% of 100 cm2 hot-leg break,train,NPPAD_README_case_number
random,seed_20264957,20264957,FLB_96,FLB,96.0,% of 100 cm2 feedwater-line break,train,NPPAD_README_case_number
random,seed_20264957,20264957,LOCAC_72,LOCAC,72.0,% of 100 cm2 cold-leg break,train,NPPAD_README_case_number
random,seed_20264957,20264957,SGBTR_106,SGBTR,106.0,% of one full steam-generator-B tube rupture,train,NPPAD_README_case_number
random,seed_20264957,20264957,FLB_62,FLB,62.0,% of 100 cm2 feedwater-line break,train,NPPAD_README_case_number
random,seed_20264957,20264957,SGATR_63,SGATR,63.0,% of one full steam-generator-A tube rupture,train,NPPAD_README_case_number
random,seed_20264957,20264957,LOCA_29,LOCA,29.0,% of 100 cm2 hot-leg break,train,NPPAD_README_case_number
random,seed_20264957,20264957,LR_83,LR,83.0,% of full load rejected,train,NPPAD_README_case_number
random,seed_20264957,20264957,LOCAC_20,LOCAC,20.0,% of 100 cm2 cold-leg break,train,NPPAD_README_case_number
random,seed_20264957,20264957,SLBIC_74,SLBIC,74.0,% of 100 cm2 inside-containment steam-line break,train,NPPAD_README_case_number
random,seed_20264957,20264957,SGATR_76,SGATR,76.0,% of one full steam-generator-A tube rupture,train,NPPAD_README_case_number
random,seed_20264957,20264957,LOCAC_31,LOCAC,31.0,% of 100 cm2 cold-leg break,train,NPPAD_README_case_number
random,seed_20264957,20264957,SGATR_77,SGATR,77.0,% of one full steam-generator-A tube rupture,train,NPPAD_README_case_number
random,seed_20264957,20264957,SLBIC_82,SLBIC,82.0,% of 100 cm2 inside-containment steam-line break,train,NPPAD_README_case_number
random,seed_20264957,20264957,FLB_75,FLB,75.0,% of 100 cm2 feedwater-line break,train,NPPAD_README_case_number
random,seed_20264957,20264957,SGBTR_84,SGBTR,84.0,% of one full steam-generator-B tube rupture,train,NPPAD_README_case_number
random,seed_20264957,20264957,SGATR_89,SGATR,89.0,% of one full steam-generator-A tube rupture,train,NPPAD_README_case_number
random,seed_20264957,20264957,LOCAC_27,LOCAC,27.0,% of 100 cm2 cold-leg break,train,NPPAD_README_case_number
random,seed_20264957,20264957,LOCAC_35,LOCAC,35.0,% of 100 cm2 cold-leg break,train,NPPAD_README_case_number
random,seed_20264957,20264957,SGBTR_74,SGBTR,74.0,% of one full steam-generator-B tube rupture,train,NPPAD_README_case_number
random,seed_20264957,20264957,LOCA_48,LOCA,48.0,% of 100 cm2 hot-leg break,train,NPPAD_README_case_number
random,seed_20264957,20264957,LOCA_63,LOCA,63.0,% of 100 cm2 hot-leg break,train,NPPAD_README_case_number
random,seed_20264957,20264957,FLB_13,FLB,13.0,% of 100 cm2 feedwater-line break,train,NPPAD_README_case_number
random,seed_20264957,20264957,LR_79,LR,79.0,% of full load rejected,train,NPPAD_README_case_number
random,seed_20264957,20264957,LOCAC_16,LOCAC,16.0,% of 100 cm2 cold-leg break,train,NPPAD_README_case_number
random,seed_20264957,20264957,LOCA_17,LOCA,17.0,% of 100 cm2 hot-leg break,train,NPPAD_README_case_number
random,seed_20264957,20264957,SLBIC_31,SLBIC,31.0,% of 100 cm2 inside-containment steam-line break,train,NPPAD_README_case_number
random,seed_20264957,20264957,SGATR_87,SGATR,87.0,% of one full steam-generator-A tube rupture,train,NPPAD_README_case_number
random,seed_20264957,20264957,LOCA_31,LOCA,31.0,% of 100 cm2 hot-leg break,train,NPPAD_README_case_number
random,seed_20264957,20264957,SLBIC_54,SLBIC,54.0,% of 100 cm2 inside-containment steam-line break,train,NPPAD_README_case_number
random,seed_20264957,20264957,FLB_5,FLB,5.0,% of 100 cm2 feedwater-line break,train,NPPAD_README_case_number
random,seed_20264957,20264957,FLB_77,FLB,77.0,% of 100 cm2 feedwater-line break,train,NPPAD_README_case_number
random,seed_20264957,20264957,SGBTR_99,SGBTR,99.0,% of one full steam-generator-B tube rupture,train,NPPAD_README_case_number
random,seed_20264957,20264957,FLB_18,FLB,18.0,% of 100 cm2 feedwater-line break,train,NPPAD_README_case_number
random,seed_20264957,20264957,FLB_72,FLB,72.0,% of 100 cm2 feedwater-line break,train,NPPAD_README_case_number
random,seed_20264957,20264957,FLB_14,FLB,14.0,% of 100 cm2 feedwater-line break,train,NPPAD_README_case_number
random,seed_20264957,20264957,LOCAC_78,LOCAC,78.0,% of 100 cm2 cold-leg break,train,NPPAD_README_case_number
random,seed_20264957,20264957,FLB_30,FLB,30.0,% of 100 cm2 feedwater-line break,train,NPPAD_README_case_number
random,seed_20264957,20264957,SGATR_93,SGATR,93.0,% of one full steam-generator-A tube rupture,train,NPPAD_README_case_number
random,seed_20264957,20264957,RI_-7,RI,-7.0,% of rods inserted,train,NPPAD_README_case_number
random,seed_20264957,20264957,LOCA_52,LOCA,52.0,% of 100 cm2 hot-leg break,train,NPPAD_README_case_number
random,seed_20264957,20264957,SGATR_74,SGATR,74.0,% of one full steam-generator-A tube rupture,train,NPPAD_README_case_number
random,seed_20264957,20264957,SLBIC_18,SLBIC,18.0,% of 100 cm2 inside-containment steam-line break,train,NPPAD_README_case_number
random,seed_20264957,20264957,LR_78,LR,78.0,% of full load rejected,train,NPPAD_README_case_number
random,seed_20264957,20264957,RW_3,RW,3.0,% of rods withdrawn,train,NPPAD_README_case_number
random,seed_20264957,20264957,SGBTR_93,SGBTR,93.0,% of one full steam-generator-B tube rupture,train,NPPAD_README_case_number
random,seed_20264957,20264957,LOCAC_13,LOCAC,13.0,% of 100 cm2 cold-leg break,train,NPPAD_README_case_number
random,seed_20264957,20264957,SGBTR_71,SGBTR,71.0,% of one full steam-generator-B tube rupture,train,NPPAD_README_case_number
random,seed_20264957,20264957,SGBTR_98,SGBTR,98.0,% of one full steam-generator-B tube rupture,train,NPPAD_README_case_number
random,seed_20264957,20264957,SGBTR_109,SGBTR,109.0,% of one full steam-generator-B tube rupture,train,NPPAD_README_case_number
random,seed_20264957,20264957,LOCA_4,LOCA,4.0,% of 100 cm2 hot-leg break,train,NPPAD_README_case_number
random,seed_20264957,20264957,LR_85,LR,85.0,% of full load rejected,train,NPPAD_README_case_number
random,seed_20264957,20264957,SLBIC_39,SLBIC,39.0,% of 100 cm2 inside-containment steam-line break,train,NPPAD_README_case_number
random,seed_20264957,20264957,SGBTR_85,SGBTR,85.0,% of one full steam-generator-B tube rupture,train,NPPAD_README_case_number
random,seed_20264957,20264957,SLBIC_30,SLBIC,30.0,% of 100 cm2 inside-containment steam-line break,train,NPPAD_README_case_number
random,seed_20264957,20264957,SLBIC_20,SLBIC,20.0,% of 100 cm2 inside-containment steam-line break,train,NPPAD_README_case_number
random,seed_20264957,20264957,FLB_92,FLB,92.0,% of 100 cm2 feedwater-line break,train,NPPAD_README_case_number
random,seed_20264957,20264957,SGATR_70,SGATR,70.0,% of one full steam-generator-A tube rupture,train,NPPAD_README_case_number
random,seed_20264957,20264957,SGATR_60,SGATR,60.0,% of one full steam-generator-A tube rupture,train,NPPAD_README_case_number
random,seed_20264957,20264957,SLBIC_55,SLBIC,55.0,% of 100 cm2 inside-containment steam-line break,train,NPPAD_README_case_number
random,seed_20264957,20264957,LOCAC_7,LOCAC,7.0,% of 100 cm2 cold-leg break,train,NPPAD_README_case_number
random,seed_20264957,20264957,SGATR_91,SGATR,91.0,% of one full steam-generator-A tube rupture,train,NPPAD_README_case_number
random,seed_20264957,20264957,LOCAC_56,LOCAC,56.0,% of 100 cm2 cold-leg break,validation,NPPAD_README_case_number
random,seed_20264957,20264957,FLB_66,FLB,66.0,% of 100 cm2 feedwater-line break,validation,NPPAD_README_case_number
random,seed_20264957,20264957,SGBTR_107,SGBTR,107.0,% of one full steam-generator-B tube rupture,validation,NPPAD_README_case_number
random,seed_20264957,20264957,LR_84,LR,84.0,% of full load rejected,validation,NPPAD_README_case_number
random,seed_20264957,20264957,LOCAC_25,LOCAC,25.0,% of 100 cm2 cold-leg break,validation,NPPAD_README_case_number
random,seed_20264957,20264957,LOCA_36,LOCA,36.0,% of 100 cm2 hot-leg break,validation,NPPAD_README_case_number
random,seed_20264957,20264957,LOCAC_10,LOCAC,10.0,% of 100 cm2 cold-leg break,validation,NPPAD_README_case_number
random,seed_20264957,20264957,SGBTR_78,SGBTR,78.0,% of one full steam-generator-B tube rupture,validation,NPPAD_README_case_number
random,seed_20264957,20264957,SGBTR_92,SGBTR,92.0,% of one full steam-generator-B tube rupture,validation,NPPAD_README_case_number
random,seed_20264957,20264957,LOCAC_23,LOCAC,23.0,% of 100 cm2 cold-leg break,validation,NPPAD_README_case_number
random,seed_20264957,20264957,LOCAC_75,LOCAC,75.0,% of 100 cm2 cold-leg break,validation,NPPAD_README_case_number
random,seed_20264957,20264957,LOCA_39,LOCA,39.0,% of 100 cm2 hot-leg break,validation,NPPAD_README_case_number
random,seed_20264957,20264957,LOCA_8,LOCA,8.0,% of 100 cm2 hot-leg break,validation,NPPAD_README_case_number
random,seed_20264957,20264957,RI_-9,RI,-9.0,% of rods inserted,validation,NPPAD_README_case_number
random,seed_20264957,20264957,SLBIC_48,SLBIC,48.0,% of 100 cm2 inside-containment steam-line break,validation,NPPAD_README_case_number
random,seed_20264957,20264957,SLBIC_45,SLBIC,45.0,% of 100 cm2 inside-containment steam-line break,validation,NPPAD_README_case_number
random,seed_20264957,20264957,FLB_50,FLB,50.0,% of 100 cm2 feedwater-line break,validation,NPPAD_README_case_number
random,seed_20264957,20264957,SLBIC_101,SLBIC,101.0,% of 100 cm2 inside-containment steam-line break,validation,NPPAD_README_case_number
random,seed_20264957,20264957,SGBTR_73,SGBTR,73.0,% of one full steam-generator-B tube rupture,validation,NPPAD_README_case_number
random,seed_20264957,20264957,SGATR_69,SGATR,69.0,% of one full steam-generator-A tube rupture,validation,NPPAD_README_case_number
random,seed_20264957,20264957,LOCA_76,LOCA,76.0,% of 100 cm2 hot-leg break,validation,NPPAD_README_case_number
random,seed_20264957,20264957,SGATR_64,SGATR,64.0,% of one full steam-generator-A tube rupture,validation,NPPAD_README_case_number
random,seed_20264957,20264957,LOCA_10,LOCA,10.0,% of 100 cm2 hot-leg break,validation,NPPAD_README_case_number
random,seed_20264957,20264957,LOCAC_38,LOCAC,38.0,% of 100 cm2 cold-leg break,validation,NPPAD_README_case_number
random,seed_20264957,20264957,FLB_71,FLB,71.0,% of 100 cm2 feedwater-line break,validation,NPPAD_README_case_number
random,seed_20264957,20264957,SGBTR_104,SGBTR,104.0,% of one full steam-generator-B tube rupture,validation,NPPAD_README_case_number
random,seed_20264957,20264957,SLBIC_51,SLBIC,51.0,% of 100 cm2 inside-containment steam-line break,validation,NPPAD_README_case_number
random,seed_20264957,20264957,SLBIC_46,SLBIC,46.0,% of 100 cm2 inside-containment steam-line break,validation,NPPAD_README_case_number
random,seed_20264957,20264957,SLBIC_79,SLBIC,79.0,% of 100 cm2 inside-containment steam-line break,validation,NPPAD_README_case_number
random,seed_20264957,20264957,FLB_20,FLB,20.0,% of 100 cm2 feedwater-line break,validation,NPPAD_README_case_number
random,seed_20264957,20264957,SLBIC_66,SLBIC,66.0,% of 100 cm2 inside-containment steam-line break,validation,NPPAD_README_case_number
random,seed_20264957,20264957,RI_-29,RI,-29.0,% of rods inserted,validation,NPPAD_README_case_number
random,seed_20264957,20264957,LOCA_50,LOCA,50.0,% of 100 cm2 hot-leg break,validation,NPPAD_README_case_number
random,seed_20264957,20264957,FLB_26,FLB,26.0,% of 100 cm2 feedwater-line break,validation,NPPAD_README_case_number
random,seed_20264957,20264957,SGBTR_110,SGBTR,110.0,% of one full steam-generator-B tube rupture,validation,NPPAD_README_case_number
random,seed_20264957,20264957,FLB_100,FLB,100.0,% of 100 cm2 feedwater-line break,validation,NPPAD_README_case_number
random,seed_20264957,20264957,LOCAC_12,LOCAC,12.0,% of 100 cm2 cold-leg break,validation,NPPAD_README_case_number
random,seed_20264957,20264957,LOCAC_54,LOCAC,54.0,% of 100 cm2 cold-leg break,validation,NPPAD_README_case_number
random,seed_20264957,20264957,LOCA_3,LOCA,3.0,% of 100 cm2 hot-leg break,validation,NPPAD_README_case_number
random,seed_20264957,20264957,FLB_47,FLB,47.0,% of 100 cm2 feedwater-line break,validation,NPPAD_README_case_number
random,seed_20264957,20264957,LOCAC_68,LOCAC,68.0,% of 100 cm2 cold-leg break,validation,NPPAD_README_case_number
random,seed_20264957,20264957,SGATR_68,SGATR,68.0,% of one full steam-generator-A tube rupture,validation,NPPAD_README_case_number
random,seed_20264957,20264957,SGATR_59,SGATR,59.0,% of one full steam-generator-A tube rupture,validation,NPPAD_README_case_number
random,seed_20264957,20264957,LOCAC_26,LOCAC,26.0,% of 100 cm2 cold-leg break,validation,NPPAD_README_case_number
random,seed_20264957,20264957,LOCAC_57,LOCAC,57.0,% of 100 cm2 cold-leg break,validation,NPPAD_README_case_number
random,seed_20264957,20264957,SGBTR_105,SGBTR,105.0,% of one full steam-generator-B tube rupture,validation,NPPAD_README_case_number
random,seed_20264957,20264957,LR_98,LR,98.0,% of full load rejected,validation,NPPAD_README_case_number
random,seed_20264957,20264957,SGATR_97,SGATR,97.0,% of one full steam-generator-A tube rupture,validation,NPPAD_README_case_number
random,seed_20264957,20264957,LOCA_57,LOCA,57.0,% of 100 cm2 hot-leg break,validation,NPPAD_README_case_number
random,seed_20264957,20264957,RI_-5,RI,-5.0,% of rods inserted,validation,NPPAD_README_case_number
random,seed_20264957,20264957,LOCA_42,LOCA,42.0,% of 100 cm2 hot-leg break,validation,NPPAD_README_case_number
random,seed_20264957,20264957,LOCA_15,LOCA,15.0,% of 100 cm2 hot-leg break,validation,NPPAD_README_case_number
random,seed_20264957,20264957,SLBIC_73,SLBIC,73.0,% of 100 cm2 inside-containment steam-line break,validation,NPPAD_README_case_number
random,seed_20264957,20264957,FLB_43,FLB,43.0,% of 100 cm2 feedwater-line break,validation,NPPAD_README_case_number
random,seed_20264957,20264957,FLB_99,FLB,99.0,% of 100 cm2 feedwater-line break,validation,NPPAD_README_case_number
random,seed_20264957,20264957,LOCAC_19,LOCAC,19.0,% of 100 cm2 cold-leg break,validation,NPPAD_README_case_number
random,seed_20264957,20264957,SLBIC_49,SLBIC,49.0,% of 100 cm2 inside-containment steam-line break,validation,NPPAD_README_case_number
random,seed_20264957,20264957,FLB_36,FLB,36.0,% of 100 cm2 feedwater-line break,validation,NPPAD_README_case_number
random,seed_20264957,20264957,LOCAC_24,LOCAC,24.0,% of 100 cm2 cold-leg break,validation,NPPAD_README_case_number
random,seed_20264957,20264957,SGATR_57,SGATR,57.0,% of one full steam-generator-A tube rupture,validation,NPPAD_README_case_number
random,seed_20264957,20264957,SGBTR_90,SGBTR,90.0,% of one full steam-generator-B tube rupture,validation,NPPAD_README_case_number
random,seed_20264957,20264957,SLBIC_24,SLBIC,24.0,% of 100 cm2 inside-containment steam-line break,validation,NPPAD_README_case_number
random,seed_20264957,20264957,SGBTR_86,SGBTR,86.0,% of one full steam-generator-B tube rupture,validation,NPPAD_README_case_number
random,seed_20264957,20264957,FLB_53,FLB,53.0,% of 100 cm2 feedwater-line break,validation,NPPAD_README_case_number
random,seed_20264957,20264957,RW_1,RW,1.0,% of rods withdrawn,validation,NPPAD_README_case_number
random,seed_20264957,20264957,SLBIC_22,SLBIC,22.0,% of 100 cm2 inside-containment steam-line break,validation,NPPAD_README_case_number
random,seed_20264957,20264957,LOCA_13,LOCA,13.0,% of 100 cm2 hot-leg break,validation,NPPAD_README_case_number
random,seed_20264957,20264957,FLB_42,FLB,42.0,% of 100 cm2 feedwater-line break,validation,NPPAD_README_case_number
random,seed_20264957,20264957,RI_-28,RI,-28.0,% of rods inserted,validation,NPPAD_README_case_number
random,seed_20264957,20264957,FLB_23,FLB,23.0,% of 100 cm2 feedwater-line break,validation,NPPAD_README_case_number
random,seed_20264957,20264957,RI_-31,RI,-31.0,% of rods inserted,validation,NPPAD_README_case_number
random,seed_20264957,20264957,SLBIC_100,SLBIC,100.0,% of 100 cm2 inside-containment steam-line break,validation,NPPAD_README_case_number
random,seed_20264957,20264957,SGATR_92,SGATR,92.0,% of one full steam-generator-A tube rupture,validation,NPPAD_README_case_number
random,seed_20264957,20264957,SGBTR_62,SGBTR,62.0,% of one full steam-generator-B tube rupture,validation,NPPAD_README_case_number
random,seed_20264957,20264957,FLB_17,FLB,17.0,% of 100 cm2 feedwater-line break,validation,NPPAD_README_case_number
random,seed_20264957,20264957,LOCA_58,LOCA,58.0,% of 100 cm2 hot-leg break,validation,NPPAD_README_case_number
random,seed_20264957,20264957,FLB_67,FLB,67.0,% of 100 cm2 feedwater-line break,validation,NPPAD_README_case_number
random,seed_20264957,20264957,LOCA_45,LOCA,45.0,% of 100 cm2 hot-leg break,validation,NPPAD_README_case_number
random,seed_20264957,20264957,SGBTR_102,SGBTR,102.0,% of one full steam-generator-B tube rupture,validation,NPPAD_README_case_number
random,seed_20264957,20264957,LOCA_7,LOCA,7.0,% of 100 cm2 hot-leg break,validation,NPPAD_README_case_number
random,seed_20264957,20264957,SLBIC_69,SLBIC,69.0,% of 100 cm2 inside-containment steam-line break,validation,NPPAD_README_case_number
random,seed_20264957,20264957,FLB_37,FLB,37.0,% of 100 cm2 feedwater-line break,validation,NPPAD_README_case_number
random,seed_20264957,20264957,LR_86,LR,86.0,% of full load rejected,validation,NPPAD_README_case_number
random,seed_20264957,20264957,LOCA_38,LOCA,38.0,% of 100 cm2 hot-leg break,validation,NPPAD_README_case_number
random,seed_20264957,20264957,SLBIC_81,SLBIC,81.0,% of 100 cm2 inside-containment steam-line break,validation,NPPAD_README_case_number
random,seed_20264957,20264957,SLBIC_91,SLBIC,91.0,% of 100 cm2 inside-containment steam-line break,validation,NPPAD_README_case_number
random,seed_20264957,20264957,RI_-11,RI,-11.0,% of rods inserted,validation,NPPAD_README_case_number
random,seed_20264957,20264957,FLB_81,FLB,81.0,% of 100 cm2 feedwater-line break,validation,NPPAD_README_case_number
random,seed_20264957,20264957,SGATR_62,SGATR,62.0,% of one full steam-generator-A tube rupture,validation,NPPAD_README_case_number
random,seed_20264957,20264957,SLBIC_23,SLBIC,23.0,% of 100 cm2 inside-containment steam-line break,validation,NPPAD_README_case_number
random,seed_20264957,20264957,LOCAC_59,LOCAC,59.0,% of 100 cm2 cold-leg break,validation,NPPAD_README_case_number
random,seed_20264957,20264957,FLB_2,FLB,2.0,% of 100 cm2 feedwater-line break,validation,NPPAD_README_case_number
random,seed_20264957,20264957,SGATR_73,SGATR,73.0,% of one full steam-generator-A tube rupture,validation,NPPAD_README_case_number
random,seed_20264957,20264957,LR_77,LR,77.0,% of full load rejected,validation,NPPAD_README_case_number
random,seed_20264957,20264957,RI_-26,RI,-26.0,% of rods inserted,validation,NPPAD_README_case_number
random,seed_20264957,20264957,LOCAC_40,LOCAC,40.0,% of 100 cm2 cold-leg break,validation,NPPAD_README_case_number
random,seed_20264957,20264957,LR_94,LR,94.0,% of full load rejected,validation,NPPAD_README_case_number
random,seed_20264957,20264957,FLB_94,FLB,94.0,% of 100 cm2 feedwater-line break,validation,NPPAD_README_case_number
random,seed_20264957,20264957,SLBIC_87,SLBIC,87.0,% of 100 cm2 inside-containment steam-line break,validation,NPPAD_README_case_number
random,seed_20264957,20264957,LOCAC_67,LOCAC,67.0,% of 100 cm2 cold-leg break,validation,NPPAD_README_case_number
random,seed_20264957,20264957,FLB_9,FLB,9.0,% of 100 cm2 feedwater-line break,validation,NPPAD_README_case_number
random,seed_20264957,20264957,LOCA_65,LOCA,65.0,% of 100 cm2 hot-leg break,test,NPPAD_README_case_number
random,seed_20264957,20264957,FLB_74,FLB,74.0,% of 100 cm2 feedwater-line break,test,NPPAD_README_case_number
random,seed_20264957,20264957,FLB_65,FLB,65.0,% of 100 cm2 feedwater-line break,test,NPPAD_README_case_number
random,seed_20264957,20264957,FLB_34,FLB,34.0,% of 100 cm2 feedwater-line break,test,NPPAD_README_case_number
random,seed_20264957,20264957,LOCAC_43,LOCAC,43.0,% of 100 cm2 cold-leg break,test,NPPAD_README_case_number
random,seed_20264957,20264957,SLBIC_41,SLBIC,41.0,% of 100 cm2 inside-containment steam-line break,test,NPPAD_README_case_number
random,seed_20264957,20264957,RI_-4,RI,-4.0,% of rods inserted,test,NPPAD_README_case_number
random,seed_20264957,20264957,FLB_38,FLB,38.0,% of 100 cm2 feedwater-line break,test,NPPAD_README_case_number
random,seed_20264957,20264957,LOCAC_62,LOCAC,62.0,% of 100 cm2 cold-leg break,test,NPPAD_README_case_number
random,seed_20264957,20264957,FLB_85,FLB,85.0,% of 100 cm2 feedwater-line break,test,NPPAD_README_case_number
random,seed_20264957,20264957,LR_80,LR,80.0,% of full load rejected,test,NPPAD_README_case_number
random,seed_20264957,20264957,LOCAC_50,LOCAC,50.0,% of 100 cm2 cold-leg break,test,NPPAD_README_case_number
random,seed_20264957,20264957,SLBIC_60,SLBIC,60.0,% of 100 cm2 inside-containment steam-line break,test,NPPAD_README_case_number
random,seed_20264957,20264957,SGATR_100,SGATR,100.0,% of one full steam-generator-A tube rupture,test,NPPAD_README_case_number
random,seed_20264957,20264957,LOCAC_29,LOCAC,29.0,% of 100 cm2 cold-leg break,test,NPPAD_README_case_number
random,seed_20264957,20264957,LOCA_25,LOCA,25.0,% of 100 cm2 hot-leg break,test,NPPAD_README_case_number
random,seed_20264957,20264957,SLBIC_88,SLBIC,88.0,% of 100 cm2 inside-containment steam-line break,test,NPPAD_README_case_number
random,seed_20264957,20264957,SLBIC_68,SLBIC,68.0,% of 100 cm2 inside-containment steam-line break,test,NPPAD_README_case_number
random,seed_20264957,20264957,FLB_4,FLB,4.0,% of 100 cm2 feedwater-line break,test,NPPAD_README_case_number
random,seed_20264957,20264957,LOCAC_11,LOCAC,11.0,% of 100 cm2 cold-leg break,test,NPPAD_README_case_number
random,seed_20264957,20264957,SGBTR_60,SGBTR,60.0,% of one full steam-generator-B tube rupture,test,NPPAD_README_case_number
random,seed_20264957,20264957,SLBIC_62,SLBIC,62.0,% of 100 cm2 inside-containment steam-line break,test,NPPAD_README_case_number
random,seed_20264957,20264957,FLB_19,FLB,19.0,% of 100 cm2 feedwater-line break,test,NPPAD_README_case_number
random,seed_20264957,20264957,SLBIC_78,SLBIC,78.0,% of 100 cm2 inside-containment steam-line break,test,NPPAD_README_case_number
random,seed_20264957,20264957,LOCAC_5,LOCAC,5.0,% of 100 cm2 cold-leg break,test,NPPAD_README_case_number
random,seed_20264957,20264957,LOCAC_36,LOCAC,36.0,% of 100 cm2 cold-leg break,test,NPPAD_README_case_number
random,seed_20264957,20264957,FLB_78,FLB,78.0,% of 100 cm2 feedwater-line break,test,NPPAD_README_case_number
random,seed_20264957,20264957,SGBTR_94,SGBTR,94.0,% of one full steam-generator-B tube rupture,test,NPPAD_README_case_number
random,seed_20264957,20264957,LOCA_67,LOCA,67.0,% of 100 cm2 hot-leg break,test,NPPAD_README_case_number
random,seed_20264957,20264957,FLB_32,FLB,32.0,% of 100 cm2 feedwater-line break,test,NPPAD_README_case_number
random,seed_20264957,20264957,SGATR_67,SGATR,67.0,% of one full steam-generator-A tube rupture,test,NPPAD_README_case_number
random,seed_20264957,20264957,SLBIC_57,SLBIC,57.0,% of 100 cm2 inside-containment steam-line break,test,NPPAD_README_case_number
random,seed_20264957,20264957,LOCAC_69,LOCAC,69.0,% of 100 cm2 cold-leg break,test,NPPAD_README_case_number
random,seed_20264957,20264957,SGBTR_64,SGBTR,64.0,% of one full steam-generator-B tube rupture,test,NPPAD_README_case_number
random,seed_20264957,20264957,SLBIC_63,SLBIC,63.0,% of 100 cm2 inside-containment steam-line break,test,NPPAD_README_case_number
random,seed_20264957,20264957,RI_-1,RI,-1.0,% of rods inserted,test,NPPAD_README_case_number
random,seed_20264957,20264957,LOCA_61,LOCA,61.0,% of 100 cm2 hot-leg break,test,NPPAD_README_case_number
random,seed_20264957,20264957,FLB_7,FLB,7.0,% of 100 cm2 feedwater-line break,test,NPPAD_README_case_number
random,seed_20264957,20264957,FLB_54,FLB,54.0,% of 100 cm2 feedwater-line break,test,NPPAD_README_case_number
random,seed_20264957,20264957,LOCAC_39,LOCAC,39.0,% of 100 cm2 cold-leg break,test,NPPAD_README_case_number
random,seed_20264957,20264957,LOCA_41,LOCA,41.0,% of 100 cm2 hot-leg break,test,NPPAD_README_case_number
random,seed_20264957,20264957,FLB_22,FLB,22.0,% of 100 cm2 feedwater-line break,test,NPPAD_README_case_number
random,seed_20264957,20264957,SLBIC_85,SLBIC,85.0,% of 100 cm2 inside-containment steam-line break,test,NPPAD_README_case_number
random,seed_20264957,20264957,SGBTR_83,SGBTR,83.0,% of one full steam-generator-B tube rupture,test,NPPAD_README_case_number
random,seed_20264957,20264957,FLB_28,FLB,28.0,% of 100 cm2 feedwater-line break,test,NPPAD_README_case_number
random,seed_20264957,20264957,LR_93,LR,93.0,% of full load rejected,test,NPPAD_README_case_number
random,seed_20264957,20264957,FLB_33,FLB,33.0,% of 100 cm2 feedwater-line break,test,NPPAD_README_case_number
random,seed_20264957,20264957,FLB_24,FLB,24.0,% of 100 cm2 feedwater-line break,test,NPPAD_README_case_number
random,seed_20264957,20264957,SLBIC_75,SLBIC,75.0,% of 100 cm2 inside-containment steam-line break,test,NPPAD_README_case_number
random,seed_20264957,20264957,SGATR_78,SGATR,78.0,% of one full steam-generator-A tube rupture,test,NPPAD_README_case_number
random,seed_20264957,20264957,RI_-27,RI,-27.0,% of rods inserted,test,NPPAD_README_case_number
random,seed_20264957,20264957,FLB_8,FLB,8.0,% of 100 cm2 feedwater-line break,test,NPPAD_README_case_number
random,seed_20264957,20264957,SGATR_83,SGATR,83.0,% of one full steam-generator-A tube rupture,test,NPPAD_README_case_number
random,seed_20264957,20264957,SLBIC_43,SLBIC,43.0,% of 100 cm2 inside-containment steam-line break,test,NPPAD_README_case_number
random,seed_20264957,20264957,LOCAC_73,LOCAC,73.0,% of 100 cm2 cold-leg break,test,NPPAD_README_case_number
random,seed_20264957,20264957,LOCA_20,LOCA,20.0,% of 100 cm2 hot-leg break,test,NPPAD_README_case_number
random,seed_20264957,20264957,FLB_12,FLB,12.0,% of 100 cm2 feedwater-line break,test,NPPAD_README_case_number
random,seed_20264957,20264957,LOCAC_6,LOCAC,6.0,% of 100 cm2 cold-leg break,test,NPPAD_README_case_number
random,seed_20264957,20264957,SLBIC_25,SLBIC,25.0,% of 100 cm2 inside-containment steam-line break,test,NPPAD_README_case_number
random,seed_20264957,20264957,FLB_84,FLB,84.0,% of 100 cm2 feedwater-line break,test,NPPAD_README_case_number
random,seed_20264957,20264957,SLBIC_16,SLBIC,16.0,% of 100 cm2 inside-containment steam-line break,test,NPPAD_README_case_number
random,seed_20264957,20264957,LOCA_23,LOCA,23.0,% of 100 cm2 hot-leg break,test,NPPAD_README_case_number
random,seed_20264957,20264957,SGATR_84,SGATR,84.0,% of one full steam-generator-A tube rupture,test,NPPAD_README_case_number
random,seed_20264957,20264957,SGATR_94,SGATR,94.0,% of one full steam-generator-A tube rupture,test,NPPAD_README_case_number
random,seed_20264957,20264957,FLB_76,FLB,76.0,% of 100 cm2 feedwater-line break,test,NPPAD_README_case_number
random,seed_20264957,20264957,SLBIC_59,SLBIC,59.0,% of 100 cm2 inside-containment steam-line break,test,NPPAD_README_case_number
random,seed_20264957,20264957,LOCA_62,LOCA,62.0,% of 100 cm2 hot-leg break,test,NPPAD_README_case_number
random,seed_20264957,20264957,RI_-15,RI,-15.0,% of rods inserted,test,NPPAD_README_case_number
random,seed_20264957,20264957,LOCA_28,LOCA,28.0,% of 100 cm2 hot-leg break,test,NPPAD_README_case_number
random,seed_20264957,20264957,SGBTR_81,SGBTR,81.0,% of one full steam-generator-B tube rupture,test,NPPAD_README_case_number
random,seed_20264957,20264957,SGBTR_80,SGBTR,80.0,% of one full steam-generator-B tube rupture,test,NPPAD_README_case_number
random,seed_20264957,20264957,SLBIC_61,SLBIC,61.0,% of 100 cm2 inside-containment steam-line break,test,NPPAD_README_case_number
random,seed_20264957,20264957,RI_-32,RI,-32.0,% of rods inserted,test,NPPAD_README_case_number
random,seed_20264957,20264957,RI_-20,RI,-20.0,% of rods inserted,test,NPPAD_README_case_number
random,seed_20264957,20264957,SGBTR_88,SGBTR,88.0,% of one full steam-generator-B tube rupture,test,NPPAD_README_case_number
random,seed_20264957,20264957,SGATR_72,SGATR,72.0,% of one full steam-generator-A tube rupture,test,NPPAD_README_case_number
random,seed_20264957,20264957,SGATR_85,SGATR,85.0,% of one full steam-generator-A tube rupture,test,NPPAD_README_case_number
random,seed_20264957,20264957,LOCA_19,LOCA,19.0,% of 100 cm2 hot-leg break,test,NPPAD_README_case_number
random,seed_20264957,20264957,SGBTR_77,SGBTR,77.0,% of one full steam-generator-B tube rupture,test,NPPAD_README_case_number
random,seed_20264957,20264957,RI_-18,RI,-18.0,% of rods inserted,test,NPPAD_README_case_number
random,seed_20264957,20264957,SGATR_79,SGATR,79.0,% of one full steam-generator-A tube rupture,test,NPPAD_README_case_number
random,seed_20264957,20264957,LOCAC_22,LOCAC,22.0,% of 100 cm2 cold-leg break,test,NPPAD_README_case_number
random,seed_20264957,20264957,LR_81,LR,81.0,% of full load rejected,test,NPPAD_README_case_number
random,seed_20264957,20264957,LOCA_44,LOCA,44.0,% of 100 cm2 hot-leg break,test,NPPAD_README_case_number
random,seed_20264957,20264957,LOCA_27,LOCA,27.0,% of 100 cm2 hot-leg break,test,NPPAD_README_case_number
random,seed_20264957,20264957,LOCAC_14,LOCAC,14.0,% of 100 cm2 cold-leg break,test,NPPAD_README_case_number
random,seed_20264957,20264957,LR_73,LR,73.0,% of full load rejected,test,NPPAD_README_case_number
random,seed_20264957,20264957,SLBIC_65,SLBIC,65.0,% of 100 cm2 inside-containment steam-line break,test,NPPAD_README_case_number
random,seed_20264957,20264957,SLBIC_26,SLBIC,26.0,% of 100 cm2 inside-containment steam-line break,test,NPPAD_README_case_number
random,seed_20264957,20264957,SGBTR_57,SGBTR,57.0,% of one full steam-generator-B tube rupture,test,NPPAD_README_case_number
random,seed_20264957,20264957,SLBIC_94,SLBIC,94.0,% of 100 cm2 inside-containment steam-line break,test,NPPAD_README_case_number
random,seed_20264957,20264957,LOCAC_37,LOCAC,37.0,% of 100 cm2 cold-leg break,test,NPPAD_README_case_number
random,seed_20264957,20264957,LOCAC_60,LOCAC,60.0,% of 100 cm2 cold-leg break,test,NPPAD_README_case_number
random,seed_20264957,20264957,FLB_46,FLB,46.0,% of 100 cm2 feedwater-line break,test,NPPAD_README_case_number
random,seed_20264957,20264957,LOCA_73,LOCA,73.0,% of 100 cm2 hot-leg break,test,NPPAD_README_case_number
random,seed_20264957,20264957,LR_87,LR,87.0,% of full load rejected,test,NPPAD_README_case_number
random,seed_20264957,20264957,LOCA_22,LOCA,22.0,% of 100 cm2 hot-leg break,test,NPPAD_README_case_number
random,seed_20264957,20264957,LOCA_12,LOCA,12.0,% of 100 cm2 hot-leg break,test,NPPAD_README_case_number
random,seed_20264957,20264957,SGBTR_58,SGBTR,58.0,% of one full steam-generator-B tube rupture,test,NPPAD_README_case_number
random,seed_20264957,20264957,SGBTR_66,SGBTR,66.0,% of one full steam-generator-B tube rupture,test,NPPAD_README_case_number
random,seed_20264957,20264957,LOCAC_4,LOCAC,4.0,% of 100 cm2 cold-leg break,test,NPPAD_README_case_number
random,seed_20265966,20265966,SGBTR_77,SGBTR,77.0,% of one full steam-generator-B tube rupture,train,NPPAD_README_case_number
random,seed_20265966,20265966,FLB_69,FLB,69.0,% of 100 cm2 feedwater-line break,train,NPPAD_README_case_number
random,seed_20265966,20265966,FLB_61,FLB,61.0,% of 100 cm2 feedwater-line break,train,NPPAD_README_case_number
random,seed_20265966,20265966,LOCA_36,LOCA,36.0,% of 100 cm2 hot-leg break,train,NPPAD_README_case_number
random,seed_20265966,20265966,SLBIC_40,SLBIC,40.0,% of 100 cm2 inside-containment steam-line break,train,NPPAD_README_case_number
random,seed_20265966,20265966,LR_80,LR,80.0,% of full load rejected,train,NPPAD_README_case_number
random,seed_20265966,20265966,LOCAC_66,LOCAC,66.0,% of 100 cm2 cold-leg break,train,NPPAD_README_case_number
random,seed_20265966,20265966,SGBTR_100,SGBTR,100.0,% of one full steam-generator-B tube rupture,train,NPPAD_README_case_number
random,seed_20265966,20265966,FLB_45,FLB,45.0,% of 100 cm2 feedwater-line break,train,NPPAD_README_case_number
random,seed_20265966,20265966,SLBIC_94,SLBIC,94.0,% of 100 cm2 inside-containment steam-line break,train,NPPAD_README_case_number
random,seed_20265966,20265966,LOCA_58,LOCA,58.0,% of 100 cm2 hot-leg break,train,NPPAD_README_case_number
random,seed_20265966,20265966,RW_2,RW,2.0,% of rods withdrawn,train,NPPAD_README_case_number
random,seed_20265966,20265966,FLB_73,FLB,73.0,% of 100 cm2 feedwater-line break,train,NPPAD_README_case_number
random,seed_20265966,20265966,FLB_33,FLB,33.0,% of 100 cm2 feedwater-line break,train,NPPAD_README_case_number
random,seed_20265966,20265966,RI_-27,RI,-27.0,% of rods inserted,train,NPPAD_README_case_number
random,seed_20265966,20265966,LOCAC_2,LOCAC,2.0,% of 100 cm2 cold-leg break,train,NPPAD_README_case_number
random,seed_20265966,20265966,RI_-19,RI,-19.0,% of rods inserted,train,NPPAD_README_case_number
random,seed_20265966,20265966,FLB_38,FLB,38.0,% of 100 cm2 feedwater-line break,train,NPPAD_README_case_number
random,seed_20265966,20265966,FLB_65,FLB,65.0,% of 100 cm2 feedwater-line break,train,NPPAD_README_case_number
random,seed_20265966,20265966,FLB_11,FLB,11.0,% of 100 cm2 feedwater-line break,train,NPPAD_README_case_number
random,seed_20265966,20265966,SGBTR_86,SGBTR,86.0,% of one full steam-generator-B tube rupture,train,NPPAD_README_case_number
random,seed_20265966,20265966,LOCAC_56,LOCAC,56.0,% of 100 cm2 cold-leg break,train,NPPAD_README_case_number
random,seed_20265966,20265966,LOCAC_41,LOCAC,41.0,% of 100 cm2 cold-leg break,train,NPPAD_README_case_number
random,seed_20265966,20265966,RW_3,RW,3.0,% of rods withdrawn,train,NPPAD_README_case_number
random,seed_20265966,20265966,FLB_90,FLB,90.0,% of 100 cm2 feedwater-line break,train,NPPAD_README_case_number
random,seed_20265966,20265966,SLBIC_31,SLBIC,31.0,% of 100 cm2 inside-containment steam-line break,train,NPPAD_README_case_number
random,seed_20265966,20265966,SGATR_66,SGATR,66.0,% of one full steam-generator-A tube rupture,train,NPPAD_README_case_number
random,seed_20265966,20265966,LOCA_26,LOCA,26.0,% of 100 cm2 hot-leg break,train,NPPAD_README_case_number
random,seed_20265966,20265966,LOCA_22,LOCA,22.0,% of 100 cm2 hot-leg break,train,NPPAD_README_case_number
random,seed_20265966,20265966,FLB_29,FLB,29.0,% of 100 cm2 feedwater-line break,train,NPPAD_README_case_number
random,seed_20265966,20265966,SLBIC_55,SLBIC,55.0,% of 100 cm2 inside-containment steam-line break,train,NPPAD_README_case_number
random,seed_20265966,20265966,SLBIC_49,SLBIC,49.0,% of 100 cm2 inside-containment steam-line break,train,NPPAD_README_case_number
random,seed_20265966,20265966,LOCA_76,LOCA,76.0,% of 100 cm2 hot-leg break,train,NPPAD_README_case_number
random,seed_20265966,20265966,SGBTR_95,SGBTR,95.0,% of one full steam-generator-B tube rupture,train,NPPAD_README_case_number
random,seed_20265966,20265966,SLBIC_62,SLBIC,62.0,% of 100 cm2 inside-containment steam-line break,train,NPPAD_README_case_number
random,seed_20265966,20265966,SLBIC_20,SLBIC,20.0,% of 100 cm2 inside-containment steam-line break,train,NPPAD_README_case_number
random,seed_20265966,20265966,SGATR_78,SGATR,78.0,% of one full steam-generator-A tube rupture,train,NPPAD_README_case_number
random,seed_20265966,20265966,SGBTR_69,SGBTR,69.0,% of one full steam-generator-B tube rupture,train,NPPAD_README_case_number
random,seed_20265966,20265966,SGATR_93,SGATR,93.0,% of one full steam-generator-A tube rupture,train,NPPAD_README_case_number
random,seed_20265966,20265966,SGBTR_60,SGBTR,60.0,% of one full steam-generator-B tube rupture,train,NPPAD_README_case_number
random,seed_20265966,20265966,SGBTR_71,SGBTR,71.0,% of one full steam-generator-B tube rupture,train,NPPAD_README_case_number
random,seed_20265966,20265966,FLB_80,FLB,80.0,% of 100 cm2 feedwater-line break,train,NPPAD_README_case_number
random,seed_20265966,20265966,FLB_9,FLB,9.0,% of 100 cm2 feedwater-line break,train,NPPAD_README_case_number
random,seed_20265966,20265966,LOCAC_10,LOCAC,10.0,% of 100 cm2 cold-leg break,train,NPPAD_README_case_number
random,seed_20265966,20265966,LOCA_49,LOCA,49.0,% of 100 cm2 hot-leg break,train,NPPAD_README_case_number
random,seed_20265966,20265966,FLB_13,FLB,13.0,% of 100 cm2 feedwater-line break,train,NPPAD_README_case_number
random,seed_20265966,20265966,SLBIC_72,SLBIC,72.0,% of 100 cm2 inside-containment steam-line break,train,NPPAD_README_case_number
random,seed_20265966,20265966,FLB_84,FLB,84.0,% of 100 cm2 feedwater-line break,train,NPPAD_README_case_number
random,seed_20265966,20265966,LOCA_48,LOCA,48.0,% of 100 cm2 hot-leg break,train,NPPAD_README_case_number
random,seed_20265966,20265966,SLBIC_95,SLBIC,95.0,% of 100 cm2 inside-containment steam-line break,train,NPPAD_README_case_number
random,seed_20265966,20265966,SLBIC_99,SLBIC,99.0,% of 100 cm2 inside-containment steam-line break,train,NPPAD_README_case_number
random,seed_20265966,20265966,SGBTR_91,SGBTR,91.0,% of one full steam-generator-B tube rupture,train,NPPAD_README_case_number
random,seed_20265966,20265966,LOCAC_60,LOCAC,60.0,% of 100 cm2 cold-leg break,train,NPPAD_README_case_number
random,seed_20265966,20265966,SGATR_75,SGATR,75.0,% of one full steam-generator-A tube rupture,train,NPPAD_README_case_number
random,seed_20265966,20265966,FLB_56,FLB,56.0,% of 100 cm2 feedwater-line break,train,NPPAD_README_case_number
random,seed_20265966,20265966,LOCAC_77,LOCAC,77.0,% of 100 cm2 cold-leg break,train,NPPAD_README_case_number
random,seed_20265966,20265966,SLBIC_97,SLBIC,97.0,% of 100 cm2 inside-containment steam-line break,train,NPPAD_README_case_number
random,seed_20265966,20265966,RI_-3,RI,-3.0,% of rods inserted,train,NPPAD_README_case_number
random,seed_20265966,20265966,LOCAC_9,LOCAC,9.0,% of 100 cm2 cold-leg break,train,NPPAD_README_case_number
random,seed_20265966,20265966,LOCAC_54,LOCAC,54.0,% of 100 cm2 cold-leg break,train,NPPAD_README_case_number
random,seed_20265966,20265966,SLBIC_89,SLBIC,89.0,% of 100 cm2 inside-containment steam-line break,train,NPPAD_README_case_number
random,seed_20265966,20265966,LOCAC_51,LOCAC,51.0,% of 100 cm2 cold-leg break,train,NPPAD_README_case_number
random,seed_20265966,20265966,LOCA_77,LOCA,77.0,% of 100 cm2 hot-leg break,train,NPPAD_README_case_number
random,seed_20265966,20265966,FLB_57,FLB,57.0,% of 100 cm2 feedwater-line break,train,NPPAD_README_case_number
random,seed_20265966,20265966,SLBIC_56,SLBIC,56.0,% of 100 cm2 inside-containment steam-line break,train,NPPAD_README_case_number
random,seed_20265966,20265966,SGBTR_74,SGBTR,74.0,% of one full steam-generator-B tube rupture,train,NPPAD_README_case_number
random,seed_20265966,20265966,SLBIC_88,SLBIC,88.0,% of 100 cm2 inside-containment steam-line break,train,NPPAD_README_case_number
random,seed_20265966,20265966,SGATR_64,SGATR,64.0,% of one full steam-generator-A tube rupture,train,NPPAD_README_case_number
random,seed_20265966,20265966,SLBIC_69,SLBIC,69.0,% of 100 cm2 inside-containment steam-line break,train,NPPAD_README_case_number
random,seed_20265966,20265966,LR_96,LR,96.0,% of full load rejected,train,NPPAD_README_case_number
random,seed_20265966,20265966,FLB_46,FLB,46.0,% of 100 cm2 feedwater-line break,train,NPPAD_README_case_number
random,seed_20265966,20265966,SGBTR_110,SGBTR,110.0,% of one full steam-generator-B tube rupture,train,NPPAD_README_case_number
random,seed_20265966,20265966,RI_-21,RI,-21.0,% of rods inserted,train,NPPAD_README_case_number
random,seed_20265966,20265966,SGBTR_67,SGBTR,67.0,% of one full steam-generator-B tube rupture,train,NPPAD_README_case_number
random,seed_20265966,20265966,LOCAC_62,LOCAC,62.0,% of 100 cm2 cold-leg break,train,NPPAD_README_case_number
random,seed_20265966,20265966,FLB_99,FLB,99.0,% of 100 cm2 feedwater-line break,train,NPPAD_README_case_number
random,seed_20265966,20265966,FLB_12,FLB,12.0,% of 100 cm2 feedwater-line break,train,NPPAD_README_case_number
random,seed_20265966,20265966,LOCA_1,LOCA,1.0,% of 100 cm2 hot-leg break,train,NPPAD_README_case_number
random,seed_20265966,20265966,LR_87,LR,87.0,% of full load rejected,train,NPPAD_README_case_number
random,seed_20265966,20265966,FLB_74,FLB,74.0,% of 100 cm2 feedwater-line break,train,NPPAD_README_case_number
random,seed_20265966,20265966,SGBTR_103,SGBTR,103.0,% of one full steam-generator-B tube rupture,train,NPPAD_README_case_number
random,seed_20265966,20265966,LOCAC_33,LOCAC,33.0,% of 100 cm2 cold-leg break,train,NPPAD_README_case_number
random,seed_20265966,20265966,SGBTR_104,SGBTR,104.0,% of one full steam-generator-B tube rupture,train,NPPAD_README_case_number
random,seed_20265966,20265966,FLB_30,FLB,30.0,% of 100 cm2 feedwater-line break,train,NPPAD_README_case_number
random,seed_20265966,20265966,SLBIC_93,SLBIC,93.0,% of 100 cm2 inside-containment steam-line break,train,NPPAD_README_case_number
random,seed_20265966,20265966,LOCAC_22,LOCAC,22.0,% of 100 cm2 cold-leg break,train,NPPAD_README_case_number
random,seed_20265966,20265966,LOCAC_63,LOCAC,63.0,% of 100 cm2 cold-leg break,train,NPPAD_README_case_number
random,seed_20265966,20265966,LOCA_30,LOCA,30.0,% of 100 cm2 hot-leg break,train,NPPAD_README_case_number
random,seed_20265966,20265966,SLBIC_92,SLBIC,92.0,% of 100 cm2 inside-containment steam-line break,train,NPPAD_README_case_number
random,seed_20265966,20265966,LR_90,LR,90.0,% of full load rejected,train,NPPAD_README_case_number
random,seed_20265966,20265966,FLB_22,FLB,22.0,% of 100 cm2 feedwater-line break,train,NPPAD_README_case_number
random,seed_20265966,20265966,RI_-18,RI,-18.0,% of rods inserted,train,NPPAD_README_case_number
random,seed_20265966,20265966,FLB_2,FLB,2.0,% of 100 cm2 feedwater-line break,train,NPPAD_README_case_number
random,seed_20265966,20265966,LR_97,LR,97.0,% of full load rejected,train,NPPAD_README_case_number
random,seed_20265966,20265966,SLBIC_19,SLBIC,19.0,% of 100 cm2 inside-containment steam-line break,train,NPPAD_README_case_number
random,seed_20265966,20265966,SGATR_69,SGATR,69.0,% of one full steam-generator-A tube rupture,train,NPPAD_README_case_number
random,seed_20265966,20265966,FLB_23,FLB,23.0,% of 100 cm2 feedwater-line break,train,NPPAD_README_case_number
random,seed_20265966,20265966,SGBTR_94,SGBTR,94.0,% of one full steam-generator-B tube rupture,train,NPPAD_README_case_number
random,seed_20265966,20265966,LOCAC_44,LOCAC,44.0,% of 100 cm2 cold-leg break,train,NPPAD_README_case_number
random,seed_20265966,20265966,LOCA_17,LOCA,17.0,% of 100 cm2 hot-leg break,train,NPPAD_README_case_number
random,seed_20265966,20265966,FLB_76,FLB,76.0,% of 100 cm2 feedwater-line break,train,NPPAD_README_case_number
random,seed_20265966,20265966,SLBIC_58,SLBIC,58.0,% of 100 cm2 inside-containment steam-line break,train,NPPAD_README_case_number
random,seed_20265966,20265966,SLBIC_54,SLBIC,54.0,% of 100 cm2 inside-containment steam-line break,train,NPPAD_README_case_number
random,seed_20265966,20265966,LOCAC_6,LOCAC,6.0,% of 100 cm2 cold-leg break,train,NPPAD_README_case_number
random,seed_20265966,20265966,LR_94,LR,94.0,% of full load rejected,train,NPPAD_README_case_number
random,seed_20265966,20265966,FLB_32,FLB,32.0,% of 100 cm2 feedwater-line break,train,NPPAD_README_case_number
random,seed_20265966,20265966,LOCA_52,LOCA,52.0,% of 100 cm2 hot-leg break,train,NPPAD_README_case_number
random,seed_20265966,20265966,LOCAC_79,LOCAC,79.0,% of 100 cm2 cold-leg break,train,NPPAD_README_case_number
random,seed_20265966,20265966,SLBIC_85,SLBIC,85.0,% of 100 cm2 inside-containment steam-line break,train,NPPAD_README_case_number
random,seed_20265966,20265966,SGATR_77,SGATR,77.0,% of one full steam-generator-A tube rupture,train,NPPAD_README_case_number
random,seed_20265966,20265966,LR_74,LR,74.0,% of full load rejected,train,NPPAD_README_case_number
random,seed_20265966,20265966,LOCA_45,LOCA,45.0,% of 100 cm2 hot-leg break,train,NPPAD_README_case_number
random,seed_20265966,20265966,SGBTR_75,SGBTR,75.0,% of one full steam-generator-B tube rupture,train,NPPAD_README_case_number
random,seed_20265966,20265966,SLBIC_23,SLBIC,23.0,% of 100 cm2 inside-containment steam-line break,train,NPPAD_README_case_number
random,seed_20265966,20265966,FLB_19,FLB,19.0,% of 100 cm2 feedwater-line break,train,NPPAD_README_case_number
random,seed_20265966,20265966,FLB_83,FLB,83.0,% of 100 cm2 feedwater-line break,train,NPPAD_README_case_number
random,seed_20265966,20265966,FLB_37,FLB,37.0,% of 100 cm2 feedwater-line break,train,NPPAD_README_case_number
random,seed_20265966,20265966,FLB_97,FLB,97.0,% of 100 cm2 feedwater-line break,train,NPPAD_README_case_number
random,seed_20265966,20265966,FLB_54,FLB,54.0,% of 100 cm2 feedwater-line break,train,NPPAD_README_case_number
random,seed_20265966,20265966,SGATR_76,SGATR,76.0,% of one full steam-generator-A tube rupture,train,NPPAD_README_case_number
random,seed_20265966,20265966,SLBIC_22,SLBIC,22.0,% of 100 cm2 inside-containment steam-line break,train,NPPAD_README_case_number
random,seed_20265966,20265966,LOCA_31,LOCA,31.0,% of 100 cm2 hot-leg break,train,NPPAD_README_case_number
random,seed_20265966,20265966,FLB_67,FLB,67.0,% of 100 cm2 feedwater-line break,train,NPPAD_README_case_number
random,seed_20265966,20265966,SLBIC_75,SLBIC,75.0,% of 100 cm2 inside-containment steam-line break,train,NPPAD_README_case_number
random,seed_20265966,20265966,LOCAC_78,LOCAC,78.0,% of 100 cm2 cold-leg break,train,NPPAD_README_case_number
random,seed_20265966,20265966,SGBTR_87,SGBTR,87.0,% of one full steam-generator-B tube rupture,train,NPPAD_README_case_number
random,seed_20265966,20265966,LOCAC_43,LOCAC,43.0,% of 100 cm2 cold-leg break,train,NPPAD_README_case_number
random,seed_20265966,20265966,SGATR_60,SGATR,60.0,% of one full steam-generator-A tube rupture,train,NPPAD_README_case_number
random,seed_20265966,20265966,SLBIC_96,SLBIC,96.0,% of 100 cm2 inside-containment steam-line break,train,NPPAD_README_case_number
random,seed_20265966,20265966,RI_-10,RI,-10.0,% of rods inserted,train,NPPAD_README_case_number
random,seed_20265966,20265966,LOCAC_34,LOCAC,34.0,% of 100 cm2 cold-leg break,train,NPPAD_README_case_number
random,seed_20265966,20265966,RI_-29,RI,-29.0,% of rods inserted,train,NPPAD_README_case_number
random,seed_20265966,20265966,LOCAC_72,LOCAC,72.0,% of 100 cm2 cold-leg break,train,NPPAD_README_case_number
random,seed_20265966,20265966,SGBTR_82,SGBTR,82.0,% of one full steam-generator-B tube rupture,train,NPPAD_README_case_number
random,seed_20265966,20265966,LOCAC_19,LOCAC,19.0,% of 100 cm2 cold-leg break,train,NPPAD_README_case_number
random,seed_20265966,20265966,LOCAC_31,LOCAC,31.0,% of 100 cm2 cold-leg break,train,NPPAD_README_case_number
random,seed_20265966,20265966,LOCAC_8,LOCAC,8.0,% of 100 cm2 cold-leg break,train,NPPAD_README_case_number
random,seed_20265966,20265966,LOCAC_4,LOCAC,4.0,% of 100 cm2 cold-leg break,train,NPPAD_README_case_number
random,seed_20265966,20265966,SGATR_67,SGATR,67.0,% of one full steam-generator-A tube rupture,train,NPPAD_README_case_number
random,seed_20265966,20265966,SLBIC_30,SLBIC,30.0,% of 100 cm2 inside-containment steam-line break,train,NPPAD_README_case_number
random,seed_20265966,20265966,FLB_40,FLB,40.0,% of 100 cm2 feedwater-line break,train,NPPAD_README_case_number
random,seed_20265966,20265966,LOCAC_67,LOCAC,67.0,% of 100 cm2 cold-leg break,train,NPPAD_README_case_number
random,seed_20265966,20265966,LR_77,LR,77.0,% of full load rejected,train,NPPAD_README_case_number
random,seed_20265966,20265966,RI_-9,RI,-9.0,% of rods inserted,train,NPPAD_README_case_number
random,seed_20265966,20265966,LOCA_15,LOCA,15.0,% of 100 cm2 hot-leg break,train,NPPAD_README_case_number
random,seed_20265966,20265966,LOCAC_68,LOCAC,68.0,% of 100 cm2 cold-leg break,train,NPPAD_README_case_number
random,seed_20265966,20265966,FLB_60,FLB,60.0,% of 100 cm2 feedwater-line break,train,NPPAD_README_case_number
random,seed_20265966,20265966,FLB_15,FLB,15.0,% of 100 cm2 feedwater-line break,train,NPPAD_README_case_number
random,seed_20265966,20265966,LR_86,LR,86.0,% of full load rejected,train,NPPAD_README_case_number
random,seed_20265966,20265966,LOCA_44,LOCA,44.0,% of 100 cm2 hot-leg break,train,NPPAD_README_case_number
random,seed_20265966,20265966,LOCA_11,LOCA,11.0,% of 100 cm2 hot-leg break,train,NPPAD_README_case_number
random,seed_20265966,20265966,SGATR_65,SGATR,65.0,% of one full steam-generator-A tube rupture,train,NPPAD_README_case_number
random,seed_20265966,20265966,LR_83,LR,83.0,% of full load rejected,train,NPPAD_README_case_number
random,seed_20265966,20265966,LOCA_35,LOCA,35.0,% of 100 cm2 hot-leg break,train,NPPAD_README_case_number
random,seed_20265966,20265966,LOCAC_47,LOCAC,47.0,% of 100 cm2 cold-leg break,train,NPPAD_README_case_number
random,seed_20265966,20265966,SLBIC_67,SLBIC,67.0,% of 100 cm2 inside-containment steam-line break,train,NPPAD_README_case_number
random,seed_20265966,20265966,LOCA_54,LOCA,54.0,% of 100 cm2 hot-leg break,train,NPPAD_README_case_number
random,seed_20265966,20265966,SLBIC_39,SLBIC,39.0,% of 100 cm2 inside-containment steam-line break,train,NPPAD_README_case_number
random,seed_20265966,20265966,SLBIC_50,SLBIC,50.0,% of 100 cm2 inside-containment steam-line break,train,NPPAD_README_case_number
random,seed_20265966,20265966,LOCA_7,LOCA,7.0,% of 100 cm2 hot-leg break,train,NPPAD_README_case_number
random,seed_20265966,20265966,LOCAC_37,LOCAC,37.0,% of 100 cm2 cold-leg break,train,NPPAD_README_case_number
random,seed_20265966,20265966,FLB_4,FLB,4.0,% of 100 cm2 feedwater-line break,train,NPPAD_README_case_number
random,seed_20265966,20265966,SLBIC_68,SLBIC,68.0,% of 100 cm2 inside-containment steam-line break,train,NPPAD_README_case_number
random,seed_20265966,20265966,LOCAC_12,LOCAC,12.0,% of 100 cm2 cold-leg break,train,NPPAD_README_case_number
random,seed_20265966,20265966,FLB_43,FLB,43.0,% of 100 cm2 feedwater-line break,train,NPPAD_README_case_number
random,seed_20265966,20265966,LOCAC_75,LOCAC,75.0,% of 100 cm2 cold-leg break,train,NPPAD_README_case_number
random,seed_20265966,20265966,SLBIC_46,SLBIC,46.0,% of 100 cm2 inside-containment steam-line break,train,NPPAD_README_case_number
random,seed_20265966,20265966,SLBIC_24,SLBIC,24.0,% of 100 cm2 inside-containment steam-line break,train,NPPAD_README_case_number
random,seed_20265966,20265966,SGATR_63,SGATR,63.0,% of one full steam-generator-A tube rupture,train,NPPAD_README_case_number
random,seed_20265966,20265966,SGBTR_59,SGBTR,59.0,% of one full steam-generator-B tube rupture,train,NPPAD_README_case_number
random,seed_20265966,20265966,SGATR_62,SGATR,62.0,% of one full steam-generator-A tube rupture,train,NPPAD_README_case_number
random,seed_20265966,20265966,SGBTR_109,SGBTR,109.0,% of one full steam-generator-B tube rupture,train,NPPAD_README_case_number
random,seed_20265966,20265966,RI_-14,RI,-14.0,% of rods inserted,train,NPPAD_README_case_number
random,seed_20265966,20265966,FLB_88,FLB,88.0,% of 100 cm2 feedwater-line break,train,NPPAD_README_case_number
random,seed_20265966,20265966,LOCAC_16,LOCAC,16.0,% of 100 cm2 cold-leg break,train,NPPAD_README_case_number
random,seed_20265966,20265966,LOCAC_69,LOCAC,69.0,% of 100 cm2 cold-leg break,train,NPPAD_README_case_number
random,seed_20265966,20265966,RI_-6,RI,-6.0,% of rods inserted,train,NPPAD_README_case_number
random,seed_20265966,20265966,LOCA_74,LOCA,74.0,% of 100 cm2 hot-leg break,train,NPPAD_README_case_number
random,seed_20265966,20265966,LOCA_24,LOCA,24.0,% of 100 cm2 hot-leg break,train,NPPAD_README_case_number
random,seed_20265966,20265966,SLBIC_26,SLBIC,26.0,% of 100 cm2 inside-containment steam-line break,train,NPPAD_README_case_number
random,seed_20265966,20265966,SLBIC_48,SLBIC,48.0,% of 100 cm2 inside-containment steam-line break,train,NPPAD_README_case_number
random,seed_20265966,20265966,LOCAC_35,LOCAC,35.0,% of 100 cm2 cold-leg break,train,NPPAD_README_case_number
random,seed_20265966,20265966,FLB_5,FLB,5.0,% of 100 cm2 feedwater-line break,train,NPPAD_README_case_number
random,seed_20265966,20265966,SLBIC_66,SLBIC,66.0,% of 100 cm2 inside-containment steam-line break,train,NPPAD_README_case_number
random,seed_20265966,20265966,LOCA_8,LOCA,8.0,% of 100 cm2 hot-leg break,train,NPPAD_README_case_number
random,seed_20265966,20265966,LOCA_61,LOCA,61.0,% of 100 cm2 hot-leg break,train,NPPAD_README_case_number
random,seed_20265966,20265966,LOCA_66,LOCA,66.0,% of 100 cm2 hot-leg break,train,NPPAD_README_case_number
random,seed_20265966,20265966,SGBTR_98,SGBTR,98.0,% of one full steam-generator-B tube rupture,train,NPPAD_README_case_number
random,seed_20265966,20265966,FLB_26,FLB,26.0,% of 100 cm2 feedwater-line break,train,NPPAD_README_case_number
random,seed_20265966,20265966,SGBTR_63,SGBTR,63.0,% of one full steam-generator-B tube rupture,train,NPPAD_README_case_number
random,seed_20265966,20265966,LOCA_55,LOCA,55.0,% of 100 cm2 hot-leg break,train,NPPAD_README_case_number
random,seed_20265966,20265966,FLB_71,FLB,71.0,% of 100 cm2 feedwater-line break,train,NPPAD_README_case_number
random,seed_20265966,20265966,LR_99,LR,99.0,% of full load rejected,train,NPPAD_README_case_number
random,seed_20265966,20265966,SLBIC_44,SLBIC,44.0,% of 100 cm2 inside-containment steam-line break,train,NPPAD_README_case_number
random,seed_20265966,20265966,SGBTR_83,SGBTR,83.0,% of one full steam-generator-B tube rupture,train,NPPAD_README_case_number
random,seed_20265966,20265966,SGATR_61,SGATR,61.0,% of one full steam-generator-A tube rupture,train,NPPAD_README_case_number
random,seed_20265966,20265966,LOCAC_29,LOCAC,29.0,% of 100 cm2 cold-leg break,train,NPPAD_README_case_number
random,seed_20265966,20265966,LOCA_3,LOCA,3.0,% of 100 cm2 hot-leg break,train,NPPAD_README_case_number
random,seed_20265966,20265966,LOCAC_57,LOCAC,57.0,% of 100 cm2 cold-leg break,train,NPPAD_README_case_number
random,seed_20265966,20265966,LR_75,LR,75.0,% of full load rejected,train,NPPAD_README_case_number
random,seed_20265966,20265966,SGBTR_99,SGBTR,99.0,% of one full steam-generator-B tube rupture,train,NPPAD_README_case_number
random,seed_20265966,20265966,SGATR_72,SGATR,72.0,% of one full steam-generator-A tube rupture,train,NPPAD_README_case_number
random,seed_20265966,20265966,LR_81,LR,81.0,% of full load rejected,train,NPPAD_README_case_number
random,seed_20265966,20265966,SLBIC_41,SLBIC,41.0,% of 100 cm2 inside-containment steam-line break,train,NPPAD_README_case_number
random,seed_20265966,20265966,FLB_42,FLB,42.0,% of 100 cm2 feedwater-line break,train,NPPAD_README_case_number
random,seed_20265966,20265966,RI_-12,RI,-12.0,% of rods inserted,train,NPPAD_README_case_number
random,seed_20265966,20265966,RI_-15,RI,-15.0,% of rods inserted,train,NPPAD_README_case_number
random,seed_20265966,20265966,LOCA_18,LOCA,18.0,% of 100 cm2 hot-leg break,train,NPPAD_README_case_number
random,seed_20265966,20265966,LOCAC_7,LOCAC,7.0,% of 100 cm2 cold-leg break,train,NPPAD_README_case_number
random,seed_20265966,20265966,SLBIC_51,SLBIC,51.0,% of 100 cm2 inside-containment steam-line break,train,NPPAD_README_case_number
random,seed_20265966,20265966,RI_-31,RI,-31.0,% of rods inserted,train,NPPAD_README_case_number
random,seed_20265966,20265966,FLB_53,FLB,53.0,% of 100 cm2 feedwater-line break,train,NPPAD_README_case_number
random,seed_20265966,20265966,LOCA_75,LOCA,75.0,% of 100 cm2 hot-leg break,train,NPPAD_README_case_number
random,seed_20265966,20265966,SGATR_81,SGATR,81.0,% of one full steam-generator-A tube rupture,train,NPPAD_README_case_number
random,seed_20265966,20265966,LOCA_46,LOCA,46.0,% of 100 cm2 hot-leg break,train,NPPAD_README_case_number
random,seed_20265966,20265966,LOCA_10,LOCA,10.0,% of 100 cm2 hot-leg break,train,NPPAD_README_case_number
random,seed_20265966,20265966,FLB_75,FLB,75.0,% of 100 cm2 feedwater-line break,train,NPPAD_README_case_number
random,seed_20265966,20265966,SLBIC_16,SLBIC,16.0,% of 100 cm2 inside-containment steam-line break,train,NPPAD_README_case_number
random,seed_20265966,20265966,LOCA_20,LOCA,20.0,% of 100 cm2 hot-leg break,train,NPPAD_README_case_number
random,seed_20265966,20265966,SLBIC_35,SLBIC,35.0,% of 100 cm2 inside-containment steam-line break,train,NPPAD_README_case_number
random,seed_20265966,20265966,LOCAC_55,LOCAC,55.0,% of 100 cm2 cold-leg break,train,NPPAD_README_case_number
random,seed_20265966,20265966,SLBIC_101,SLBIC,101.0,% of 100 cm2 inside-containment steam-line break,train,NPPAD_README_case_number
random,seed_20265966,20265966,LOCAC_39,LOCAC,39.0,% of 100 cm2 cold-leg break,train,NPPAD_README_case_number
random,seed_20265966,20265966,FLB_17,FLB,17.0,% of 100 cm2 feedwater-line break,train,NPPAD_README_case_number
random,seed_20265966,20265966,SGATR_70,SGATR,70.0,% of one full steam-generator-A tube rupture,train,NPPAD_README_case_number
random,seed_20265966,20265966,RI_-7,RI,-7.0,% of rods inserted,train,NPPAD_README_case_number
random,seed_20265966,20265966,SLBIC_28,SLBIC,28.0,% of 100 cm2 inside-containment steam-line break,train,NPPAD_README_case_number
random,seed_20265966,20265966,SGBTR_90,SGBTR,90.0,% of one full steam-generator-B tube rupture,train,NPPAD_README_case_number
random,seed_20265966,20265966,LR_84,LR,84.0,% of full load rejected,train,NPPAD_README_case_number
random,seed_20265966,20265966,LOCAC_30,LOCAC,30.0,% of 100 cm2 cold-leg break,train,NPPAD_README_case_number
random,seed_20265966,20265966,SGBTR_108,SGBTR,108.0,% of one full steam-generator-B tube rupture,train,NPPAD_README_case_number
random,seed_20265966,20265966,LR_98,LR,98.0,% of full load rejected,train,NPPAD_README_case_number
random,seed_20265966,20265966,FLB_96,FLB,96.0,% of 100 cm2 feedwater-line break,train,NPPAD_README_case_number
random,seed_20265966,20265966,LOCA_6,LOCA,6.0,% of 100 cm2 hot-leg break,train,NPPAD_README_case_number
random,seed_20265966,20265966,SGATR_57,SGATR,57.0,% of one full steam-generator-A tube rupture,train,NPPAD_README_case_number
random,seed_20265966,20265966,FLB_20,FLB,20.0,% of 100 cm2 feedwater-line break,train,NPPAD_README_case_number
random,seed_20265966,20265966,SLBIC_45,SLBIC,45.0,% of 100 cm2 inside-containment steam-line break,train,NPPAD_README_case_number
random,seed_20265966,20265966,LOCA_38,LOCA,38.0,% of 100 cm2 hot-leg break,train,NPPAD_README_case_number
random,seed_20265966,20265966,SGATR_97,SGATR,97.0,% of one full steam-generator-A tube rupture,train,NPPAD_README_case_number
random,seed_20265966,20265966,LOCA_41,LOCA,41.0,% of 100 cm2 hot-leg break,train,NPPAD_README_case_number
random,seed_20265966,20265966,LOCA_14,LOCA,14.0,% of 100 cm2 hot-leg break,train,NPPAD_README_case_number
random,seed_20265966,20265966,RI_-16,RI,-16.0,% of rods inserted,train,NPPAD_README_case_number
random,seed_20265966,20265966,SLBIC_76,SLBIC,76.0,% of 100 cm2 inside-containment steam-line break,train,NPPAD_README_case_number
random,seed_20265966,20265966,RI_-4,RI,-4.0,% of rods inserted,train,NPPAD_README_case_number
random,seed_20265966,20265966,LOCAC_40,LOCAC,40.0,% of 100 cm2 cold-leg break,train,NPPAD_README_case_number
random,seed_20265966,20265966,SGBTR_76,SGBTR,76.0,% of one full steam-generator-B tube rupture,train,NPPAD_README_case_number
random,seed_20265966,20265966,SGATR_59,SGATR,59.0,% of one full steam-generator-A tube rupture,train,NPPAD_README_case_number
random,seed_20265966,20265966,LOCA_13,LOCA,13.0,% of 100 cm2 hot-leg break,train,NPPAD_README_case_number
random,seed_20265966,20265966,LOCA_63,LOCA,63.0,% of 100 cm2 hot-leg break,train,NPPAD_README_case_number
random,seed_20265966,20265966,RI_-22,RI,-22.0,% of rods inserted,train,NPPAD_README_case_number
random,seed_20265966,20265966,SGATR_74,SGATR,74.0,% of one full steam-generator-A tube rupture,train,NPPAD_README_case_number
random,seed_20265966,20265966,FLB_16,FLB,16.0,% of 100 cm2 feedwater-line break,train,NPPAD_README_case_number
random,seed_20265966,20265966,SGBTR_107,SGBTR,107.0,% of one full steam-generator-B tube rupture,train,NPPAD_README_case_number
random,seed_20265966,20265966,FLB_39,FLB,39.0,% of 100 cm2 feedwater-line break,train,NPPAD_README_case_number
random,seed_20265966,20265966,SGATR_58,SGATR,58.0,% of one full steam-generator-A tube rupture,train,NPPAD_README_case_number
random,seed_20265966,20265966,FLB_52,FLB,52.0,% of 100 cm2 feedwater-line break,train,NPPAD_README_case_number
random,seed_20265966,20265966,LOCA_51,LOCA,51.0,% of 100 cm2 hot-leg break,train,NPPAD_README_case_number
random,seed_20265966,20265966,RI_-8,RI,-8.0,% of rods inserted,train,NPPAD_README_case_number
random,seed_20265966,20265966,SGATR_71,SGATR,71.0,% of one full steam-generator-A tube rupture,train,NPPAD_README_case_number
random,seed_20265966,20265966,FLB_91,FLB,91.0,% of 100 cm2 feedwater-line break,train,NPPAD_README_case_number
random,seed_20265966,20265966,FLB_31,FLB,31.0,% of 100 cm2 feedwater-line break,train,NPPAD_README_case_number
random,seed_20265966,20265966,SLBIC_100,SLBIC,100.0,% of 100 cm2 inside-containment steam-line break,train,NPPAD_README_case_number
random,seed_20265966,20265966,LOCA_33,LOCA,33.0,% of 100 cm2 hot-leg break,train,NPPAD_README_case_number
random,seed_20265966,20265966,RI_-1,RI,-1.0,% of rods inserted,train,NPPAD_README_case_number
random,seed_20265966,20265966,FLB_58,FLB,58.0,% of 100 cm2 feedwater-line break,train,NPPAD_README_case_number
random,seed_20265966,20265966,SLBIC_73,SLBIC,73.0,% of 100 cm2 inside-containment steam-line break,train,NPPAD_README_case_number
random,seed_20265966,20265966,SGBTR_106,SGBTR,106.0,% of one full steam-generator-B tube rupture,train,NPPAD_README_case_number
random,seed_20265966,20265966,SGBTR_61,SGBTR,61.0,% of one full steam-generator-B tube rupture,train,NPPAD_README_case_number
random,seed_20265966,20265966,FLB_14,FLB,14.0,% of 100 cm2 feedwater-line break,train,NPPAD_README_case_number
random,seed_20265966,20265966,SLBIC_91,SLBIC,91.0,% of 100 cm2 inside-containment steam-line break,train,NPPAD_README_case_number
random,seed_20265966,20265966,SGATR_89,SGATR,89.0,% of one full steam-generator-A tube rupture,train,NPPAD_README_case_number
random,seed_20265966,20265966,SGBTR_66,SGBTR,66.0,% of one full steam-generator-B tube rupture,train,NPPAD_README_case_number
random,seed_20265966,20265966,LOCA_25,LOCA,25.0,% of 100 cm2 hot-leg break,train,NPPAD_README_case_number
random,seed_20265966,20265966,SGBTR_101,SGBTR,101.0,% of one full steam-generator-B tube rupture,train,NPPAD_README_case_number
random,seed_20265966,20265966,FLB_34,FLB,34.0,% of 100 cm2 feedwater-line break,train,NPPAD_README_case_number
random,seed_20265966,20265966,LOCA_68,LOCA,68.0,% of 100 cm2 hot-leg break,train,NPPAD_README_case_number
random,seed_20265966,20265966,LOCAC_18,LOCAC,18.0,% of 100 cm2 cold-leg break,train,NPPAD_README_case_number
random,seed_20265966,20265966,LOCA_59,LOCA,59.0,% of 100 cm2 hot-leg break,train,NPPAD_README_case_number
random,seed_20265966,20265966,LOCAC_38,LOCAC,38.0,% of 100 cm2 cold-leg break,train,NPPAD_README_case_number
random,seed_20265966,20265966,LOCA_47,LOCA,47.0,% of 100 cm2 hot-leg break,train,NPPAD_README_case_number
random,seed_20265966,20265966,LOCAC_74,LOCAC,74.0,% of 100 cm2 cold-leg break,train,NPPAD_README_case_number
random,seed_20265966,20265966,LOCAC_52,LOCAC,52.0,% of 100 cm2 cold-leg break,train,NPPAD_README_case_number
random,seed_20265966,20265966,SLBIC_82,SLBIC,82.0,% of 100 cm2 inside-containment steam-line break,train,NPPAD_README_case_number
random,seed_20265966,20265966,LOCA_56,LOCA,56.0,% of 100 cm2 hot-leg break,train,NPPAD_README_case_number
random,seed_20265966,20265966,FLB_3,FLB,3.0,% of 100 cm2 feedwater-line break,train,NPPAD_README_case_number
random,seed_20265966,20265966,SLBIC_43,SLBIC,43.0,% of 100 cm2 inside-containment steam-line break,train,NPPAD_README_case_number
random,seed_20265966,20265966,RI_-2,RI,-2.0,% of rods inserted,train,NPPAD_README_case_number
random,seed_20265966,20265966,RI_-28,RI,-28.0,% of rods inserted,train,NPPAD_README_case_number
random,seed_20265966,20265966,SLBIC_79,SLBIC,79.0,% of 100 cm2 inside-containment steam-line break,train,NPPAD_README_case_number
random,seed_20265966,20265966,SGATR_82,SGATR,82.0,% of one full steam-generator-A tube rupture,train,NPPAD_README_case_number
random,seed_20265966,20265966,FLB_55,FLB,55.0,% of 100 cm2 feedwater-line break,train,NPPAD_README_case_number
random,seed_20265966,20265966,LOCAC_28,LOCAC,28.0,% of 100 cm2 cold-leg break,train,NPPAD_README_case_number
random,seed_20265966,20265966,LR_76,LR,76.0,% of full load rejected,train,NPPAD_README_case_number
random,seed_20265966,20265966,LOCA_12,LOCA,12.0,% of 100 cm2 hot-leg break,train,NPPAD_README_case_number
random,seed_20265966,20265966,FLB_21,FLB,21.0,% of 100 cm2 feedwater-line break,train,NPPAD_README_case_number
random,seed_20265966,20265966,LOCAC_73,LOCAC,73.0,% of 100 cm2 cold-leg break,train,NPPAD_README_case_number
random,seed_20265966,20265966,FLB_25,FLB,25.0,% of 100 cm2 feedwater-line break,train,NPPAD_README_case_number
random,seed_20265966,20265966,SGBTR_96,SGBTR,96.0,% of one full steam-generator-B tube rupture,train,NPPAD_README_case_number
random,seed_20265966,20265966,SLBIC_34,SLBIC,34.0,% of 100 cm2 inside-containment steam-line break,train,NPPAD_README_case_number
random,seed_20265966,20265966,SGATR_91,SGATR,91.0,% of one full steam-generator-A tube rupture,train,NPPAD_README_case_number
random,seed_20265966,20265966,SLBIC_77,SLBIC,77.0,% of 100 cm2 inside-containment steam-line break,train,NPPAD_README_case_number
random,seed_20265966,20265966,LR_95,LR,95.0,% of full load rejected,train,NPPAD_README_case_number
random,seed_20265966,20265966,SLBIC_57,SLBIC,57.0,% of 100 cm2 inside-containment steam-line break,train,NPPAD_README_case_number
random,seed_20265966,20265966,LOCAC_49,LOCAC,49.0,% of 100 cm2 cold-leg break,validation,NPPAD_README_case_number
random,seed_20265966,20265966,SGBTR_58,SGBTR,58.0,% of one full steam-generator-B tube rupture,validation,NPPAD_README_case_number
random,seed_20265966,20265966,FLB_47,FLB,47.0,% of 100 cm2 feedwater-line break,validation,NPPAD_README_case_number
random,seed_20265966,20265966,LOCA_50,LOCA,50.0,% of 100 cm2 hot-leg break,validation,NPPAD_README_case_number
random,seed_20265966,20265966,LOCAC_65,LOCAC,65.0,% of 100 cm2 cold-leg break,validation,NPPAD_README_case_number
random,seed_20265966,20265966,FLB_36,FLB,36.0,% of 100 cm2 feedwater-line break,validation,NPPAD_README_case_number
random,seed_20265966,20265966,FLB_44,FLB,44.0,% of 100 cm2 feedwater-line break,validation,NPPAD_README_case_number
random,seed_20265966,20265966,SLBIC_84,SLBIC,84.0,% of 100 cm2 inside-containment steam-line break,validation,NPPAD_README_case_number
random,seed_20265966,20265966,RI_-25,RI,-25.0,% of rods inserted,validation,NPPAD_README_case_number
random,seed_20265966,20265966,SGBTR_88,SGBTR,88.0,% of one full steam-generator-B tube rupture,validation,NPPAD_README_case_number
random,seed_20265966,20265966,LR_85,LR,85.0,% of full load rejected,validation,NPPAD_README_case_number
random,seed_20265966,20265966,SGATR_95,SGATR,95.0,% of one full steam-generator-A tube rupture,validation,NPPAD_README_case_number
random,seed_20265966,20265966,LOCAC_20,LOCAC,20.0,% of 100 cm2 cold-leg break,validation,NPPAD_README_case_number
random,seed_20265966,20265966,SGBTR_78,SGBTR,78.0,% of one full steam-generator-B tube rupture,validation,NPPAD_README_case_number
random,seed_20265966,20265966,LOCA_37,LOCA,37.0,% of 100 cm2 hot-leg break,validation,NPPAD_README_case_number
random,seed_20265966,20265966,LOCA_32,LOCA,32.0,% of 100 cm2 hot-leg break,validation,NPPAD_README_case_number
random,seed_20265966,20265966,LOCA_70,LOCA,70.0,% of 100 cm2 hot-leg break,validation,NPPAD_README_case_number
random,seed_20265966,20265966,RI_-11,RI,-11.0,% of rods inserted,validation,NPPAD_README_case_number
random,seed_20265966,20265966,LOCAC_21,LOCAC,21.0,% of 100 cm2 cold-leg break,validation,NPPAD_README_case_number
random,seed_20265966,20265966,LR_73,LR,73.0,% of full load rejected,validation,NPPAD_README_case_number
random,seed_20265966,20265966,SGBTR_68,SGBTR,68.0,% of one full steam-generator-B tube rupture,validation,NPPAD_README_case_number
random,seed_20265966,20265966,SLBIC_29,SLBIC,29.0,% of 100 cm2 inside-containment steam-line break,validation,NPPAD_README_case_number
random,seed_20265966,20265966,SGBTR_97,SGBTR,97.0,% of one full steam-generator-B tube rupture,validation,NPPAD_README_case_number
random,seed_20265966,20265966,SGBTR_65,SGBTR,65.0,% of one full steam-generator-B tube rupture,validation,NPPAD_README_case_number
random,seed_20265966,20265966,LOCA_72,LOCA,72.0,% of 100 cm2 hot-leg break,validation,NPPAD_README_case_number
random,seed_20265966,20265966,RI_-17,RI,-17.0,% of rods inserted,validation,NPPAD_README_case_number
random,seed_20265966,20265966,SLBIC_25,SLBIC,25.0,% of 100 cm2 inside-containment steam-line break,validation,NPPAD_README_case_number
random,seed_20265966,20265966,LR_78,LR,78.0,% of full load rejected,validation,NPPAD_README_case_number
random,seed_20265966,20265966,FLB_68,FLB,68.0,% of 100 cm2 feedwater-line break,validation,NPPAD_README_case_number
random,seed_20265966,20265966,LOCAC_61,LOCAC,61.0,% of 100 cm2 cold-leg break,validation,NPPAD_README_case_number
random,seed_20265966,20265966,FLB_82,FLB,82.0,% of 100 cm2 feedwater-line break,validation,NPPAD_README_case_number
random,seed_20265966,20265966,SGATR_88,SGATR,88.0,% of one full steam-generator-A tube rupture,validation,NPPAD_README_case_number
random,seed_20265966,20265966,SLBIC_80,SLBIC,80.0,% of 100 cm2 inside-containment steam-line break,validation,NPPAD_README_case_number
random,seed_20265966,20265966,LOCAC_50,LOCAC,50.0,% of 100 cm2 cold-leg break,validation,NPPAD_README_case_number
random,seed_20265966,20265966,LOCA_69,LOCA,69.0,% of 100 cm2 hot-leg break,validation,NPPAD_README_case_number
random,seed_20265966,20265966,FLB_79,FLB,79.0,% of 100 cm2 feedwater-line break,validation,NPPAD_README_case_number
random,seed_20265966,20265966,SGATR_80,SGATR,80.0,% of one full steam-generator-A tube rupture,validation,NPPAD_README_case_number
random,seed_20265966,20265966,RI_-20,RI,-20.0,% of rods inserted,validation,NPPAD_README_case_number
random,seed_20265966,20265966,LOCAC_32,LOCAC,32.0,% of 100 cm2 cold-leg break,validation,NPPAD_README_case_number
random,seed_20265966,20265966,LOCAC_1,LOCAC,1.0,% of 100 cm2 cold-leg break,validation,NPPAD_README_case_number
random,seed_20265966,20265966,FLB_95,FLB,95.0,% of 100 cm2 feedwater-line break,validation,NPPAD_README_case_number
random,seed_20265966,20265966,LOCAC_23,LOCAC,23.0,% of 100 cm2 cold-leg break,validation,NPPAD_README_case_number
random,seed_20265966,20265966,LR_88,LR,88.0,% of full load rejected,validation,NPPAD_README_case_number
random,seed_20265966,20265966,LR_79,LR,79.0,% of full load rejected,validation,NPPAD_README_case_number
random,seed_20265966,20265966,FLB_6,FLB,6.0,% of 100 cm2 feedwater-line break,validation,NPPAD_README_case_number
random,seed_20265966,20265966,LOCA_67,LOCA,67.0,% of 100 cm2 hot-leg break,validation,NPPAD_README_case_number
random,seed_20265966,20265966,SGATR_94,SGATR,94.0,% of one full steam-generator-A tube rupture,validation,NPPAD_README_case_number
random,seed_20265966,20265966,SGATR_96,SGATR,96.0,% of one full steam-generator-A tube rupture,validation,NPPAD_README_case_number
random,seed_20265966,20265966,LOCA_34,LOCA,34.0,% of 100 cm2 hot-leg break,validation,NPPAD_README_case_number
random,seed_20265966,20265966,LOCA_4,LOCA,4.0,% of 100 cm2 hot-leg break,validation,NPPAD_README_case_number
random,seed_20265966,20265966,FLB_18,FLB,18.0,% of 100 cm2 feedwater-line break,validation,NPPAD_README_case_number
random,seed_20265966,20265966,SLBIC_32,SLBIC,32.0,% of 100 cm2 inside-containment steam-line break,validation,NPPAD_README_case_number
random,seed_20265966,20265966,SGBTR_79,SGBTR,79.0,% of one full steam-generator-B tube rupture,validation,NPPAD_README_case_number
random,seed_20265966,20265966,FLB_94,FLB,94.0,% of 100 cm2 feedwater-line break,validation,NPPAD_README_case_number
random,seed_20265966,20265966,SLBIC_42,SLBIC,42.0,% of 100 cm2 inside-containment steam-line break,validation,NPPAD_README_case_number
random,seed_20265966,20265966,FLB_78,FLB,78.0,% of 100 cm2 feedwater-line break,validation,NPPAD_README_case_number
random,seed_20265966,20265966,SLBIC_87,SLBIC,87.0,% of 100 cm2 inside-containment steam-line break,validation,NPPAD_README_case_number
random,seed_20265966,20265966,LOCA_2,LOCA,2.0,% of 100 cm2 hot-leg break,validation,NPPAD_README_case_number
random,seed_20265966,20265966,LOCA_27,LOCA,27.0,% of 100 cm2 hot-leg break,validation,NPPAD_README_case_number
random,seed_20265966,20265966,SGATR_73,SGATR,73.0,% of one full steam-generator-A tube rupture,validation,NPPAD_README_case_number
random,seed_20265966,20265966,FLB_86,FLB,86.0,% of 100 cm2 feedwater-line break,validation,NPPAD_README_case_number
random,seed_20265966,20265966,SLBIC_47,SLBIC,47.0,% of 100 cm2 inside-containment steam-line break,validation,NPPAD_README_case_number
random,seed_20265966,20265966,SLBIC_74,SLBIC,74.0,% of 100 cm2 inside-containment steam-line break,validation,NPPAD_README_case_number
random,seed_20265966,20265966,SLBIC_83,SLBIC,83.0,% of 100 cm2 inside-containment steam-line break,validation,NPPAD_README_case_number
random,seed_20265966,20265966,SLBIC_64,SLBIC,64.0,% of 100 cm2 inside-containment steam-line break,validation,NPPAD_README_case_number
random,seed_20265966,20265966,SGBTR_72,SGBTR,72.0,% of one full steam-generator-B tube rupture,validation,NPPAD_README_case_number
random,seed_20265966,20265966,FLB_51,FLB,51.0,% of 100 cm2 feedwater-line break,validation,NPPAD_README_case_number
random,seed_20265966,20265966,SGATR_92,SGATR,92.0,% of one full steam-generator-A tube rupture,validation,NPPAD_README_case_number
random,seed_20265966,20265966,LOCAC_26,LOCAC,26.0,% of 100 cm2 cold-leg break,validation,NPPAD_README_case_number
random,seed_20265966,20265966,FLB_41,FLB,41.0,% of 100 cm2 feedwater-line break,validation,NPPAD_README_case_number
random,seed_20265966,20265966,FLB_92,FLB,92.0,% of 100 cm2 feedwater-line break,validation,NPPAD_README_case_number
random,seed_20265966,20265966,LOCA_57,LOCA,57.0,% of 100 cm2 hot-leg break,validation,NPPAD_README_case_number
random,seed_20265966,20265966,SLBIC_90,SLBIC,90.0,% of 100 cm2 inside-containment steam-line break,validation,NPPAD_README_case_number
random,seed_20265966,20265966,SGATR_68,SGATR,68.0,% of one full steam-generator-A tube rupture,validation,NPPAD_README_case_number
random,seed_20265966,20265966,SLBIC_15,SLBIC,15.0,% of 100 cm2 inside-containment steam-line break,validation,NPPAD_README_case_number
random,seed_20265966,20265966,SGBTR_102,SGBTR,102.0,% of one full steam-generator-B tube rupture,validation,NPPAD_README_case_number
random,seed_20265966,20265966,LOCAC_14,LOCAC,14.0,% of 100 cm2 cold-leg break,validation,NPPAD_README_case_number
random,seed_20265966,20265966,FLB_93,FLB,93.0,% of 100 cm2 feedwater-line break,validation,NPPAD_README_case_number
random,seed_20265966,20265966,LOCAC_13,LOCAC,13.0,% of 100 cm2 cold-leg break,validation,NPPAD_README_case_number
random,seed_20265966,20265966,LOCAC_17,LOCAC,17.0,% of 100 cm2 cold-leg break,validation,NPPAD_README_case_number
random,seed_20265966,20265966,RI_-5,RI,-5.0,% of rods inserted,validation,NPPAD_README_case_number
random,seed_20265966,20265966,LOCAC_70,LOCAC,70.0,% of 100 cm2 cold-leg break,validation,NPPAD_README_case_number
random,seed_20265966,20265966,SLBIC_53,SLBIC,53.0,% of 100 cm2 inside-containment steam-line break,validation,NPPAD_README_case_number
random,seed_20265966,20265966,SLBIC_70,SLBIC,70.0,% of 100 cm2 inside-containment steam-line break,validation,NPPAD_README_case_number
random,seed_20265966,20265966,LOCAC_58,LOCAC,58.0,% of 100 cm2 cold-leg break,validation,NPPAD_README_case_number
random,seed_20265966,20265966,LOCA_62,LOCA,62.0,% of 100 cm2 hot-leg break,validation,NPPAD_README_case_number
random,seed_20265966,20265966,SGATR_100,SGATR,100.0,% of one full steam-generator-A tube rupture,validation,NPPAD_README_case_number
random,seed_20265966,20265966,SGBTR_89,SGBTR,89.0,% of one full steam-generator-B tube rupture,validation,NPPAD_README_case_number
random,seed_20265966,20265966,FLB_28,FLB,28.0,% of 100 cm2 feedwater-line break,validation,NPPAD_README_case_number
random,seed_20265966,20265966,LOCA_29,LOCA,29.0,% of 100 cm2 hot-leg break,validation,NPPAD_README_case_number
random,seed_20265966,20265966,SLBIC_60,SLBIC,60.0,% of 100 cm2 inside-containment steam-line break,validation,NPPAD_README_case_number
random,seed_20265966,20265966,RW_1,RW,1.0,% of rods withdrawn,validation,NPPAD_README_case_number
random,seed_20265966,20265966,SLBIC_63,SLBIC,63.0,% of 100 cm2 inside-containment steam-line break,validation,NPPAD_README_case_number
random,seed_20265966,20265966,LOCAC_48,LOCAC,48.0,% of 100 cm2 cold-leg break,validation,NPPAD_README_case_number
random,seed_20265966,20265966,FLB_81,FLB,81.0,% of 100 cm2 feedwater-line break,validation,NPPAD_README_case_number
random,seed_20265966,20265966,FLB_62,FLB,62.0,% of 100 cm2 feedwater-line break,validation,NPPAD_README_case_number
random,seed_20265966,20265966,FLB_24,FLB,24.0,% of 100 cm2 feedwater-line break,validation,NPPAD_README_case_number
random,seed_20265966,20265966,RI_-35,RI,-35.0,% of rods inserted,validation,NPPAD_README_case_number
random,seed_20265966,20265966,SGBTR_57,SGBTR,57.0,% of one full steam-generator-B tube rupture,validation,NPPAD_README_case_number
random,seed_20265966,20265966,LR_71,LR,71.0,% of full load rejected,validation,NPPAD_README_case_number
random,seed_20265966,20265966,LOCA_19,LOCA,19.0,% of 100 cm2 hot-leg break,validation,NPPAD_README_case_number
random,seed_20265966,20265966,RI_-23,RI,-23.0,% of rods inserted,test,NPPAD_README_case_number
random,seed_20265966,20265966,SLBIC_33,SLBIC,33.0,% of 100 cm2 inside-containment steam-line break,test,NPPAD_README_case_number
random,seed_20265966,20265966,SGATR_84,SGATR,84.0,% of one full steam-generator-A tube rupture,test,NPPAD_README_case_number
random,seed_20265966,20265966,SLBIC_17,SLBIC,17.0,% of 100 cm2 inside-containment steam-line break,test,NPPAD_README_case_number
random,seed_20265966,20265966,SGBTR_85,SGBTR,85.0,% of one full steam-generator-B tube rupture,test,NPPAD_README_case_number
random,seed_20265966,20265966,SGATR_90,SGATR,90.0,% of one full steam-generator-A tube rupture,test,NPPAD_README_case_number
random,seed_20265966,20265966,FLB_48,FLB,48.0,% of 100 cm2 feedwater-line break,test,NPPAD_README_case_number
random,seed_20265966,20265966,LOCAC_42,LOCAC,42.0,% of 100 cm2 cold-leg break,test,NPPAD_README_case_number
random,seed_20265966,20265966,LOCAC_64,LOCAC,64.0,% of 100 cm2 cold-leg break,test,NPPAD_README_case_number
random,seed_20265966,20265966,SGATR_83,SGATR,83.0,% of one full steam-generator-A tube rupture,test,NPPAD_README_case_number
random,seed_20265966,20265966,LOCA_71,LOCA,71.0,% of 100 cm2 hot-leg break,test,NPPAD_README_case_number
random,seed_20265966,20265966,LOCA_42,LOCA,42.0,% of 100 cm2 hot-leg break,test,NPPAD_README_case_number
random,seed_20265966,20265966,LOCAC_36,LOCAC,36.0,% of 100 cm2 cold-leg break,test,NPPAD_README_case_number
random,seed_20265966,20265966,SLBIC_36,SLBIC,36.0,% of 100 cm2 inside-containment steam-line break,test,NPPAD_README_case_number
random,seed_20265966,20265966,RI_-34,RI,-34.0,% of rods inserted,test,NPPAD_README_case_number
random,seed_20265966,20265966,LOCA_21,LOCA,21.0,% of 100 cm2 hot-leg break,test,NPPAD_README_case_number
random,seed_20265966,20265966,SGBTR_70,SGBTR,70.0,% of one full steam-generator-B tube rupture,test,NPPAD_README_case_number
random,seed_20265966,20265966,FLB_49,FLB,49.0,% of 100 cm2 feedwater-line break,test,NPPAD_README_case_number
random,seed_20265966,20265966,SGATR_79,SGATR,79.0,% of one full steam-generator-A tube rupture,test,NPPAD_README_case_number
random,seed_20265966,20265966,FLB_100,FLB,100.0,% of 100 cm2 feedwater-line break,test,NPPAD_README_case_number
random,seed_20265966,20265966,LOCAC_71,LOCAC,71.0,% of 100 cm2 cold-leg break,test,NPPAD_README_case_number
random,seed_20265966,20265966,LR_93,LR,93.0,% of full load rejected,test,NPPAD_README_case_number
random,seed_20265966,20265966,LOCAC_24,LOCAC,24.0,% of 100 cm2 cold-leg break,test,NPPAD_README_case_number
random,seed_20265966,20265966,FLB_27,FLB,27.0,% of 100 cm2 feedwater-line break,test,NPPAD_README_case_number
random,seed_20265966,20265966,LR_89,LR,89.0,% of full load rejected,test,NPPAD_README_case_number
random,seed_20265966,20265966,LOCA_28,LOCA,28.0,% of 100 cm2 hot-leg break,test,NPPAD_README_case_number
random,seed_20265966,20265966,SLBIC_59,SLBIC,59.0,% of 100 cm2 inside-containment steam-line break,test,NPPAD_README_case_number
random,seed_20265966,20265966,FLB_77,FLB,77.0,% of 100 cm2 feedwater-line break,test,NPPAD_README_case_number
random,seed_20265966,20265966,FLB_89,FLB,89.0,% of 100 cm2 feedwater-line break,test,NPPAD_README_case_number
random,seed_20265966,20265966,SGBTR_64,SGBTR,64.0,% of one full steam-generator-B tube rupture,test,NPPAD_README_case_number
random,seed_20265966,20265966,SGBTR_93,SGBTR,93.0,% of one full steam-generator-B tube rupture,test,NPPAD_README_case_number
random,seed_20265966,20265966,LR_72,LR,72.0,% of full load rejected,test,NPPAD_README_case_number
random,seed_20265966,20265966,FLB_72,FLB,72.0,% of 100 cm2 feedwater-line break,test,NPPAD_README_case_number
random,seed_20265966,20265966,LOCAC_59,LOCAC,59.0,% of 100 cm2 cold-leg break,test,NPPAD_README_case_number
random,seed_20265966,20265966,FLB_98,FLB,98.0,% of 100 cm2 feedwater-line break,test,NPPAD_README_case_number
random,seed_20265966,20265966,SLBIC_98,SLBIC,98.0,% of 100 cm2 inside-containment steam-line break,test,NPPAD_README_case_number
random,seed_20265966,20265966,FLB_10,FLB,10.0,% of 100 cm2 feedwater-line break,test,NPPAD_README_case_number
random,seed_20265966,20265966,RI_-13,RI,-13.0,% of rods inserted,test,NPPAD_README_case_number
random,seed_20265966,20265966,SGBTR_81,SGBTR,81.0,% of one full steam-generator-B tube rupture,test,NPPAD_README_case_number
random,seed_20265966,20265966,FLB_63,FLB,63.0,% of 100 cm2 feedwater-line break,test,NPPAD_README_case_number
random,seed_20265966,20265966,FLB_87,FLB,87.0,% of 100 cm2 feedwater-line break,test,NPPAD_README_case_number
random,seed_20265966,20265966,LOCA_73,LOCA,73.0,% of 100 cm2 hot-leg break,test,NPPAD_README_case_number
random,seed_20265966,20265966,LOCAC_5,LOCAC,5.0,% of 100 cm2 cold-leg break,test,NPPAD_README_case_number
random,seed_20265966,20265966,SLBIC_14,SLBIC,14.0,% of 100 cm2 inside-containment steam-line break,test,NPPAD_README_case_number
random,seed_20265966,20265966,RI_-26,RI,-26.0,% of rods inserted,test,NPPAD_README_case_number
random,seed_20265966,20265966,LOCAC_25,LOCAC,25.0,% of 100 cm2 cold-leg break,test,NPPAD_README_case_number
random,seed_20265966,20265966,LOCA_16,LOCA,16.0,% of 100 cm2 hot-leg break,test,NPPAD_README_case_number
random,seed_20265966,20265966,LOCA_39,LOCA,39.0,% of 100 cm2 hot-leg break,test,NPPAD_README_case_number
random,seed_20265966,20265966,SGATR_87,SGATR,87.0,% of one full steam-generator-A tube rupture,test,NPPAD_README_case_number
random,seed_20265966,20265966,SLBIC_18,SLBIC,18.0,% of 100 cm2 inside-containment steam-line break,test,NPPAD_README_case_number
random,seed_20265966,20265966,LOCAC_3,LOCAC,3.0,% of 100 cm2 cold-leg break,test,NPPAD_README_case_number
random,seed_20265966,20265966,LOCAC_46,LOCAC,46.0,% of 100 cm2 cold-leg break,test,NPPAD_README_case_number
random,seed_20265966,20265966,LOCAC_27,LOCAC,27.0,% of 100 cm2 cold-leg break,test,NPPAD_README_case_number
random,seed_20265966,20265966,LOCA_9,LOCA,9.0,% of 100 cm2 hot-leg break,test,NPPAD_README_case_number
random,seed_20265966,20265966,SGATR_99,SGATR,99.0,% of one full steam-generator-A tube rupture,test,NPPAD_README_case_number
random,seed_20265966,20265966,SLBIC_38,SLBIC,38.0,% of 100 cm2 inside-containment steam-line break,test,NPPAD_README_case_number
random,seed_20265966,20265966,LOCA_23,LOCA,23.0,% of 100 cm2 hot-leg break,test,NPPAD_README_case_number
random,seed_20265966,20265966,SLBIC_78,SLBIC,78.0,% of 100 cm2 inside-containment steam-line break,test,NPPAD_README_case_number
random,seed_20265966,20265966,LR_82,LR,82.0,% of full load rejected,test,NPPAD_README_case_number
random,seed_20265966,20265966,LOCAC_76,LOCAC,76.0,% of 100 cm2 cold-leg break,test,NPPAD_README_case_number
random,seed_20265966,20265966,SLBIC_37,SLBIC,37.0,% of 100 cm2 inside-containment steam-line break,test,NPPAD_README_case_number
random,seed_20265966,20265966,RI_-32,RI,-32.0,% of rods inserted,test,NPPAD_README_case_number
random,seed_20265966,20265966,LOCA_40,LOCA,40.0,% of 100 cm2 hot-leg break,test,NPPAD_README_case_number
random,seed_20265966,20265966,SLBIC_52,SLBIC,52.0,% of 100 cm2 inside-containment steam-line break,test,NPPAD_README_case_number
random,seed_20265966,20265966,LOCAC_53,LOCAC,53.0,% of 100 cm2 cold-leg break,test,NPPAD_README_case_number
random,seed_20265966,20265966,SGATR_86,SGATR,86.0,% of one full steam-generator-A tube rupture,test,NPPAD_README_case_number
random,seed_20265966,20265966,SGATR_85,SGATR,85.0,% of one full steam-generator-A tube rupture,test,NPPAD_README_case_number
random,seed_20265966,20265966,SLBIC_65,SLBIC,65.0,% of 100 cm2 inside-containment steam-line break,test,NPPAD_README_case_number
random,seed_20265966,20265966,RI_-33,RI,-33.0,% of rods inserted,test,NPPAD_README_case_number
random,seed_20265966,20265966,SLBIC_86,SLBIC,86.0,% of 100 cm2 inside-containment steam-line break,test,NPPAD_README_case_number
random,seed_20265966,20265966,LR_70,LR,70.0,% of full load rejected,test,NPPAD_README_case_number
random,seed_20265966,20265966,SGBTR_80,SGBTR,80.0,% of one full steam-generator-B tube rupture,test,NPPAD_README_case_number
random,seed_20265966,20265966,SGBTR_73,SGBTR,73.0,% of one full steam-generator-B tube rupture,test,NPPAD_README_case_number
random,seed_20265966,20265966,LOCAC_15,LOCAC,15.0,% of 100 cm2 cold-leg break,test,NPPAD_README_case_number
random,seed_20265966,20265966,FLB_35,FLB,35.0,% of 100 cm2 feedwater-line break,test,NPPAD_README_case_number
random,seed_20265966,20265966,SGBTR_105,SGBTR,105.0,% of one full steam-generator-B tube rupture,test,NPPAD_README_case_number
random,seed_20265966,20265966,LOCAC_45,LOCAC,45.0,% of 100 cm2 cold-leg break,test,NPPAD_README_case_number
random,seed_20265966,20265966,SGATR_98,SGATR,98.0,% of one full steam-generator-A tube rupture,test,NPPAD_README_case_number
random,seed_20265966,20265966,SGBTR_84,SGBTR,84.0,% of one full steam-generator-B tube rupture,test,NPPAD_README_case_number
random,seed_20265966,20265966,SGBTR_62,SGBTR,62.0,% of one full steam-generator-B tube rupture,test,NPPAD_README_case_number
random,seed_20265966,20265966,LOCAC_11,LOCAC,11.0,% of 100 cm2 cold-leg break,test,NPPAD_README_case_number
random,seed_20265966,20265966,FLB_70,FLB,70.0,% of 100 cm2 feedwater-line break,test,NPPAD_README_case_number
random,seed_20265966,20265966,FLB_59,FLB,59.0,% of 100 cm2 feedwater-line break,test,NPPAD_README_case_number
random,seed_20265966,20265966,FLB_66,FLB,66.0,% of 100 cm2 feedwater-line break,test,NPPAD_README_case_number
random,seed_20265966,20265966,SGBTR_92,SGBTR,92.0,% of one full steam-generator-B tube rupture,test,NPPAD_README_case_number
random,seed_20265966,20265966,LOCA_53,LOCA,53.0,% of 100 cm2 hot-leg break,test,NPPAD_README_case_number
random,seed_20265966,20265966,LOCA_64,LOCA,64.0,% of 100 cm2 hot-leg break,test,NPPAD_README_case_number
random,seed_20265966,20265966,LOCA_65,LOCA,65.0,% of 100 cm2 hot-leg break,test,NPPAD_README_case_number
random,seed_20265966,20265966,FLB_85,FLB,85.0,% of 100 cm2 feedwater-line break,test,NPPAD_README_case_number
random,seed_20265966,20265966,SLBIC_71,SLBIC,71.0,% of 100 cm2 inside-containment steam-line break,test,NPPAD_README_case_number
random,seed_20265966,20265966,SLBIC_81,SLBIC,81.0,% of 100 cm2 inside-containment steam-line break,test,NPPAD_README_case_number
random,seed_20265966,20265966,FLB_50,FLB,50.0,% of 100 cm2 feedwater-line break,test,NPPAD_README_case_number
random,seed_20265966,20265966,LOCA_60,LOCA,60.0,% of 100 cm2 hot-leg break,test,NPPAD_README_case_number
random,seed_20265966,20265966,SLBIC_61,SLBIC,61.0,% of 100 cm2 inside-containment steam-line break,test,NPPAD_README_case_number
random,seed_20265966,20265966,RI_-30,RI,-30.0,% of rods inserted,test,NPPAD_README_case_number
random,seed_20265966,20265966,LOCA_5,LOCA,5.0,% of 100 cm2 hot-leg break,test,NPPAD_README_case_number
random,seed_20265966,20265966,SLBIC_27,SLBIC,27.0,% of 100 cm2 inside-containment steam-line break,test,NPPAD_README_case_number
random,seed_20265966,20265966,FLB_7,FLB,7.0,% of 100 cm2 feedwater-line break,test,NPPAD_README_case_number
random,seed_20265966,20265966,FLB_8,FLB,8.0,% of 100 cm2 feedwater-line break,test,NPPAD_README_case_number
random,seed_20265966,20265966,FLB_64,FLB,64.0,% of 100 cm2 feedwater-line break,test,NPPAD_README_case_number
random,seed_20265966,20265966,SLBIC_21,SLBIC,21.0,% of 100 cm2 inside-containment steam-line break,test,NPPAD_README_case_number
random,seed_20266975,20266975,FLB_5,FLB,5.0,% of 100 cm2 feedwater-line break,train,NPPAD_README_case_number
random,seed_20266975,20266975,LOCA_70,LOCA,70.0,% of 100 cm2 hot-leg break,train,NPPAD_README_case_number
random,seed_20266975,20266975,FLB_40,FLB,40.0,% of 100 cm2 feedwater-line break,train,NPPAD_README_case_number
random,seed_20266975,20266975,SLBIC_61,SLBIC,61.0,% of 100 cm2 inside-containment steam-line break,train,NPPAD_README_case_number
random,seed_20266975,20266975,SGBTR_80,SGBTR,80.0,% of one full steam-generator-B tube rupture,train,NPPAD_README_case_number
random,seed_20266975,20266975,SGBTR_57,SGBTR,57.0,% of one full steam-generator-B tube rupture,train,NPPAD_README_case_number
random,seed_20266975,20266975,LOCAC_53,LOCAC,53.0,% of 100 cm2 cold-leg break,train,NPPAD_README_case_number
random,seed_20266975,20266975,RI_-3,RI,-3.0,% of rods inserted,train,NPPAD_README_case_number
random,seed_20266975,20266975,SLBIC_63,SLBIC,63.0,% of 100 cm2 inside-containment steam-line break,train,NPPAD_README_case_number
random,seed_20266975,20266975,FLB_41,FLB,41.0,% of 100 cm2 feedwater-line break,train,NPPAD_README_case_number
random,seed_20266975,20266975,RI_-16,RI,-16.0,% of rods inserted,train,NPPAD_README_case_number
random,seed_20266975,20266975,SGATR_73,SGATR,73.0,% of one full steam-generator-A tube rupture,train,NPPAD_README_case_number
random,seed_20266975,20266975,FLB_96,FLB,96.0,% of 100 cm2 feedwater-line break,train,NPPAD_README_case_number
random,seed_20266975,20266975,SLBIC_41,SLBIC,41.0,% of 100 cm2 inside-containment steam-line break,train,NPPAD_README_case_number
random,seed_20266975,20266975,SLBIC_31,SLBIC,31.0,% of 100 cm2 inside-containment steam-line break,train,NPPAD_README_case_number
random,seed_20266975,20266975,LOCA_5,LOCA,5.0,% of 100 cm2 hot-leg break,train,NPPAD_README_case_number
random,seed_20266975,20266975,LR_97,LR,97.0,% of full load rejected,train,NPPAD_README_case_number
random,seed_20266975,20266975,LOCAC_69,LOCAC,69.0,% of 100 cm2 cold-leg break,train,NPPAD_README_case_number
random,seed_20266975,20266975,LOCAC_33,LOCAC,33.0,% of 100 cm2 cold-leg break,train,NPPAD_README_case_number
random,seed_20266975,20266975,LOCAC_76,LOCAC,76.0,% of 100 cm2 cold-leg break,train,NPPAD_README_case_number
random,seed_20266975,20266975,LOCAC_42,LOCAC,42.0,% of 100 cm2 cold-leg break,train,NPPAD_README_case_number
random,seed_20266975,20266975,SLBIC_68,SLBIC,68.0,% of 100 cm2 inside-containment steam-line break,train,NPPAD_README_case_number
random,seed_20266975,20266975,RI_-33,RI,-33.0,% of rods inserted,train,NPPAD_README_case_number
random,seed_20266975,20266975,FLB_24,FLB,24.0,% of 100 cm2 feedwater-line break,train,NPPAD_README_case_number
random,seed_20266975,20266975,FLB_46,FLB,46.0,% of 100 cm2 feedwater-line break,train,NPPAD_README_case_number
random,seed_20266975,20266975,SGBTR_70,SGBTR,70.0,% of one full steam-generator-B tube rupture,train,NPPAD_README_case_number
random,seed_20266975,20266975,LOCA_75,LOCA,75.0,% of 100 cm2 hot-leg break,train,NPPAD_README_case_number
random,seed_20266975,20266975,SLBIC_28,SLBIC,28.0,% of 100 cm2 inside-containment steam-line break,train,NPPAD_README_case_number
random,seed_20266975,20266975,SGATR_74,SGATR,74.0,% of one full steam-generator-A tube rupture,train,NPPAD_README_case_number
random,seed_20266975,20266975,SLBIC_57,SLBIC,57.0,% of 100 cm2 inside-containment steam-line break,train,NPPAD_README_case_number
random,seed_20266975,20266975,LR_94,LR,94.0,% of full load rejected,train,NPPAD_README_case_number
random,seed_20266975,20266975,SLBIC_73,SLBIC,73.0,% of 100 cm2 inside-containment steam-line break,train,NPPAD_README_case_number
random,seed_20266975,20266975,LOCAC_49,LOCAC,49.0,% of 100 cm2 cold-leg break,train,NPPAD_README_case_number
random,seed_20266975,20266975,LOCA_48,LOCA,48.0,% of 100 cm2 hot-leg break,train,NPPAD_README_case_number
random,seed_20266975,20266975,FLB_54,FLB,54.0,% of 100 cm2 feedwater-line break,train,NPPAD_README_case_number
random,seed_20266975,20266975,FLB_11,FLB,11.0,% of 100 cm2 feedwater-line break,train,NPPAD_README_case_number
random,seed_20266975,20266975,SGBTR_78,SGBTR,78.0,% of one full steam-generator-B tube rupture,train,NPPAD_README_case_number
random,seed_20266975,20266975,LOCA_14,LOCA,14.0,% of 100 cm2 hot-leg break,train,NPPAD_README_case_number
random,seed_20266975,20266975,SGBTR_105,SGBTR,105.0,% of one full steam-generator-B tube rupture,train,NPPAD_README_case_number
random,seed_20266975,20266975,LOCA_21,LOCA,21.0,% of 100 cm2 hot-leg break,train,NPPAD_README_case_number
random,seed_20266975,20266975,LOCA_53,LOCA,53.0,% of 100 cm2 hot-leg break,train,NPPAD_README_case_number
random,seed_20266975,20266975,LOCA_64,LOCA,64.0,% of 100 cm2 hot-leg break,train,NPPAD_README_case_number
random,seed_20266975,20266975,SLBIC_39,SLBIC,39.0,% of 100 cm2 inside-containment steam-line break,train,NPPAD_README_case_number
random,seed_20266975,20266975,LOCA_73,LOCA,73.0,% of 100 cm2 hot-leg break,train,NPPAD_README_case_number
random,seed_20266975,20266975,SLBIC_40,SLBIC,40.0,% of 100 cm2 inside-containment steam-line break,train,NPPAD_README_case_number
random,seed_20266975,20266975,LOCAC_77,LOCAC,77.0,% of 100 cm2 cold-leg break,train,NPPAD_README_case_number
random,seed_20266975,20266975,SGATR_97,SGATR,97.0,% of one full steam-generator-A tube rupture,train,NPPAD_README_case_number
random,seed_20266975,20266975,FLB_89,FLB,89.0,% of 100 cm2 feedwater-line break,train,NPPAD_README_case_number
random,seed_20266975,20266975,FLB_18,FLB,18.0,% of 100 cm2 feedwater-line break,train,NPPAD_README_case_number
random,seed_20266975,20266975,SLBIC_19,SLBIC,19.0,% of 100 cm2 inside-containment steam-line break,train,NPPAD_README_case_number
random,seed_20266975,20266975,SGBTR_97,SGBTR,97.0,% of one full steam-generator-B tube rupture,train,NPPAD_README_case_number
random,seed_20266975,20266975,LR_95,LR,95.0,% of full load rejected,train,NPPAD_README_case_number
random,seed_20266975,20266975,LOCA_20,LOCA,20.0,% of 100 cm2 hot-leg break,train,NPPAD_README_case_number
random,seed_20266975,20266975,FLB_91,FLB,91.0,% of 100 cm2 feedwater-line break,train,NPPAD_README_case_number
random,seed_20266975,20266975,FLB_62,FLB,62.0,% of 100 cm2 feedwater-line break,train,NPPAD_README_case_number
random,seed_20266975,20266975,SGBTR_65,SGBTR,65.0,% of one full steam-generator-B tube rupture,train,NPPAD_README_case_number
random,seed_20266975,20266975,LOCAC_14,LOCAC,14.0,% of 100 cm2 cold-leg break,train,NPPAD_README_case_number
random,seed_20266975,20266975,LOCA_37,LOCA,37.0,% of 100 cm2 hot-leg break,train,NPPAD_README_case_number
random,seed_20266975,20266975,LOCAC_30,LOCAC,30.0,% of 100 cm2 cold-leg break,train,NPPAD_README_case_number
random,seed_20266975,20266975,FLB_76,FLB,76.0,% of 100 cm2 feedwater-line break,train,NPPAD_README_case_number
random,seed_20266975,20266975,SLBIC_43,SLBIC,43.0,% of 100 cm2 inside-containment steam-line break,train,NPPAD_README_case_number
random,seed_20266975,20266975,SLBIC_85,SLBIC,85.0,% of 100 cm2 inside-containment steam-line break,train,NPPAD_README_case_number
random,seed_20266975,20266975,LOCAC_46,LOCAC,46.0,% of 100 cm2 cold-leg break,train,NPPAD_README_case_number
random,seed_20266975,20266975,LOCA_45,LOCA,45.0,% of 100 cm2 hot-leg break,train,NPPAD_README_case_number
random,seed_20266975,20266975,FLB_84,FLB,84.0,% of 100 cm2 feedwater-line break,train,NPPAD_README_case_number
random,seed_20266975,20266975,LOCAC_66,LOCAC,66.0,% of 100 cm2 cold-leg break,train,NPPAD_README_case_number
random,seed_20266975,20266975,SLBIC_32,SLBIC,32.0,% of 100 cm2 inside-containment steam-line break,train,NPPAD_README_case_number
random,seed_20266975,20266975,SLBIC_58,SLBIC,58.0,% of 100 cm2 inside-containment steam-line break,train,NPPAD_README_case_number
random,seed_20266975,20266975,LOCA_51,LOCA,51.0,% of 100 cm2 hot-leg break,train,NPPAD_README_case_number
random,seed_20266975,20266975,SGBTR_90,SGBTR,90.0,% of one full steam-generator-B tube rupture,train,NPPAD_README_case_number
random,seed_20266975,20266975,SLBIC_70,SLBIC,70.0,% of 100 cm2 inside-containment steam-line break,train,NPPAD_README_case_number
random,seed_20266975,20266975,RI_-2,RI,-2.0,% of rods inserted,train,NPPAD_README_case_number
random,seed_20266975,20266975,FLB_75,FLB,75.0,% of 100 cm2 feedwater-line break,train,NPPAD_README_case_number
random,seed_20266975,20266975,RI_-21,RI,-21.0,% of rods inserted,train,NPPAD_README_case_number
random,seed_20266975,20266975,LR_87,LR,87.0,% of full load rejected,train,NPPAD_README_case_number
random,seed_20266975,20266975,LOCAC_64,LOCAC,64.0,% of 100 cm2 cold-leg break,train,NPPAD_README_case_number
random,seed_20266975,20266975,RI_-20,RI,-20.0,% of rods inserted,train,NPPAD_README_case_number
random,seed_20266975,20266975,SGBTR_100,SGBTR,100.0,% of one full steam-generator-B tube rupture,train,NPPAD_README_case_number
random,seed_20266975,20266975,SLBIC_91,SLBIC,91.0,% of 100 cm2 inside-containment steam-line break,train,NPPAD_README_case_number
random,seed_20266975,20266975,SLBIC_55,SLBIC,55.0,% of 100 cm2 inside-containment steam-line break,train,NPPAD_README_case_number
random,seed_20266975,20266975,RI_-6,RI,-6.0,% of rods inserted,train,NPPAD_README_case_number
random,seed_20266975,20266975,SGBTR_75,SGBTR,75.0,% of one full steam-generator-B tube rupture,train,NPPAD_README_case_number
random,seed_20266975,20266975,SLBIC_98,SLBIC,98.0,% of 100 cm2 inside-containment steam-line break,train,NPPAD_README_case_number
random,seed_20266975,20266975,LOCAC_70,LOCAC,70.0,% of 100 cm2 cold-leg break,train,NPPAD_README_case_number
random,seed_20266975,20266975,SGBTR_67,SGBTR,67.0,% of one full steam-generator-B tube rupture,train,NPPAD_README_case_number
random,seed_20266975,20266975,FLB_50,FLB,50.0,% of 100 cm2 feedwater-line break,train,NPPAD_README_case_number
random,seed_20266975,20266975,SLBIC_60,SLBIC,60.0,% of 100 cm2 inside-containment steam-line break,train,NPPAD_README_case_number
random,seed_20266975,20266975,FLB_21,FLB,21.0,% of 100 cm2 feedwater-line break,train,NPPAD_README_case_number
random,seed_20266975,20266975,LR_71,LR,71.0,% of full load rejected,train,NPPAD_README_case_number
random,seed_20266975,20266975,LOCAC_2,LOCAC,2.0,% of 100 cm2 cold-leg break,train,NPPAD_README_case_number
random,seed_20266975,20266975,LOCA_25,LOCA,25.0,% of 100 cm2 hot-leg break,train,NPPAD_README_case_number
random,seed_20266975,20266975,SLBIC_21,SLBIC,21.0,% of 100 cm2 inside-containment steam-line break,train,NPPAD_README_case_number
random,seed_20266975,20266975,SGBTR_60,SGBTR,60.0,% of one full steam-generator-B tube rupture,train,NPPAD_README_case_number
random,seed_20266975,20266975,FLB_29,FLB,29.0,% of 100 cm2 feedwater-line break,train,NPPAD_README_case_number
random,seed_20266975,20266975,LOCA_71,LOCA,71.0,% of 100 cm2 hot-leg break,train,NPPAD_README_case_number
random,seed_20266975,20266975,FLB_67,FLB,67.0,% of 100 cm2 feedwater-line break,train,NPPAD_README_case_number
random,seed_20266975,20266975,FLB_48,FLB,48.0,% of 100 cm2 feedwater-line break,train,NPPAD_README_case_number
random,seed_20266975,20266975,LOCAC_54,LOCAC,54.0,% of 100 cm2 cold-leg break,train,NPPAD_README_case_number
random,seed_20266975,20266975,LOCA_77,LOCA,77.0,% of 100 cm2 hot-leg break,train,NPPAD_README_case_number
random,seed_20266975,20266975,SGATR_71,SGATR,71.0,% of one full steam-generator-A tube rupture,train,NPPAD_README_case_number
random,seed_20266975,20266975,FLB_23,FLB,23.0,% of 100 cm2 feedwater-line break,train,NPPAD_README_case_number
random,seed_20266975,20266975,LOCAC_51,LOCAC,51.0,% of 100 cm2 cold-leg break,train,NPPAD_README_case_number
random,seed_20266975,20266975,SGBTR_83,SGBTR,83.0,% of one full steam-generator-B tube rupture,train,NPPAD_README_case_number
random,seed_20266975,20266975,LOCAC_13,LOCAC,13.0,% of 100 cm2 cold-leg break,train,NPPAD_README_case_number
random,seed_20266975,20266975,FLB_66,FLB,66.0,% of 100 cm2 feedwater-line break,train,NPPAD_README_case_number
random,seed_20266975,20266975,FLB_43,FLB,43.0,% of 100 cm2 feedwater-line break,train,NPPAD_README_case_number
random,seed_20266975,20266975,SLBIC_38,SLBIC,38.0,% of 100 cm2 inside-containment steam-line break,train,NPPAD_README_case_number
random,seed_20266975,20266975,SGATR_70,SGATR,70.0,% of one full steam-generator-A tube rupture,train,NPPAD_README_case_number
random,seed_20266975,20266975,FLB_28,FLB,28.0,% of 100 cm2 feedwater-line break,train,NPPAD_README_case_number
random,seed_20266975,20266975,SLBIC_14,SLBIC,14.0,% of 100 cm2 inside-containment steam-line break,train,NPPAD_README_case_number
random,seed_20266975,20266975,SLBIC_69,SLBIC,69.0,% of 100 cm2 inside-containment steam-line break,train,NPPAD_README_case_number
random,seed_20266975,20266975,SGBTR_91,SGBTR,91.0,% of one full steam-generator-B tube rupture,train,NPPAD_README_case_number
random,seed_20266975,20266975,LOCA_49,LOCA,49.0,% of 100 cm2 hot-leg break,train,NPPAD_README_case_number
random,seed_20266975,20266975,FLB_27,FLB,27.0,% of 100 cm2 feedwater-line break,train,NPPAD_README_case_number
random,seed_20266975,20266975,FLB_56,FLB,56.0,% of 100 cm2 feedwater-line break,train,NPPAD_README_case_number
random,seed_20266975,20266975,LOCA_19,LOCA,19.0,% of 100 cm2 hot-leg break,train,NPPAD_README_case_number
random,seed_20266975,20266975,LOCA_35,LOCA,35.0,% of 100 cm2 hot-leg break,train,NPPAD_README_case_number
random,seed_20266975,20266975,SLBIC_49,SLBIC,49.0,% of 100 cm2 inside-containment steam-line break,train,NPPAD_README_case_number
random,seed_20266975,20266975,FLB_3,FLB,3.0,% of 100 cm2 feedwater-line break,train,NPPAD_README_case_number
random,seed_20266975,20266975,LOCA_74,LOCA,74.0,% of 100 cm2 hot-leg break,train,NPPAD_README_case_number
random,seed_20266975,20266975,SGBTR_81,SGBTR,81.0,% of one full steam-generator-B tube rupture,train,NPPAD_README_case_number
random,seed_20266975,20266975,RI_-10,RI,-10.0,% of rods inserted,train,NPPAD_README_case_number
random,seed_20266975,20266975,LOCAC_55,LOCAC,55.0,% of 100 cm2 cold-leg break,train,NPPAD_README_case_number
random,seed_20266975,20266975,SGBTR_64,SGBTR,64.0,% of one full steam-generator-B tube rupture,train,NPPAD_README_case_number
random,seed_20266975,20266975,SGBTR_76,SGBTR,76.0,% of one full steam-generator-B tube rupture,train,NPPAD_README_case_number
random,seed_20266975,20266975,SLBIC_50,SLBIC,50.0,% of 100 cm2 inside-containment steam-line break,train,NPPAD_README_case_number
random,seed_20266975,20266975,LOCA_44,LOCA,44.0,% of 100 cm2 hot-leg break,train,NPPAD_README_case_number
random,seed_20266975,20266975,LR_90,LR,90.0,% of full load rejected,train,NPPAD_README_case_number
random,seed_20266975,20266975,LOCAC_74,LOCAC,74.0,% of 100 cm2 cold-leg break,train,NPPAD_README_case_number
random,seed_20266975,20266975,FLB_2,FLB,2.0,% of 100 cm2 feedwater-line break,train,NPPAD_README_case_number
random,seed_20266975,20266975,LOCAC_72,LOCAC,72.0,% of 100 cm2 cold-leg break,train,NPPAD_README_case_number
random,seed_20266975,20266975,FLB_47,FLB,47.0,% of 100 cm2 feedwater-line break,train,NPPAD_README_case_number
random,seed_20266975,20266975,FLB_81,FLB,81.0,% of 100 cm2 feedwater-line break,train,NPPAD_README_case_number
random,seed_20266975,20266975,SGATR_93,SGATR,93.0,% of one full steam-generator-A tube rupture,train,NPPAD_README_case_number
random,seed_20266975,20266975,LOCA_58,LOCA,58.0,% of 100 cm2 hot-leg break,train,NPPAD_README_case_number
random,seed_20266975,20266975,LOCAC_8,LOCAC,8.0,% of 100 cm2 cold-leg break,train,NPPAD_README_case_number
random,seed_20266975,20266975,LOCAC_6,LOCAC,6.0,% of 100 cm2 cold-leg break,train,NPPAD_README_case_number
random,seed_20266975,20266975,FLB_7,FLB,7.0,% of 100 cm2 feedwater-line break,train,NPPAD_README_case_number
random,seed_20266975,20266975,LOCAC_57,LOCAC,57.0,% of 100 cm2 cold-leg break,train,NPPAD_README_case_number
random,seed_20266975,20266975,LOCAC_10,LOCAC,10.0,% of 100 cm2 cold-leg break,train,NPPAD_README_case_number
random,seed_20266975,20266975,SGATR_77,SGATR,77.0,% of one full steam-generator-A tube rupture,train,NPPAD_README_case_number
random,seed_20266975,20266975,LOCAC_61,LOCAC,61.0,% of 100 cm2 cold-leg break,train,NPPAD_README_case_number
random,seed_20266975,20266975,FLB_38,FLB,38.0,% of 100 cm2 feedwater-line break,train,NPPAD_README_case_number
random,seed_20266975,20266975,SGATR_89,SGATR,89.0,% of one full steam-generator-A tube rupture,train,NPPAD_README_case_number
random,seed_20266975,20266975,LOCA_34,LOCA,34.0,% of 100 cm2 hot-leg break,train,NPPAD_README_case_number
random,seed_20266975,20266975,SGATR_63,SGATR,63.0,% of one full steam-generator-A tube rupture,train,NPPAD_README_case_number
random,seed_20266975,20266975,RI_-29,RI,-29.0,% of rods inserted,train,NPPAD_README_case_number
random,seed_20266975,20266975,SGATR_88,SGATR,88.0,% of one full steam-generator-A tube rupture,train,NPPAD_README_case_number
random,seed_20266975,20266975,SLBIC_82,SLBIC,82.0,% of 100 cm2 inside-containment steam-line break,train,NPPAD_README_case_number
random,seed_20266975,20266975,SGBTR_69,SGBTR,69.0,% of one full steam-generator-B tube rupture,train,NPPAD_README_case_number
random,seed_20266975,20266975,FLB_55,FLB,55.0,% of 100 cm2 feedwater-line break,train,NPPAD_README_case_number
random,seed_20266975,20266975,SLBIC_45,SLBIC,45.0,% of 100 cm2 inside-containment steam-line break,train,NPPAD_README_case_number
random,seed_20266975,20266975,SGATR_83,SGATR,83.0,% of one full steam-generator-A tube rupture,train,NPPAD_README_case_number
random,seed_20266975,20266975,RI_-4,RI,-4.0,% of rods inserted,train,NPPAD_README_case_number
random,seed_20266975,20266975,LOCAC_12,LOCAC,12.0,% of 100 cm2 cold-leg break,train,NPPAD_README_case_number
random,seed_20266975,20266975,LR_86,LR,86.0,% of full load rejected,train,NPPAD_README_case_number
random,seed_20266975,20266975,SGATR_60,SGATR,60.0,% of one full steam-generator-A tube rupture,train,NPPAD_README_case_number
random,seed_20266975,20266975,SGBTR_109,SGBTR,109.0,% of one full steam-generator-B tube rupture,train,NPPAD_README_case_number
random,seed_20266975,20266975,RI_-15,RI,-15.0,% of rods inserted,train,NPPAD_README_case_number
random,seed_20266975,20266975,LR_79,LR,79.0,% of full load rejected,train,NPPAD_README_case_number
random,seed_20266975,20266975,LOCA_27,LOCA,27.0,% of 100 cm2 hot-leg break,train,NPPAD_README_case_number
random,seed_20266975,20266975,SLBIC_92,SLBIC,92.0,% of 100 cm2 inside-containment steam-line break,train,NPPAD_README_case_number
random,seed_20266975,20266975,LOCAC_4,LOCAC,4.0,% of 100 cm2 cold-leg break,train,NPPAD_README_case_number
random,seed_20266975,20266975,SLBIC_100,SLBIC,100.0,% of 100 cm2 inside-containment steam-line break,train,NPPAD_README_case_number
random,seed_20266975,20266975,FLB_42,FLB,42.0,% of 100 cm2 feedwater-line break,train,NPPAD_README_case_number
random,seed_20266975,20266975,LR_72,LR,72.0,% of full load rejected,train,NPPAD_README_case_number
random,seed_20266975,20266975,RI_-12,RI,-12.0,% of rods inserted,train,NPPAD_README_case_number
random,seed_20266975,20266975,SGATR_81,SGATR,81.0,% of one full steam-generator-A tube rupture,train,NPPAD_README_case_number
random,seed_20266975,20266975,SGBTR_72,SGBTR,72.0,% of one full steam-generator-B tube rupture,train,NPPAD_README_case_number
random,seed_20266975,20266975,LOCAC_16,LOCAC,16.0,% of 100 cm2 cold-leg break,train,NPPAD_README_case_number
random,seed_20266975,20266975,SGATR_100,SGATR,100.0,% of one full steam-generator-A tube rupture,train,NPPAD_README_case_number
random,seed_20266975,20266975,LOCAC_37,LOCAC,37.0,% of 100 cm2 cold-leg break,train,NPPAD_README_case_number
random,seed_20266975,20266975,LOCAC_52,LOCAC,52.0,% of 100 cm2 cold-leg break,train,NPPAD_README_case_number
random,seed_20266975,20266975,LOCAC_63,LOCAC,63.0,% of 100 cm2 cold-leg break,train,NPPAD_README_case_number
random,seed_20266975,20266975,LOCA_32,LOCA,32.0,% of 100 cm2 hot-leg break,train,NPPAD_README_case_number
random,seed_20266975,20266975,LOCA_69,LOCA,69.0,% of 100 cm2 hot-leg break,train,NPPAD_README_case_number
random,seed_20266975,20266975,SGATR_64,SGATR,64.0,% of one full steam-generator-A tube rupture,train,NPPAD_README_case_number
random,seed_20266975,20266975,SGBTR_93,SGBTR,93.0,% of one full steam-generator-B tube rupture,train,NPPAD_README_case_number
random,seed_20266975,20266975,LOCA_30,LOCA,30.0,% of 100 cm2 hot-leg break,train,NPPAD_README_case_number
random,seed_20266975,20266975,FLB_63,FLB,63.0,% of 100 cm2 feedwater-line break,train,NPPAD_README_case_number
random,seed_20266975,20266975,SGATR_78,SGATR,78.0,% of one full steam-generator-A tube rupture,train,NPPAD_README_case_number
random,seed_20266975,20266975,LOCAC_36,LOCAC,36.0,% of 100 cm2 cold-leg break,train,NPPAD_README_case_number
random,seed_20266975,20266975,SLBIC_101,SLBIC,101.0,% of 100 cm2 inside-containment steam-line break,train,NPPAD_README_case_number
random,seed_20266975,20266975,LOCA_50,LOCA,50.0,% of 100 cm2 hot-leg break,train,NPPAD_README_case_number
random,seed_20266975,20266975,LOCA_22,LOCA,22.0,% of 100 cm2 hot-leg break,train,NPPAD_README_case_number
random,seed_20266975,20266975,SGATR_76,SGATR,76.0,% of one full steam-generator-A tube rupture,train,NPPAD_README_case_number
random,seed_20266975,20266975,SLBIC_16,SLBIC,16.0,% of 100 cm2 inside-containment steam-line break,train,NPPAD_README_case_number
random,seed_20266975,20266975,RW_3,RW,3.0,% of rods withdrawn,train,NPPAD_README_case_number
random,seed_20266975,20266975,LOCA_63,LOCA,63.0,% of 100 cm2 hot-leg break,train,NPPAD_README_case_number
random,seed_20266975,20266975,LOCA_33,LOCA,33.0,% of 100 cm2 hot-leg break,train,NPPAD_README_case_number
random,seed_20266975,20266975,SGBTR_95,SGBTR,95.0,% of one full steam-generator-B tube rupture,train,NPPAD_README_case_number
random,seed_20266975,20266975,SGBTR_107,SGBTR,107.0,% of one full steam-generator-B tube rupture,train,NPPAD_README_case_number
random,seed_20266975,20266975,LOCAC_25,LOCAC,25.0,% of 100 cm2 cold-leg break,train,NPPAD_README_case_number
random,seed_20266975,20266975,SLBIC_46,SLBIC,46.0,% of 100 cm2 inside-containment steam-line break,train,NPPAD_README_case_number
random,seed_20266975,20266975,LOCA_39,LOCA,39.0,% of 100 cm2 hot-leg break,train,NPPAD_README_case_number
random,seed_20266975,20266975,RI_-5,RI,-5.0,% of rods inserted,train,NPPAD_README_case_number
random,seed_20266975,20266975,LR_78,LR,78.0,% of full load rejected,train,NPPAD_README_case_number
random,seed_20266975,20266975,FLB_36,FLB,36.0,% of 100 cm2 feedwater-line break,train,NPPAD_README_case_number
random,seed_20266975,20266975,FLB_64,FLB,64.0,% of 100 cm2 feedwater-line break,train,NPPAD_README_case_number
random,seed_20266975,20266975,SLBIC_36,SLBIC,36.0,% of 100 cm2 inside-containment steam-line break,train,NPPAD_README_case_number
random,seed_20266975,20266975,LR_80,LR,80.0,% of full load rejected,train,NPPAD_README_case_number
random,seed_20266975,20266975,LOCA_12,LOCA,12.0,% of 100 cm2 hot-leg break,train,NPPAD_README_case_number
random,seed_20266975,20266975,FLB_59,FLB,59.0,% of 100 cm2 feedwater-line break,train,NPPAD_README_case_number
random,seed_20266975,20266975,LOCAC_34,LOCAC,34.0,% of 100 cm2 cold-leg break,train,NPPAD_README_case_number
random,seed_20266975,20266975,SGATR_98,SGATR,98.0,% of one full steam-generator-A tube rupture,train,NPPAD_README_case_number
random,seed_20266975,20266975,LOCAC_26,LOCAC,26.0,% of 100 cm2 cold-leg break,train,NPPAD_README_case_number
random,seed_20266975,20266975,FLB_93,FLB,93.0,% of 100 cm2 feedwater-line break,train,NPPAD_README_case_number
random,seed_20266975,20266975,SLBIC_42,SLBIC,42.0,% of 100 cm2 inside-containment steam-line break,train,NPPAD_README_case_number
random,seed_20266975,20266975,RI_-11,RI,-11.0,% of rods inserted,train,NPPAD_README_case_number
random,seed_20266975,20266975,RI_-28,RI,-28.0,% of rods inserted,train,NPPAD_README_case_number
random,seed_20266975,20266975,SGBTR_66,SGBTR,66.0,% of one full steam-generator-B tube rupture,train,NPPAD_README_case_number
random,seed_20266975,20266975,SLBIC_54,SLBIC,54.0,% of 100 cm2 inside-containment steam-line break,train,NPPAD_README_case_number
random,seed_20266975,20266975,FLB_37,FLB,37.0,% of 100 cm2 feedwater-line break,train,NPPAD_README_case_number
random,seed_20266975,20266975,LOCA_23,LOCA,23.0,% of 100 cm2 hot-leg break,train,NPPAD_README_case_number
random,seed_20266975,20266975,FLB_17,FLB,17.0,% of 100 cm2 feedwater-line break,train,NPPAD_README_case_number
random,seed_20266975,20266975,LOCAC_39,LOCAC,39.0,% of 100 cm2 cold-leg break,train,NPPAD_README_case_number
random,seed_20266975,20266975,FLB_77,FLB,77.0,% of 100 cm2 feedwater-line break,train,NPPAD_README_case_number
random,seed_20266975,20266975,LOCA_26,LOCA,26.0,% of 100 cm2 hot-leg break,train,NPPAD_README_case_number
random,seed_20266975,20266975,FLB_30,FLB,30.0,% of 100 cm2 feedwater-line break,train,NPPAD_README_case_number
random,seed_20266975,20266975,FLB_12,FLB,12.0,% of 100 cm2 feedwater-line break,train,NPPAD_README_case_number
random,seed_20266975,20266975,SLBIC_27,SLBIC,27.0,% of 100 cm2 inside-containment steam-line break,train,NPPAD_README_case_number
random,seed_20266975,20266975,LOCA_1,LOCA,1.0,% of 100 cm2 hot-leg break,train,NPPAD_README_case_number
random,seed_20266975,20266975,LOCAC_43,LOCAC,43.0,% of 100 cm2 cold-leg break,train,NPPAD_README_case_number
random,seed_20266975,20266975,FLB_19,FLB,19.0,% of 100 cm2 feedwater-line break,train,NPPAD_README_case_number
random,seed_20266975,20266975,SLBIC_74,SLBIC,74.0,% of 100 cm2 inside-containment steam-line break,train,NPPAD_README_case_number
random,seed_20266975,20266975,SLBIC_79,SLBIC,79.0,% of 100 cm2 inside-containment steam-line break,train,NPPAD_README_case_number
random,seed_20266975,20266975,SLBIC_53,SLBIC,53.0,% of 100 cm2 inside-containment steam-line break,train,NPPAD_README_case_number
random,seed_20266975,20266975,SLBIC_71,SLBIC,71.0,% of 100 cm2 inside-containment steam-line break,train,NPPAD_README_case_number
random,seed_20266975,20266975,FLB_71,FLB,71.0,% of 100 cm2 feedwater-line break,train,NPPAD_README_case_number
random,seed_20266975,20266975,LOCA_72,LOCA,72.0,% of 100 cm2 hot-leg break,train,NPPAD_README_case_number
random,seed_20266975,20266975,FLB_79,FLB,79.0,% of 100 cm2 feedwater-line break,train,NPPAD_README_case_number
random,seed_20266975,20266975,FLB_83,FLB,83.0,% of 100 cm2 feedwater-line break,train,NPPAD_README_case_number
random,seed_20266975,20266975,SGATR_90,SGATR,90.0,% of one full steam-generator-A tube rupture,train,NPPAD_README_case_number
random,seed_20266975,20266975,SGBTR_74,SGBTR,74.0,% of one full steam-generator-B tube rupture,train,NPPAD_README_case_number
random,seed_20266975,20266975,SGATR_82,SGATR,82.0,% of one full steam-generator-A tube rupture,train,NPPAD_README_case_number
random,seed_20266975,20266975,SLBIC_52,SLBIC,52.0,% of 100 cm2 inside-containment steam-line break,train,NPPAD_README_case_number
random,seed_20266975,20266975,RI_-32,RI,-32.0,% of rods inserted,train,NPPAD_README_case_number
random,seed_20266975,20266975,LOCAC_5,LOCAC,5.0,% of 100 cm2 cold-leg break,train,NPPAD_README_case_number
random,seed_20266975,20266975,SLBIC_78,SLBIC,78.0,% of 100 cm2 inside-containment steam-line break,train,NPPAD_README_case_number
random,seed_20266975,20266975,SGATR_59,SGATR,59.0,% of one full steam-generator-A tube rupture,train,NPPAD_README_case_number
random,seed_20266975,20266975,LOCA_2,LOCA,2.0,% of 100 cm2 hot-leg break,train,NPPAD_README_case_number
random,seed_20266975,20266975,FLB_22,FLB,22.0,% of 100 cm2 feedwater-line break,train,NPPAD_README_case_number
random,seed_20266975,20266975,LOCAC_29,LOCAC,29.0,% of 100 cm2 cold-leg break,train,NPPAD_README_case_number
random,seed_20266975,20266975,FLB_97,FLB,97.0,% of 100 cm2 feedwater-line break,train,NPPAD_README_case_number
random,seed_20266975,20266975,FLB_70,FLB,70.0,% of 100 cm2 feedwater-line break,train,NPPAD_README_case_number
random,seed_20266975,20266975,SLBIC_94,SLBIC,94.0,% of 100 cm2 inside-containment steam-line break,train,NPPAD_README_case_number
random,seed_20266975,20266975,RI_-23,RI,-23.0,% of rods inserted,train,NPPAD_README_case_number
random,seed_20266975,20266975,SGBTR_99,SGBTR,99.0,% of one full steam-generator-B tube rupture,train,NPPAD_README_case_number
random,seed_20266975,20266975,LR_81,LR,81.0,% of full load rejected,train,NPPAD_README_case_number
random,seed_20266975,20266975,SLBIC_22,SLBIC,22.0,% of 100 cm2 inside-containment steam-line break,train,NPPAD_README_case_number
random,seed_20266975,20266975,FLB_14,FLB,14.0,% of 100 cm2 feedwater-line break,train,NPPAD_README_case_number
random,seed_20266975,20266975,SGBTR_63,SGBTR,63.0,% of one full steam-generator-B tube rupture,train,NPPAD_README_case_number
random,seed_20266975,20266975,FLB_100,FLB,100.0,% of 100 cm2 feedwater-line break,train,NPPAD_README_case_number
random,seed_20266975,20266975,LR_82,LR,82.0,% of full load rejected,train,NPPAD_README_case_number
random,seed_20266975,20266975,LOCA_8,LOCA,8.0,% of 100 cm2 hot-leg break,train,NPPAD_README_case_number
random,seed_20266975,20266975,LOCAC_40,LOCAC,40.0,% of 100 cm2 cold-leg break,train,NPPAD_README_case_number
random,seed_20266975,20266975,SLBIC_62,SLBIC,62.0,% of 100 cm2 inside-containment steam-line break,train,NPPAD_README_case_number
random,seed_20266975,20266975,LOCAC_28,LOCAC,28.0,% of 100 cm2 cold-leg break,train,NPPAD_README_case_number
random,seed_20266975,20266975,LOCAC_23,LOCAC,23.0,% of 100 cm2 cold-leg break,train,NPPAD_README_case_number
random,seed_20266975,20266975,SLBIC_51,SLBIC,51.0,% of 100 cm2 inside-containment steam-line break,train,NPPAD_README_case_number
random,seed_20266975,20266975,FLB_39,FLB,39.0,% of 100 cm2 feedwater-line break,train,NPPAD_README_case_number
random,seed_20266975,20266975,LOCA_36,LOCA,36.0,% of 100 cm2 hot-leg break,train,NPPAD_README_case_number
random,seed_20266975,20266975,LOCA_47,LOCA,47.0,% of 100 cm2 hot-leg break,train,NPPAD_README_case_number
random,seed_20266975,20266975,SGATR_75,SGATR,75.0,% of one full steam-generator-A tube rupture,train,NPPAD_README_case_number
random,seed_20266975,20266975,RI_-19,RI,-19.0,% of rods inserted,train,NPPAD_README_case_number
random,seed_20266975,20266975,SGATR_92,SGATR,92.0,% of one full steam-generator-A tube rupture,train,NPPAD_README_case_number
random,seed_20266975,20266975,SGBTR_106,SGBTR,106.0,% of one full steam-generator-B tube rupture,train,NPPAD_README_case_number
random,seed_20266975,20266975,FLB_78,FLB,78.0,% of 100 cm2 feedwater-line break,train,NPPAD_README_case_number
random,seed_20266975,20266975,FLB_90,FLB,90.0,% of 100 cm2 feedwater-line break,train,NPPAD_README_case_number
random,seed_20266975,20266975,LR_70,LR,70.0,% of full load rejected,train,NPPAD_README_case_number
random,seed_20266975,20266975,LR_98,LR,98.0,% of full load rejected,train,NPPAD_README_case_number
random,seed_20266975,20266975,FLB_8,FLB,8.0,% of 100 cm2 feedwater-line break,train,NPPAD_README_case_number
random,seed_20266975,20266975,FLB_69,FLB,69.0,% of 100 cm2 feedwater-line break,train,NPPAD_README_case_number
random,seed_20266975,20266975,SLBIC_88,SLBIC,88.0,% of 100 cm2 inside-containment steam-line break,train,NPPAD_README_case_number
random,seed_20266975,20266975,SLBIC_80,SLBIC,80.0,% of 100 cm2 inside-containment steam-line break,train,NPPAD_README_case_number
random,seed_20266975,20266975,RI_-13,RI,-13.0,% of rods inserted,train,NPPAD_README_case_number
random,seed_20266975,20266975,LOCA_61,LOCA,61.0,% of 100 cm2 hot-leg break,train,NPPAD_README_case_number
random,seed_20266975,20266975,SLBIC_76,SLBIC,76.0,% of 100 cm2 inside-containment steam-line break,train,NPPAD_README_case_number
random,seed_20266975,20266975,LOCAC_47,LOCAC,47.0,% of 100 cm2 cold-leg break,train,NPPAD_README_case_number
random,seed_20266975,20266975,SGATR_96,SGATR,96.0,% of one full steam-generator-A tube rupture,train,NPPAD_README_case_number
random,seed_20266975,20266975,SGBTR_103,SGBTR,103.0,% of one full steam-generator-B tube rupture,train,NPPAD_README_case_number
random,seed_20266975,20266975,LOCA_59,LOCA,59.0,% of 100 cm2 hot-leg break,train,NPPAD_README_case_number
random,seed_20266975,20266975,SGBTR_82,SGBTR,82.0,% of one full steam-generator-B tube rupture,train,NPPAD_README_case_number
random,seed_20266975,20266975,FLB_68,FLB,68.0,% of 100 cm2 feedwater-line break,train,NPPAD_README_case_number
random,seed_20266975,20266975,LOCA_18,LOCA,18.0,% of 100 cm2 hot-leg break,train,NPPAD_README_case_number
random,seed_20266975,20266975,LOCAC_18,LOCAC,18.0,% of 100 cm2 cold-leg break,train,NPPAD_README_case_number
random,seed_20266975,20266975,SLBIC_89,SLBIC,89.0,% of 100 cm2 inside-containment steam-line break,train,NPPAD_README_case_number
random,seed_20266975,20266975,LOCA_24,LOCA,24.0,% of 100 cm2 hot-leg break,train,NPPAD_README_case_number
random,seed_20266975,20266975,LOCAC_79,LOCAC,79.0,% of 100 cm2 cold-leg break,train,NPPAD_README_case_number
random,seed_20266975,20266975,RW_1,RW,1.0,% of rods withdrawn,train,NPPAD_README_case_number
random,seed_20266975,20266975,SLBIC_30,SLBIC,30.0,% of 100 cm2 inside-containment steam-line break,train,NPPAD_README_case_number
random,seed_20266975,20266975,RI_-1,RI,-1.0,% of rods inserted,train,NPPAD_README_case_number
random,seed_20266975,20266975,LOCA_11,LOCA,11.0,% of 100 cm2 hot-leg break,train,NPPAD_README_case_number
random,seed_20266975,20266975,SGATR_66,SGATR,66.0,% of one full steam-generator-A tube rupture,train,NPPAD_README_case_number
random,seed_20266975,20266975,LOCAC_48,LOCAC,48.0,% of 100 cm2 cold-leg break,train,NPPAD_README_case_number
random,seed_20266975,20266975,FLB_13,FLB,13.0,% of 100 cm2 feedwater-line break,train,NPPAD_README_case_number
random,seed_20266975,20266975,SGBTR_89,SGBTR,89.0,% of one full steam-generator-B tube rupture,train,NPPAD_README_case_number
random,seed_20266975,20266975,SLBIC_86,SLBIC,86.0,% of 100 cm2 inside-containment steam-line break,train,NPPAD_README_case_number
random,seed_20266975,20266975,LR_96,LR,96.0,% of full load rejected,train,NPPAD_README_case_number
random,seed_20266975,20266975,SGATR_94,SGATR,94.0,% of one full steam-generator-A tube rupture,train,NPPAD_README_case_number
random,seed_20266975,20266975,LOCAC_22,LOCAC,22.0,% of 100 cm2 cold-leg break,train,NPPAD_README_case_number
random,seed_20266975,20266975,LR_89,LR,89.0,% of full load rejected,train,NPPAD_README_case_number
random,seed_20266975,20266975,SGBTR_98,SGBTR,98.0,% of one full steam-generator-B tube rupture,train,NPPAD_README_case_number
random,seed_20266975,20266975,LOCAC_59,LOCAC,59.0,% of 100 cm2 cold-leg break,validation,NPPAD_README_case_number
random,seed_20266975,20266975,SLBIC_95,SLBIC,95.0,% of 100 cm2 inside-containment steam-line break,validation,NPPAD_README_case_number
random,seed_20266975,20266975,LOCAC_21,LOCAC,21.0,% of 100 cm2 cold-leg break,validation,NPPAD_README_case_number
random,seed_20266975,20266975,SGATR_65,SGATR,65.0,% of one full steam-generator-A tube rupture,validation,NPPAD_README_case_number
random,seed_20266975,20266975,LOCAC_62,LOCAC,62.0,% of 100 cm2 cold-leg break,validation,NPPAD_README_case_number
random,seed_20266975,20266975,LOCA_66,LOCA,66.0,% of 100 cm2 hot-leg break,validation,NPPAD_README_case_number
random,seed_20266975,20266975,SGBTR_101,SGBTR,101.0,% of one full steam-generator-B tube rupture,validation,NPPAD_README_case_number
random,seed_20266975,20266975,RI_-18,RI,-18.0,% of rods inserted,validation,NPPAD_README_case_number
random,seed_20266975,20266975,LR_77,LR,77.0,% of full load rejected,validation,NPPAD_README_case_number
random,seed_20266975,20266975,SGATR_84,SGATR,84.0,% of one full steam-generator-A tube rupture,validation,NPPAD_README_case_number
random,seed_20266975,20266975,LR_73,LR,73.0,% of full load rejected,validation,NPPAD_README_case_number
random,seed_20266975,20266975,FLB_25,FLB,25.0,% of 100 cm2 feedwater-line break,validation,NPPAD_README_case_number
random,seed_20266975,20266975,SGBTR_96,SGBTR,96.0,% of one full steam-generator-B tube rupture,validation,NPPAD_README_case_number
random,seed_20266975,20266975,SGBTR_77,SGBTR,77.0,% of one full steam-generator-B tube rupture,validation,NPPAD_README_case_number
random,seed_20266975,20266975,SGATR_85,SGATR,85.0,% of one full steam-generator-A tube rupture,validation,NPPAD_README_case_number
random,seed_20266975,20266975,FLB_88,FLB,88.0,% of 100 cm2 feedwater-line break,validation,NPPAD_README_case_number
random,seed_20266975,20266975,LOCA_16,LOCA,16.0,% of 100 cm2 hot-leg break,validation,NPPAD_README_case_number
random,seed_20266975,20266975,SLBIC_25,SLBIC,25.0,% of 100 cm2 inside-containment steam-line break,validation,NPPAD_README_case_number
random,seed_20266975,20266975,LOCAC_3,LOCAC,3.0,% of 100 cm2 cold-leg break,validation,NPPAD_README_case_number
random,seed_20266975,20266975,FLB_52,FLB,52.0,% of 100 cm2 feedwater-line break,validation,NPPAD_README_case_number
random,seed_20266975,20266975,RI_-31,RI,-31.0,% of rods inserted,validation,NPPAD_README_case_number
random,seed_20266975,20266975,SLBIC_35,SLBIC,35.0,% of 100 cm2 inside-containment steam-line break,validation,NPPAD_README_case_number
random,seed_20266975,20266975,LR_75,LR,75.0,% of full load rejected,validation,NPPAD_README_case_number
random,seed_20266975,20266975,LOCAC_24,LOCAC,24.0,% of 100 cm2 cold-leg break,validation,NPPAD_README_case_number
random,seed_20266975,20266975,FLB_53,FLB,53.0,% of 100 cm2 feedwater-line break,validation,NPPAD_README_case_number
random,seed_20266975,20266975,SGATR_95,SGATR,95.0,% of one full steam-generator-A tube rupture,validation,NPPAD_README_case_number
random,seed_20266975,20266975,SLBIC_96,SLBIC,96.0,% of 100 cm2 inside-containment steam-line break,validation,NPPAD_README_case_number
random,seed_20266975,20266975,FLB_99,FLB,99.0,% of 100 cm2 feedwater-line break,validation,NPPAD_README_case_number
random,seed_20266975,20266975,SGBTR_62,SGBTR,62.0,% of one full steam-generator-B tube rupture,validation,NPPAD_README_case_number
random,seed_20266975,20266975,SLBIC_83,SLBIC,83.0,% of 100 cm2 inside-containment steam-line break,validation,NPPAD_README_case_number
random,seed_20266975,20266975,FLB_58,FLB,58.0,% of 100 cm2 feedwater-line break,validation,NPPAD_README_case_number
random,seed_20266975,20266975,RI_-35,RI,-35.0,% of rods inserted,validation,NPPAD_README_case_number
random,seed_20266975,20266975,SGATR_99,SGATR,99.0,% of one full steam-generator-A tube rupture,validation,NPPAD_README_case_number
random,seed_20266975,20266975,LOCA_60,LOCA,60.0,% of 100 cm2 hot-leg break,validation,NPPAD_README_case_number
random,seed_20266975,20266975,LOCAC_15,LOCAC,15.0,% of 100 cm2 cold-leg break,validation,NPPAD_README_case_number
random,seed_20266975,20266975,FLB_10,FLB,10.0,% of 100 cm2 feedwater-line break,validation,NPPAD_README_case_number
random,seed_20266975,20266975,FLB_74,FLB,74.0,% of 100 cm2 feedwater-line break,validation,NPPAD_README_case_number
random,seed_20266975,20266975,RI_-7,RI,-7.0,% of rods inserted,validation,NPPAD_README_case_number
random,seed_20266975,20266975,LOCA_15,LOCA,15.0,% of 100 cm2 hot-leg break,validation,NPPAD_README_case_number
random,seed_20266975,20266975,SGATR_61,SGATR,61.0,% of one full steam-generator-A tube rupture,validation,NPPAD_README_case_number
random,seed_20266975,20266975,LOCA_57,LOCA,57.0,% of 100 cm2 hot-leg break,validation,NPPAD_README_case_number
random,seed_20266975,20266975,LOCAC_19,LOCAC,19.0,% of 100 cm2 cold-leg break,validation,NPPAD_README_case_number
random,seed_20266975,20266975,FLB_65,FLB,65.0,% of 100 cm2 feedwater-line break,validation,NPPAD_README_case_number
random,seed_20266975,20266975,SLBIC_47,SLBIC,47.0,% of 100 cm2 inside-containment steam-line break,validation,NPPAD_README_case_number
random,seed_20266975,20266975,FLB_87,FLB,87.0,% of 100 cm2 feedwater-line break,validation,NPPAD_README_case_number
random,seed_20266975,20266975,SGATR_87,SGATR,87.0,% of one full steam-generator-A tube rupture,validation,NPPAD_README_case_number
random,seed_20266975,20266975,FLB_16,FLB,16.0,% of 100 cm2 feedwater-line break,validation,NPPAD_README_case_number
random,seed_20266975,20266975,SGBTR_88,SGBTR,88.0,% of one full steam-generator-B tube rupture,validation,NPPAD_README_case_number
random,seed_20266975,20266975,SGATR_57,SGATR,57.0,% of one full steam-generator-A tube rupture,validation,NPPAD_README_case_number
random,seed_20266975,20266975,LOCA_55,LOCA,55.0,% of 100 cm2 hot-leg break,validation,NPPAD_README_case_number
random,seed_20266975,20266975,SLBIC_84,SLBIC,84.0,% of 100 cm2 inside-containment steam-line break,validation,NPPAD_README_case_number
random,seed_20266975,20266975,SGBTR_94,SGBTR,94.0,% of one full steam-generator-B tube rupture,validation,NPPAD_README_case_number
random,seed_20266975,20266975,LOCA_28,LOCA,28.0,% of 100 cm2 hot-leg break,validation,NPPAD_README_case_number
random,seed_20266975,20266975,FLB_34,FLB,34.0,% of 100 cm2 feedwater-line break,validation,NPPAD_README_case_number
random,seed_20266975,20266975,LOCAC_32,LOCAC,32.0,% of 100 cm2 cold-leg break,validation,NPPAD_README_case_number
random,seed_20266975,20266975,LOCAC_50,LOCAC,50.0,% of 100 cm2 cold-leg break,validation,NPPAD_README_case_number
random,seed_20266975,20266975,SLBIC_87,SLBIC,87.0,% of 100 cm2 inside-containment steam-line break,validation,NPPAD_README_case_number
random,seed_20266975,20266975,LR_76,LR,76.0,% of full load rejected,validation,NPPAD_README_case_number
random,seed_20266975,20266975,SLBIC_81,SLBIC,81.0,% of 100 cm2 inside-containment steam-line break,validation,NPPAD_README_case_number
random,seed_20266975,20266975,LOCAC_58,LOCAC,58.0,% of 100 cm2 cold-leg break,validation,NPPAD_README_case_number
random,seed_20266975,20266975,LR_83,LR,83.0,% of full load rejected,validation,NPPAD_README_case_number
random,seed_20266975,20266975,LOCA_10,LOCA,10.0,% of 100 cm2 hot-leg break,validation,NPPAD_README_case_number
random,seed_20266975,20266975,RW_2,RW,2.0,% of rods withdrawn,validation,NPPAD_README_case_number
random,seed_20266975,20266975,SGBTR_85,SGBTR,85.0,% of one full steam-generator-B tube rupture,validation,NPPAD_README_case_number
random,seed_20266975,20266975,FLB_61,FLB,61.0,% of 100 cm2 feedwater-line break,validation,NPPAD_README_case_number
random,seed_20266975,20266975,LOCAC_65,LOCAC,65.0,% of 100 cm2 cold-leg break,validation,NPPAD_README_case_number
random,seed_20266975,20266975,SGBTR_73,SGBTR,73.0,% of one full steam-generator-B tube rupture,validation,NPPAD_README_case_number
random,seed_20266975,20266975,LOCAC_7,LOCAC,7.0,% of 100 cm2 cold-leg break,validation,NPPAD_README_case_number
random,seed_20266975,20266975,SLBIC_37,SLBIC,37.0,% of 100 cm2 inside-containment steam-line break,validation,NPPAD_README_case_number
random,seed_20266975,20266975,SLBIC_24,SLBIC,24.0,% of 100 cm2 inside-containment steam-line break,validation,NPPAD_README_case_number
random,seed_20266975,20266975,LOCA_46,LOCA,46.0,% of 100 cm2 hot-leg break,validation,NPPAD_README_case_number
random,seed_20266975,20266975,LOCA_29,LOCA,29.0,% of 100 cm2 hot-leg break,validation,NPPAD_README_case_number
random,seed_20266975,20266975,SLBIC_93,SLBIC,93.0,% of 100 cm2 inside-containment steam-line break,validation,NPPAD_README_case_number
random,seed_20266975,20266975,LOCAC_78,LOCAC,78.0,% of 100 cm2 cold-leg break,validation,NPPAD_README_case_number
random,seed_20266975,20266975,RI_-25,RI,-25.0,% of rods inserted,validation,NPPAD_README_case_number
random,seed_20266975,20266975,SLBIC_67,SLBIC,67.0,% of 100 cm2 inside-containment steam-line break,validation,NPPAD_README_case_number
random,seed_20266975,20266975,LOCA_7,LOCA,7.0,% of 100 cm2 hot-leg break,validation,NPPAD_README_case_number
random,seed_20266975,20266975,SGBTR_71,SGBTR,71.0,% of one full steam-generator-B tube rupture,validation,NPPAD_README_case_number
random,seed_20266975,20266975,SGBTR_79,SGBTR,79.0,% of one full steam-generator-B tube rupture,validation,NPPAD_README_case_number
random,seed_20266975,20266975,RI_-22,RI,-22.0,% of rods inserted,validation,NPPAD_README_case_number
random,seed_20266975,20266975,SLBIC_97,SLBIC,97.0,% of 100 cm2 inside-containment steam-line break,validation,NPPAD_README_case_number
random,seed_20266975,20266975,RI_-30,RI,-30.0,% of rods inserted,validation,NPPAD_README_case_number
random,seed_20266975,20266975,FLB_94,FLB,94.0,% of 100 cm2 feedwater-line break,validation,NPPAD_README_case_number
random,seed_20266975,20266975,LOCA_6,LOCA,6.0,% of 100 cm2 hot-leg break,validation,NPPAD_README_case_number
random,seed_20266975,20266975,LR_93,LR,93.0,% of full load rejected,validation,NPPAD_README_case_number
random,seed_20266975,20266975,LOCA_42,LOCA,42.0,% of 100 cm2 hot-leg break,validation,NPPAD_README_case_number
random,seed_20266975,20266975,SGBTR_102,SGBTR,102.0,% of one full steam-generator-B tube rupture,validation,NPPAD_README_case_number
random,seed_20266975,20266975,FLB_85,FLB,85.0,% of 100 cm2 feedwater-line break,validation,NPPAD_README_case_number
random,seed_20266975,20266975,LOCAC_11,LOCAC,11.0,% of 100 cm2 cold-leg break,validation,NPPAD_README_case_number
random,seed_20266975,20266975,SLBIC_15,SLBIC,15.0,% of 100 cm2 inside-containment steam-line break,validation,NPPAD_README_case_number
random,seed_20266975,20266975,LOCA_40,LOCA,40.0,% of 100 cm2 hot-leg break,validation,NPPAD_README_case_number
random,seed_20266975,20266975,FLB_95,FLB,95.0,% of 100 cm2 feedwater-line break,validation,NPPAD_README_case_number
random,seed_20266975,20266975,SLBIC_65,SLBIC,65.0,% of 100 cm2 inside-containment steam-line break,validation,NPPAD_README_case_number
random,seed_20266975,20266975,FLB_60,FLB,60.0,% of 100 cm2 feedwater-line break,validation,NPPAD_README_case_number
random,seed_20266975,20266975,FLB_31,FLB,31.0,% of 100 cm2 feedwater-line break,validation,NPPAD_README_case_number
random,seed_20266975,20266975,SGATR_79,SGATR,79.0,% of one full steam-generator-A tube rupture,validation,NPPAD_README_case_number
random,seed_20266975,20266975,LOCAC_67,LOCAC,67.0,% of 100 cm2 cold-leg break,validation,NPPAD_README_case_number
random,seed_20266975,20266975,LOCAC_9,LOCAC,9.0,% of 100 cm2 cold-leg break,validation,NPPAD_README_case_number
random,seed_20266975,20266975,LOCA_9,LOCA,9.0,% of 100 cm2 hot-leg break,validation,NPPAD_README_case_number
random,seed_20266975,20266975,FLB_73,FLB,73.0,% of 100 cm2 feedwater-line break,validation,NPPAD_README_case_number
random,seed_20266975,20266975,SLBIC_17,SLBIC,17.0,% of 100 cm2 inside-containment steam-line break,validation,NPPAD_README_case_number
random,seed_20266975,20266975,LOCAC_35,LOCAC,35.0,% of 100 cm2 cold-leg break,test,NPPAD_README_case_number
random,seed_20266975,20266975,SGBTR_58,SGBTR,58.0,% of one full steam-generator-B tube rupture,test,NPPAD_README_case_number
random,seed_20266975,20266975,FLB_4,FLB,4.0,% of 100 cm2 feedwater-line break,test,NPPAD_README_case_number
random,seed_20266975,20266975,SLBIC_48,SLBIC,48.0,% of 100 cm2 inside-containment steam-line break,test,NPPAD_README_case_number
random,seed_20266975,20266975,LOCAC_17,LOCAC,17.0,% of 100 cm2 cold-leg break,test,NPPAD_README_case_number
random,seed_20266975,20266975,SLBIC_56,SLBIC,56.0,% of 100 cm2 inside-containment steam-line break,test,NPPAD_README_case_number
random,seed_20266975,20266975,LOCA_17,LOCA,17.0,% of 100 cm2 hot-leg break,test,NPPAD_README_case_number
random,seed_20266975,20266975,SLBIC_66,SLBIC,66.0,% of 100 cm2 inside-containment steam-line break,test,NPPAD_README_case_number
random,seed_20266975,20266975,LOCA_4,LOCA,4.0,% of 100 cm2 hot-leg break,test,NPPAD_README_case_number
random,seed_20266975,20266975,LOCAC_27,LOCAC,27.0,% of 100 cm2 cold-leg break,test,NPPAD_README_case_number
random,seed_20266975,20266975,SGATR_91,SGATR,91.0,% of one full steam-generator-A tube rupture,test,NPPAD_README_case_number
random,seed_20266975,20266975,FLB_20,FLB,20.0,% of 100 cm2 feedwater-line break,test,NPPAD_README_case_number
random,seed_20266975,20266975,SLBIC_77,SLBIC,77.0,% of 100 cm2 inside-containment steam-line break,test,NPPAD_README_case_number
random,seed_20266975,20266975,SLBIC_18,SLBIC,18.0,% of 100 cm2 inside-containment steam-line break,test,NPPAD_README_case_number
random,seed_20266975,20266975,LOCAC_31,LOCAC,31.0,% of 100 cm2 cold-leg break,test,NPPAD_README_case_number
random,seed_20266975,20266975,LOCAC_71,LOCAC,71.0,% of 100 cm2 cold-leg break,test,NPPAD_README_case_number
random,seed_20266975,20266975,LOCA_54,LOCA,54.0,% of 100 cm2 hot-leg break,test,NPPAD_README_case_number
random,seed_20266975,20266975,RI_-27,RI,-27.0,% of rods inserted,test,NPPAD_README_case_number
random,seed_20266975,20266975,SGATR_86,SGATR,86.0,% of one full steam-generator-A tube rupture,test,NPPAD_README_case_number
random,seed_20266975,20266975,LOCA_68,LOCA,68.0,% of 100 cm2 hot-leg break,test,NPPAD_README_case_number
random,seed_20266975,20266975,LOCAC_75,LOCAC,75.0,% of 100 cm2 cold-leg break,test,NPPAD_README_case_number
random,seed_20266975,20266975,FLB_86,FLB,86.0,% of 100 cm2 feedwater-line break,test,NPPAD_README_case_number
random,seed_20266975,20266975,SLBIC_34,SLBIC,34.0,% of 100 cm2 inside-containment steam-line break,test,NPPAD_README_case_number
random,seed_20266975,20266975,RI_-26,RI,-26.0,% of rods inserted,test,NPPAD_README_case_number
random,seed_20266975,20266975,SLBIC_59,SLBIC,59.0,% of 100 cm2 inside-containment steam-line break,test,NPPAD_README_case_number
random,seed_20266975,20266975,FLB_26,FLB,26.0,% of 100 cm2 feedwater-line break,test,NPPAD_README_case_number
random,seed_20266975,20266975,LOCAC_45,LOCAC,45.0,% of 100 cm2 cold-leg break,test,NPPAD_README_case_number
random,seed_20266975,20266975,FLB_57,FLB,57.0,% of 100 cm2 feedwater-line break,test,NPPAD_README_case_number
random,seed_20266975,20266975,LOCAC_60,LOCAC,60.0,% of 100 cm2 cold-leg break,test,NPPAD_README_case_number
random,seed_20266975,20266975,LOCA_65,LOCA,65.0,% of 100 cm2 hot-leg break,test,NPPAD_README_case_number
random,seed_20266975,20266975,SGATR_67,SGATR,67.0,% of one full steam-generator-A tube rupture,test,NPPAD_README_case_number
random,seed_20266975,20266975,LOCA_3,LOCA,3.0,% of 100 cm2 hot-leg break,test,NPPAD_README_case_number
random,seed_20266975,20266975,SGBTR_92,SGBTR,92.0,% of one full steam-generator-B tube rupture,test,NPPAD_README_case_number
random,seed_20266975,20266975,RI_-17,RI,-17.0,% of rods inserted,test,NPPAD_README_case_number
random,seed_20266975,20266975,FLB_82,FLB,82.0,% of 100 cm2 feedwater-line break,test,NPPAD_README_case_number
random,seed_20266975,20266975,SGBTR_104,SGBTR,104.0,% of one full steam-generator-B tube rupture,test,NPPAD_README_case_number
random,seed_20266975,20266975,FLB_44,FLB,44.0,% of 100 cm2 feedwater-line break,test,NPPAD_README_case_number
random,seed_20266975,20266975,LOCA_76,LOCA,76.0,% of 100 cm2 hot-leg break,test,NPPAD_README_case_number
random,seed_20266975,20266975,LR_88,LR,88.0,% of full load rejected,test,NPPAD_README_case_number
random,seed_20266975,20266975,SLBIC_20,SLBIC,20.0,% of 100 cm2 inside-containment steam-line break,test,NPPAD_README_case_number
random,seed_20266975,20266975,SLBIC_64,SLBIC,64.0,% of 100 cm2 inside-containment steam-line break,test,NPPAD_README_case_number
random,seed_20266975,20266975,SLBIC_44,SLBIC,44.0,% of 100 cm2 inside-containment steam-line break,test,NPPAD_README_case_number
random,seed_20266975,20266975,SGBTR_110,SGBTR,110.0,% of one full steam-generator-B tube rupture,test,NPPAD_README_case_number
random,seed_20266975,20266975,LOCA_41,LOCA,41.0,% of 100 cm2 hot-leg break,test,NPPAD_README_case_number
random,seed_20266975,20266975,FLB_15,FLB,15.0,% of 100 cm2 feedwater-line break,test,NPPAD_README_case_number
random,seed_20266975,20266975,SGATR_62,SGATR,62.0,% of one full steam-generator-A tube rupture,test,NPPAD_README_case_number
random,seed_20266975,20266975,SGATR_69,SGATR,69.0,% of one full steam-generator-A tube rupture,test,NPPAD_README_case_number
random,seed_20266975,20266975,FLB_92,FLB,92.0,% of 100 cm2 feedwater-line break,test,NPPAD_README_case_number
random,seed_20266975,20266975,SLBIC_99,SLBIC,99.0,% of 100 cm2 inside-containment steam-line break,test,NPPAD_README_case_number
random,seed_20266975,20266975,SLBIC_75,SLBIC,75.0,% of 100 cm2 inside-containment steam-line break,test,NPPAD_README_case_number
random,seed_20266975,20266975,SLBIC_23,SLBIC,23.0,% of 100 cm2 inside-containment steam-line break,test,NPPAD_README_case_number
random,seed_20266975,20266975,SGATR_68,SGATR,68.0,% of one full steam-generator-A tube rupture,test,NPPAD_README_case_number
random,seed_20266975,20266975,FLB_35,FLB,35.0,% of 100 cm2 feedwater-line break,test,NPPAD_README_case_number
random,seed_20266975,20266975,RI_-34,RI,-34.0,% of rods inserted,test,NPPAD_README_case_number
random,seed_20266975,20266975,SGATR_80,SGATR,80.0,% of one full steam-generator-A tube rupture,test,NPPAD_README_case_number
random,seed_20266975,20266975,FLB_49,FLB,49.0,% of 100 cm2 feedwater-line break,test,NPPAD_README_case_number
random,seed_20266975,20266975,LOCAC_44,LOCAC,44.0,% of 100 cm2 cold-leg break,test,NPPAD_README_case_number
random,seed_20266975,20266975,SLBIC_33,SLBIC,33.0,% of 100 cm2 inside-containment steam-line break,test,NPPAD_README_case_number
random,seed_20266975,20266975,LOCAC_20,LOCAC,20.0,% of 100 cm2 cold-leg break,test,NPPAD_README_case_number
random,seed_20266975,20266975,FLB_80,FLB,80.0,% of 100 cm2 feedwater-line break,test,NPPAD_README_case_number
random,seed_20266975,20266975,SLBIC_26,SLBIC,26.0,% of 100 cm2 inside-containment steam-line break,test,NPPAD_README_case_number
random,seed_20266975,20266975,RI_-14,RI,-14.0,% of rods inserted,test,NPPAD_README_case_number
random,seed_20266975,20266975,RI_-8,RI,-8.0,% of rods inserted,test,NPPAD_README_case_number
random,seed_20266975,20266975,LOCA_56,LOCA,56.0,% of 100 cm2 hot-leg break,test,NPPAD_README_case_number
random,seed_20266975,20266975,SGBTR_87,SGBTR,87.0,% of one full steam-generator-B tube rupture,test,NPPAD_README_case_number
random,seed_20266975,20266975,LOCA_52,LOCA,52.0,% of 100 cm2 hot-leg break,test,NPPAD_README_case_number
random,seed_20266975,20266975,SLBIC_29,SLBIC,29.0,% of 100 cm2 inside-containment steam-line break,test,NPPAD_README_case_number
random,seed_20266975,20266975,LOCAC_41,LOCAC,41.0,% of 100 cm2 cold-leg break,test,NPPAD_README_case_number
random,seed_20266975,20266975,FLB_32,FLB,32.0,% of 100 cm2 feedwater-line break,test,NPPAD_README_case_number
random,seed_20266975,20266975,SGBTR_108,SGBTR,108.0,% of one full steam-generator-B tube rupture,test,NPPAD_README_case_number
random,seed_20266975,20266975,FLB_98,FLB,98.0,% of 100 cm2 feedwater-line break,test,NPPAD_README_case_number
random,seed_20266975,20266975,FLB_6,FLB,6.0,% of 100 cm2 feedwater-line break,test,NPPAD_README_case_number
random,seed_20266975,20266975,FLB_33,FLB,33.0,% of 100 cm2 feedwater-line break,test,NPPAD_README_case_number
random,seed_20266975,20266975,LOCA_13,LOCA,13.0,% of 100 cm2 hot-leg break,test,NPPAD_README_case_number
random,seed_20266975,20266975,LR_85,LR,85.0,% of full load rejected,test,NPPAD_README_case_number
random,seed_20266975,20266975,SGBTR_86,SGBTR,86.0,% of one full steam-generator-B tube rupture,test,NPPAD_README_case_number
random,seed_20266975,20266975,SGATR_58,SGATR,58.0,% of one full steam-generator-A tube rupture,test,NPPAD_README_case_number
random,seed_20266975,20266975,RI_-9,RI,-9.0,% of rods inserted,test,NPPAD_README_case_number
random,seed_20266975,20266975,SGATR_72,SGATR,72.0,% of one full steam-generator-A tube rupture,test,NPPAD_README_case_number
random,seed_20266975,20266975,SLBIC_72,SLBIC,72.0,% of 100 cm2 inside-containment steam-line break,test,NPPAD_README_case_number
random,seed_20266975,20266975,LOCAC_73,LOCAC,73.0,% of 100 cm2 cold-leg break,test,NPPAD_README_case_number
random,seed_20266975,20266975,SGBTR_84,SGBTR,84.0,% of one full steam-generator-B tube rupture,test,NPPAD_README_case_number
random,seed_20266975,20266975,FLB_51,FLB,51.0,% of 100 cm2 feedwater-line break,test,NPPAD_README_case_number
random,seed_20266975,20266975,LOCAC_68,LOCAC,68.0,% of 100 cm2 cold-leg break,test,NPPAD_README_case_number
random,seed_20266975,20266975,SGBTR_59,SGBTR,59.0,% of one full steam-generator-B tube rupture,test,NPPAD_README_case_number
random,seed_20266975,20266975,LOCA_67,LOCA,67.0,% of 100 cm2 hot-leg break,test,NPPAD_README_case_number
random,seed_20266975,20266975,SLBIC_90,SLBIC,90.0,% of 100 cm2 inside-containment steam-line break,test,NPPAD_README_case_number
random,seed_20266975,20266975,LOCA_38,LOCA,38.0,% of 100 cm2 hot-leg break,test,NPPAD_README_case_number
random,seed_20266975,20266975,LOCA_31,LOCA,31.0,% of 100 cm2 hot-leg break,test,NPPAD_README_case_number
random,seed_20266975,20266975,LR_74,LR,74.0,% of full load rejected,test,NPPAD_README_case_number
random,seed_20266975,20266975,LOCAC_1,LOCAC,1.0,% of 100 cm2 cold-leg break,test,NPPAD_README_case_number
random,seed_20266975,20266975,SGBTR_68,SGBTR,68.0,% of one full steam-generator-B tube rupture,test,NPPAD_README_case_number
random,seed_20266975,20266975,LR_84,LR,84.0,% of full load rejected,test,NPPAD_README_case_number
random,seed_20266975,20266975,FLB_72,FLB,72.0,% of 100 cm2 feedwater-line break,test,NPPAD_README_case_number
random,seed_20266975,20266975,LOCAC_38,LOCAC,38.0,% of 100 cm2 cold-leg break,test,NPPAD_README_case_number
random,seed_20266975,20266975,FLB_9,FLB,9.0,% of 100 cm2 feedwater-line break,test,NPPAD_README_case_number
random,seed_20266975,20266975,FLB_45,FLB,45.0,% of 100 cm2 feedwater-line break,test,NPPAD_README_case_number
random,seed_20266975,20266975,SGBTR_61,SGBTR,61.0,% of one full steam-generator-B tube rupture,test,NPPAD_README_case_number
random,seed_20266975,20266975,LOCA_62,LOCA,62.0,% of 100 cm2 hot-leg break,test,NPPAD_README_case_number
random,seed_20266975,20266975,LOCAC_56,LOCAC,56.0,% of 100 cm2 cold-leg break,test,NPPAD_README_case_number
random,seed_20266975,20266975,LR_99,LR,99.0,% of full load rejected,test,NPPAD_README_case_number
random,seed_20267984,20267984,LOCA_72,LOCA,72.0,% of 100 cm2 hot-leg break,train,NPPAD_README_case_number
random,seed_20267984,20267984,LOCA_9,LOCA,9.0,% of 100 cm2 hot-leg break,train,NPPAD_README_case_number
random,seed_20267984,20267984,LOCA_39,LOCA,39.0,% of 100 cm2 hot-leg break,train,NPPAD_README_case_number
random,seed_20267984,20267984,LOCAC_60,LOCAC,60.0,% of 100 cm2 cold-leg break,train,NPPAD_README_case_number
random,seed_20267984,20267984,SGBTR_60,SGBTR,60.0,% of one full steam-generator-B tube rupture,train,NPPAD_README_case_number
random,seed_20267984,20267984,SLBIC_32,SLBIC,32.0,% of 100 cm2 inside-containment steam-line break,train,NPPAD_README_case_number
random,seed_20267984,20267984,LR_71,LR,71.0,% of full load rejected,train,NPPAD_README_case_number
random,seed_20267984,20267984,LOCAC_16,LOCAC,16.0,% of 100 cm2 cold-leg break,train,NPPAD_README_case_number
random,seed_20267984,20267984,RI_-21,RI,-21.0,% of rods inserted,train,NPPAD_README_case_number
random,seed_20267984,20267984,SGATR_99,SGATR,99.0,% of one full steam-generator-A tube rupture,train,NPPAD_README_case_number
random,seed_20267984,20267984,SLBIC_96,SLBIC,96.0,% of 100 cm2 inside-containment steam-line break,train,NPPAD_README_case_number
random,seed_20267984,20267984,LOCA_60,LOCA,60.0,% of 100 cm2 hot-leg break,train,NPPAD_README_case_number
random,seed_20267984,20267984,LOCA_1,LOCA,1.0,% of 100 cm2 hot-leg break,train,NPPAD_README_case_number
random,seed_20267984,20267984,FLB_26,FLB,26.0,% of 100 cm2 feedwater-line break,train,NPPAD_README_case_number
random,seed_20267984,20267984,SLBIC_35,SLBIC,35.0,% of 100 cm2 inside-containment steam-line break,train,NPPAD_README_case_number
random,seed_20267984,20267984,RI_-22,RI,-22.0,% of rods inserted,train,NPPAD_README_case_number
random,seed_20267984,20267984,RI_-15,RI,-15.0,% of rods inserted,train,NPPAD_README_case_number
random,seed_20267984,20267984,LOCAC_58,LOCAC,58.0,% of 100 cm2 cold-leg break,train,NPPAD_README_case_number
random,seed_20267984,20267984,SGATR_84,SGATR,84.0,% of one full steam-generator-A tube rupture,train,NPPAD_README_case_number
random,seed_20267984,20267984,LOCAC_40,LOCAC,40.0,% of 100 cm2 cold-leg break,train,NPPAD_README_case_number
random,seed_20267984,20267984,FLB_11,FLB,11.0,% of 100 cm2 feedwater-line break,train,NPPAD_README_case_number
random,seed_20267984,20267984,LOCA_16,LOCA,16.0,% of 100 cm2 hot-leg break,train,NPPAD_README_case_number
random,seed_20267984,20267984,LOCA_64,LOCA,64.0,% of 100 cm2 hot-leg break,train,NPPAD_README_case_number
random,seed_20267984,20267984,SGBTR_108,SGBTR,108.0,% of one full steam-generator-B tube rupture,train,NPPAD_README_case_number
random,seed_20267984,20267984,SLBIC_85,SLBIC,85.0,% of 100 cm2 inside-containment steam-line break,train,NPPAD_README_case_number
random,seed_20267984,20267984,FLB_63,FLB,63.0,% of 100 cm2 feedwater-line break,train,NPPAD_README_case_number
random,seed_20267984,20267984,FLB_76,FLB,76.0,% of 100 cm2 feedwater-line break,train,NPPAD_README_case_number
random,seed_20267984,20267984,FLB_49,FLB,49.0,% of 100 cm2 feedwater-line break,train,NPPAD_README_case_number
random,seed_20267984,20267984,LOCAC_54,LOCAC,54.0,% of 100 cm2 cold-leg break,train,NPPAD_README_case_number
random,seed_20267984,20267984,SLBIC_71,SLBIC,71.0,% of 100 cm2 inside-containment steam-line break,train,NPPAD_README_case_number
random,seed_20267984,20267984,LR_73,LR,73.0,% of full load rejected,train,NPPAD_README_case_number
random,seed_20267984,20267984,SLBIC_52,SLBIC,52.0,% of 100 cm2 inside-containment steam-line break,train,NPPAD_README_case_number
random,seed_20267984,20267984,FLB_87,FLB,87.0,% of 100 cm2 feedwater-line break,train,NPPAD_README_case_number
random,seed_20267984,20267984,LOCAC_11,LOCAC,11.0,% of 100 cm2 cold-leg break,train,NPPAD_README_case_number
random,seed_20267984,20267984,FLB_9,FLB,9.0,% of 100 cm2 feedwater-line break,train,NPPAD_README_case_number
random,seed_20267984,20267984,SGBTR_82,SGBTR,82.0,% of one full steam-generator-B tube rupture,train,NPPAD_README_case_number
random,seed_20267984,20267984,SGATR_57,SGATR,57.0,% of one full steam-generator-A tube rupture,train,NPPAD_README_case_number
random,seed_20267984,20267984,LOCA_5,LOCA,5.0,% of 100 cm2 hot-leg break,train,NPPAD_README_case_number
random,seed_20267984,20267984,LR_85,LR,85.0,% of full load rejected,train,NPPAD_README_case_number
random,seed_20267984,20267984,SGATR_70,SGATR,70.0,% of one full steam-generator-A tube rupture,train,NPPAD_README_case_number
random,seed_20267984,20267984,FLB_7,FLB,7.0,% of 100 cm2 feedwater-line break,train,NPPAD_README_case_number
random,seed_20267984,20267984,LOCA_69,LOCA,69.0,% of 100 cm2 hot-leg break,train,NPPAD_README_case_number
random,seed_20267984,20267984,LOCA_49,LOCA,49.0,% of 100 cm2 hot-leg break,train,NPPAD_README_case_number
random,seed_20267984,20267984,LOCA_50,LOCA,50.0,% of 100 cm2 hot-leg break,train,NPPAD_README_case_number
random,seed_20267984,20267984,SLBIC_73,SLBIC,73.0,% of 100 cm2 inside-containment steam-line break,train,NPPAD_README_case_number
random,seed_20267984,20267984,FLB_60,FLB,60.0,% of 100 cm2 feedwater-line break,train,NPPAD_README_case_number
random,seed_20267984,20267984,LOCAC_15,LOCAC,15.0,% of 100 cm2 cold-leg break,train,NPPAD_README_case_number
random,seed_20267984,20267984,LOCA_3,LOCA,3.0,% of 100 cm2 hot-leg break,train,NPPAD_README_case_number
random,seed_20267984,20267984,LOCA_58,LOCA,58.0,% of 100 cm2 hot-leg break,train,NPPAD_README_case_number
random,seed_20267984,20267984,LOCA_24,LOCA,24.0,% of 100 cm2 hot-leg break,train,NPPAD_README_case_number
random,seed_20267984,20267984,SGBTR_91,SGBTR,91.0,% of one full steam-generator-B tube rupture,train,NPPAD_README_case_number
random,seed_20267984,20267984,LOCAC_4,LOCAC,4.0,% of 100 cm2 cold-leg break,train,NPPAD_README_case_number
random,seed_20267984,20267984,FLB_77,FLB,77.0,% of 100 cm2 feedwater-line break,train,NPPAD_README_case_number
random,seed_20267984,20267984,LR_79,LR,79.0,% of full load rejected,train,NPPAD_README_case_number
random,seed_20267984,20267984,FLB_13,FLB,13.0,% of 100 cm2 feedwater-line break,train,NPPAD_README_case_number
random,seed_20267984,20267984,LOCA_63,LOCA,63.0,% of 100 cm2 hot-leg break,train,NPPAD_README_case_number
random,seed_20267984,20267984,SLBIC_92,SLBIC,92.0,% of 100 cm2 inside-containment steam-line break,train,NPPAD_README_case_number
random,seed_20267984,20267984,LOCA_47,LOCA,47.0,% of 100 cm2 hot-leg break,train,NPPAD_README_case_number
random,seed_20267984,20267984,SGATR_58,SGATR,58.0,% of one full steam-generator-A tube rupture,train,NPPAD_README_case_number
random,seed_20267984,20267984,SGBTR_68,SGBTR,68.0,% of one full steam-generator-B tube rupture,train,NPPAD_README_case_number
random,seed_20267984,20267984,LOCAC_24,LOCAC,24.0,% of 100 cm2 cold-leg break,train,NPPAD_README_case_number
random,seed_20267984,20267984,FLB_6,FLB,6.0,% of 100 cm2 feedwater-line break,train,NPPAD_README_case_number
random,seed_20267984,20267984,LOCAC_27,LOCAC,27.0,% of 100 cm2 cold-leg break,train,NPPAD_README_case_number
random,seed_20267984,20267984,SLBIC_58,SLBIC,58.0,% of 100 cm2 inside-containment steam-line break,train,NPPAD_README_case_number
random,seed_20267984,20267984,SLBIC_61,SLBIC,61.0,% of 100 cm2 inside-containment steam-line break,train,NPPAD_README_case_number
random,seed_20267984,20267984,SLBIC_55,SLBIC,55.0,% of 100 cm2 inside-containment steam-line break,train,NPPAD_README_case_number
random,seed_20267984,20267984,FLB_4,FLB,4.0,% of 100 cm2 feedwater-line break,train,NPPAD_README_case_number
random,seed_20267984,20267984,RI_-5,RI,-5.0,% of rods inserted,train,NPPAD_README_case_number
random,seed_20267984,20267984,SLBIC_56,SLBIC,56.0,% of 100 cm2 inside-containment steam-line break,train,NPPAD_README_case_number
random,seed_20267984,20267984,LR_83,LR,83.0,% of full load rejected,train,NPPAD_README_case_number
random,seed_20267984,20267984,LOCAC_41,LOCAC,41.0,% of 100 cm2 cold-leg break,train,NPPAD_README_case_number
random,seed_20267984,20267984,LOCAC_19,LOCAC,19.0,% of 100 cm2 cold-leg break,train,NPPAD_README_case_number
random,seed_20267984,20267984,SGBTR_99,SGBTR,99.0,% of one full steam-generator-B tube rupture,train,NPPAD_README_case_number
random,seed_20267984,20267984,LOCAC_62,LOCAC,62.0,% of 100 cm2 cold-leg break,train,NPPAD_README_case_number
random,seed_20267984,20267984,LOCA_2,LOCA,2.0,% of 100 cm2 hot-leg break,train,NPPAD_README_case_number
random,seed_20267984,20267984,SGBTR_63,SGBTR,63.0,% of one full steam-generator-B tube rupture,train,NPPAD_README_case_number
random,seed_20267984,20267984,RI_-16,RI,-16.0,% of rods inserted,train,NPPAD_README_case_number
random,seed_20267984,20267984,LOCAC_5,LOCAC,5.0,% of 100 cm2 cold-leg break,train,NPPAD_README_case_number
random,seed_20267984,20267984,SGATR_83,SGATR,83.0,% of one full steam-generator-A tube rupture,train,NPPAD_README_case_number
random,seed_20267984,20267984,LOCA_61,LOCA,61.0,% of 100 cm2 hot-leg break,train,NPPAD_README_case_number
random,seed_20267984,20267984,SLBIC_76,SLBIC,76.0,% of 100 cm2 inside-containment steam-line break,train,NPPAD_README_case_number
random,seed_20267984,20267984,SGATR_78,SGATR,78.0,% of one full steam-generator-A tube rupture,train,NPPAD_README_case_number
random,seed_20267984,20267984,SLBIC_24,SLBIC,24.0,% of 100 cm2 inside-containment steam-line break,train,NPPAD_README_case_number
random,seed_20267984,20267984,SLBIC_50,SLBIC,50.0,% of 100 cm2 inside-containment steam-line break,train,NPPAD_README_case_number
random,seed_20267984,20267984,SLBIC_46,SLBIC,46.0,% of 100 cm2 inside-containment steam-line break,train,NPPAD_README_case_number
random,seed_20267984,20267984,SGATR_64,SGATR,64.0,% of one full steam-generator-A tube rupture,train,NPPAD_README_case_number
random,seed_20267984,20267984,SLBIC_40,SLBIC,40.0,% of 100 cm2 inside-containment steam-line break,train,NPPAD_README_case_number
random,seed_20267984,20267984,LOCAC_57,LOCAC,57.0,% of 100 cm2 cold-leg break,train,NPPAD_README_case_number
random,seed_20267984,20267984,RI_-26,RI,-26.0,% of rods inserted,train,NPPAD_README_case_number
random,seed_20267984,20267984,RI_-12,RI,-12.0,% of rods inserted,train,NPPAD_README_case_number
random,seed_20267984,20267984,SLBIC_20,SLBIC,20.0,% of 100 cm2 inside-containment steam-line break,train,NPPAD_README_case_number
random,seed_20267984,20267984,FLB_89,FLB,89.0,% of 100 cm2 feedwater-line break,train,NPPAD_README_case_number
random,seed_20267984,20267984,FLB_69,FLB,69.0,% of 100 cm2 feedwater-line break,train,NPPAD_README_case_number
random,seed_20267984,20267984,FLB_58,FLB,58.0,% of 100 cm2 feedwater-line break,train,NPPAD_README_case_number
random,seed_20267984,20267984,FLB_24,FLB,24.0,% of 100 cm2 feedwater-line break,train,NPPAD_README_case_number
random,seed_20267984,20267984,LOCAC_6,LOCAC,6.0,% of 100 cm2 cold-leg break,train,NPPAD_README_case_number
random,seed_20267984,20267984,SGBTR_61,SGBTR,61.0,% of one full steam-generator-B tube rupture,train,NPPAD_README_case_number
random,seed_20267984,20267984,LOCAC_2,LOCAC,2.0,% of 100 cm2 cold-leg break,train,NPPAD_README_case_number
random,seed_20267984,20267984,LOCAC_33,LOCAC,33.0,% of 100 cm2 cold-leg break,train,NPPAD_README_case_number
random,seed_20267984,20267984,SGBTR_76,SGBTR,76.0,% of one full steam-generator-B tube rupture,train,NPPAD_README_case_number
random,seed_20267984,20267984,FLB_10,FLB,10.0,% of 100 cm2 feedwater-line break,train,NPPAD_README_case_number
random,seed_20267984,20267984,FLB_95,FLB,95.0,% of 100 cm2 feedwater-line break,train,NPPAD_README_case_number
random,seed_20267984,20267984,FLB_73,FLB,73.0,% of 100 cm2 feedwater-line break,train,NPPAD_README_case_number
random,seed_20267984,20267984,FLB_23,FLB,23.0,% of 100 cm2 feedwater-line break,train,NPPAD_README_case_number
random,seed_20267984,20267984,LR_88,LR,88.0,% of full load rejected,train,NPPAD_README_case_number
random,seed_20267984,20267984,LOCAC_61,LOCAC,61.0,% of 100 cm2 cold-leg break,train,NPPAD_README_case_number
random,seed_20267984,20267984,LOCA_25,LOCA,25.0,% of 100 cm2 hot-leg break,train,NPPAD_README_case_number
random,seed_20267984,20267984,SLBIC_93,SLBIC,93.0,% of 100 cm2 inside-containment steam-line break,train,NPPAD_README_case_number
random,seed_20267984,20267984,LOCAC_18,LOCAC,18.0,% of 100 cm2 cold-leg break,train,NPPAD_README_case_number
random,seed_20267984,20267984,SGBTR_80,SGBTR,80.0,% of one full steam-generator-B tube rupture,train,NPPAD_README_case_number
random,seed_20267984,20267984,SLBIC_80,SLBIC,80.0,% of 100 cm2 inside-containment steam-line break,train,NPPAD_README_case_number
random,seed_20267984,20267984,SGBTR_95,SGBTR,95.0,% of one full steam-generator-B tube rupture,train,NPPAD_README_case_number
random,seed_20267984,20267984,FLB_34,FLB,34.0,% of 100 cm2 feedwater-line break,train,NPPAD_README_case_number
random,seed_20267984,20267984,FLB_28,FLB,28.0,% of 100 cm2 feedwater-line break,train,NPPAD_README_case_number
random,seed_20267984,20267984,SLBIC_47,SLBIC,47.0,% of 100 cm2 inside-containment steam-line break,train,NPPAD_README_case_number
random,seed_20267984,20267984,LOCA_76,LOCA,76.0,% of 100 cm2 hot-leg break,train,NPPAD_README_case_number
random,seed_20267984,20267984,SGATR_65,SGATR,65.0,% of one full steam-generator-A tube rupture,train,NPPAD_README_case_number
random,seed_20267984,20267984,LOCAC_75,LOCAC,75.0,% of 100 cm2 cold-leg break,train,NPPAD_README_case_number
random,seed_20267984,20267984,SGBTR_84,SGBTR,84.0,% of one full steam-generator-B tube rupture,train,NPPAD_README_case_number
random,seed_20267984,20267984,SGATR_88,SGATR,88.0,% of one full steam-generator-A tube rupture,train,NPPAD_README_case_number
random,seed_20267984,20267984,LOCAC_66,LOCAC,66.0,% of 100 cm2 cold-leg break,train,NPPAD_README_case_number
random,seed_20267984,20267984,SLBIC_65,SLBIC,65.0,% of 100 cm2 inside-containment steam-line break,train,NPPAD_README_case_number
random,seed_20267984,20267984,LOCAC_55,LOCAC,55.0,% of 100 cm2 cold-leg break,train,NPPAD_README_case_number
random,seed_20267984,20267984,SGBTR_87,SGBTR,87.0,% of one full steam-generator-B tube rupture,train,NPPAD_README_case_number
random,seed_20267984,20267984,SGBTR_102,SGBTR,102.0,% of one full steam-generator-B tube rupture,train,NPPAD_README_case_number
random,seed_20267984,20267984,LR_94,LR,94.0,% of full load rejected,train,NPPAD_README_case_number
random,seed_20267984,20267984,FLB_29,FLB,29.0,% of 100 cm2 feedwater-line break,train,NPPAD_README_case_number
random,seed_20267984,20267984,FLB_15,FLB,15.0,% of 100 cm2 feedwater-line break,train,NPPAD_README_case_number
random,seed_20267984,20267984,SGATR_77,SGATR,77.0,% of one full steam-generator-A tube rupture,train,NPPAD_README_case_number
random,seed_20267984,20267984,LOCA_27,LOCA,27.0,% of 100 cm2 hot-leg break,train,NPPAD_README_case_number
random,seed_20267984,20267984,SGATR_66,SGATR,66.0,% of one full steam-generator-A tube rupture,train,NPPAD_README_case_number
random,seed_20267984,20267984,LOCAC_38,LOCAC,38.0,% of 100 cm2 cold-leg break,train,NPPAD_README_case_number
random,seed_20267984,20267984,RI_-1,RI,-1.0,% of rods inserted,train,NPPAD_README_case_number
random,seed_20267984,20267984,SGATR_73,SGATR,73.0,% of one full steam-generator-A tube rupture,train,NPPAD_README_case_number
random,seed_20267984,20267984,FLB_88,FLB,88.0,% of 100 cm2 feedwater-line break,train,NPPAD_README_case_number
random,seed_20267984,20267984,LOCAC_21,LOCAC,21.0,% of 100 cm2 cold-leg break,train,NPPAD_README_case_number
random,seed_20267984,20267984,RI_-8,RI,-8.0,% of rods inserted,train,NPPAD_README_case_number
random,seed_20267984,20267984,FLB_38,FLB,38.0,% of 100 cm2 feedwater-line break,train,NPPAD_README_case_number
random,seed_20267984,20267984,SGBTR_89,SGBTR,89.0,% of one full steam-generator-B tube rupture,train,NPPAD_README_case_number
random,seed_20267984,20267984,SGBTR_83,SGBTR,83.0,% of one full steam-generator-B tube rupture,train,NPPAD_README_case_number
random,seed_20267984,20267984,LOCAC_25,LOCAC,25.0,% of 100 cm2 cold-leg break,train,NPPAD_README_case_number
random,seed_20267984,20267984,LOCAC_20,LOCAC,20.0,% of 100 cm2 cold-leg break,train,NPPAD_README_case_number
random,seed_20267984,20267984,LOCA_74,LOCA,74.0,% of 100 cm2 hot-leg break,train,NPPAD_README_case_number
random,seed_20267984,20267984,FLB_68,FLB,68.0,% of 100 cm2 feedwater-line break,train,NPPAD_README_case_number
random,seed_20267984,20267984,LOCAC_7,LOCAC,7.0,% of 100 cm2 cold-leg break,train,NPPAD_README_case_number
random,seed_20267984,20267984,LR_93,LR,93.0,% of full load rejected,train,NPPAD_README_case_number
random,seed_20267984,20267984,LOCA_55,LOCA,55.0,% of 100 cm2 hot-leg break,train,NPPAD_README_case_number
random,seed_20267984,20267984,LOCAC_13,LOCAC,13.0,% of 100 cm2 cold-leg break,train,NPPAD_README_case_number
random,seed_20267984,20267984,SLBIC_94,SLBIC,94.0,% of 100 cm2 inside-containment steam-line break,train,NPPAD_README_case_number
random,seed_20267984,20267984,SGBTR_81,SGBTR,81.0,% of one full steam-generator-B tube rupture,train,NPPAD_README_case_number
random,seed_20267984,20267984,SGBTR_70,SGBTR,70.0,% of one full steam-generator-B tube rupture,train,NPPAD_README_case_number
random,seed_20267984,20267984,LR_87,LR,87.0,% of full load rejected,train,NPPAD_README_case_number
random,seed_20267984,20267984,FLB_54,FLB,54.0,% of 100 cm2 feedwater-line break,train,NPPAD_README_case_number
random,seed_20267984,20267984,RI_-2,RI,-2.0,% of rods inserted,train,NPPAD_README_case_number
random,seed_20267984,20267984,SLBIC_88,SLBIC,88.0,% of 100 cm2 inside-containment steam-line break,train,NPPAD_README_case_number
random,seed_20267984,20267984,FLB_25,FLB,25.0,% of 100 cm2 feedwater-line break,train,NPPAD_README_case_number
random,seed_20267984,20267984,LOCAC_45,LOCAC,45.0,% of 100 cm2 cold-leg break,train,NPPAD_README_case_number
random,seed_20267984,20267984,SLBIC_37,SLBIC,37.0,% of 100 cm2 inside-containment steam-line break,train,NPPAD_README_case_number
random,seed_20267984,20267984,SGBTR_71,SGBTR,71.0,% of one full steam-generator-B tube rupture,train,NPPAD_README_case_number
random,seed_20267984,20267984,RI_-13,RI,-13.0,% of rods inserted,train,NPPAD_README_case_number
random,seed_20267984,20267984,SGBTR_85,SGBTR,85.0,% of one full steam-generator-B tube rupture,train,NPPAD_README_case_number
random,seed_20267984,20267984,RI_-6,RI,-6.0,% of rods inserted,train,NPPAD_README_case_number
random,seed_20267984,20267984,LOCA_23,LOCA,23.0,% of 100 cm2 hot-leg break,train,NPPAD_README_case_number
random,seed_20267984,20267984,LOCA_36,LOCA,36.0,% of 100 cm2 hot-leg break,train,NPPAD_README_case_number
random,seed_20267984,20267984,SGATR_63,SGATR,63.0,% of one full steam-generator-A tube rupture,train,NPPAD_README_case_number
random,seed_20267984,20267984,SGBTR_93,SGBTR,93.0,% of one full steam-generator-B tube rupture,train,NPPAD_README_case_number
random,seed_20267984,20267984,LOCA_35,LOCA,35.0,% of 100 cm2 hot-leg break,train,NPPAD_README_case_number
random,seed_20267984,20267984,FLB_75,FLB,75.0,% of 100 cm2 feedwater-line break,train,NPPAD_README_case_number
random,seed_20267984,20267984,LOCAC_10,LOCAC,10.0,% of 100 cm2 cold-leg break,train,NPPAD_README_case_number
random,seed_20267984,20267984,SGBTR_88,SGBTR,88.0,% of one full steam-generator-B tube rupture,train,NPPAD_README_case_number
random,seed_20267984,20267984,FLB_83,FLB,83.0,% of 100 cm2 feedwater-line break,train,NPPAD_README_case_number
random,seed_20267984,20267984,LOCAC_39,LOCAC,39.0,% of 100 cm2 cold-leg break,train,NPPAD_README_case_number
random,seed_20267984,20267984,SLBIC_101,SLBIC,101.0,% of 100 cm2 inside-containment steam-line break,train,NPPAD_README_case_number
random,seed_20267984,20267984,LOCA_62,LOCA,62.0,% of 100 cm2 hot-leg break,train,NPPAD_README_case_number
random,seed_20267984,20267984,SLBIC_95,SLBIC,95.0,% of 100 cm2 inside-containment steam-line break,train,NPPAD_README_case_number
random,seed_20267984,20267984,LOCAC_72,LOCAC,72.0,% of 100 cm2 cold-leg break,train,NPPAD_README_case_number
random,seed_20267984,20267984,FLB_67,FLB,67.0,% of 100 cm2 feedwater-line break,train,NPPAD_README_case_number
random,seed_20267984,20267984,SLBIC_100,SLBIC,100.0,% of 100 cm2 inside-containment steam-line break,train,NPPAD_README_case_number
random,seed_20267984,20267984,LOCA_20,LOCA,20.0,% of 100 cm2 hot-leg break,train,NPPAD_README_case_number
random,seed_20267984,20267984,LOCA_18,LOCA,18.0,% of 100 cm2 hot-leg break,train,NPPAD_README_case_number
random,seed_20267984,20267984,LR_81,LR,81.0,% of full load rejected,train,NPPAD_README_case_number
random,seed_20267984,20267984,SLBIC_23,SLBIC,23.0,% of 100 cm2 inside-containment steam-line break,train,NPPAD_README_case_number
random,seed_20267984,20267984,LOCA_11,LOCA,11.0,% of 100 cm2 hot-leg break,train,NPPAD_README_case_number
random,seed_20267984,20267984,LOCAC_56,LOCAC,56.0,% of 100 cm2 cold-leg break,train,NPPAD_README_case_number
random,seed_20267984,20267984,RI_-11,RI,-11.0,% of rods inserted,train,NPPAD_README_case_number
random,seed_20267984,20267984,SGBTR_92,SGBTR,92.0,% of one full steam-generator-B tube rupture,train,NPPAD_README_case_number
random,seed_20267984,20267984,LOCA_73,LOCA,73.0,% of 100 cm2 hot-leg break,train,NPPAD_README_case_number
random,seed_20267984,20267984,FLB_36,FLB,36.0,% of 100 cm2 feedwater-line break,train,NPPAD_README_case_number
random,seed_20267984,20267984,LOCA_65,LOCA,65.0,% of 100 cm2 hot-leg break,train,NPPAD_README_case_number
random,seed_20267984,20267984,LOCA_42,LOCA,42.0,% of 100 cm2 hot-leg break,train,NPPAD_README_case_number
random,seed_20267984,20267984,LOCAC_50,LOCAC,50.0,% of 100 cm2 cold-leg break,train,NPPAD_README_case_number
random,seed_20267984,20267984,FLB_84,FLB,84.0,% of 100 cm2 feedwater-line break,train,NPPAD_README_case_number
random,seed_20267984,20267984,RI_-9,RI,-9.0,% of rods inserted,train,NPPAD_README_case_number
random,seed_20267984,20267984,SGBTR_67,SGBTR,67.0,% of one full steam-generator-B tube rupture,train,NPPAD_README_case_number
random,seed_20267984,20267984,LR_78,LR,78.0,% of full load rejected,train,NPPAD_README_case_number
random,seed_20267984,20267984,LOCA_33,LOCA,33.0,% of 100 cm2 hot-leg break,train,NPPAD_README_case_number
random,seed_20267984,20267984,SLBIC_25,SLBIC,25.0,% of 100 cm2 inside-containment steam-line break,train,NPPAD_README_case_number
random,seed_20267984,20267984,SLBIC_29,SLBIC,29.0,% of 100 cm2 inside-containment steam-line break,train,NPPAD_README_case_number
random,seed_20267984,20267984,SGATR_98,SGATR,98.0,% of one full steam-generator-A tube rupture,train,NPPAD_README_case_number
random,seed_20267984,20267984,SLBIC_38,SLBIC,38.0,% of 100 cm2 inside-containment steam-line break,train,NPPAD_README_case_number
random,seed_20267984,20267984,RI_-10,RI,-10.0,% of rods inserted,train,NPPAD_README_case_number
random,seed_20267984,20267984,FLB_62,FLB,62.0,% of 100 cm2 feedwater-line break,train,NPPAD_README_case_number
random,seed_20267984,20267984,LOCAC_65,LOCAC,65.0,% of 100 cm2 cold-leg break,train,NPPAD_README_case_number
random,seed_20267984,20267984,SLBIC_67,SLBIC,67.0,% of 100 cm2 inside-containment steam-line break,train,NPPAD_README_case_number
random,seed_20267984,20267984,SGBTR_75,SGBTR,75.0,% of one full steam-generator-B tube rupture,train,NPPAD_README_case_number
random,seed_20267984,20267984,SLBIC_54,SLBIC,54.0,% of 100 cm2 inside-containment steam-line break,train,NPPAD_README_case_number
random,seed_20267984,20267984,FLB_71,FLB,71.0,% of 100 cm2 feedwater-line break,train,NPPAD_README_case_number
random,seed_20267984,20267984,LOCA_19,LOCA,19.0,% of 100 cm2 hot-leg break,train,NPPAD_README_case_number
random,seed_20267984,20267984,SGATR_86,SGATR,86.0,% of one full steam-generator-A tube rupture,train,NPPAD_README_case_number
random,seed_20267984,20267984,SGATR_59,SGATR,59.0,% of one full steam-generator-A tube rupture,train,NPPAD_README_case_number
random,seed_20267984,20267984,LR_80,LR,80.0,% of full load rejected,train,NPPAD_README_case_number
random,seed_20267984,20267984,FLB_44,FLB,44.0,% of 100 cm2 feedwater-line break,train,NPPAD_README_case_number
random,seed_20267984,20267984,SGATR_68,SGATR,68.0,% of one full steam-generator-A tube rupture,train,NPPAD_README_case_number
random,seed_20267984,20267984,RI_-25,RI,-25.0,% of rods inserted,train,NPPAD_README_case_number
random,seed_20267984,20267984,SGBTR_109,SGBTR,109.0,% of one full steam-generator-B tube rupture,train,NPPAD_README_case_number
random,seed_20267984,20267984,FLB_53,FLB,53.0,% of 100 cm2 feedwater-line break,train,NPPAD_README_case_number
random,seed_20267984,20267984,SGATR_80,SGATR,80.0,% of one full steam-generator-A tube rupture,train,NPPAD_README_case_number
random,seed_20267984,20267984,FLB_48,FLB,48.0,% of 100 cm2 feedwater-line break,train,NPPAD_README_case_number
random,seed_20267984,20267984,LOCAC_35,LOCAC,35.0,% of 100 cm2 cold-leg break,train,NPPAD_README_case_number
random,seed_20267984,20267984,FLB_94,FLB,94.0,% of 100 cm2 feedwater-line break,train,NPPAD_README_case_number
random,seed_20267984,20267984,LOCA_38,LOCA,38.0,% of 100 cm2 hot-leg break,train,NPPAD_README_case_number
random,seed_20267984,20267984,LOCAC_70,LOCAC,70.0,% of 100 cm2 cold-leg break,train,NPPAD_README_case_number
random,seed_20267984,20267984,SGATR_82,SGATR,82.0,% of one full steam-generator-A tube rupture,train,NPPAD_README_case_number
random,seed_20267984,20267984,LR_84,LR,84.0,% of full load rejected,train,NPPAD_README_case_number
random,seed_20267984,20267984,LOCAC_14,LOCAC,14.0,% of 100 cm2 cold-leg break,train,NPPAD_README_case_number
random,seed_20267984,20267984,SLBIC_19,SLBIC,19.0,% of 100 cm2 inside-containment steam-line break,train,NPPAD_README_case_number
random,seed_20267984,20267984,LOCA_77,LOCA,77.0,% of 100 cm2 hot-leg break,train,NPPAD_README_case_number
random,seed_20267984,20267984,LOCAC_29,LOCAC,29.0,% of 100 cm2 cold-leg break,train,NPPAD_README_case_number
random,seed_20267984,20267984,LOCAC_59,LOCAC,59.0,% of 100 cm2 cold-leg break,train,NPPAD_README_case_number
random,seed_20267984,20267984,LOCA_40,LOCA,40.0,% of 100 cm2 hot-leg break,train,NPPAD_README_case_number
random,seed_20267984,20267984,SGBTR_57,SGBTR,57.0,% of one full steam-generator-B tube rupture,train,NPPAD_README_case_number
random,seed_20267984,20267984,FLB_90,FLB,90.0,% of 100 cm2 feedwater-line break,train,NPPAD_README_case_number
random,seed_20267984,20267984,LOCA_26,LOCA,26.0,% of 100 cm2 hot-leg break,train,NPPAD_README_case_number
random,seed_20267984,20267984,LR_74,LR,74.0,% of full load rejected,train,NPPAD_README_case_number
random,seed_20267984,20267984,LR_89,LR,89.0,% of full load rejected,train,NPPAD_README_case_number
random,seed_20267984,20267984,RW_3,RW,3.0,% of rods withdrawn,train,NPPAD_README_case_number
random,seed_20267984,20267984,LOCAC_68,LOCAC,68.0,% of 100 cm2 cold-leg break,train,NPPAD_README_case_number
random,seed_20267984,20267984,FLB_2,FLB,2.0,% of 100 cm2 feedwater-line break,train,NPPAD_README_case_number
random,seed_20267984,20267984,SLBIC_28,SLBIC,28.0,% of 100 cm2 inside-containment steam-line break,train,NPPAD_README_case_number
random,seed_20267984,20267984,SGBTR_72,SGBTR,72.0,% of one full steam-generator-B tube rupture,train,NPPAD_README_case_number
random,seed_20267984,20267984,LOCA_17,LOCA,17.0,% of 100 cm2 hot-leg break,train,NPPAD_README_case_number
random,seed_20267984,20267984,SGATR_67,SGATR,67.0,% of one full steam-generator-A tube rupture,train,NPPAD_README_case_number
random,seed_20267984,20267984,SLBIC_48,SLBIC,48.0,% of 100 cm2 inside-containment steam-line break,train,NPPAD_README_case_number
random,seed_20267984,20267984,FLB_21,FLB,21.0,% of 100 cm2 feedwater-line break,train,NPPAD_README_case_number
random,seed_20267984,20267984,SGATR_71,SGATR,71.0,% of one full steam-generator-A tube rupture,train,NPPAD_README_case_number
random,seed_20267984,20267984,FLB_32,FLB,32.0,% of 100 cm2 feedwater-line break,train,NPPAD_README_case_number
random,seed_20267984,20267984,SGATR_81,SGATR,81.0,% of one full steam-generator-A tube rupture,train,NPPAD_README_case_number
random,seed_20267984,20267984,FLB_46,FLB,46.0,% of 100 cm2 feedwater-line break,train,NPPAD_README_case_number
random,seed_20267984,20267984,SGBTR_74,SGBTR,74.0,% of one full steam-generator-B tube rupture,train,NPPAD_README_case_number
random,seed_20267984,20267984,FLB_20,FLB,20.0,% of 100 cm2 feedwater-line break,train,NPPAD_README_case_number
random,seed_20267984,20267984,SGATR_89,SGATR,89.0,% of one full steam-generator-A tube rupture,train,NPPAD_README_case_number
random,seed_20267984,20267984,SLBIC_89,SLBIC,89.0,% of 100 cm2 inside-containment steam-line break,train,NPPAD_README_case_number
random,seed_20267984,20267984,FLB_91,FLB,91.0,% of 100 cm2 feedwater-line break,train,NPPAD_README_case_number
random,seed_20267984,20267984,LR_98,LR,98.0,% of full load rejected,train,NPPAD_README_case_number
random,seed_20267984,20267984,SLBIC_51,SLBIC,51.0,% of 100 cm2 inside-containment steam-line break,train,NPPAD_README_case_number
random,seed_20267984,20267984,SLBIC_64,SLBIC,64.0,% of 100 cm2 inside-containment steam-line break,train,NPPAD_README_case_number
random,seed_20267984,20267984,SLBIC_81,SLBIC,81.0,% of 100 cm2 inside-containment steam-line break,train,NPPAD_README_case_number
random,seed_20267984,20267984,SGATR_96,SGATR,96.0,% of one full steam-generator-A tube rupture,train,NPPAD_README_case_number
random,seed_20267984,20267984,RW_1,RW,1.0,% of rods withdrawn,train,NPPAD_README_case_number
random,seed_20267984,20267984,LR_95,LR,95.0,% of full load rejected,train,NPPAD_README_case_number
random,seed_20267984,20267984,FLB_17,FLB,17.0,% of 100 cm2 feedwater-line break,train,NPPAD_README_case_number
random,seed_20267984,20267984,FLB_72,FLB,72.0,% of 100 cm2 feedwater-line break,train,NPPAD_README_case_number
random,seed_20267984,20267984,SLBIC_36,SLBIC,36.0,% of 100 cm2 inside-containment steam-line break,train,NPPAD_README_case_number
random,seed_20267984,20267984,FLB_66,FLB,66.0,% of 100 cm2 feedwater-line break,train,NPPAD_README_case_number
random,seed_20267984,20267984,FLB_100,FLB,100.0,% of 100 cm2 feedwater-line break,train,NPPAD_README_case_number
random,seed_20267984,20267984,FLB_55,FLB,55.0,% of 100 cm2 feedwater-line break,train,NPPAD_README_case_number
random,seed_20267984,20267984,LOCA_44,LOCA,44.0,% of 100 cm2 hot-leg break,train,NPPAD_README_case_number
random,seed_20267984,20267984,FLB_81,FLB,81.0,% of 100 cm2 feedwater-line break,train,NPPAD_README_case_number
random,seed_20267984,20267984,SLBIC_27,SLBIC,27.0,% of 100 cm2 inside-containment steam-line break,train,NPPAD_README_case_number
random,seed_20267984,20267984,SLBIC_84,SLBIC,84.0,% of 100 cm2 inside-containment steam-line break,train,NPPAD_README_case_number
random,seed_20267984,20267984,SGBTR_86,SGBTR,86.0,% of one full steam-generator-B tube rupture,train,NPPAD_README_case_number
random,seed_20267984,20267984,SGBTR_58,SGBTR,58.0,% of one full steam-generator-B tube rupture,train,NPPAD_README_case_number
random,seed_20267984,20267984,LOCA_22,LOCA,22.0,% of 100 cm2 hot-leg break,train,NPPAD_README_case_number
random,seed_20267984,20267984,LOCAC_79,LOCAC,79.0,% of 100 cm2 cold-leg break,train,NPPAD_README_case_number
random,seed_20267984,20267984,SLBIC_15,SLBIC,15.0,% of 100 cm2 inside-containment steam-line break,train,NPPAD_README_case_number
random,seed_20267984,20267984,SGATR_91,SGATR,91.0,% of one full steam-generator-A tube rupture,train,NPPAD_README_case_number
random,seed_20267984,20267984,SLBIC_74,SLBIC,74.0,% of 100 cm2 inside-containment steam-line break,train,NPPAD_README_case_number
random,seed_20267984,20267984,SGBTR_65,SGBTR,65.0,% of one full steam-generator-B tube rupture,train,NPPAD_README_case_number
random,seed_20267984,20267984,RI_-23,RI,-23.0,% of rods inserted,train,NPPAD_README_case_number
random,seed_20267984,20267984,FLB_51,FLB,51.0,% of 100 cm2 feedwater-line break,train,NPPAD_README_case_number
random,seed_20267984,20267984,FLB_22,FLB,22.0,% of 100 cm2 feedwater-line break,train,NPPAD_README_case_number
random,seed_20267984,20267984,FLB_78,FLB,78.0,% of 100 cm2 feedwater-line break,train,NPPAD_README_case_number
random,seed_20267984,20267984,SLBIC_86,SLBIC,86.0,% of 100 cm2 inside-containment steam-line break,train,NPPAD_README_case_number
random,seed_20267984,20267984,LOCA_53,LOCA,53.0,% of 100 cm2 hot-leg break,train,NPPAD_README_case_number
random,seed_20267984,20267984,RI_-30,RI,-30.0,% of rods inserted,train,NPPAD_README_case_number
random,seed_20267984,20267984,FLB_92,FLB,92.0,% of 100 cm2 feedwater-line break,train,NPPAD_README_case_number
random,seed_20267984,20267984,LOCAC_32,LOCAC,32.0,% of 100 cm2 cold-leg break,train,NPPAD_README_case_number
random,seed_20267984,20267984,LOCAC_31,LOCAC,31.0,% of 100 cm2 cold-leg break,train,NPPAD_README_case_number
random,seed_20267984,20267984,SLBIC_77,SLBIC,77.0,% of 100 cm2 inside-containment steam-line break,train,NPPAD_README_case_number
random,seed_20267984,20267984,SLBIC_97,SLBIC,97.0,% of 100 cm2 inside-containment steam-line break,train,NPPAD_README_case_number
random,seed_20267984,20267984,SLBIC_21,SLBIC,21.0,% of 100 cm2 inside-containment steam-line break,train,NPPAD_README_case_number
random,seed_20267984,20267984,LOCAC_52,LOCAC,52.0,% of 100 cm2 cold-leg break,train,NPPAD_README_case_number
random,seed_20267984,20267984,RI_-14,RI,-14.0,% of rods inserted,train,NPPAD_README_case_number
random,seed_20267984,20267984,RI_-27,RI,-27.0,% of rods inserted,train,NPPAD_README_case_number
random,seed_20267984,20267984,LOCAC_47,LOCAC,47.0,% of 100 cm2 cold-leg break,train,NPPAD_README_case_number
random,seed_20267984,20267984,LOCA_32,LOCA,32.0,% of 100 cm2 hot-leg break,train,NPPAD_README_case_number
random,seed_20267984,20267984,SLBIC_44,SLBIC,44.0,% of 100 cm2 inside-containment steam-line break,train,NPPAD_README_case_number
random,seed_20267984,20267984,SLBIC_49,SLBIC,49.0,% of 100 cm2 inside-containment steam-line break,train,NPPAD_README_case_number
random,seed_20267984,20267984,SGBTR_97,SGBTR,97.0,% of one full steam-generator-B tube rupture,train,NPPAD_README_case_number
random,seed_20267984,20267984,LOCA_14,LOCA,14.0,% of 100 cm2 hot-leg break,train,NPPAD_README_case_number
random,seed_20267984,20267984,SLBIC_33,SLBIC,33.0,% of 100 cm2 inside-containment steam-line break,train,NPPAD_README_case_number
random,seed_20267984,20267984,FLB_40,FLB,40.0,% of 100 cm2 feedwater-line break,train,NPPAD_README_case_number
random,seed_20267984,20267984,LOCA_70,LOCA,70.0,% of 100 cm2 hot-leg break,train,NPPAD_README_case_number
random,seed_20267984,20267984,FLB_41,FLB,41.0,% of 100 cm2 feedwater-line break,validation,NPPAD_README_case_number
random,seed_20267984,20267984,SGATR_85,SGATR,85.0,% of one full steam-generator-A tube rupture,validation,NPPAD_README_case_number
random,seed_20267984,20267984,FLB_57,FLB,57.0,% of 100 cm2 feedwater-line break,validation,NPPAD_README_case_number
random,seed_20267984,20267984,SLBIC_43,SLBIC,43.0,% of 100 cm2 inside-containment steam-line break,validation,NPPAD_README_case_number
random,seed_20267984,20267984,SLBIC_22,SLBIC,22.0,% of 100 cm2 inside-containment steam-line break,validation,NPPAD_README_case_number
random,seed_20267984,20267984,FLB_86,FLB,86.0,% of 100 cm2 feedwater-line break,validation,NPPAD_README_case_number
random,seed_20267984,20267984,SGBTR_106,SGBTR,106.0,% of one full steam-generator-B tube rupture,validation,NPPAD_README_case_number
random,seed_20267984,20267984,LOCA_15,LOCA,15.0,% of 100 cm2 hot-leg break,validation,NPPAD_README_case_number
random,seed_20267984,20267984,SLBIC_31,SLBIC,31.0,% of 100 cm2 inside-containment steam-line break,validation,NPPAD_README_case_number
random,seed_20267984,20267984,SGBTR_69,SGBTR,69.0,% of one full steam-generator-B tube rupture,validation,NPPAD_README_case_number
random,seed_20267984,20267984,FLB_98,FLB,98.0,% of 100 cm2 feedwater-line break,validation,NPPAD_README_case_number
random,seed_20267984,20267984,RI_-28,RI,-28.0,% of rods inserted,validation,NPPAD_README_case_number
random,seed_20267984,20267984,FLB_64,FLB,64.0,% of 100 cm2 feedwater-line break,validation,NPPAD_README_case_number
random,seed_20267984,20267984,FLB_47,FLB,47.0,% of 100 cm2 feedwater-line break,validation,NPPAD_README_case_number
random,seed_20267984,20267984,LOCAC_67,LOCAC,67.0,% of 100 cm2 cold-leg break,validation,NPPAD_README_case_number
random,seed_20267984,20267984,FLB_45,FLB,45.0,% of 100 cm2 feedwater-line break,validation,NPPAD_README_case_number
random,seed_20267984,20267984,LOCAC_78,LOCAC,78.0,% of 100 cm2 cold-leg break,validation,NPPAD_README_case_number
random,seed_20267984,20267984,LOCA_56,LOCA,56.0,% of 100 cm2 hot-leg break,validation,NPPAD_README_case_number
random,seed_20267984,20267984,LOCA_30,LOCA,30.0,% of 100 cm2 hot-leg break,validation,NPPAD_README_case_number
random,seed_20267984,20267984,SGBTR_59,SGBTR,59.0,% of one full steam-generator-B tube rupture,validation,NPPAD_README_case_number
random,seed_20267984,20267984,RI_-35,RI,-35.0,% of rods inserted,validation,NPPAD_README_case_number
random,seed_20267984,20267984,SGATR_95,SGATR,95.0,% of one full steam-generator-A tube rupture,validation,NPPAD_README_case_number
random,seed_20267984,20267984,SLBIC_83,SLBIC,83.0,% of 100 cm2 inside-containment steam-line break,validation,NPPAD_README_case_number
random,seed_20267984,20267984,FLB_82,FLB,82.0,% of 100 cm2 feedwater-line break,validation,NPPAD_README_case_number
random,seed_20267984,20267984,SLBIC_91,SLBIC,91.0,% of 100 cm2 inside-containment steam-line break,validation,NPPAD_README_case_number
random,seed_20267984,20267984,LOCA_8,LOCA,8.0,% of 100 cm2 hot-leg break,validation,NPPAD_README_case_number
random,seed_20267984,20267984,SLBIC_90,SLBIC,90.0,% of 100 cm2 inside-containment steam-line break,validation,NPPAD_README_case_number
random,seed_20267984,20267984,LOCA_10,LOCA,10.0,% of 100 cm2 hot-leg break,validation,NPPAD_README_case_number
random,seed_20267984,20267984,SGBTR_107,SGBTR,107.0,% of one full steam-generator-B tube rupture,validation,NPPAD_README_case_number
random,seed_20267984,20267984,LOCA_51,LOCA,51.0,% of 100 cm2 hot-leg break,validation,NPPAD_README_case_number
random,seed_20267984,20267984,SGBTR_96,SGBTR,96.0,% of one full steam-generator-B tube rupture,validation,NPPAD_README_case_number
random,seed_20267984,20267984,LOCA_75,LOCA,75.0,% of 100 cm2 hot-leg break,validation,NPPAD_README_case_number
random,seed_20267984,20267984,SLBIC_34,SLBIC,34.0,% of 100 cm2 inside-containment steam-line break,validation,NPPAD_README_case_number
random,seed_20267984,20267984,RI_-34,RI,-34.0,% of rods inserted,validation,NPPAD_README_case_number
random,seed_20267984,20267984,SGATR_62,SGATR,62.0,% of one full steam-generator-A tube rupture,validation,NPPAD_README_case_number
random,seed_20267984,20267984,RI_-3,RI,-3.0,% of rods inserted,validation,NPPAD_README_case_number
random,seed_20267984,20267984,SLBIC_66,SLBIC,66.0,% of 100 cm2 inside-containment steam-line break,validation,NPPAD_README_case_number
random,seed_20267984,20267984,LR_72,LR,72.0,% of full load rejected,validation,NPPAD_README_case_number
random,seed_20267984,20267984,LOCA_59,LOCA,59.0,% of 100 cm2 hot-leg break,validation,NPPAD_README_case_number
random,seed_20267984,20267984,LOCA_68,LOCA,68.0,% of 100 cm2 hot-leg break,validation,NPPAD_README_case_number
random,seed_20267984,20267984,FLB_30,FLB,30.0,% of 100 cm2 feedwater-line break,validation,NPPAD_README_case_number
random,seed_20267984,20267984,LOCAC_12,LOCAC,12.0,% of 100 cm2 cold-leg break,validation,NPPAD_README_case_number
random,seed_20267984,20267984,SLBIC_60,SLBIC,60.0,% of 100 cm2 inside-containment steam-line break,validation,NPPAD_README_case_number
random,seed_20267984,20267984,SGATR_100,SGATR,100.0,% of one full steam-generator-A tube rupture,validation,NPPAD_README_case_number
random,seed_20267984,20267984,FLB_97,FLB,97.0,% of 100 cm2 feedwater-line break,validation,NPPAD_README_case_number
random,seed_20267984,20267984,LOCA_66,LOCA,66.0,% of 100 cm2 hot-leg break,validation,NPPAD_README_case_number
random,seed_20267984,20267984,LOCAC_3,LOCAC,3.0,% of 100 cm2 cold-leg break,validation,NPPAD_README_case_number
random,seed_20267984,20267984,SGBTR_79,SGBTR,79.0,% of one full steam-generator-B tube rupture,validation,NPPAD_README_case_number
random,seed_20267984,20267984,LOCAC_74,LOCAC,74.0,% of 100 cm2 cold-leg break,validation,NPPAD_README_case_number
random,seed_20267984,20267984,SLBIC_68,SLBIC,68.0,% of 100 cm2 inside-containment steam-line break,validation,NPPAD_README_case_number
random,seed_20267984,20267984,LOCAC_34,LOCAC,34.0,% of 100 cm2 cold-leg break,validation,NPPAD_README_case_number
random,seed_20267984,20267984,FLB_8,FLB,8.0,% of 100 cm2 feedwater-line break,validation,NPPAD_README_case_number
random,seed_20267984,20267984,LR_90,LR,90.0,% of full load rejected,validation,NPPAD_README_case_number
random,seed_20267984,20267984,LR_97,LR,97.0,% of full load rejected,validation,NPPAD_README_case_number
random,seed_20267984,20267984,LOCAC_23,LOCAC,23.0,% of 100 cm2 cold-leg break,validation,NPPAD_README_case_number
random,seed_20267984,20267984,RW_2,RW,2.0,% of rods withdrawn,validation,NPPAD_README_case_number
random,seed_20267984,20267984,FLB_79,FLB,79.0,% of 100 cm2 feedwater-line break,validation,NPPAD_README_case_number
random,seed_20267984,20267984,FLB_42,FLB,42.0,% of 100 cm2 feedwater-line break,validation,NPPAD_README_case_number
random,seed_20267984,20267984,SLBIC_42,SLBIC,42.0,% of 100 cm2 inside-containment steam-line break,validation,NPPAD_README_case_number
random,seed_20267984,20267984,FLB_27,FLB,27.0,% of 100 cm2 feedwater-line break,validation,NPPAD_README_case_number
random,seed_20267984,20267984,LR_96,LR,96.0,% of full load rejected,validation,NPPAD_README_case_number
random,seed_20267984,20267984,SLBIC_70,SLBIC,70.0,% of 100 cm2 inside-containment steam-line break,validation,NPPAD_README_case_number
random,seed_20267984,20267984,SGBTR_66,SGBTR,66.0,% of one full steam-generator-B tube rupture,validation,NPPAD_README_case_number
random,seed_20267984,20267984,FLB_96,FLB,96.0,% of 100 cm2 feedwater-line break,validation,NPPAD_README_case_number
random,seed_20267984,20267984,LOCA_37,LOCA,37.0,% of 100 cm2 hot-leg break,validation,NPPAD_README_case_number
random,seed_20267984,20267984,LOCAC_64,LOCAC,64.0,% of 100 cm2 cold-leg break,validation,NPPAD_README_case_number
random,seed_20267984,20267984,SLBIC_62,SLBIC,62.0,% of 100 cm2 inside-containment steam-line break,validation,NPPAD_README_case_number
random,seed_20267984,20267984,RI_-20,RI,-20.0,% of rods inserted,validation,NPPAD_README_case_number
random,seed_20267984,20267984,LOCAC_51,LOCAC,51.0,% of 100 cm2 cold-leg break,validation,NPPAD_README_case_number
random,seed_20267984,20267984,SGBTR_77,SGBTR,77.0,% of one full steam-generator-B tube rupture,validation,NPPAD_README_case_number
random,seed_20267984,20267984,SGATR_75,SGATR,75.0,% of one full steam-generator-A tube rupture,validation,NPPAD_README_case_number
random,seed_20267984,20267984,LOCAC_26,LOCAC,26.0,% of 100 cm2 cold-leg break,validation,NPPAD_README_case_number
random,seed_20267984,20267984,FLB_70,FLB,70.0,% of 100 cm2 feedwater-line break,validation,NPPAD_README_case_number
random,seed_20267984,20267984,LR_75,LR,75.0,% of full load rejected,validation,NPPAD_README_case_number
random,seed_20267984,20267984,LOCAC_36,LOCAC,36.0,% of 100 cm2 cold-leg break,validation,NPPAD_README_case_number
random,seed_20267984,20267984,FLB_43,FLB,43.0,% of 100 cm2 feedwater-line break,validation,NPPAD_README_case_number
random,seed_20267984,20267984,SGATR_60,SGATR,60.0,% of one full steam-generator-A tube rupture,validation,NPPAD_README_case_number
random,seed_20267984,20267984,LOCAC_1,LOCAC,1.0,% of 100 cm2 cold-leg break,validation,NPPAD_README_case_number
random,seed_20267984,20267984,LOCAC_43,LOCAC,43.0,% of 100 cm2 cold-leg break,validation,NPPAD_README_case_number
random,seed_20267984,20267984,LOCA_13,LOCA,13.0,% of 100 cm2 hot-leg break,validation,NPPAD_README_case_number
random,seed_20267984,20267984,LOCAC_46,LOCAC,46.0,% of 100 cm2 cold-leg break,validation,NPPAD_README_case_number
random,seed_20267984,20267984,SLBIC_16,SLBIC,16.0,% of 100 cm2 inside-containment steam-line break,validation,NPPAD_README_case_number
random,seed_20267984,20267984,RI_-33,RI,-33.0,% of rods inserted,validation,NPPAD_README_case_number
random,seed_20267984,20267984,LOCA_6,LOCA,6.0,% of 100 cm2 hot-leg break,validation,NPPAD_README_case_number
random,seed_20267984,20267984,SGATR_94,SGATR,94.0,% of one full steam-generator-A tube rupture,validation,NPPAD_README_case_number
random,seed_20267984,20267984,SGATR_69,SGATR,69.0,% of one full steam-generator-A tube rupture,validation,NPPAD_README_case_number
random,seed_20267984,20267984,LR_86,LR,86.0,% of full load rejected,validation,NPPAD_README_case_number
random,seed_20267984,20267984,FLB_12,FLB,12.0,% of 100 cm2 feedwater-line break,validation,NPPAD_README_case_number
random,seed_20267984,20267984,SGATR_92,SGATR,92.0,% of one full steam-generator-A tube rupture,validation,NPPAD_README_case_number
random,seed_20267984,20267984,FLB_61,FLB,61.0,% of 100 cm2 feedwater-line break,validation,NPPAD_README_case_number
random,seed_20267984,20267984,LOCA_34,LOCA,34.0,% of 100 cm2 hot-leg break,validation,NPPAD_README_case_number
random,seed_20267984,20267984,RI_-29,RI,-29.0,% of rods inserted,validation,NPPAD_README_case_number
random,seed_20267984,20267984,SLBIC_98,SLBIC,98.0,% of 100 cm2 inside-containment steam-line break,validation,NPPAD_README_case_number
random,seed_20267984,20267984,FLB_37,FLB,37.0,% of 100 cm2 feedwater-line break,validation,NPPAD_README_case_number
random,seed_20267984,20267984,SGBTR_94,SGBTR,94.0,% of one full steam-generator-B tube rupture,validation,NPPAD_README_case_number
random,seed_20267984,20267984,SLBIC_53,SLBIC,53.0,% of 100 cm2 inside-containment steam-line break,validation,NPPAD_README_case_number
random,seed_20267984,20267984,LOCAC_30,LOCAC,30.0,% of 100 cm2 cold-leg break,validation,NPPAD_README_case_number
random,seed_20267984,20267984,LOCA_29,LOCA,29.0,% of 100 cm2 hot-leg break,validation,NPPAD_README_case_number
random,seed_20267984,20267984,LOCAC_48,LOCAC,48.0,% of 100 cm2 cold-leg break,validation,NPPAD_README_case_number
random,seed_20267984,20267984,SGBTR_104,SGBTR,104.0,% of one full steam-generator-B tube rupture,validation,NPPAD_README_case_number
random,seed_20267984,20267984,SLBIC_14,SLBIC,14.0,% of 100 cm2 inside-containment steam-line break,validation,NPPAD_README_case_number
random,seed_20267984,20267984,SLBIC_18,SLBIC,18.0,% of 100 cm2 inside-containment steam-line break,test,NPPAD_README_case_number
random,seed_20267984,20267984,SGBTR_90,SGBTR,90.0,% of one full steam-generator-B tube rupture,test,NPPAD_README_case_number
random,seed_20267984,20267984,SLBIC_59,SLBIC,59.0,% of 100 cm2 inside-containment steam-line break,test,NPPAD_README_case_number
random,seed_20267984,20267984,SLBIC_26,SLBIC,26.0,% of 100 cm2 inside-containment steam-line break,test,NPPAD_README_case_number
random,seed_20267984,20267984,FLB_35,FLB,35.0,% of 100 cm2 feedwater-line break,test,NPPAD_README_case_number
random,seed_20267984,20267984,FLB_52,FLB,52.0,% of 100 cm2 feedwater-line break,test,NPPAD_README_case_number
random,seed_20267984,20267984,LOCAC_77,LOCAC,77.0,% of 100 cm2 cold-leg break,test,NPPAD_README_case_number
random,seed_20267984,20267984,SGBTR_100,SGBTR,100.0,% of one full steam-generator-B tube rupture,test,NPPAD_README_case_number
random,seed_20267984,20267984,LOCAC_69,LOCAC,69.0,% of 100 cm2 cold-leg break,test,NPPAD_README_case_number
random,seed_20267984,20267984,FLB_65,FLB,65.0,% of 100 cm2 feedwater-line break,test,NPPAD_README_case_number
random,seed_20267984,20267984,FLB_93,FLB,93.0,% of 100 cm2 feedwater-line break,test,NPPAD_README_case_number
random,seed_20267984,20267984,FLB_80,FLB,80.0,% of 100 cm2 feedwater-line break,test,NPPAD_README_case_number
random,seed_20267984,20267984,LOCAC_17,LOCAC,17.0,% of 100 cm2 cold-leg break,test,NPPAD_README_case_number
random,seed_20267984,20267984,SGBTR_78,SGBTR,78.0,% of one full steam-generator-B tube rupture,test,NPPAD_README_case_number
random,seed_20267984,20267984,FLB_18,FLB,18.0,% of 100 cm2 feedwater-line break,test,NPPAD_README_case_number
random,seed_20267984,20267984,LOCAC_9,LOCAC,9.0,% of 100 cm2 cold-leg break,test,NPPAD_README_case_number
random,seed_20267984,20267984,RI_-32,RI,-32.0,% of rods inserted,test,NPPAD_README_case_number
random,seed_20267984,20267984,SGATR_97,SGATR,97.0,% of one full steam-generator-A tube rupture,test,NPPAD_README_case_number
random,seed_20267984,20267984,LR_82,LR,82.0,% of full load rejected,test,NPPAD_README_case_number
random,seed_20267984,20267984,LOCAC_49,LOCAC,49.0,% of 100 cm2 cold-leg break,test,NPPAD_README_case_number
random,seed_20267984,20267984,LOCA_28,LOCA,28.0,% of 100 cm2 hot-leg break,test,NPPAD_README_case_number
random,seed_20267984,20267984,SGATR_93,SGATR,93.0,% of one full steam-generator-A tube rupture,test,NPPAD_README_case_number
random,seed_20267984,20267984,RI_-4,RI,-4.0,% of rods inserted,test,NPPAD_README_case_number
random,seed_20267984,20267984,FLB_19,FLB,19.0,% of 100 cm2 feedwater-line break,test,NPPAD_README_case_number
random,seed_20267984,20267984,FLB_85,FLB,85.0,% of 100 cm2 feedwater-line break,test,NPPAD_README_case_number
random,seed_20267984,20267984,LR_99,LR,99.0,% of full load rejected,test,NPPAD_README_case_number
random,seed_20267984,20267984,FLB_74,FLB,74.0,% of 100 cm2 feedwater-line break,test,NPPAD_README_case_number
random,seed_20267984,20267984,SGATR_76,SGATR,76.0,% of one full steam-generator-A tube rupture,test,NPPAD_README_case_number
random,seed_20267984,20267984,LOCAC_22,LOCAC,22.0,% of 100 cm2 cold-leg break,test,NPPAD_README_case_number
random,seed_20267984,20267984,RI_-18,RI,-18.0,% of rods inserted,test,NPPAD_README_case_number
random,seed_20267984,20267984,LOCAC_73,LOCAC,73.0,% of 100 cm2 cold-leg break,test,NPPAD_README_case_number
random,seed_20267984,20267984,SLBIC_87,SLBIC,87.0,% of 100 cm2 inside-containment steam-line break,test,NPPAD_README_case_number
random,seed_20267984,20267984,SLBIC_39,SLBIC,39.0,% of 100 cm2 inside-containment steam-line break,test,NPPAD_README_case_number
random,seed_20267984,20267984,FLB_56,FLB,56.0,% of 100 cm2 feedwater-line break,test,NPPAD_README_case_number
random,seed_20267984,20267984,SGATR_87,SGATR,87.0,% of one full steam-generator-A tube rupture,test,NPPAD_README_case_number
random,seed_20267984,20267984,SGBTR_62,SGBTR,62.0,% of one full steam-generator-B tube rupture,test,NPPAD_README_case_number
random,seed_20267984,20267984,FLB_50,FLB,50.0,% of 100 cm2 feedwater-line break,test,NPPAD_README_case_number
random,seed_20267984,20267984,LOCAC_63,LOCAC,63.0,% of 100 cm2 cold-leg break,test,NPPAD_README_case_number
random,seed_20267984,20267984,LR_70,LR,70.0,% of full load rejected,test,NPPAD_README_case_number
random,seed_20267984,20267984,LOCA_48,LOCA,48.0,% of 100 cm2 hot-leg break,test,NPPAD_README_case_number
random,seed_20267984,20267984,LOCA_54,LOCA,54.0,% of 100 cm2 hot-leg break,test,NPPAD_README_case_number
random,seed_20267984,20267984,SLBIC_72,SLBIC,72.0,% of 100 cm2 inside-containment steam-line break,test,NPPAD_README_case_number
random,seed_20267984,20267984,SGBTR_98,SGBTR,98.0,% of one full steam-generator-B tube rupture,test,NPPAD_README_case_number
random,seed_20267984,20267984,SLBIC_82,SLBIC,82.0,% of 100 cm2 inside-containment steam-line break,test,NPPAD_README_case_number
random,seed_20267984,20267984,RI_-17,RI,-17.0,% of rods inserted,test,NPPAD_README_case_number
random,seed_20267984,20267984,LOCA_71,LOCA,71.0,% of 100 cm2 hot-leg break,test,NPPAD_README_case_number
random,seed_20267984,20267984,SGBTR_101,SGBTR,101.0,% of one full steam-generator-B tube rupture,test,NPPAD_README_case_number
random,seed_20267984,20267984,RI_-7,RI,-7.0,% of rods inserted,test,NPPAD_README_case_number
random,seed_20267984,20267984,LOCA_46,LOCA,46.0,% of 100 cm2 hot-leg break,test,NPPAD_README_case_number
random,seed_20267984,20267984,LR_76,LR,76.0,% of full load rejected,test,NPPAD_README_case_number
random,seed_20267984,20267984,SGBTR_110,SGBTR,110.0,% of one full steam-generator-B tube rupture,test,NPPAD_README_case_number
random,seed_20267984,20267984,SGBTR_73,SGBTR,73.0,% of one full steam-generator-B tube rupture,test,NPPAD_README_case_number
random,seed_20267984,20267984,LOCA_31,LOCA,31.0,% of 100 cm2 hot-leg break,test,NPPAD_README_case_number
random,seed_20267984,20267984,LOCA_45,LOCA,45.0,% of 100 cm2 hot-leg break,test,NPPAD_README_case_number
random,seed_20267984,20267984,SLBIC_45,SLBIC,45.0,% of 100 cm2 inside-containment steam-line break,test,NPPAD_README_case_number
random,seed_20267984,20267984,SLBIC_41,SLBIC,41.0,% of 100 cm2 inside-containment steam-line break,test,NPPAD_README_case_number
random,seed_20267984,20267984,SGBTR_105,SGBTR,105.0,% of one full steam-generator-B tube rupture,test,NPPAD_README_case_number
random,seed_20267984,20267984,SGATR_79,SGATR,79.0,% of one full steam-generator-A tube rupture,test,NPPAD_README_case_number
random,seed_20267984,20267984,LOCA_52,LOCA,52.0,% of 100 cm2 hot-leg break,test,NPPAD_README_case_number
random,seed_20267984,20267984,FLB_14,FLB,14.0,% of 100 cm2 feedwater-line break,test,NPPAD_README_case_number
random,seed_20267984,20267984,SGBTR_103,SGBTR,103.0,% of one full steam-generator-B tube rupture,test,NPPAD_README_case_number
random,seed_20267984,20267984,SLBIC_69,SLBIC,69.0,% of 100 cm2 inside-containment steam-line break,test,NPPAD_README_case_number
random,seed_20267984,20267984,FLB_3,FLB,3.0,% of 100 cm2 feedwater-line break,test,NPPAD_README_case_number
random,seed_20267984,20267984,FLB_59,FLB,59.0,% of 100 cm2 feedwater-line break,test,NPPAD_README_case_number
random,seed_20267984,20267984,LOCAC_76,LOCAC,76.0,% of 100 cm2 cold-leg break,test,NPPAD_README_case_number
random,seed_20267984,20267984,SLBIC_75,SLBIC,75.0,% of 100 cm2 inside-containment steam-line break,test,NPPAD_README_case_number
random,seed_20267984,20267984,LOCA_4,LOCA,4.0,% of 100 cm2 hot-leg break,test,NPPAD_README_case_number
random,seed_20267984,20267984,LOCAC_71,LOCAC,71.0,% of 100 cm2 cold-leg break,test,NPPAD_README_case_number
random,seed_20267984,20267984,LOCA_21,LOCA,21.0,% of 100 cm2 hot-leg break,test,NPPAD_README_case_number
random,seed_20267984,20267984,SLBIC_79,SLBIC,79.0,% of 100 cm2 inside-containment steam-line break,test,NPPAD_README_case_number
random,seed_20267984,20267984,SGBTR_64,SGBTR,64.0,% of one full steam-generator-B tube rupture,test,NPPAD_README_case_number
random,seed_20267984,20267984,SLBIC_57,SLBIC,57.0,% of 100 cm2 inside-containment steam-line break,test,NPPAD_README_case_number
random,seed_20267984,20267984,LOCAC_53,LOCAC,53.0,% of 100 cm2 cold-leg break,test,NPPAD_README_case_number
random,seed_20267984,20267984,SLBIC_17,SLBIC,17.0,% of 100 cm2 inside-containment steam-line break,test,NPPAD_README_case_number
random,seed_20267984,20267984,LOCA_12,LOCA,12.0,% of 100 cm2 hot-leg break,test,NPPAD_README_case_number
random,seed_20267984,20267984,LOCA_57,LOCA,57.0,% of 100 cm2 hot-leg break,test,NPPAD_README_case_number
random,seed_20267984,20267984,LOCAC_44,LOCAC,44.0,% of 100 cm2 cold-leg break,test,NPPAD_README_case_number
random,seed_20267984,20267984,FLB_31,FLB,31.0,% of 100 cm2 feedwater-line break,test,NPPAD_README_case_number
random,seed_20267984,20267984,SLBIC_99,SLBIC,99.0,% of 100 cm2 inside-containment steam-line break,test,NPPAD_README_case_number
random,seed_20267984,20267984,LOCA_67,LOCA,67.0,% of 100 cm2 hot-leg break,test,NPPAD_README_case_number
random,seed_20267984,20267984,SLBIC_30,SLBIC,30.0,% of 100 cm2 inside-containment steam-line break,test,NPPAD_README_case_number
random,seed_20267984,20267984,SGATR_61,SGATR,61.0,% of one full steam-generator-A tube rupture,test,NPPAD_README_case_number
random,seed_20267984,20267984,LR_77,LR,77.0,% of full load rejected,test,NPPAD_README_case_number
random,seed_20267984,20267984,LOCA_7,LOCA,7.0,% of 100 cm2 hot-leg break,test,NPPAD_README_case_number
random,seed_20267984,20267984,SGATR_74,SGATR,74.0,% of one full steam-generator-A tube rupture,test,NPPAD_README_case_number
random,seed_20267984,20267984,RI_-19,RI,-19.0,% of rods inserted,test,NPPAD_README_case_number
random,seed_20267984,20267984,LOCA_41,LOCA,41.0,% of 100 cm2 hot-leg break,test,NPPAD_README_case_number
random,seed_20267984,20267984,SLBIC_63,SLBIC,63.0,% of 100 cm2 inside-containment steam-line break,test,NPPAD_README_case_number
random,seed_20267984,20267984,SGATR_72,SGATR,72.0,% of one full steam-generator-A tube rupture,test,NPPAD_README_case_number
random,seed_20267984,20267984,LOCAC_8,LOCAC,8.0,% of 100 cm2 cold-leg break,test,NPPAD_README_case_number
random,seed_20267984,20267984,LOCAC_37,LOCAC,37.0,% of 100 cm2 cold-leg break,test,NPPAD_README_case_number
random,seed_20267984,20267984,LOCAC_42,LOCAC,42.0,% of 100 cm2 cold-leg break,test,NPPAD_README_case_number
random,seed_20267984,20267984,FLB_39,FLB,39.0,% of 100 cm2 feedwater-line break,test,NPPAD_README_case_number
random,seed_20267984,20267984,SLBIC_78,SLBIC,78.0,% of 100 cm2 inside-containment steam-line break,test,NPPAD_README_case_number
random,seed_20267984,20267984,FLB_5,FLB,5.0,% of 100 cm2 feedwater-line break,test,NPPAD_README_case_number
random,seed_20267984,20267984,FLB_33,FLB,33.0,% of 100 cm2 feedwater-line break,test,NPPAD_README_case_number
random,seed_20267984,20267984,FLB_16,FLB,16.0,% of 100 cm2 feedwater-line break,test,NPPAD_README_case_number
random,seed_20267984,20267984,SGATR_90,SGATR,90.0,% of one full steam-generator-A tube rupture,test,NPPAD_README_case_number
random,seed_20267984,20267984,LOCAC_28,LOCAC,28.0,% of 100 cm2 cold-leg break,test,NPPAD_README_case_number
random,seed_20267984,20267984,FLB_99,FLB,99.0,% of 100 cm2 feedwater-line break,test,NPPAD_README_case_number
random,seed_20267984,20267984,RI_-31,RI,-31.0,% of rods inserted,test,NPPAD_README_case_number
random,seed_20268993,20268993,SLBIC_85,SLBIC,85.0,% of 100 cm2 inside-containment steam-line break,train,NPPAD_README_case_number
random,seed_20268993,20268993,FLB_50,FLB,50.0,% of 100 cm2 feedwater-line break,train,NPPAD_README_case_number
random,seed_20268993,20268993,SLBIC_83,SLBIC,83.0,% of 100 cm2 inside-containment steam-line break,train,NPPAD_README_case_number
random,seed_20268993,20268993,SGATR_65,SGATR,65.0,% of one full steam-generator-A tube rupture,train,NPPAD_README_case_number
random,seed_20268993,20268993,FLB_53,FLB,53.0,% of 100 cm2 feedwater-line break,train,NPPAD_README_case_number
random,seed_20268993,20268993,LOCA_2,LOCA,2.0,% of 100 cm2 hot-leg break,train,NPPAD_README_case_number
random,seed_20268993,20268993,FLB_24,FLB,24.0,% of 100 cm2 feedwater-line break,train,NPPAD_README_case_number
random,seed_20268993,20268993,LOCAC_73,LOCAC,73.0,% of 100 cm2 cold-leg break,train,NPPAD_README_case_number
random,seed_20268993,20268993,RI_-2,RI,-2.0,% of rods inserted,train,NPPAD_README_case_number
random,seed_20268993,20268993,SLBIC_47,SLBIC,47.0,% of 100 cm2 inside-containment steam-line break,train,NPPAD_README_case_number
random,seed_20268993,20268993,SGATR_83,SGATR,83.0,% of one full steam-generator-A tube rupture,train,NPPAD_README_case_number
random,seed_20268993,20268993,LOCA_20,LOCA,20.0,% of 100 cm2 hot-leg break,train,NPPAD_README_case_number
random,seed_20268993,20268993,LOCA_14,LOCA,14.0,% of 100 cm2 hot-leg break,train,NPPAD_README_case_number
random,seed_20268993,20268993,SLBIC_49,SLBIC,49.0,% of 100 cm2 inside-containment steam-line break,train,NPPAD_README_case_number
random,seed_20268993,20268993,FLB_67,FLB,67.0,% of 100 cm2 feedwater-line break,train,NPPAD_README_case_number
random,seed_20268993,20268993,SLBIC_80,SLBIC,80.0,% of 100 cm2 inside-containment steam-line break,train,NPPAD_README_case_number
random,seed_20268993,20268993,SLBIC_101,SLBIC,101.0,% of 100 cm2 inside-containment steam-line break,train,NPPAD_README_case_number
random,seed_20268993,20268993,FLB_42,FLB,42.0,% of 100 cm2 feedwater-line break,train,NPPAD_README_case_number
random,seed_20268993,20268993,LOCA_9,LOCA,9.0,% of 100 cm2 hot-leg break,train,NPPAD_README_case_number
random,seed_20268993,20268993,SLBIC_25,SLBIC,25.0,% of 100 cm2 inside-containment steam-line break,train,NPPAD_README_case_number
random,seed_20268993,20268993,SGBTR_88,SGBTR,88.0,% of one full steam-generator-B tube rupture,train,NPPAD_README_case_number
random,seed_20268993,20268993,SLBIC_43,SLBIC,43.0,% of 100 cm2 inside-containment steam-line break,train,NPPAD_README_case_number
random,seed_20268993,20268993,SLBIC_54,SLBIC,54.0,% of 100 cm2 inside-containment steam-line break,train,NPPAD_README_case_number
random,seed_20268993,20268993,RI_-8,RI,-8.0,% of rods inserted,train,NPPAD_README_case_number
random,seed_20268993,20268993,SGBTR_64,SGBTR,64.0,% of one full steam-generator-B tube rupture,train,NPPAD_README_case_number
random,seed_20268993,20268993,LOCA_24,LOCA,24.0,% of 100 cm2 hot-leg break,train,NPPAD_README_case_number
random,seed_20268993,20268993,SLBIC_29,SLBIC,29.0,% of 100 cm2 inside-containment steam-line break,train,NPPAD_README_case_number
random,seed_20268993,20268993,SGATR_66,SGATR,66.0,% of one full steam-generator-A tube rupture,train,NPPAD_README_case_number
random,seed_20268993,20268993,SLBIC_82,SLBIC,82.0,% of 100 cm2 inside-containment steam-line break,train,NPPAD_README_case_number
random,seed_20268993,20268993,FLB_36,FLB,36.0,% of 100 cm2 feedwater-line break,train,NPPAD_README_case_number
random,seed_20268993,20268993,FLB_5,FLB,5.0,% of 100 cm2 feedwater-line break,train,NPPAD_README_case_number
random,seed_20268993,20268993,SLBIC_75,SLBIC,75.0,% of 100 cm2 inside-containment steam-line break,train,NPPAD_README_case_number
random,seed_20268993,20268993,SLBIC_68,SLBIC,68.0,% of 100 cm2 inside-containment steam-line break,train,NPPAD_README_case_number
random,seed_20268993,20268993,LOCA_75,LOCA,75.0,% of 100 cm2 hot-leg break,train,NPPAD_README_case_number
random,seed_20268993,20268993,LR_88,LR,88.0,% of full load rejected,train,NPPAD_README_case_number
random,seed_20268993,20268993,FLB_23,FLB,23.0,% of 100 cm2 feedwater-line break,train,NPPAD_README_case_number
random,seed_20268993,20268993,LOCA_52,LOCA,52.0,% of 100 cm2 hot-leg break,train,NPPAD_README_case_number
random,seed_20268993,20268993,FLB_20,FLB,20.0,% of 100 cm2 feedwater-line break,train,NPPAD_README_case_number
random,seed_20268993,20268993,FLB_17,FLB,17.0,% of 100 cm2 feedwater-line break,train,NPPAD_README_case_number
random,seed_20268993,20268993,LR_74,LR,74.0,% of full load rejected,train,NPPAD_README_case_number
random,seed_20268993,20268993,SGBTR_75,SGBTR,75.0,% of one full steam-generator-B tube rupture,train,NPPAD_README_case_number
random,seed_20268993,20268993,SLBIC_66,SLBIC,66.0,% of 100 cm2 inside-containment steam-line break,train,NPPAD_README_case_number
random,seed_20268993,20268993,FLB_18,FLB,18.0,% of 100 cm2 feedwater-line break,train,NPPAD_README_case_number
random,seed_20268993,20268993,SGBTR_87,SGBTR,87.0,% of one full steam-generator-B tube rupture,train,NPPAD_README_case_number
random,seed_20268993,20268993,LOCA_8,LOCA,8.0,% of 100 cm2 hot-leg break,train,NPPAD_README_case_number
random,seed_20268993,20268993,SGBTR_91,SGBTR,91.0,% of one full steam-generator-B tube rupture,train,NPPAD_README_case_number
random,seed_20268993,20268993,SLBIC_95,SLBIC,95.0,% of 100 cm2 inside-containment steam-line break,train,NPPAD_README_case_number
random,seed_20268993,20268993,LOCA_13,LOCA,13.0,% of 100 cm2 hot-leg break,train,NPPAD_README_case_number
random,seed_20268993,20268993,SLBIC_20,SLBIC,20.0,% of 100 cm2 inside-containment steam-line break,train,NPPAD_README_case_number
random,seed_20268993,20268993,SGBTR_107,SGBTR,107.0,% of one full steam-generator-B tube rupture,train,NPPAD_README_case_number
random,seed_20268993,20268993,SLBIC_31,SLBIC,31.0,% of 100 cm2 inside-containment steam-line break,train,NPPAD_README_case_number
random,seed_20268993,20268993,FLB_79,FLB,79.0,% of 100 cm2 feedwater-line break,train,NPPAD_README_case_number
random,seed_20268993,20268993,SGBTR_77,SGBTR,77.0,% of one full steam-generator-B tube rupture,train,NPPAD_README_case_number
random,seed_20268993,20268993,SGBTR_61,SGBTR,61.0,% of one full steam-generator-B tube rupture,train,NPPAD_README_case_number
random,seed_20268993,20268993,FLB_87,FLB,87.0,% of 100 cm2 feedwater-line break,train,NPPAD_README_case_number
random,seed_20268993,20268993,SGATR_85,SGATR,85.0,% of one full steam-generator-A tube rupture,train,NPPAD_README_case_number
random,seed_20268993,20268993,LOCAC_7,LOCAC,7.0,% of 100 cm2 cold-leg break,train,NPPAD_README_case_number
random,seed_20268993,20268993,SGBTR_110,SGBTR,110.0,% of one full steam-generator-B tube rupture,train,NPPAD_README_case_number
random,seed_20268993,20268993,LR_84,LR,84.0,% of full load rejected,train,NPPAD_README_case_number
random,seed_20268993,20268993,SGBTR_106,SGBTR,106.0,% of one full steam-generator-B tube rupture,train,NPPAD_README_case_number
random,seed_20268993,20268993,LOCAC_67,LOCAC,67.0,% of 100 cm2 cold-leg break,train,NPPAD_README_case_number
random,seed_20268993,20268993,LR_81,LR,81.0,% of full load rejected,train,NPPAD_README_case_number
random,seed_20268993,20268993,SGATR_73,SGATR,73.0,% of one full steam-generator-A tube rupture,train,NPPAD_README_case_number
random,seed_20268993,20268993,SGBTR_93,SGBTR,93.0,% of one full steam-generator-B tube rupture,train,NPPAD_README_case_number
random,seed_20268993,20268993,SGBTR_83,SGBTR,83.0,% of one full steam-generator-B tube rupture,train,NPPAD_README_case_number
random,seed_20268993,20268993,LR_94,LR,94.0,% of full load rejected,train,NPPAD_README_case_number
random,seed_20268993,20268993,SLBIC_89,SLBIC,89.0,% of 100 cm2 inside-containment steam-line break,train,NPPAD_README_case_number
random,seed_20268993,20268993,FLB_89,FLB,89.0,% of 100 cm2 feedwater-line break,train,NPPAD_README_case_number
random,seed_20268993,20268993,SGBTR_78,SGBTR,78.0,% of one full steam-generator-B tube rupture,train,NPPAD_README_case_number
random,seed_20268993,20268993,LOCA_48,LOCA,48.0,% of 100 cm2 hot-leg break,train,NPPAD_README_case_number
random,seed_20268993,20268993,SGATR_93,SGATR,93.0,% of one full steam-generator-A tube rupture,train,NPPAD_README_case_number
random,seed_20268993,20268993,RI_-18,RI,-18.0,% of rods inserted,train,NPPAD_README_case_number
random,seed_20268993,20268993,LOCAC_51,LOCAC,51.0,% of 100 cm2 cold-leg break,train,NPPAD_README_case_number
random,seed_20268993,20268993,LOCAC_29,LOCAC,29.0,% of 100 cm2 cold-leg break,train,NPPAD_README_case_number
random,seed_20268993,20268993,LOCAC_18,LOCAC,18.0,% of 100 cm2 cold-leg break,train,NPPAD_README_case_number
random,seed_20268993,20268993,LOCA_70,LOCA,70.0,% of 100 cm2 hot-leg break,train,NPPAD_README_case_number
random,seed_20268993,20268993,LOCA_11,LOCA,11.0,% of 100 cm2 hot-leg break,train,NPPAD_README_case_number
random,seed_20268993,20268993,RI_-25,RI,-25.0,% of rods inserted,train,NPPAD_README_case_number
random,seed_20268993,20268993,FLB_57,FLB,57.0,% of 100 cm2 feedwater-line break,train,NPPAD_README_case_number
random,seed_20268993,20268993,SLBIC_73,SLBIC,73.0,% of 100 cm2 inside-containment steam-line break,train,NPPAD_README_case_number
random,seed_20268993,20268993,SGATR_79,SGATR,79.0,% of one full steam-generator-A tube rupture,train,NPPAD_README_case_number
random,seed_20268993,20268993,LR_78,LR,78.0,% of full load rejected,train,NPPAD_README_case_number
random,seed_20268993,20268993,LOCA_27,LOCA,27.0,% of 100 cm2 hot-leg break,train,NPPAD_README_case_number
random,seed_20268993,20268993,RI_-22,RI,-22.0,% of rods inserted,train,NPPAD_README_case_number
random,seed_20268993,20268993,LOCAC_25,LOCAC,25.0,% of 100 cm2 cold-leg break,train,NPPAD_README_case_number
random,seed_20268993,20268993,LOCAC_12,LOCAC,12.0,% of 100 cm2 cold-leg break,train,NPPAD_README_case_number
random,seed_20268993,20268993,FLB_64,FLB,64.0,% of 100 cm2 feedwater-line break,train,NPPAD_README_case_number
random,seed_20268993,20268993,LOCAC_17,LOCAC,17.0,% of 100 cm2 cold-leg break,train,NPPAD_README_case_number
random,seed_20268993,20268993,LOCAC_40,LOCAC,40.0,% of 100 cm2 cold-leg break,train,NPPAD_README_case_number
random,seed_20268993,20268993,LOCAC_10,LOCAC,10.0,% of 100 cm2 cold-leg break,train,NPPAD_README_case_number
random,seed_20268993,20268993,LOCAC_37,LOCAC,37.0,% of 100 cm2 cold-leg break,train,NPPAD_README_case_number
random,seed_20268993,20268993,SLBIC_88,SLBIC,88.0,% of 100 cm2 inside-containment steam-line break,train,NPPAD_README_case_number
random,seed_20268993,20268993,FLB_32,FLB,32.0,% of 100 cm2 feedwater-line break,train,NPPAD_README_case_number
random,seed_20268993,20268993,LR_89,LR,89.0,% of full load rejected,train,NPPAD_README_case_number
random,seed_20268993,20268993,LOCA_3,LOCA,3.0,% of 100 cm2 hot-leg break,train,NPPAD_README_case_number
random,seed_20268993,20268993,SLBIC_63,SLBIC,63.0,% of 100 cm2 inside-containment steam-line break,train,NPPAD_README_case_number
random,seed_20268993,20268993,LOCA_59,LOCA,59.0,% of 100 cm2 hot-leg break,train,NPPAD_README_case_number
random,seed_20268993,20268993,LOCAC_79,LOCAC,79.0,% of 100 cm2 cold-leg break,train,NPPAD_README_case_number
random,seed_20268993,20268993,LR_86,LR,86.0,% of full load rejected,train,NPPAD_README_case_number
random,seed_20268993,20268993,LOCAC_42,LOCAC,42.0,% of 100 cm2 cold-leg break,train,NPPAD_README_case_number
random,seed_20268993,20268993,SGBTR_99,SGBTR,99.0,% of one full steam-generator-B tube rupture,train,NPPAD_README_case_number
random,seed_20268993,20268993,SLBIC_33,SLBIC,33.0,% of 100 cm2 inside-containment steam-line break,train,NPPAD_README_case_number
random,seed_20268993,20268993,SGATR_80,SGATR,80.0,% of one full steam-generator-A tube rupture,train,NPPAD_README_case_number
random,seed_20268993,20268993,LR_73,LR,73.0,% of full load rejected,train,NPPAD_README_case_number
random,seed_20268993,20268993,FLB_29,FLB,29.0,% of 100 cm2 feedwater-line break,train,NPPAD_README_case_number
random,seed_20268993,20268993,SGBTR_89,SGBTR,89.0,% of one full steam-generator-B tube rupture,train,NPPAD_README_case_number
random,seed_20268993,20268993,FLB_94,FLB,94.0,% of 100 cm2 feedwater-line break,train,NPPAD_README_case_number
random,seed_20268993,20268993,LOCA_34,LOCA,34.0,% of 100 cm2 hot-leg break,train,NPPAD_README_case_number
random,seed_20268993,20268993,LOCAC_48,LOCAC,48.0,% of 100 cm2 cold-leg break,train,NPPAD_README_case_number
random,seed_20268993,20268993,SGBTR_108,SGBTR,108.0,% of one full steam-generator-B tube rupture,train,NPPAD_README_case_number
random,seed_20268993,20268993,LOCAC_59,LOCAC,59.0,% of 100 cm2 cold-leg break,train,NPPAD_README_case_number
random,seed_20268993,20268993,FLB_49,FLB,49.0,% of 100 cm2 feedwater-line break,train,NPPAD_README_case_number
random,seed_20268993,20268993,LOCAC_19,LOCAC,19.0,% of 100 cm2 cold-leg break,train,NPPAD_README_case_number
random,seed_20268993,20268993,SLBIC_38,SLBIC,38.0,% of 100 cm2 inside-containment steam-line break,train,NPPAD_README_case_number
random,seed_20268993,20268993,LOCAC_66,LOCAC,66.0,% of 100 cm2 cold-leg break,train,NPPAD_README_case_number
random,seed_20268993,20268993,FLB_2,FLB,2.0,% of 100 cm2 feedwater-line break,train,NPPAD_README_case_number
random,seed_20268993,20268993,SLBIC_14,SLBIC,14.0,% of 100 cm2 inside-containment steam-line break,train,NPPAD_README_case_number
random,seed_20268993,20268993,SLBIC_42,SLBIC,42.0,% of 100 cm2 inside-containment steam-line break,train,NPPAD_README_case_number
random,seed_20268993,20268993,SLBIC_57,SLBIC,57.0,% of 100 cm2 inside-containment steam-line break,train,NPPAD_README_case_number
random,seed_20268993,20268993,LOCAC_58,LOCAC,58.0,% of 100 cm2 cold-leg break,train,NPPAD_README_case_number
random,seed_20268993,20268993,SGATR_67,SGATR,67.0,% of one full steam-generator-A tube rupture,train,NPPAD_README_case_number
random,seed_20268993,20268993,SGBTR_59,SGBTR,59.0,% of one full steam-generator-B tube rupture,train,NPPAD_README_case_number
random,seed_20268993,20268993,FLB_100,FLB,100.0,% of 100 cm2 feedwater-line break,train,NPPAD_README_case_number
random,seed_20268993,20268993,LOCAC_38,LOCAC,38.0,% of 100 cm2 cold-leg break,train,NPPAD_README_case_number
random,seed_20268993,20268993,FLB_51,FLB,51.0,% of 100 cm2 feedwater-line break,train,NPPAD_README_case_number
random,seed_20268993,20268993,FLB_13,FLB,13.0,% of 100 cm2 feedwater-line break,train,NPPAD_README_case_number
random,seed_20268993,20268993,RI_-21,RI,-21.0,% of rods inserted,train,NPPAD_README_case_number
random,seed_20268993,20268993,FLB_31,FLB,31.0,% of 100 cm2 feedwater-line break,train,NPPAD_README_case_number
random,seed_20268993,20268993,LOCA_69,LOCA,69.0,% of 100 cm2 hot-leg break,train,NPPAD_README_case_number
random,seed_20268993,20268993,LOCAC_76,LOCAC,76.0,% of 100 cm2 cold-leg break,train,NPPAD_README_case_number
random,seed_20268993,20268993,FLB_73,FLB,73.0,% of 100 cm2 feedwater-line break,train,NPPAD_README_case_number
random,seed_20268993,20268993,LOCA_64,LOCA,64.0,% of 100 cm2 hot-leg break,train,NPPAD_README_case_number
random,seed_20268993,20268993,SLBIC_97,SLBIC,97.0,% of 100 cm2 inside-containment steam-line break,train,NPPAD_README_case_number
random,seed_20268993,20268993,FLB_52,FLB,52.0,% of 100 cm2 feedwater-line break,train,NPPAD_README_case_number
random,seed_20268993,20268993,LOCA_42,LOCA,42.0,% of 100 cm2 hot-leg break,train,NPPAD_README_case_number
random,seed_20268993,20268993,LR_77,LR,77.0,% of full load rejected,train,NPPAD_README_case_number
random,seed_20268993,20268993,FLB_98,FLB,98.0,% of 100 cm2 feedwater-line break,train,NPPAD_README_case_number
random,seed_20268993,20268993,LR_99,LR,99.0,% of full load rejected,train,NPPAD_README_case_number
random,seed_20268993,20268993,LR_80,LR,80.0,% of full load rejected,train,NPPAD_README_case_number
random,seed_20268993,20268993,FLB_25,FLB,25.0,% of 100 cm2 feedwater-line break,train,NPPAD_README_case_number
random,seed_20268993,20268993,SGBTR_102,SGBTR,102.0,% of one full steam-generator-B tube rupture,train,NPPAD_README_case_number
random,seed_20268993,20268993,SGATR_100,SGATR,100.0,% of one full steam-generator-A tube rupture,train,NPPAD_README_case_number
random,seed_20268993,20268993,FLB_69,FLB,69.0,% of 100 cm2 feedwater-line break,train,NPPAD_README_case_number
random,seed_20268993,20268993,SGBTR_79,SGBTR,79.0,% of one full steam-generator-B tube rupture,train,NPPAD_README_case_number
random,seed_20268993,20268993,LR_96,LR,96.0,% of full load rejected,train,NPPAD_README_case_number
random,seed_20268993,20268993,LOCA_15,LOCA,15.0,% of 100 cm2 hot-leg break,train,NPPAD_README_case_number
random,seed_20268993,20268993,RI_-10,RI,-10.0,% of rods inserted,train,NPPAD_README_case_number
random,seed_20268993,20268993,SLBIC_19,SLBIC,19.0,% of 100 cm2 inside-containment steam-line break,train,NPPAD_README_case_number
random,seed_20268993,20268993,LOCAC_14,LOCAC,14.0,% of 100 cm2 cold-leg break,train,NPPAD_README_case_number
random,seed_20268993,20268993,LR_83,LR,83.0,% of full load rejected,train,NPPAD_README_case_number
random,seed_20268993,20268993,LOCAC_26,LOCAC,26.0,% of 100 cm2 cold-leg break,train,NPPAD_README_case_number
random,seed_20268993,20268993,SLBIC_21,SLBIC,21.0,% of 100 cm2 inside-containment steam-line break,train,NPPAD_README_case_number
random,seed_20268993,20268993,LOCA_77,LOCA,77.0,% of 100 cm2 hot-leg break,train,NPPAD_README_case_number
random,seed_20268993,20268993,SGATR_99,SGATR,99.0,% of one full steam-generator-A tube rupture,train,NPPAD_README_case_number
random,seed_20268993,20268993,FLB_58,FLB,58.0,% of 100 cm2 feedwater-line break,train,NPPAD_README_case_number
random,seed_20268993,20268993,FLB_84,FLB,84.0,% of 100 cm2 feedwater-line break,train,NPPAD_README_case_number
random,seed_20268993,20268993,LOCAC_20,LOCAC,20.0,% of 100 cm2 cold-leg break,train,NPPAD_README_case_number
random,seed_20268993,20268993,SLBIC_45,SLBIC,45.0,% of 100 cm2 inside-containment steam-line break,train,NPPAD_README_case_number
random,seed_20268993,20268993,FLB_9,FLB,9.0,% of 100 cm2 feedwater-line break,train,NPPAD_README_case_number
random,seed_20268993,20268993,RI_-11,RI,-11.0,% of rods inserted,train,NPPAD_README_case_number
random,seed_20268993,20268993,RI_-16,RI,-16.0,% of rods inserted,train,NPPAD_README_case_number
random,seed_20268993,20268993,SGBTR_104,SGBTR,104.0,% of one full steam-generator-B tube rupture,train,NPPAD_README_case_number
random,seed_20268993,20268993,LOCA_10,LOCA,10.0,% of 100 cm2 hot-leg break,train,NPPAD_README_case_number
random,seed_20268993,20268993,SGATR_72,SGATR,72.0,% of one full steam-generator-A tube rupture,train,NPPAD_README_case_number
random,seed_20268993,20268993,LOCAC_33,LOCAC,33.0,% of 100 cm2 cold-leg break,train,NPPAD_README_case_number
random,seed_20268993,20268993,LOCA_55,LOCA,55.0,% of 100 cm2 hot-leg break,train,NPPAD_README_case_number
random,seed_20268993,20268993,LOCA_22,LOCA,22.0,% of 100 cm2 hot-leg break,train,NPPAD_README_case_number
random,seed_20268993,20268993,SLBIC_61,SLBIC,61.0,% of 100 cm2 inside-containment steam-line break,train,NPPAD_README_case_number
random,seed_20268993,20268993,SGBTR_96,SGBTR,96.0,% of one full steam-generator-B tube rupture,train,NPPAD_README_case_number
random,seed_20268993,20268993,FLB_71,FLB,71.0,% of 100 cm2 feedwater-line break,train,NPPAD_README_case_number
random,seed_20268993,20268993,FLB_39,FLB,39.0,% of 100 cm2 feedwater-line break,train,NPPAD_README_case_number
random,seed_20268993,20268993,LOCA_72,LOCA,72.0,% of 100 cm2 hot-leg break,train,NPPAD_README_case_number
random,seed_20268993,20268993,LOCA_38,LOCA,38.0,% of 100 cm2 hot-leg break,train,NPPAD_README_case_number
random,seed_20268993,20268993,FLB_82,FLB,82.0,% of 100 cm2 feedwater-line break,train,NPPAD_README_case_number
random,seed_20268993,20268993,LOCAC_21,LOCAC,21.0,% of 100 cm2 cold-leg break,train,NPPAD_README_case_number
random,seed_20268993,20268993,SLBIC_36,SLBIC,36.0,% of 100 cm2 inside-containment steam-line break,train,NPPAD_README_case_number
random,seed_20268993,20268993,SGBTR_60,SGBTR,60.0,% of one full steam-generator-B tube rupture,train,NPPAD_README_case_number
random,seed_20268993,20268993,SGBTR_74,SGBTR,74.0,% of one full steam-generator-B tube rupture,train,NPPAD_README_case_number
random,seed_20268993,20268993,FLB_63,FLB,63.0,% of 100 cm2 feedwater-line break,train,NPPAD_README_case_number
random,seed_20268993,20268993,LOCA_35,LOCA,35.0,% of 100 cm2 hot-leg break,train,NPPAD_README_case_number
random,seed_20268993,20268993,LOCAC_45,LOCAC,45.0,% of 100 cm2 cold-leg break,train,NPPAD_README_case_number
random,seed_20268993,20268993,SLBIC_30,SLBIC,30.0,% of 100 cm2 inside-containment steam-line break,train,NPPAD_README_case_number
random,seed_20268993,20268993,RI_-28,RI,-28.0,% of rods inserted,train,NPPAD_README_case_number
random,seed_20268993,20268993,SLBIC_52,SLBIC,52.0,% of 100 cm2 inside-containment steam-line break,train,NPPAD_README_case_number
random,seed_20268993,20268993,LOCAC_71,LOCAC,71.0,% of 100 cm2 cold-leg break,train,NPPAD_README_case_number
random,seed_20268993,20268993,LOCA_46,LOCA,46.0,% of 100 cm2 hot-leg break,train,NPPAD_README_case_number
random,seed_20268993,20268993,SLBIC_18,SLBIC,18.0,% of 100 cm2 inside-containment steam-line break,train,NPPAD_README_case_number
random,seed_20268993,20268993,LOCAC_53,LOCAC,53.0,% of 100 cm2 cold-leg break,train,NPPAD_README_case_number
random,seed_20268993,20268993,FLB_30,FLB,30.0,% of 100 cm2 feedwater-line break,train,NPPAD_README_case_number
random,seed_20268993,20268993,LOCAC_2,LOCAC,2.0,% of 100 cm2 cold-leg break,train,NPPAD_README_case_number
random,seed_20268993,20268993,FLB_99,FLB,99.0,% of 100 cm2 feedwater-line break,train,NPPAD_README_case_number
random,seed_20268993,20268993,SLBIC_46,SLBIC,46.0,% of 100 cm2 inside-containment steam-line break,train,NPPAD_README_case_number
random,seed_20268993,20268993,SGATR_75,SGATR,75.0,% of one full steam-generator-A tube rupture,train,NPPAD_README_case_number
random,seed_20268993,20268993,LOCA_32,LOCA,32.0,% of 100 cm2 hot-leg break,train,NPPAD_README_case_number
random,seed_20268993,20268993,SGATR_61,SGATR,61.0,% of one full steam-generator-A tube rupture,train,NPPAD_README_case_number
random,seed_20268993,20268993,RI_-5,RI,-5.0,% of rods inserted,train,NPPAD_README_case_number
random,seed_20268993,20268993,FLB_46,FLB,46.0,% of 100 cm2 feedwater-line break,train,NPPAD_README_case_number
random,seed_20268993,20268993,SGATR_98,SGATR,98.0,% of one full steam-generator-A tube rupture,train,NPPAD_README_case_number
random,seed_20268993,20268993,LR_76,LR,76.0,% of full load rejected,train,NPPAD_README_case_number
random,seed_20268993,20268993,RW_2,RW,2.0,% of rods withdrawn,train,NPPAD_README_case_number
random,seed_20268993,20268993,SLBIC_35,SLBIC,35.0,% of 100 cm2 inside-containment steam-line break,train,NPPAD_README_case_number
random,seed_20268993,20268993,SLBIC_92,SLBIC,92.0,% of 100 cm2 inside-containment steam-line break,train,NPPAD_README_case_number
random,seed_20268993,20268993,LOCAC_77,LOCAC,77.0,% of 100 cm2 cold-leg break,train,NPPAD_README_case_number
random,seed_20268993,20268993,FLB_55,FLB,55.0,% of 100 cm2 feedwater-line break,train,NPPAD_README_case_number
random,seed_20268993,20268993,SLBIC_98,SLBIC,98.0,% of 100 cm2 inside-containment steam-line break,train,NPPAD_README_case_number
random,seed_20268993,20268993,SLBIC_16,SLBIC,16.0,% of 100 cm2 inside-containment steam-line break,train,NPPAD_README_case_number
random,seed_20268993,20268993,FLB_28,FLB,28.0,% of 100 cm2 feedwater-line break,train,NPPAD_README_case_number
random,seed_20268993,20268993,SGATR_78,SGATR,78.0,% of one full steam-generator-A tube rupture,train,NPPAD_README_case_number
random,seed_20268993,20268993,FLB_11,FLB,11.0,% of 100 cm2 feedwater-line break,train,NPPAD_README_case_number
random,seed_20268993,20268993,SLBIC_93,SLBIC,93.0,% of 100 cm2 inside-containment steam-line break,train,NPPAD_README_case_number
random,seed_20268993,20268993,SGBTR_57,SGBTR,57.0,% of one full steam-generator-B tube rupture,train,NPPAD_README_case_number
random,seed_20268993,20268993,FLB_93,FLB,93.0,% of 100 cm2 feedwater-line break,train,NPPAD_README_case_number
random,seed_20268993,20268993,RI_-9,RI,-9.0,% of rods inserted,train,NPPAD_README_case_number
random,seed_20268993,20268993,SLBIC_62,SLBIC,62.0,% of 100 cm2 inside-containment steam-line break,train,NPPAD_README_case_number
random,seed_20268993,20268993,LOCA_62,LOCA,62.0,% of 100 cm2 hot-leg break,train,NPPAD_README_case_number
random,seed_20268993,20268993,RI_-14,RI,-14.0,% of rods inserted,train,NPPAD_README_case_number
random,seed_20268993,20268993,FLB_96,FLB,96.0,% of 100 cm2 feedwater-line break,train,NPPAD_README_case_number
random,seed_20268993,20268993,SLBIC_44,SLBIC,44.0,% of 100 cm2 inside-containment steam-line break,train,NPPAD_README_case_number
random,seed_20268993,20268993,LOCAC_64,LOCAC,64.0,% of 100 cm2 cold-leg break,train,NPPAD_README_case_number
random,seed_20268993,20268993,SGBTR_62,SGBTR,62.0,% of one full steam-generator-B tube rupture,train,NPPAD_README_case_number
random,seed_20268993,20268993,SLBIC_60,SLBIC,60.0,% of 100 cm2 inside-containment steam-line break,train,NPPAD_README_case_number
random,seed_20268993,20268993,LOCA_39,LOCA,39.0,% of 100 cm2 hot-leg break,train,NPPAD_README_case_number
random,seed_20268993,20268993,FLB_91,FLB,91.0,% of 100 cm2 feedwater-line break,train,NPPAD_README_case_number
random,seed_20268993,20268993,SGBTR_97,SGBTR,97.0,% of one full steam-generator-B tube rupture,train,NPPAD_README_case_number
random,seed_20268993,20268993,FLB_78,FLB,78.0,% of 100 cm2 feedwater-line break,train,NPPAD_README_case_number
random,seed_20268993,20268993,LOCA_74,LOCA,74.0,% of 100 cm2 hot-leg break,train,NPPAD_README_case_number
random,seed_20268993,20268993,FLB_37,FLB,37.0,% of 100 cm2 feedwater-line break,train,NPPAD_README_case_number
random,seed_20268993,20268993,RW_1,RW,1.0,% of rods withdrawn,train,NPPAD_README_case_number
random,seed_20268993,20268993,LOCAC_15,LOCAC,15.0,% of 100 cm2 cold-leg break,train,NPPAD_README_case_number
random,seed_20268993,20268993,FLB_65,FLB,65.0,% of 100 cm2 feedwater-line break,train,NPPAD_README_case_number
random,seed_20268993,20268993,LOCA_17,LOCA,17.0,% of 100 cm2 hot-leg break,train,NPPAD_README_case_number
random,seed_20268993,20268993,SGATR_63,SGATR,63.0,% of one full steam-generator-A tube rupture,train,NPPAD_README_case_number
random,seed_20268993,20268993,RI_-19,RI,-19.0,% of rods inserted,train,NPPAD_README_case_number
random,seed_20268993,20268993,LOCAC_35,LOCAC,35.0,% of 100 cm2 cold-leg break,train,NPPAD_README_case_number
random,seed_20268993,20268993,LOCA_12,LOCA,12.0,% of 100 cm2 hot-leg break,train,NPPAD_README_case_number
random,seed_20268993,20268993,FLB_80,FLB,80.0,% of 100 cm2 feedwater-line break,train,NPPAD_README_case_number
random,seed_20268993,20268993,SGATR_82,SGATR,82.0,% of one full steam-generator-A tube rupture,train,NPPAD_README_case_number
random,seed_20268993,20268993,FLB_3,FLB,3.0,% of 100 cm2 feedwater-line break,train,NPPAD_README_case_number
random,seed_20268993,20268993,LOCAC_8,LOCAC,8.0,% of 100 cm2 cold-leg break,train,NPPAD_README_case_number
random,seed_20268993,20268993,SLBIC_87,SLBIC,87.0,% of 100 cm2 inside-containment steam-line break,train,NPPAD_README_case_number
random,seed_20268993,20268993,LR_85,LR,85.0,% of full load rejected,train,NPPAD_README_case_number
random,seed_20268993,20268993,LOCAC_62,LOCAC,62.0,% of 100 cm2 cold-leg break,train,NPPAD_README_case_number
random,seed_20268993,20268993,FLB_26,FLB,26.0,% of 100 cm2 feedwater-line break,train,NPPAD_README_case_number
random,seed_20268993,20268993,SLBIC_100,SLBIC,100.0,% of 100 cm2 inside-containment steam-line break,train,NPPAD_README_case_number
random,seed_20268993,20268993,SGATR_70,SGATR,70.0,% of one full steam-generator-A tube rupture,train,NPPAD_README_case_number
random,seed_20268993,20268993,FLB_40,FLB,40.0,% of 100 cm2 feedwater-line break,train,NPPAD_README_case_number
random,seed_20268993,20268993,SGATR_77,SGATR,77.0,% of one full steam-generator-A tube rupture,train,NPPAD_README_case_number
random,seed_20268993,20268993,SGBTR_94,SGBTR,94.0,% of one full steam-generator-B tube rupture,train,NPPAD_README_case_number
random,seed_20268993,20268993,LOCAC_30,LOCAC,30.0,% of 100 cm2 cold-leg break,train,NPPAD_README_case_number
random,seed_20268993,20268993,LOCAC_3,LOCAC,3.0,% of 100 cm2 cold-leg break,train,NPPAD_README_case_number
random,seed_20268993,20268993,LOCAC_60,LOCAC,60.0,% of 100 cm2 cold-leg break,train,NPPAD_README_case_number
random,seed_20268993,20268993,SGBTR_80,SGBTR,80.0,% of one full steam-generator-B tube rupture,train,NPPAD_README_case_number
random,seed_20268993,20268993,LOCA_7,LOCA,7.0,% of 100 cm2 hot-leg break,train,NPPAD_README_case_number
random,seed_20268993,20268993,LOCA_6,LOCA,6.0,% of 100 cm2 hot-leg break,train,NPPAD_README_case_number
random,seed_20268993,20268993,SLBIC_70,SLBIC,70.0,% of 100 cm2 inside-containment steam-line break,train,NPPAD_README_case_number
random,seed_20268993,20268993,SGATR_89,SGATR,89.0,% of one full steam-generator-A tube rupture,train,NPPAD_README_case_number
random,seed_20268993,20268993,LOCAC_74,LOCAC,74.0,% of 100 cm2 cold-leg break,train,NPPAD_README_case_number
random,seed_20268993,20268993,FLB_74,FLB,74.0,% of 100 cm2 feedwater-line break,train,NPPAD_README_case_number
random,seed_20268993,20268993,LOCA_66,LOCA,66.0,% of 100 cm2 hot-leg break,train,NPPAD_README_case_number
random,seed_20268993,20268993,SGATR_90,SGATR,90.0,% of one full steam-generator-A tube rupture,train,NPPAD_README_case_number
random,seed_20268993,20268993,FLB_41,FLB,41.0,% of 100 cm2 feedwater-line break,train,NPPAD_README_case_number
random,seed_20268993,20268993,SGATR_88,SGATR,88.0,% of one full steam-generator-A tube rupture,train,NPPAD_README_case_number
random,seed_20268993,20268993,LOCA_41,LOCA,41.0,% of 100 cm2 hot-leg break,train,NPPAD_README_case_number
random,seed_20268993,20268993,LOCA_68,LOCA,68.0,% of 100 cm2 hot-leg break,train,NPPAD_README_case_number
random,seed_20268993,20268993,RI_-30,RI,-30.0,% of rods inserted,train,NPPAD_README_case_number
random,seed_20268993,20268993,LOCA_16,LOCA,16.0,% of 100 cm2 hot-leg break,train,NPPAD_README_case_number
random,seed_20268993,20268993,SGATR_94,SGATR,94.0,% of one full steam-generator-A tube rupture,train,NPPAD_README_case_number
random,seed_20268993,20268993,RI_-4,RI,-4.0,% of rods inserted,train,NPPAD_README_case_number
random,seed_20268993,20268993,LOCAC_4,LOCAC,4.0,% of 100 cm2 cold-leg break,train,NPPAD_README_case_number
random,seed_20268993,20268993,LOCAC_6,LOCAC,6.0,% of 100 cm2 cold-leg break,train,NPPAD_README_case_number
random,seed_20268993,20268993,LOCAC_56,LOCAC,56.0,% of 100 cm2 cold-leg break,train,NPPAD_README_case_number
random,seed_20268993,20268993,FLB_75,FLB,75.0,% of 100 cm2 feedwater-line break,train,NPPAD_README_case_number
random,seed_20268993,20268993,SGBTR_73,SGBTR,73.0,% of one full steam-generator-B tube rupture,train,NPPAD_README_case_number
random,seed_20268993,20268993,LR_98,LR,98.0,% of full load rejected,train,NPPAD_README_case_number
random,seed_20268993,20268993,SGATR_69,SGATR,69.0,% of one full steam-generator-A tube rupture,train,NPPAD_README_case_number
random,seed_20268993,20268993,SGBTR_70,SGBTR,70.0,% of one full steam-generator-B tube rupture,train,NPPAD_README_case_number
random,seed_20268993,20268993,LOCAC_61,LOCAC,61.0,% of 100 cm2 cold-leg break,train,NPPAD_README_case_number
random,seed_20268993,20268993,SLBIC_58,SLBIC,58.0,% of 100 cm2 inside-containment steam-line break,train,NPPAD_README_case_number
random,seed_20268993,20268993,LOCA_53,LOCA,53.0,% of 100 cm2 hot-leg break,train,NPPAD_README_case_number
random,seed_20268993,20268993,LOCAC_72,LOCAC,72.0,% of 100 cm2 cold-leg break,train,NPPAD_README_case_number
random,seed_20268993,20268993,LOCAC_31,LOCAC,31.0,% of 100 cm2 cold-leg break,train,NPPAD_README_case_number
random,seed_20268993,20268993,FLB_45,FLB,45.0,% of 100 cm2 feedwater-line break,train,NPPAD_README_case_number
random,seed_20268993,20268993,RW_3,RW,3.0,% of rods withdrawn,train,NPPAD_README_case_number
random,seed_20268993,20268993,LOCA_23,LOCA,23.0,% of 100 cm2 hot-leg break,train,NPPAD_README_case_number
random,seed_20268993,20268993,LOCA_47,LOCA,47.0,% of 100 cm2 hot-leg break,train,NPPAD_README_case_number
random,seed_20268993,20268993,FLB_70,FLB,70.0,% of 100 cm2 feedwater-line break,train,NPPAD_README_case_number
random,seed_20268993,20268993,FLB_88,FLB,88.0,% of 100 cm2 feedwater-line break,train,NPPAD_README_case_number
random,seed_20268993,20268993,LOCA_21,LOCA,21.0,% of 100 cm2 hot-leg break,train,NPPAD_README_case_number
random,seed_20268993,20268993,SLBIC_78,SLBIC,78.0,% of 100 cm2 inside-containment steam-line break,train,NPPAD_README_case_number
random,seed_20268993,20268993,SLBIC_99,SLBIC,99.0,% of 100 cm2 inside-containment steam-line break,train,NPPAD_README_case_number
random,seed_20268993,20268993,SGATR_74,SGATR,74.0,% of one full steam-generator-A tube rupture,train,NPPAD_README_case_number
random,seed_20268993,20268993,SLBIC_37,SLBIC,37.0,% of 100 cm2 inside-containment steam-line break,train,NPPAD_README_case_number
random,seed_20268993,20268993,RI_-29,RI,-29.0,% of rods inserted,train,NPPAD_README_case_number
random,seed_20268993,20268993,LOCA_5,LOCA,5.0,% of 100 cm2 hot-leg break,train,NPPAD_README_case_number
random,seed_20268993,20268993,SGBTR_92,SGBTR,92.0,% of one full steam-generator-B tube rupture,train,NPPAD_README_case_number
random,seed_20268993,20268993,SLBIC_90,SLBIC,90.0,% of 100 cm2 inside-containment steam-line break,train,NPPAD_README_case_number
random,seed_20268993,20268993,SGBTR_81,SGBTR,81.0,% of one full steam-generator-B tube rupture,train,NPPAD_README_case_number
random,seed_20268993,20268993,LOCAC_43,LOCAC,43.0,% of 100 cm2 cold-leg break,train,NPPAD_README_case_number
random,seed_20268993,20268993,SLBIC_40,SLBIC,40.0,% of 100 cm2 inside-containment steam-line break,train,NPPAD_README_case_number
random,seed_20268993,20268993,RI_-27,RI,-27.0,% of rods inserted,train,NPPAD_README_case_number
random,seed_20268993,20268993,LOCA_25,LOCA,25.0,% of 100 cm2 hot-leg break,train,NPPAD_README_case_number
random,seed_20268993,20268993,RI_-33,RI,-33.0,% of rods inserted,train,NPPAD_README_case_number
random,seed_20268993,20268993,RI_-3,RI,-3.0,% of rods inserted,train,NPPAD_README_case_number
random,seed_20268993,20268993,SGATR_59,SGATR,59.0,% of one full steam-generator-A tube rupture,validation,NPPAD_README_case_number
random,seed_20268993,20268993,LOCA_49,LOCA,49.0,% of 100 cm2 hot-leg break,validation,NPPAD_README_case_number
random,seed_20268993,20268993,LOCAC_57,LOCAC,57.0,% of 100 cm2 cold-leg break,validation,NPPAD_README_case_number
random,seed_20268993,20268993,LOCAC_13,LOCAC,13.0,% of 100 cm2 cold-leg break,validation,NPPAD_README_case_number
random,seed_20268993,20268993,FLB_59,FLB,59.0,% of 100 cm2 feedwater-line break,validation,NPPAD_README_case_number
random,seed_20268993,20268993,SGBTR_72,SGBTR,72.0,% of one full steam-generator-B tube rupture,validation,NPPAD_README_case_number
random,seed_20268993,20268993,FLB_35,FLB,35.0,% of 100 cm2 feedwater-line break,validation,NPPAD_README_case_number
random,seed_20268993,20268993,SLBIC_48,SLBIC,48.0,% of 100 cm2 inside-containment steam-line break,validation,NPPAD_README_case_number
random,seed_20268993,20268993,FLB_15,FLB,15.0,% of 100 cm2 feedwater-line break,validation,NPPAD_README_case_number
random,seed_20268993,20268993,FLB_62,FLB,62.0,% of 100 cm2 feedwater-line break,validation,NPPAD_README_case_number
random,seed_20268993,20268993,SLBIC_17,SLBIC,17.0,% of 100 cm2 inside-containment steam-line break,validation,NPPAD_README_case_number
random,seed_20268993,20268993,RI_-34,RI,-34.0,% of rods inserted,validation,NPPAD_README_case_number
random,seed_20268993,20268993,FLB_54,FLB,54.0,% of 100 cm2 feedwater-line break,validation,NPPAD_README_case_number
random,seed_20268993,20268993,FLB_86,FLB,86.0,% of 100 cm2 feedwater-line break,validation,NPPAD_README_case_number
random,seed_20268993,20268993,LOCAC_9,LOCAC,9.0,% of 100 cm2 cold-leg break,validation,NPPAD_README_case_number
random,seed_20268993,20268993,LOCA_71,LOCA,71.0,% of 100 cm2 hot-leg break,validation,NPPAD_README_case_number
random,seed_20268993,20268993,SGATR_76,SGATR,76.0,% of one full steam-generator-A tube rupture,validation,NPPAD_README_case_number
random,seed_20268993,20268993,SLBIC_55,SLBIC,55.0,% of 100 cm2 inside-containment steam-line break,validation,NPPAD_README_case_number
random,seed_20268993,20268993,LR_95,LR,95.0,% of full load rejected,validation,NPPAD_README_case_number
random,seed_20268993,20268993,SLBIC_34,SLBIC,34.0,% of 100 cm2 inside-containment steam-line break,validation,NPPAD_README_case_number
random,seed_20268993,20268993,RI_-17,RI,-17.0,% of rods inserted,validation,NPPAD_README_case_number
random,seed_20268993,20268993,LOCAC_34,LOCAC,34.0,% of 100 cm2 cold-leg break,validation,NPPAD_README_case_number
random,seed_20268993,20268993,FLB_16,FLB,16.0,% of 100 cm2 feedwater-line break,validation,NPPAD_README_case_number
random,seed_20268993,20268993,LOCA_76,LOCA,76.0,% of 100 cm2 hot-leg break,validation,NPPAD_README_case_number
random,seed_20268993,20268993,SGATR_62,SGATR,62.0,% of one full steam-generator-A tube rupture,validation,NPPAD_README_case_number
random,seed_20268993,20268993,LOCAC_49,LOCAC,49.0,% of 100 cm2 cold-leg break,validation,NPPAD_README_case_number
random,seed_20268993,20268993,LOCA_1,LOCA,1.0,% of 100 cm2 hot-leg break,validation,NPPAD_README_case_number
random,seed_20268993,20268993,SGBTR_68,SGBTR,68.0,% of one full steam-generator-B tube rupture,validation,NPPAD_README_case_number
random,seed_20268993,20268993,RI_-35,RI,-35.0,% of rods inserted,validation,NPPAD_README_case_number
random,seed_20268993,20268993,RI_-20,RI,-20.0,% of rods inserted,validation,NPPAD_README_case_number
random,seed_20268993,20268993,SLBIC_77,SLBIC,77.0,% of 100 cm2 inside-containment steam-line break,validation,NPPAD_README_case_number
random,seed_20268993,20268993,SGBTR_71,SGBTR,71.0,% of one full steam-generator-B tube rupture,validation,NPPAD_README_case_number
random,seed_20268993,20268993,LOCAC_5,LOCAC,5.0,% of 100 cm2 cold-leg break,validation,NPPAD_README_case_number
random,seed_20268993,20268993,FLB_61,FLB,61.0,% of 100 cm2 feedwater-line break,validation,NPPAD_README_case_number
random,seed_20268993,20268993,LOCA_60,LOCA,60.0,% of 100 cm2 hot-leg break,validation,NPPAD_README_case_number
random,seed_20268993,20268993,RI_-7,RI,-7.0,% of rods inserted,validation,NPPAD_README_case_number
random,seed_20268993,20268993,SGATR_81,SGATR,81.0,% of one full steam-generator-A tube rupture,validation,NPPAD_README_case_number
random,seed_20268993,20268993,SLBIC_51,SLBIC,51.0,% of 100 cm2 inside-containment steam-line break,validation,NPPAD_README_case_number
random,seed_20268993,20268993,SGATR_95,SGATR,95.0,% of one full steam-generator-A tube rupture,validation,NPPAD_README_case_number
random,seed_20268993,20268993,FLB_60,FLB,60.0,% of 100 cm2 feedwater-line break,validation,NPPAD_README_case_number
random,seed_20268993,20268993,LOCA_30,LOCA,30.0,% of 100 cm2 hot-leg break,validation,NPPAD_README_case_number
random,seed_20268993,20268993,SLBIC_22,SLBIC,22.0,% of 100 cm2 inside-containment steam-line break,validation,NPPAD_README_case_number
random,seed_20268993,20268993,SLBIC_23,SLBIC,23.0,% of 100 cm2 inside-containment steam-line break,validation,NPPAD_README_case_number
random,seed_20268993,20268993,LOCA_36,LOCA,36.0,% of 100 cm2 hot-leg break,validation,NPPAD_README_case_number
random,seed_20268993,20268993,SGATR_60,SGATR,60.0,% of one full steam-generator-A tube rupture,validation,NPPAD_README_case_number
random,seed_20268993,20268993,SLBIC_32,SLBIC,32.0,% of 100 cm2 inside-containment steam-line break,validation,NPPAD_README_case_number
random,seed_20268993,20268993,SGBTR_86,SGBTR,86.0,% of one full steam-generator-B tube rupture,validation,NPPAD_README_case_number
random,seed_20268993,20268993,LOCA_29,LOCA,29.0,% of 100 cm2 hot-leg break,validation,NPPAD_README_case_number
random,seed_20268993,20268993,LOCA_31,LOCA,31.0,% of 100 cm2 hot-leg break,validation,NPPAD_README_case_number
random,seed_20268993,20268993,SLBIC_79,SLBIC,79.0,% of 100 cm2 inside-containment steam-line break,validation,NPPAD_README_case_number
random,seed_20268993,20268993,LOCAC_39,LOCAC,39.0,% of 100 cm2 cold-leg break,validation,NPPAD_README_case_number
random,seed_20268993,20268993,FLB_47,FLB,47.0,% of 100 cm2 feedwater-line break,validation,NPPAD_README_case_number
random,seed_20268993,20268993,SLBIC_15,SLBIC,15.0,% of 100 cm2 inside-containment steam-line break,validation,NPPAD_README_case_number
random,seed_20268993,20268993,SGATR_86,SGATR,86.0,% of one full steam-generator-A tube rupture,validation,NPPAD_README_case_number
random,seed_20268993,20268993,LOCAC_27,LOCAC,27.0,% of 100 cm2 cold-leg break,validation,NPPAD_README_case_number
random,seed_20268993,20268993,LOCAC_36,LOCAC,36.0,% of 100 cm2 cold-leg break,validation,NPPAD_README_case_number
random,seed_20268993,20268993,FLB_12,FLB,12.0,% of 100 cm2 feedwater-line break,validation,NPPAD_README_case_number
random,seed_20268993,20268993,LR_82,LR,82.0,% of full load rejected,validation,NPPAD_README_case_number
random,seed_20268993,20268993,LR_87,LR,87.0,% of full load rejected,validation,NPPAD_README_case_number
random,seed_20268993,20268993,LOCA_28,LOCA,28.0,% of 100 cm2 hot-leg break,validation,NPPAD_README_case_number
random,seed_20268993,20268993,LOCAC_47,LOCAC,47.0,% of 100 cm2 cold-leg break,validation,NPPAD_README_case_number
random,seed_20268993,20268993,LOCAC_75,LOCAC,75.0,% of 100 cm2 cold-leg break,validation,NPPAD_README_case_number
random,seed_20268993,20268993,SLBIC_96,SLBIC,96.0,% of 100 cm2 inside-containment steam-line break,validation,NPPAD_README_case_number
random,seed_20268993,20268993,FLB_95,FLB,95.0,% of 100 cm2 feedwater-line break,validation,NPPAD_README_case_number
random,seed_20268993,20268993,SGBTR_65,SGBTR,65.0,% of one full steam-generator-B tube rupture,validation,NPPAD_README_case_number
random,seed_20268993,20268993,FLB_22,FLB,22.0,% of 100 cm2 feedwater-line break,validation,NPPAD_README_case_number
random,seed_20268993,20268993,LOCA_51,LOCA,51.0,% of 100 cm2 hot-leg break,validation,NPPAD_README_case_number
random,seed_20268993,20268993,LR_97,LR,97.0,% of full load rejected,validation,NPPAD_README_case_number
random,seed_20268993,20268993,SGBTR_63,SGBTR,63.0,% of one full steam-generator-B tube rupture,validation,NPPAD_README_case_number
random,seed_20268993,20268993,SGBTR_103,SGBTR,103.0,% of one full steam-generator-B tube rupture,validation,NPPAD_README_case_number
random,seed_20268993,20268993,LOCA_67,LOCA,67.0,% of 100 cm2 hot-leg break,validation,NPPAD_README_case_number
random,seed_20268993,20268993,LOCA_56,LOCA,56.0,% of 100 cm2 hot-leg break,validation,NPPAD_README_case_number
random,seed_20268993,20268993,FLB_34,FLB,34.0,% of 100 cm2 feedwater-line break,validation,NPPAD_README_case_number
random,seed_20268993,20268993,SLBIC_59,SLBIC,59.0,% of 100 cm2 inside-containment steam-line break,validation,NPPAD_README_case_number
random,seed_20268993,20268993,LOCAC_70,LOCAC,70.0,% of 100 cm2 cold-leg break,validation,NPPAD_README_case_number
random,seed_20268993,20268993,FLB_56,FLB,56.0,% of 100 cm2 feedwater-line break,validation,NPPAD_README_case_number
random,seed_20268993,20268993,SGBTR_100,SGBTR,100.0,% of one full steam-generator-B tube rupture,validation,NPPAD_README_case_number
random,seed_20268993,20268993,LOCAC_32,LOCAC,32.0,% of 100 cm2 cold-leg break,validation,NPPAD_README_case_number
random,seed_20268993,20268993,RI_-12,RI,-12.0,% of rods inserted,validation,NPPAD_README_case_number
random,seed_20268993,20268993,SGBTR_105,SGBTR,105.0,% of one full steam-generator-B tube rupture,validation,NPPAD_README_case_number
random,seed_20268993,20268993,SGBTR_101,SGBTR,101.0,% of one full steam-generator-B tube rupture,validation,NPPAD_README_case_number
random,seed_20268993,20268993,RI_-32,RI,-32.0,% of rods inserted,validation,NPPAD_README_case_number
random,seed_20268993,20268993,SGBTR_84,SGBTR,84.0,% of one full steam-generator-B tube rupture,validation,NPPAD_README_case_number
random,seed_20268993,20268993,SLBIC_65,SLBIC,65.0,% of 100 cm2 inside-containment steam-line break,validation,NPPAD_README_case_number
random,seed_20268993,20268993,LOCAC_11,LOCAC,11.0,% of 100 cm2 cold-leg break,validation,NPPAD_README_case_number
random,seed_20268993,20268993,LOCAC_16,LOCAC,16.0,% of 100 cm2 cold-leg break,validation,NPPAD_README_case_number
random,seed_20268993,20268993,LR_75,LR,75.0,% of full load rejected,validation,NPPAD_README_case_number
random,seed_20268993,20268993,FLB_43,FLB,43.0,% of 100 cm2 feedwater-line break,validation,NPPAD_README_case_number
random,seed_20268993,20268993,LOCA_37,LOCA,37.0,% of 100 cm2 hot-leg break,validation,NPPAD_README_case_number
random,seed_20268993,20268993,LR_79,LR,79.0,% of full load rejected,validation,NPPAD_README_case_number
random,seed_20268993,20268993,SLBIC_94,SLBIC,94.0,% of 100 cm2 inside-containment steam-line break,validation,NPPAD_README_case_number
random,seed_20268993,20268993,LOCA_50,LOCA,50.0,% of 100 cm2 hot-leg break,validation,NPPAD_README_case_number
random,seed_20268993,20268993,SGATR_68,SGATR,68.0,% of one full steam-generator-A tube rupture,validation,NPPAD_README_case_number
random,seed_20268993,20268993,SLBIC_84,SLBIC,84.0,% of 100 cm2 inside-containment steam-line break,validation,NPPAD_README_case_number
random,seed_20268993,20268993,FLB_72,FLB,72.0,% of 100 cm2 feedwater-line break,validation,NPPAD_README_case_number
random,seed_20268993,20268993,SGATR_71,SGATR,71.0,% of one full steam-generator-A tube rupture,validation,NPPAD_README_case_number
random,seed_20268993,20268993,FLB_8,FLB,8.0,% of 100 cm2 feedwater-line break,validation,NPPAD_README_case_number
random,seed_20268993,20268993,SLBIC_86,SLBIC,86.0,% of 100 cm2 inside-containment steam-line break,validation,NPPAD_README_case_number
random,seed_20268993,20268993,LOCAC_46,LOCAC,46.0,% of 100 cm2 cold-leg break,validation,NPPAD_README_case_number
random,seed_20268993,20268993,FLB_66,FLB,66.0,% of 100 cm2 feedwater-line break,validation,NPPAD_README_case_number
random,seed_20268993,20268993,FLB_97,FLB,97.0,% of 100 cm2 feedwater-line break,validation,NPPAD_README_case_number
random,seed_20268993,20268993,RI_-13,RI,-13.0,% of rods inserted,test,NPPAD_README_case_number
random,seed_20268993,20268993,LOCA_26,LOCA,26.0,% of 100 cm2 hot-leg break,test,NPPAD_README_case_number
random,seed_20268993,20268993,FLB_38,FLB,38.0,% of 100 cm2 feedwater-line break,test,NPPAD_README_case_number
random,seed_20268993,20268993,FLB_7,FLB,7.0,% of 100 cm2 feedwater-line break,test,NPPAD_README_case_number
random,seed_20268993,20268993,SLBIC_24,SLBIC,24.0,% of 100 cm2 inside-containment steam-line break,test,NPPAD_README_case_number
random,seed_20268993,20268993,SLBIC_50,SLBIC,50.0,% of 100 cm2 inside-containment steam-line break,test,NPPAD_README_case_number
random,seed_20268993,20268993,LOCAC_54,LOCAC,54.0,% of 100 cm2 cold-leg break,test,NPPAD_README_case_number
random,seed_20268993,20268993,SLBIC_26,SLBIC,26.0,% of 100 cm2 inside-containment steam-line break,test,NPPAD_README_case_number
random,seed_20268993,20268993,SGBTR_69,SGBTR,69.0,% of one full steam-generator-B tube rupture,test,NPPAD_README_case_number
random,seed_20268993,20268993,RI_-26,RI,-26.0,% of rods inserted,test,NPPAD_README_case_number
random,seed_20268993,20268993,LOCAC_55,LOCAC,55.0,% of 100 cm2 cold-leg break,test,NPPAD_README_case_number
random,seed_20268993,20268993,LOCAC_1,LOCAC,1.0,% of 100 cm2 cold-leg break,test,NPPAD_README_case_number
random,seed_20268993,20268993,SLBIC_28,SLBIC,28.0,% of 100 cm2 inside-containment steam-line break,test,NPPAD_README_case_number
random,seed_20268993,20268993,LOCA_57,LOCA,57.0,% of 100 cm2 hot-leg break,test,NPPAD_README_case_number
random,seed_20268993,20268993,LOCAC_50,LOCAC,50.0,% of 100 cm2 cold-leg break,test,NPPAD_README_case_number
random,seed_20268993,20268993,SLBIC_74,SLBIC,74.0,% of 100 cm2 inside-containment steam-line break,test,NPPAD_README_case_number
random,seed_20268993,20268993,LR_93,LR,93.0,% of full load rejected,test,NPPAD_README_case_number
random,seed_20268993,20268993,FLB_48,FLB,48.0,% of 100 cm2 feedwater-line break,test,NPPAD_README_case_number
random,seed_20268993,20268993,SGATR_87,SGATR,87.0,% of one full steam-generator-A tube rupture,test,NPPAD_README_case_number
random,seed_20268993,20268993,LR_90,LR,90.0,% of full load rejected,test,NPPAD_README_case_number
random,seed_20268993,20268993,LOCAC_28,LOCAC,28.0,% of 100 cm2 cold-leg break,test,NPPAD_README_case_number
random,seed_20268993,20268993,FLB_4,FLB,4.0,% of 100 cm2 feedwater-line break,test,NPPAD_README_case_number
random,seed_20268993,20268993,FLB_27,FLB,27.0,% of 100 cm2 feedwater-line break,test,NPPAD_README_case_number
random,seed_20268993,20268993,SGATR_92,SGATR,92.0,% of one full steam-generator-A tube rupture,test,NPPAD_README_case_number
random,seed_20268993,20268993,SLBIC_41,SLBIC,41.0,% of 100 cm2 inside-containment steam-line break,test,NPPAD_README_case_number
random,seed_20268993,20268993,LOCA_44,LOCA,44.0,% of 100 cm2 hot-leg break,test,NPPAD_README_case_number
random,seed_20268993,20268993,SGATR_58,SGATR,58.0,% of one full steam-generator-A tube rupture,test,NPPAD_README_case_number
random,seed_20268993,20268993,SGATR_97,SGATR,97.0,% of one full steam-generator-A tube rupture,test,NPPAD_README_case_number
random,seed_20268993,20268993,SGBTR_82,SGBTR,82.0,% of one full steam-generator-B tube rupture,test,NPPAD_README_case_number
random,seed_20268993,20268993,SGATR_91,SGATR,91.0,% of one full steam-generator-A tube rupture,test,NPPAD_README_case_number
random,seed_20268993,20268993,LOCAC_68,LOCAC,68.0,% of 100 cm2 cold-leg break,test,NPPAD_README_case_number
random,seed_20268993,20268993,FLB_6,FLB,6.0,% of 100 cm2 feedwater-line break,test,NPPAD_README_case_number
random,seed_20268993,20268993,LOCA_19,LOCA,19.0,% of 100 cm2 hot-leg break,test,NPPAD_README_case_number
random,seed_20268993,20268993,LOCAC_41,LOCAC,41.0,% of 100 cm2 cold-leg break,test,NPPAD_README_case_number
random,seed_20268993,20268993,LOCAC_44,LOCAC,44.0,% of 100 cm2 cold-leg break,test,NPPAD_README_case_number
random,seed_20268993,20268993,SGATR_96,SGATR,96.0,% of one full steam-generator-A tube rupture,test,NPPAD_README_case_number
random,seed_20268993,20268993,FLB_19,FLB,19.0,% of 100 cm2 feedwater-line break,test,NPPAD_README_case_number
random,seed_20268993,20268993,RI_-1,RI,-1.0,% of rods inserted,test,NPPAD_README_case_number
random,seed_20268993,20268993,SLBIC_81,SLBIC,81.0,% of 100 cm2 inside-containment steam-line break,test,NPPAD_README_case_number
random,seed_20268993,20268993,SGBTR_95,SGBTR,95.0,% of one full steam-generator-B tube rupture,test,NPPAD_README_case_number
random,seed_20268993,20268993,SGBTR_66,SGBTR,66.0,% of one full steam-generator-B tube rupture,test,NPPAD_README_case_number
random,seed_20268993,20268993,SLBIC_53,SLBIC,53.0,% of 100 cm2 inside-containment steam-line break,test,NPPAD_README_case_number
random,seed_20268993,20268993,FLB_76,FLB,76.0,% of 100 cm2 feedwater-line break,test,NPPAD_README_case_number
random,seed_20268993,20268993,LOCA_73,LOCA,73.0,% of 100 cm2 hot-leg break,test,NPPAD_README_case_number
random,seed_20268993,20268993,LOCA_61,LOCA,61.0,% of 100 cm2 hot-leg break,test,NPPAD_README_case_number
random,seed_20268993,20268993,FLB_14,FLB,14.0,% of 100 cm2 feedwater-line break,test,NPPAD_README_case_number
random,seed_20268993,20268993,LOCAC_65,LOCAC,65.0,% of 100 cm2 cold-leg break,test,NPPAD_README_case_number
random,seed_20268993,20268993,SGBTR_90,SGBTR,90.0,% of one full steam-generator-B tube rupture,test,NPPAD_README_case_number
random,seed_20268993,20268993,LOCAC_24,LOCAC,24.0,% of 100 cm2 cold-leg break,test,NPPAD_README_case_number
random,seed_20268993,20268993,LOCA_45,LOCA,45.0,% of 100 cm2 hot-leg break,test,NPPAD_README_case_number
random,seed_20268993,20268993,SLBIC_27,SLBIC,27.0,% of 100 cm2 inside-containment steam-line break,test,NPPAD_README_case_number
random,seed_20268993,20268993,SLBIC_72,SLBIC,72.0,% of 100 cm2 inside-containment steam-line break,test,NPPAD_README_case_number
random,seed_20268993,20268993,LOCAC_22,LOCAC,22.0,% of 100 cm2 cold-leg break,test,NPPAD_README_case_number
random,seed_20268993,20268993,FLB_33,FLB,33.0,% of 100 cm2 feedwater-line break,test,NPPAD_README_case_number
random,seed_20268993,20268993,FLB_85,FLB,85.0,% of 100 cm2 feedwater-line break,test,NPPAD_README_case_number
random,seed_20268993,20268993,SLBIC_91,SLBIC,91.0,% of 100 cm2 inside-containment steam-line break,test,NPPAD_README_case_number
random,seed_20268993,20268993,SLBIC_56,SLBIC,56.0,% of 100 cm2 inside-containment steam-line break,test,NPPAD_README_case_number
random,seed_20268993,20268993,SLBIC_64,SLBIC,64.0,% of 100 cm2 inside-containment steam-line break,test,NPPAD_README_case_number
random,seed_20268993,20268993,LOCAC_78,LOCAC,78.0,% of 100 cm2 cold-leg break,test,NPPAD_README_case_number
random,seed_20268993,20268993,RI_-23,RI,-23.0,% of rods inserted,test,NPPAD_README_case_number
random,seed_20268993,20268993,LOCA_4,LOCA,4.0,% of 100 cm2 hot-leg break,test,NPPAD_README_case_number
random,seed_20268993,20268993,LR_71,LR,71.0,% of full load rejected,test,NPPAD_README_case_number
random,seed_20268993,20268993,FLB_83,FLB,83.0,% of 100 cm2 feedwater-line break,test,NPPAD_README_case_number
random,seed_20268993,20268993,LR_72,LR,72.0,% of full load rejected,test,NPPAD_README_case_number
random,seed_20268993,20268993,FLB_81,FLB,81.0,% of 100 cm2 feedwater-line break,test,NPPAD_README_case_number
random,seed_20268993,20268993,RI_-31,RI,-31.0,% of rods inserted,test,NPPAD_README_case_number
random,seed_20268993,20268993,LR_70,LR,70.0,% of full load rejected,test,NPPAD_README_case_number
random,seed_20268993,20268993,SGBTR_67,SGBTR,67.0,% of one full steam-generator-B tube rupture,test,NPPAD_README_case_number
random,seed_20268993,20268993,SGATR_84,SGATR,84.0,% of one full steam-generator-A tube rupture,test,NPPAD_README_case_number
random,seed_20268993,20268993,LOCAC_52,LOCAC,52.0,% of 100 cm2 cold-leg break,test,NPPAD_README_case_number
random,seed_20268993,20268993,LOCA_58,LOCA,58.0,% of 100 cm2 hot-leg break,test,NPPAD_README_case_number
random,seed_20268993,20268993,LOCA_63,LOCA,63.0,% of 100 cm2 hot-leg break,test,NPPAD_README_case_number
random,seed_20268993,20268993,FLB_10,FLB,10.0,% of 100 cm2 feedwater-line break,test,NPPAD_README_case_number
random,seed_20268993,20268993,RI_-15,RI,-15.0,% of rods inserted,test,NPPAD_README_case_number
random,seed_20268993,20268993,SGATR_64,SGATR,64.0,% of one full steam-generator-A tube rupture,test,NPPAD_README_case_number
random,seed_20268993,20268993,SLBIC_76,SLBIC,76.0,% of 100 cm2 inside-containment steam-line break,test,NPPAD_README_case_number
random,seed_20268993,20268993,LOCAC_23,LOCAC,23.0,% of 100 cm2 cold-leg break,test,NPPAD_README_case_number
random,seed_20268993,20268993,LOCA_54,LOCA,54.0,% of 100 cm2 hot-leg break,test,NPPAD_README_case_number
random,seed_20268993,20268993,FLB_68,FLB,68.0,% of 100 cm2 feedwater-line break,test,NPPAD_README_case_number
random,seed_20268993,20268993,LOCA_40,LOCA,40.0,% of 100 cm2 hot-leg break,test,NPPAD_README_case_number
random,seed_20268993,20268993,SGBTR_98,SGBTR,98.0,% of one full steam-generator-B tube rupture,test,NPPAD_README_case_number
random,seed_20268993,20268993,LOCA_18,LOCA,18.0,% of 100 cm2 hot-leg break,test,NPPAD_README_case_number
random,seed_20268993,20268993,FLB_92,FLB,92.0,% of 100 cm2 feedwater-line break,test,NPPAD_README_case_number
random,seed_20268993,20268993,SGBTR_85,SGBTR,85.0,% of one full steam-generator-B tube rupture,test,NPPAD_README_case_number
random,seed_20268993,20268993,LOCA_65,LOCA,65.0,% of 100 cm2 hot-leg break,test,NPPAD_README_case_number
random,seed_20268993,20268993,LOCA_33,LOCA,33.0,% of 100 cm2 hot-leg break,test,NPPAD_README_case_number
random,seed_20268993,20268993,FLB_44,FLB,44.0,% of 100 cm2 feedwater-line break,test,NPPAD_README_case_number
random,seed_20268993,20268993,SLBIC_39,SLBIC,39.0,% of 100 cm2 inside-containment steam-line break,test,NPPAD_README_case_number
random,seed_20268993,20268993,SLBIC_69,SLBIC,69.0,% of 100 cm2 inside-containment steam-line break,test,NPPAD_README_case_number
random,seed_20268993,20268993,LOCAC_69,LOCAC,69.0,% of 100 cm2 cold-leg break,test,NPPAD_README_case_number
random,seed_20268993,20268993,LOCAC_63,LOCAC,63.0,% of 100 cm2 cold-leg break,test,NPPAD_README_case_number
random,seed_20268993,20268993,FLB_21,FLB,21.0,% of 100 cm2 feedwater-line break,test,NPPAD_README_case_number
random,seed_20268993,20268993,SLBIC_71,SLBIC,71.0,% of 100 cm2 inside-containment steam-line break,test,NPPAD_README_case_number
random,seed_20268993,20268993,SLBIC_67,SLBIC,67.0,% of 100 cm2 inside-containment steam-line break,test,NPPAD_README_case_number
random,seed_20268993,20268993,SGBTR_58,SGBTR,58.0,% of one full steam-generator-B tube rupture,test,NPPAD_README_case_number
random,seed_20268993,20268993,SGBTR_109,SGBTR,109.0,% of one full steam-generator-B tube rupture,test,NPPAD_README_case_number
random,seed_20268993,20268993,SGATR_57,SGATR,57.0,% of one full steam-generator-A tube rupture,test,NPPAD_README_case_number
random,seed_20268993,20268993,FLB_77,FLB,77.0,% of 100 cm2 feedwater-line break,test,NPPAD_README_case_number
random,seed_20268993,20268993,RI_-6,RI,-6.0,% of rods inserted,test,NPPAD_README_case_number
random,seed_20268993,20268993,SGBTR_76,SGBTR,76.0,% of one full steam-generator-B tube rupture,test,NPPAD_README_case_number
random,seed_20268993,20268993,FLB_90,FLB,90.0,% of 100 cm2 feedwater-line break,test,NPPAD_README_case_number
random,seed_20270002,20270002,SGBTR_69,SGBTR,69.0,% of one full steam-generator-B tube rupture,train,NPPAD_README_case_number
random,seed_20270002,20270002,SLBIC_14,SLBIC,14.0,% of 100 cm2 inside-containment steam-line break,train,NPPAD_README_case_number
random,seed_20270002,20270002,LOCA_42,LOCA,42.0,% of 100 cm2 hot-leg break,train,NPPAD_README_case_number
random,seed_20270002,20270002,SLBIC_29,SLBIC,29.0,% of 100 cm2 inside-containment steam-line break,train,NPPAD_README_case_number
random,seed_20270002,20270002,RI_-13,RI,-13.0,% of rods inserted,train,NPPAD_README_case_number
random,seed_20270002,20270002,SGBTR_101,SGBTR,101.0,% of one full steam-generator-B tube rupture,train,NPPAD_README_case_number
random,seed_20270002,20270002,LOCAC_36,LOCAC,36.0,% of 100 cm2 cold-leg break,train,NPPAD_README_case_number
random,seed_20270002,20270002,FLB_26,FLB,26.0,% of 100 cm2 feedwater-line break,train,NPPAD_README_case_number
random,seed_20270002,20270002,LOCA_35,LOCA,35.0,% of 100 cm2 hot-leg break,train,NPPAD_README_case_number
random,seed_20270002,20270002,RI_-16,RI,-16.0,% of rods inserted,train,NPPAD_README_case_number
random,seed_20270002,20270002,SLBIC_63,SLBIC,63.0,% of 100 cm2 inside-containment steam-line break,train,NPPAD_README_case_number
random,seed_20270002,20270002,RI_-8,RI,-8.0,% of rods inserted,train,NPPAD_README_case_number
random,seed_20270002,20270002,LOCA_52,LOCA,52.0,% of 100 cm2 hot-leg break,train,NPPAD_README_case_number
random,seed_20270002,20270002,RI_-32,RI,-32.0,% of rods inserted,train,NPPAD_README_case_number
random,seed_20270002,20270002,SGATR_86,SGATR,86.0,% of one full steam-generator-A tube rupture,train,NPPAD_README_case_number
random,seed_20270002,20270002,SLBIC_82,SLBIC,82.0,% of 100 cm2 inside-containment steam-line break,train,NPPAD_README_case_number
random,seed_20270002,20270002,FLB_81,FLB,81.0,% of 100 cm2 feedwater-line break,train,NPPAD_README_case_number
random,seed_20270002,20270002,LOCA_21,LOCA,21.0,% of 100 cm2 hot-leg break,train,NPPAD_README_case_number
random,seed_20270002,20270002,FLB_84,FLB,84.0,% of 100 cm2 feedwater-line break,train,NPPAD_README_case_number
random,seed_20270002,20270002,LR_82,LR,82.0,% of full load rejected,train,NPPAD_README_case_number
random,seed_20270002,20270002,RI_-25,RI,-25.0,% of rods inserted,train,NPPAD_README_case_number
random,seed_20270002,20270002,LOCAC_78,LOCAC,78.0,% of 100 cm2 cold-leg break,train,NPPAD_README_case_number
random,seed_20270002,20270002,FLB_5,FLB,5.0,% of 100 cm2 feedwater-line break,train,NPPAD_README_case_number
random,seed_20270002,20270002,LOCAC_34,LOCAC,34.0,% of 100 cm2 cold-leg break,train,NPPAD_README_case_number
random,seed_20270002,20270002,SLBIC_25,SLBIC,25.0,% of 100 cm2 inside-containment steam-line break,train,NPPAD_README_case_number
random,seed_20270002,20270002,FLB_42,FLB,42.0,% of 100 cm2 feedwater-line break,train,NPPAD_README_case_number
random,seed_20270002,20270002,SLBIC_31,SLBIC,31.0,% of 100 cm2 inside-containment steam-line break,train,NPPAD_README_case_number
random,seed_20270002,20270002,SGBTR_88,SGBTR,88.0,% of one full steam-generator-B tube rupture,train,NPPAD_README_case_number
random,seed_20270002,20270002,SLBIC_40,SLBIC,40.0,% of 100 cm2 inside-containment steam-line break,train,NPPAD_README_case_number
random,seed_20270002,20270002,SGBTR_98,SGBTR,98.0,% of one full steam-generator-B tube rupture,train,NPPAD_README_case_number
random,seed_20270002,20270002,SGATR_84,SGATR,84.0,% of one full steam-generator-A tube rupture,train,NPPAD_README_case_number
random,seed_20270002,20270002,SGATR_75,SGATR,75.0,% of one full steam-generator-A tube rupture,train,NPPAD_README_case_number
random,seed_20270002,20270002,LOCA_26,LOCA,26.0,% of 100 cm2 hot-leg break,train,NPPAD_README_case_number
random,seed_20270002,20270002,FLB_83,FLB,83.0,% of 100 cm2 feedwater-line break,train,NPPAD_README_case_number
random,seed_20270002,20270002,LOCA_69,LOCA,69.0,% of 100 cm2 hot-leg break,train,NPPAD_README_case_number
random,seed_20270002,20270002,FLB_8,FLB,8.0,% of 100 cm2 feedwater-line break,train,NPPAD_README_case_number
random,seed_20270002,20270002,FLB_56,FLB,56.0,% of 100 cm2 feedwater-line break,train,NPPAD_README_case_number
random,seed_20270002,20270002,LOCA_55,LOCA,55.0,% of 100 cm2 hot-leg break,train,NPPAD_README_case_number
random,seed_20270002,20270002,FLB_76,FLB,76.0,% of 100 cm2 feedwater-line break,train,NPPAD_README_case_number
random,seed_20270002,20270002,LOCA_31,LOCA,31.0,% of 100 cm2 hot-leg break,train,NPPAD_README_case_number
random,seed_20270002,20270002,LOCAC_67,LOCAC,67.0,% of 100 cm2 cold-leg break,train,NPPAD_README_case_number
random,seed_20270002,20270002,SLBIC_75,SLBIC,75.0,% of 100 cm2 inside-containment steam-line break,train,NPPAD_README_case_number
random,seed_20270002,20270002,SGATR_68,SGATR,68.0,% of one full steam-generator-A tube rupture,train,NPPAD_README_case_number
random,seed_20270002,20270002,SGATR_74,SGATR,74.0,% of one full steam-generator-A tube rupture,train,NPPAD_README_case_number
random,seed_20270002,20270002,LOCA_24,LOCA,24.0,% of 100 cm2 hot-leg break,train,NPPAD_README_case_number
random,seed_20270002,20270002,LR_97,LR,97.0,% of full load rejected,train,NPPAD_README_case_number
random,seed_20270002,20270002,RW_3,RW,3.0,% of rods withdrawn,train,NPPAD_README_case_number
random,seed_20270002,20270002,LR_93,LR,93.0,% of full load rejected,train,NPPAD_README_case_number
random,seed_20270002,20270002,SLBIC_61,SLBIC,61.0,% of 100 cm2 inside-containment steam-line break,train,NPPAD_README_case_number
random,seed_20270002,20270002,FLB_62,FLB,62.0,% of 100 cm2 feedwater-line break,train,NPPAD_README_case_number
random,seed_20270002,20270002,SGBTR_96,SGBTR,96.0,% of one full steam-generator-B tube rupture,train,NPPAD_README_case_number
random,seed_20270002,20270002,FLB_73,FLB,73.0,% of 100 cm2 feedwater-line break,train,NPPAD_README_case_number
random,seed_20270002,20270002,FLB_27,FLB,27.0,% of 100 cm2 feedwater-line break,train,NPPAD_README_case_number
random,seed_20270002,20270002,SGATR_82,SGATR,82.0,% of one full steam-generator-A tube rupture,train,NPPAD_README_case_number
random,seed_20270002,20270002,LOCA_4,LOCA,4.0,% of 100 cm2 hot-leg break,train,NPPAD_README_case_number
random,seed_20270002,20270002,LOCAC_3,LOCAC,3.0,% of 100 cm2 cold-leg break,train,NPPAD_README_case_number
random,seed_20270002,20270002,SLBIC_65,SLBIC,65.0,% of 100 cm2 inside-containment steam-line break,train,NPPAD_README_case_number
random,seed_20270002,20270002,LOCAC_46,LOCAC,46.0,% of 100 cm2 cold-leg break,train,NPPAD_README_case_number
random,seed_20270002,20270002,LOCAC_38,LOCAC,38.0,% of 100 cm2 cold-leg break,train,NPPAD_README_case_number
random,seed_20270002,20270002,SGATR_89,SGATR,89.0,% of one full steam-generator-A tube rupture,train,NPPAD_README_case_number
random,seed_20270002,20270002,SGATR_71,SGATR,71.0,% of one full steam-generator-A tube rupture,train,NPPAD_README_case_number
random,seed_20270002,20270002,LOCA_8,LOCA,8.0,% of 100 cm2 hot-leg break,train,NPPAD_README_case_number
random,seed_20270002,20270002,LOCA_71,LOCA,71.0,% of 100 cm2 hot-leg break,train,NPPAD_README_case_number
random,seed_20270002,20270002,SLBIC_41,SLBIC,41.0,% of 100 cm2 inside-containment steam-line break,train,NPPAD_README_case_number
random,seed_20270002,20270002,SGATR_63,SGATR,63.0,% of one full steam-generator-A tube rupture,train,NPPAD_README_case_number
random,seed_20270002,20270002,LOCA_37,LOCA,37.0,% of 100 cm2 hot-leg break,train,NPPAD_README_case_number
random,seed_20270002,20270002,FLB_24,FLB,24.0,% of 100 cm2 feedwater-line break,train,NPPAD_README_case_number
random,seed_20270002,20270002,SGATR_58,SGATR,58.0,% of one full steam-generator-A tube rupture,train,NPPAD_README_case_number
random,seed_20270002,20270002,LOCA_54,LOCA,54.0,% of 100 cm2 hot-leg break,train,NPPAD_README_case_number
random,seed_20270002,20270002,SLBIC_18,SLBIC,18.0,% of 100 cm2 inside-containment steam-line break,train,NPPAD_README_case_number
random,seed_20270002,20270002,SGATR_83,SGATR,83.0,% of one full steam-generator-A tube rupture,train,NPPAD_README_case_number
random,seed_20270002,20270002,SLBIC_64,SLBIC,64.0,% of 100 cm2 inside-containment steam-line break,train,NPPAD_README_case_number
random,seed_20270002,20270002,SGATR_80,SGATR,80.0,% of one full steam-generator-A tube rupture,train,NPPAD_README_case_number
random,seed_20270002,20270002,LOCA_7,LOCA,7.0,% of 100 cm2 hot-leg break,train,NPPAD_README_case_number
random,seed_20270002,20270002,FLB_7,FLB,7.0,% of 100 cm2 feedwater-line break,train,NPPAD_README_case_number
random,seed_20270002,20270002,LOCA_68,LOCA,68.0,% of 100 cm2 hot-leg break,train,NPPAD_README_case_number
random,seed_20270002,20270002,LOCAC_62,LOCAC,62.0,% of 100 cm2 cold-leg break,train,NPPAD_README_case_number
random,seed_20270002,20270002,SLBIC_27,SLBIC,27.0,% of 100 cm2 inside-containment steam-line break,train,NPPAD_README_case_number
random,seed_20270002,20270002,FLB_32,FLB,32.0,% of 100 cm2 feedwater-line break,train,NPPAD_README_case_number
random,seed_20270002,20270002,LR_75,LR,75.0,% of full load rejected,train,NPPAD_README_case_number
random,seed_20270002,20270002,SLBIC_15,SLBIC,15.0,% of 100 cm2 inside-containment steam-line break,train,NPPAD_README_case_number
random,seed_20270002,20270002,SGBTR_106,SGBTR,106.0,% of one full steam-generator-B tube rupture,train,NPPAD_README_case_number
random,seed_20270002,20270002,SGATR_96,SGATR,96.0,% of one full steam-generator-A tube rupture,train,NPPAD_README_case_number
random,seed_20270002,20270002,LOCAC_45,LOCAC,45.0,% of 100 cm2 cold-leg break,train,NPPAD_README_case_number
random,seed_20270002,20270002,SLBIC_67,SLBIC,67.0,% of 100 cm2 inside-containment steam-line break,train,NPPAD_README_case_number
random,seed_20270002,20270002,LOCAC_14,LOCAC,14.0,% of 100 cm2 cold-leg break,train,NPPAD_README_case_number
random,seed_20270002,20270002,SGBTR_59,SGBTR,59.0,% of one full steam-generator-B tube rupture,train,NPPAD_README_case_number
random,seed_20270002,20270002,LOCA_73,LOCA,73.0,% of 100 cm2 hot-leg break,train,NPPAD_README_case_number
random,seed_20270002,20270002,LOCAC_42,LOCAC,42.0,% of 100 cm2 cold-leg break,train,NPPAD_README_case_number
random,seed_20270002,20270002,RI_-22,RI,-22.0,% of rods inserted,train,NPPAD_README_case_number
random,seed_20270002,20270002,SLBIC_28,SLBIC,28.0,% of 100 cm2 inside-containment steam-line break,train,NPPAD_README_case_number
random,seed_20270002,20270002,LR_96,LR,96.0,% of full load rejected,train,NPPAD_README_case_number
random,seed_20270002,20270002,FLB_87,FLB,87.0,% of 100 cm2 feedwater-line break,train,NPPAD_README_case_number
random,seed_20270002,20270002,SLBIC_54,SLBIC,54.0,% of 100 cm2 inside-containment steam-line break,train,NPPAD_README_case_number
random,seed_20270002,20270002,LOCAC_32,LOCAC,32.0,% of 100 cm2 cold-leg break,train,NPPAD_README_case_number
random,seed_20270002,20270002,SGBTR_84,SGBTR,84.0,% of one full steam-generator-B tube rupture,train,NPPAD_README_case_number
random,seed_20270002,20270002,LOCAC_53,LOCAC,53.0,% of 100 cm2 cold-leg break,train,NPPAD_README_case_number
random,seed_20270002,20270002,RI_-12,RI,-12.0,% of rods inserted,train,NPPAD_README_case_number
random,seed_20270002,20270002,SLBIC_84,SLBIC,84.0,% of 100 cm2 inside-containment steam-line break,train,NPPAD_README_case_number
random,seed_20270002,20270002,SLBIC_80,SLBIC,80.0,% of 100 cm2 inside-containment steam-line break,train,NPPAD_README_case_number
random,seed_20270002,20270002,LR_84,LR,84.0,% of full load rejected,train,NPPAD_README_case_number
random,seed_20270002,20270002,LOCAC_43,LOCAC,43.0,% of 100 cm2 cold-leg break,train,NPPAD_README_case_number
random,seed_20270002,20270002,LOCA_57,LOCA,57.0,% of 100 cm2 hot-leg break,train,NPPAD_README_case_number
random,seed_20270002,20270002,SGBTR_104,SGBTR,104.0,% of one full steam-generator-B tube rupture,train,NPPAD_README_case_number
random,seed_20270002,20270002,LOCA_41,LOCA,41.0,% of 100 cm2 hot-leg break,train,NPPAD_README_case_number
random,seed_20270002,20270002,RI_-33,RI,-33.0,% of rods inserted,train,NPPAD_README_case_number
random,seed_20270002,20270002,SGATR_94,SGATR,94.0,% of one full steam-generator-A tube rupture,train,NPPAD_README_case_number
random,seed_20270002,20270002,SLBIC_96,SLBIC,96.0,% of 100 cm2 inside-containment steam-line break,train,NPPAD_README_case_number
random,seed_20270002,20270002,LOCAC_21,LOCAC,21.0,% of 100 cm2 cold-leg break,train,NPPAD_README_case_number
random,seed_20270002,20270002,LOCA_15,LOCA,15.0,% of 100 cm2 hot-leg break,train,NPPAD_README_case_number
random,seed_20270002,20270002,LOCAC_4,LOCAC,4.0,% of 100 cm2 cold-leg break,train,NPPAD_README_case_number
random,seed_20270002,20270002,LOCAC_44,LOCAC,44.0,% of 100 cm2 cold-leg break,train,NPPAD_README_case_number
random,seed_20270002,20270002,LOCAC_71,LOCAC,71.0,% of 100 cm2 cold-leg break,train,NPPAD_README_case_number
random,seed_20270002,20270002,FLB_17,FLB,17.0,% of 100 cm2 feedwater-line break,train,NPPAD_README_case_number
random,seed_20270002,20270002,SGBTR_60,SGBTR,60.0,% of one full steam-generator-B tube rupture,train,NPPAD_README_case_number
random,seed_20270002,20270002,FLB_51,FLB,51.0,% of 100 cm2 feedwater-line break,train,NPPAD_README_case_number
random,seed_20270002,20270002,SGATR_73,SGATR,73.0,% of one full steam-generator-A tube rupture,train,NPPAD_README_case_number
random,seed_20270002,20270002,RI_-10,RI,-10.0,% of rods inserted,train,NPPAD_README_case_number
random,seed_20270002,20270002,FLB_71,FLB,71.0,% of 100 cm2 feedwater-line break,train,NPPAD_README_case_number
random,seed_20270002,20270002,LR_87,LR,87.0,% of full load rejected,train,NPPAD_README_case_number
random,seed_20270002,20270002,LOCAC_47,LOCAC,47.0,% of 100 cm2 cold-leg break,train,NPPAD_README_case_number
random,seed_20270002,20270002,SLBIC_62,SLBIC,62.0,% of 100 cm2 inside-containment steam-line break,train,NPPAD_README_case_number
random,seed_20270002,20270002,LOCA_10,LOCA,10.0,% of 100 cm2 hot-leg break,train,NPPAD_README_case_number
random,seed_20270002,20270002,RW_2,RW,2.0,% of rods withdrawn,train,NPPAD_README_case_number
random,seed_20270002,20270002,LOCA_53,LOCA,53.0,% of 100 cm2 hot-leg break,train,NPPAD_README_case_number
random,seed_20270002,20270002,LOCAC_60,LOCAC,60.0,% of 100 cm2 cold-leg break,train,NPPAD_README_case_number
random,seed_20270002,20270002,LOCAC_24,LOCAC,24.0,% of 100 cm2 cold-leg break,train,NPPAD_README_case_number
random,seed_20270002,20270002,LOCA_45,LOCA,45.0,% of 100 cm2 hot-leg break,train,NPPAD_README_case_number
random,seed_20270002,20270002,FLB_92,FLB,92.0,% of 100 cm2 feedwater-line break,train,NPPAD_README_case_number
random,seed_20270002,20270002,LOCA_9,LOCA,9.0,% of 100 cm2 hot-leg break,train,NPPAD_README_case_number
random,seed_20270002,20270002,LOCA_74,LOCA,74.0,% of 100 cm2 hot-leg break,train,NPPAD_README_case_number
random,seed_20270002,20270002,LOCA_27,LOCA,27.0,% of 100 cm2 hot-leg break,train,NPPAD_README_case_number
random,seed_20270002,20270002,LOCAC_77,LOCAC,77.0,% of 100 cm2 cold-leg break,train,NPPAD_README_case_number
random,seed_20270002,20270002,LOCAC_40,LOCAC,40.0,% of 100 cm2 cold-leg break,train,NPPAD_README_case_number
random,seed_20270002,20270002,SLBIC_52,SLBIC,52.0,% of 100 cm2 inside-containment steam-line break,train,NPPAD_README_case_number
random,seed_20270002,20270002,FLB_39,FLB,39.0,% of 100 cm2 feedwater-line break,train,NPPAD_README_case_number
random,seed_20270002,20270002,FLB_14,FLB,14.0,% of 100 cm2 feedwater-line break,train,NPPAD_README_case_number
random,seed_20270002,20270002,SGBTR_107,SGBTR,107.0,% of one full steam-generator-B tube rupture,train,NPPAD_README_case_number
random,seed_20270002,20270002,FLB_15,FLB,15.0,% of 100 cm2 feedwater-line break,train,NPPAD_README_case_number
random,seed_20270002,20270002,SGATR_78,SGATR,78.0,% of one full steam-generator-A tube rupture,train,NPPAD_README_case_number
random,seed_20270002,20270002,LOCA_65,LOCA,65.0,% of 100 cm2 hot-leg break,train,NPPAD_README_case_number
random,seed_20270002,20270002,RI_-31,RI,-31.0,% of rods inserted,train,NPPAD_README_case_number
random,seed_20270002,20270002,LR_86,LR,86.0,% of full load rejected,train,NPPAD_README_case_number
random,seed_20270002,20270002,SLBIC_93,SLBIC,93.0,% of 100 cm2 inside-containment steam-line break,train,NPPAD_README_case_number
random,seed_20270002,20270002,SGBTR_105,SGBTR,105.0,% of one full steam-generator-B tube rupture,train,NPPAD_README_case_number
random,seed_20270002,20270002,LOCA_76,LOCA,76.0,% of 100 cm2 hot-leg break,train,NPPAD_README_case_number
random,seed_20270002,20270002,SGBTR_70,SGBTR,70.0,% of one full steam-generator-B tube rupture,train,NPPAD_README_case_number
random,seed_20270002,20270002,SLBIC_100,SLBIC,100.0,% of 100 cm2 inside-containment steam-line break,train,NPPAD_README_case_number
random,seed_20270002,20270002,LOCA_33,LOCA,33.0,% of 100 cm2 hot-leg break,train,NPPAD_README_case_number
random,seed_20270002,20270002,LOCA_30,LOCA,30.0,% of 100 cm2 hot-leg break,train,NPPAD_README_case_number
random,seed_20270002,20270002,FLB_13,FLB,13.0,% of 100 cm2 feedwater-line break,train,NPPAD_README_case_number
random,seed_20270002,20270002,RI_-4,RI,-4.0,% of rods inserted,train,NPPAD_README_case_number
random,seed_20270002,20270002,SLBIC_39,SLBIC,39.0,% of 100 cm2 inside-containment steam-line break,train,NPPAD_README_case_number
random,seed_20270002,20270002,FLB_49,FLB,49.0,% of 100 cm2 feedwater-line break,train,NPPAD_README_case_number
random,seed_20270002,20270002,LOCAC_56,LOCAC,56.0,% of 100 cm2 cold-leg break,train,NPPAD_README_case_number
random,seed_20270002,20270002,FLB_74,FLB,74.0,% of 100 cm2 feedwater-line break,train,NPPAD_README_case_number
random,seed_20270002,20270002,FLB_99,FLB,99.0,% of 100 cm2 feedwater-line break,train,NPPAD_README_case_number
random,seed_20270002,20270002,LOCA_17,LOCA,17.0,% of 100 cm2 hot-leg break,train,NPPAD_README_case_number
random,seed_20270002,20270002,LR_99,LR,99.0,% of full load rejected,train,NPPAD_README_case_number
random,seed_20270002,20270002,SLBIC_53,SLBIC,53.0,% of 100 cm2 inside-containment steam-line break,train,NPPAD_README_case_number
random,seed_20270002,20270002,SLBIC_70,SLBIC,70.0,% of 100 cm2 inside-containment steam-line break,train,NPPAD_README_case_number
random,seed_20270002,20270002,LOCAC_11,LOCAC,11.0,% of 100 cm2 cold-leg break,train,NPPAD_README_case_number
random,seed_20270002,20270002,FLB_44,FLB,44.0,% of 100 cm2 feedwater-line break,train,NPPAD_README_case_number
random,seed_20270002,20270002,SGBTR_89,SGBTR,89.0,% of one full steam-generator-B tube rupture,train,NPPAD_README_case_number
random,seed_20270002,20270002,SLBIC_34,SLBIC,34.0,% of 100 cm2 inside-containment steam-line break,train,NPPAD_README_case_number
random,seed_20270002,20270002,LR_98,LR,98.0,% of full load rejected,train,NPPAD_README_case_number
random,seed_20270002,20270002,LOCAC_22,LOCAC,22.0,% of 100 cm2 cold-leg break,train,NPPAD_README_case_number
random,seed_20270002,20270002,LR_76,LR,76.0,% of full load rejected,train,NPPAD_README_case_number
random,seed_20270002,20270002,RI_-11,RI,-11.0,% of rods inserted,train,NPPAD_README_case_number
random,seed_20270002,20270002,LOCAC_58,LOCAC,58.0,% of 100 cm2 cold-leg break,train,NPPAD_README_case_number
random,seed_20270002,20270002,SGATR_79,SGATR,79.0,% of one full steam-generator-A tube rupture,train,NPPAD_README_case_number
random,seed_20270002,20270002,FLB_100,FLB,100.0,% of 100 cm2 feedwater-line break,train,NPPAD_README_case_number
random,seed_20270002,20270002,LOCA_44,LOCA,44.0,% of 100 cm2 hot-leg break,train,NPPAD_README_case_number
random,seed_20270002,20270002,RI_-9,RI,-9.0,% of rods inserted,train,NPPAD_README_case_number
random,seed_20270002,20270002,LOCA_59,LOCA,59.0,% of 100 cm2 hot-leg break,train,NPPAD_README_case_number
random,seed_20270002,20270002,SLBIC_23,SLBIC,23.0,% of 100 cm2 inside-containment steam-line break,train,NPPAD_README_case_number
random,seed_20270002,20270002,LOCAC_17,LOCAC,17.0,% of 100 cm2 cold-leg break,train,NPPAD_README_case_number
random,seed_20270002,20270002,FLB_64,FLB,64.0,% of 100 cm2 feedwater-line break,train,NPPAD_README_case_number
random,seed_20270002,20270002,FLB_69,FLB,69.0,% of 100 cm2 feedwater-line break,train,NPPAD_README_case_number
random,seed_20270002,20270002,SGBTR_78,SGBTR,78.0,% of one full steam-generator-B tube rupture,train,NPPAD_README_case_number
random,seed_20270002,20270002,SGBTR_63,SGBTR,63.0,% of one full steam-generator-B tube rupture,train,NPPAD_README_case_number
random,seed_20270002,20270002,SGBTR_108,SGBTR,108.0,% of one full steam-generator-B tube rupture,train,NPPAD_README_case_number
random,seed_20270002,20270002,FLB_97,FLB,97.0,% of 100 cm2 feedwater-line break,train,NPPAD_README_case_number
random,seed_20270002,20270002,RI_-20,RI,-20.0,% of rods inserted,train,NPPAD_README_case_number
random,seed_20270002,20270002,FLB_91,FLB,91.0,% of 100 cm2 feedwater-line break,train,NPPAD_README_case_number
random,seed_20270002,20270002,SLBIC_17,SLBIC,17.0,% of 100 cm2 inside-containment steam-line break,train,NPPAD_README_case_number
random,seed_20270002,20270002,SGBTR_97,SGBTR,97.0,% of one full steam-generator-B tube rupture,train,NPPAD_README_case_number
random,seed_20270002,20270002,FLB_61,FLB,61.0,% of 100 cm2 feedwater-line break,train,NPPAD_README_case_number
random,seed_20270002,20270002,FLB_98,FLB,98.0,% of 100 cm2 feedwater-line break,train,NPPAD_README_case_number
random,seed_20270002,20270002,SLBIC_78,SLBIC,78.0,% of 100 cm2 inside-containment steam-line break,train,NPPAD_README_case_number
random,seed_20270002,20270002,LOCA_2,LOCA,2.0,% of 100 cm2 hot-leg break,train,NPPAD_README_case_number
random,seed_20270002,20270002,LR_89,LR,89.0,% of full load rejected,train,NPPAD_README_case_number
random,seed_20270002,20270002,SGATR_76,SGATR,76.0,% of one full steam-generator-A tube rupture,train,NPPAD_README_case_number
random,seed_20270002,20270002,SGBTR_61,SGBTR,61.0,% of one full steam-generator-B tube rupture,train,NPPAD_README_case_number
random,seed_20270002,20270002,LOCA_51,LOCA,51.0,% of 100 cm2 hot-leg break,train,NPPAD_README_case_number
random,seed_20270002,20270002,FLB_67,FLB,67.0,% of 100 cm2 feedwater-line break,train,NPPAD_README_case_number
random,seed_20270002,20270002,SLBIC_33,SLBIC,33.0,% of 100 cm2 inside-containment steam-line break,train,NPPAD_README_case_number
random,seed_20270002,20270002,SGBTR_109,SGBTR,109.0,% of one full steam-generator-B tube rupture,train,NPPAD_README_case_number
random,seed_20270002,20270002,LOCA_38,LOCA,38.0,% of 100 cm2 hot-leg break,train,NPPAD_README_case_number
random,seed_20270002,20270002,SGATR_70,SGATR,70.0,% of one full steam-generator-A tube rupture,train,NPPAD_README_case_number
random,seed_20270002,20270002,FLB_63,FLB,63.0,% of 100 cm2 feedwater-line break,train,NPPAD_README_case_number
random,seed_20270002,20270002,LOCAC_55,LOCAC,55.0,% of 100 cm2 cold-leg break,train,NPPAD_README_case_number
random,seed_20270002,20270002,FLB_45,FLB,45.0,% of 100 cm2 feedwater-line break,train,NPPAD_README_case_number
random,seed_20270002,20270002,FLB_70,FLB,70.0,% of 100 cm2 feedwater-line break,train,NPPAD_README_case_number
random,seed_20270002,20270002,RI_-3,RI,-3.0,% of rods inserted,train,NPPAD_README_case_number
random,seed_20270002,20270002,FLB_6,FLB,6.0,% of 100 cm2 feedwater-line break,train,NPPAD_README_case_number
random,seed_20270002,20270002,LOCAC_16,LOCAC,16.0,% of 100 cm2 cold-leg break,train,NPPAD_README_case_number
random,seed_20270002,20270002,FLB_88,FLB,88.0,% of 100 cm2 feedwater-line break,train,NPPAD_README_case_number
random,seed_20270002,20270002,LOCAC_33,LOCAC,33.0,% of 100 cm2 cold-leg break,train,NPPAD_README_case_number
random,seed_20270002,20270002,LOCAC_37,LOCAC,37.0,% of 100 cm2 cold-leg break,train,NPPAD_README_case_number
random,seed_20270002,20270002,LOCAC_8,LOCAC,8.0,% of 100 cm2 cold-leg break,train,NPPAD_README_case_number
random,seed_20270002,20270002,LOCA_50,LOCA,50.0,% of 100 cm2 hot-leg break,train,NPPAD_README_case_number
random,seed_20270002,20270002,SGATR_77,SGATR,77.0,% of one full steam-generator-A tube rupture,train,NPPAD_README_case_number
random,seed_20270002,20270002,SLBIC_51,SLBIC,51.0,% of 100 cm2 inside-containment steam-line break,train,NPPAD_README_case_number
random,seed_20270002,20270002,LOCA_11,LOCA,11.0,% of 100 cm2 hot-leg break,train,NPPAD_README_case_number
random,seed_20270002,20270002,RI_-28,RI,-28.0,% of rods inserted,train,NPPAD_README_case_number
random,seed_20270002,20270002,SGATR_85,SGATR,85.0,% of one full steam-generator-A tube rupture,train,NPPAD_README_case_number
random,seed_20270002,20270002,RI_-23,RI,-23.0,% of rods inserted,train,NPPAD_README_case_number
random,seed_20270002,20270002,FLB_43,FLB,43.0,% of 100 cm2 feedwater-line break,train,NPPAD_README_case_number
random,seed_20270002,20270002,FLB_22,FLB,22.0,% of 100 cm2 feedwater-line break,train,NPPAD_README_case_number
random,seed_20270002,20270002,LOCAC_5,LOCAC,5.0,% of 100 cm2 cold-leg break,train,NPPAD_README_case_number
random,seed_20270002,20270002,LOCAC_13,LOCAC,13.0,% of 100 cm2 cold-leg break,train,NPPAD_README_case_number
random,seed_20270002,20270002,LOCA_47,LOCA,47.0,% of 100 cm2 hot-leg break,train,NPPAD_README_case_number
random,seed_20270002,20270002,LOCAC_51,LOCAC,51.0,% of 100 cm2 cold-leg break,train,NPPAD_README_case_number
random,seed_20270002,20270002,SLBIC_77,SLBIC,77.0,% of 100 cm2 inside-containment steam-line break,train,NPPAD_README_case_number
random,seed_20270002,20270002,SLBIC_58,SLBIC,58.0,% of 100 cm2 inside-containment steam-line break,train,NPPAD_README_case_number
random,seed_20270002,20270002,SGATR_64,SGATR,64.0,% of one full steam-generator-A tube rupture,train,NPPAD_README_case_number
random,seed_20270002,20270002,SGBTR_79,SGBTR,79.0,% of one full steam-generator-B tube rupture,train,NPPAD_README_case_number
random,seed_20270002,20270002,LOCAC_68,LOCAC,68.0,% of 100 cm2 cold-leg break,train,NPPAD_README_case_number
random,seed_20270002,20270002,SGBTR_100,SGBTR,100.0,% of one full steam-generator-B tube rupture,train,NPPAD_README_case_number
random,seed_20270002,20270002,LR_71,LR,71.0,% of full load rejected,train,NPPAD_README_case_number
random,seed_20270002,20270002,FLB_90,FLB,90.0,% of 100 cm2 feedwater-line break,train,NPPAD_README_case_number
random,seed_20270002,20270002,SGBTR_76,SGBTR,76.0,% of one full steam-generator-B tube rupture,train,NPPAD_README_case_number
random,seed_20270002,20270002,LOCAC_26,LOCAC,26.0,% of 100 cm2 cold-leg break,train,NPPAD_README_case_number
random,seed_20270002,20270002,SLBIC_66,SLBIC,66.0,% of 100 cm2 inside-containment steam-line break,train,NPPAD_README_case_number
random,seed_20270002,20270002,SLBIC_37,SLBIC,37.0,% of 100 cm2 inside-containment steam-line break,train,NPPAD_README_case_number
random,seed_20270002,20270002,SGBTR_62,SGBTR,62.0,% of one full steam-generator-B tube rupture,train,NPPAD_README_case_number
random,seed_20270002,20270002,FLB_78,FLB,78.0,% of 100 cm2 feedwater-line break,train,NPPAD_README_case_number
random,seed_20270002,20270002,FLB_96,FLB,96.0,% of 100 cm2 feedwater-line break,train,NPPAD_README_case_number
random,seed_20270002,20270002,LR_70,LR,70.0,% of full load rejected,train,NPPAD_README_case_number
random,seed_20270002,20270002,SLBIC_89,SLBIC,89.0,% of 100 cm2 inside-containment steam-line break,train,NPPAD_README_case_number
random,seed_20270002,20270002,SGBTR_67,SGBTR,67.0,% of one full steam-generator-B tube rupture,train,NPPAD_README_case_number
random,seed_20270002,20270002,LOCAC_12,LOCAC,12.0,% of 100 cm2 cold-leg break,train,NPPAD_README_case_number
random,seed_20270002,20270002,SLBIC_42,SLBIC,42.0,% of 100 cm2 inside-containment steam-line break,train,NPPAD_README_case_number
random,seed_20270002,20270002,SLBIC_68,SLBIC,68.0,% of 100 cm2 inside-containment steam-line break,train,NPPAD_README_case_number
random,seed_20270002,20270002,LOCAC_6,LOCAC,6.0,% of 100 cm2 cold-leg break,train,NPPAD_README_case_number
random,seed_20270002,20270002,SLBIC_44,SLBIC,44.0,% of 100 cm2 inside-containment steam-line break,train,NPPAD_README_case_number
random,seed_20270002,20270002,SLBIC_90,SLBIC,90.0,% of 100 cm2 inside-containment steam-line break,train,NPPAD_README_case_number
random,seed_20270002,20270002,SLBIC_91,SLBIC,91.0,% of 100 cm2 inside-containment steam-line break,train,NPPAD_README_case_number
random,seed_20270002,20270002,SGBTR_68,SGBTR,68.0,% of one full steam-generator-B tube rupture,train,NPPAD_README_case_number
random,seed_20270002,20270002,RW_1,RW,1.0,% of rods withdrawn,train,NPPAD_README_case_number
random,seed_20270002,20270002,FLB_47,FLB,47.0,% of 100 cm2 feedwater-line break,train,NPPAD_README_case_number
random,seed_20270002,20270002,LOCA_20,LOCA,20.0,% of 100 cm2 hot-leg break,train,NPPAD_README_case_number
random,seed_20270002,20270002,FLB_10,FLB,10.0,% of 100 cm2 feedwater-line break,train,NPPAD_README_case_number
random,seed_20270002,20270002,SLBIC_32,SLBIC,32.0,% of 100 cm2 inside-containment steam-line break,train,NPPAD_README_case_number
random,seed_20270002,20270002,LOCA_5,LOCA,5.0,% of 100 cm2 hot-leg break,train,NPPAD_README_case_number
random,seed_20270002,20270002,SGBTR_77,SGBTR,77.0,% of one full steam-generator-B tube rupture,train,NPPAD_README_case_number
random,seed_20270002,20270002,FLB_38,FLB,38.0,% of 100 cm2 feedwater-line break,train,NPPAD_README_case_number
random,seed_20270002,20270002,FLB_79,FLB,79.0,% of 100 cm2 feedwater-line break,train,NPPAD_README_case_number
random,seed_20270002,20270002,FLB_95,FLB,95.0,% of 100 cm2 feedwater-line break,train,NPPAD_README_case_number
random,seed_20270002,20270002,LOCAC_75,LOCAC,75.0,% of 100 cm2 cold-leg break,train,NPPAD_README_case_number
random,seed_20270002,20270002,LOCA_72,LOCA,72.0,% of 100 cm2 hot-leg break,train,NPPAD_README_case_number
random,seed_20270002,20270002,FLB_35,FLB,35.0,% of 100 cm2 feedwater-line break,train,NPPAD_README_case_number
random,seed_20270002,20270002,SGBTR_90,SGBTR,90.0,% of one full steam-generator-B tube rupture,train,NPPAD_README_case_number
random,seed_20270002,20270002,SLBIC_99,SLBIC,99.0,% of 100 cm2 inside-containment steam-line break,train,NPPAD_README_case_number
random,seed_20270002,20270002,SGBTR_57,SGBTR,57.0,% of one full steam-generator-B tube rupture,train,NPPAD_README_case_number
random,seed_20270002,20270002,LR_85,LR,85.0,% of full load rejected,train,NPPAD_README_case_number
random,seed_20270002,20270002,LOCAC_48,LOCAC,48.0,% of 100 cm2 cold-leg break,train,NPPAD_README_case_number
random,seed_20270002,20270002,LOCAC_74,LOCAC,74.0,% of 100 cm2 cold-leg break,train,NPPAD_README_case_number
random,seed_20270002,20270002,FLB_55,FLB,55.0,% of 100 cm2 feedwater-line break,train,NPPAD_README_case_number
random,seed_20270002,20270002,SGBTR_103,SGBTR,103.0,% of one full steam-generator-B tube rupture,train,NPPAD_README_case_number
random,seed_20270002,20270002,LOCAC_18,LOCAC,18.0,% of 100 cm2 cold-leg break,train,NPPAD_README_case_number
random,seed_20270002,20270002,FLB_9,FLB,9.0,% of 100 cm2 feedwater-line break,train,NPPAD_README_case_number
random,seed_20270002,20270002,SLBIC_60,SLBIC,60.0,% of 100 cm2 inside-containment steam-line break,train,NPPAD_README_case_number
random,seed_20270002,20270002,SLBIC_76,SLBIC,76.0,% of 100 cm2 inside-containment steam-line break,train,NPPAD_README_case_number
random,seed_20270002,20270002,LOCA_67,LOCA,67.0,% of 100 cm2 hot-leg break,train,NPPAD_README_case_number
random,seed_20270002,20270002,FLB_58,FLB,58.0,% of 100 cm2 feedwater-line break,train,NPPAD_README_case_number
random,seed_20270002,20270002,LOCA_61,LOCA,61.0,% of 100 cm2 hot-leg break,train,NPPAD_README_case_number
random,seed_20270002,20270002,LOCA_1,LOCA,1.0,% of 100 cm2 hot-leg break,train,NPPAD_README_case_number
random,seed_20270002,20270002,LR_73,LR,73.0,% of full load rejected,train,NPPAD_README_case_number
random,seed_20270002,20270002,SGBTR_83,SGBTR,83.0,% of one full steam-generator-B tube rupture,train,NPPAD_README_case_number
random,seed_20270002,20270002,FLB_28,FLB,28.0,% of 100 cm2 feedwater-line break,train,NPPAD_README_case_number
random,seed_20270002,20270002,SGATR_88,SGATR,88.0,% of one full steam-generator-A tube rupture,train,NPPAD_README_case_number
random,seed_20270002,20270002,SLBIC_56,SLBIC,56.0,% of 100 cm2 inside-containment steam-line break,train,NPPAD_README_case_number
random,seed_20270002,20270002,RI_-18,RI,-18.0,% of rods inserted,train,NPPAD_README_case_number
random,seed_20270002,20270002,SGBTR_99,SGBTR,99.0,% of one full steam-generator-B tube rupture,train,NPPAD_README_case_number
random,seed_20270002,20270002,FLB_2,FLB,2.0,% of 100 cm2 feedwater-line break,train,NPPAD_README_case_number
random,seed_20270002,20270002,FLB_46,FLB,46.0,% of 100 cm2 feedwater-line break,train,NPPAD_README_case_number
random,seed_20270002,20270002,LOCA_46,LOCA,46.0,% of 100 cm2 hot-leg break,train,NPPAD_README_case_number
random,seed_20270002,20270002,LOCAC_1,LOCAC,1.0,% of 100 cm2 cold-leg break,train,NPPAD_README_case_number
random,seed_20270002,20270002,RI_-6,RI,-6.0,% of rods inserted,train,NPPAD_README_case_number
random,seed_20270002,20270002,FLB_16,FLB,16.0,% of 100 cm2 feedwater-line break,train,NPPAD_README_case_number
random,seed_20270002,20270002,SLBIC_38,SLBIC,38.0,% of 100 cm2 inside-containment steam-line break,train,NPPAD_README_case_number
random,seed_20270002,20270002,LR_83,LR,83.0,% of full load rejected,train,NPPAD_README_case_number
random,seed_20270002,20270002,RI_-30,RI,-30.0,% of rods inserted,train,NPPAD_README_case_number
random,seed_20270002,20270002,SLBIC_98,SLBIC,98.0,% of 100 cm2 inside-containment steam-line break,train,NPPAD_README_case_number
random,seed_20270002,20270002,SGATR_93,SGATR,93.0,% of one full steam-generator-A tube rupture,train,NPPAD_README_case_number
random,seed_20270002,20270002,SGATR_59,SGATR,59.0,% of one full steam-generator-A tube rupture,train,NPPAD_README_case_number
random,seed_20270002,20270002,SLBIC_94,SLBIC,94.0,% of 100 cm2 inside-containment steam-line break,train,NPPAD_README_case_number
random,seed_20270002,20270002,LOCAC_19,LOCAC,19.0,% of 100 cm2 cold-leg break,train,NPPAD_README_case_number
random,seed_20270002,20270002,SGATR_92,SGATR,92.0,% of one full steam-generator-A tube rupture,train,NPPAD_README_case_number
random,seed_20270002,20270002,LOCAC_65,LOCAC,65.0,% of 100 cm2 cold-leg break,train,NPPAD_README_case_number
random,seed_20270002,20270002,SLBIC_92,SLBIC,92.0,% of 100 cm2 inside-containment steam-line break,train,NPPAD_README_case_number
random,seed_20270002,20270002,LOCAC_25,LOCAC,25.0,% of 100 cm2 cold-leg break,validation,NPPAD_README_case_number
random,seed_20270002,20270002,SGBTR_110,SGBTR,110.0,% of one full steam-generator-B tube rupture,validation,NPPAD_README_case_number
random,seed_20270002,20270002,FLB_18,FLB,18.0,% of 100 cm2 feedwater-line break,validation,NPPAD_README_case_number
random,seed_20270002,20270002,LOCAC_41,LOCAC,41.0,% of 100 cm2 cold-leg break,validation,NPPAD_README_case_number
random,seed_20270002,20270002,RI_-27,RI,-27.0,% of rods inserted,validation,NPPAD_README_case_number
random,seed_20270002,20270002,LOCA_14,LOCA,14.0,% of 100 cm2 hot-leg break,validation,NPPAD_README_case_number
random,seed_20270002,20270002,SLBIC_49,SLBIC,49.0,% of 100 cm2 inside-containment steam-line break,validation,NPPAD_README_case_number
random,seed_20270002,20270002,FLB_41,FLB,41.0,% of 100 cm2 feedwater-line break,validation,NPPAD_README_case_number
random,seed_20270002,20270002,LOCAC_10,LOCAC,10.0,% of 100 cm2 cold-leg break,validation,NPPAD_README_case_number
random,seed_20270002,20270002,LOCA_22,LOCA,22.0,% of 100 cm2 hot-leg break,validation,NPPAD_README_case_number
random,seed_20270002,20270002,LOCAC_66,LOCAC,66.0,% of 100 cm2 cold-leg break,validation,NPPAD_README_case_number
random,seed_20270002,20270002,SLBIC_26,SLBIC,26.0,% of 100 cm2 inside-containment steam-line break,validation,NPPAD_README_case_number
random,seed_20270002,20270002,SGBTR_86,SGBTR,86.0,% of one full steam-generator-B tube rupture,validation,NPPAD_README_case_number
random,seed_20270002,20270002,LOCA_58,LOCA,58.0,% of 100 cm2 hot-leg break,validation,NPPAD_README_case_number
random,seed_20270002,20270002,SGATR_98,SGATR,98.0,% of one full steam-generator-A tube rupture,validation,NPPAD_README_case_number
random,seed_20270002,20270002,LOCA_36,LOCA,36.0,% of 100 cm2 hot-leg break,validation,NPPAD_README_case_number
random,seed_20270002,20270002,SLBIC_47,SLBIC,47.0,% of 100 cm2 inside-containment steam-line break,validation,NPPAD_README_case_number
random,seed_20270002,20270002,FLB_21,FLB,21.0,% of 100 cm2 feedwater-line break,validation,NPPAD_README_case_number
random,seed_20270002,20270002,LOCA_18,LOCA,18.0,% of 100 cm2 hot-leg break,validation,NPPAD_README_case_number
random,seed_20270002,20270002,LOCAC_49,LOCAC,49.0,% of 100 cm2 cold-leg break,validation,NPPAD_README_case_number
random,seed_20270002,20270002,LOCA_66,LOCA,66.0,% of 100 cm2 hot-leg break,validation,NPPAD_README_case_number
random,seed_20270002,20270002,FLB_36,FLB,36.0,% of 100 cm2 feedwater-line break,validation,NPPAD_README_case_number
random,seed_20270002,20270002,FLB_11,FLB,11.0,% of 100 cm2 feedwater-line break,validation,NPPAD_README_case_number
random,seed_20270002,20270002,FLB_57,FLB,57.0,% of 100 cm2 feedwater-line break,validation,NPPAD_README_case_number
random,seed_20270002,20270002,RI_-15,RI,-15.0,% of rods inserted,validation,NPPAD_README_case_number
random,seed_20270002,20270002,SLBIC_57,SLBIC,57.0,% of 100 cm2 inside-containment steam-line break,validation,NPPAD_README_case_number
random,seed_20270002,20270002,FLB_53,FLB,53.0,% of 100 cm2 feedwater-line break,validation,NPPAD_README_case_number
random,seed_20270002,20270002,LOCAC_64,LOCAC,64.0,% of 100 cm2 cold-leg break,validation,NPPAD_README_case_number
random,seed_20270002,20270002,FLB_75,FLB,75.0,% of 100 cm2 feedwater-line break,validation,NPPAD_README_case_number
random,seed_20270002,20270002,LR_79,LR,79.0,% of full load rejected,validation,NPPAD_README_case_number
random,seed_20270002,20270002,LOCAC_76,LOCAC,76.0,% of 100 cm2 cold-leg break,validation,NPPAD_README_case_number
random,seed_20270002,20270002,LOCAC_61,LOCAC,61.0,% of 100 cm2 cold-leg break,validation,NPPAD_README_case_number
random,seed_20270002,20270002,SGBTR_80,SGBTR,80.0,% of one full steam-generator-B tube rupture,validation,NPPAD_README_case_number
random,seed_20270002,20270002,LOCAC_27,LOCAC,27.0,% of 100 cm2 cold-leg break,validation,NPPAD_README_case_number
random,seed_20270002,20270002,SLBIC_72,SLBIC,72.0,% of 100 cm2 inside-containment steam-line break,validation,NPPAD_README_case_number
random,seed_20270002,20270002,FLB_23,FLB,23.0,% of 100 cm2 feedwater-line break,validation,NPPAD_README_case_number
random,seed_20270002,20270002,SLBIC_50,SLBIC,50.0,% of 100 cm2 inside-containment steam-line break,validation,NPPAD_README_case_number
random,seed_20270002,20270002,FLB_94,FLB,94.0,% of 100 cm2 feedwater-line break,validation,NPPAD_README_case_number
random,seed_20270002,20270002,LR_90,LR,90.0,% of full load rejected,validation,NPPAD_README_case_number
random,seed_20270002,20270002,SLBIC_73,SLBIC,73.0,% of 100 cm2 inside-containment steam-line break,validation,NPPAD_README_case_number
random,seed_20270002,20270002,LOCAC_20,LOCAC,20.0,% of 100 cm2 cold-leg break,validation,NPPAD_README_case_number
random,seed_20270002,20270002,SGATR_65,SGATR,65.0,% of one full steam-generator-A tube rupture,validation,NPPAD_README_case_number
random,seed_20270002,20270002,LOCAC_54,LOCAC,54.0,% of 100 cm2 cold-leg break,validation,NPPAD_README_case_number
random,seed_20270002,20270002,SGBTR_72,SGBTR,72.0,% of one full steam-generator-B tube rupture,validation,NPPAD_README_case_number
random,seed_20270002,20270002,LR_80,LR,80.0,% of full load rejected,validation,NPPAD_README_case_number
random,seed_20270002,20270002,LOCA_70,LOCA,70.0,% of 100 cm2 hot-leg break,validation,NPPAD_README_case_number
random,seed_20270002,20270002,SGATR_97,SGATR,97.0,% of one full steam-generator-A tube rupture,validation,NPPAD_README_case_number
random,seed_20270002,20270002,SLBIC_46,SLBIC,46.0,% of 100 cm2 inside-containment steam-line break,validation,NPPAD_README_case_number
random,seed_20270002,20270002,SGATR_66,SGATR,66.0,% of one full steam-generator-A tube rupture,validation,NPPAD_README_case_number
random,seed_20270002,20270002,SGBTR_65,SGBTR,65.0,% of one full steam-generator-B tube rupture,validation,NPPAD_README_case_number
random,seed_20270002,20270002,SLBIC_43,SLBIC,43.0,% of 100 cm2 inside-containment steam-line break,validation,NPPAD_README_case_number
random,seed_20270002,20270002,FLB_68,FLB,68.0,% of 100 cm2 feedwater-line break,validation,NPPAD_README_case_number
random,seed_20270002,20270002,LOCA_48,LOCA,48.0,% of 100 cm2 hot-leg break,validation,NPPAD_README_case_number
random,seed_20270002,20270002,LOCA_34,LOCA,34.0,% of 100 cm2 hot-leg break,validation,NPPAD_README_case_number
random,seed_20270002,20270002,FLB_72,FLB,72.0,% of 100 cm2 feedwater-line break,validation,NPPAD_README_case_number
random,seed_20270002,20270002,SLBIC_71,SLBIC,71.0,% of 100 cm2 inside-containment steam-line break,validation,NPPAD_README_case_number
random,seed_20270002,20270002,SLBIC_85,SLBIC,85.0,% of 100 cm2 inside-containment steam-line break,validation,NPPAD_README_case_number
random,seed_20270002,20270002,SGATR_99,SGATR,99.0,% of one full steam-generator-A tube rupture,validation,NPPAD_README_case_number
random,seed_20270002,20270002,LOCAC_35,LOCAC,35.0,% of 100 cm2 cold-leg break,validation,NPPAD_README_case_number
random,seed_20270002,20270002,RI_-26,RI,-26.0,% of rods inserted,validation,NPPAD_README_case_number
random,seed_20270002,20270002,LOCA_32,LOCA,32.0,% of 100 cm2 hot-leg break,validation,NPPAD_README_case_number
random,seed_20270002,20270002,FLB_59,FLB,59.0,% of 100 cm2 feedwater-line break,validation,NPPAD_README_case_number
random,seed_20270002,20270002,FLB_3,FLB,3.0,% of 100 cm2 feedwater-line break,validation,NPPAD_README_case_number
random,seed_20270002,20270002,SLBIC_69,SLBIC,69.0,% of 100 cm2 inside-containment steam-line break,validation,NPPAD_README_case_number
random,seed_20270002,20270002,LR_72,LR,72.0,% of full load rejected,validation,NPPAD_README_case_number
random,seed_20270002,20270002,LOCA_56,LOCA,56.0,% of 100 cm2 hot-leg break,validation,NPPAD_README_case_number
random,seed_20270002,20270002,SLBIC_55,SLBIC,55.0,% of 100 cm2 inside-containment steam-line break,validation,NPPAD_README_case_number
random,seed_20270002,20270002,RI_-21,RI,-21.0,% of rods inserted,validation,NPPAD_README_case_number
random,seed_20270002,20270002,LOCAC_52,LOCAC,52.0,% of 100 cm2 cold-leg break,validation,NPPAD_README_case_number
random,seed_20270002,20270002,LOCAC_63,LOCAC,63.0,% of 100 cm2 cold-leg break,validation,NPPAD_README_case_number
random,seed_20270002,20270002,LOCA_13,LOCA,13.0,% of 100 cm2 hot-leg break,validation,NPPAD_README_case_number
random,seed_20270002,20270002,FLB_33,FLB,33.0,% of 100 cm2 feedwater-line break,validation,NPPAD_README_case_number
random,seed_20270002,20270002,LR_88,LR,88.0,% of full load rejected,validation,NPPAD_README_case_number
random,seed_20270002,20270002,LR_78,LR,78.0,% of full load rejected,validation,NPPAD_README_case_number
random,seed_20270002,20270002,LOCA_62,LOCA,62.0,% of 100 cm2 hot-leg break,validation,NPPAD_README_case_number
random,seed_20270002,20270002,LOCAC_70,LOCAC,70.0,% of 100 cm2 cold-leg break,validation,NPPAD_README_case_number
random,seed_20270002,20270002,FLB_52,FLB,52.0,% of 100 cm2 feedwater-line break,validation,NPPAD_README_case_number
random,seed_20270002,20270002,FLB_82,FLB,82.0,% of 100 cm2 feedwater-line break,validation,NPPAD_README_case_number
random,seed_20270002,20270002,RI_-17,RI,-17.0,% of rods inserted,validation,NPPAD_README_case_number
random,seed_20270002,20270002,LOCAC_57,LOCAC,57.0,% of 100 cm2 cold-leg break,validation,NPPAD_README_case_number
random,seed_20270002,20270002,SLBIC_101,SLBIC,101.0,% of 100 cm2 inside-containment steam-line break,validation,NPPAD_README_case_number
random,seed_20270002,20270002,SGATR_57,SGATR,57.0,% of one full steam-generator-A tube rupture,validation,NPPAD_README_case_number
random,seed_20270002,20270002,SGBTR_64,SGBTR,64.0,% of one full steam-generator-B tube rupture,validation,NPPAD_README_case_number
random,seed_20270002,20270002,FLB_25,FLB,25.0,% of 100 cm2 feedwater-line break,validation,NPPAD_README_case_number
random,seed_20270002,20270002,SLBIC_81,SLBIC,81.0,% of 100 cm2 inside-containment steam-line break,validation,NPPAD_README_case_number
random,seed_20270002,20270002,SGBTR_81,SGBTR,81.0,% of one full steam-generator-B tube rupture,validation,NPPAD_README_case_number
random,seed_20270002,20270002,FLB_86,FLB,86.0,% of 100 cm2 feedwater-line break,validation,NPPAD_README_case_number
random,seed_20270002,20270002,LOCA_29,LOCA,29.0,% of 100 cm2 hot-leg break,validation,NPPAD_README_case_number
random,seed_20270002,20270002,SGBTR_82,SGBTR,82.0,% of one full steam-generator-B tube rupture,validation,NPPAD_README_case_number
random,seed_20270002,20270002,FLB_50,FLB,50.0,% of 100 cm2 feedwater-line break,validation,NPPAD_README_case_number
random,seed_20270002,20270002,SGBTR_71,SGBTR,71.0,% of one full steam-generator-B tube rupture,validation,NPPAD_README_case_number
random,seed_20270002,20270002,SGATR_67,SGATR,67.0,% of one full steam-generator-A tube rupture,validation,NPPAD_README_case_number
random,seed_20270002,20270002,RI_-5,RI,-5.0,% of rods inserted,validation,NPPAD_README_case_number
random,seed_20270002,20270002,LOCA_25,LOCA,25.0,% of 100 cm2 hot-leg break,validation,NPPAD_README_case_number
random,seed_20270002,20270002,RI_-7,RI,-7.0,% of rods inserted,validation,NPPAD_README_case_number
random,seed_20270002,20270002,SGATR_60,SGATR,60.0,% of one full steam-generator-A tube rupture,validation,NPPAD_README_case_number
random,seed_20270002,20270002,SGBTR_95,SGBTR,95.0,% of one full steam-generator-B tube rupture,validation,NPPAD_README_case_number
random,seed_20270002,20270002,SLBIC_16,SLBIC,16.0,% of 100 cm2 inside-containment steam-line break,validation,NPPAD_README_case_number
random,seed_20270002,20270002,SLBIC_79,SLBIC,79.0,% of 100 cm2 inside-containment steam-line break,validation,NPPAD_README_case_number
random,seed_20270002,20270002,SGBTR_87,SGBTR,87.0,% of one full steam-generator-B tube rupture,validation,NPPAD_README_case_number
random,seed_20270002,20270002,SGATR_95,SGATR,95.0,% of one full steam-generator-A tube rupture,validation,NPPAD_README_case_number
random,seed_20270002,20270002,LOCA_40,LOCA,40.0,% of 100 cm2 hot-leg break,test,NPPAD_README_case_number
random,seed_20270002,20270002,FLB_77,FLB,77.0,% of 100 cm2 feedwater-line break,test,NPPAD_README_case_number
random,seed_20270002,20270002,FLB_20,FLB,20.0,% of 100 cm2 feedwater-line break,test,NPPAD_README_case_number
random,seed_20270002,20270002,SLBIC_19,SLBIC,19.0,% of 100 cm2 inside-containment steam-line break,test,NPPAD_README_case_number
random,seed_20270002,20270002,RI_-1,RI,-1.0,% of rods inserted,test,NPPAD_README_case_number
random,seed_20270002,20270002,LR_77,LR,77.0,% of full load rejected,test,NPPAD_README_case_number
random,seed_20270002,20270002,SLBIC_20,SLBIC,20.0,% of 100 cm2 inside-containment steam-line break,test,NPPAD_README_case_number
random,seed_20270002,20270002,FLB_40,FLB,40.0,% of 100 cm2 feedwater-line break,test,NPPAD_README_case_number
random,seed_20270002,20270002,FLB_93,FLB,93.0,% of 100 cm2 feedwater-line break,test,NPPAD_README_case_number
random,seed_20270002,20270002,FLB_65,FLB,65.0,% of 100 cm2 feedwater-line break,test,NPPAD_README_case_number
random,seed_20270002,20270002,SGATR_62,SGATR,62.0,% of one full steam-generator-A tube rupture,test,NPPAD_README_case_number
random,seed_20270002,20270002,SLBIC_21,SLBIC,21.0,% of 100 cm2 inside-containment steam-line break,test,NPPAD_README_case_number
random,seed_20270002,20270002,FLB_85,FLB,85.0,% of 100 cm2 feedwater-line break,test,NPPAD_README_case_number
random,seed_20270002,20270002,LOCA_28,LOCA,28.0,% of 100 cm2 hot-leg break,test,NPPAD_README_case_number
random,seed_20270002,20270002,LOCAC_39,LOCAC,39.0,% of 100 cm2 cold-leg break,test,NPPAD_README_case_number
random,seed_20270002,20270002,SGATR_72,SGATR,72.0,% of one full steam-generator-A tube rupture,test,NPPAD_README_case_number
random,seed_20270002,20270002,SGBTR_58,SGBTR,58.0,% of one full steam-generator-B tube rupture,test,NPPAD_README_case_number
random,seed_20270002,20270002,LOCAC_2,LOCAC,2.0,% of 100 cm2 cold-leg break,test,NPPAD_README_case_number
random,seed_20270002,20270002,SLBIC_87,SLBIC,87.0,% of 100 cm2 inside-containment steam-line break,test,NPPAD_README_case_number
random,seed_20270002,20270002,SLBIC_30,SLBIC,30.0,% of 100 cm2 inside-containment steam-line break,test,NPPAD_README_case_number
random,seed_20270002,20270002,FLB_60,FLB,60.0,% of 100 cm2 feedwater-line break,test,NPPAD_README_case_number
random,seed_20270002,20270002,LOCA_49,LOCA,49.0,% of 100 cm2 hot-leg break,test,NPPAD_README_case_number
random,seed_20270002,20270002,SGBTR_66,SGBTR,66.0,% of one full steam-generator-B tube rupture,test,NPPAD_README_case_number
random,seed_20270002,20270002,FLB_34,FLB,34.0,% of 100 cm2 feedwater-line break,test,NPPAD_README_case_number
random,seed_20270002,20270002,FLB_80,FLB,80.0,% of 100 cm2 feedwater-line break,test,NPPAD_README_case_number
random,seed_20270002,20270002,SLBIC_24,SLBIC,24.0,% of 100 cm2 inside-containment steam-line break,test,NPPAD_README_case_number
random,seed_20270002,20270002,LOCAC_7,LOCAC,7.0,% of 100 cm2 cold-leg break,test,NPPAD_README_case_number
random,seed_20270002,20270002,SGBTR_85,SGBTR,85.0,% of one full steam-generator-B tube rupture,test,NPPAD_README_case_number
random,seed_20270002,20270002,SGBTR_92,SGBTR,92.0,% of one full steam-generator-B tube rupture,test,NPPAD_README_case_number
random,seed_20270002,20270002,SGATR_69,SGATR,69.0,% of one full steam-generator-A tube rupture,test,NPPAD_README_case_number
random,seed_20270002,20270002,RI_-2,RI,-2.0,% of rods inserted,test,NPPAD_README_case_number
random,seed_20270002,20270002,SLBIC_22,SLBIC,22.0,% of 100 cm2 inside-containment steam-line break,test,NPPAD_README_case_number
random,seed_20270002,20270002,LOCA_16,LOCA,16.0,% of 100 cm2 hot-leg break,test,NPPAD_README_case_number
random,seed_20270002,20270002,FLB_54,FLB,54.0,% of 100 cm2 feedwater-line break,test,NPPAD_README_case_number
random,seed_20270002,20270002,FLB_29,FLB,29.0,% of 100 cm2 feedwater-line break,test,NPPAD_README_case_number
random,seed_20270002,20270002,RI_-19,RI,-19.0,% of rods inserted,test,NPPAD_README_case_number
random,seed_20270002,20270002,SGATR_81,SGATR,81.0,% of one full steam-generator-A tube rupture,test,NPPAD_README_case_number
random,seed_20270002,20270002,SGBTR_91,SGBTR,91.0,% of one full steam-generator-B tube rupture,test,NPPAD_README_case_number
random,seed_20270002,20270002,SLBIC_59,SLBIC,59.0,% of 100 cm2 inside-containment steam-line break,test,NPPAD_README_case_number
random,seed_20270002,20270002,LOCA_3,LOCA,3.0,% of 100 cm2 hot-leg break,test,NPPAD_README_case_number
random,seed_20270002,20270002,SGBTR_93,SGBTR,93.0,% of one full steam-generator-B tube rupture,test,NPPAD_README_case_number
random,seed_20270002,20270002,LOCA_12,LOCA,12.0,% of 100 cm2 hot-leg break,test,NPPAD_README_case_number
random,seed_20270002,20270002,SLBIC_95,SLBIC,95.0,% of 100 cm2 inside-containment steam-line break,test,NPPAD_README_case_number
random,seed_20270002,20270002,LOCA_19,LOCA,19.0,% of 100 cm2 hot-leg break,test,NPPAD_README_case_number
random,seed_20270002,20270002,LOCAC_9,LOCAC,9.0,% of 100 cm2 cold-leg break,test,NPPAD_README_case_number
random,seed_20270002,20270002,LR_94,LR,94.0,% of full load rejected,test,NPPAD_README_case_number
random,seed_20270002,20270002,SLBIC_83,SLBIC,83.0,% of 100 cm2 inside-containment steam-line break,test,NPPAD_README_case_number
random,seed_20270002,20270002,RI_-34,RI,-34.0,% of rods inserted,test,NPPAD_README_case_number
random,seed_20270002,20270002,FLB_4,FLB,4.0,% of 100 cm2 feedwater-line break,test,NPPAD_README_case_number
random,seed_20270002,20270002,SLBIC_48,SLBIC,48.0,% of 100 cm2 inside-containment steam-line break,test,NPPAD_README_case_number
random,seed_20270002,20270002,LOCAC_79,LOCAC,79.0,% of 100 cm2 cold-leg break,test,NPPAD_README_case_number
random,seed_20270002,20270002,LOCAC_30,LOCAC,30.0,% of 100 cm2 cold-leg break,test,NPPAD_README_case_number
random,seed_20270002,20270002,LOCAC_72,LOCAC,72.0,% of 100 cm2 cold-leg break,test,NPPAD_README_case_number
random,seed_20270002,20270002,RI_-14,RI,-14.0,% of rods inserted,test,NPPAD_README_case_number
random,seed_20270002,20270002,SGBTR_102,SGBTR,102.0,% of one full steam-generator-B tube rupture,test,NPPAD_README_case_number
random,seed_20270002,20270002,LOCA_63,LOCA,63.0,% of 100 cm2 hot-leg break,test,NPPAD_README_case_number
random,seed_20270002,20270002,LOCA_6,LOCA,6.0,% of 100 cm2 hot-leg break,test,NPPAD_README_case_number
random,seed_20270002,20270002,FLB_12,FLB,12.0,% of 100 cm2 feedwater-line break,test,NPPAD_README_case_number
random,seed_20270002,20270002,SGATR_100,SGATR,100.0,% of one full steam-generator-A tube rupture,test,NPPAD_README_case_number
random,seed_20270002,20270002,RI_-35,RI,-35.0,% of rods inserted,test,NPPAD_README_case_number
random,seed_20270002,20270002,SLBIC_36,SLBIC,36.0,% of 100 cm2 inside-containment steam-line break,test,NPPAD_README_case_number
random,seed_20270002,20270002,SGBTR_74,SGBTR,74.0,% of one full steam-generator-B tube rupture,test,NPPAD_README_case_number
random,seed_20270002,20270002,LOCA_60,LOCA,60.0,% of 100 cm2 hot-leg break,test,NPPAD_README_case_number
random,seed_20270002,20270002,SLBIC_35,SLBIC,35.0,% of 100 cm2 inside-containment steam-line break,test,NPPAD_README_case_number
random,seed_20270002,20270002,SGATR_87,SGATR,87.0,% of one full steam-generator-A tube rupture,test,NPPAD_README_case_number
random,seed_20270002,20270002,SLBIC_45,SLBIC,45.0,% of 100 cm2 inside-containment steam-line break,test,NPPAD_README_case_number
random,seed_20270002,20270002,FLB_30,FLB,30.0,% of 100 cm2 feedwater-line break,test,NPPAD_README_case_number
random,seed_20270002,20270002,SGBTR_73,SGBTR,73.0,% of one full steam-generator-B tube rupture,test,NPPAD_README_case_number
random,seed_20270002,20270002,SLBIC_74,SLBIC,74.0,% of 100 cm2 inside-containment steam-line break,test,NPPAD_README_case_number
random,seed_20270002,20270002,SLBIC_86,SLBIC,86.0,% of 100 cm2 inside-containment steam-line break,test,NPPAD_README_case_number
random,seed_20270002,20270002,RI_-29,RI,-29.0,% of rods inserted,test,NPPAD_README_case_number
random,seed_20270002,20270002,LOCAC_73,LOCAC,73.0,% of 100 cm2 cold-leg break,test,NPPAD_README_case_number
random,seed_20270002,20270002,SGATR_91,SGATR,91.0,% of one full steam-generator-A tube rupture,test,NPPAD_README_case_number
random,seed_20270002,20270002,SLBIC_97,SLBIC,97.0,% of 100 cm2 inside-containment steam-line break,test,NPPAD_README_case_number
random,seed_20270002,20270002,FLB_19,FLB,19.0,% of 100 cm2 feedwater-line break,test,NPPAD_README_case_number
random,seed_20270002,20270002,FLB_66,FLB,66.0,% of 100 cm2 feedwater-line break,test,NPPAD_README_case_number
random,seed_20270002,20270002,LOCAC_50,LOCAC,50.0,% of 100 cm2 cold-leg break,test,NPPAD_README_case_number
random,seed_20270002,20270002,SGBTR_94,SGBTR,94.0,% of one full steam-generator-B tube rupture,test,NPPAD_README_case_number
random,seed_20270002,20270002,LR_95,LR,95.0,% of full load rejected,test,NPPAD_README_case_number
random,seed_20270002,20270002,FLB_89,FLB,89.0,% of 100 cm2 feedwater-line break,test,NPPAD_README_case_number
random,seed_20270002,20270002,LOCA_64,LOCA,64.0,% of 100 cm2 hot-leg break,test,NPPAD_README_case_number
random,seed_20270002,20270002,SLBIC_88,SLBIC,88.0,% of 100 cm2 inside-containment steam-line break,test,NPPAD_README_case_number
random,seed_20270002,20270002,LOCAC_59,LOCAC,59.0,% of 100 cm2 cold-leg break,test,NPPAD_README_case_number
random,seed_20270002,20270002,LR_81,LR,81.0,% of full load rejected,test,NPPAD_README_case_number
random,seed_20270002,20270002,LOCAC_29,LOCAC,29.0,% of 100 cm2 cold-leg break,test,NPPAD_README_case_number
random,seed_20270002,20270002,LOCAC_31,LOCAC,31.0,% of 100 cm2 cold-leg break,test,NPPAD_README_case_number
random,seed_20270002,20270002,LOCA_77,LOCA,77.0,% of 100 cm2 hot-leg break,test,NPPAD_README_case_number
random,seed_20270002,20270002,SGBTR_75,SGBTR,75.0,% of one full steam-generator-B tube rupture,test,NPPAD_README_case_number
random,seed_20270002,20270002,LOCA_75,LOCA,75.0,% of 100 cm2 hot-leg break,test,NPPAD_README_case_number
random,seed_20270002,20270002,FLB_31,FLB,31.0,% of 100 cm2 feedwater-line break,test,NPPAD_README_case_number
random,seed_20270002,20270002,FLB_48,FLB,48.0,% of 100 cm2 feedwater-line break,test,NPPAD_README_case_number
random,seed_20270002,20270002,LR_74,LR,74.0,% of full load rejected,test,NPPAD_README_case_number
random,seed_20270002,20270002,SGATR_90,SGATR,90.0,% of one full steam-generator-A tube rupture,test,NPPAD_README_case_number
random,seed_20270002,20270002,LOCAC_23,LOCAC,23.0,% of 100 cm2 cold-leg break,test,NPPAD_README_case_number
random,seed_20270002,20270002,LOCAC_69,LOCAC,69.0,% of 100 cm2 cold-leg break,test,NPPAD_README_case_number
random,seed_20270002,20270002,LOCA_39,LOCA,39.0,% of 100 cm2 hot-leg break,test,NPPAD_README_case_number
random,seed_20270002,20270002,FLB_37,FLB,37.0,% of 100 cm2 feedwater-line break,test,NPPAD_README_case_number
random,seed_20270002,20270002,LOCAC_28,LOCAC,28.0,% of 100 cm2 cold-leg break,test,NPPAD_README_case_number
random,seed_20270002,20270002,LOCAC_15,LOCAC,15.0,% of 100 cm2 cold-leg break,test,NPPAD_README_case_number
random,seed_20270002,20270002,LOCA_23,LOCA,23.0,% of 100 cm2 hot-leg break,test,NPPAD_README_case_number
random,seed_20270002,20270002,SGATR_61,SGATR,61.0,% of one full steam-generator-A tube rupture,test,NPPAD_README_case_number
severity_blocked,low_block,,FLB_23,FLB,23.0,% of 100 cm2 feedwater-line break,train,NPPAD_README_case_number
severity_blocked,low_block,,FLB_24,FLB,24.0,% of 100 cm2 feedwater-line break,train,NPPAD_README_case_number
severity_blocked,low_block,,FLB_25,FLB,25.0,% of 100 cm2 feedwater-line break,train,NPPAD_README_case_number
severity_blocked,low_block,,FLB_26,FLB,26.0,% of 100 cm2 feedwater-line break,train,NPPAD_README_case_number
severity_blocked,low_block,,FLB_27,FLB,27.0,% of 100 cm2 feedwater-line break,train,NPPAD_README_case_number
severity_blocked,low_block,,FLB_28,FLB,28.0,% of 100 cm2 feedwater-line break,train,NPPAD_README_case_number
severity_blocked,low_block,,FLB_29,FLB,29.0,% of 100 cm2 feedwater-line break,train,NPPAD_README_case_number
severity_blocked,low_block,,FLB_30,FLB,30.0,% of 100 cm2 feedwater-line break,train,NPPAD_README_case_number
severity_blocked,low_block,,FLB_31,FLB,31.0,% of 100 cm2 feedwater-line break,train,NPPAD_README_case_number
severity_blocked,low_block,,FLB_32,FLB,32.0,% of 100 cm2 feedwater-line break,train,NPPAD_README_case_number
severity_blocked,low_block,,FLB_33,FLB,33.0,% of 100 cm2 feedwater-line break,train,NPPAD_README_case_number
severity_blocked,low_block,,FLB_34,FLB,34.0,% of 100 cm2 feedwater-line break,train,NPPAD_README_case_number
severity_blocked,low_block,,FLB_35,FLB,35.0,% of 100 cm2 feedwater-line break,train,NPPAD_README_case_number
severity_blocked,low_block,,FLB_36,FLB,36.0,% of 100 cm2 feedwater-line break,train,NPPAD_README_case_number
severity_blocked,low_block,,FLB_37,FLB,37.0,% of 100 cm2 feedwater-line break,train,NPPAD_README_case_number
severity_blocked,low_block,,FLB_38,FLB,38.0,% of 100 cm2 feedwater-line break,train,NPPAD_README_case_number
severity_blocked,low_block,,FLB_39,FLB,39.0,% of 100 cm2 feedwater-line break,train,NPPAD_README_case_number
severity_blocked,low_block,,FLB_40,FLB,40.0,% of 100 cm2 feedwater-line break,train,NPPAD_README_case_number
severity_blocked,low_block,,FLB_41,FLB,41.0,% of 100 cm2 feedwater-line break,train,NPPAD_README_case_number
severity_blocked,low_block,,FLB_42,FLB,42.0,% of 100 cm2 feedwater-line break,train,NPPAD_README_case_number
severity_blocked,low_block,,FLB_43,FLB,43.0,% of 100 cm2 feedwater-line break,train,NPPAD_README_case_number
severity_blocked,low_block,,FLB_44,FLB,44.0,% of 100 cm2 feedwater-line break,train,NPPAD_README_case_number
severity_blocked,low_block,,FLB_45,FLB,45.0,% of 100 cm2 feedwater-line break,train,NPPAD_README_case_number
severity_blocked,low_block,,FLB_46,FLB,46.0,% of 100 cm2 feedwater-line break,train,NPPAD_README_case_number
severity_blocked,low_block,,FLB_47,FLB,47.0,% of 100 cm2 feedwater-line break,train,NPPAD_README_case_number
severity_blocked,low_block,,FLB_48,FLB,48.0,% of 100 cm2 feedwater-line break,train,NPPAD_README_case_number
severity_blocked,low_block,,FLB_49,FLB,49.0,% of 100 cm2 feedwater-line break,train,NPPAD_README_case_number
severity_blocked,low_block,,FLB_50,FLB,50.0,% of 100 cm2 feedwater-line break,train,NPPAD_README_case_number
severity_blocked,low_block,,FLB_51,FLB,51.0,% of 100 cm2 feedwater-line break,train,NPPAD_README_case_number
severity_blocked,low_block,,FLB_52,FLB,52.0,% of 100 cm2 feedwater-line break,train,NPPAD_README_case_number
severity_blocked,low_block,,FLB_53,FLB,53.0,% of 100 cm2 feedwater-line break,train,NPPAD_README_case_number
severity_blocked,low_block,,FLB_54,FLB,54.0,% of 100 cm2 feedwater-line break,train,NPPAD_README_case_number
severity_blocked,low_block,,FLB_55,FLB,55.0,% of 100 cm2 feedwater-line break,train,NPPAD_README_case_number
severity_blocked,low_block,,FLB_56,FLB,56.0,% of 100 cm2 feedwater-line break,train,NPPAD_README_case_number
severity_blocked,low_block,,FLB_57,FLB,57.0,% of 100 cm2 feedwater-line break,train,NPPAD_README_case_number
severity_blocked,low_block,,FLB_58,FLB,58.0,% of 100 cm2 feedwater-line break,train,NPPAD_README_case_number
severity_blocked,low_block,,FLB_59,FLB,59.0,% of 100 cm2 feedwater-line break,train,NPPAD_README_case_number
severity_blocked,low_block,,FLB_60,FLB,60.0,% of 100 cm2 feedwater-line break,train,NPPAD_README_case_number
severity_blocked,low_block,,FLB_61,FLB,61.0,% of 100 cm2 feedwater-line break,train,NPPAD_README_case_number
severity_blocked,low_block,,FLB_62,FLB,62.0,% of 100 cm2 feedwater-line break,train,NPPAD_README_case_number
severity_blocked,low_block,,FLB_63,FLB,63.0,% of 100 cm2 feedwater-line break,train,NPPAD_README_case_number
severity_blocked,low_block,,FLB_64,FLB,64.0,% of 100 cm2 feedwater-line break,train,NPPAD_README_case_number
severity_blocked,low_block,,FLB_65,FLB,65.0,% of 100 cm2 feedwater-line break,train,NPPAD_README_case_number
severity_blocked,low_block,,FLB_66,FLB,66.0,% of 100 cm2 feedwater-line break,train,NPPAD_README_case_number
severity_blocked,low_block,,FLB_67,FLB,67.0,% of 100 cm2 feedwater-line break,train,NPPAD_README_case_number
severity_blocked,low_block,,FLB_68,FLB,68.0,% of 100 cm2 feedwater-line break,train,NPPAD_README_case_number
severity_blocked,low_block,,FLB_69,FLB,69.0,% of 100 cm2 feedwater-line break,train,NPPAD_README_case_number
severity_blocked,low_block,,FLB_70,FLB,70.0,% of 100 cm2 feedwater-line break,train,NPPAD_README_case_number
severity_blocked,low_block,,FLB_71,FLB,71.0,% of 100 cm2 feedwater-line break,train,NPPAD_README_case_number
severity_blocked,low_block,,FLB_72,FLB,72.0,% of 100 cm2 feedwater-line break,train,NPPAD_README_case_number
severity_blocked,low_block,,FLB_73,FLB,73.0,% of 100 cm2 feedwater-line break,train,NPPAD_README_case_number
severity_blocked,low_block,,FLB_74,FLB,74.0,% of 100 cm2 feedwater-line break,train,NPPAD_README_case_number
severity_blocked,low_block,,FLB_75,FLB,75.0,% of 100 cm2 feedwater-line break,train,NPPAD_README_case_number
severity_blocked,low_block,,FLB_76,FLB,76.0,% of 100 cm2 feedwater-line break,train,NPPAD_README_case_number
severity_blocked,low_block,,FLB_77,FLB,77.0,% of 100 cm2 feedwater-line break,train,NPPAD_README_case_number
severity_blocked,low_block,,FLB_78,FLB,78.0,% of 100 cm2 feedwater-line break,train,NPPAD_README_case_number
severity_blocked,low_block,,FLB_79,FLB,79.0,% of 100 cm2 feedwater-line break,train,NPPAD_README_case_number
severity_blocked,low_block,,FLB_80,FLB,80.0,% of 100 cm2 feedwater-line break,train,NPPAD_README_case_number
severity_blocked,low_block,,FLB_81,FLB,81.0,% of 100 cm2 feedwater-line break,train,NPPAD_README_case_number
severity_blocked,low_block,,FLB_82,FLB,82.0,% of 100 cm2 feedwater-line break,train,NPPAD_README_case_number
severity_blocked,low_block,,FLB_83,FLB,83.0,% of 100 cm2 feedwater-line break,train,NPPAD_README_case_number
severity_blocked,low_block,,FLB_84,FLB,84.0,% of 100 cm2 feedwater-line break,train,NPPAD_README_case_number
severity_blocked,low_block,,FLB_85,FLB,85.0,% of 100 cm2 feedwater-line break,validation,NPPAD_README_case_number
severity_blocked,low_block,,FLB_86,FLB,86.0,% of 100 cm2 feedwater-line break,validation,NPPAD_README_case_number
severity_blocked,low_block,,FLB_87,FLB,87.0,% of 100 cm2 feedwater-line break,validation,NPPAD_README_case_number
severity_blocked,low_block,,FLB_88,FLB,88.0,% of 100 cm2 feedwater-line break,validation,NPPAD_README_case_number
severity_blocked,low_block,,FLB_89,FLB,89.0,% of 100 cm2 feedwater-line break,validation,NPPAD_README_case_number
severity_blocked,low_block,,FLB_90,FLB,90.0,% of 100 cm2 feedwater-line break,validation,NPPAD_README_case_number
severity_blocked,low_block,,FLB_91,FLB,91.0,% of 100 cm2 feedwater-line break,validation,NPPAD_README_case_number
severity_blocked,low_block,,FLB_92,FLB,92.0,% of 100 cm2 feedwater-line break,validation,NPPAD_README_case_number
severity_blocked,low_block,,FLB_93,FLB,93.0,% of 100 cm2 feedwater-line break,validation,NPPAD_README_case_number
severity_blocked,low_block,,FLB_94,FLB,94.0,% of 100 cm2 feedwater-line break,validation,NPPAD_README_case_number
severity_blocked,low_block,,FLB_95,FLB,95.0,% of 100 cm2 feedwater-line break,validation,NPPAD_README_case_number
severity_blocked,low_block,,FLB_96,FLB,96.0,% of 100 cm2 feedwater-line break,validation,NPPAD_README_case_number
severity_blocked,low_block,,FLB_97,FLB,97.0,% of 100 cm2 feedwater-line break,validation,NPPAD_README_case_number
severity_blocked,low_block,,FLB_98,FLB,98.0,% of 100 cm2 feedwater-line break,validation,NPPAD_README_case_number
severity_blocked,low_block,,FLB_99,FLB,99.0,% of 100 cm2 feedwater-line break,validation,NPPAD_README_case_number
severity_blocked,low_block,,FLB_100,FLB,100.0,% of 100 cm2 feedwater-line break,validation,NPPAD_README_case_number
severity_blocked,low_block,,FLB_2,FLB,2.0,% of 100 cm2 feedwater-line break,test,NPPAD_README_case_number
severity_blocked,low_block,,FLB_3,FLB,3.0,% of 100 cm2 feedwater-line break,test,NPPAD_README_case_number
severity_blocked,low_block,,FLB_4,FLB,4.0,% of 100 cm2 feedwater-line break,test,NPPAD_README_case_number
severity_blocked,low_block,,FLB_5,FLB,5.0,% of 100 cm2 feedwater-line break,test,NPPAD_README_case_number
severity_blocked,low_block,,FLB_6,FLB,6.0,% of 100 cm2 feedwater-line break,test,NPPAD_README_case_number
severity_blocked,low_block,,FLB_7,FLB,7.0,% of 100 cm2 feedwater-line break,test,NPPAD_README_case_number
severity_blocked,low_block,,FLB_8,FLB,8.0,% of 100 cm2 feedwater-line break,test,NPPAD_README_case_number
severity_blocked,low_block,,FLB_9,FLB,9.0,% of 100 cm2 feedwater-line break,test,NPPAD_README_case_number
severity_blocked,low_block,,FLB_10,FLB,10.0,% of 100 cm2 feedwater-line break,test,NPPAD_README_case_number
severity_blocked,low_block,,FLB_11,FLB,11.0,% of 100 cm2 feedwater-line break,test,NPPAD_README_case_number
severity_blocked,low_block,,FLB_12,FLB,12.0,% of 100 cm2 feedwater-line break,test,NPPAD_README_case_number
severity_blocked,low_block,,FLB_13,FLB,13.0,% of 100 cm2 feedwater-line break,test,NPPAD_README_case_number
severity_blocked,low_block,,FLB_14,FLB,14.0,% of 100 cm2 feedwater-line break,test,NPPAD_README_case_number
severity_blocked,low_block,,FLB_15,FLB,15.0,% of 100 cm2 feedwater-line break,test,NPPAD_README_case_number
severity_blocked,low_block,,FLB_16,FLB,16.0,% of 100 cm2 feedwater-line break,test,NPPAD_README_case_number
severity_blocked,low_block,,FLB_17,FLB,17.0,% of 100 cm2 feedwater-line break,test,NPPAD_README_case_number
severity_blocked,low_block,,FLB_18,FLB,18.0,% of 100 cm2 feedwater-line break,test,NPPAD_README_case_number
severity_blocked,low_block,,FLB_19,FLB,19.0,% of 100 cm2 feedwater-line break,test,NPPAD_README_case_number
severity_blocked,low_block,,FLB_20,FLB,20.0,% of 100 cm2 feedwater-line break,test,NPPAD_README_case_number
severity_blocked,low_block,,FLB_21,FLB,21.0,% of 100 cm2 feedwater-line break,test,NPPAD_README_case_number
severity_blocked,low_block,,FLB_22,FLB,22.0,% of 100 cm2 feedwater-line break,gap_excluded,NPPAD_README_case_number
severity_blocked,low_block,,LOCA_18,LOCA,18.0,% of 100 cm2 hot-leg break,train,NPPAD_README_case_number
severity_blocked,low_block,,LOCA_19,LOCA,19.0,% of 100 cm2 hot-leg break,train,NPPAD_README_case_number
severity_blocked,low_block,,LOCA_20,LOCA,20.0,% of 100 cm2 hot-leg break,train,NPPAD_README_case_number
severity_blocked,low_block,,LOCA_21,LOCA,21.0,% of 100 cm2 hot-leg break,train,NPPAD_README_case_number
severity_blocked,low_block,,LOCA_22,LOCA,22.0,% of 100 cm2 hot-leg break,train,NPPAD_README_case_number
severity_blocked,low_block,,LOCA_23,LOCA,23.0,% of 100 cm2 hot-leg break,train,NPPAD_README_case_number
severity_blocked,low_block,,LOCA_24,LOCA,24.0,% of 100 cm2 hot-leg break,train,NPPAD_README_case_number
severity_blocked,low_block,,LOCA_25,LOCA,25.0,% of 100 cm2 hot-leg break,train,NPPAD_README_case_number
severity_blocked,low_block,,LOCA_26,LOCA,26.0,% of 100 cm2 hot-leg break,train,NPPAD_README_case_number
severity_blocked,low_block,,LOCA_27,LOCA,27.0,% of 100 cm2 hot-leg break,train,NPPAD_README_case_number
severity_blocked,low_block,,LOCA_28,LOCA,28.0,% of 100 cm2 hot-leg break,train,NPPAD_README_case_number
severity_blocked,low_block,,LOCA_29,LOCA,29.0,% of 100 cm2 hot-leg break,train,NPPAD_README_case_number
severity_blocked,low_block,,LOCA_30,LOCA,30.0,% of 100 cm2 hot-leg break,train,NPPAD_README_case_number
severity_blocked,low_block,,LOCA_31,LOCA,31.0,% of 100 cm2 hot-leg break,train,NPPAD_README_case_number
severity_blocked,low_block,,LOCA_32,LOCA,32.0,% of 100 cm2 hot-leg break,train,NPPAD_README_case_number
severity_blocked,low_block,,LOCA_33,LOCA,33.0,% of 100 cm2 hot-leg break,train,NPPAD_README_case_number
severity_blocked,low_block,,LOCA_34,LOCA,34.0,% of 100 cm2 hot-leg break,train,NPPAD_README_case_number
severity_blocked,low_block,,LOCA_35,LOCA,35.0,% of 100 cm2 hot-leg break,train,NPPAD_README_case_number
severity_blocked,low_block,,LOCA_36,LOCA,36.0,% of 100 cm2 hot-leg break,train,NPPAD_README_case_number
severity_blocked,low_block,,LOCA_37,LOCA,37.0,% of 100 cm2 hot-leg break,train,NPPAD_README_case_number
severity_blocked,low_block,,LOCA_38,LOCA,38.0,% of 100 cm2 hot-leg break,train,NPPAD_README_case_number
severity_blocked,low_block,,LOCA_39,LOCA,39.0,% of 100 cm2 hot-leg break,train,NPPAD_README_case_number
severity_blocked,low_block,,LOCA_40,LOCA,40.0,% of 100 cm2 hot-leg break,train,NPPAD_README_case_number
severity_blocked,low_block,,LOCA_41,LOCA,41.0,% of 100 cm2 hot-leg break,train,NPPAD_README_case_number
severity_blocked,low_block,,LOCA_42,LOCA,42.0,% of 100 cm2 hot-leg break,train,NPPAD_README_case_number
severity_blocked,low_block,,LOCA_44,LOCA,44.0,% of 100 cm2 hot-leg break,train,NPPAD_README_case_number
severity_blocked,low_block,,LOCA_45,LOCA,45.0,% of 100 cm2 hot-leg break,train,NPPAD_README_case_number
severity_blocked,low_block,,LOCA_46,LOCA,46.0,% of 100 cm2 hot-leg break,train,NPPAD_README_case_number
severity_blocked,low_block,,LOCA_47,LOCA,47.0,% of 100 cm2 hot-leg break,train,NPPAD_README_case_number
severity_blocked,low_block,,LOCA_48,LOCA,48.0,% of 100 cm2 hot-leg break,train,NPPAD_README_case_number
severity_blocked,low_block,,LOCA_49,LOCA,49.0,% of 100 cm2 hot-leg break,train,NPPAD_README_case_number
severity_blocked,low_block,,LOCA_50,LOCA,50.0,% of 100 cm2 hot-leg break,train,NPPAD_README_case_number
severity_blocked,low_block,,LOCA_51,LOCA,51.0,% of 100 cm2 hot-leg break,train,NPPAD_README_case_number
severity_blocked,low_block,,LOCA_52,LOCA,52.0,% of 100 cm2 hot-leg break,train,NPPAD_README_case_number
severity_blocked,low_block,,LOCA_53,LOCA,53.0,% of 100 cm2 hot-leg break,train,NPPAD_README_case_number
severity_blocked,low_block,,LOCA_54,LOCA,54.0,% of 100 cm2 hot-leg break,train,NPPAD_README_case_number
severity_blocked,low_block,,LOCA_55,LOCA,55.0,% of 100 cm2 hot-leg break,train,NPPAD_README_case_number
severity_blocked,low_block,,LOCA_56,LOCA,56.0,% of 100 cm2 hot-leg break,train,NPPAD_README_case_number
severity_blocked,low_block,,LOCA_57,LOCA,57.0,% of 100 cm2 hot-leg break,train,NPPAD_README_case_number
severity_blocked,low_block,,LOCA_58,LOCA,58.0,% of 100 cm2 hot-leg break,train,NPPAD_README_case_number
severity_blocked,low_block,,LOCA_59,LOCA,59.0,% of 100 cm2 hot-leg break,train,NPPAD_README_case_number
severity_blocked,low_block,,LOCA_60,LOCA,60.0,% of 100 cm2 hot-leg break,train,NPPAD_README_case_number
severity_blocked,low_block,,LOCA_61,LOCA,61.0,% of 100 cm2 hot-leg break,train,NPPAD_README_case_number
severity_blocked,low_block,,LOCA_62,LOCA,62.0,% of 100 cm2 hot-leg break,train,NPPAD_README_case_number
severity_blocked,low_block,,LOCA_63,LOCA,63.0,% of 100 cm2 hot-leg break,train,NPPAD_README_case_number
severity_blocked,low_block,,LOCA_64,LOCA,64.0,% of 100 cm2 hot-leg break,train,NPPAD_README_case_number
severity_blocked,low_block,,LOCA_65,LOCA,65.0,% of 100 cm2 hot-leg break,train,NPPAD_README_case_number
severity_blocked,low_block,,LOCA_66,LOCA,66.0,% of 100 cm2 hot-leg break,validation,NPPAD_README_case_number
severity_blocked,low_block,,LOCA_67,LOCA,67.0,% of 100 cm2 hot-leg break,validation,NPPAD_README_case_number
severity_blocked,low_block,,LOCA_68,LOCA,68.0,% of 100 cm2 hot-leg break,validation,NPPAD_README_case_number
severity_blocked,low_block,,LOCA_69,LOCA,69.0,% of 100 cm2 hot-leg break,validation,NPPAD_README_case_number
severity_blocked,low_block,,LOCA_70,LOCA,70.0,% of 100 cm2 hot-leg break,validation,NPPAD_README_case_number
severity_blocked,low_block,,LOCA_71,LOCA,71.0,% of 100 cm2 hot-leg break,validation,NPPAD_README_case_number
severity_blocked,low_block,,LOCA_72,LOCA,72.0,% of 100 cm2 hot-leg break,validation,NPPAD_README_case_number
severity_blocked,low_block,,LOCA_73,LOCA,73.0,% of 100 cm2 hot-leg break,validation,NPPAD_README_case_number
severity_blocked,low_block,,LOCA_74,LOCA,74.0,% of 100 cm2 hot-leg break,validation,NPPAD_README_case_number
severity_blocked,low_block,,LOCA_75,LOCA,75.0,% of 100 cm2 hot-leg break,validation,NPPAD_README_case_number
severity_blocked,low_block,,LOCA_76,LOCA,76.0,% of 100 cm2 hot-leg break,validation,NPPAD_README_case_number
severity_blocked,low_block,,LOCA_77,LOCA,77.0,% of 100 cm2 hot-leg break,validation,NPPAD_README_case_number
severity_blocked,low_block,,LOCA_1,LOCA,1.0,% of 100 cm2 hot-leg break,test,NPPAD_README_case_number
severity_blocked,low_block,,LOCA_2,LOCA,2.0,% of 100 cm2 hot-leg break,test,NPPAD_README_case_number
severity_blocked,low_block,,LOCA_3,LOCA,3.0,% of 100 cm2 hot-leg break,test,NPPAD_README_case_number
severity_blocked,low_block,,LOCA_4,LOCA,4.0,% of 100 cm2 hot-leg break,test,NPPAD_README_case_number
severity_blocked,low_block,,LOCA_5,LOCA,5.0,% of 100 cm2 hot-leg break,test,NPPAD_README_case_number
severity_blocked,low_block,,LOCA_6,LOCA,6.0,% of 100 cm2 hot-leg break,test,NPPAD_README_case_number
severity_blocked,low_block,,LOCA_7,LOCA,7.0,% of 100 cm2 hot-leg break,test,NPPAD_README_case_number
severity_blocked,low_block,,LOCA_8,LOCA,8.0,% of 100 cm2 hot-leg break,test,NPPAD_README_case_number
severity_blocked,low_block,,LOCA_9,LOCA,9.0,% of 100 cm2 hot-leg break,test,NPPAD_README_case_number
severity_blocked,low_block,,LOCA_10,LOCA,10.0,% of 100 cm2 hot-leg break,test,NPPAD_README_case_number
severity_blocked,low_block,,LOCA_11,LOCA,11.0,% of 100 cm2 hot-leg break,test,NPPAD_README_case_number
severity_blocked,low_block,,LOCA_12,LOCA,12.0,% of 100 cm2 hot-leg break,test,NPPAD_README_case_number
severity_blocked,low_block,,LOCA_13,LOCA,13.0,% of 100 cm2 hot-leg break,test,NPPAD_README_case_number
severity_blocked,low_block,,LOCA_14,LOCA,14.0,% of 100 cm2 hot-leg break,test,NPPAD_README_case_number
severity_blocked,low_block,,LOCA_15,LOCA,15.0,% of 100 cm2 hot-leg break,test,NPPAD_README_case_number
severity_blocked,low_block,,LOCA_16,LOCA,16.0,% of 100 cm2 hot-leg break,test,NPPAD_README_case_number
severity_blocked,low_block,,LOCA_17,LOCA,17.0,% of 100 cm2 hot-leg break,gap_excluded,NPPAD_README_case_number
severity_blocked,low_block,,LOCAC_18,LOCAC,18.0,% of 100 cm2 cold-leg break,train,NPPAD_README_case_number
severity_blocked,low_block,,LOCAC_19,LOCAC,19.0,% of 100 cm2 cold-leg break,train,NPPAD_README_case_number
severity_blocked,low_block,,LOCAC_20,LOCAC,20.0,% of 100 cm2 cold-leg break,train,NPPAD_README_case_number
severity_blocked,low_block,,LOCAC_21,LOCAC,21.0,% of 100 cm2 cold-leg break,train,NPPAD_README_case_number
severity_blocked,low_block,,LOCAC_22,LOCAC,22.0,% of 100 cm2 cold-leg break,train,NPPAD_README_case_number
severity_blocked,low_block,,LOCAC_23,LOCAC,23.0,% of 100 cm2 cold-leg break,train,NPPAD_README_case_number
severity_blocked,low_block,,LOCAC_24,LOCAC,24.0,% of 100 cm2 cold-leg break,train,NPPAD_README_case_number
severity_blocked,low_block,,LOCAC_25,LOCAC,25.0,% of 100 cm2 cold-leg break,train,NPPAD_README_case_number
severity_blocked,low_block,,LOCAC_26,LOCAC,26.0,% of 100 cm2 cold-leg break,train,NPPAD_README_case_number
severity_blocked,low_block,,LOCAC_27,LOCAC,27.0,% of 100 cm2 cold-leg break,train,NPPAD_README_case_number
severity_blocked,low_block,,LOCAC_28,LOCAC,28.0,% of 100 cm2 cold-leg break,train,NPPAD_README_case_number
severity_blocked,low_block,,LOCAC_29,LOCAC,29.0,% of 100 cm2 cold-leg break,train,NPPAD_README_case_number
severity_blocked,low_block,,LOCAC_30,LOCAC,30.0,% of 100 cm2 cold-leg break,train,NPPAD_README_case_number
severity_blocked,low_block,,LOCAC_31,LOCAC,31.0,% of 100 cm2 cold-leg break,train,NPPAD_README_case_number
severity_blocked,low_block,,LOCAC_32,LOCAC,32.0,% of 100 cm2 cold-leg break,train,NPPAD_README_case_number
severity_blocked,low_block,,LOCAC_33,LOCAC,33.0,% of 100 cm2 cold-leg break,train,NPPAD_README_case_number
severity_blocked,low_block,,LOCAC_34,LOCAC,34.0,% of 100 cm2 cold-leg break,train,NPPAD_README_case_number
severity_blocked,low_block,,LOCAC_35,LOCAC,35.0,% of 100 cm2 cold-leg break,train,NPPAD_README_case_number
severity_blocked,low_block,,LOCAC_36,LOCAC,36.0,% of 100 cm2 cold-leg break,train,NPPAD_README_case_number
severity_blocked,low_block,,LOCAC_37,LOCAC,37.0,% of 100 cm2 cold-leg break,train,NPPAD_README_case_number
severity_blocked,low_block,,LOCAC_38,LOCAC,38.0,% of 100 cm2 cold-leg break,train,NPPAD_README_case_number
severity_blocked,low_block,,LOCAC_39,LOCAC,39.0,% of 100 cm2 cold-leg break,train,NPPAD_README_case_number
severity_blocked,low_block,,LOCAC_40,LOCAC,40.0,% of 100 cm2 cold-leg break,train,NPPAD_README_case_number
severity_blocked,low_block,,LOCAC_41,LOCAC,41.0,% of 100 cm2 cold-leg break,train,NPPAD_README_case_number
severity_blocked,low_block,,LOCAC_42,LOCAC,42.0,% of 100 cm2 cold-leg break,train,NPPAD_README_case_number
severity_blocked,low_block,,LOCAC_43,LOCAC,43.0,% of 100 cm2 cold-leg break,train,NPPAD_README_case_number
severity_blocked,low_block,,LOCAC_44,LOCAC,44.0,% of 100 cm2 cold-leg break,train,NPPAD_README_case_number
severity_blocked,low_block,,LOCAC_45,LOCAC,45.0,% of 100 cm2 cold-leg break,train,NPPAD_README_case_number
severity_blocked,low_block,,LOCAC_46,LOCAC,46.0,% of 100 cm2 cold-leg break,train,NPPAD_README_case_number
severity_blocked,low_block,,LOCAC_47,LOCAC,47.0,% of 100 cm2 cold-leg break,train,NPPAD_README_case_number
severity_blocked,low_block,,LOCAC_48,LOCAC,48.0,% of 100 cm2 cold-leg break,train,NPPAD_README_case_number
severity_blocked,low_block,,LOCAC_49,LOCAC,49.0,% of 100 cm2 cold-leg break,train,NPPAD_README_case_number
severity_blocked,low_block,,LOCAC_50,LOCAC,50.0,% of 100 cm2 cold-leg break,train,NPPAD_README_case_number
severity_blocked,low_block,,LOCAC_51,LOCAC,51.0,% of 100 cm2 cold-leg break,train,NPPAD_README_case_number
severity_blocked,low_block,,LOCAC_52,LOCAC,52.0,% of 100 cm2 cold-leg break,train,NPPAD_README_case_number
severity_blocked,low_block,,LOCAC_53,LOCAC,53.0,% of 100 cm2 cold-leg break,train,NPPAD_README_case_number
severity_blocked,low_block,,LOCAC_54,LOCAC,54.0,% of 100 cm2 cold-leg break,train,NPPAD_README_case_number
severity_blocked,low_block,,LOCAC_55,LOCAC,55.0,% of 100 cm2 cold-leg break,train,NPPAD_README_case_number
severity_blocked,low_block,,LOCAC_56,LOCAC,56.0,% of 100 cm2 cold-leg break,train,NPPAD_README_case_number
severity_blocked,low_block,,LOCAC_57,LOCAC,57.0,% of 100 cm2 cold-leg break,train,NPPAD_README_case_number
severity_blocked,low_block,,LOCAC_58,LOCAC,58.0,% of 100 cm2 cold-leg break,train,NPPAD_README_case_number
severity_blocked,low_block,,LOCAC_59,LOCAC,59.0,% of 100 cm2 cold-leg break,train,NPPAD_README_case_number
severity_blocked,low_block,,LOCAC_60,LOCAC,60.0,% of 100 cm2 cold-leg break,train,NPPAD_README_case_number
severity_blocked,low_block,,LOCAC_61,LOCAC,61.0,% of 100 cm2 cold-leg break,train,NPPAD_README_case_number
severity_blocked,low_block,,LOCAC_62,LOCAC,62.0,% of 100 cm2 cold-leg break,train,NPPAD_README_case_number
severity_blocked,low_block,,LOCAC_63,LOCAC,63.0,% of 100 cm2 cold-leg break,train,NPPAD_README_case_number
severity_blocked,low_block,,LOCAC_64,LOCAC,64.0,% of 100 cm2 cold-leg break,train,NPPAD_README_case_number
severity_blocked,low_block,,LOCAC_65,LOCAC,65.0,% of 100 cm2 cold-leg break,train,NPPAD_README_case_number
severity_blocked,low_block,,LOCAC_66,LOCAC,66.0,% of 100 cm2 cold-leg break,train,NPPAD_README_case_number
severity_blocked,low_block,,LOCAC_67,LOCAC,67.0,% of 100 cm2 cold-leg break,train,NPPAD_README_case_number
severity_blocked,low_block,,LOCAC_68,LOCAC,68.0,% of 100 cm2 cold-leg break,validation,NPPAD_README_case_number
severity_blocked,low_block,,LOCAC_69,LOCAC,69.0,% of 100 cm2 cold-leg break,validation,NPPAD_README_case_number
severity_blocked,low_block,,LOCAC_70,LOCAC,70.0,% of 100 cm2 cold-leg break,validation,NPPAD_README_case_number
severity_blocked,low_block,,LOCAC_71,LOCAC,71.0,% of 100 cm2 cold-leg break,validation,NPPAD_README_case_number
severity_blocked,low_block,,LOCAC_72,LOCAC,72.0,% of 100 cm2 cold-leg break,validation,NPPAD_README_case_number
severity_blocked,low_block,,LOCAC_73,LOCAC,73.0,% of 100 cm2 cold-leg break,validation,NPPAD_README_case_number
severity_blocked,low_block,,LOCAC_74,LOCAC,74.0,% of 100 cm2 cold-leg break,validation,NPPAD_README_case_number
severity_blocked,low_block,,LOCAC_75,LOCAC,75.0,% of 100 cm2 cold-leg break,validation,NPPAD_README_case_number
severity_blocked,low_block,,LOCAC_76,LOCAC,76.0,% of 100 cm2 cold-leg break,validation,NPPAD_README_case_number
severity_blocked,low_block,,LOCAC_77,LOCAC,77.0,% of 100 cm2 cold-leg break,validation,NPPAD_README_case_number
severity_blocked,low_block,,LOCAC_78,LOCAC,78.0,% of 100 cm2 cold-leg break,validation,NPPAD_README_case_number
severity_blocked,low_block,,LOCAC_79,LOCAC,79.0,% of 100 cm2 cold-leg break,validation,NPPAD_README_case_number
severity_blocked,low_block,,LOCAC_1,LOCAC,1.0,% of 100 cm2 cold-leg break,test,NPPAD_README_case_number
severity_blocked,low_block,,LOCAC_2,LOCAC,2.0,% of 100 cm2 cold-leg break,test,NPPAD_README_case_number
severity_blocked,low_block,,LOCAC_3,LOCAC,3.0,% of 100 cm2 cold-leg break,test,NPPAD_README_case_number
severity_blocked,low_block,,LOCAC_4,LOCAC,4.0,% of 100 cm2 cold-leg break,test,NPPAD_README_case_number
severity_blocked,low_block,,LOCAC_5,LOCAC,5.0,% of 100 cm2 cold-leg break,test,NPPAD_README_case_number
severity_blocked,low_block,,LOCAC_6,LOCAC,6.0,% of 100 cm2 cold-leg break,test,NPPAD_README_case_number
severity_blocked,low_block,,LOCAC_7,LOCAC,7.0,% of 100 cm2 cold-leg break,test,NPPAD_README_case_number
severity_blocked,low_block,,LOCAC_8,LOCAC,8.0,% of 100 cm2 cold-leg break,test,NPPAD_README_case_number
severity_blocked,low_block,,LOCAC_9,LOCAC,9.0,% of 100 cm2 cold-leg break,test,NPPAD_README_case_number
severity_blocked,low_block,,LOCAC_10,LOCAC,10.0,% of 100 cm2 cold-leg break,test,NPPAD_README_case_number
severity_blocked,low_block,,LOCAC_11,LOCAC,11.0,% of 100 cm2 cold-leg break,test,NPPAD_README_case_number
severity_blocked,low_block,,LOCAC_12,LOCAC,12.0,% of 100 cm2 cold-leg break,test,NPPAD_README_case_number
severity_blocked,low_block,,LOCAC_13,LOCAC,13.0,% of 100 cm2 cold-leg break,test,NPPAD_README_case_number
severity_blocked,low_block,,LOCAC_14,LOCAC,14.0,% of 100 cm2 cold-leg break,test,NPPAD_README_case_number
severity_blocked,low_block,,LOCAC_15,LOCAC,15.0,% of 100 cm2 cold-leg break,test,NPPAD_README_case_number
severity_blocked,low_block,,LOCAC_16,LOCAC,16.0,% of 100 cm2 cold-leg break,test,NPPAD_README_case_number
severity_blocked,low_block,,LOCAC_17,LOCAC,17.0,% of 100 cm2 cold-leg break,gap_excluded,NPPAD_README_case_number
severity_blocked,low_block,,LR_77,LR,77.0,% of full load rejected,train,NPPAD_README_case_number
severity_blocked,low_block,,LR_78,LR,78.0,% of full load rejected,train,NPPAD_README_case_number
severity_blocked,low_block,,LR_79,LR,79.0,% of full load rejected,train,NPPAD_README_case_number
severity_blocked,low_block,,LR_80,LR,80.0,% of full load rejected,train,NPPAD_README_case_number
severity_blocked,low_block,,LR_81,LR,81.0,% of full load rejected,train,NPPAD_README_case_number
severity_blocked,low_block,,LR_82,LR,82.0,% of full load rejected,train,NPPAD_README_case_number
severity_blocked,low_block,,LR_83,LR,83.0,% of full load rejected,train,NPPAD_README_case_number
severity_blocked,low_block,,LR_84,LR,84.0,% of full load rejected,train,NPPAD_README_case_number
severity_blocked,low_block,,LR_85,LR,85.0,% of full load rejected,train,NPPAD_README_case_number
severity_blocked,low_block,,LR_86,LR,86.0,% of full load rejected,train,NPPAD_README_case_number
severity_blocked,low_block,,LR_87,LR,87.0,% of full load rejected,train,NPPAD_README_case_number
severity_blocked,low_block,,LR_88,LR,88.0,% of full load rejected,train,NPPAD_README_case_number
severity_blocked,low_block,,LR_89,LR,89.0,% of full load rejected,train,NPPAD_README_case_number
severity_blocked,low_block,,LR_90,LR,90.0,% of full load rejected,train,NPPAD_README_case_number
severity_blocked,low_block,,LR_93,LR,93.0,% of full load rejected,train,NPPAD_README_case_number
severity_blocked,low_block,,LR_94,LR,94.0,% of full load rejected,train,NPPAD_README_case_number
severity_blocked,low_block,,LR_95,LR,95.0,% of full load rejected,train,NPPAD_README_case_number
severity_blocked,low_block,,LR_96,LR,96.0,% of full load rejected,validation,NPPAD_README_case_number
severity_blocked,low_block,,LR_97,LR,97.0,% of full load rejected,validation,NPPAD_README_case_number
severity_blocked,low_block,,LR_98,LR,98.0,% of full load rejected,validation,NPPAD_README_case_number
severity_blocked,low_block,,LR_99,LR,99.0,% of full load rejected,validation,NPPAD_README_case_number
severity_blocked,low_block,,LR_70,LR,70.0,% of full load rejected,test,NPPAD_README_case_number
severity_blocked,low_block,,LR_71,LR,71.0,% of full load rejected,test,NPPAD_README_case_number
severity_blocked,low_block,,LR_72,LR,72.0,% of full load rejected,test,NPPAD_README_case_number
severity_blocked,low_block,,LR_73,LR,73.0,% of full load rejected,test,NPPAD_README_case_number
severity_blocked,low_block,,LR_74,LR,74.0,% of full load rejected,test,NPPAD_README_case_number
severity_blocked,low_block,,LR_75,LR,75.0,% of full load rejected,test,NPPAD_README_case_number
severity_blocked,low_block,,LR_76,LR,76.0,% of full load rejected,gap_excluded,NPPAD_README_case_number
severity_blocked,low_block,,RI_-27,RI,-27.0,% of rods inserted,train,NPPAD_README_case_number
severity_blocked,low_block,,RI_-26,RI,-26.0,% of rods inserted,train,NPPAD_README_case_number
severity_blocked,low_block,,RI_-25,RI,-25.0,% of rods inserted,train,NPPAD_README_case_number
severity_blocked,low_block,,RI_-23,RI,-23.0,% of rods inserted,train,NPPAD_README_case_number
severity_blocked,low_block,,RI_-22,RI,-22.0,% of rods inserted,train,NPPAD_README_case_number
severity_blocked,low_block,,RI_-21,RI,-21.0,% of rods inserted,train,NPPAD_README_case_number
severity_blocked,low_block,,RI_-20,RI,-20.0,% of rods inserted,train,NPPAD_README_case_number
severity_blocked,low_block,,RI_-19,RI,-19.0,% of rods inserted,train,NPPAD_README_case_number
severity_blocked,low_block,,RI_-18,RI,-18.0,% of rods inserted,train,NPPAD_README_case_number
severity_blocked,low_block,,RI_-17,RI,-17.0,% of rods inserted,train,NPPAD_README_case_number
severity_blocked,low_block,,RI_-16,RI,-16.0,% of rods inserted,train,NPPAD_README_case_number
severity_blocked,low_block,,RI_-15,RI,-15.0,% of rods inserted,train,NPPAD_README_case_number
severity_blocked,low_block,,RI_-14,RI,-14.0,% of rods inserted,train,NPPAD_README_case_number
severity_blocked,low_block,,RI_-13,RI,-13.0,% of rods inserted,train,NPPAD_README_case_number
severity_blocked,low_block,,RI_-12,RI,-12.0,% of rods inserted,train,NPPAD_README_case_number
severity_blocked,low_block,,RI_-11,RI,-11.0,% of rods inserted,train,NPPAD_README_case_number
severity_blocked,low_block,,RI_-10,RI,-10.0,% of rods inserted,train,NPPAD_README_case_number
severity_blocked,low_block,,RI_-9,RI,-9.0,% of rods inserted,train,NPPAD_README_case_number
severity_blocked,low_block,,RI_-8,RI,-8.0,% of rods inserted,train,NPPAD_README_case_number
severity_blocked,low_block,,RI_-7,RI,-7.0,% of rods inserted,train,NPPAD_README_case_number
severity_blocked,low_block,,RI_-6,RI,-6.0,% of rods inserted,train,NPPAD_README_case_number
severity_blocked,low_block,,RI_-5,RI,-5.0,% of rods inserted,validation,NPPAD_README_case_number
severity_blocked,low_block,,RI_-4,RI,-4.0,% of rods inserted,validation,NPPAD_README_case_number
severity_blocked,low_block,,RI_-3,RI,-3.0,% of rods inserted,validation,NPPAD_README_case_number
severity_blocked,low_block,,RI_-2,RI,-2.0,% of rods inserted,validation,NPPAD_README_case_number
severity_blocked,low_block,,RI_-1,RI,-1.0,% of rods inserted,validation,NPPAD_README_case_number
severity_blocked,low_block,,RI_-35,RI,-35.0,% of rods inserted,test,NPPAD_README_case_number
severity_blocked,low_block,,RI_-34,RI,-34.0,% of rods inserted,test,NPPAD_README_case_number
severity_blocked,low_block,,RI_-33,RI,-33.0,% of rods inserted,test,NPPAD_README_case_number
severity_blocked,low_block,,RI_-32,RI,-32.0,% of rods inserted,test,NPPAD_README_case_number
severity_blocked,low_block,,RI_-31,RI,-31.0,% of rods inserted,test,NPPAD_README_case_number
severity_blocked,low_block,,RI_-30,RI,-30.0,% of rods inserted,test,NPPAD_README_case_number
severity_blocked,low_block,,RI_-29,RI,-29.0,% of rods inserted,test,NPPAD_README_case_number
severity_blocked,low_block,,RI_-28,RI,-28.0,% of rods inserted,gap_excluded,NPPAD_README_case_number
severity_blocked,low_block,,SGATR_67,SGATR,67.0,% of one full steam-generator-A tube rupture,train,NPPAD_README_case_number
severity_blocked,low_block,,SGATR_68,SGATR,68.0,% of one full steam-generator-A tube rupture,train,NPPAD_README_case_number
severity_blocked,low_block,,SGATR_69,SGATR,69.0,% of one full steam-generator-A tube rupture,train,NPPAD_README_case_number
severity_blocked,low_block,,SGATR_70,SGATR,70.0,% of one full steam-generator-A tube rupture,train,NPPAD_README_case_number
severity_blocked,low_block,,SGATR_71,SGATR,71.0,% of one full steam-generator-A tube rupture,train,NPPAD_README_case_number
severity_blocked,low_block,,SGATR_72,SGATR,72.0,% of one full steam-generator-A tube rupture,train,NPPAD_README_case_number
severity_blocked,low_block,,SGATR_73,SGATR,73.0,% of one full steam-generator-A tube rupture,train,NPPAD_README_case_number
severity_blocked,low_block,,SGATR_74,SGATR,74.0,% of one full steam-generator-A tube rupture,train,NPPAD_README_case_number
severity_blocked,low_block,,SGATR_75,SGATR,75.0,% of one full steam-generator-A tube rupture,train,NPPAD_README_case_number
severity_blocked,low_block,,SGATR_76,SGATR,76.0,% of one full steam-generator-A tube rupture,train,NPPAD_README_case_number
severity_blocked,low_block,,SGATR_77,SGATR,77.0,% of one full steam-generator-A tube rupture,train,NPPAD_README_case_number
severity_blocked,low_block,,SGATR_78,SGATR,78.0,% of one full steam-generator-A tube rupture,train,NPPAD_README_case_number
severity_blocked,low_block,,SGATR_79,SGATR,79.0,% of one full steam-generator-A tube rupture,train,NPPAD_README_case_number
severity_blocked,low_block,,SGATR_80,SGATR,80.0,% of one full steam-generator-A tube rupture,train,NPPAD_README_case_number
severity_blocked,low_block,,SGATR_81,SGATR,81.0,% of one full steam-generator-A tube rupture,train,NPPAD_README_case_number
severity_blocked,low_block,,SGATR_82,SGATR,82.0,% of one full steam-generator-A tube rupture,train,NPPAD_README_case_number
severity_blocked,low_block,,SGATR_83,SGATR,83.0,% of one full steam-generator-A tube rupture,train,NPPAD_README_case_number
severity_blocked,low_block,,SGATR_84,SGATR,84.0,% of one full steam-generator-A tube rupture,train,NPPAD_README_case_number
severity_blocked,low_block,,SGATR_85,SGATR,85.0,% of one full steam-generator-A tube rupture,train,NPPAD_README_case_number
severity_blocked,low_block,,SGATR_86,SGATR,86.0,% of one full steam-generator-A tube rupture,train,NPPAD_README_case_number
severity_blocked,low_block,,SGATR_87,SGATR,87.0,% of one full steam-generator-A tube rupture,train,NPPAD_README_case_number
severity_blocked,low_block,,SGATR_88,SGATR,88.0,% of one full steam-generator-A tube rupture,train,NPPAD_README_case_number
severity_blocked,low_block,,SGATR_89,SGATR,89.0,% of one full steam-generator-A tube rupture,train,NPPAD_README_case_number
severity_blocked,low_block,,SGATR_90,SGATR,90.0,% of one full steam-generator-A tube rupture,train,NPPAD_README_case_number
severity_blocked,low_block,,SGATR_91,SGATR,91.0,% of one full steam-generator-A tube rupture,train,NPPAD_README_case_number
severity_blocked,low_block,,SGATR_92,SGATR,92.0,% of one full steam-generator-A tube rupture,train,NPPAD_README_case_number
severity_blocked,low_block,,SGATR_93,SGATR,93.0,% of one full steam-generator-A tube rupture,train,NPPAD_README_case_number
severity_blocked,low_block,,SGATR_94,SGATR,94.0,% of one full steam-generator-A tube rupture,validation,NPPAD_README_case_number
severity_blocked,low_block,,SGATR_95,SGATR,95.0,% of one full steam-generator-A tube rupture,validation,NPPAD_README_case_number
severity_blocked,low_block,,SGATR_96,SGATR,96.0,% of one full steam-generator-A tube rupture,validation,NPPAD_README_case_number
severity_blocked,low_block,,SGATR_97,SGATR,97.0,% of one full steam-generator-A tube rupture,validation,NPPAD_README_case_number
severity_blocked,low_block,,SGATR_98,SGATR,98.0,% of one full steam-generator-A tube rupture,validation,NPPAD_README_case_number
severity_blocked,low_block,,SGATR_99,SGATR,99.0,% of one full steam-generator-A tube rupture,validation,NPPAD_README_case_number
severity_blocked,low_block,,SGATR_100,SGATR,100.0,% of one full steam-generator-A tube rupture,validation,NPPAD_README_case_number
severity_blocked,low_block,,SGATR_57,SGATR,57.0,% of one full steam-generator-A tube rupture,test,NPPAD_README_case_number
severity_blocked,low_block,,SGATR_58,SGATR,58.0,% of one full steam-generator-A tube rupture,test,NPPAD_README_case_number
severity_blocked,low_block,,SGATR_59,SGATR,59.0,% of one full steam-generator-A tube rupture,test,NPPAD_README_case_number
severity_blocked,low_block,,SGATR_60,SGATR,60.0,% of one full steam-generator-A tube rupture,test,NPPAD_README_case_number
severity_blocked,low_block,,SGATR_61,SGATR,61.0,% of one full steam-generator-A tube rupture,test,NPPAD_README_case_number
severity_blocked,low_block,,SGATR_62,SGATR,62.0,% of one full steam-generator-A tube rupture,test,NPPAD_README_case_number
severity_blocked,low_block,,SGATR_63,SGATR,63.0,% of one full steam-generator-A tube rupture,test,NPPAD_README_case_number
severity_blocked,low_block,,SGATR_64,SGATR,64.0,% of one full steam-generator-A tube rupture,test,NPPAD_README_case_number
severity_blocked,low_block,,SGATR_65,SGATR,65.0,% of one full steam-generator-A tube rupture,test,NPPAD_README_case_number
severity_blocked,low_block,,SGATR_66,SGATR,66.0,% of one full steam-generator-A tube rupture,gap_excluded,NPPAD_README_case_number
severity_blocked,low_block,,SGBTR_69,SGBTR,69.0,% of one full steam-generator-B tube rupture,train,NPPAD_README_case_number
severity_blocked,low_block,,SGBTR_70,SGBTR,70.0,% of one full steam-generator-B tube rupture,train,NPPAD_README_case_number
severity_blocked,low_block,,SGBTR_71,SGBTR,71.0,% of one full steam-generator-B tube rupture,train,NPPAD_README_case_number
severity_blocked,low_block,,SGBTR_72,SGBTR,72.0,% of one full steam-generator-B tube rupture,train,NPPAD_README_case_number
severity_blocked,low_block,,SGBTR_73,SGBTR,73.0,% of one full steam-generator-B tube rupture,train,NPPAD_README_case_number
severity_blocked,low_block,,SGBTR_74,SGBTR,74.0,% of one full steam-generator-B tube rupture,train,NPPAD_README_case_number
severity_blocked,low_block,,SGBTR_75,SGBTR,75.0,% of one full steam-generator-B tube rupture,train,NPPAD_README_case_number
severity_blocked,low_block,,SGBTR_76,SGBTR,76.0,% of one full steam-generator-B tube rupture,train,NPPAD_README_case_number
severity_blocked,low_block,,SGBTR_77,SGBTR,77.0,% of one full steam-generator-B tube rupture,train,NPPAD_README_case_number
severity_blocked,low_block,,SGBTR_78,SGBTR,78.0,% of one full steam-generator-B tube rupture,train,NPPAD_README_case_number
severity_blocked,low_block,,SGBTR_79,SGBTR,79.0,% of one full steam-generator-B tube rupture,train,NPPAD_README_case_number
severity_blocked,low_block,,SGBTR_80,SGBTR,80.0,% of one full steam-generator-B tube rupture,train,NPPAD_README_case_number
severity_blocked,low_block,,SGBTR_81,SGBTR,81.0,% of one full steam-generator-B tube rupture,train,NPPAD_README_case_number
severity_blocked,low_block,,SGBTR_82,SGBTR,82.0,% of one full steam-generator-B tube rupture,train,NPPAD_README_case_number
severity_blocked,low_block,,SGBTR_83,SGBTR,83.0,% of one full steam-generator-B tube rupture,train,NPPAD_README_case_number
severity_blocked,low_block,,SGBTR_84,SGBTR,84.0,% of one full steam-generator-B tube rupture,train,NPPAD_README_case_number
severity_blocked,low_block,,SGBTR_85,SGBTR,85.0,% of one full steam-generator-B tube rupture,train,NPPAD_README_case_number
severity_blocked,low_block,,SGBTR_86,SGBTR,86.0,% of one full steam-generator-B tube rupture,train,NPPAD_README_case_number
severity_blocked,low_block,,SGBTR_87,SGBTR,87.0,% of one full steam-generator-B tube rupture,train,NPPAD_README_case_number
severity_blocked,low_block,,SGBTR_88,SGBTR,88.0,% of one full steam-generator-B tube rupture,train,NPPAD_README_case_number
severity_blocked,low_block,,SGBTR_89,SGBTR,89.0,% of one full steam-generator-B tube rupture,train,NPPAD_README_case_number
severity_blocked,low_block,,SGBTR_90,SGBTR,90.0,% of one full steam-generator-B tube rupture,train,NPPAD_README_case_number
severity_blocked,low_block,,SGBTR_91,SGBTR,91.0,% of one full steam-generator-B tube rupture,train,NPPAD_README_case_number
severity_blocked,low_block,,SGBTR_92,SGBTR,92.0,% of one full steam-generator-B tube rupture,train,NPPAD_README_case_number
severity_blocked,low_block,,SGBTR_93,SGBTR,93.0,% of one full steam-generator-B tube rupture,train,NPPAD_README_case_number
severity_blocked,low_block,,SGBTR_94,SGBTR,94.0,% of one full steam-generator-B tube rupture,train,NPPAD_README_case_number
severity_blocked,low_block,,SGBTR_95,SGBTR,95.0,% of one full steam-generator-B tube rupture,train,NPPAD_README_case_number
severity_blocked,low_block,,SGBTR_96,SGBTR,96.0,% of one full steam-generator-B tube rupture,train,NPPAD_README_case_number
severity_blocked,low_block,,SGBTR_97,SGBTR,97.0,% of one full steam-generator-B tube rupture,train,NPPAD_README_case_number
severity_blocked,low_block,,SGBTR_98,SGBTR,98.0,% of one full steam-generator-B tube rupture,train,NPPAD_README_case_number
severity_blocked,low_block,,SGBTR_99,SGBTR,99.0,% of one full steam-generator-B tube rupture,train,NPPAD_README_case_number
severity_blocked,low_block,,SGBTR_100,SGBTR,100.0,% of one full steam-generator-B tube rupture,train,NPPAD_README_case_number
severity_blocked,low_block,,SGBTR_101,SGBTR,101.0,% of one full steam-generator-B tube rupture,train,NPPAD_README_case_number
severity_blocked,low_block,,SGBTR_102,SGBTR,102.0,% of one full steam-generator-B tube rupture,train,NPPAD_README_case_number
severity_blocked,low_block,,SGBTR_103,SGBTR,103.0,% of one full steam-generator-B tube rupture,validation,NPPAD_README_case_number
severity_blocked,low_block,,SGBTR_104,SGBTR,104.0,% of one full steam-generator-B tube rupture,validation,NPPAD_README_case_number
severity_blocked,low_block,,SGBTR_105,SGBTR,105.0,% of one full steam-generator-B tube rupture,validation,NPPAD_README_case_number
severity_blocked,low_block,,SGBTR_106,SGBTR,106.0,% of one full steam-generator-B tube rupture,validation,NPPAD_README_case_number
severity_blocked,low_block,,SGBTR_107,SGBTR,107.0,% of one full steam-generator-B tube rupture,validation,NPPAD_README_case_number
severity_blocked,low_block,,SGBTR_108,SGBTR,108.0,% of one full steam-generator-B tube rupture,validation,NPPAD_README_case_number
severity_blocked,low_block,,SGBTR_109,SGBTR,109.0,% of one full steam-generator-B tube rupture,validation,NPPAD_README_case_number
severity_blocked,low_block,,SGBTR_110,SGBTR,110.0,% of one full steam-generator-B tube rupture,validation,NPPAD_README_case_number
severity_blocked,low_block,,SGBTR_57,SGBTR,57.0,% of one full steam-generator-B tube rupture,test,NPPAD_README_case_number
severity_blocked,low_block,,SGBTR_58,SGBTR,58.0,% of one full steam-generator-B tube rupture,test,NPPAD_README_case_number
severity_blocked,low_block,,SGBTR_59,SGBTR,59.0,% of one full steam-generator-B tube rupture,test,NPPAD_README_case_number
severity_blocked,low_block,,SGBTR_60,SGBTR,60.0,% of one full steam-generator-B tube rupture,test,NPPAD_README_case_number
severity_blocked,low_block,,SGBTR_61,SGBTR,61.0,% of one full steam-generator-B tube rupture,test,NPPAD_README_case_number
severity_blocked,low_block,,SGBTR_62,SGBTR,62.0,% of one full steam-generator-B tube rupture,test,NPPAD_README_case_number
severity_blocked,low_block,,SGBTR_63,SGBTR,63.0,% of one full steam-generator-B tube rupture,test,NPPAD_README_case_number
severity_blocked,low_block,,SGBTR_64,SGBTR,64.0,% of one full steam-generator-B tube rupture,test,NPPAD_README_case_number
severity_blocked,low_block,,SGBTR_65,SGBTR,65.0,% of one full steam-generator-B tube rupture,test,NPPAD_README_case_number
severity_blocked,low_block,,SGBTR_66,SGBTR,66.0,% of one full steam-generator-B tube rupture,test,NPPAD_README_case_number
severity_blocked,low_block,,SGBTR_67,SGBTR,67.0,% of one full steam-generator-B tube rupture,test,NPPAD_README_case_number
severity_blocked,low_block,,SGBTR_68,SGBTR,68.0,% of one full steam-generator-B tube rupture,gap_excluded,NPPAD_README_case_number
severity_blocked,low_block,,SLBIC_33,SLBIC,33.0,% of 100 cm2 inside-containment steam-line break,train,NPPAD_README_case_number
severity_blocked,low_block,,SLBIC_34,SLBIC,34.0,% of 100 cm2 inside-containment steam-line break,train,NPPAD_README_case_number
severity_blocked,low_block,,SLBIC_35,SLBIC,35.0,% of 100 cm2 inside-containment steam-line break,train,NPPAD_README_case_number
severity_blocked,low_block,,SLBIC_36,SLBIC,36.0,% of 100 cm2 inside-containment steam-line break,train,NPPAD_README_case_number
severity_blocked,low_block,,SLBIC_37,SLBIC,37.0,% of 100 cm2 inside-containment steam-line break,train,NPPAD_README_case_number
severity_blocked,low_block,,SLBIC_38,SLBIC,38.0,% of 100 cm2 inside-containment steam-line break,train,NPPAD_README_case_number
severity_blocked,low_block,,SLBIC_39,SLBIC,39.0,% of 100 cm2 inside-containment steam-line break,train,NPPAD_README_case_number
severity_blocked,low_block,,SLBIC_40,SLBIC,40.0,% of 100 cm2 inside-containment steam-line break,train,NPPAD_README_case_number
severity_blocked,low_block,,SLBIC_41,SLBIC,41.0,% of 100 cm2 inside-containment steam-line break,train,NPPAD_README_case_number
severity_blocked,low_block,,SLBIC_42,SLBIC,42.0,% of 100 cm2 inside-containment steam-line break,train,NPPAD_README_case_number
severity_blocked,low_block,,SLBIC_43,SLBIC,43.0,% of 100 cm2 inside-containment steam-line break,train,NPPAD_README_case_number
severity_blocked,low_block,,SLBIC_44,SLBIC,44.0,% of 100 cm2 inside-containment steam-line break,train,NPPAD_README_case_number
severity_blocked,low_block,,SLBIC_45,SLBIC,45.0,% of 100 cm2 inside-containment steam-line break,train,NPPAD_README_case_number
severity_blocked,low_block,,SLBIC_46,SLBIC,46.0,% of 100 cm2 inside-containment steam-line break,train,NPPAD_README_case_number
severity_blocked,low_block,,SLBIC_47,SLBIC,47.0,% of 100 cm2 inside-containment steam-line break,train,NPPAD_README_case_number
severity_blocked,low_block,,SLBIC_48,SLBIC,48.0,% of 100 cm2 inside-containment steam-line break,train,NPPAD_README_case_number
severity_blocked,low_block,,SLBIC_49,SLBIC,49.0,% of 100 cm2 inside-containment steam-line break,train,NPPAD_README_case_number
severity_blocked,low_block,,SLBIC_50,SLBIC,50.0,% of 100 cm2 inside-containment steam-line break,train,NPPAD_README_case_number
severity_blocked,low_block,,SLBIC_51,SLBIC,51.0,% of 100 cm2 inside-containment steam-line break,train,NPPAD_README_case_number
severity_blocked,low_block,,SLBIC_52,SLBIC,52.0,% of 100 cm2 inside-containment steam-line break,train,NPPAD_README_case_number
severity_blocked,low_block,,SLBIC_53,SLBIC,53.0,% of 100 cm2 inside-containment steam-line break,train,NPPAD_README_case_number
severity_blocked,low_block,,SLBIC_54,SLBIC,54.0,% of 100 cm2 inside-containment steam-line break,train,NPPAD_README_case_number
severity_blocked,low_block,,SLBIC_55,SLBIC,55.0,% of 100 cm2 inside-containment steam-line break,train,NPPAD_README_case_number
severity_blocked,low_block,,SLBIC_56,SLBIC,56.0,% of 100 cm2 inside-containment steam-line break,train,NPPAD_README_case_number
severity_blocked,low_block,,SLBIC_57,SLBIC,57.0,% of 100 cm2 inside-containment steam-line break,train,NPPAD_README_case_number
severity_blocked,low_block,,SLBIC_58,SLBIC,58.0,% of 100 cm2 inside-containment steam-line break,train,NPPAD_README_case_number
severity_blocked,low_block,,SLBIC_59,SLBIC,59.0,% of 100 cm2 inside-containment steam-line break,train,NPPAD_README_case_number
severity_blocked,low_block,,SLBIC_60,SLBIC,60.0,% of 100 cm2 inside-containment steam-line break,train,NPPAD_README_case_number
severity_blocked,low_block,,SLBIC_61,SLBIC,61.0,% of 100 cm2 inside-containment steam-line break,train,NPPAD_README_case_number
severity_blocked,low_block,,SLBIC_62,SLBIC,62.0,% of 100 cm2 inside-containment steam-line break,train,NPPAD_README_case_number
severity_blocked,low_block,,SLBIC_63,SLBIC,63.0,% of 100 cm2 inside-containment steam-line break,train,NPPAD_README_case_number
severity_blocked,low_block,,SLBIC_64,SLBIC,64.0,% of 100 cm2 inside-containment steam-line break,train,NPPAD_README_case_number
severity_blocked,low_block,,SLBIC_65,SLBIC,65.0,% of 100 cm2 inside-containment steam-line break,train,NPPAD_README_case_number
severity_blocked,low_block,,SLBIC_66,SLBIC,66.0,% of 100 cm2 inside-containment steam-line break,train,NPPAD_README_case_number
severity_blocked,low_block,,SLBIC_67,SLBIC,67.0,% of 100 cm2 inside-containment steam-line break,train,NPPAD_README_case_number
severity_blocked,low_block,,SLBIC_68,SLBIC,68.0,% of 100 cm2 inside-containment steam-line break,train,NPPAD_README_case_number
severity_blocked,low_block,,SLBIC_69,SLBIC,69.0,% of 100 cm2 inside-containment steam-line break,train,NPPAD_README_case_number
severity_blocked,low_block,,SLBIC_70,SLBIC,70.0,% of 100 cm2 inside-containment steam-line break,train,NPPAD_README_case_number
severity_blocked,low_block,,SLBIC_71,SLBIC,71.0,% of 100 cm2 inside-containment steam-line break,train,NPPAD_README_case_number
severity_blocked,low_block,,SLBIC_72,SLBIC,72.0,% of 100 cm2 inside-containment steam-line break,train,NPPAD_README_case_number
severity_blocked,low_block,,SLBIC_73,SLBIC,73.0,% of 100 cm2 inside-containment steam-line break,train,NPPAD_README_case_number
severity_blocked,low_block,,SLBIC_74,SLBIC,74.0,% of 100 cm2 inside-containment steam-line break,train,NPPAD_README_case_number
severity_blocked,low_block,,SLBIC_75,SLBIC,75.0,% of 100 cm2 inside-containment steam-line break,train,NPPAD_README_case_number
severity_blocked,low_block,,SLBIC_76,SLBIC,76.0,% of 100 cm2 inside-containment steam-line break,train,NPPAD_README_case_number
severity_blocked,low_block,,SLBIC_77,SLBIC,77.0,% of 100 cm2 inside-containment steam-line break,train,NPPAD_README_case_number
severity_blocked,low_block,,SLBIC_78,SLBIC,78.0,% of 100 cm2 inside-containment steam-line break,train,NPPAD_README_case_number
severity_blocked,low_block,,SLBIC_79,SLBIC,79.0,% of 100 cm2 inside-containment steam-line break,train,NPPAD_README_case_number
severity_blocked,low_block,,SLBIC_80,SLBIC,80.0,% of 100 cm2 inside-containment steam-line break,train,NPPAD_README_case_number
severity_blocked,low_block,,SLBIC_81,SLBIC,81.0,% of 100 cm2 inside-containment steam-line break,train,NPPAD_README_case_number
severity_blocked,low_block,,SLBIC_82,SLBIC,82.0,% of 100 cm2 inside-containment steam-line break,train,NPPAD_README_case_number
severity_blocked,low_block,,SLBIC_83,SLBIC,83.0,% of 100 cm2 inside-containment steam-line break,train,NPPAD_README_case_number
severity_blocked,low_block,,SLBIC_84,SLBIC,84.0,% of 100 cm2 inside-containment steam-line break,train,NPPAD_README_case_number
severity_blocked,low_block,,SLBIC_85,SLBIC,85.0,% of 100 cm2 inside-containment steam-line break,train,NPPAD_README_case_number
severity_blocked,low_block,,SLBIC_86,SLBIC,86.0,% of 100 cm2 inside-containment steam-line break,train,NPPAD_README_case_number
severity_blocked,low_block,,SLBIC_87,SLBIC,87.0,% of 100 cm2 inside-containment steam-line break,train,NPPAD_README_case_number
severity_blocked,low_block,,SLBIC_88,SLBIC,88.0,% of 100 cm2 inside-containment steam-line break,validation,NPPAD_README_case_number
severity_blocked,low_block,,SLBIC_89,SLBIC,89.0,% of 100 cm2 inside-containment steam-line break,validation,NPPAD_README_case_number
severity_blocked,low_block,,SLBIC_90,SLBIC,90.0,% of 100 cm2 inside-containment steam-line break,validation,NPPAD_README_case_number
severity_blocked,low_block,,SLBIC_91,SLBIC,91.0,% of 100 cm2 inside-containment steam-line break,validation,NPPAD_README_case_number
severity_blocked,low_block,,SLBIC_92,SLBIC,92.0,% of 100 cm2 inside-containment steam-line break,validation,NPPAD_README_case_number
severity_blocked,low_block,,SLBIC_93,SLBIC,93.0,% of 100 cm2 inside-containment steam-line break,validation,NPPAD_README_case_number
severity_blocked,low_block,,SLBIC_94,SLBIC,94.0,% of 100 cm2 inside-containment steam-line break,validation,NPPAD_README_case_number
severity_blocked,low_block,,SLBIC_95,SLBIC,95.0,% of 100 cm2 inside-containment steam-line break,validation,NPPAD_README_case_number
severity_blocked,low_block,,SLBIC_96,SLBIC,96.0,% of 100 cm2 inside-containment steam-line break,validation,NPPAD_README_case_number
severity_blocked,low_block,,SLBIC_97,SLBIC,97.0,% of 100 cm2 inside-containment steam-line break,validation,NPPAD_README_case_number
severity_blocked,low_block,,SLBIC_98,SLBIC,98.0,% of 100 cm2 inside-containment steam-line break,validation,NPPAD_README_case_number
severity_blocked,low_block,,SLBIC_99,SLBIC,99.0,% of 100 cm2 inside-containment steam-line break,validation,NPPAD_README_case_number
severity_blocked,low_block,,SLBIC_100,SLBIC,100.0,% of 100 cm2 inside-containment steam-line break,validation,NPPAD_README_case_number
severity_blocked,low_block,,SLBIC_101,SLBIC,101.0,% of 100 cm2 inside-containment steam-line break,validation,NPPAD_README_case_number
severity_blocked,low_block,,SLBIC_14,SLBIC,14.0,% of 100 cm2 inside-containment steam-line break,test,NPPAD_README_case_number
severity_blocked,low_block,,SLBIC_15,SLBIC,15.0,% of 100 cm2 inside-containment steam-line break,test,NPPAD_README_case_number
severity_blocked,low_block,,SLBIC_16,SLBIC,16.0,% of 100 cm2 inside-containment steam-line break,test,NPPAD_README_case_number
severity_blocked,low_block,,SLBIC_17,SLBIC,17.0,% of 100 cm2 inside-containment steam-line break,test,NPPAD_README_case_number
severity_blocked,low_block,,SLBIC_18,SLBIC,18.0,% of 100 cm2 inside-containment steam-line break,test,NPPAD_README_case_number
severity_blocked,low_block,,SLBIC_19,SLBIC,19.0,% of 100 cm2 inside-containment steam-line break,test,NPPAD_README_case_number
severity_blocked,low_block,,SLBIC_20,SLBIC,20.0,% of 100 cm2 inside-containment steam-line break,test,NPPAD_README_case_number
severity_blocked,low_block,,SLBIC_21,SLBIC,21.0,% of 100 cm2 inside-containment steam-line break,test,NPPAD_README_case_number
severity_blocked,low_block,,SLBIC_22,SLBIC,22.0,% of 100 cm2 inside-containment steam-line break,test,NPPAD_README_case_number
severity_blocked,low_block,,SLBIC_23,SLBIC,23.0,% of 100 cm2 inside-containment steam-line break,test,NPPAD_README_case_number
severity_blocked,low_block,,SLBIC_24,SLBIC,24.0,% of 100 cm2 inside-containment steam-line break,test,NPPAD_README_case_number
severity_blocked,low_block,,SLBIC_25,SLBIC,25.0,% of 100 cm2 inside-containment steam-line break,test,NPPAD_README_case_number
severity_blocked,low_block,,SLBIC_26,SLBIC,26.0,% of 100 cm2 inside-containment steam-line break,test,NPPAD_README_case_number
severity_blocked,low_block,,SLBIC_27,SLBIC,27.0,% of 100 cm2 inside-containment steam-line break,test,NPPAD_README_case_number
severity_blocked,low_block,,SLBIC_28,SLBIC,28.0,% of 100 cm2 inside-containment steam-line break,test,NPPAD_README_case_number
severity_blocked,low_block,,SLBIC_29,SLBIC,29.0,% of 100 cm2 inside-containment steam-line break,test,NPPAD_README_case_number
severity_blocked,low_block,,SLBIC_30,SLBIC,30.0,% of 100 cm2 inside-containment steam-line break,test,NPPAD_README_case_number
severity_blocked,low_block,,SLBIC_31,SLBIC,31.0,% of 100 cm2 inside-containment steam-line break,test,NPPAD_README_case_number
severity_blocked,low_block,,SLBIC_32,SLBIC,32.0,% of 100 cm2 inside-containment steam-line break,gap_excluded,NPPAD_README_case_number
severity_blocked,middle_block,,FLB_2,FLB,2.0,% of 100 cm2 feedwater-line break,train,NPPAD_README_case_number
severity_blocked,middle_block,,FLB_3,FLB,3.0,% of 100 cm2 feedwater-line break,train,NPPAD_README_case_number
severity_blocked,middle_block,,FLB_4,FLB,4.0,% of 100 cm2 feedwater-line break,train,NPPAD_README_case_number
severity_blocked,middle_block,,FLB_5,FLB,5.0,% of 100 cm2 feedwater-line break,train,NPPAD_README_case_number
severity_blocked,middle_block,,FLB_6,FLB,6.0,% of 100 cm2 feedwater-line break,train,NPPAD_README_case_number
severity_blocked,middle_block,,FLB_7,FLB,7.0,% of 100 cm2 feedwater-line break,train,NPPAD_README_case_number
severity_blocked,middle_block,,FLB_8,FLB,8.0,% of 100 cm2 feedwater-line break,train,NPPAD_README_case_number
severity_blocked,middle_block,,FLB_9,FLB,9.0,% of 100 cm2 feedwater-line break,train,NPPAD_README_case_number
severity_blocked,middle_block,,FLB_10,FLB,10.0,% of 100 cm2 feedwater-line break,train,NPPAD_README_case_number
severity_blocked,middle_block,,FLB_11,FLB,11.0,% of 100 cm2 feedwater-line break,train,NPPAD_README_case_number
severity_blocked,middle_block,,FLB_12,FLB,12.0,% of 100 cm2 feedwater-line break,train,NPPAD_README_case_number
severity_blocked,middle_block,,FLB_13,FLB,13.0,% of 100 cm2 feedwater-line break,train,NPPAD_README_case_number
severity_blocked,middle_block,,FLB_14,FLB,14.0,% of 100 cm2 feedwater-line break,train,NPPAD_README_case_number
severity_blocked,middle_block,,FLB_15,FLB,15.0,% of 100 cm2 feedwater-line break,train,NPPAD_README_case_number
severity_blocked,middle_block,,FLB_16,FLB,16.0,% of 100 cm2 feedwater-line break,train,NPPAD_README_case_number
severity_blocked,middle_block,,FLB_17,FLB,17.0,% of 100 cm2 feedwater-line break,train,NPPAD_README_case_number
severity_blocked,middle_block,,FLB_18,FLB,18.0,% of 100 cm2 feedwater-line break,train,NPPAD_README_case_number
severity_blocked,middle_block,,FLB_19,FLB,19.0,% of 100 cm2 feedwater-line break,train,NPPAD_README_case_number
severity_blocked,middle_block,,FLB_20,FLB,20.0,% of 100 cm2 feedwater-line break,train,NPPAD_README_case_number
severity_blocked,middle_block,,FLB_21,FLB,21.0,% of 100 cm2 feedwater-line break,train,NPPAD_README_case_number
severity_blocked,middle_block,,FLB_22,FLB,22.0,% of 100 cm2 feedwater-line break,train,NPPAD_README_case_number
severity_blocked,middle_block,,FLB_23,FLB,23.0,% of 100 cm2 feedwater-line break,train,NPPAD_README_case_number
severity_blocked,middle_block,,FLB_24,FLB,24.0,% of 100 cm2 feedwater-line break,train,NPPAD_README_case_number
severity_blocked,middle_block,,FLB_25,FLB,25.0,% of 100 cm2 feedwater-line break,train,NPPAD_README_case_number
severity_blocked,middle_block,,FLB_26,FLB,26.0,% of 100 cm2 feedwater-line break,train,NPPAD_README_case_number
severity_blocked,middle_block,,FLB_27,FLB,27.0,% of 100 cm2 feedwater-line break,train,NPPAD_README_case_number
severity_blocked,middle_block,,FLB_28,FLB,28.0,% of 100 cm2 feedwater-line break,train,NPPAD_README_case_number
severity_blocked,middle_block,,FLB_29,FLB,29.0,% of 100 cm2 feedwater-line break,train,NPPAD_README_case_number
severity_blocked,middle_block,,FLB_30,FLB,30.0,% of 100 cm2 feedwater-line break,train,NPPAD_README_case_number
severity_blocked,middle_block,,FLB_31,FLB,31.0,% of 100 cm2 feedwater-line break,train,NPPAD_README_case_number
severity_blocked,middle_block,,FLB_32,FLB,32.0,% of 100 cm2 feedwater-line break,train,NPPAD_README_case_number
severity_blocked,middle_block,,FLB_33,FLB,33.0,% of 100 cm2 feedwater-line break,train,NPPAD_README_case_number
severity_blocked,middle_block,,FLB_34,FLB,34.0,% of 100 cm2 feedwater-line break,train,NPPAD_README_case_number
severity_blocked,middle_block,,FLB_35,FLB,35.0,% of 100 cm2 feedwater-line break,train,NPPAD_README_case_number
severity_blocked,middle_block,,FLB_36,FLB,36.0,% of 100 cm2 feedwater-line break,train,NPPAD_README_case_number
severity_blocked,middle_block,,FLB_37,FLB,37.0,% of 100 cm2 feedwater-line break,train,NPPAD_README_case_number
severity_blocked,middle_block,,FLB_38,FLB,38.0,% of 100 cm2 feedwater-line break,train,NPPAD_README_case_number
severity_blocked,middle_block,,FLB_39,FLB,39.0,% of 100 cm2 feedwater-line break,train,NPPAD_README_case_number
severity_blocked,middle_block,,FLB_62,FLB,62.0,% of 100 cm2 feedwater-line break,train,NPPAD_README_case_number
severity_blocked,middle_block,,FLB_63,FLB,63.0,% of 100 cm2 feedwater-line break,train,NPPAD_README_case_number
severity_blocked,middle_block,,FLB_64,FLB,64.0,% of 100 cm2 feedwater-line break,train,NPPAD_README_case_number
severity_blocked,middle_block,,FLB_65,FLB,65.0,% of 100 cm2 feedwater-line break,train,NPPAD_README_case_number
severity_blocked,middle_block,,FLB_66,FLB,66.0,% of 100 cm2 feedwater-line break,train,NPPAD_README_case_number
severity_blocked,middle_block,,FLB_67,FLB,67.0,% of 100 cm2 feedwater-line break,train,NPPAD_README_case_number
severity_blocked,middle_block,,FLB_68,FLB,68.0,% of 100 cm2 feedwater-line break,train,NPPAD_README_case_number
severity_blocked,middle_block,,FLB_69,FLB,69.0,% of 100 cm2 feedwater-line break,train,NPPAD_README_case_number
severity_blocked,middle_block,,FLB_70,FLB,70.0,% of 100 cm2 feedwater-line break,train,NPPAD_README_case_number
severity_blocked,middle_block,,FLB_71,FLB,71.0,% of 100 cm2 feedwater-line break,train,NPPAD_README_case_number
severity_blocked,middle_block,,FLB_72,FLB,72.0,% of 100 cm2 feedwater-line break,train,NPPAD_README_case_number
severity_blocked,middle_block,,FLB_73,FLB,73.0,% of 100 cm2 feedwater-line break,train,NPPAD_README_case_number
severity_blocked,middle_block,,FLB_74,FLB,74.0,% of 100 cm2 feedwater-line break,train,NPPAD_README_case_number
severity_blocked,middle_block,,FLB_75,FLB,75.0,% of 100 cm2 feedwater-line break,train,NPPAD_README_case_number
severity_blocked,middle_block,,FLB_76,FLB,76.0,% of 100 cm2 feedwater-line break,train,NPPAD_README_case_number
severity_blocked,middle_block,,FLB_77,FLB,77.0,% of 100 cm2 feedwater-line break,train,NPPAD_README_case_number
severity_blocked,middle_block,,FLB_78,FLB,78.0,% of 100 cm2 feedwater-line break,train,NPPAD_README_case_number
severity_blocked,middle_block,,FLB_79,FLB,79.0,% of 100 cm2 feedwater-line break,train,NPPAD_README_case_number
severity_blocked,middle_block,,FLB_80,FLB,80.0,% of 100 cm2 feedwater-line break,train,NPPAD_README_case_number
severity_blocked,middle_block,,FLB_81,FLB,81.0,% of 100 cm2 feedwater-line break,train,NPPAD_README_case_number
severity_blocked,middle_block,,FLB_82,FLB,82.0,% of 100 cm2 feedwater-line break,train,NPPAD_README_case_number
severity_blocked,middle_block,,FLB_83,FLB,83.0,% of 100 cm2 feedwater-line break,train,NPPAD_README_case_number
severity_blocked,middle_block,,FLB_84,FLB,84.0,% of 100 cm2 feedwater-line break,train,NPPAD_README_case_number
severity_blocked,middle_block,,FLB_85,FLB,85.0,% of 100 cm2 feedwater-line break,train,NPPAD_README_case_number
severity_blocked,middle_block,,FLB_86,FLB,86.0,% of 100 cm2 feedwater-line break,validation,NPPAD_README_case_number
severity_blocked,middle_block,,FLB_87,FLB,87.0,% of 100 cm2 feedwater-line break,validation,NPPAD_README_case_number
severity_blocked,middle_block,,FLB_88,FLB,88.0,% of 100 cm2 feedwater-line break,validation,NPPAD_README_case_number
severity_blocked,middle_block,,FLB_89,FLB,89.0,% of 100 cm2 feedwater-line break,validation,NPPAD_README_case_number
severity_blocked,middle_block,,FLB_90,FLB,90.0,% of 100 cm2 feedwater-line break,validation,NPPAD_README_case_number
severity_blocked,middle_block,,FLB_91,FLB,91.0,% of 100 cm2 feedwater-line break,validation,NPPAD_README_case_number
severity_blocked,middle_block,,FLB_92,FLB,92.0,% of 100 cm2 feedwater-line break,validation,NPPAD_README_case_number
severity_blocked,middle_block,,FLB_93,FLB,93.0,% of 100 cm2 feedwater-line break,validation,NPPAD_README_case_number
severity_blocked,middle_block,,FLB_94,FLB,94.0,% of 100 cm2 feedwater-line break,validation,NPPAD_README_case_number
severity_blocked,middle_block,,FLB_95,FLB,95.0,% of 100 cm2 feedwater-line break,validation,NPPAD_README_case_number
severity_blocked,middle_block,,FLB_96,FLB,96.0,% of 100 cm2 feedwater-line break,validation,NPPAD_README_case_number
severity_blocked,middle_block,,FLB_97,FLB,97.0,% of 100 cm2 feedwater-line break,validation,NPPAD_README_case_number
severity_blocked,middle_block,,FLB_98,FLB,98.0,% of 100 cm2 feedwater-line break,validation,NPPAD_README_case_number
severity_blocked,middle_block,,FLB_99,FLB,99.0,% of 100 cm2 feedwater-line break,validation,NPPAD_README_case_number
severity_blocked,middle_block,,FLB_100,FLB,100.0,% of 100 cm2 feedwater-line break,validation,NPPAD_README_case_number
severity_blocked,middle_block,,FLB_41,FLB,41.0,% of 100 cm2 feedwater-line break,test,NPPAD_README_case_number
severity_blocked,middle_block,,FLB_42,FLB,42.0,% of 100 cm2 feedwater-line break,test,NPPAD_README_case_number
severity_blocked,middle_block,,FLB_43,FLB,43.0,% of 100 cm2 feedwater-line break,test,NPPAD_README_case_number
severity_blocked,middle_block,,FLB_44,FLB,44.0,% of 100 cm2 feedwater-line break,test,NPPAD_README_case_number
severity_blocked,middle_block,,FLB_45,FLB,45.0,% of 100 cm2 feedwater-line break,test,NPPAD_README_case_number
severity_blocked,middle_block,,FLB_46,FLB,46.0,% of 100 cm2 feedwater-line break,test,NPPAD_README_case_number
severity_blocked,middle_block,,FLB_47,FLB,47.0,% of 100 cm2 feedwater-line break,test,NPPAD_README_case_number
severity_blocked,middle_block,,FLB_48,FLB,48.0,% of 100 cm2 feedwater-line break,test,NPPAD_README_case_number
severity_blocked,middle_block,,FLB_49,FLB,49.0,% of 100 cm2 feedwater-line break,test,NPPAD_README_case_number
severity_blocked,middle_block,,FLB_50,FLB,50.0,% of 100 cm2 feedwater-line break,test,NPPAD_README_case_number
severity_blocked,middle_block,,FLB_51,FLB,51.0,% of 100 cm2 feedwater-line break,test,NPPAD_README_case_number
severity_blocked,middle_block,,FLB_52,FLB,52.0,% of 100 cm2 feedwater-line break,test,NPPAD_README_case_number
severity_blocked,middle_block,,FLB_53,FLB,53.0,% of 100 cm2 feedwater-line break,test,NPPAD_README_case_number
severity_blocked,middle_block,,FLB_54,FLB,54.0,% of 100 cm2 feedwater-line break,test,NPPAD_README_case_number
severity_blocked,middle_block,,FLB_55,FLB,55.0,% of 100 cm2 feedwater-line break,test,NPPAD_README_case_number
severity_blocked,middle_block,,FLB_56,FLB,56.0,% of 100 cm2 feedwater-line break,test,NPPAD_README_case_number
severity_blocked,middle_block,,FLB_57,FLB,57.0,% of 100 cm2 feedwater-line break,test,NPPAD_README_case_number
severity_blocked,middle_block,,FLB_58,FLB,58.0,% of 100 cm2 feedwater-line break,test,NPPAD_README_case_number
severity_blocked,middle_block,,FLB_59,FLB,59.0,% of 100 cm2 feedwater-line break,test,NPPAD_README_case_number
severity_blocked,middle_block,,FLB_60,FLB,60.0,% of 100 cm2 feedwater-line break,test,NPPAD_README_case_number
severity_blocked,middle_block,,FLB_40,FLB,40.0,% of 100 cm2 feedwater-line break,gap_excluded,NPPAD_README_case_number
severity_blocked,middle_block,,FLB_61,FLB,61.0,% of 100 cm2 feedwater-line break,gap_excluded,NPPAD_README_case_number
severity_blocked,middle_block,,LOCA_1,LOCA,1.0,% of 100 cm2 hot-leg break,train,NPPAD_README_case_number
severity_blocked,middle_block,,LOCA_2,LOCA,2.0,% of 100 cm2 hot-leg break,train,NPPAD_README_case_number
severity_blocked,middle_block,,LOCA_3,LOCA,3.0,% of 100 cm2 hot-leg break,train,NPPAD_README_case_number
severity_blocked,middle_block,,LOCA_4,LOCA,4.0,% of 100 cm2 hot-leg break,train,NPPAD_README_case_number
severity_blocked,middle_block,,LOCA_5,LOCA,5.0,% of 100 cm2 hot-leg break,train,NPPAD_README_case_number
severity_blocked,middle_block,,LOCA_6,LOCA,6.0,% of 100 cm2 hot-leg break,train,NPPAD_README_case_number
severity_blocked,middle_block,,LOCA_7,LOCA,7.0,% of 100 cm2 hot-leg break,train,NPPAD_README_case_number
severity_blocked,middle_block,,LOCA_8,LOCA,8.0,% of 100 cm2 hot-leg break,train,NPPAD_README_case_number
severity_blocked,middle_block,,LOCA_9,LOCA,9.0,% of 100 cm2 hot-leg break,train,NPPAD_README_case_number
severity_blocked,middle_block,,LOCA_10,LOCA,10.0,% of 100 cm2 hot-leg break,train,NPPAD_README_case_number
severity_blocked,middle_block,,LOCA_11,LOCA,11.0,% of 100 cm2 hot-leg break,train,NPPAD_README_case_number
severity_blocked,middle_block,,LOCA_12,LOCA,12.0,% of 100 cm2 hot-leg break,train,NPPAD_README_case_number
severity_blocked,middle_block,,LOCA_13,LOCA,13.0,% of 100 cm2 hot-leg break,train,NPPAD_README_case_number
severity_blocked,middle_block,,LOCA_14,LOCA,14.0,% of 100 cm2 hot-leg break,train,NPPAD_README_case_number
severity_blocked,middle_block,,LOCA_15,LOCA,15.0,% of 100 cm2 hot-leg break,train,NPPAD_README_case_number
severity_blocked,middle_block,,LOCA_16,LOCA,16.0,% of 100 cm2 hot-leg break,train,NPPAD_README_case_number
severity_blocked,middle_block,,LOCA_17,LOCA,17.0,% of 100 cm2 hot-leg break,train,NPPAD_README_case_number
severity_blocked,middle_block,,LOCA_18,LOCA,18.0,% of 100 cm2 hot-leg break,train,NPPAD_README_case_number
severity_blocked,middle_block,,LOCA_19,LOCA,19.0,% of 100 cm2 hot-leg break,train,NPPAD_README_case_number
severity_blocked,middle_block,,LOCA_20,LOCA,20.0,% of 100 cm2 hot-leg break,train,NPPAD_README_case_number
severity_blocked,middle_block,,LOCA_21,LOCA,21.0,% of 100 cm2 hot-leg break,train,NPPAD_README_case_number
severity_blocked,middle_block,,LOCA_22,LOCA,22.0,% of 100 cm2 hot-leg break,train,NPPAD_README_case_number
severity_blocked,middle_block,,LOCA_23,LOCA,23.0,% of 100 cm2 hot-leg break,train,NPPAD_README_case_number
severity_blocked,middle_block,,LOCA_24,LOCA,24.0,% of 100 cm2 hot-leg break,train,NPPAD_README_case_number
severity_blocked,middle_block,,LOCA_25,LOCA,25.0,% of 100 cm2 hot-leg break,train,NPPAD_README_case_number
severity_blocked,middle_block,,LOCA_26,LOCA,26.0,% of 100 cm2 hot-leg break,train,NPPAD_README_case_number
severity_blocked,middle_block,,LOCA_27,LOCA,27.0,% of 100 cm2 hot-leg break,train,NPPAD_README_case_number
severity_blocked,middle_block,,LOCA_28,LOCA,28.0,% of 100 cm2 hot-leg break,train,NPPAD_README_case_number
severity_blocked,middle_block,,LOCA_29,LOCA,29.0,% of 100 cm2 hot-leg break,train,NPPAD_README_case_number
severity_blocked,middle_block,,LOCA_49,LOCA,49.0,% of 100 cm2 hot-leg break,train,NPPAD_README_case_number
severity_blocked,middle_block,,LOCA_50,LOCA,50.0,% of 100 cm2 hot-leg break,train,NPPAD_README_case_number
severity_blocked,middle_block,,LOCA_51,LOCA,51.0,% of 100 cm2 hot-leg break,train,NPPAD_README_case_number
severity_blocked,middle_block,,LOCA_52,LOCA,52.0,% of 100 cm2 hot-leg break,train,NPPAD_README_case_number
severity_blocked,middle_block,,LOCA_53,LOCA,53.0,% of 100 cm2 hot-leg break,train,NPPAD_README_case_number
severity_blocked,middle_block,,LOCA_54,LOCA,54.0,% of 100 cm2 hot-leg break,train,NPPAD_README_case_number
severity_blocked,middle_block,,LOCA_55,LOCA,55.0,% of 100 cm2 hot-leg break,train,NPPAD_README_case_number
severity_blocked,middle_block,,LOCA_56,LOCA,56.0,% of 100 cm2 hot-leg break,train,NPPAD_README_case_number
severity_blocked,middle_block,,LOCA_57,LOCA,57.0,% of 100 cm2 hot-leg break,train,NPPAD_README_case_number
severity_blocked,middle_block,,LOCA_58,LOCA,58.0,% of 100 cm2 hot-leg break,train,NPPAD_README_case_number
severity_blocked,middle_block,,LOCA_59,LOCA,59.0,% of 100 cm2 hot-leg break,train,NPPAD_README_case_number
severity_blocked,middle_block,,LOCA_60,LOCA,60.0,% of 100 cm2 hot-leg break,train,NPPAD_README_case_number
severity_blocked,middle_block,,LOCA_61,LOCA,61.0,% of 100 cm2 hot-leg break,train,NPPAD_README_case_number
severity_blocked,middle_block,,LOCA_62,LOCA,62.0,% of 100 cm2 hot-leg break,train,NPPAD_README_case_number
severity_blocked,middle_block,,LOCA_63,LOCA,63.0,% of 100 cm2 hot-leg break,train,NPPAD_README_case_number
severity_blocked,middle_block,,LOCA_64,LOCA,64.0,% of 100 cm2 hot-leg break,train,NPPAD_README_case_number
severity_blocked,middle_block,,LOCA_65,LOCA,65.0,% of 100 cm2 hot-leg break,train,NPPAD_README_case_number
severity_blocked,middle_block,,LOCA_66,LOCA,66.0,% of 100 cm2 hot-leg break,validation,NPPAD_README_case_number
severity_blocked,middle_block,,LOCA_67,LOCA,67.0,% of 100 cm2 hot-leg break,validation,NPPAD_README_case_number
severity_blocked,middle_block,,LOCA_68,LOCA,68.0,% of 100 cm2 hot-leg break,validation,NPPAD_README_case_number
severity_blocked,middle_block,,LOCA_69,LOCA,69.0,% of 100 cm2 hot-leg break,validation,NPPAD_README_case_number
severity_blocked,middle_block,,LOCA_70,LOCA,70.0,% of 100 cm2 hot-leg break,validation,NPPAD_README_case_number
severity_blocked,middle_block,,LOCA_71,LOCA,71.0,% of 100 cm2 hot-leg break,validation,NPPAD_README_case_number
severity_blocked,middle_block,,LOCA_72,LOCA,72.0,% of 100 cm2 hot-leg break,validation,NPPAD_README_case_number
severity_blocked,middle_block,,LOCA_73,LOCA,73.0,% of 100 cm2 hot-leg break,validation,NPPAD_README_case_number
severity_blocked,middle_block,,LOCA_74,LOCA,74.0,% of 100 cm2 hot-leg break,validation,NPPAD_README_case_number
severity_blocked,middle_block,,LOCA_75,LOCA,75.0,% of 100 cm2 hot-leg break,validation,NPPAD_README_case_number
severity_blocked,middle_block,,LOCA_76,LOCA,76.0,% of 100 cm2 hot-leg break,validation,NPPAD_README_case_number
severity_blocked,middle_block,,LOCA_77,LOCA,77.0,% of 100 cm2 hot-leg break,validation,NPPAD_README_case_number
severity_blocked,middle_block,,LOCA_31,LOCA,31.0,% of 100 cm2 hot-leg break,test,NPPAD_README_case_number
severity_blocked,middle_block,,LOCA_32,LOCA,32.0,% of 100 cm2 hot-leg break,test,NPPAD_README_case_number
severity_blocked,middle_block,,LOCA_33,LOCA,33.0,% of 100 cm2 hot-leg break,test,NPPAD_README_case_number
severity_blocked,middle_block,,LOCA_34,LOCA,34.0,% of 100 cm2 hot-leg break,test,NPPAD_README_case_number
severity_blocked,middle_block,,LOCA_35,LOCA,35.0,% of 100 cm2 hot-leg break,test,NPPAD_README_case_number
severity_blocked,middle_block,,LOCA_36,LOCA,36.0,% of 100 cm2 hot-leg break,test,NPPAD_README_case_number
severity_blocked,middle_block,,LOCA_37,LOCA,37.0,% of 100 cm2 hot-leg break,test,NPPAD_README_case_number
severity_blocked,middle_block,,LOCA_38,LOCA,38.0,% of 100 cm2 hot-leg break,test,NPPAD_README_case_number
severity_blocked,middle_block,,LOCA_39,LOCA,39.0,% of 100 cm2 hot-leg break,test,NPPAD_README_case_number
severity_blocked,middle_block,,LOCA_40,LOCA,40.0,% of 100 cm2 hot-leg break,test,NPPAD_README_case_number
severity_blocked,middle_block,,LOCA_41,LOCA,41.0,% of 100 cm2 hot-leg break,test,NPPAD_README_case_number
severity_blocked,middle_block,,LOCA_42,LOCA,42.0,% of 100 cm2 hot-leg break,test,NPPAD_README_case_number
severity_blocked,middle_block,,LOCA_44,LOCA,44.0,% of 100 cm2 hot-leg break,test,NPPAD_README_case_number
severity_blocked,middle_block,,LOCA_45,LOCA,45.0,% of 100 cm2 hot-leg break,test,NPPAD_README_case_number
severity_blocked,middle_block,,LOCA_46,LOCA,46.0,% of 100 cm2 hot-leg break,test,NPPAD_README_case_number
severity_blocked,middle_block,,LOCA_47,LOCA,47.0,% of 100 cm2 hot-leg break,test,NPPAD_README_case_number
severity_blocked,middle_block,,LOCA_30,LOCA,30.0,% of 100 cm2 hot-leg break,gap_excluded,NPPAD_README_case_number
severity_blocked,middle_block,,LOCA_48,LOCA,48.0,% of 100 cm2 hot-leg break,gap_excluded,NPPAD_README_case_number
severity_blocked,middle_block,,LOCAC_1,LOCAC,1.0,% of 100 cm2 cold-leg break,train,NPPAD_README_case_number
severity_blocked,middle_block,,LOCAC_2,LOCAC,2.0,% of 100 cm2 cold-leg break,train,NPPAD_README_case_number
severity_blocked,middle_block,,LOCAC_3,LOCAC,3.0,% of 100 cm2 cold-leg break,train,NPPAD_README_case_number
severity_blocked,middle_block,,LOCAC_4,LOCAC,4.0,% of 100 cm2 cold-leg break,train,NPPAD_README_case_number
severity_blocked,middle_block,,LOCAC_5,LOCAC,5.0,% of 100 cm2 cold-leg break,train,NPPAD_README_case_number
severity_blocked,middle_block,,LOCAC_6,LOCAC,6.0,% of 100 cm2 cold-leg break,train,NPPAD_README_case_number
severity_blocked,middle_block,,LOCAC_7,LOCAC,7.0,% of 100 cm2 cold-leg break,train,NPPAD_README_case_number
severity_blocked,middle_block,,LOCAC_8,LOCAC,8.0,% of 100 cm2 cold-leg break,train,NPPAD_README_case_number
severity_blocked,middle_block,,LOCAC_9,LOCAC,9.0,% of 100 cm2 cold-leg break,train,NPPAD_README_case_number
severity_blocked,middle_block,,LOCAC_10,LOCAC,10.0,% of 100 cm2 cold-leg break,train,NPPAD_README_case_number
severity_blocked,middle_block,,LOCAC_11,LOCAC,11.0,% of 100 cm2 cold-leg break,train,NPPAD_README_case_number
severity_blocked,middle_block,,LOCAC_12,LOCAC,12.0,% of 100 cm2 cold-leg break,train,NPPAD_README_case_number
severity_blocked,middle_block,,LOCAC_13,LOCAC,13.0,% of 100 cm2 cold-leg break,train,NPPAD_README_case_number
severity_blocked,middle_block,,LOCAC_14,LOCAC,14.0,% of 100 cm2 cold-leg break,train,NPPAD_README_case_number
severity_blocked,middle_block,,LOCAC_15,LOCAC,15.0,% of 100 cm2 cold-leg break,train,NPPAD_README_case_number
severity_blocked,middle_block,,LOCAC_16,LOCAC,16.0,% of 100 cm2 cold-leg break,train,NPPAD_README_case_number
severity_blocked,middle_block,,LOCAC_17,LOCAC,17.0,% of 100 cm2 cold-leg break,train,NPPAD_README_case_number
severity_blocked,middle_block,,LOCAC_18,LOCAC,18.0,% of 100 cm2 cold-leg break,train,NPPAD_README_case_number
severity_blocked,middle_block,,LOCAC_19,LOCAC,19.0,% of 100 cm2 cold-leg break,train,NPPAD_README_case_number
severity_blocked,middle_block,,LOCAC_20,LOCAC,20.0,% of 100 cm2 cold-leg break,train,NPPAD_README_case_number
severity_blocked,middle_block,,LOCAC_21,LOCAC,21.0,% of 100 cm2 cold-leg break,train,NPPAD_README_case_number
severity_blocked,middle_block,,LOCAC_22,LOCAC,22.0,% of 100 cm2 cold-leg break,train,NPPAD_README_case_number
severity_blocked,middle_block,,LOCAC_23,LOCAC,23.0,% of 100 cm2 cold-leg break,train,NPPAD_README_case_number
severity_blocked,middle_block,,LOCAC_24,LOCAC,24.0,% of 100 cm2 cold-leg break,train,NPPAD_README_case_number
severity_blocked,middle_block,,LOCAC_25,LOCAC,25.0,% of 100 cm2 cold-leg break,train,NPPAD_README_case_number
severity_blocked,middle_block,,LOCAC_26,LOCAC,26.0,% of 100 cm2 cold-leg break,train,NPPAD_README_case_number
severity_blocked,middle_block,,LOCAC_27,LOCAC,27.0,% of 100 cm2 cold-leg break,train,NPPAD_README_case_number
severity_blocked,middle_block,,LOCAC_28,LOCAC,28.0,% of 100 cm2 cold-leg break,train,NPPAD_README_case_number
severity_blocked,middle_block,,LOCAC_29,LOCAC,29.0,% of 100 cm2 cold-leg break,train,NPPAD_README_case_number
severity_blocked,middle_block,,LOCAC_30,LOCAC,30.0,% of 100 cm2 cold-leg break,train,NPPAD_README_case_number
severity_blocked,middle_block,,LOCAC_49,LOCAC,49.0,% of 100 cm2 cold-leg break,train,NPPAD_README_case_number
severity_blocked,middle_block,,LOCAC_50,LOCAC,50.0,% of 100 cm2 cold-leg break,train,NPPAD_README_case_number
severity_blocked,middle_block,,LOCAC_51,LOCAC,51.0,% of 100 cm2 cold-leg break,train,NPPAD_README_case_number
severity_blocked,middle_block,,LOCAC_52,LOCAC,52.0,% of 100 cm2 cold-leg break,train,NPPAD_README_case_number
severity_blocked,middle_block,,LOCAC_53,LOCAC,53.0,% of 100 cm2 cold-leg break,train,NPPAD_README_case_number
severity_blocked,middle_block,,LOCAC_54,LOCAC,54.0,% of 100 cm2 cold-leg break,train,NPPAD_README_case_number
severity_blocked,middle_block,,LOCAC_55,LOCAC,55.0,% of 100 cm2 cold-leg break,train,NPPAD_README_case_number
severity_blocked,middle_block,,LOCAC_56,LOCAC,56.0,% of 100 cm2 cold-leg break,train,NPPAD_README_case_number
severity_blocked,middle_block,,LOCAC_57,LOCAC,57.0,% of 100 cm2 cold-leg break,train,NPPAD_README_case_number
severity_blocked,middle_block,,LOCAC_58,LOCAC,58.0,% of 100 cm2 cold-leg break,train,NPPAD_README_case_number
severity_blocked,middle_block,,LOCAC_59,LOCAC,59.0,% of 100 cm2 cold-leg break,train,NPPAD_README_case_number
severity_blocked,middle_block,,LOCAC_60,LOCAC,60.0,% of 100 cm2 cold-leg break,train,NPPAD_README_case_number
severity_blocked,middle_block,,LOCAC_61,LOCAC,61.0,% of 100 cm2 cold-leg break,train,NPPAD_README_case_number
severity_blocked,middle_block,,LOCAC_62,LOCAC,62.0,% of 100 cm2 cold-leg break,train,NPPAD_README_case_number
severity_blocked,middle_block,,LOCAC_63,LOCAC,63.0,% of 100 cm2 cold-leg break,train,NPPAD_README_case_number
severity_blocked,middle_block,,LOCAC_64,LOCAC,64.0,% of 100 cm2 cold-leg break,train,NPPAD_README_case_number
severity_blocked,middle_block,,LOCAC_65,LOCAC,65.0,% of 100 cm2 cold-leg break,train,NPPAD_README_case_number
severity_blocked,middle_block,,LOCAC_66,LOCAC,66.0,% of 100 cm2 cold-leg break,train,NPPAD_README_case_number
severity_blocked,middle_block,,LOCAC_67,LOCAC,67.0,% of 100 cm2 cold-leg break,train,NPPAD_README_case_number
severity_blocked,middle_block,,LOCAC_68,LOCAC,68.0,% of 100 cm2 cold-leg break,validation,NPPAD_README_case_number
severity_blocked,middle_block,,LOCAC_69,LOCAC,69.0,% of 100 cm2 cold-leg break,validation,NPPAD_README_case_number
severity_blocked,middle_block,,LOCAC_70,LOCAC,70.0,% of 100 cm2 cold-leg break,validation,NPPAD_README_case_number
severity_blocked,middle_block,,LOCAC_71,LOCAC,71.0,% of 100 cm2 cold-leg break,validation,NPPAD_README_case_number
severity_blocked,middle_block,,LOCAC_72,LOCAC,72.0,% of 100 cm2 cold-leg break,validation,NPPAD_README_case_number
severity_blocked,middle_block,,LOCAC_73,LOCAC,73.0,% of 100 cm2 cold-leg break,validation,NPPAD_README_case_number
severity_blocked,middle_block,,LOCAC_74,LOCAC,74.0,% of 100 cm2 cold-leg break,validation,NPPAD_README_case_number
severity_blocked,middle_block,,LOCAC_75,LOCAC,75.0,% of 100 cm2 cold-leg break,validation,NPPAD_README_case_number
severity_blocked,middle_block,,LOCAC_76,LOCAC,76.0,% of 100 cm2 cold-leg break,validation,NPPAD_README_case_number
severity_blocked,middle_block,,LOCAC_77,LOCAC,77.0,% of 100 cm2 cold-leg break,validation,NPPAD_README_case_number
severity_blocked,middle_block,,LOCAC_78,LOCAC,78.0,% of 100 cm2 cold-leg break,validation,NPPAD_README_case_number
severity_blocked,middle_block,,LOCAC_79,LOCAC,79.0,% of 100 cm2 cold-leg break,validation,NPPAD_README_case_number
severity_blocked,middle_block,,LOCAC_32,LOCAC,32.0,% of 100 cm2 cold-leg break,test,NPPAD_README_case_number
severity_blocked,middle_block,,LOCAC_33,LOCAC,33.0,% of 100 cm2 cold-leg break,test,NPPAD_README_case_number
severity_blocked,middle_block,,LOCAC_34,LOCAC,34.0,% of 100 cm2 cold-leg break,test,NPPAD_README_case_number
severity_blocked,middle_block,,LOCAC_35,LOCAC,35.0,% of 100 cm2 cold-leg break,test,NPPAD_README_case_number
severity_blocked,middle_block,,LOCAC_36,LOCAC,36.0,% of 100 cm2 cold-leg break,test,NPPAD_README_case_number
severity_blocked,middle_block,,LOCAC_37,LOCAC,37.0,% of 100 cm2 cold-leg break,test,NPPAD_README_case_number
severity_blocked,middle_block,,LOCAC_38,LOCAC,38.0,% of 100 cm2 cold-leg break,test,NPPAD_README_case_number
severity_blocked,middle_block,,LOCAC_39,LOCAC,39.0,% of 100 cm2 cold-leg break,test,NPPAD_README_case_number
severity_blocked,middle_block,,LOCAC_40,LOCAC,40.0,% of 100 cm2 cold-leg break,test,NPPAD_README_case_number
severity_blocked,middle_block,,LOCAC_41,LOCAC,41.0,% of 100 cm2 cold-leg break,test,NPPAD_README_case_number
severity_blocked,middle_block,,LOCAC_42,LOCAC,42.0,% of 100 cm2 cold-leg break,test,NPPAD_README_case_number
severity_blocked,middle_block,,LOCAC_43,LOCAC,43.0,% of 100 cm2 cold-leg break,test,NPPAD_README_case_number
severity_blocked,middle_block,,LOCAC_44,LOCAC,44.0,% of 100 cm2 cold-leg break,test,NPPAD_README_case_number
severity_blocked,middle_block,,LOCAC_45,LOCAC,45.0,% of 100 cm2 cold-leg break,test,NPPAD_README_case_number
severity_blocked,middle_block,,LOCAC_46,LOCAC,46.0,% of 100 cm2 cold-leg break,test,NPPAD_README_case_number
severity_blocked,middle_block,,LOCAC_47,LOCAC,47.0,% of 100 cm2 cold-leg break,test,NPPAD_README_case_number
severity_blocked,middle_block,,LOCAC_31,LOCAC,31.0,% of 100 cm2 cold-leg break,gap_excluded,NPPAD_README_case_number
severity_blocked,middle_block,,LOCAC_48,LOCAC,48.0,% of 100 cm2 cold-leg break,gap_excluded,NPPAD_README_case_number
severity_blocked,middle_block,,LR_70,LR,70.0,% of full load rejected,train,NPPAD_README_case_number
severity_blocked,middle_block,,LR_71,LR,71.0,% of full load rejected,train,NPPAD_README_case_number
severity_blocked,middle_block,,LR_72,LR,72.0,% of full load rejected,train,NPPAD_README_case_number
severity_blocked,middle_block,,LR_73,LR,73.0,% of full load rejected,train,NPPAD_README_case_number
severity_blocked,middle_block,,LR_74,LR,74.0,% of full load rejected,train,NPPAD_README_case_number
severity_blocked,middle_block,,LR_75,LR,75.0,% of full load rejected,train,NPPAD_README_case_number
severity_blocked,middle_block,,LR_76,LR,76.0,% of full load rejected,train,NPPAD_README_case_number
severity_blocked,middle_block,,LR_77,LR,77.0,% of full load rejected,train,NPPAD_README_case_number
severity_blocked,middle_block,,LR_78,LR,78.0,% of full load rejected,train,NPPAD_README_case_number
severity_blocked,middle_block,,LR_79,LR,79.0,% of full load rejected,train,NPPAD_README_case_number
severity_blocked,middle_block,,LR_88,LR,88.0,% of full load rejected,train,NPPAD_README_case_number
severity_blocked,middle_block,,LR_89,LR,89.0,% of full load rejected,train,NPPAD_README_case_number
severity_blocked,middle_block,,LR_90,LR,90.0,% of full load rejected,train,NPPAD_README_case_number
severity_blocked,middle_block,,LR_93,LR,93.0,% of full load rejected,train,NPPAD_README_case_number
severity_blocked,middle_block,,LR_94,LR,94.0,% of full load rejected,train,NPPAD_README_case_number
severity_blocked,middle_block,,LR_95,LR,95.0,% of full load rejected,train,NPPAD_README_case_number
severity_blocked,middle_block,,LR_96,LR,96.0,% of full load rejected,validation,NPPAD_README_case_number
severity_blocked,middle_block,,LR_97,LR,97.0,% of full load rejected,validation,NPPAD_README_case_number
severity_blocked,middle_block,,LR_98,LR,98.0,% of full load rejected,validation,NPPAD_README_case_number
severity_blocked,middle_block,,LR_99,LR,99.0,% of full load rejected,validation,NPPAD_README_case_number
severity_blocked,middle_block,,LR_81,LR,81.0,% of full load rejected,test,NPPAD_README_case_number
severity_blocked,middle_block,,LR_82,LR,82.0,% of full load rejected,test,NPPAD_README_case_number
severity_blocked,middle_block,,LR_83,LR,83.0,% of full load rejected,test,NPPAD_README_case_number
severity_blocked,middle_block,,LR_84,LR,84.0,% of full load rejected,test,NPPAD_README_case_number
severity_blocked,middle_block,,LR_85,LR,85.0,% of full load rejected,test,NPPAD_README_case_number
severity_blocked,middle_block,,LR_86,LR,86.0,% of full load rejected,test,NPPAD_README_case_number
severity_blocked,middle_block,,LR_80,LR,80.0,% of full load rejected,gap_excluded,NPPAD_README_case_number
severity_blocked,middle_block,,LR_87,LR,87.0,% of full load rejected,gap_excluded,NPPAD_README_case_number
severity_blocked,middle_block,,RI_-35,RI,-35.0,% of rods inserted,train,NPPAD_README_case_number
severity_blocked,middle_block,,RI_-34,RI,-34.0,% of rods inserted,train,NPPAD_README_case_number
severity_blocked,middle_block,,RI_-33,RI,-33.0,% of rods inserted,train,NPPAD_README_case_number
severity_blocked,middle_block,,RI_-32,RI,-32.0,% of rods inserted,train,NPPAD_README_case_number
severity_blocked,middle_block,,RI_-31,RI,-31.0,% of rods inserted,train,NPPAD_README_case_number
severity_blocked,middle_block,,RI_-30,RI,-30.0,% of rods inserted,train,NPPAD_README_case_number
severity_blocked,middle_block,,RI_-29,RI,-29.0,% of rods inserted,train,NPPAD_README_case_number
severity_blocked,middle_block,,RI_-28,RI,-28.0,% of rods inserted,train,NPPAD_README_case_number
severity_blocked,middle_block,,RI_-27,RI,-27.0,% of rods inserted,train,NPPAD_README_case_number
severity_blocked,middle_block,,RI_-26,RI,-26.0,% of rods inserted,train,NPPAD_README_case_number
severity_blocked,middle_block,,RI_-25,RI,-25.0,% of rods inserted,train,NPPAD_README_case_number
severity_blocked,middle_block,,RI_-23,RI,-23.0,% of rods inserted,train,NPPAD_README_case_number
severity_blocked,middle_block,,RI_-13,RI,-13.0,% of rods inserted,train,NPPAD_README_case_number
severity_blocked,middle_block,,RI_-12,RI,-12.0,% of rods inserted,train,NPPAD_README_case_number
severity_blocked,middle_block,,RI_-11,RI,-11.0,% of rods inserted,train,NPPAD_README_case_number
severity_blocked,middle_block,,RI_-10,RI,-10.0,% of rods inserted,train,NPPAD_README_case_number
severity_blocked,middle_block,,RI_-9,RI,-9.0,% of rods inserted,train,NPPAD_README_case_number
severity_blocked,middle_block,,RI_-8,RI,-8.0,% of rods inserted,train,NPPAD_README_case_number
severity_blocked,middle_block,,RI_-7,RI,-7.0,% of rods inserted,train,NPPAD_README_case_number
severity_blocked,middle_block,,RI_-6,RI,-6.0,% of rods inserted,train,NPPAD_README_case_number
severity_blocked,middle_block,,RI_-5,RI,-5.0,% of rods inserted,validation,NPPAD_README_case_number
severity_blocked,middle_block,,RI_-4,RI,-4.0,% of rods inserted,validation,NPPAD_README_case_number
severity_blocked,middle_block,,RI_-3,RI,-3.0,% of rods inserted,validation,NPPAD_README_case_number
severity_blocked,middle_block,,RI_-2,RI,-2.0,% of rods inserted,validation,NPPAD_README_case_number
severity_blocked,middle_block,,RI_-1,RI,-1.0,% of rods inserted,validation,NPPAD_README_case_number
severity_blocked,middle_block,,RI_-21,RI,-21.0,% of rods inserted,test,NPPAD_README_case_number
severity_blocked,middle_block,,RI_-20,RI,-20.0,% of rods inserted,test,NPPAD_README_case_number
severity_blocked,middle_block,,RI_-19,RI,-19.0,% of rods inserted,test,NPPAD_README_case_number
severity_blocked,middle_block,,RI_-18,RI,-18.0,% of rods inserted,test,NPPAD_README_case_number
severity_blocked,middle_block,,RI_-17,RI,-17.0,% of rods inserted,test,NPPAD_README_case_number
severity_blocked,middle_block,,RI_-16,RI,-16.0,% of rods inserted,test,NPPAD_README_case_number
severity_blocked,middle_block,,RI_-15,RI,-15.0,% of rods inserted,test,NPPAD_README_case_number
severity_blocked,middle_block,,RI_-22,RI,-22.0,% of rods inserted,gap_excluded,NPPAD_README_case_number
severity_blocked,middle_block,,RI_-14,RI,-14.0,% of rods inserted,gap_excluded,NPPAD_README_case_number
severity_blocked,middle_block,,SGATR_57,SGATR,57.0,% of one full steam-generator-A tube rupture,train,NPPAD_README_case_number
severity_blocked,middle_block,,SGATR_58,SGATR,58.0,% of one full steam-generator-A tube rupture,train,NPPAD_README_case_number
severity_blocked,middle_block,,SGATR_59,SGATR,59.0,% of one full steam-generator-A tube rupture,train,NPPAD_README_case_number
severity_blocked,middle_block,,SGATR_60,SGATR,60.0,% of one full steam-generator-A tube rupture,train,NPPAD_README_case_number
severity_blocked,middle_block,,SGATR_61,SGATR,61.0,% of one full steam-generator-A tube rupture,train,NPPAD_README_case_number
severity_blocked,middle_block,,SGATR_62,SGATR,62.0,% of one full steam-generator-A tube rupture,train,NPPAD_README_case_number
severity_blocked,middle_block,,SGATR_63,SGATR,63.0,% of one full steam-generator-A tube rupture,train,NPPAD_README_case_number
severity_blocked,middle_block,,SGATR_64,SGATR,64.0,% of one full steam-generator-A tube rupture,train,NPPAD_README_case_number
severity_blocked,middle_block,,SGATR_65,SGATR,65.0,% of one full steam-generator-A tube rupture,train,NPPAD_README_case_number
severity_blocked,middle_block,,SGATR_66,SGATR,66.0,% of one full steam-generator-A tube rupture,train,NPPAD_README_case_number
severity_blocked,middle_block,,SGATR_67,SGATR,67.0,% of one full steam-generator-A tube rupture,train,NPPAD_README_case_number
severity_blocked,middle_block,,SGATR_68,SGATR,68.0,% of one full steam-generator-A tube rupture,train,NPPAD_README_case_number
severity_blocked,middle_block,,SGATR_69,SGATR,69.0,% of one full steam-generator-A tube rupture,train,NPPAD_README_case_number
severity_blocked,middle_block,,SGATR_70,SGATR,70.0,% of one full steam-generator-A tube rupture,train,NPPAD_README_case_number
severity_blocked,middle_block,,SGATR_71,SGATR,71.0,% of one full steam-generator-A tube rupture,train,NPPAD_README_case_number
severity_blocked,middle_block,,SGATR_72,SGATR,72.0,% of one full steam-generator-A tube rupture,train,NPPAD_README_case_number
severity_blocked,middle_block,,SGATR_84,SGATR,84.0,% of one full steam-generator-A tube rupture,train,NPPAD_README_case_number
severity_blocked,middle_block,,SGATR_85,SGATR,85.0,% of one full steam-generator-A tube rupture,train,NPPAD_README_case_number
severity_blocked,middle_block,,SGATR_86,SGATR,86.0,% of one full steam-generator-A tube rupture,train,NPPAD_README_case_number
severity_blocked,middle_block,,SGATR_87,SGATR,87.0,% of one full steam-generator-A tube rupture,train,NPPAD_README_case_number
severity_blocked,middle_block,,SGATR_88,SGATR,88.0,% of one full steam-generator-A tube rupture,train,NPPAD_README_case_number
severity_blocked,middle_block,,SGATR_89,SGATR,89.0,% of one full steam-generator-A tube rupture,train,NPPAD_README_case_number
severity_blocked,middle_block,,SGATR_90,SGATR,90.0,% of one full steam-generator-A tube rupture,train,NPPAD_README_case_number
severity_blocked,middle_block,,SGATR_91,SGATR,91.0,% of one full steam-generator-A tube rupture,train,NPPAD_README_case_number
severity_blocked,middle_block,,SGATR_92,SGATR,92.0,% of one full steam-generator-A tube rupture,train,NPPAD_README_case_number
severity_blocked,middle_block,,SGATR_93,SGATR,93.0,% of one full steam-generator-A tube rupture,train,NPPAD_README_case_number
severity_blocked,middle_block,,SGATR_94,SGATR,94.0,% of one full steam-generator-A tube rupture,validation,NPPAD_README_case_number
severity_blocked,middle_block,,SGATR_95,SGATR,95.0,% of one full steam-generator-A tube rupture,validation,NPPAD_README_case_number
severity_blocked,middle_block,,SGATR_96,SGATR,96.0,% of one full steam-generator-A tube rupture,validation,NPPAD_README_case_number
severity_blocked,middle_block,,SGATR_97,SGATR,97.0,% of one full steam-generator-A tube rupture,validation,NPPAD_README_case_number
severity_blocked,middle_block,,SGATR_98,SGATR,98.0,% of one full steam-generator-A tube rupture,validation,NPPAD_README_case_number
severity_blocked,middle_block,,SGATR_99,SGATR,99.0,% of one full steam-generator-A tube rupture,validation,NPPAD_README_case_number
severity_blocked,middle_block,,SGATR_100,SGATR,100.0,% of one full steam-generator-A tube rupture,validation,NPPAD_README_case_number
severity_blocked,middle_block,,SGATR_74,SGATR,74.0,% of one full steam-generator-A tube rupture,test,NPPAD_README_case_number
severity_blocked,middle_block,,SGATR_75,SGATR,75.0,% of one full steam-generator-A tube rupture,test,NPPAD_README_case_number
severity_blocked,middle_block,,SGATR_76,SGATR,76.0,% of one full steam-generator-A tube rupture,test,NPPAD_README_case_number
severity_blocked,middle_block,,SGATR_77,SGATR,77.0,% of one full steam-generator-A tube rupture,test,NPPAD_README_case_number
severity_blocked,middle_block,,SGATR_78,SGATR,78.0,% of one full steam-generator-A tube rupture,test,NPPAD_README_case_number
severity_blocked,middle_block,,SGATR_79,SGATR,79.0,% of one full steam-generator-A tube rupture,test,NPPAD_README_case_number
severity_blocked,middle_block,,SGATR_80,SGATR,80.0,% of one full steam-generator-A tube rupture,test,NPPAD_README_case_number
severity_blocked,middle_block,,SGATR_81,SGATR,81.0,% of one full steam-generator-A tube rupture,test,NPPAD_README_case_number
severity_blocked,middle_block,,SGATR_82,SGATR,82.0,% of one full steam-generator-A tube rupture,test,NPPAD_README_case_number
severity_blocked,middle_block,,SGATR_73,SGATR,73.0,% of one full steam-generator-A tube rupture,gap_excluded,NPPAD_README_case_number
severity_blocked,middle_block,,SGATR_83,SGATR,83.0,% of one full steam-generator-A tube rupture,gap_excluded,NPPAD_README_case_number
severity_blocked,middle_block,,SGBTR_57,SGBTR,57.0,% of one full steam-generator-B tube rupture,train,NPPAD_README_case_number
severity_blocked,middle_block,,SGBTR_58,SGBTR,58.0,% of one full steam-generator-B tube rupture,train,NPPAD_README_case_number
severity_blocked,middle_block,,SGBTR_59,SGBTR,59.0,% of one full steam-generator-B tube rupture,train,NPPAD_README_case_number
severity_blocked,middle_block,,SGBTR_60,SGBTR,60.0,% of one full steam-generator-B tube rupture,train,NPPAD_README_case_number
severity_blocked,middle_block,,SGBTR_61,SGBTR,61.0,% of one full steam-generator-B tube rupture,train,NPPAD_README_case_number
severity_blocked,middle_block,,SGBTR_62,SGBTR,62.0,% of one full steam-generator-B tube rupture,train,NPPAD_README_case_number
severity_blocked,middle_block,,SGBTR_63,SGBTR,63.0,% of one full steam-generator-B tube rupture,train,NPPAD_README_case_number
severity_blocked,middle_block,,SGBTR_64,SGBTR,64.0,% of one full steam-generator-B tube rupture,train,NPPAD_README_case_number
severity_blocked,middle_block,,SGBTR_65,SGBTR,65.0,% of one full steam-generator-B tube rupture,train,NPPAD_README_case_number
severity_blocked,middle_block,,SGBTR_66,SGBTR,66.0,% of one full steam-generator-B tube rupture,train,NPPAD_README_case_number
severity_blocked,middle_block,,SGBTR_67,SGBTR,67.0,% of one full steam-generator-B tube rupture,train,NPPAD_README_case_number
severity_blocked,middle_block,,SGBTR_68,SGBTR,68.0,% of one full steam-generator-B tube rupture,train,NPPAD_README_case_number
severity_blocked,middle_block,,SGBTR_69,SGBTR,69.0,% of one full steam-generator-B tube rupture,train,NPPAD_README_case_number
severity_blocked,middle_block,,SGBTR_70,SGBTR,70.0,% of one full steam-generator-B tube rupture,train,NPPAD_README_case_number
severity_blocked,middle_block,,SGBTR_71,SGBTR,71.0,% of one full steam-generator-B tube rupture,train,NPPAD_README_case_number
severity_blocked,middle_block,,SGBTR_72,SGBTR,72.0,% of one full steam-generator-B tube rupture,train,NPPAD_README_case_number
severity_blocked,middle_block,,SGBTR_73,SGBTR,73.0,% of one full steam-generator-B tube rupture,train,NPPAD_README_case_number
severity_blocked,middle_block,,SGBTR_74,SGBTR,74.0,% of one full steam-generator-B tube rupture,train,NPPAD_README_case_number
severity_blocked,middle_block,,SGBTR_75,SGBTR,75.0,% of one full steam-generator-B tube rupture,train,NPPAD_README_case_number
severity_blocked,middle_block,,SGBTR_76,SGBTR,76.0,% of one full steam-generator-B tube rupture,train,NPPAD_README_case_number
severity_blocked,middle_block,,SGBTR_90,SGBTR,90.0,% of one full steam-generator-B tube rupture,train,NPPAD_README_case_number
severity_blocked,middle_block,,SGBTR_91,SGBTR,91.0,% of one full steam-generator-B tube rupture,train,NPPAD_README_case_number
severity_blocked,middle_block,,SGBTR_92,SGBTR,92.0,% of one full steam-generator-B tube rupture,train,NPPAD_README_case_number
severity_blocked,middle_block,,SGBTR_93,SGBTR,93.0,% of one full steam-generator-B tube rupture,train,NPPAD_README_case_number
severity_blocked,middle_block,,SGBTR_94,SGBTR,94.0,% of one full steam-generator-B tube rupture,train,NPPAD_README_case_number
severity_blocked,middle_block,,SGBTR_95,SGBTR,95.0,% of one full steam-generator-B tube rupture,train,NPPAD_README_case_number
severity_blocked,middle_block,,SGBTR_96,SGBTR,96.0,% of one full steam-generator-B tube rupture,train,NPPAD_README_case_number
severity_blocked,middle_block,,SGBTR_97,SGBTR,97.0,% of one full steam-generator-B tube rupture,train,NPPAD_README_case_number
severity_blocked,middle_block,,SGBTR_98,SGBTR,98.0,% of one full steam-generator-B tube rupture,train,NPPAD_README_case_number
severity_blocked,middle_block,,SGBTR_99,SGBTR,99.0,% of one full steam-generator-B tube rupture,train,NPPAD_README_case_number
severity_blocked,middle_block,,SGBTR_100,SGBTR,100.0,% of one full steam-generator-B tube rupture,train,NPPAD_README_case_number
severity_blocked,middle_block,,SGBTR_101,SGBTR,101.0,% of one full steam-generator-B tube rupture,train,NPPAD_README_case_number
severity_blocked,middle_block,,SGBTR_102,SGBTR,102.0,% of one full steam-generator-B tube rupture,train,NPPAD_README_case_number
severity_blocked,middle_block,,SGBTR_103,SGBTR,103.0,% of one full steam-generator-B tube rupture,validation,NPPAD_README_case_number
severity_blocked,middle_block,,SGBTR_104,SGBTR,104.0,% of one full steam-generator-B tube rupture,validation,NPPAD_README_case_number
severity_blocked,middle_block,,SGBTR_105,SGBTR,105.0,% of one full steam-generator-B tube rupture,validation,NPPAD_README_case_number
severity_blocked,middle_block,,SGBTR_106,SGBTR,106.0,% of one full steam-generator-B tube rupture,validation,NPPAD_README_case_number
severity_blocked,middle_block,,SGBTR_107,SGBTR,107.0,% of one full steam-generator-B tube rupture,validation,NPPAD_README_case_number
severity_blocked,middle_block,,SGBTR_108,SGBTR,108.0,% of one full steam-generator-B tube rupture,validation,NPPAD_README_case_number
severity_blocked,middle_block,,SGBTR_109,SGBTR,109.0,% of one full steam-generator-B tube rupture,validation,NPPAD_README_case_number
severity_blocked,middle_block,,SGBTR_110,SGBTR,110.0,% of one full steam-generator-B tube rupture,validation,NPPAD_README_case_number
severity_blocked,middle_block,,SGBTR_78,SGBTR,78.0,% of one full steam-generator-B tube rupture,test,NPPAD_README_case_number
severity_blocked,middle_block,,SGBTR_79,SGBTR,79.0,% of one full steam-generator-B tube rupture,test,NPPAD_README_case_number
severity_blocked,middle_block,,SGBTR_80,SGBTR,80.0,% of one full steam-generator-B tube rupture,test,NPPAD_README_case_number
severity_blocked,middle_block,,SGBTR_81,SGBTR,81.0,% of one full steam-generator-B tube rupture,test,NPPAD_README_case_number
severity_blocked,middle_block,,SGBTR_82,SGBTR,82.0,% of one full steam-generator-B tube rupture,test,NPPAD_README_case_number
severity_blocked,middle_block,,SGBTR_83,SGBTR,83.0,% of one full steam-generator-B tube rupture,test,NPPAD_README_case_number
severity_blocked,middle_block,,SGBTR_84,SGBTR,84.0,% of one full steam-generator-B tube rupture,test,NPPAD_README_case_number
severity_blocked,middle_block,,SGBTR_85,SGBTR,85.0,% of one full steam-generator-B tube rupture,test,NPPAD_README_case_number
severity_blocked,middle_block,,SGBTR_86,SGBTR,86.0,% of one full steam-generator-B tube rupture,test,NPPAD_README_case_number
severity_blocked,middle_block,,SGBTR_87,SGBTR,87.0,% of one full steam-generator-B tube rupture,test,NPPAD_README_case_number
severity_blocked,middle_block,,SGBTR_88,SGBTR,88.0,% of one full steam-generator-B tube rupture,test,NPPAD_README_case_number
severity_blocked,middle_block,,SGBTR_77,SGBTR,77.0,% of one full steam-generator-B tube rupture,gap_excluded,NPPAD_README_case_number
severity_blocked,middle_block,,SGBTR_89,SGBTR,89.0,% of one full steam-generator-B tube rupture,gap_excluded,NPPAD_README_case_number
severity_blocked,middle_block,,SLBIC_14,SLBIC,14.0,% of 100 cm2 inside-containment steam-line break,train,NPPAD_README_case_number
severity_blocked,middle_block,,SLBIC_15,SLBIC,15.0,% of 100 cm2 inside-containment steam-line break,train,NPPAD_README_case_number
severity_blocked,middle_block,,SLBIC_16,SLBIC,16.0,% of 100 cm2 inside-containment steam-line break,train,NPPAD_README_case_number
severity_blocked,middle_block,,SLBIC_17,SLBIC,17.0,% of 100 cm2 inside-containment steam-line break,train,NPPAD_README_case_number
severity_blocked,middle_block,,SLBIC_18,SLBIC,18.0,% of 100 cm2 inside-containment steam-line break,train,NPPAD_README_case_number
severity_blocked,middle_block,,SLBIC_19,SLBIC,19.0,% of 100 cm2 inside-containment steam-line break,train,NPPAD_README_case_number
severity_blocked,middle_block,,SLBIC_20,SLBIC,20.0,% of 100 cm2 inside-containment steam-line break,train,NPPAD_README_case_number
severity_blocked,middle_block,,SLBIC_21,SLBIC,21.0,% of 100 cm2 inside-containment steam-line break,train,NPPAD_README_case_number
severity_blocked,middle_block,,SLBIC_22,SLBIC,22.0,% of 100 cm2 inside-containment steam-line break,train,NPPAD_README_case_number
severity_blocked,middle_block,,SLBIC_23,SLBIC,23.0,% of 100 cm2 inside-containment steam-line break,train,NPPAD_README_case_number
severity_blocked,middle_block,,SLBIC_24,SLBIC,24.0,% of 100 cm2 inside-containment steam-line break,train,NPPAD_README_case_number
severity_blocked,middle_block,,SLBIC_25,SLBIC,25.0,% of 100 cm2 inside-containment steam-line break,train,NPPAD_README_case_number
severity_blocked,middle_block,,SLBIC_26,SLBIC,26.0,% of 100 cm2 inside-containment steam-line break,train,NPPAD_README_case_number
severity_blocked,middle_block,,SLBIC_27,SLBIC,27.0,% of 100 cm2 inside-containment steam-line break,train,NPPAD_README_case_number
severity_blocked,middle_block,,SLBIC_28,SLBIC,28.0,% of 100 cm2 inside-containment steam-line break,train,NPPAD_README_case_number
severity_blocked,middle_block,,SLBIC_29,SLBIC,29.0,% of 100 cm2 inside-containment steam-line break,train,NPPAD_README_case_number
severity_blocked,middle_block,,SLBIC_30,SLBIC,30.0,% of 100 cm2 inside-containment steam-line break,train,NPPAD_README_case_number
severity_blocked,middle_block,,SLBIC_31,SLBIC,31.0,% of 100 cm2 inside-containment steam-line break,train,NPPAD_README_case_number
severity_blocked,middle_block,,SLBIC_32,SLBIC,32.0,% of 100 cm2 inside-containment steam-line break,train,NPPAD_README_case_number
severity_blocked,middle_block,,SLBIC_33,SLBIC,33.0,% of 100 cm2 inside-containment steam-line break,train,NPPAD_README_case_number
severity_blocked,middle_block,,SLBIC_34,SLBIC,34.0,% of 100 cm2 inside-containment steam-line break,train,NPPAD_README_case_number
severity_blocked,middle_block,,SLBIC_35,SLBIC,35.0,% of 100 cm2 inside-containment steam-line break,train,NPPAD_README_case_number
severity_blocked,middle_block,,SLBIC_36,SLBIC,36.0,% of 100 cm2 inside-containment steam-line break,train,NPPAD_README_case_number
severity_blocked,middle_block,,SLBIC_37,SLBIC,37.0,% of 100 cm2 inside-containment steam-line break,train,NPPAD_README_case_number
severity_blocked,middle_block,,SLBIC_38,SLBIC,38.0,% of 100 cm2 inside-containment steam-line break,train,NPPAD_README_case_number
severity_blocked,middle_block,,SLBIC_39,SLBIC,39.0,% of 100 cm2 inside-containment steam-line break,train,NPPAD_README_case_number
severity_blocked,middle_block,,SLBIC_40,SLBIC,40.0,% of 100 cm2 inside-containment steam-line break,train,NPPAD_README_case_number
severity_blocked,middle_block,,SLBIC_41,SLBIC,41.0,% of 100 cm2 inside-containment steam-line break,train,NPPAD_README_case_number
severity_blocked,middle_block,,SLBIC_42,SLBIC,42.0,% of 100 cm2 inside-containment steam-line break,train,NPPAD_README_case_number
severity_blocked,middle_block,,SLBIC_43,SLBIC,43.0,% of 100 cm2 inside-containment steam-line break,train,NPPAD_README_case_number
severity_blocked,middle_block,,SLBIC_44,SLBIC,44.0,% of 100 cm2 inside-containment steam-line break,train,NPPAD_README_case_number
severity_blocked,middle_block,,SLBIC_45,SLBIC,45.0,% of 100 cm2 inside-containment steam-line break,train,NPPAD_README_case_number
severity_blocked,middle_block,,SLBIC_46,SLBIC,46.0,% of 100 cm2 inside-containment steam-line break,train,NPPAD_README_case_number
severity_blocked,middle_block,,SLBIC_47,SLBIC,47.0,% of 100 cm2 inside-containment steam-line break,train,NPPAD_README_case_number
severity_blocked,middle_block,,SLBIC_68,SLBIC,68.0,% of 100 cm2 inside-containment steam-line break,train,NPPAD_README_case_number
severity_blocked,middle_block,,SLBIC_69,SLBIC,69.0,% of 100 cm2 inside-containment steam-line break,train,NPPAD_README_case_number
severity_blocked,middle_block,,SLBIC_70,SLBIC,70.0,% of 100 cm2 inside-containment steam-line break,train,NPPAD_README_case_number
severity_blocked,middle_block,,SLBIC_71,SLBIC,71.0,% of 100 cm2 inside-containment steam-line break,train,NPPAD_README_case_number
severity_blocked,middle_block,,SLBIC_72,SLBIC,72.0,% of 100 cm2 inside-containment steam-line break,train,NPPAD_README_case_number
severity_blocked,middle_block,,SLBIC_73,SLBIC,73.0,% of 100 cm2 inside-containment steam-line break,train,NPPAD_README_case_number
severity_blocked,middle_block,,SLBIC_74,SLBIC,74.0,% of 100 cm2 inside-containment steam-line break,train,NPPAD_README_case_number
severity_blocked,middle_block,,SLBIC_75,SLBIC,75.0,% of 100 cm2 inside-containment steam-line break,train,NPPAD_README_case_number
severity_blocked,middle_block,,SLBIC_76,SLBIC,76.0,% of 100 cm2 inside-containment steam-line break,train,NPPAD_README_case_number
severity_blocked,middle_block,,SLBIC_77,SLBIC,77.0,% of 100 cm2 inside-containment steam-line break,train,NPPAD_README_case_number
severity_blocked,middle_block,,SLBIC_78,SLBIC,78.0,% of 100 cm2 inside-containment steam-line break,train,NPPAD_README_case_number
severity_blocked,middle_block,,SLBIC_79,SLBIC,79.0,% of 100 cm2 inside-containment steam-line break,train,NPPAD_README_case_number
severity_blocked,middle_block,,SLBIC_80,SLBIC,80.0,% of 100 cm2 inside-containment steam-line break,train,NPPAD_README_case_number
severity_blocked,middle_block,,SLBIC_81,SLBIC,81.0,% of 100 cm2 inside-containment steam-line break,train,NPPAD_README_case_number
severity_blocked,middle_block,,SLBIC_82,SLBIC,82.0,% of 100 cm2 inside-containment steam-line break,train,NPPAD_README_case_number
severity_blocked,middle_block,,SLBIC_83,SLBIC,83.0,% of 100 cm2 inside-containment steam-line break,train,NPPAD_README_case_number
severity_blocked,middle_block,,SLBIC_84,SLBIC,84.0,% of 100 cm2 inside-containment steam-line break,train,NPPAD_README_case_number
severity_blocked,middle_block,,SLBIC_85,SLBIC,85.0,% of 100 cm2 inside-containment steam-line break,train,NPPAD_README_case_number
severity_blocked,middle_block,,SLBIC_86,SLBIC,86.0,% of 100 cm2 inside-containment steam-line break,train,NPPAD_README_case_number
severity_blocked,middle_block,,SLBIC_87,SLBIC,87.0,% of 100 cm2 inside-containment steam-line break,train,NPPAD_README_case_number
severity_blocked,middle_block,,SLBIC_88,SLBIC,88.0,% of 100 cm2 inside-containment steam-line break,validation,NPPAD_README_case_number
severity_blocked,middle_block,,SLBIC_89,SLBIC,89.0,% of 100 cm2 inside-containment steam-line break,validation,NPPAD_README_case_number
severity_blocked,middle_block,,SLBIC_90,SLBIC,90.0,% of 100 cm2 inside-containment steam-line break,validation,NPPAD_README_case_number
severity_blocked,middle_block,,SLBIC_91,SLBIC,91.0,% of 100 cm2 inside-containment steam-line break,validation,NPPAD_README_case_number
severity_blocked,middle_block,,SLBIC_92,SLBIC,92.0,% of 100 cm2 inside-containment steam-line break,validation,NPPAD_README_case_number
severity_blocked,middle_block,,SLBIC_93,SLBIC,93.0,% of 100 cm2 inside-containment steam-line break,validation,NPPAD_README_case_number
severity_blocked,middle_block,,SLBIC_94,SLBIC,94.0,% of 100 cm2 inside-containment steam-line break,validation,NPPAD_README_case_number
severity_blocked,middle_block,,SLBIC_95,SLBIC,95.0,% of 100 cm2 inside-containment steam-line break,validation,NPPAD_README_case_number
severity_blocked,middle_block,,SLBIC_96,SLBIC,96.0,% of 100 cm2 inside-containment steam-line break,validation,NPPAD_README_case_number
severity_blocked,middle_block,,SLBIC_97,SLBIC,97.0,% of 100 cm2 inside-containment steam-line break,validation,NPPAD_README_case_number
severity_blocked,middle_block,,SLBIC_98,SLBIC,98.0,% of 100 cm2 inside-containment steam-line break,validation,NPPAD_README_case_number
severity_blocked,middle_block,,SLBIC_99,SLBIC,99.0,% of 100 cm2 inside-containment steam-line break,validation,NPPAD_README_case_number
severity_blocked,middle_block,,SLBIC_100,SLBIC,100.0,% of 100 cm2 inside-containment steam-line break,validation,NPPAD_README_case_number
severity_blocked,middle_block,,SLBIC_101,SLBIC,101.0,% of 100 cm2 inside-containment steam-line break,validation,NPPAD_README_case_number
severity_blocked,middle_block,,SLBIC_49,SLBIC,49.0,% of 100 cm2 inside-containment steam-line break,test,NPPAD_README_case_number
severity_blocked,middle_block,,SLBIC_50,SLBIC,50.0,% of 100 cm2 inside-containment steam-line break,test,NPPAD_README_case_number
severity_blocked,middle_block,,SLBIC_51,SLBIC,51.0,% of 100 cm2 inside-containment steam-line break,test,NPPAD_README_case_number
severity_blocked,middle_block,,SLBIC_52,SLBIC,52.0,% of 100 cm2 inside-containment steam-line break,test,NPPAD_README_case_number
severity_blocked,middle_block,,SLBIC_53,SLBIC,53.0,% of 100 cm2 inside-containment steam-line break,test,NPPAD_README_case_number
severity_blocked,middle_block,,SLBIC_54,SLBIC,54.0,% of 100 cm2 inside-containment steam-line break,test,NPPAD_README_case_number
severity_blocked,middle_block,,SLBIC_55,SLBIC,55.0,% of 100 cm2 inside-containment steam-line break,test,NPPAD_README_case_number
severity_blocked,middle_block,,SLBIC_56,SLBIC,56.0,% of 100 cm2 inside-containment steam-line break,test,NPPAD_README_case_number
severity_blocked,middle_block,,SLBIC_57,SLBIC,57.0,% of 100 cm2 inside-containment steam-line break,test,NPPAD_README_case_number
severity_blocked,middle_block,,SLBIC_58,SLBIC,58.0,% of 100 cm2 inside-containment steam-line break,test,NPPAD_README_case_number
severity_blocked,middle_block,,SLBIC_59,SLBIC,59.0,% of 100 cm2 inside-containment steam-line break,test,NPPAD_README_case_number
severity_blocked,middle_block,,SLBIC_60,SLBIC,60.0,% of 100 cm2 inside-containment steam-line break,test,NPPAD_README_case_number
severity_blocked,middle_block,,SLBIC_61,SLBIC,61.0,% of 100 cm2 inside-containment steam-line break,test,NPPAD_README_case_number
severity_blocked,middle_block,,SLBIC_62,SLBIC,62.0,% of 100 cm2 inside-containment steam-line break,test,NPPAD_README_case_number
severity_blocked,middle_block,,SLBIC_63,SLBIC,63.0,% of 100 cm2 inside-containment steam-line break,test,NPPAD_README_case_number
severity_blocked,middle_block,,SLBIC_64,SLBIC,64.0,% of 100 cm2 inside-containment steam-line break,test,NPPAD_README_case_number
severity_blocked,middle_block,,SLBIC_65,SLBIC,65.0,% of 100 cm2 inside-containment steam-line break,test,NPPAD_README_case_number
severity_blocked,middle_block,,SLBIC_66,SLBIC,66.0,% of 100 cm2 inside-containment steam-line break,test,NPPAD_README_case_number
severity_blocked,middle_block,,SLBIC_48,SLBIC,48.0,% of 100 cm2 inside-containment steam-line break,gap_excluded,NPPAD_README_case_number
severity_blocked,middle_block,,SLBIC_67,SLBIC,67.0,% of 100 cm2 inside-containment steam-line break,gap_excluded,NPPAD_README_case_number
severity_blocked,high_block,,FLB_2,FLB,2.0,% of 100 cm2 feedwater-line break,train,NPPAD_README_case_number
severity_blocked,high_block,,FLB_3,FLB,3.0,% of 100 cm2 feedwater-line break,train,NPPAD_README_case_number
severity_blocked,high_block,,FLB_4,FLB,4.0,% of 100 cm2 feedwater-line break,train,NPPAD_README_case_number
severity_blocked,high_block,,FLB_5,FLB,5.0,% of 100 cm2 feedwater-line break,train,NPPAD_README_case_number
severity_blocked,high_block,,FLB_6,FLB,6.0,% of 100 cm2 feedwater-line break,train,NPPAD_README_case_number
severity_blocked,high_block,,FLB_7,FLB,7.0,% of 100 cm2 feedwater-line break,train,NPPAD_README_case_number
severity_blocked,high_block,,FLB_8,FLB,8.0,% of 100 cm2 feedwater-line break,train,NPPAD_README_case_number
severity_blocked,high_block,,FLB_9,FLB,9.0,% of 100 cm2 feedwater-line break,train,NPPAD_README_case_number
severity_blocked,high_block,,FLB_10,FLB,10.0,% of 100 cm2 feedwater-line break,train,NPPAD_README_case_number
severity_blocked,high_block,,FLB_11,FLB,11.0,% of 100 cm2 feedwater-line break,train,NPPAD_README_case_number
severity_blocked,high_block,,FLB_12,FLB,12.0,% of 100 cm2 feedwater-line break,train,NPPAD_README_case_number
severity_blocked,high_block,,FLB_13,FLB,13.0,% of 100 cm2 feedwater-line break,train,NPPAD_README_case_number
severity_blocked,high_block,,FLB_14,FLB,14.0,% of 100 cm2 feedwater-line break,train,NPPAD_README_case_number
severity_blocked,high_block,,FLB_15,FLB,15.0,% of 100 cm2 feedwater-line break,train,NPPAD_README_case_number
severity_blocked,high_block,,FLB_16,FLB,16.0,% of 100 cm2 feedwater-line break,train,NPPAD_README_case_number
severity_blocked,high_block,,FLB_17,FLB,17.0,% of 100 cm2 feedwater-line break,train,NPPAD_README_case_number
severity_blocked,high_block,,FLB_18,FLB,18.0,% of 100 cm2 feedwater-line break,train,NPPAD_README_case_number
severity_blocked,high_block,,FLB_19,FLB,19.0,% of 100 cm2 feedwater-line break,train,NPPAD_README_case_number
severity_blocked,high_block,,FLB_20,FLB,20.0,% of 100 cm2 feedwater-line break,train,NPPAD_README_case_number
severity_blocked,high_block,,FLB_21,FLB,21.0,% of 100 cm2 feedwater-line break,train,NPPAD_README_case_number
severity_blocked,high_block,,FLB_22,FLB,22.0,% of 100 cm2 feedwater-line break,train,NPPAD_README_case_number
severity_blocked,high_block,,FLB_23,FLB,23.0,% of 100 cm2 feedwater-line break,train,NPPAD_README_case_number
severity_blocked,high_block,,FLB_24,FLB,24.0,% of 100 cm2 feedwater-line break,train,NPPAD_README_case_number
severity_blocked,high_block,,FLB_25,FLB,25.0,% of 100 cm2 feedwater-line break,train,NPPAD_README_case_number
severity_blocked,high_block,,FLB_26,FLB,26.0,% of 100 cm2 feedwater-line break,train,NPPAD_README_case_number
severity_blocked,high_block,,FLB_27,FLB,27.0,% of 100 cm2 feedwater-line break,train,NPPAD_README_case_number
severity_blocked,high_block,,FLB_28,FLB,28.0,% of 100 cm2 feedwater-line break,train,NPPAD_README_case_number
severity_blocked,high_block,,FLB_29,FLB,29.0,% of 100 cm2 feedwater-line break,train,NPPAD_README_case_number
severity_blocked,high_block,,FLB_30,FLB,30.0,% of 100 cm2 feedwater-line break,train,NPPAD_README_case_number
severity_blocked,high_block,,FLB_31,FLB,31.0,% of 100 cm2 feedwater-line break,train,NPPAD_README_case_number
severity_blocked,high_block,,FLB_32,FLB,32.0,% of 100 cm2 feedwater-line break,train,NPPAD_README_case_number
severity_blocked,high_block,,FLB_33,FLB,33.0,% of 100 cm2 feedwater-line break,train,NPPAD_README_case_number
severity_blocked,high_block,,FLB_34,FLB,34.0,% of 100 cm2 feedwater-line break,train,NPPAD_README_case_number
severity_blocked,high_block,,FLB_35,FLB,35.0,% of 100 cm2 feedwater-line break,train,NPPAD_README_case_number
severity_blocked,high_block,,FLB_36,FLB,36.0,% of 100 cm2 feedwater-line break,train,NPPAD_README_case_number
severity_blocked,high_block,,FLB_37,FLB,37.0,% of 100 cm2 feedwater-line break,train,NPPAD_README_case_number
severity_blocked,high_block,,FLB_38,FLB,38.0,% of 100 cm2 feedwater-line break,train,NPPAD_README_case_number
severity_blocked,high_block,,FLB_39,FLB,39.0,% of 100 cm2 feedwater-line break,train,NPPAD_README_case_number
severity_blocked,high_block,,FLB_40,FLB,40.0,% of 100 cm2 feedwater-line break,train,NPPAD_README_case_number
severity_blocked,high_block,,FLB_41,FLB,41.0,% of 100 cm2 feedwater-line break,train,NPPAD_README_case_number
severity_blocked,high_block,,FLB_42,FLB,42.0,% of 100 cm2 feedwater-line break,train,NPPAD_README_case_number
severity_blocked,high_block,,FLB_43,FLB,43.0,% of 100 cm2 feedwater-line break,train,NPPAD_README_case_number
severity_blocked,high_block,,FLB_44,FLB,44.0,% of 100 cm2 feedwater-line break,train,NPPAD_README_case_number
severity_blocked,high_block,,FLB_45,FLB,45.0,% of 100 cm2 feedwater-line break,train,NPPAD_README_case_number
severity_blocked,high_block,,FLB_46,FLB,46.0,% of 100 cm2 feedwater-line break,train,NPPAD_README_case_number
severity_blocked,high_block,,FLB_47,FLB,47.0,% of 100 cm2 feedwater-line break,train,NPPAD_README_case_number
severity_blocked,high_block,,FLB_48,FLB,48.0,% of 100 cm2 feedwater-line break,train,NPPAD_README_case_number
severity_blocked,high_block,,FLB_49,FLB,49.0,% of 100 cm2 feedwater-line break,train,NPPAD_README_case_number
severity_blocked,high_block,,FLB_50,FLB,50.0,% of 100 cm2 feedwater-line break,train,NPPAD_README_case_number
severity_blocked,high_block,,FLB_51,FLB,51.0,% of 100 cm2 feedwater-line break,train,NPPAD_README_case_number
severity_blocked,high_block,,FLB_52,FLB,52.0,% of 100 cm2 feedwater-line break,train,NPPAD_README_case_number
severity_blocked,high_block,,FLB_53,FLB,53.0,% of 100 cm2 feedwater-line break,train,NPPAD_README_case_number
severity_blocked,high_block,,FLB_54,FLB,54.0,% of 100 cm2 feedwater-line break,train,NPPAD_README_case_number
severity_blocked,high_block,,FLB_55,FLB,55.0,% of 100 cm2 feedwater-line break,train,NPPAD_README_case_number
severity_blocked,high_block,,FLB_56,FLB,56.0,% of 100 cm2 feedwater-line break,train,NPPAD_README_case_number
severity_blocked,high_block,,FLB_57,FLB,57.0,% of 100 cm2 feedwater-line break,train,NPPAD_README_case_number
severity_blocked,high_block,,FLB_58,FLB,58.0,% of 100 cm2 feedwater-line break,train,NPPAD_README_case_number
severity_blocked,high_block,,FLB_59,FLB,59.0,% of 100 cm2 feedwater-line break,train,NPPAD_README_case_number
severity_blocked,high_block,,FLB_60,FLB,60.0,% of 100 cm2 feedwater-line break,train,NPPAD_README_case_number
severity_blocked,high_block,,FLB_61,FLB,61.0,% of 100 cm2 feedwater-line break,train,NPPAD_README_case_number
severity_blocked,high_block,,FLB_62,FLB,62.0,% of 100 cm2 feedwater-line break,train,NPPAD_README_case_number
severity_blocked,high_block,,FLB_63,FLB,63.0,% of 100 cm2 feedwater-line break,train,NPPAD_README_case_number
severity_blocked,high_block,,FLB_64,FLB,64.0,% of 100 cm2 feedwater-line break,validation,NPPAD_README_case_number
severity_blocked,high_block,,FLB_65,FLB,65.0,% of 100 cm2 feedwater-line break,validation,NPPAD_README_case_number
severity_blocked,high_block,,FLB_66,FLB,66.0,% of 100 cm2 feedwater-line break,validation,NPPAD_README_case_number
severity_blocked,high_block,,FLB_67,FLB,67.0,% of 100 cm2 feedwater-line break,validation,NPPAD_README_case_number
severity_blocked,high_block,,FLB_68,FLB,68.0,% of 100 cm2 feedwater-line break,validation,NPPAD_README_case_number
severity_blocked,high_block,,FLB_69,FLB,69.0,% of 100 cm2 feedwater-line break,validation,NPPAD_README_case_number
severity_blocked,high_block,,FLB_70,FLB,70.0,% of 100 cm2 feedwater-line break,validation,NPPAD_README_case_number
severity_blocked,high_block,,FLB_71,FLB,71.0,% of 100 cm2 feedwater-line break,validation,NPPAD_README_case_number
severity_blocked,high_block,,FLB_72,FLB,72.0,% of 100 cm2 feedwater-line break,validation,NPPAD_README_case_number
severity_blocked,high_block,,FLB_73,FLB,73.0,% of 100 cm2 feedwater-line break,validation,NPPAD_README_case_number
severity_blocked,high_block,,FLB_74,FLB,74.0,% of 100 cm2 feedwater-line break,validation,NPPAD_README_case_number
severity_blocked,high_block,,FLB_75,FLB,75.0,% of 100 cm2 feedwater-line break,validation,NPPAD_README_case_number
severity_blocked,high_block,,FLB_76,FLB,76.0,% of 100 cm2 feedwater-line break,validation,NPPAD_README_case_number
severity_blocked,high_block,,FLB_77,FLB,77.0,% of 100 cm2 feedwater-line break,validation,NPPAD_README_case_number
severity_blocked,high_block,,FLB_78,FLB,78.0,% of 100 cm2 feedwater-line break,validation,NPPAD_README_case_number
severity_blocked,high_block,,FLB_79,FLB,79.0,% of 100 cm2 feedwater-line break,validation,NPPAD_README_case_number
severity_blocked,high_block,,FLB_81,FLB,81.0,% of 100 cm2 feedwater-line break,test,NPPAD_README_case_number
severity_blocked,high_block,,FLB_82,FLB,82.0,% of 100 cm2 feedwater-line break,test,NPPAD_README_case_number
severity_blocked,high_block,,FLB_83,FLB,83.0,% of 100 cm2 feedwater-line break,test,NPPAD_README_case_number
severity_blocked,high_block,,FLB_84,FLB,84.0,% of 100 cm2 feedwater-line break,test,NPPAD_README_case_number
severity_blocked,high_block,,FLB_85,FLB,85.0,% of 100 cm2 feedwater-line break,test,NPPAD_README_case_number
severity_blocked,high_block,,FLB_86,FLB,86.0,% of 100 cm2 feedwater-line break,test,NPPAD_README_case_number
severity_blocked,high_block,,FLB_87,FLB,87.0,% of 100 cm2 feedwater-line break,test,NPPAD_README_case_number
severity_blocked,high_block,,FLB_88,FLB,88.0,% of 100 cm2 feedwater-line break,test,NPPAD_README_case_number
severity_blocked,high_block,,FLB_89,FLB,89.0,% of 100 cm2 feedwater-line break,test,NPPAD_README_case_number
severity_blocked,high_block,,FLB_90,FLB,90.0,% of 100 cm2 feedwater-line break,test,NPPAD_README_case_number
severity_blocked,high_block,,FLB_91,FLB,91.0,% of 100 cm2 feedwater-line break,test,NPPAD_README_case_number
severity_blocked,high_block,,FLB_92,FLB,92.0,% of 100 cm2 feedwater-line break,test,NPPAD_README_case_number
severity_blocked,high_block,,FLB_93,FLB,93.0,% of 100 cm2 feedwater-line break,test,NPPAD_README_case_number
severity_blocked,high_block,,FLB_94,FLB,94.0,% of 100 cm2 feedwater-line break,test,NPPAD_README_case_number
severity_blocked,high_block,,FLB_95,FLB,95.0,% of 100 cm2 feedwater-line break,test,NPPAD_README_case_number
severity_blocked,high_block,,FLB_96,FLB,96.0,% of 100 cm2 feedwater-line break,test,NPPAD_README_case_number
severity_blocked,high_block,,FLB_97,FLB,97.0,% of 100 cm2 feedwater-line break,test,NPPAD_README_case_number
severity_blocked,high_block,,FLB_98,FLB,98.0,% of 100 cm2 feedwater-line break,test,NPPAD_README_case_number
severity_blocked,high_block,,FLB_99,FLB,99.0,% of 100 cm2 feedwater-line break,test,NPPAD_README_case_number
severity_blocked,high_block,,FLB_100,FLB,100.0,% of 100 cm2 feedwater-line break,test,NPPAD_README_case_number
severity_blocked,high_block,,FLB_80,FLB,80.0,% of 100 cm2 feedwater-line break,gap_excluded,NPPAD_README_case_number
severity_blocked,high_block,,LOCA_1,LOCA,1.0,% of 100 cm2 hot-leg break,train,NPPAD_README_case_number
severity_blocked,high_block,,LOCA_2,LOCA,2.0,% of 100 cm2 hot-leg break,train,NPPAD_README_case_number
severity_blocked,high_block,,LOCA_3,LOCA,3.0,% of 100 cm2 hot-leg break,train,NPPAD_README_case_number
severity_blocked,high_block,,LOCA_4,LOCA,4.0,% of 100 cm2 hot-leg break,train,NPPAD_README_case_number
severity_blocked,high_block,,LOCA_5,LOCA,5.0,% of 100 cm2 hot-leg break,train,NPPAD_README_case_number
severity_blocked,high_block,,LOCA_6,LOCA,6.0,% of 100 cm2 hot-leg break,train,NPPAD_README_case_number
severity_blocked,high_block,,LOCA_7,LOCA,7.0,% of 100 cm2 hot-leg break,train,NPPAD_README_case_number
severity_blocked,high_block,,LOCA_8,LOCA,8.0,% of 100 cm2 hot-leg break,train,NPPAD_README_case_number
severity_blocked,high_block,,LOCA_9,LOCA,9.0,% of 100 cm2 hot-leg break,train,NPPAD_README_case_number
severity_blocked,high_block,,LOCA_10,LOCA,10.0,% of 100 cm2 hot-leg break,train,NPPAD_README_case_number
severity_blocked,high_block,,LOCA_11,LOCA,11.0,% of 100 cm2 hot-leg break,train,NPPAD_README_case_number
severity_blocked,high_block,,LOCA_12,LOCA,12.0,% of 100 cm2 hot-leg break,train,NPPAD_README_case_number
severity_blocked,high_block,,LOCA_13,LOCA,13.0,% of 100 cm2 hot-leg break,train,NPPAD_README_case_number
severity_blocked,high_block,,LOCA_14,LOCA,14.0,% of 100 cm2 hot-leg break,train,NPPAD_README_case_number
severity_blocked,high_block,,LOCA_15,LOCA,15.0,% of 100 cm2 hot-leg break,train,NPPAD_README_case_number
severity_blocked,high_block,,LOCA_16,LOCA,16.0,% of 100 cm2 hot-leg break,train,NPPAD_README_case_number
severity_blocked,high_block,,LOCA_17,LOCA,17.0,% of 100 cm2 hot-leg break,train,NPPAD_README_case_number
severity_blocked,high_block,,LOCA_18,LOCA,18.0,% of 100 cm2 hot-leg break,train,NPPAD_README_case_number
severity_blocked,high_block,,LOCA_19,LOCA,19.0,% of 100 cm2 hot-leg break,train,NPPAD_README_case_number
severity_blocked,high_block,,LOCA_20,LOCA,20.0,% of 100 cm2 hot-leg break,train,NPPAD_README_case_number
severity_blocked,high_block,,LOCA_21,LOCA,21.0,% of 100 cm2 hot-leg break,train,NPPAD_README_case_number
severity_blocked,high_block,,LOCA_22,LOCA,22.0,% of 100 cm2 hot-leg break,train,NPPAD_README_case_number
severity_blocked,high_block,,LOCA_23,LOCA,23.0,% of 100 cm2 hot-leg break,train,NPPAD_README_case_number
severity_blocked,high_block,,LOCA_24,LOCA,24.0,% of 100 cm2 hot-leg break,train,NPPAD_README_case_number
severity_blocked,high_block,,LOCA_25,LOCA,25.0,% of 100 cm2 hot-leg break,train,NPPAD_README_case_number
severity_blocked,high_block,,LOCA_26,LOCA,26.0,% of 100 cm2 hot-leg break,train,NPPAD_README_case_number
severity_blocked,high_block,,LOCA_27,LOCA,27.0,% of 100 cm2 hot-leg break,train,NPPAD_README_case_number
severity_blocked,high_block,,LOCA_28,LOCA,28.0,% of 100 cm2 hot-leg break,train,NPPAD_README_case_number
severity_blocked,high_block,,LOCA_29,LOCA,29.0,% of 100 cm2 hot-leg break,train,NPPAD_README_case_number
severity_blocked,high_block,,LOCA_30,LOCA,30.0,% of 100 cm2 hot-leg break,train,NPPAD_README_case_number
severity_blocked,high_block,,LOCA_31,LOCA,31.0,% of 100 cm2 hot-leg break,train,NPPAD_README_case_number
severity_blocked,high_block,,LOCA_32,LOCA,32.0,% of 100 cm2 hot-leg break,train,NPPAD_README_case_number
severity_blocked,high_block,,LOCA_33,LOCA,33.0,% of 100 cm2 hot-leg break,train,NPPAD_README_case_number
severity_blocked,high_block,,LOCA_34,LOCA,34.0,% of 100 cm2 hot-leg break,train,NPPAD_README_case_number
severity_blocked,high_block,,LOCA_35,LOCA,35.0,% of 100 cm2 hot-leg break,train,NPPAD_README_case_number
severity_blocked,high_block,,LOCA_36,LOCA,36.0,% of 100 cm2 hot-leg break,train,NPPAD_README_case_number
severity_blocked,high_block,,LOCA_37,LOCA,37.0,% of 100 cm2 hot-leg break,train,NPPAD_README_case_number
severity_blocked,high_block,,LOCA_38,LOCA,38.0,% of 100 cm2 hot-leg break,train,NPPAD_README_case_number
severity_blocked,high_block,,LOCA_39,LOCA,39.0,% of 100 cm2 hot-leg break,train,NPPAD_README_case_number
severity_blocked,high_block,,LOCA_40,LOCA,40.0,% of 100 cm2 hot-leg break,train,NPPAD_README_case_number
severity_blocked,high_block,,LOCA_41,LOCA,41.0,% of 100 cm2 hot-leg break,train,NPPAD_README_case_number
severity_blocked,high_block,,LOCA_42,LOCA,42.0,% of 100 cm2 hot-leg break,train,NPPAD_README_case_number
severity_blocked,high_block,,LOCA_44,LOCA,44.0,% of 100 cm2 hot-leg break,train,NPPAD_README_case_number
severity_blocked,high_block,,LOCA_45,LOCA,45.0,% of 100 cm2 hot-leg break,train,NPPAD_README_case_number
severity_blocked,high_block,,LOCA_46,LOCA,46.0,% of 100 cm2 hot-leg break,train,NPPAD_README_case_number
severity_blocked,high_block,,LOCA_47,LOCA,47.0,% of 100 cm2 hot-leg break,train,NPPAD_README_case_number
severity_blocked,high_block,,LOCA_48,LOCA,48.0,% of 100 cm2 hot-leg break,train,NPPAD_README_case_number
severity_blocked,high_block,,LOCA_49,LOCA,49.0,% of 100 cm2 hot-leg break,validation,NPPAD_README_case_number
severity_blocked,high_block,,LOCA_50,LOCA,50.0,% of 100 cm2 hot-leg break,validation,NPPAD_README_case_number
severity_blocked,high_block,,LOCA_51,LOCA,51.0,% of 100 cm2 hot-leg break,validation,NPPAD_README_case_number
severity_blocked,high_block,,LOCA_52,LOCA,52.0,% of 100 cm2 hot-leg break,validation,NPPAD_README_case_number
severity_blocked,high_block,,LOCA_53,LOCA,53.0,% of 100 cm2 hot-leg break,validation,NPPAD_README_case_number
severity_blocked,high_block,,LOCA_54,LOCA,54.0,% of 100 cm2 hot-leg break,validation,NPPAD_README_case_number
severity_blocked,high_block,,LOCA_55,LOCA,55.0,% of 100 cm2 hot-leg break,validation,NPPAD_README_case_number
severity_blocked,high_block,,LOCA_56,LOCA,56.0,% of 100 cm2 hot-leg break,validation,NPPAD_README_case_number
severity_blocked,high_block,,LOCA_57,LOCA,57.0,% of 100 cm2 hot-leg break,validation,NPPAD_README_case_number
severity_blocked,high_block,,LOCA_58,LOCA,58.0,% of 100 cm2 hot-leg break,validation,NPPAD_README_case_number
severity_blocked,high_block,,LOCA_59,LOCA,59.0,% of 100 cm2 hot-leg break,validation,NPPAD_README_case_number
severity_blocked,high_block,,LOCA_60,LOCA,60.0,% of 100 cm2 hot-leg break,validation,NPPAD_README_case_number
severity_blocked,high_block,,LOCA_62,LOCA,62.0,% of 100 cm2 hot-leg break,test,NPPAD_README_case_number
severity_blocked,high_block,,LOCA_63,LOCA,63.0,% of 100 cm2 hot-leg break,test,NPPAD_README_case_number
severity_blocked,high_block,,LOCA_64,LOCA,64.0,% of 100 cm2 hot-leg break,test,NPPAD_README_case_number
severity_blocked,high_block,,LOCA_65,LOCA,65.0,% of 100 cm2 hot-leg break,test,NPPAD_README_case_number
severity_blocked,high_block,,LOCA_66,LOCA,66.0,% of 100 cm2 hot-leg break,test,NPPAD_README_case_number
severity_blocked,high_block,,LOCA_67,LOCA,67.0,% of 100 cm2 hot-leg break,test,NPPAD_README_case_number
severity_blocked,high_block,,LOCA_68,LOCA,68.0,% of 100 cm2 hot-leg break,test,NPPAD_README_case_number
severity_blocked,high_block,,LOCA_69,LOCA,69.0,% of 100 cm2 hot-leg break,test,NPPAD_README_case_number
severity_blocked,high_block,,LOCA_70,LOCA,70.0,% of 100 cm2 hot-leg break,test,NPPAD_README_case_number
severity_blocked,high_block,,LOCA_71,LOCA,71.0,% of 100 cm2 hot-leg break,test,NPPAD_README_case_number
severity_blocked,high_block,,LOCA_72,LOCA,72.0,% of 100 cm2 hot-leg break,test,NPPAD_README_case_number
severity_blocked,high_block,,LOCA_73,LOCA,73.0,% of 100 cm2 hot-leg break,test,NPPAD_README_case_number
severity_blocked,high_block,,LOCA_74,LOCA,74.0,% of 100 cm2 hot-leg break,test,NPPAD_README_case_number
severity_blocked,high_block,,LOCA_75,LOCA,75.0,% of 100 cm2 hot-leg break,test,NPPAD_README_case_number
severity_blocked,high_block,,LOCA_76,LOCA,76.0,% of 100 cm2 hot-leg break,test,NPPAD_README_case_number
severity_blocked,high_block,,LOCA_77,LOCA,77.0,% of 100 cm2 hot-leg break,test,NPPAD_README_case_number
severity_blocked,high_block,,LOCA_61,LOCA,61.0,% of 100 cm2 hot-leg break,gap_excluded,NPPAD_README_case_number
severity_blocked,high_block,,LOCAC_1,LOCAC,1.0,% of 100 cm2 cold-leg break,train,NPPAD_README_case_number
severity_blocked,high_block,,LOCAC_2,LOCAC,2.0,% of 100 cm2 cold-leg break,train,NPPAD_README_case_number
severity_blocked,high_block,,LOCAC_3,LOCAC,3.0,% of 100 cm2 cold-leg break,train,NPPAD_README_case_number
severity_blocked,high_block,,LOCAC_4,LOCAC,4.0,% of 100 cm2 cold-leg break,train,NPPAD_README_case_number
severity_blocked,high_block,,LOCAC_5,LOCAC,5.0,% of 100 cm2 cold-leg break,train,NPPAD_README_case_number
severity_blocked,high_block,,LOCAC_6,LOCAC,6.0,% of 100 cm2 cold-leg break,train,NPPAD_README_case_number
severity_blocked,high_block,,LOCAC_7,LOCAC,7.0,% of 100 cm2 cold-leg break,train,NPPAD_README_case_number
severity_blocked,high_block,,LOCAC_8,LOCAC,8.0,% of 100 cm2 cold-leg break,train,NPPAD_README_case_number
severity_blocked,high_block,,LOCAC_9,LOCAC,9.0,% of 100 cm2 cold-leg break,train,NPPAD_README_case_number
severity_blocked,high_block,,LOCAC_10,LOCAC,10.0,% of 100 cm2 cold-leg break,train,NPPAD_README_case_number
severity_blocked,high_block,,LOCAC_11,LOCAC,11.0,% of 100 cm2 cold-leg break,train,NPPAD_README_case_number
severity_blocked,high_block,,LOCAC_12,LOCAC,12.0,% of 100 cm2 cold-leg break,train,NPPAD_README_case_number
severity_blocked,high_block,,LOCAC_13,LOCAC,13.0,% of 100 cm2 cold-leg break,train,NPPAD_README_case_number
severity_blocked,high_block,,LOCAC_14,LOCAC,14.0,% of 100 cm2 cold-leg break,train,NPPAD_README_case_number
severity_blocked,high_block,,LOCAC_15,LOCAC,15.0,% of 100 cm2 cold-leg break,train,NPPAD_README_case_number
severity_blocked,high_block,,LOCAC_16,LOCAC,16.0,% of 100 cm2 cold-leg break,train,NPPAD_README_case_number
severity_blocked,high_block,,LOCAC_17,LOCAC,17.0,% of 100 cm2 cold-leg break,train,NPPAD_README_case_number
severity_blocked,high_block,,LOCAC_18,LOCAC,18.0,% of 100 cm2 cold-leg break,train,NPPAD_README_case_number
severity_blocked,high_block,,LOCAC_19,LOCAC,19.0,% of 100 cm2 cold-leg break,train,NPPAD_README_case_number
severity_blocked,high_block,,LOCAC_20,LOCAC,20.0,% of 100 cm2 cold-leg break,train,NPPAD_README_case_number
severity_blocked,high_block,,LOCAC_21,LOCAC,21.0,% of 100 cm2 cold-leg break,train,NPPAD_README_case_number
severity_blocked,high_block,,LOCAC_22,LOCAC,22.0,% of 100 cm2 cold-leg break,train,NPPAD_README_case_number
severity_blocked,high_block,,LOCAC_23,LOCAC,23.0,% of 100 cm2 cold-leg break,train,NPPAD_README_case_number
severity_blocked,high_block,,LOCAC_24,LOCAC,24.0,% of 100 cm2 cold-leg break,train,NPPAD_README_case_number
severity_blocked,high_block,,LOCAC_25,LOCAC,25.0,% of 100 cm2 cold-leg break,train,NPPAD_README_case_number
severity_blocked,high_block,,LOCAC_26,LOCAC,26.0,% of 100 cm2 cold-leg break,train,NPPAD_README_case_number
severity_blocked,high_block,,LOCAC_27,LOCAC,27.0,% of 100 cm2 cold-leg break,train,NPPAD_README_case_number
severity_blocked,high_block,,LOCAC_28,LOCAC,28.0,% of 100 cm2 cold-leg break,train,NPPAD_README_case_number
severity_blocked,high_block,,LOCAC_29,LOCAC,29.0,% of 100 cm2 cold-leg break,train,NPPAD_README_case_number
severity_blocked,high_block,,LOCAC_30,LOCAC,30.0,% of 100 cm2 cold-leg break,train,NPPAD_README_case_number
severity_blocked,high_block,,LOCAC_31,LOCAC,31.0,% of 100 cm2 cold-leg break,train,NPPAD_README_case_number
severity_blocked,high_block,,LOCAC_32,LOCAC,32.0,% of 100 cm2 cold-leg break,train,NPPAD_README_case_number
severity_blocked,high_block,,LOCAC_33,LOCAC,33.0,% of 100 cm2 cold-leg break,train,NPPAD_README_case_number
severity_blocked,high_block,,LOCAC_34,LOCAC,34.0,% of 100 cm2 cold-leg break,train,NPPAD_README_case_number
severity_blocked,high_block,,LOCAC_35,LOCAC,35.0,% of 100 cm2 cold-leg break,train,NPPAD_README_case_number
severity_blocked,high_block,,LOCAC_36,LOCAC,36.0,% of 100 cm2 cold-leg break,train,NPPAD_README_case_number
severity_blocked,high_block,,LOCAC_37,LOCAC,37.0,% of 100 cm2 cold-leg break,train,NPPAD_README_case_number
severity_blocked,high_block,,LOCAC_38,LOCAC,38.0,% of 100 cm2 cold-leg break,train,NPPAD_README_case_number
severity_blocked,high_block,,LOCAC_39,LOCAC,39.0,% of 100 cm2 cold-leg break,train,NPPAD_README_case_number
severity_blocked,high_block,,LOCAC_40,LOCAC,40.0,% of 100 cm2 cold-leg break,train,NPPAD_README_case_number
severity_blocked,high_block,,LOCAC_41,LOCAC,41.0,% of 100 cm2 cold-leg break,train,NPPAD_README_case_number
severity_blocked,high_block,,LOCAC_42,LOCAC,42.0,% of 100 cm2 cold-leg break,train,NPPAD_README_case_number
severity_blocked,high_block,,LOCAC_43,LOCAC,43.0,% of 100 cm2 cold-leg break,train,NPPAD_README_case_number
severity_blocked,high_block,,LOCAC_44,LOCAC,44.0,% of 100 cm2 cold-leg break,train,NPPAD_README_case_number
severity_blocked,high_block,,LOCAC_45,LOCAC,45.0,% of 100 cm2 cold-leg break,train,NPPAD_README_case_number
severity_blocked,high_block,,LOCAC_46,LOCAC,46.0,% of 100 cm2 cold-leg break,train,NPPAD_README_case_number
severity_blocked,high_block,,LOCAC_47,LOCAC,47.0,% of 100 cm2 cold-leg break,train,NPPAD_README_case_number
severity_blocked,high_block,,LOCAC_48,LOCAC,48.0,% of 100 cm2 cold-leg break,train,NPPAD_README_case_number
severity_blocked,high_block,,LOCAC_49,LOCAC,49.0,% of 100 cm2 cold-leg break,train,NPPAD_README_case_number
severity_blocked,high_block,,LOCAC_50,LOCAC,50.0,% of 100 cm2 cold-leg break,train,NPPAD_README_case_number
severity_blocked,high_block,,LOCAC_51,LOCAC,51.0,% of 100 cm2 cold-leg break,validation,NPPAD_README_case_number
severity_blocked,high_block,,LOCAC_52,LOCAC,52.0,% of 100 cm2 cold-leg break,validation,NPPAD_README_case_number
severity_blocked,high_block,,LOCAC_53,LOCAC,53.0,% of 100 cm2 cold-leg break,validation,NPPAD_README_case_number
severity_blocked,high_block,,LOCAC_54,LOCAC,54.0,% of 100 cm2 cold-leg break,validation,NPPAD_README_case_number
severity_blocked,high_block,,LOCAC_55,LOCAC,55.0,% of 100 cm2 cold-leg break,validation,NPPAD_README_case_number
severity_blocked,high_block,,LOCAC_56,LOCAC,56.0,% of 100 cm2 cold-leg break,validation,NPPAD_README_case_number
severity_blocked,high_block,,LOCAC_57,LOCAC,57.0,% of 100 cm2 cold-leg break,validation,NPPAD_README_case_number
severity_blocked,high_block,,LOCAC_58,LOCAC,58.0,% of 100 cm2 cold-leg break,validation,NPPAD_README_case_number
severity_blocked,high_block,,LOCAC_59,LOCAC,59.0,% of 100 cm2 cold-leg break,validation,NPPAD_README_case_number
severity_blocked,high_block,,LOCAC_60,LOCAC,60.0,% of 100 cm2 cold-leg break,validation,NPPAD_README_case_number
severity_blocked,high_block,,LOCAC_61,LOCAC,61.0,% of 100 cm2 cold-leg break,validation,NPPAD_README_case_number
severity_blocked,high_block,,LOCAC_62,LOCAC,62.0,% of 100 cm2 cold-leg break,validation,NPPAD_README_case_number
severity_blocked,high_block,,LOCAC_64,LOCAC,64.0,% of 100 cm2 cold-leg break,test,NPPAD_README_case_number
severity_blocked,high_block,,LOCAC_65,LOCAC,65.0,% of 100 cm2 cold-leg break,test,NPPAD_README_case_number
severity_blocked,high_block,,LOCAC_66,LOCAC,66.0,% of 100 cm2 cold-leg break,test,NPPAD_README_case_number
severity_blocked,high_block,,LOCAC_67,LOCAC,67.0,% of 100 cm2 cold-leg break,test,NPPAD_README_case_number
severity_blocked,high_block,,LOCAC_68,LOCAC,68.0,% of 100 cm2 cold-leg break,test,NPPAD_README_case_number
severity_blocked,high_block,,LOCAC_69,LOCAC,69.0,% of 100 cm2 cold-leg break,test,NPPAD_README_case_number
severity_blocked,high_block,,LOCAC_70,LOCAC,70.0,% of 100 cm2 cold-leg break,test,NPPAD_README_case_number
severity_blocked,high_block,,LOCAC_71,LOCAC,71.0,% of 100 cm2 cold-leg break,test,NPPAD_README_case_number
severity_blocked,high_block,,LOCAC_72,LOCAC,72.0,% of 100 cm2 cold-leg break,test,NPPAD_README_case_number
severity_blocked,high_block,,LOCAC_73,LOCAC,73.0,% of 100 cm2 cold-leg break,test,NPPAD_README_case_number
severity_blocked,high_block,,LOCAC_74,LOCAC,74.0,% of 100 cm2 cold-leg break,test,NPPAD_README_case_number
severity_blocked,high_block,,LOCAC_75,LOCAC,75.0,% of 100 cm2 cold-leg break,test,NPPAD_README_case_number
severity_blocked,high_block,,LOCAC_76,LOCAC,76.0,% of 100 cm2 cold-leg break,test,NPPAD_README_case_number
severity_blocked,high_block,,LOCAC_77,LOCAC,77.0,% of 100 cm2 cold-leg break,test,NPPAD_README_case_number
severity_blocked,high_block,,LOCAC_78,LOCAC,78.0,% of 100 cm2 cold-leg break,test,NPPAD_README_case_number
severity_blocked,high_block,,LOCAC_79,LOCAC,79.0,% of 100 cm2 cold-leg break,test,NPPAD_README_case_number
severity_blocked,high_block,,LOCAC_63,LOCAC,63.0,% of 100 cm2 cold-leg break,gap_excluded,NPPAD_README_case_number
severity_blocked,high_block,,LR_70,LR,70.0,% of full load rejected,train,NPPAD_README_case_number
severity_blocked,high_block,,LR_71,LR,71.0,% of full load rejected,train,NPPAD_README_case_number
severity_blocked,high_block,,LR_72,LR,72.0,% of full load rejected,train,NPPAD_README_case_number
severity_blocked,high_block,,LR_73,LR,73.0,% of full load rejected,train,NPPAD_README_case_number
severity_blocked,high_block,,LR_74,LR,74.0,% of full load rejected,train,NPPAD_README_case_number
severity_blocked,high_block,,LR_75,LR,75.0,% of full load rejected,train,NPPAD_README_case_number
severity_blocked,high_block,,LR_76,LR,76.0,% of full load rejected,train,NPPAD_README_case_number
severity_blocked,high_block,,LR_77,LR,77.0,% of full load rejected,train,NPPAD_README_case_number
severity_blocked,high_block,,LR_78,LR,78.0,% of full load rejected,train,NPPAD_README_case_number
severity_blocked,high_block,,LR_79,LR,79.0,% of full load rejected,train,NPPAD_README_case_number
severity_blocked,high_block,,LR_80,LR,80.0,% of full load rejected,train,NPPAD_README_case_number
severity_blocked,high_block,,LR_81,LR,81.0,% of full load rejected,train,NPPAD_README_case_number
severity_blocked,high_block,,LR_82,LR,82.0,% of full load rejected,train,NPPAD_README_case_number
severity_blocked,high_block,,LR_83,LR,83.0,% of full load rejected,train,NPPAD_README_case_number
severity_blocked,high_block,,LR_84,LR,84.0,% of full load rejected,train,NPPAD_README_case_number
severity_blocked,high_block,,LR_85,LR,85.0,% of full load rejected,train,NPPAD_README_case_number
severity_blocked,high_block,,LR_86,LR,86.0,% of full load rejected,train,NPPAD_README_case_number
severity_blocked,high_block,,LR_87,LR,87.0,% of full load rejected,validation,NPPAD_README_case_number
severity_blocked,high_block,,LR_88,LR,88.0,% of full load rejected,validation,NPPAD_README_case_number
severity_blocked,high_block,,LR_89,LR,89.0,% of full load rejected,validation,NPPAD_README_case_number
severity_blocked,high_block,,LR_90,LR,90.0,% of full load rejected,validation,NPPAD_README_case_number
severity_blocked,high_block,,LR_94,LR,94.0,% of full load rejected,test,NPPAD_README_case_number
severity_blocked,high_block,,LR_95,LR,95.0,% of full load rejected,test,NPPAD_README_case_number
severity_blocked,high_block,,LR_96,LR,96.0,% of full load rejected,test,NPPAD_README_case_number
severity_blocked,high_block,,LR_97,LR,97.0,% of full load rejected,test,NPPAD_README_case_number
severity_blocked,high_block,,LR_98,LR,98.0,% of full load rejected,test,NPPAD_README_case_number
severity_blocked,high_block,,LR_99,LR,99.0,% of full load rejected,test,NPPAD_README_case_number
severity_blocked,high_block,,LR_93,LR,93.0,% of full load rejected,gap_excluded,NPPAD_README_case_number
severity_blocked,high_block,,RI_-35,RI,-35.0,% of rods inserted,train,NPPAD_README_case_number
severity_blocked,high_block,,RI_-34,RI,-34.0,% of rods inserted,train,NPPAD_README_case_number
severity_blocked,high_block,,RI_-33,RI,-33.0,% of rods inserted,train,NPPAD_README_case_number
severity_blocked,high_block,,RI_-32,RI,-32.0,% of rods inserted,train,NPPAD_README_case_number
severity_blocked,high_block,,RI_-31,RI,-31.0,% of rods inserted,train,NPPAD_README_case_number
severity_blocked,high_block,,RI_-30,RI,-30.0,% of rods inserted,train,NPPAD_README_case_number
severity_blocked,high_block,,RI_-29,RI,-29.0,% of rods inserted,train,NPPAD_README_case_number
severity_blocked,high_block,,RI_-28,RI,-28.0,% of rods inserted,train,NPPAD_README_case_number
severity_blocked,high_block,,RI_-27,RI,-27.0,% of rods inserted,train,NPPAD_README_case_number
severity_blocked,high_block,,RI_-26,RI,-26.0,% of rods inserted,train,NPPAD_README_case_number
severity_blocked,high_block,,RI_-25,RI,-25.0,% of rods inserted,train,NPPAD_README_case_number
severity_blocked,high_block,,RI_-23,RI,-23.0,% of rods inserted,train,NPPAD_README_case_number
severity_blocked,high_block,,RI_-22,RI,-22.0,% of rods inserted,train,NPPAD_README_case_number
severity_blocked,high_block,,RI_-21,RI,-21.0,% of rods inserted,train,NPPAD_README_case_number
severity_blocked,high_block,,RI_-20,RI,-20.0,% of rods inserted,train,NPPAD_README_case_number
severity_blocked,high_block,,RI_-19,RI,-19.0,% of rods inserted,train,NPPAD_README_case_number
severity_blocked,high_block,,RI_-18,RI,-18.0,% of rods inserted,train,NPPAD_README_case_number
severity_blocked,high_block,,RI_-17,RI,-17.0,% of rods inserted,train,NPPAD_README_case_number
severity_blocked,high_block,,RI_-16,RI,-16.0,% of rods inserted,train,NPPAD_README_case_number
severity_blocked,high_block,,RI_-15,RI,-15.0,% of rods inserted,train,NPPAD_README_case_number
severity_blocked,high_block,,RI_-14,RI,-14.0,% of rods inserted,train,NPPAD_README_case_number
severity_blocked,high_block,,RI_-13,RI,-13.0,% of rods inserted,validation,NPPAD_README_case_number
severity_blocked,high_block,,RI_-12,RI,-12.0,% of rods inserted,validation,NPPAD_README_case_number
severity_blocked,high_block,,RI_-11,RI,-11.0,% of rods inserted,validation,NPPAD_README_case_number
severity_blocked,high_block,,RI_-10,RI,-10.0,% of rods inserted,validation,NPPAD_README_case_number
severity_blocked,high_block,,RI_-9,RI,-9.0,% of rods inserted,validation,NPPAD_README_case_number
severity_blocked,high_block,,RI_-7,RI,-7.0,% of rods inserted,test,NPPAD_README_case_number
severity_blocked,high_block,,RI_-6,RI,-6.0,% of rods inserted,test,NPPAD_README_case_number
severity_blocked,high_block,,RI_-5,RI,-5.0,% of rods inserted,test,NPPAD_README_case_number
severity_blocked,high_block,,RI_-4,RI,-4.0,% of rods inserted,test,NPPAD_README_case_number
severity_blocked,high_block,,RI_-3,RI,-3.0,% of rods inserted,test,NPPAD_README_case_number
severity_blocked,high_block,,RI_-2,RI,-2.0,% of rods inserted,test,NPPAD_README_case_number
severity_blocked,high_block,,RI_-1,RI,-1.0,% of rods inserted,test,NPPAD_README_case_number
severity_blocked,high_block,,RI_-8,RI,-8.0,% of rods inserted,gap_excluded,NPPAD_README_case_number
severity_blocked,high_block,,SGATR_57,SGATR,57.0,% of one full steam-generator-A tube rupture,train,NPPAD_README_case_number
severity_blocked,high_block,,SGATR_58,SGATR,58.0,% of one full steam-generator-A tube rupture,train,NPPAD_README_case_number
severity_blocked,high_block,,SGATR_59,SGATR,59.0,% of one full steam-generator-A tube rupture,train,NPPAD_README_case_number
severity_blocked,high_block,,SGATR_60,SGATR,60.0,% of one full steam-generator-A tube rupture,train,NPPAD_README_case_number
severity_blocked,high_block,,SGATR_61,SGATR,61.0,% of one full steam-generator-A tube rupture,train,NPPAD_README_case_number
severity_blocked,high_block,,SGATR_62,SGATR,62.0,% of one full steam-generator-A tube rupture,train,NPPAD_README_case_number
severity_blocked,high_block,,SGATR_63,SGATR,63.0,% of one full steam-generator-A tube rupture,train,NPPAD_README_case_number
severity_blocked,high_block,,SGATR_64,SGATR,64.0,% of one full steam-generator-A tube rupture,train,NPPAD_README_case_number
severity_blocked,high_block,,SGATR_65,SGATR,65.0,% of one full steam-generator-A tube rupture,train,NPPAD_README_case_number
severity_blocked,high_block,,SGATR_66,SGATR,66.0,% of one full steam-generator-A tube rupture,train,NPPAD_README_case_number
severity_blocked,high_block,,SGATR_67,SGATR,67.0,% of one full steam-generator-A tube rupture,train,NPPAD_README_case_number
severity_blocked,high_block,,SGATR_68,SGATR,68.0,% of one full steam-generator-A tube rupture,train,NPPAD_README_case_number
severity_blocked,high_block,,SGATR_69,SGATR,69.0,% of one full steam-generator-A tube rupture,train,NPPAD_README_case_number
severity_blocked,high_block,,SGATR_70,SGATR,70.0,% of one full steam-generator-A tube rupture,train,NPPAD_README_case_number
severity_blocked,high_block,,SGATR_71,SGATR,71.0,% of one full steam-generator-A tube rupture,train,NPPAD_README_case_number
severity_blocked,high_block,,SGATR_72,SGATR,72.0,% of one full steam-generator-A tube rupture,train,NPPAD_README_case_number
severity_blocked,high_block,,SGATR_73,SGATR,73.0,% of one full steam-generator-A tube rupture,train,NPPAD_README_case_number
severity_blocked,high_block,,SGATR_74,SGATR,74.0,% of one full steam-generator-A tube rupture,train,NPPAD_README_case_number
severity_blocked,high_block,,SGATR_75,SGATR,75.0,% of one full steam-generator-A tube rupture,train,NPPAD_README_case_number
severity_blocked,high_block,,SGATR_76,SGATR,76.0,% of one full steam-generator-A tube rupture,train,NPPAD_README_case_number
severity_blocked,high_block,,SGATR_77,SGATR,77.0,% of one full steam-generator-A tube rupture,train,NPPAD_README_case_number
severity_blocked,high_block,,SGATR_78,SGATR,78.0,% of one full steam-generator-A tube rupture,train,NPPAD_README_case_number
severity_blocked,high_block,,SGATR_79,SGATR,79.0,% of one full steam-generator-A tube rupture,train,NPPAD_README_case_number
severity_blocked,high_block,,SGATR_80,SGATR,80.0,% of one full steam-generator-A tube rupture,train,NPPAD_README_case_number
severity_blocked,high_block,,SGATR_81,SGATR,81.0,% of one full steam-generator-A tube rupture,train,NPPAD_README_case_number
severity_blocked,high_block,,SGATR_82,SGATR,82.0,% of one full steam-generator-A tube rupture,train,NPPAD_README_case_number
severity_blocked,high_block,,SGATR_83,SGATR,83.0,% of one full steam-generator-A tube rupture,train,NPPAD_README_case_number
severity_blocked,high_block,,SGATR_84,SGATR,84.0,% of one full steam-generator-A tube rupture,validation,NPPAD_README_case_number
severity_blocked,high_block,,SGATR_85,SGATR,85.0,% of one full steam-generator-A tube rupture,validation,NPPAD_README_case_number
severity_blocked,high_block,,SGATR_86,SGATR,86.0,% of one full steam-generator-A tube rupture,validation,NPPAD_README_case_number
severity_blocked,high_block,,SGATR_87,SGATR,87.0,% of one full steam-generator-A tube rupture,validation,NPPAD_README_case_number
severity_blocked,high_block,,SGATR_88,SGATR,88.0,% of one full steam-generator-A tube rupture,validation,NPPAD_README_case_number
severity_blocked,high_block,,SGATR_89,SGATR,89.0,% of one full steam-generator-A tube rupture,validation,NPPAD_README_case_number
severity_blocked,high_block,,SGATR_90,SGATR,90.0,% of one full steam-generator-A tube rupture,validation,NPPAD_README_case_number
severity_blocked,high_block,,SGATR_92,SGATR,92.0,% of one full steam-generator-A tube rupture,test,NPPAD_README_case_number
severity_blocked,high_block,,SGATR_93,SGATR,93.0,% of one full steam-generator-A tube rupture,test,NPPAD_README_case_number
severity_blocked,high_block,,SGATR_94,SGATR,94.0,% of one full steam-generator-A tube rupture,test,NPPAD_README_case_number
severity_blocked,high_block,,SGATR_95,SGATR,95.0,% of one full steam-generator-A tube rupture,test,NPPAD_README_case_number
severity_blocked,high_block,,SGATR_96,SGATR,96.0,% of one full steam-generator-A tube rupture,test,NPPAD_README_case_number
severity_blocked,high_block,,SGATR_97,SGATR,97.0,% of one full steam-generator-A tube rupture,test,NPPAD_README_case_number
severity_blocked,high_block,,SGATR_98,SGATR,98.0,% of one full steam-generator-A tube rupture,test,NPPAD_README_case_number
severity_blocked,high_block,,SGATR_99,SGATR,99.0,% of one full steam-generator-A tube rupture,test,NPPAD_README_case_number
severity_blocked,high_block,,SGATR_100,SGATR,100.0,% of one full steam-generator-A tube rupture,test,NPPAD_README_case_number
severity_blocked,high_block,,SGATR_91,SGATR,91.0,% of one full steam-generator-A tube rupture,gap_excluded,NPPAD_README_case_number
severity_blocked,high_block,,SGBTR_57,SGBTR,57.0,% of one full steam-generator-B tube rupture,train,NPPAD_README_case_number
severity_blocked,high_block,,SGBTR_58,SGBTR,58.0,% of one full steam-generator-B tube rupture,train,NPPAD_README_case_number
severity_blocked,high_block,,SGBTR_59,SGBTR,59.0,% of one full steam-generator-B tube rupture,train,NPPAD_README_case_number
severity_blocked,high_block,,SGBTR_60,SGBTR,60.0,% of one full steam-generator-B tube rupture,train,NPPAD_README_case_number
severity_blocked,high_block,,SGBTR_61,SGBTR,61.0,% of one full steam-generator-B tube rupture,train,NPPAD_README_case_number
severity_blocked,high_block,,SGBTR_62,SGBTR,62.0,% of one full steam-generator-B tube rupture,train,NPPAD_README_case_number
severity_blocked,high_block,,SGBTR_63,SGBTR,63.0,% of one full steam-generator-B tube rupture,train,NPPAD_README_case_number
severity_blocked,high_block,,SGBTR_64,SGBTR,64.0,% of one full steam-generator-B tube rupture,train,NPPAD_README_case_number
severity_blocked,high_block,,SGBTR_65,SGBTR,65.0,% of one full steam-generator-B tube rupture,train,NPPAD_README_case_number
severity_blocked,high_block,,SGBTR_66,SGBTR,66.0,% of one full steam-generator-B tube rupture,train,NPPAD_README_case_number
severity_blocked,high_block,,SGBTR_67,SGBTR,67.0,% of one full steam-generator-B tube rupture,train,NPPAD_README_case_number
severity_blocked,high_block,,SGBTR_68,SGBTR,68.0,% of one full steam-generator-B tube rupture,train,NPPAD_README_case_number
severity_blocked,high_block,,SGBTR_69,SGBTR,69.0,% of one full steam-generator-B tube rupture,train,NPPAD_README_case_number
severity_blocked,high_block,,SGBTR_70,SGBTR,70.0,% of one full steam-generator-B tube rupture,train,NPPAD_README_case_number
severity_blocked,high_block,,SGBTR_71,SGBTR,71.0,% of one full steam-generator-B tube rupture,train,NPPAD_README_case_number
severity_blocked,high_block,,SGBTR_72,SGBTR,72.0,% of one full steam-generator-B tube rupture,train,NPPAD_README_case_number
severity_blocked,high_block,,SGBTR_73,SGBTR,73.0,% of one full steam-generator-B tube rupture,train,NPPAD_README_case_number
severity_blocked,high_block,,SGBTR_74,SGBTR,74.0,% of one full steam-generator-B tube rupture,train,NPPAD_README_case_number
severity_blocked,high_block,,SGBTR_75,SGBTR,75.0,% of one full steam-generator-B tube rupture,train,NPPAD_README_case_number
severity_blocked,high_block,,SGBTR_76,SGBTR,76.0,% of one full steam-generator-B tube rupture,train,NPPAD_README_case_number
severity_blocked,high_block,,SGBTR_77,SGBTR,77.0,% of one full steam-generator-B tube rupture,train,NPPAD_README_case_number
severity_blocked,high_block,,SGBTR_78,SGBTR,78.0,% of one full steam-generator-B tube rupture,train,NPPAD_README_case_number
severity_blocked,high_block,,SGBTR_79,SGBTR,79.0,% of one full steam-generator-B tube rupture,train,NPPAD_README_case_number
severity_blocked,high_block,,SGBTR_80,SGBTR,80.0,% of one full steam-generator-B tube rupture,train,NPPAD_README_case_number
severity_blocked,high_block,,SGBTR_81,SGBTR,81.0,% of one full steam-generator-B tube rupture,train,NPPAD_README_case_number
severity_blocked,high_block,,SGBTR_82,SGBTR,82.0,% of one full steam-generator-B tube rupture,train,NPPAD_README_case_number
severity_blocked,high_block,,SGBTR_83,SGBTR,83.0,% of one full steam-generator-B tube rupture,train,NPPAD_README_case_number
severity_blocked,high_block,,SGBTR_84,SGBTR,84.0,% of one full steam-generator-B tube rupture,train,NPPAD_README_case_number
severity_blocked,high_block,,SGBTR_85,SGBTR,85.0,% of one full steam-generator-B tube rupture,train,NPPAD_README_case_number
severity_blocked,high_block,,SGBTR_86,SGBTR,86.0,% of one full steam-generator-B tube rupture,train,NPPAD_README_case_number
severity_blocked,high_block,,SGBTR_87,SGBTR,87.0,% of one full steam-generator-B tube rupture,train,NPPAD_README_case_number
severity_blocked,high_block,,SGBTR_88,SGBTR,88.0,% of one full steam-generator-B tube rupture,train,NPPAD_README_case_number
severity_blocked,high_block,,SGBTR_89,SGBTR,89.0,% of one full steam-generator-B tube rupture,train,NPPAD_README_case_number
severity_blocked,high_block,,SGBTR_90,SGBTR,90.0,% of one full steam-generator-B tube rupture,train,NPPAD_README_case_number
severity_blocked,high_block,,SGBTR_91,SGBTR,91.0,% of one full steam-generator-B tube rupture,validation,NPPAD_README_case_number
severity_blocked,high_block,,SGBTR_92,SGBTR,92.0,% of one full steam-generator-B tube rupture,validation,NPPAD_README_case_number
severity_blocked,high_block,,SGBTR_93,SGBTR,93.0,% of one full steam-generator-B tube rupture,validation,NPPAD_README_case_number
severity_blocked,high_block,,SGBTR_94,SGBTR,94.0,% of one full steam-generator-B tube rupture,validation,NPPAD_README_case_number
severity_blocked,high_block,,SGBTR_95,SGBTR,95.0,% of one full steam-generator-B tube rupture,validation,NPPAD_README_case_number
severity_blocked,high_block,,SGBTR_96,SGBTR,96.0,% of one full steam-generator-B tube rupture,validation,NPPAD_README_case_number
severity_blocked,high_block,,SGBTR_97,SGBTR,97.0,% of one full steam-generator-B tube rupture,validation,NPPAD_README_case_number
severity_blocked,high_block,,SGBTR_98,SGBTR,98.0,% of one full steam-generator-B tube rupture,validation,NPPAD_README_case_number
severity_blocked,high_block,,SGBTR_100,SGBTR,100.0,% of one full steam-generator-B tube rupture,test,NPPAD_README_case_number
severity_blocked,high_block,,SGBTR_101,SGBTR,101.0,% of one full steam-generator-B tube rupture,test,NPPAD_README_case_number
severity_blocked,high_block,,SGBTR_102,SGBTR,102.0,% of one full steam-generator-B tube rupture,test,NPPAD_README_case_number
severity_blocked,high_block,,SGBTR_103,SGBTR,103.0,% of one full steam-generator-B tube rupture,test,NPPAD_README_case_number
severity_blocked,high_block,,SGBTR_104,SGBTR,104.0,% of one full steam-generator-B tube rupture,test,NPPAD_README_case_number
severity_blocked,high_block,,SGBTR_105,SGBTR,105.0,% of one full steam-generator-B tube rupture,test,NPPAD_README_case_number
severity_blocked,high_block,,SGBTR_106,SGBTR,106.0,% of one full steam-generator-B tube rupture,test,NPPAD_README_case_number
severity_blocked,high_block,,SGBTR_107,SGBTR,107.0,% of one full steam-generator-B tube rupture,test,NPPAD_README_case_number
severity_blocked,high_block,,SGBTR_108,SGBTR,108.0,% of one full steam-generator-B tube rupture,test,NPPAD_README_case_number
severity_blocked,high_block,,SGBTR_109,SGBTR,109.0,% of one full steam-generator-B tube rupture,test,NPPAD_README_case_number
severity_blocked,high_block,,SGBTR_110,SGBTR,110.0,% of one full steam-generator-B tube rupture,test,NPPAD_README_case_number
severity_blocked,high_block,,SGBTR_99,SGBTR,99.0,% of one full steam-generator-B tube rupture,gap_excluded,NPPAD_README_case_number
severity_blocked,high_block,,SLBIC_14,SLBIC,14.0,% of 100 cm2 inside-containment steam-line break,train,NPPAD_README_case_number
severity_blocked,high_block,,SLBIC_15,SLBIC,15.0,% of 100 cm2 inside-containment steam-line break,train,NPPAD_README_case_number
severity_blocked,high_block,,SLBIC_16,SLBIC,16.0,% of 100 cm2 inside-containment steam-line break,train,NPPAD_README_case_number
severity_blocked,high_block,,SLBIC_17,SLBIC,17.0,% of 100 cm2 inside-containment steam-line break,train,NPPAD_README_case_number
severity_blocked,high_block,,SLBIC_18,SLBIC,18.0,% of 100 cm2 inside-containment steam-line break,train,NPPAD_README_case_number
severity_blocked,high_block,,SLBIC_19,SLBIC,19.0,% of 100 cm2 inside-containment steam-line break,train,NPPAD_README_case_number
severity_blocked,high_block,,SLBIC_20,SLBIC,20.0,% of 100 cm2 inside-containment steam-line break,train,NPPAD_README_case_number
severity_blocked,high_block,,SLBIC_21,SLBIC,21.0,% of 100 cm2 inside-containment steam-line break,train,NPPAD_README_case_number
severity_blocked,high_block,,SLBIC_22,SLBIC,22.0,% of 100 cm2 inside-containment steam-line break,train,NPPAD_README_case_number
severity_blocked,high_block,,SLBIC_23,SLBIC,23.0,% of 100 cm2 inside-containment steam-line break,train,NPPAD_README_case_number
severity_blocked,high_block,,SLBIC_24,SLBIC,24.0,% of 100 cm2 inside-containment steam-line break,train,NPPAD_README_case_number
severity_blocked,high_block,,SLBIC_25,SLBIC,25.0,% of 100 cm2 inside-containment steam-line break,train,NPPAD_README_case_number
severity_blocked,high_block,,SLBIC_26,SLBIC,26.0,% of 100 cm2 inside-containment steam-line break,train,NPPAD_README_case_number
severity_blocked,high_block,,SLBIC_27,SLBIC,27.0,% of 100 cm2 inside-containment steam-line break,train,NPPAD_README_case_number
severity_blocked,high_block,,SLBIC_28,SLBIC,28.0,% of 100 cm2 inside-containment steam-line break,train,NPPAD_README_case_number
severity_blocked,high_block,,SLBIC_29,SLBIC,29.0,% of 100 cm2 inside-containment steam-line break,train,NPPAD_README_case_number
severity_blocked,high_block,,SLBIC_30,SLBIC,30.0,% of 100 cm2 inside-containment steam-line break,train,NPPAD_README_case_number
severity_blocked,high_block,,SLBIC_31,SLBIC,31.0,% of 100 cm2 inside-containment steam-line break,train,NPPAD_README_case_number
severity_blocked,high_block,,SLBIC_32,SLBIC,32.0,% of 100 cm2 inside-containment steam-line break,train,NPPAD_README_case_number
severity_blocked,high_block,,SLBIC_33,SLBIC,33.0,% of 100 cm2 inside-containment steam-line break,train,NPPAD_README_case_number
severity_blocked,high_block,,SLBIC_34,SLBIC,34.0,% of 100 cm2 inside-containment steam-line break,train,NPPAD_README_case_number
severity_blocked,high_block,,SLBIC_35,SLBIC,35.0,% of 100 cm2 inside-containment steam-line break,train,NPPAD_README_case_number
severity_blocked,high_block,,SLBIC_36,SLBIC,36.0,% of 100 cm2 inside-containment steam-line break,train,NPPAD_README_case_number
severity_blocked,high_block,,SLBIC_37,SLBIC,37.0,% of 100 cm2 inside-containment steam-line break,train,NPPAD_README_case_number
severity_blocked,high_block,,SLBIC_38,SLBIC,38.0,% of 100 cm2 inside-containment steam-line break,train,NPPAD_README_case_number
severity_blocked,high_block,,SLBIC_39,SLBIC,39.0,% of 100 cm2 inside-containment steam-line break,train,NPPAD_README_case_number
severity_blocked,high_block,,SLBIC_40,SLBIC,40.0,% of 100 cm2 inside-containment steam-line break,train,NPPAD_README_case_number
severity_blocked,high_block,,SLBIC_41,SLBIC,41.0,% of 100 cm2 inside-containment steam-line break,train,NPPAD_README_case_number
severity_blocked,high_block,,SLBIC_42,SLBIC,42.0,% of 100 cm2 inside-containment steam-line break,train,NPPAD_README_case_number
severity_blocked,high_block,,SLBIC_43,SLBIC,43.0,% of 100 cm2 inside-containment steam-line break,train,NPPAD_README_case_number
severity_blocked,high_block,,SLBIC_44,SLBIC,44.0,% of 100 cm2 inside-containment steam-line break,train,NPPAD_README_case_number
severity_blocked,high_block,,SLBIC_45,SLBIC,45.0,% of 100 cm2 inside-containment steam-line break,train,NPPAD_README_case_number
severity_blocked,high_block,,SLBIC_46,SLBIC,46.0,% of 100 cm2 inside-containment steam-line break,train,NPPAD_README_case_number
severity_blocked,high_block,,SLBIC_47,SLBIC,47.0,% of 100 cm2 inside-containment steam-line break,train,NPPAD_README_case_number
severity_blocked,high_block,,SLBIC_48,SLBIC,48.0,% of 100 cm2 inside-containment steam-line break,train,NPPAD_README_case_number
severity_blocked,high_block,,SLBIC_49,SLBIC,49.0,% of 100 cm2 inside-containment steam-line break,train,NPPAD_README_case_number
severity_blocked,high_block,,SLBIC_50,SLBIC,50.0,% of 100 cm2 inside-containment steam-line break,train,NPPAD_README_case_number
severity_blocked,high_block,,SLBIC_51,SLBIC,51.0,% of 100 cm2 inside-containment steam-line break,train,NPPAD_README_case_number
severity_blocked,high_block,,SLBIC_52,SLBIC,52.0,% of 100 cm2 inside-containment steam-line break,train,NPPAD_README_case_number
severity_blocked,high_block,,SLBIC_53,SLBIC,53.0,% of 100 cm2 inside-containment steam-line break,train,NPPAD_README_case_number
severity_blocked,high_block,,SLBIC_54,SLBIC,54.0,% of 100 cm2 inside-containment steam-line break,train,NPPAD_README_case_number
severity_blocked,high_block,,SLBIC_55,SLBIC,55.0,% of 100 cm2 inside-containment steam-line break,train,NPPAD_README_case_number
severity_blocked,high_block,,SLBIC_56,SLBIC,56.0,% of 100 cm2 inside-containment steam-line break,train,NPPAD_README_case_number
severity_blocked,high_block,,SLBIC_57,SLBIC,57.0,% of 100 cm2 inside-containment steam-line break,train,NPPAD_README_case_number
severity_blocked,high_block,,SLBIC_58,SLBIC,58.0,% of 100 cm2 inside-containment steam-line break,train,NPPAD_README_case_number
severity_blocked,high_block,,SLBIC_59,SLBIC,59.0,% of 100 cm2 inside-containment steam-line break,train,NPPAD_README_case_number
severity_blocked,high_block,,SLBIC_60,SLBIC,60.0,% of 100 cm2 inside-containment steam-line break,train,NPPAD_README_case_number
severity_blocked,high_block,,SLBIC_61,SLBIC,61.0,% of 100 cm2 inside-containment steam-line break,train,NPPAD_README_case_number
severity_blocked,high_block,,SLBIC_62,SLBIC,62.0,% of 100 cm2 inside-containment steam-line break,train,NPPAD_README_case_number
severity_blocked,high_block,,SLBIC_63,SLBIC,63.0,% of 100 cm2 inside-containment steam-line break,train,NPPAD_README_case_number
severity_blocked,high_block,,SLBIC_64,SLBIC,64.0,% of 100 cm2 inside-containment steam-line break,train,NPPAD_README_case_number
severity_blocked,high_block,,SLBIC_65,SLBIC,65.0,% of 100 cm2 inside-containment steam-line break,train,NPPAD_README_case_number
severity_blocked,high_block,,SLBIC_66,SLBIC,66.0,% of 100 cm2 inside-containment steam-line break,train,NPPAD_README_case_number
severity_blocked,high_block,,SLBIC_67,SLBIC,67.0,% of 100 cm2 inside-containment steam-line break,train,NPPAD_README_case_number
severity_blocked,high_block,,SLBIC_68,SLBIC,68.0,% of 100 cm2 inside-containment steam-line break,train,NPPAD_README_case_number
severity_blocked,high_block,,SLBIC_69,SLBIC,69.0,% of 100 cm2 inside-containment steam-line break,validation,NPPAD_README_case_number
severity_blocked,high_block,,SLBIC_70,SLBIC,70.0,% of 100 cm2 inside-containment steam-line break,validation,NPPAD_README_case_number
severity_blocked,high_block,,SLBIC_71,SLBIC,71.0,% of 100 cm2 inside-containment steam-line break,validation,NPPAD_README_case_number
severity_blocked,high_block,,SLBIC_72,SLBIC,72.0,% of 100 cm2 inside-containment steam-line break,validation,NPPAD_README_case_number
severity_blocked,high_block,,SLBIC_73,SLBIC,73.0,% of 100 cm2 inside-containment steam-line break,validation,NPPAD_README_case_number
severity_blocked,high_block,,SLBIC_74,SLBIC,74.0,% of 100 cm2 inside-containment steam-line break,validation,NPPAD_README_case_number
severity_blocked,high_block,,SLBIC_75,SLBIC,75.0,% of 100 cm2 inside-containment steam-line break,validation,NPPAD_README_case_number
severity_blocked,high_block,,SLBIC_76,SLBIC,76.0,% of 100 cm2 inside-containment steam-line break,validation,NPPAD_README_case_number
severity_blocked,high_block,,SLBIC_77,SLBIC,77.0,% of 100 cm2 inside-containment steam-line break,validation,NPPAD_README_case_number
severity_blocked,high_block,,SLBIC_78,SLBIC,78.0,% of 100 cm2 inside-containment steam-line break,validation,NPPAD_README_case_number
severity_blocked,high_block,,SLBIC_79,SLBIC,79.0,% of 100 cm2 inside-containment steam-line break,validation,NPPAD_README_case_number
severity_blocked,high_block,,SLBIC_80,SLBIC,80.0,% of 100 cm2 inside-containment steam-line break,validation,NPPAD_README_case_number
severity_blocked,high_block,,SLBIC_81,SLBIC,81.0,% of 100 cm2 inside-containment steam-line break,validation,NPPAD_README_case_number
severity_blocked,high_block,,SLBIC_82,SLBIC,82.0,% of 100 cm2 inside-containment steam-line break,validation,NPPAD_README_case_number
severity_blocked,high_block,,SLBIC_84,SLBIC,84.0,% of 100 cm2 inside-containment steam-line break,test,NPPAD_README_case_number
severity_blocked,high_block,,SLBIC_85,SLBIC,85.0,% of 100 cm2 inside-containment steam-line break,test,NPPAD_README_case_number
severity_blocked,high_block,,SLBIC_86,SLBIC,86.0,% of 100 cm2 inside-containment steam-line break,test,NPPAD_README_case_number
severity_blocked,high_block,,SLBIC_87,SLBIC,87.0,% of 100 cm2 inside-containment steam-line break,test,NPPAD_README_case_number
severity_blocked,high_block,,SLBIC_88,SLBIC,88.0,% of 100 cm2 inside-containment steam-line break,test,NPPAD_README_case_number
severity_blocked,high_block,,SLBIC_89,SLBIC,89.0,% of 100 cm2 inside-containment steam-line break,test,NPPAD_README_case_number
severity_blocked,high_block,,SLBIC_90,SLBIC,90.0,% of 100 cm2 inside-containment steam-line break,test,NPPAD_README_case_number
severity_blocked,high_block,,SLBIC_91,SLBIC,91.0,% of 100 cm2 inside-containment steam-line break,test,NPPAD_README_case_number
severity_blocked,high_block,,SLBIC_92,SLBIC,92.0,% of 100 cm2 inside-containment steam-line break,test,NPPAD_README_case_number
severity_blocked,high_block,,SLBIC_93,SLBIC,93.0,% of 100 cm2 inside-containment steam-line break,test,NPPAD_README_case_number
severity_blocked,high_block,,SLBIC_94,SLBIC,94.0,% of 100 cm2 inside-containment steam-line break,test,NPPAD_README_case_number
severity_blocked,high_block,,SLBIC_95,SLBIC,95.0,% of 100 cm2 inside-containment steam-line break,test,NPPAD_README_case_number
severity_blocked,high_block,,SLBIC_96,SLBIC,96.0,% of 100 cm2 inside-containment steam-line break,test,NPPAD_README_case_number
severity_blocked,high_block,,SLBIC_97,SLBIC,97.0,% of 100 cm2 inside-containment steam-line break,test,NPPAD_README_case_number
severity_blocked,high_block,,SLBIC_98,SLBIC,98.0,% of 100 cm2 inside-containment steam-line break,test,NPPAD_README_case_number
severity_blocked,high_block,,SLBIC_99,SLBIC,99.0,% of 100 cm2 inside-containment steam-line break,test,NPPAD_README_case_number
severity_blocked,high_block,,SLBIC_100,SLBIC,100.0,% of 100 cm2 inside-containment steam-line break,test,NPPAD_README_case_number
severity_blocked,high_block,,SLBIC_101,SLBIC,101.0,% of 100 cm2 inside-containment steam-line break,test,NPPAD_README_case_number
severity_blocked,high_block,,SLBIC_83,SLBIC,83.0,% of 100 cm2 inside-containment steam-line break,gap_excluded,NPPAD_README_case_number
severity_extrapolation,low_train_to_high_test,,FLB_2,FLB,2.0,% of 100 cm2 feedwater-line break,train,NPPAD_README_case_number
severity_extrapolation,low_train_to_high_test,,FLB_3,FLB,3.0,% of 100 cm2 feedwater-line break,train,NPPAD_README_case_number
severity_extrapolation,low_train_to_high_test,,FLB_4,FLB,4.0,% of 100 cm2 feedwater-line break,train,NPPAD_README_case_number
severity_extrapolation,low_train_to_high_test,,FLB_5,FLB,5.0,% of 100 cm2 feedwater-line break,train,NPPAD_README_case_number
severity_extrapolation,low_train_to_high_test,,FLB_6,FLB,6.0,% of 100 cm2 feedwater-line break,train,NPPAD_README_case_number
severity_extrapolation,low_train_to_high_test,,FLB_7,FLB,7.0,% of 100 cm2 feedwater-line break,train,NPPAD_README_case_number
severity_extrapolation,low_train_to_high_test,,FLB_8,FLB,8.0,% of 100 cm2 feedwater-line break,train,NPPAD_README_case_number
severity_extrapolation,low_train_to_high_test,,FLB_9,FLB,9.0,% of 100 cm2 feedwater-line break,train,NPPAD_README_case_number
severity_extrapolation,low_train_to_high_test,,FLB_10,FLB,10.0,% of 100 cm2 feedwater-line break,train,NPPAD_README_case_number
severity_extrapolation,low_train_to_high_test,,FLB_11,FLB,11.0,% of 100 cm2 feedwater-line break,train,NPPAD_README_case_number
severity_extrapolation,low_train_to_high_test,,FLB_12,FLB,12.0,% of 100 cm2 feedwater-line break,train,NPPAD_README_case_number
severity_extrapolation,low_train_to_high_test,,FLB_13,FLB,13.0,% of 100 cm2 feedwater-line break,train,NPPAD_README_case_number
severity_extrapolation,low_train_to_high_test,,FLB_14,FLB,14.0,% of 100 cm2 feedwater-line break,train,NPPAD_README_case_number
severity_extrapolation,low_train_to_high_test,,FLB_15,FLB,15.0,% of 100 cm2 feedwater-line break,train,NPPAD_README_case_number
severity_extrapolation,low_train_to_high_test,,FLB_16,FLB,16.0,% of 100 cm2 feedwater-line break,train,NPPAD_README_case_number
severity_extrapolation,low_train_to_high_test,,FLB_17,FLB,17.0,% of 100 cm2 feedwater-line break,train,NPPAD_README_case_number
severity_extrapolation,low_train_to_high_test,,FLB_18,FLB,18.0,% of 100 cm2 feedwater-line break,train,NPPAD_README_case_number
severity_extrapolation,low_train_to_high_test,,FLB_19,FLB,19.0,% of 100 cm2 feedwater-line break,train,NPPAD_README_case_number
severity_extrapolation,low_train_to_high_test,,FLB_20,FLB,20.0,% of 100 cm2 feedwater-line break,train,NPPAD_README_case_number
severity_extrapolation,low_train_to_high_test,,FLB_21,FLB,21.0,% of 100 cm2 feedwater-line break,train,NPPAD_README_case_number
severity_extrapolation,low_train_to_high_test,,FLB_22,FLB,22.0,% of 100 cm2 feedwater-line break,train,NPPAD_README_case_number
severity_extrapolation,low_train_to_high_test,,FLB_23,FLB,23.0,% of 100 cm2 feedwater-line break,train,NPPAD_README_case_number
severity_extrapolation,low_train_to_high_test,,FLB_24,FLB,24.0,% of 100 cm2 feedwater-line break,train,NPPAD_README_case_number
severity_extrapolation,low_train_to_high_test,,FLB_25,FLB,25.0,% of 100 cm2 feedwater-line break,train,NPPAD_README_case_number
severity_extrapolation,low_train_to_high_test,,FLB_26,FLB,26.0,% of 100 cm2 feedwater-line break,train,NPPAD_README_case_number
severity_extrapolation,low_train_to_high_test,,FLB_27,FLB,27.0,% of 100 cm2 feedwater-line break,train,NPPAD_README_case_number
severity_extrapolation,low_train_to_high_test,,FLB_28,FLB,28.0,% of 100 cm2 feedwater-line break,train,NPPAD_README_case_number
severity_extrapolation,low_train_to_high_test,,FLB_29,FLB,29.0,% of 100 cm2 feedwater-line break,train,NPPAD_README_case_number
severity_extrapolation,low_train_to_high_test,,FLB_30,FLB,30.0,% of 100 cm2 feedwater-line break,train,NPPAD_README_case_number
severity_extrapolation,low_train_to_high_test,,FLB_31,FLB,31.0,% of 100 cm2 feedwater-line break,train,NPPAD_README_case_number
severity_extrapolation,low_train_to_high_test,,FLB_32,FLB,32.0,% of 100 cm2 feedwater-line break,train,NPPAD_README_case_number
severity_extrapolation,low_train_to_high_test,,FLB_33,FLB,33.0,% of 100 cm2 feedwater-line break,train,NPPAD_README_case_number
severity_extrapolation,low_train_to_high_test,,FLB_34,FLB,34.0,% of 100 cm2 feedwater-line break,train,NPPAD_README_case_number
severity_extrapolation,low_train_to_high_test,,FLB_35,FLB,35.0,% of 100 cm2 feedwater-line break,train,NPPAD_README_case_number
severity_extrapolation,low_train_to_high_test,,FLB_36,FLB,36.0,% of 100 cm2 feedwater-line break,train,NPPAD_README_case_number
severity_extrapolation,low_train_to_high_test,,FLB_37,FLB,37.0,% of 100 cm2 feedwater-line break,train,NPPAD_README_case_number
severity_extrapolation,low_train_to_high_test,,FLB_38,FLB,38.0,% of 100 cm2 feedwater-line break,train,NPPAD_README_case_number
severity_extrapolation,low_train_to_high_test,,FLB_39,FLB,39.0,% of 100 cm2 feedwater-line break,train,NPPAD_README_case_number
severity_extrapolation,low_train_to_high_test,,FLB_40,FLB,40.0,% of 100 cm2 feedwater-line break,train,NPPAD_README_case_number
severity_extrapolation,low_train_to_high_test,,FLB_41,FLB,41.0,% of 100 cm2 feedwater-line break,train,NPPAD_README_case_number
severity_extrapolation,low_train_to_high_test,,FLB_42,FLB,42.0,% of 100 cm2 feedwater-line break,train,NPPAD_README_case_number
severity_extrapolation,low_train_to_high_test,,FLB_43,FLB,43.0,% of 100 cm2 feedwater-line break,train,NPPAD_README_case_number
severity_extrapolation,low_train_to_high_test,,FLB_44,FLB,44.0,% of 100 cm2 feedwater-line break,train,NPPAD_README_case_number
severity_extrapolation,low_train_to_high_test,,FLB_45,FLB,45.0,% of 100 cm2 feedwater-line break,train,NPPAD_README_case_number
severity_extrapolation,low_train_to_high_test,,FLB_46,FLB,46.0,% of 100 cm2 feedwater-line break,train,NPPAD_README_case_number
severity_extrapolation,low_train_to_high_test,,FLB_47,FLB,47.0,% of 100 cm2 feedwater-line break,train,NPPAD_README_case_number
severity_extrapolation,low_train_to_high_test,,FLB_48,FLB,48.0,% of 100 cm2 feedwater-line break,train,NPPAD_README_case_number
severity_extrapolation,low_train_to_high_test,,FLB_49,FLB,49.0,% of 100 cm2 feedwater-line break,train,NPPAD_README_case_number
severity_extrapolation,low_train_to_high_test,,FLB_50,FLB,50.0,% of 100 cm2 feedwater-line break,train,NPPAD_README_case_number
severity_extrapolation,low_train_to_high_test,,FLB_51,FLB,51.0,% of 100 cm2 feedwater-line break,train,NPPAD_README_case_number
severity_extrapolation,low_train_to_high_test,,FLB_52,FLB,52.0,% of 100 cm2 feedwater-line break,train,NPPAD_README_case_number
severity_extrapolation,low_train_to_high_test,,FLB_53,FLB,53.0,% of 100 cm2 feedwater-line break,train,NPPAD_README_case_number
severity_extrapolation,low_train_to_high_test,,FLB_54,FLB,54.0,% of 100 cm2 feedwater-line break,train,NPPAD_README_case_number
severity_extrapolation,low_train_to_high_test,,FLB_55,FLB,55.0,% of 100 cm2 feedwater-line break,train,NPPAD_README_case_number
severity_extrapolation,low_train_to_high_test,,FLB_56,FLB,56.0,% of 100 cm2 feedwater-line break,train,NPPAD_README_case_number
severity_extrapolation,low_train_to_high_test,,FLB_57,FLB,57.0,% of 100 cm2 feedwater-line break,train,NPPAD_README_case_number
severity_extrapolation,low_train_to_high_test,,FLB_58,FLB,58.0,% of 100 cm2 feedwater-line break,train,NPPAD_README_case_number
severity_extrapolation,low_train_to_high_test,,FLB_59,FLB,59.0,% of 100 cm2 feedwater-line break,train,NPPAD_README_case_number
severity_extrapolation,low_train_to_high_test,,FLB_60,FLB,60.0,% of 100 cm2 feedwater-line break,train,NPPAD_README_case_number
severity_extrapolation,low_train_to_high_test,,FLB_61,FLB,61.0,% of 100 cm2 feedwater-line break,train,NPPAD_README_case_number
severity_extrapolation,low_train_to_high_test,,FLB_62,FLB,62.0,% of 100 cm2 feedwater-line break,train,NPPAD_README_case_number
severity_extrapolation,low_train_to_high_test,,FLB_63,FLB,63.0,% of 100 cm2 feedwater-line break,train,NPPAD_README_case_number
severity_extrapolation,low_train_to_high_test,,FLB_64,FLB,64.0,% of 100 cm2 feedwater-line break,validation,NPPAD_README_case_number
severity_extrapolation,low_train_to_high_test,,FLB_65,FLB,65.0,% of 100 cm2 feedwater-line break,validation,NPPAD_README_case_number
severity_extrapolation,low_train_to_high_test,,FLB_66,FLB,66.0,% of 100 cm2 feedwater-line break,validation,NPPAD_README_case_number
severity_extrapolation,low_train_to_high_test,,FLB_67,FLB,67.0,% of 100 cm2 feedwater-line break,validation,NPPAD_README_case_number
severity_extrapolation,low_train_to_high_test,,FLB_68,FLB,68.0,% of 100 cm2 feedwater-line break,validation,NPPAD_README_case_number
severity_extrapolation,low_train_to_high_test,,FLB_69,FLB,69.0,% of 100 cm2 feedwater-line break,validation,NPPAD_README_case_number
severity_extrapolation,low_train_to_high_test,,FLB_70,FLB,70.0,% of 100 cm2 feedwater-line break,validation,NPPAD_README_case_number
severity_extrapolation,low_train_to_high_test,,FLB_71,FLB,71.0,% of 100 cm2 feedwater-line break,validation,NPPAD_README_case_number
severity_extrapolation,low_train_to_high_test,,FLB_72,FLB,72.0,% of 100 cm2 feedwater-line break,validation,NPPAD_README_case_number
severity_extrapolation,low_train_to_high_test,,FLB_73,FLB,73.0,% of 100 cm2 feedwater-line break,validation,NPPAD_README_case_number
severity_extrapolation,low_train_to_high_test,,FLB_74,FLB,74.0,% of 100 cm2 feedwater-line break,validation,NPPAD_README_case_number
severity_extrapolation,low_train_to_high_test,,FLB_75,FLB,75.0,% of 100 cm2 feedwater-line break,validation,NPPAD_README_case_number
severity_extrapolation,low_train_to_high_test,,FLB_76,FLB,76.0,% of 100 cm2 feedwater-line break,validation,NPPAD_README_case_number
severity_extrapolation,low_train_to_high_test,,FLB_77,FLB,77.0,% of 100 cm2 feedwater-line break,validation,NPPAD_README_case_number
severity_extrapolation,low_train_to_high_test,,FLB_78,FLB,78.0,% of 100 cm2 feedwater-line break,validation,NPPAD_README_case_number
severity_extrapolation,low_train_to_high_test,,FLB_79,FLB,79.0,% of 100 cm2 feedwater-line break,validation,NPPAD_README_case_number
severity_extrapolation,low_train_to_high_test,,FLB_81,FLB,81.0,% of 100 cm2 feedwater-line break,test,NPPAD_README_case_number
severity_extrapolation,low_train_to_high_test,,FLB_82,FLB,82.0,% of 100 cm2 feedwater-line break,test,NPPAD_README_case_number
severity_extrapolation,low_train_to_high_test,,FLB_83,FLB,83.0,% of 100 cm2 feedwater-line break,test,NPPAD_README_case_number
severity_extrapolation,low_train_to_high_test,,FLB_84,FLB,84.0,% of 100 cm2 feedwater-line break,test,NPPAD_README_case_number
severity_extrapolation,low_train_to_high_test,,FLB_85,FLB,85.0,% of 100 cm2 feedwater-line break,test,NPPAD_README_case_number
severity_extrapolation,low_train_to_high_test,,FLB_86,FLB,86.0,% of 100 cm2 feedwater-line break,test,NPPAD_README_case_number
severity_extrapolation,low_train_to_high_test,,FLB_87,FLB,87.0,% of 100 cm2 feedwater-line break,test,NPPAD_README_case_number
severity_extrapolation,low_train_to_high_test,,FLB_88,FLB,88.0,% of 100 cm2 feedwater-line break,test,NPPAD_README_case_number
severity_extrapolation,low_train_to_high_test,,FLB_89,FLB,89.0,% of 100 cm2 feedwater-line break,test,NPPAD_README_case_number
severity_extrapolation,low_train_to_high_test,,FLB_90,FLB,90.0,% of 100 cm2 feedwater-line break,test,NPPAD_README_case_number
severity_extrapolation,low_train_to_high_test,,FLB_91,FLB,91.0,% of 100 cm2 feedwater-line break,test,NPPAD_README_case_number
severity_extrapolation,low_train_to_high_test,,FLB_92,FLB,92.0,% of 100 cm2 feedwater-line break,test,NPPAD_README_case_number
severity_extrapolation,low_train_to_high_test,,FLB_93,FLB,93.0,% of 100 cm2 feedwater-line break,test,NPPAD_README_case_number
severity_extrapolation,low_train_to_high_test,,FLB_94,FLB,94.0,% of 100 cm2 feedwater-line break,test,NPPAD_README_case_number
severity_extrapolation,low_train_to_high_test,,FLB_95,FLB,95.0,% of 100 cm2 feedwater-line break,test,NPPAD_README_case_number
severity_extrapolation,low_train_to_high_test,,FLB_96,FLB,96.0,% of 100 cm2 feedwater-line break,test,NPPAD_README_case_number
severity_extrapolation,low_train_to_high_test,,FLB_97,FLB,97.0,% of 100 cm2 feedwater-line break,test,NPPAD_README_case_number
severity_extrapolation,low_train_to_high_test,,FLB_98,FLB,98.0,% of 100 cm2 feedwater-line break,test,NPPAD_README_case_number
severity_extrapolation,low_train_to_high_test,,FLB_99,FLB,99.0,% of 100 cm2 feedwater-line break,test,NPPAD_README_case_number
severity_extrapolation,low_train_to_high_test,,FLB_100,FLB,100.0,% of 100 cm2 feedwater-line break,test,NPPAD_README_case_number
severity_extrapolation,low_train_to_high_test,,FLB_80,FLB,80.0,% of 100 cm2 feedwater-line break,gap_excluded,NPPAD_README_case_number
severity_extrapolation,low_train_to_high_test,,LOCA_1,LOCA,1.0,% of 100 cm2 hot-leg break,train,NPPAD_README_case_number
severity_extrapolation,low_train_to_high_test,,LOCA_2,LOCA,2.0,% of 100 cm2 hot-leg break,train,NPPAD_README_case_number
severity_extrapolation,low_train_to_high_test,,LOCA_3,LOCA,3.0,% of 100 cm2 hot-leg break,train,NPPAD_README_case_number
severity_extrapolation,low_train_to_high_test,,LOCA_4,LOCA,4.0,% of 100 cm2 hot-leg break,train,NPPAD_README_case_number
severity_extrapolation,low_train_to_high_test,,LOCA_5,LOCA,5.0,% of 100 cm2 hot-leg break,train,NPPAD_README_case_number
severity_extrapolation,low_train_to_high_test,,LOCA_6,LOCA,6.0,% of 100 cm2 hot-leg break,train,NPPAD_README_case_number
severity_extrapolation,low_train_to_high_test,,LOCA_7,LOCA,7.0,% of 100 cm2 hot-leg break,train,NPPAD_README_case_number
severity_extrapolation,low_train_to_high_test,,LOCA_8,LOCA,8.0,% of 100 cm2 hot-leg break,train,NPPAD_README_case_number
severity_extrapolation,low_train_to_high_test,,LOCA_9,LOCA,9.0,% of 100 cm2 hot-leg break,train,NPPAD_README_case_number
severity_extrapolation,low_train_to_high_test,,LOCA_10,LOCA,10.0,% of 100 cm2 hot-leg break,train,NPPAD_README_case_number
severity_extrapolation,low_train_to_high_test,,LOCA_11,LOCA,11.0,% of 100 cm2 hot-leg break,train,NPPAD_README_case_number
severity_extrapolation,low_train_to_high_test,,LOCA_12,LOCA,12.0,% of 100 cm2 hot-leg break,train,NPPAD_README_case_number
severity_extrapolation,low_train_to_high_test,,LOCA_13,LOCA,13.0,% of 100 cm2 hot-leg break,train,NPPAD_README_case_number
severity_extrapolation,low_train_to_high_test,,LOCA_14,LOCA,14.0,% of 100 cm2 hot-leg break,train,NPPAD_README_case_number
severity_extrapolation,low_train_to_high_test,,LOCA_15,LOCA,15.0,% of 100 cm2 hot-leg break,train,NPPAD_README_case_number
severity_extrapolation,low_train_to_high_test,,LOCA_16,LOCA,16.0,% of 100 cm2 hot-leg break,train,NPPAD_README_case_number
severity_extrapolation,low_train_to_high_test,,LOCA_17,LOCA,17.0,% of 100 cm2 hot-leg break,train,NPPAD_README_case_number
severity_extrapolation,low_train_to_high_test,,LOCA_18,LOCA,18.0,% of 100 cm2 hot-leg break,train,NPPAD_README_case_number
severity_extrapolation,low_train_to_high_test,,LOCA_19,LOCA,19.0,% of 100 cm2 hot-leg break,train,NPPAD_README_case_number
severity_extrapolation,low_train_to_high_test,,LOCA_20,LOCA,20.0,% of 100 cm2 hot-leg break,train,NPPAD_README_case_number
severity_extrapolation,low_train_to_high_test,,LOCA_21,LOCA,21.0,% of 100 cm2 hot-leg break,train,NPPAD_README_case_number
severity_extrapolation,low_train_to_high_test,,LOCA_22,LOCA,22.0,% of 100 cm2 hot-leg break,train,NPPAD_README_case_number
severity_extrapolation,low_train_to_high_test,,LOCA_23,LOCA,23.0,% of 100 cm2 hot-leg break,train,NPPAD_README_case_number
severity_extrapolation,low_train_to_high_test,,LOCA_24,LOCA,24.0,% of 100 cm2 hot-leg break,train,NPPAD_README_case_number
severity_extrapolation,low_train_to_high_test,,LOCA_25,LOCA,25.0,% of 100 cm2 hot-leg break,train,NPPAD_README_case_number
severity_extrapolation,low_train_to_high_test,,LOCA_26,LOCA,26.0,% of 100 cm2 hot-leg break,train,NPPAD_README_case_number
severity_extrapolation,low_train_to_high_test,,LOCA_27,LOCA,27.0,% of 100 cm2 hot-leg break,train,NPPAD_README_case_number
severity_extrapolation,low_train_to_high_test,,LOCA_28,LOCA,28.0,% of 100 cm2 hot-leg break,train,NPPAD_README_case_number
severity_extrapolation,low_train_to_high_test,,LOCA_29,LOCA,29.0,% of 100 cm2 hot-leg break,train,NPPAD_README_case_number
severity_extrapolation,low_train_to_high_test,,LOCA_30,LOCA,30.0,% of 100 cm2 hot-leg break,train,NPPAD_README_case_number
severity_extrapolation,low_train_to_high_test,,LOCA_31,LOCA,31.0,% of 100 cm2 hot-leg break,train,NPPAD_README_case_number
severity_extrapolation,low_train_to_high_test,,LOCA_32,LOCA,32.0,% of 100 cm2 hot-leg break,train,NPPAD_README_case_number
severity_extrapolation,low_train_to_high_test,,LOCA_33,LOCA,33.0,% of 100 cm2 hot-leg break,train,NPPAD_README_case_number
severity_extrapolation,low_train_to_high_test,,LOCA_34,LOCA,34.0,% of 100 cm2 hot-leg break,train,NPPAD_README_case_number
severity_extrapolation,low_train_to_high_test,,LOCA_35,LOCA,35.0,% of 100 cm2 hot-leg break,train,NPPAD_README_case_number
severity_extrapolation,low_train_to_high_test,,LOCA_36,LOCA,36.0,% of 100 cm2 hot-leg break,train,NPPAD_README_case_number
severity_extrapolation,low_train_to_high_test,,LOCA_37,LOCA,37.0,% of 100 cm2 hot-leg break,train,NPPAD_README_case_number
severity_extrapolation,low_train_to_high_test,,LOCA_38,LOCA,38.0,% of 100 cm2 hot-leg break,train,NPPAD_README_case_number
severity_extrapolation,low_train_to_high_test,,LOCA_39,LOCA,39.0,% of 100 cm2 hot-leg break,train,NPPAD_README_case_number
severity_extrapolation,low_train_to_high_test,,LOCA_40,LOCA,40.0,% of 100 cm2 hot-leg break,train,NPPAD_README_case_number
severity_extrapolation,low_train_to_high_test,,LOCA_41,LOCA,41.0,% of 100 cm2 hot-leg break,train,NPPAD_README_case_number
severity_extrapolation,low_train_to_high_test,,LOCA_42,LOCA,42.0,% of 100 cm2 hot-leg break,train,NPPAD_README_case_number
severity_extrapolation,low_train_to_high_test,,LOCA_44,LOCA,44.0,% of 100 cm2 hot-leg break,train,NPPAD_README_case_number
severity_extrapolation,low_train_to_high_test,,LOCA_45,LOCA,45.0,% of 100 cm2 hot-leg break,train,NPPAD_README_case_number
severity_extrapolation,low_train_to_high_test,,LOCA_46,LOCA,46.0,% of 100 cm2 hot-leg break,train,NPPAD_README_case_number
severity_extrapolation,low_train_to_high_test,,LOCA_47,LOCA,47.0,% of 100 cm2 hot-leg break,train,NPPAD_README_case_number
severity_extrapolation,low_train_to_high_test,,LOCA_48,LOCA,48.0,% of 100 cm2 hot-leg break,train,NPPAD_README_case_number
severity_extrapolation,low_train_to_high_test,,LOCA_49,LOCA,49.0,% of 100 cm2 hot-leg break,validation,NPPAD_README_case_number
severity_extrapolation,low_train_to_high_test,,LOCA_50,LOCA,50.0,% of 100 cm2 hot-leg break,validation,NPPAD_README_case_number
severity_extrapolation,low_train_to_high_test,,LOCA_51,LOCA,51.0,% of 100 cm2 hot-leg break,validation,NPPAD_README_case_number
severity_extrapolation,low_train_to_high_test,,LOCA_52,LOCA,52.0,% of 100 cm2 hot-leg break,validation,NPPAD_README_case_number
severity_extrapolation,low_train_to_high_test,,LOCA_53,LOCA,53.0,% of 100 cm2 hot-leg break,validation,NPPAD_README_case_number
severity_extrapolation,low_train_to_high_test,,LOCA_54,LOCA,54.0,% of 100 cm2 hot-leg break,validation,NPPAD_README_case_number
severity_extrapolation,low_train_to_high_test,,LOCA_55,LOCA,55.0,% of 100 cm2 hot-leg break,validation,NPPAD_README_case_number
severity_extrapolation,low_train_to_high_test,,LOCA_56,LOCA,56.0,% of 100 cm2 hot-leg break,validation,NPPAD_README_case_number
severity_extrapolation,low_train_to_high_test,,LOCA_57,LOCA,57.0,% of 100 cm2 hot-leg break,validation,NPPAD_README_case_number
severity_extrapolation,low_train_to_high_test,,LOCA_58,LOCA,58.0,% of 100 cm2 hot-leg break,validation,NPPAD_README_case_number
severity_extrapolation,low_train_to_high_test,,LOCA_59,LOCA,59.0,% of 100 cm2 hot-leg break,validation,NPPAD_README_case_number
severity_extrapolation,low_train_to_high_test,,LOCA_60,LOCA,60.0,% of 100 cm2 hot-leg break,validation,NPPAD_README_case_number
severity_extrapolation,low_train_to_high_test,,LOCA_62,LOCA,62.0,% of 100 cm2 hot-leg break,test,NPPAD_README_case_number
severity_extrapolation,low_train_to_high_test,,LOCA_63,LOCA,63.0,% of 100 cm2 hot-leg break,test,NPPAD_README_case_number
severity_extrapolation,low_train_to_high_test,,LOCA_64,LOCA,64.0,% of 100 cm2 hot-leg break,test,NPPAD_README_case_number
severity_extrapolation,low_train_to_high_test,,LOCA_65,LOCA,65.0,% of 100 cm2 hot-leg break,test,NPPAD_README_case_number
severity_extrapolation,low_train_to_high_test,,LOCA_66,LOCA,66.0,% of 100 cm2 hot-leg break,test,NPPAD_README_case_number
severity_extrapolation,low_train_to_high_test,,LOCA_67,LOCA,67.0,% of 100 cm2 hot-leg break,test,NPPAD_README_case_number
severity_extrapolation,low_train_to_high_test,,LOCA_68,LOCA,68.0,% of 100 cm2 hot-leg break,test,NPPAD_README_case_number
severity_extrapolation,low_train_to_high_test,,LOCA_69,LOCA,69.0,% of 100 cm2 hot-leg break,test,NPPAD_README_case_number
severity_extrapolation,low_train_to_high_test,,LOCA_70,LOCA,70.0,% of 100 cm2 hot-leg break,test,NPPAD_README_case_number
severity_extrapolation,low_train_to_high_test,,LOCA_71,LOCA,71.0,% of 100 cm2 hot-leg break,test,NPPAD_README_case_number
severity_extrapolation,low_train_to_high_test,,LOCA_72,LOCA,72.0,% of 100 cm2 hot-leg break,test,NPPAD_README_case_number
severity_extrapolation,low_train_to_high_test,,LOCA_73,LOCA,73.0,% of 100 cm2 hot-leg break,test,NPPAD_README_case_number
severity_extrapolation,low_train_to_high_test,,LOCA_74,LOCA,74.0,% of 100 cm2 hot-leg break,test,NPPAD_README_case_number
severity_extrapolation,low_train_to_high_test,,LOCA_75,LOCA,75.0,% of 100 cm2 hot-leg break,test,NPPAD_README_case_number
severity_extrapolation,low_train_to_high_test,,LOCA_76,LOCA,76.0,% of 100 cm2 hot-leg break,test,NPPAD_README_case_number
severity_extrapolation,low_train_to_high_test,,LOCA_77,LOCA,77.0,% of 100 cm2 hot-leg break,test,NPPAD_README_case_number
severity_extrapolation,low_train_to_high_test,,LOCA_61,LOCA,61.0,% of 100 cm2 hot-leg break,gap_excluded,NPPAD_README_case_number
severity_extrapolation,low_train_to_high_test,,LOCAC_1,LOCAC,1.0,% of 100 cm2 cold-leg break,train,NPPAD_README_case_number
severity_extrapolation,low_train_to_high_test,,LOCAC_2,LOCAC,2.0,% of 100 cm2 cold-leg break,train,NPPAD_README_case_number
severity_extrapolation,low_train_to_high_test,,LOCAC_3,LOCAC,3.0,% of 100 cm2 cold-leg break,train,NPPAD_README_case_number
severity_extrapolation,low_train_to_high_test,,LOCAC_4,LOCAC,4.0,% of 100 cm2 cold-leg break,train,NPPAD_README_case_number
severity_extrapolation,low_train_to_high_test,,LOCAC_5,LOCAC,5.0,% of 100 cm2 cold-leg break,train,NPPAD_README_case_number
severity_extrapolation,low_train_to_high_test,,LOCAC_6,LOCAC,6.0,% of 100 cm2 cold-leg break,train,NPPAD_README_case_number
severity_extrapolation,low_train_to_high_test,,LOCAC_7,LOCAC,7.0,% of 100 cm2 cold-leg break,train,NPPAD_README_case_number
severity_extrapolation,low_train_to_high_test,,LOCAC_8,LOCAC,8.0,% of 100 cm2 cold-leg break,train,NPPAD_README_case_number
severity_extrapolation,low_train_to_high_test,,LOCAC_9,LOCAC,9.0,% of 100 cm2 cold-leg break,train,NPPAD_README_case_number
severity_extrapolation,low_train_to_high_test,,LOCAC_10,LOCAC,10.0,% of 100 cm2 cold-leg break,train,NPPAD_README_case_number
severity_extrapolation,low_train_to_high_test,,LOCAC_11,LOCAC,11.0,% of 100 cm2 cold-leg break,train,NPPAD_README_case_number
severity_extrapolation,low_train_to_high_test,,LOCAC_12,LOCAC,12.0,% of 100 cm2 cold-leg break,train,NPPAD_README_case_number
severity_extrapolation,low_train_to_high_test,,LOCAC_13,LOCAC,13.0,% of 100 cm2 cold-leg break,train,NPPAD_README_case_number
severity_extrapolation,low_train_to_high_test,,LOCAC_14,LOCAC,14.0,% of 100 cm2 cold-leg break,train,NPPAD_README_case_number
severity_extrapolation,low_train_to_high_test,,LOCAC_15,LOCAC,15.0,% of 100 cm2 cold-leg break,train,NPPAD_README_case_number
severity_extrapolation,low_train_to_high_test,,LOCAC_16,LOCAC,16.0,% of 100 cm2 cold-leg break,train,NPPAD_README_case_number
severity_extrapolation,low_train_to_high_test,,LOCAC_17,LOCAC,17.0,% of 100 cm2 cold-leg break,train,NPPAD_README_case_number
severity_extrapolation,low_train_to_high_test,,LOCAC_18,LOCAC,18.0,% of 100 cm2 cold-leg break,train,NPPAD_README_case_number
severity_extrapolation,low_train_to_high_test,,LOCAC_19,LOCAC,19.0,% of 100 cm2 cold-leg break,train,NPPAD_README_case_number
severity_extrapolation,low_train_to_high_test,,LOCAC_20,LOCAC,20.0,% of 100 cm2 cold-leg break,train,NPPAD_README_case_number
severity_extrapolation,low_train_to_high_test,,LOCAC_21,LOCAC,21.0,% of 100 cm2 cold-leg break,train,NPPAD_README_case_number
severity_extrapolation,low_train_to_high_test,,LOCAC_22,LOCAC,22.0,% of 100 cm2 cold-leg break,train,NPPAD_README_case_number
severity_extrapolation,low_train_to_high_test,,LOCAC_23,LOCAC,23.0,% of 100 cm2 cold-leg break,train,NPPAD_README_case_number
severity_extrapolation,low_train_to_high_test,,LOCAC_24,LOCAC,24.0,% of 100 cm2 cold-leg break,train,NPPAD_README_case_number
severity_extrapolation,low_train_to_high_test,,LOCAC_25,LOCAC,25.0,% of 100 cm2 cold-leg break,train,NPPAD_README_case_number
severity_extrapolation,low_train_to_high_test,,LOCAC_26,LOCAC,26.0,% of 100 cm2 cold-leg break,train,NPPAD_README_case_number
severity_extrapolation,low_train_to_high_test,,LOCAC_27,LOCAC,27.0,% of 100 cm2 cold-leg break,train,NPPAD_README_case_number
severity_extrapolation,low_train_to_high_test,,LOCAC_28,LOCAC,28.0,% of 100 cm2 cold-leg break,train,NPPAD_README_case_number
severity_extrapolation,low_train_to_high_test,,LOCAC_29,LOCAC,29.0,% of 100 cm2 cold-leg break,train,NPPAD_README_case_number
severity_extrapolation,low_train_to_high_test,,LOCAC_30,LOCAC,30.0,% of 100 cm2 cold-leg break,train,NPPAD_README_case_number
severity_extrapolation,low_train_to_high_test,,LOCAC_31,LOCAC,31.0,% of 100 cm2 cold-leg break,train,NPPAD_README_case_number
severity_extrapolation,low_train_to_high_test,,LOCAC_32,LOCAC,32.0,% of 100 cm2 cold-leg break,train,NPPAD_README_case_number
severity_extrapolation,low_train_to_high_test,,LOCAC_33,LOCAC,33.0,% of 100 cm2 cold-leg break,train,NPPAD_README_case_number
severity_extrapolation,low_train_to_high_test,,LOCAC_34,LOCAC,34.0,% of 100 cm2 cold-leg break,train,NPPAD_README_case_number
severity_extrapolation,low_train_to_high_test,,LOCAC_35,LOCAC,35.0,% of 100 cm2 cold-leg break,train,NPPAD_README_case_number
severity_extrapolation,low_train_to_high_test,,LOCAC_36,LOCAC,36.0,% of 100 cm2 cold-leg break,train,NPPAD_README_case_number
severity_extrapolation,low_train_to_high_test,,LOCAC_37,LOCAC,37.0,% of 100 cm2 cold-leg break,train,NPPAD_README_case_number
severity_extrapolation,low_train_to_high_test,,LOCAC_38,LOCAC,38.0,% of 100 cm2 cold-leg break,train,NPPAD_README_case_number
severity_extrapolation,low_train_to_high_test,,LOCAC_39,LOCAC,39.0,% of 100 cm2 cold-leg break,train,NPPAD_README_case_number
severity_extrapolation,low_train_to_high_test,,LOCAC_40,LOCAC,40.0,% of 100 cm2 cold-leg break,train,NPPAD_README_case_number
severity_extrapolation,low_train_to_high_test,,LOCAC_41,LOCAC,41.0,% of 100 cm2 cold-leg break,train,NPPAD_README_case_number
severity_extrapolation,low_train_to_high_test,,LOCAC_42,LOCAC,42.0,% of 100 cm2 cold-leg break,train,NPPAD_README_case_number
severity_extrapolation,low_train_to_high_test,,LOCAC_43,LOCAC,43.0,% of 100 cm2 cold-leg break,train,NPPAD_README_case_number
severity_extrapolation,low_train_to_high_test,,LOCAC_44,LOCAC,44.0,% of 100 cm2 cold-leg break,train,NPPAD_README_case_number
severity_extrapolation,low_train_to_high_test,,LOCAC_45,LOCAC,45.0,% of 100 cm2 cold-leg break,train,NPPAD_README_case_number
severity_extrapolation,low_train_to_high_test,,LOCAC_46,LOCAC,46.0,% of 100 cm2 cold-leg break,train,NPPAD_README_case_number
severity_extrapolation,low_train_to_high_test,,LOCAC_47,LOCAC,47.0,% of 100 cm2 cold-leg break,train,NPPAD_README_case_number
severity_extrapolation,low_train_to_high_test,,LOCAC_48,LOCAC,48.0,% of 100 cm2 cold-leg break,train,NPPAD_README_case_number
severity_extrapolation,low_train_to_high_test,,LOCAC_49,LOCAC,49.0,% of 100 cm2 cold-leg break,train,NPPAD_README_case_number
severity_extrapolation,low_train_to_high_test,,LOCAC_50,LOCAC,50.0,% of 100 cm2 cold-leg break,train,NPPAD_README_case_number
severity_extrapolation,low_train_to_high_test,,LOCAC_51,LOCAC,51.0,% of 100 cm2 cold-leg break,validation,NPPAD_README_case_number
severity_extrapolation,low_train_to_high_test,,LOCAC_52,LOCAC,52.0,% of 100 cm2 cold-leg break,validation,NPPAD_README_case_number
severity_extrapolation,low_train_to_high_test,,LOCAC_53,LOCAC,53.0,% of 100 cm2 cold-leg break,validation,NPPAD_README_case_number
severity_extrapolation,low_train_to_high_test,,LOCAC_54,LOCAC,54.0,% of 100 cm2 cold-leg break,validation,NPPAD_README_case_number
severity_extrapolation,low_train_to_high_test,,LOCAC_55,LOCAC,55.0,% of 100 cm2 cold-leg break,validation,NPPAD_README_case_number
severity_extrapolation,low_train_to_high_test,,LOCAC_56,LOCAC,56.0,% of 100 cm2 cold-leg break,validation,NPPAD_README_case_number
severity_extrapolation,low_train_to_high_test,,LOCAC_57,LOCAC,57.0,% of 100 cm2 cold-leg break,validation,NPPAD_README_case_number
severity_extrapolation,low_train_to_high_test,,LOCAC_58,LOCAC,58.0,% of 100 cm2 cold-leg break,validation,NPPAD_README_case_number
severity_extrapolation,low_train_to_high_test,,LOCAC_59,LOCAC,59.0,% of 100 cm2 cold-leg break,validation,NPPAD_README_case_number
severity_extrapolation,low_train_to_high_test,,LOCAC_60,LOCAC,60.0,% of 100 cm2 cold-leg break,validation,NPPAD_README_case_number
severity_extrapolation,low_train_to_high_test,,LOCAC_61,LOCAC,61.0,% of 100 cm2 cold-leg break,validation,NPPAD_README_case_number
severity_extrapolation,low_train_to_high_test,,LOCAC_62,LOCAC,62.0,% of 100 cm2 cold-leg break,validation,NPPAD_README_case_number
severity_extrapolation,low_train_to_high_test,,LOCAC_64,LOCAC,64.0,% of 100 cm2 cold-leg break,test,NPPAD_README_case_number
severity_extrapolation,low_train_to_high_test,,LOCAC_65,LOCAC,65.0,% of 100 cm2 cold-leg break,test,NPPAD_README_case_number
severity_extrapolation,low_train_to_high_test,,LOCAC_66,LOCAC,66.0,% of 100 cm2 cold-leg break,test,NPPAD_README_case_number
severity_extrapolation,low_train_to_high_test,,LOCAC_67,LOCAC,67.0,% of 100 cm2 cold-leg break,test,NPPAD_README_case_number
severity_extrapolation,low_train_to_high_test,,LOCAC_68,LOCAC,68.0,% of 100 cm2 cold-leg break,test,NPPAD_README_case_number
severity_extrapolation,low_train_to_high_test,,LOCAC_69,LOCAC,69.0,% of 100 cm2 cold-leg break,test,NPPAD_README_case_number
severity_extrapolation,low_train_to_high_test,,LOCAC_70,LOCAC,70.0,% of 100 cm2 cold-leg break,test,NPPAD_README_case_number
severity_extrapolation,low_train_to_high_test,,LOCAC_71,LOCAC,71.0,% of 100 cm2 cold-leg break,test,NPPAD_README_case_number
severity_extrapolation,low_train_to_high_test,,LOCAC_72,LOCAC,72.0,% of 100 cm2 cold-leg break,test,NPPAD_README_case_number
severity_extrapolation,low_train_to_high_test,,LOCAC_73,LOCAC,73.0,% of 100 cm2 cold-leg break,test,NPPAD_README_case_number
severity_extrapolation,low_train_to_high_test,,LOCAC_74,LOCAC,74.0,% of 100 cm2 cold-leg break,test,NPPAD_README_case_number
severity_extrapolation,low_train_to_high_test,,LOCAC_75,LOCAC,75.0,% of 100 cm2 cold-leg break,test,NPPAD_README_case_number
severity_extrapolation,low_train_to_high_test,,LOCAC_76,LOCAC,76.0,% of 100 cm2 cold-leg break,test,NPPAD_README_case_number
severity_extrapolation,low_train_to_high_test,,LOCAC_77,LOCAC,77.0,% of 100 cm2 cold-leg break,test,NPPAD_README_case_number
severity_extrapolation,low_train_to_high_test,,LOCAC_78,LOCAC,78.0,% of 100 cm2 cold-leg break,test,NPPAD_README_case_number
severity_extrapolation,low_train_to_high_test,,LOCAC_79,LOCAC,79.0,% of 100 cm2 cold-leg break,test,NPPAD_README_case_number
severity_extrapolation,low_train_to_high_test,,LOCAC_63,LOCAC,63.0,% of 100 cm2 cold-leg break,gap_excluded,NPPAD_README_case_number
severity_extrapolation,low_train_to_high_test,,LR_70,LR,70.0,% of full load rejected,train,NPPAD_README_case_number
severity_extrapolation,low_train_to_high_test,,LR_71,LR,71.0,% of full load rejected,train,NPPAD_README_case_number
severity_extrapolation,low_train_to_high_test,,LR_72,LR,72.0,% of full load rejected,train,NPPAD_README_case_number
severity_extrapolation,low_train_to_high_test,,LR_73,LR,73.0,% of full load rejected,train,NPPAD_README_case_number
severity_extrapolation,low_train_to_high_test,,LR_74,LR,74.0,% of full load rejected,train,NPPAD_README_case_number
severity_extrapolation,low_train_to_high_test,,LR_75,LR,75.0,% of full load rejected,train,NPPAD_README_case_number
severity_extrapolation,low_train_to_high_test,,LR_76,LR,76.0,% of full load rejected,train,NPPAD_README_case_number
severity_extrapolation,low_train_to_high_test,,LR_77,LR,77.0,% of full load rejected,train,NPPAD_README_case_number
severity_extrapolation,low_train_to_high_test,,LR_78,LR,78.0,% of full load rejected,train,NPPAD_README_case_number
severity_extrapolation,low_train_to_high_test,,LR_79,LR,79.0,% of full load rejected,train,NPPAD_README_case_number
severity_extrapolation,low_train_to_high_test,,LR_80,LR,80.0,% of full load rejected,train,NPPAD_README_case_number
severity_extrapolation,low_train_to_high_test,,LR_81,LR,81.0,% of full load rejected,train,NPPAD_README_case_number
severity_extrapolation,low_train_to_high_test,,LR_82,LR,82.0,% of full load rejected,train,NPPAD_README_case_number
severity_extrapolation,low_train_to_high_test,,LR_83,LR,83.0,% of full load rejected,train,NPPAD_README_case_number
severity_extrapolation,low_train_to_high_test,,LR_84,LR,84.0,% of full load rejected,train,NPPAD_README_case_number
severity_extrapolation,low_train_to_high_test,,LR_85,LR,85.0,% of full load rejected,train,NPPAD_README_case_number
severity_extrapolation,low_train_to_high_test,,LR_86,LR,86.0,% of full load rejected,train,NPPAD_README_case_number
severity_extrapolation,low_train_to_high_test,,LR_87,LR,87.0,% of full load rejected,validation,NPPAD_README_case_number
severity_extrapolation,low_train_to_high_test,,LR_88,LR,88.0,% of full load rejected,validation,NPPAD_README_case_number
severity_extrapolation,low_train_to_high_test,,LR_89,LR,89.0,% of full load rejected,validation,NPPAD_README_case_number
severity_extrapolation,low_train_to_high_test,,LR_90,LR,90.0,% of full load rejected,validation,NPPAD_README_case_number
severity_extrapolation,low_train_to_high_test,,LR_94,LR,94.0,% of full load rejected,test,NPPAD_README_case_number
severity_extrapolation,low_train_to_high_test,,LR_95,LR,95.0,% of full load rejected,test,NPPAD_README_case_number
severity_extrapolation,low_train_to_high_test,,LR_96,LR,96.0,% of full load rejected,test,NPPAD_README_case_number
severity_extrapolation,low_train_to_high_test,,LR_97,LR,97.0,% of full load rejected,test,NPPAD_README_case_number
severity_extrapolation,low_train_to_high_test,,LR_98,LR,98.0,% of full load rejected,test,NPPAD_README_case_number
severity_extrapolation,low_train_to_high_test,,LR_99,LR,99.0,% of full load rejected,test,NPPAD_README_case_number
severity_extrapolation,low_train_to_high_test,,LR_93,LR,93.0,% of full load rejected,gap_excluded,NPPAD_README_case_number
severity_extrapolation,low_train_to_high_test,,RI_-35,RI,-35.0,% of rods inserted,train,NPPAD_README_case_number
severity_extrapolation,low_train_to_high_test,,RI_-34,RI,-34.0,% of rods inserted,train,NPPAD_README_case_number
severity_extrapolation,low_train_to_high_test,,RI_-33,RI,-33.0,% of rods inserted,train,NPPAD_README_case_number
severity_extrapolation,low_train_to_high_test,,RI_-32,RI,-32.0,% of rods inserted,train,NPPAD_README_case_number
severity_extrapolation,low_train_to_high_test,,RI_-31,RI,-31.0,% of rods inserted,train,NPPAD_README_case_number
severity_extrapolation,low_train_to_high_test,,RI_-30,RI,-30.0,% of rods inserted,train,NPPAD_README_case_number
severity_extrapolation,low_train_to_high_test,,RI_-29,RI,-29.0,% of rods inserted,train,NPPAD_README_case_number
severity_extrapolation,low_train_to_high_test,,RI_-28,RI,-28.0,% of rods inserted,train,NPPAD_README_case_number
severity_extrapolation,low_train_to_high_test,,RI_-27,RI,-27.0,% of rods inserted,train,NPPAD_README_case_number
severity_extrapolation,low_train_to_high_test,,RI_-26,RI,-26.0,% of rods inserted,train,NPPAD_README_case_number
severity_extrapolation,low_train_to_high_test,,RI_-25,RI,-25.0,% of rods inserted,train,NPPAD_README_case_number
severity_extrapolation,low_train_to_high_test,,RI_-23,RI,-23.0,% of rods inserted,train,NPPAD_README_case_number
severity_extrapolation,low_train_to_high_test,,RI_-22,RI,-22.0,% of rods inserted,train,NPPAD_README_case_number
severity_extrapolation,low_train_to_high_test,,RI_-21,RI,-21.0,% of rods inserted,train,NPPAD_README_case_number
severity_extrapolation,low_train_to_high_test,,RI_-20,RI,-20.0,% of rods inserted,train,NPPAD_README_case_number
severity_extrapolation,low_train_to_high_test,,RI_-19,RI,-19.0,% of rods inserted,train,NPPAD_README_case_number
severity_extrapolation,low_train_to_high_test,,RI_-18,RI,-18.0,% of rods inserted,train,NPPAD_README_case_number
severity_extrapolation,low_train_to_high_test,,RI_-17,RI,-17.0,% of rods inserted,train,NPPAD_README_case_number
severity_extrapolation,low_train_to_high_test,,RI_-16,RI,-16.0,% of rods inserted,train,NPPAD_README_case_number
severity_extrapolation,low_train_to_high_test,,RI_-15,RI,-15.0,% of rods inserted,train,NPPAD_README_case_number
severity_extrapolation,low_train_to_high_test,,RI_-14,RI,-14.0,% of rods inserted,train,NPPAD_README_case_number
severity_extrapolation,low_train_to_high_test,,RI_-13,RI,-13.0,% of rods inserted,validation,NPPAD_README_case_number
severity_extrapolation,low_train_to_high_test,,RI_-12,RI,-12.0,% of rods inserted,validation,NPPAD_README_case_number
severity_extrapolation,low_train_to_high_test,,RI_-11,RI,-11.0,% of rods inserted,validation,NPPAD_README_case_number
severity_extrapolation,low_train_to_high_test,,RI_-10,RI,-10.0,% of rods inserted,validation,NPPAD_README_case_number
severity_extrapolation,low_train_to_high_test,,RI_-9,RI,-9.0,% of rods inserted,validation,NPPAD_README_case_number
severity_extrapolation,low_train_to_high_test,,RI_-7,RI,-7.0,% of rods inserted,test,NPPAD_README_case_number
severity_extrapolation,low_train_to_high_test,,RI_-6,RI,-6.0,% of rods inserted,test,NPPAD_README_case_number
severity_extrapolation,low_train_to_high_test,,RI_-5,RI,-5.0,% of rods inserted,test,NPPAD_README_case_number
severity_extrapolation,low_train_to_high_test,,RI_-4,RI,-4.0,% of rods inserted,test,NPPAD_README_case_number
severity_extrapolation,low_train_to_high_test,,RI_-3,RI,-3.0,% of rods inserted,test,NPPAD_README_case_number
severity_extrapolation,low_train_to_high_test,,RI_-2,RI,-2.0,% of rods inserted,test,NPPAD_README_case_number
severity_extrapolation,low_train_to_high_test,,RI_-1,RI,-1.0,% of rods inserted,test,NPPAD_README_case_number
severity_extrapolation,low_train_to_high_test,,RI_-8,RI,-8.0,% of rods inserted,gap_excluded,NPPAD_README_case_number
severity_extrapolation,low_train_to_high_test,,SGATR_57,SGATR,57.0,% of one full steam-generator-A tube rupture,train,NPPAD_README_case_number
severity_extrapolation,low_train_to_high_test,,SGATR_58,SGATR,58.0,% of one full steam-generator-A tube rupture,train,NPPAD_README_case_number
severity_extrapolation,low_train_to_high_test,,SGATR_59,SGATR,59.0,% of one full steam-generator-A tube rupture,train,NPPAD_README_case_number
severity_extrapolation,low_train_to_high_test,,SGATR_60,SGATR,60.0,% of one full steam-generator-A tube rupture,train,NPPAD_README_case_number
severity_extrapolation,low_train_to_high_test,,SGATR_61,SGATR,61.0,% of one full steam-generator-A tube rupture,train,NPPAD_README_case_number
severity_extrapolation,low_train_to_high_test,,SGATR_62,SGATR,62.0,% of one full steam-generator-A tube rupture,train,NPPAD_README_case_number
severity_extrapolation,low_train_to_high_test,,SGATR_63,SGATR,63.0,% of one full steam-generator-A tube rupture,train,NPPAD_README_case_number
severity_extrapolation,low_train_to_high_test,,SGATR_64,SGATR,64.0,% of one full steam-generator-A tube rupture,train,NPPAD_README_case_number
severity_extrapolation,low_train_to_high_test,,SGATR_65,SGATR,65.0,% of one full steam-generator-A tube rupture,train,NPPAD_README_case_number
severity_extrapolation,low_train_to_high_test,,SGATR_66,SGATR,66.0,% of one full steam-generator-A tube rupture,train,NPPAD_README_case_number
severity_extrapolation,low_train_to_high_test,,SGATR_67,SGATR,67.0,% of one full steam-generator-A tube rupture,train,NPPAD_README_case_number
severity_extrapolation,low_train_to_high_test,,SGATR_68,SGATR,68.0,% of one full steam-generator-A tube rupture,train,NPPAD_README_case_number
severity_extrapolation,low_train_to_high_test,,SGATR_69,SGATR,69.0,% of one full steam-generator-A tube rupture,train,NPPAD_README_case_number
severity_extrapolation,low_train_to_high_test,,SGATR_70,SGATR,70.0,% of one full steam-generator-A tube rupture,train,NPPAD_README_case_number
severity_extrapolation,low_train_to_high_test,,SGATR_71,SGATR,71.0,% of one full steam-generator-A tube rupture,train,NPPAD_README_case_number
severity_extrapolation,low_train_to_high_test,,SGATR_72,SGATR,72.0,% of one full steam-generator-A tube rupture,train,NPPAD_README_case_number
severity_extrapolation,low_train_to_high_test,,SGATR_73,SGATR,73.0,% of one full steam-generator-A tube rupture,train,NPPAD_README_case_number
severity_extrapolation,low_train_to_high_test,,SGATR_74,SGATR,74.0,% of one full steam-generator-A tube rupture,train,NPPAD_README_case_number
severity_extrapolation,low_train_to_high_test,,SGATR_75,SGATR,75.0,% of one full steam-generator-A tube rupture,train,NPPAD_README_case_number
severity_extrapolation,low_train_to_high_test,,SGATR_76,SGATR,76.0,% of one full steam-generator-A tube rupture,train,NPPAD_README_case_number
severity_extrapolation,low_train_to_high_test,,SGATR_77,SGATR,77.0,% of one full steam-generator-A tube rupture,train,NPPAD_README_case_number
severity_extrapolation,low_train_to_high_test,,SGATR_78,SGATR,78.0,% of one full steam-generator-A tube rupture,train,NPPAD_README_case_number
severity_extrapolation,low_train_to_high_test,,SGATR_79,SGATR,79.0,% of one full steam-generator-A tube rupture,train,NPPAD_README_case_number
severity_extrapolation,low_train_to_high_test,,SGATR_80,SGATR,80.0,% of one full steam-generator-A tube rupture,train,NPPAD_README_case_number
severity_extrapolation,low_train_to_high_test,,SGATR_81,SGATR,81.0,% of one full steam-generator-A tube rupture,train,NPPAD_README_case_number
severity_extrapolation,low_train_to_high_test,,SGATR_82,SGATR,82.0,% of one full steam-generator-A tube rupture,train,NPPAD_README_case_number
severity_extrapolation,low_train_to_high_test,,SGATR_83,SGATR,83.0,% of one full steam-generator-A tube rupture,train,NPPAD_README_case_number
severity_extrapolation,low_train_to_high_test,,SGATR_84,SGATR,84.0,% of one full steam-generator-A tube rupture,validation,NPPAD_README_case_number
severity_extrapolation,low_train_to_high_test,,SGATR_85,SGATR,85.0,% of one full steam-generator-A tube rupture,validation,NPPAD_README_case_number
severity_extrapolation,low_train_to_high_test,,SGATR_86,SGATR,86.0,% of one full steam-generator-A tube rupture,validation,NPPAD_README_case_number
severity_extrapolation,low_train_to_high_test,,SGATR_87,SGATR,87.0,% of one full steam-generator-A tube rupture,validation,NPPAD_README_case_number
severity_extrapolation,low_train_to_high_test,,SGATR_88,SGATR,88.0,% of one full steam-generator-A tube rupture,validation,NPPAD_README_case_number
severity_extrapolation,low_train_to_high_test,,SGATR_89,SGATR,89.0,% of one full steam-generator-A tube rupture,validation,NPPAD_README_case_number
severity_extrapolation,low_train_to_high_test,,SGATR_90,SGATR,90.0,% of one full steam-generator-A tube rupture,validation,NPPAD_README_case_number
severity_extrapolation,low_train_to_high_test,,SGATR_92,SGATR,92.0,% of one full steam-generator-A tube rupture,test,NPPAD_README_case_number
severity_extrapolation,low_train_to_high_test,,SGATR_93,SGATR,93.0,% of one full steam-generator-A tube rupture,test,NPPAD_README_case_number
severity_extrapolation,low_train_to_high_test,,SGATR_94,SGATR,94.0,% of one full steam-generator-A tube rupture,test,NPPAD_README_case_number
severity_extrapolation,low_train_to_high_test,,SGATR_95,SGATR,95.0,% of one full steam-generator-A tube rupture,test,NPPAD_README_case_number
severity_extrapolation,low_train_to_high_test,,SGATR_96,SGATR,96.0,% of one full steam-generator-A tube rupture,test,NPPAD_README_case_number
severity_extrapolation,low_train_to_high_test,,SGATR_97,SGATR,97.0,% of one full steam-generator-A tube rupture,test,NPPAD_README_case_number
severity_extrapolation,low_train_to_high_test,,SGATR_98,SGATR,98.0,% of one full steam-generator-A tube rupture,test,NPPAD_README_case_number
severity_extrapolation,low_train_to_high_test,,SGATR_99,SGATR,99.0,% of one full steam-generator-A tube rupture,test,NPPAD_README_case_number
severity_extrapolation,low_train_to_high_test,,SGATR_100,SGATR,100.0,% of one full steam-generator-A tube rupture,test,NPPAD_README_case_number
severity_extrapolation,low_train_to_high_test,,SGATR_91,SGATR,91.0,% of one full steam-generator-A tube rupture,gap_excluded,NPPAD_README_case_number
severity_extrapolation,low_train_to_high_test,,SGBTR_57,SGBTR,57.0,% of one full steam-generator-B tube rupture,train,NPPAD_README_case_number
severity_extrapolation,low_train_to_high_test,,SGBTR_58,SGBTR,58.0,% of one full steam-generator-B tube rupture,train,NPPAD_README_case_number
severity_extrapolation,low_train_to_high_test,,SGBTR_59,SGBTR,59.0,% of one full steam-generator-B tube rupture,train,NPPAD_README_case_number
severity_extrapolation,low_train_to_high_test,,SGBTR_60,SGBTR,60.0,% of one full steam-generator-B tube rupture,train,NPPAD_README_case_number
severity_extrapolation,low_train_to_high_test,,SGBTR_61,SGBTR,61.0,% of one full steam-generator-B tube rupture,train,NPPAD_README_case_number
severity_extrapolation,low_train_to_high_test,,SGBTR_62,SGBTR,62.0,% of one full steam-generator-B tube rupture,train,NPPAD_README_case_number
severity_extrapolation,low_train_to_high_test,,SGBTR_63,SGBTR,63.0,% of one full steam-generator-B tube rupture,train,NPPAD_README_case_number
severity_extrapolation,low_train_to_high_test,,SGBTR_64,SGBTR,64.0,% of one full steam-generator-B tube rupture,train,NPPAD_README_case_number
severity_extrapolation,low_train_to_high_test,,SGBTR_65,SGBTR,65.0,% of one full steam-generator-B tube rupture,train,NPPAD_README_case_number
severity_extrapolation,low_train_to_high_test,,SGBTR_66,SGBTR,66.0,% of one full steam-generator-B tube rupture,train,NPPAD_README_case_number
severity_extrapolation,low_train_to_high_test,,SGBTR_67,SGBTR,67.0,% of one full steam-generator-B tube rupture,train,NPPAD_README_case_number
severity_extrapolation,low_train_to_high_test,,SGBTR_68,SGBTR,68.0,% of one full steam-generator-B tube rupture,train,NPPAD_README_case_number
severity_extrapolation,low_train_to_high_test,,SGBTR_69,SGBTR,69.0,% of one full steam-generator-B tube rupture,train,NPPAD_README_case_number
severity_extrapolation,low_train_to_high_test,,SGBTR_70,SGBTR,70.0,% of one full steam-generator-B tube rupture,train,NPPAD_README_case_number
severity_extrapolation,low_train_to_high_test,,SGBTR_71,SGBTR,71.0,% of one full steam-generator-B tube rupture,train,NPPAD_README_case_number
severity_extrapolation,low_train_to_high_test,,SGBTR_72,SGBTR,72.0,% of one full steam-generator-B tube rupture,train,NPPAD_README_case_number
severity_extrapolation,low_train_to_high_test,,SGBTR_73,SGBTR,73.0,% of one full steam-generator-B tube rupture,train,NPPAD_README_case_number
severity_extrapolation,low_train_to_high_test,,SGBTR_74,SGBTR,74.0,% of one full steam-generator-B tube rupture,train,NPPAD_README_case_number
severity_extrapolation,low_train_to_high_test,,SGBTR_75,SGBTR,75.0,% of one full steam-generator-B tube rupture,train,NPPAD_README_case_number
severity_extrapolation,low_train_to_high_test,,SGBTR_76,SGBTR,76.0,% of one full steam-generator-B tube rupture,train,NPPAD_README_case_number
severity_extrapolation,low_train_to_high_test,,SGBTR_77,SGBTR,77.0,% of one full steam-generator-B tube rupture,train,NPPAD_README_case_number
severity_extrapolation,low_train_to_high_test,,SGBTR_78,SGBTR,78.0,% of one full steam-generator-B tube rupture,train,NPPAD_README_case_number
severity_extrapolation,low_train_to_high_test,,SGBTR_79,SGBTR,79.0,% of one full steam-generator-B tube rupture,train,NPPAD_README_case_number
severity_extrapolation,low_train_to_high_test,,SGBTR_80,SGBTR,80.0,% of one full steam-generator-B tube rupture,train,NPPAD_README_case_number
severity_extrapolation,low_train_to_high_test,,SGBTR_81,SGBTR,81.0,% of one full steam-generator-B tube rupture,train,NPPAD_README_case_number
severity_extrapolation,low_train_to_high_test,,SGBTR_82,SGBTR,82.0,% of one full steam-generator-B tube rupture,train,NPPAD_README_case_number
severity_extrapolation,low_train_to_high_test,,SGBTR_83,SGBTR,83.0,% of one full steam-generator-B tube rupture,train,NPPAD_README_case_number
severity_extrapolation,low_train_to_high_test,,SGBTR_84,SGBTR,84.0,% of one full steam-generator-B tube rupture,train,NPPAD_README_case_number
severity_extrapolation,low_train_to_high_test,,SGBTR_85,SGBTR,85.0,% of one full steam-generator-B tube rupture,train,NPPAD_README_case_number
severity_extrapolation,low_train_to_high_test,,SGBTR_86,SGBTR,86.0,% of one full steam-generator-B tube rupture,train,NPPAD_README_case_number
severity_extrapolation,low_train_to_high_test,,SGBTR_87,SGBTR,87.0,% of one full steam-generator-B tube rupture,train,NPPAD_README_case_number
severity_extrapolation,low_train_to_high_test,,SGBTR_88,SGBTR,88.0,% of one full steam-generator-B tube rupture,train,NPPAD_README_case_number
severity_extrapolation,low_train_to_high_test,,SGBTR_89,SGBTR,89.0,% of one full steam-generator-B tube rupture,train,NPPAD_README_case_number
severity_extrapolation,low_train_to_high_test,,SGBTR_90,SGBTR,90.0,% of one full steam-generator-B tube rupture,train,NPPAD_README_case_number
severity_extrapolation,low_train_to_high_test,,SGBTR_91,SGBTR,91.0,% of one full steam-generator-B tube rupture,validation,NPPAD_README_case_number
severity_extrapolation,low_train_to_high_test,,SGBTR_92,SGBTR,92.0,% of one full steam-generator-B tube rupture,validation,NPPAD_README_case_number
severity_extrapolation,low_train_to_high_test,,SGBTR_93,SGBTR,93.0,% of one full steam-generator-B tube rupture,validation,NPPAD_README_case_number
severity_extrapolation,low_train_to_high_test,,SGBTR_94,SGBTR,94.0,% of one full steam-generator-B tube rupture,validation,NPPAD_README_case_number
severity_extrapolation,low_train_to_high_test,,SGBTR_95,SGBTR,95.0,% of one full steam-generator-B tube rupture,validation,NPPAD_README_case_number
severity_extrapolation,low_train_to_high_test,,SGBTR_96,SGBTR,96.0,% of one full steam-generator-B tube rupture,validation,NPPAD_README_case_number
severity_extrapolation,low_train_to_high_test,,SGBTR_97,SGBTR,97.0,% of one full steam-generator-B tube rupture,validation,NPPAD_README_case_number
severity_extrapolation,low_train_to_high_test,,SGBTR_98,SGBTR,98.0,% of one full steam-generator-B tube rupture,validation,NPPAD_README_case_number
severity_extrapolation,low_train_to_high_test,,SGBTR_100,SGBTR,100.0,% of one full steam-generator-B tube rupture,test,NPPAD_README_case_number
severity_extrapolation,low_train_to_high_test,,SGBTR_101,SGBTR,101.0,% of one full steam-generator-B tube rupture,test,NPPAD_README_case_number
severity_extrapolation,low_train_to_high_test,,SGBTR_102,SGBTR,102.0,% of one full steam-generator-B tube rupture,test,NPPAD_README_case_number
severity_extrapolation,low_train_to_high_test,,SGBTR_103,SGBTR,103.0,% of one full steam-generator-B tube rupture,test,NPPAD_README_case_number
severity_extrapolation,low_train_to_high_test,,SGBTR_104,SGBTR,104.0,% of one full steam-generator-B tube rupture,test,NPPAD_README_case_number
severity_extrapolation,low_train_to_high_test,,SGBTR_105,SGBTR,105.0,% of one full steam-generator-B tube rupture,test,NPPAD_README_case_number
severity_extrapolation,low_train_to_high_test,,SGBTR_106,SGBTR,106.0,% of one full steam-generator-B tube rupture,test,NPPAD_README_case_number
severity_extrapolation,low_train_to_high_test,,SGBTR_107,SGBTR,107.0,% of one full steam-generator-B tube rupture,test,NPPAD_README_case_number
severity_extrapolation,low_train_to_high_test,,SGBTR_108,SGBTR,108.0,% of one full steam-generator-B tube rupture,test,NPPAD_README_case_number
severity_extrapolation,low_train_to_high_test,,SGBTR_109,SGBTR,109.0,% of one full steam-generator-B tube rupture,test,NPPAD_README_case_number
severity_extrapolation,low_train_to_high_test,,SGBTR_110,SGBTR,110.0,% of one full steam-generator-B tube rupture,test,NPPAD_README_case_number
severity_extrapolation,low_train_to_high_test,,SGBTR_99,SGBTR,99.0,% of one full steam-generator-B tube rupture,gap_excluded,NPPAD_README_case_number
severity_extrapolation,low_train_to_high_test,,SLBIC_14,SLBIC,14.0,% of 100 cm2 inside-containment steam-line break,train,NPPAD_README_case_number
severity_extrapolation,low_train_to_high_test,,SLBIC_15,SLBIC,15.0,% of 100 cm2 inside-containment steam-line break,train,NPPAD_README_case_number
severity_extrapolation,low_train_to_high_test,,SLBIC_16,SLBIC,16.0,% of 100 cm2 inside-containment steam-line break,train,NPPAD_README_case_number
severity_extrapolation,low_train_to_high_test,,SLBIC_17,SLBIC,17.0,% of 100 cm2 inside-containment steam-line break,train,NPPAD_README_case_number
severity_extrapolation,low_train_to_high_test,,SLBIC_18,SLBIC,18.0,% of 100 cm2 inside-containment steam-line break,train,NPPAD_README_case_number
severity_extrapolation,low_train_to_high_test,,SLBIC_19,SLBIC,19.0,% of 100 cm2 inside-containment steam-line break,train,NPPAD_README_case_number
severity_extrapolation,low_train_to_high_test,,SLBIC_20,SLBIC,20.0,% of 100 cm2 inside-containment steam-line break,train,NPPAD_README_case_number
severity_extrapolation,low_train_to_high_test,,SLBIC_21,SLBIC,21.0,% of 100 cm2 inside-containment steam-line break,train,NPPAD_README_case_number
severity_extrapolation,low_train_to_high_test,,SLBIC_22,SLBIC,22.0,% of 100 cm2 inside-containment steam-line break,train,NPPAD_README_case_number
severity_extrapolation,low_train_to_high_test,,SLBIC_23,SLBIC,23.0,% of 100 cm2 inside-containment steam-line break,train,NPPAD_README_case_number
severity_extrapolation,low_train_to_high_test,,SLBIC_24,SLBIC,24.0,% of 100 cm2 inside-containment steam-line break,train,NPPAD_README_case_number
severity_extrapolation,low_train_to_high_test,,SLBIC_25,SLBIC,25.0,% of 100 cm2 inside-containment steam-line break,train,NPPAD_README_case_number
severity_extrapolation,low_train_to_high_test,,SLBIC_26,SLBIC,26.0,% of 100 cm2 inside-containment steam-line break,train,NPPAD_README_case_number
severity_extrapolation,low_train_to_high_test,,SLBIC_27,SLBIC,27.0,% of 100 cm2 inside-containment steam-line break,train,NPPAD_README_case_number
severity_extrapolation,low_train_to_high_test,,SLBIC_28,SLBIC,28.0,% of 100 cm2 inside-containment steam-line break,train,NPPAD_README_case_number
severity_extrapolation,low_train_to_high_test,,SLBIC_29,SLBIC,29.0,% of 100 cm2 inside-containment steam-line break,train,NPPAD_README_case_number
severity_extrapolation,low_train_to_high_test,,SLBIC_30,SLBIC,30.0,% of 100 cm2 inside-containment steam-line break,train,NPPAD_README_case_number
severity_extrapolation,low_train_to_high_test,,SLBIC_31,SLBIC,31.0,% of 100 cm2 inside-containment steam-line break,train,NPPAD_README_case_number
severity_extrapolation,low_train_to_high_test,,SLBIC_32,SLBIC,32.0,% of 100 cm2 inside-containment steam-line break,train,NPPAD_README_case_number
severity_extrapolation,low_train_to_high_test,,SLBIC_33,SLBIC,33.0,% of 100 cm2 inside-containment steam-line break,train,NPPAD_README_case_number
severity_extrapolation,low_train_to_high_test,,SLBIC_34,SLBIC,34.0,% of 100 cm2 inside-containment steam-line break,train,NPPAD_README_case_number
severity_extrapolation,low_train_to_high_test,,SLBIC_35,SLBIC,35.0,% of 100 cm2 inside-containment steam-line break,train,NPPAD_README_case_number
severity_extrapolation,low_train_to_high_test,,SLBIC_36,SLBIC,36.0,% of 100 cm2 inside-containment steam-line break,train,NPPAD_README_case_number
severity_extrapolation,low_train_to_high_test,,SLBIC_37,SLBIC,37.0,% of 100 cm2 inside-containment steam-line break,train,NPPAD_README_case_number
severity_extrapolation,low_train_to_high_test,,SLBIC_38,SLBIC,38.0,% of 100 cm2 inside-containment steam-line break,train,NPPAD_README_case_number
severity_extrapolation,low_train_to_high_test,,SLBIC_39,SLBIC,39.0,% of 100 cm2 inside-containment steam-line break,train,NPPAD_README_case_number
severity_extrapolation,low_train_to_high_test,,SLBIC_40,SLBIC,40.0,% of 100 cm2 inside-containment steam-line break,train,NPPAD_README_case_number
severity_extrapolation,low_train_to_high_test,,SLBIC_41,SLBIC,41.0,% of 100 cm2 inside-containment steam-line break,train,NPPAD_README_case_number
severity_extrapolation,low_train_to_high_test,,SLBIC_42,SLBIC,42.0,% of 100 cm2 inside-containment steam-line break,train,NPPAD_README_case_number
severity_extrapolation,low_train_to_high_test,,SLBIC_43,SLBIC,43.0,% of 100 cm2 inside-containment steam-line break,train,NPPAD_README_case_number
severity_extrapolation,low_train_to_high_test,,SLBIC_44,SLBIC,44.0,% of 100 cm2 inside-containment steam-line break,train,NPPAD_README_case_number
severity_extrapolation,low_train_to_high_test,,SLBIC_45,SLBIC,45.0,% of 100 cm2 inside-containment steam-line break,train,NPPAD_README_case_number
severity_extrapolation,low_train_to_high_test,,SLBIC_46,SLBIC,46.0,% of 100 cm2 inside-containment steam-line break,train,NPPAD_README_case_number
severity_extrapolation,low_train_to_high_test,,SLBIC_47,SLBIC,47.0,% of 100 cm2 inside-containment steam-line break,train,NPPAD_README_case_number
severity_extrapolation,low_train_to_high_test,,SLBIC_48,SLBIC,48.0,% of 100 cm2 inside-containment steam-line break,train,NPPAD_README_case_number
severity_extrapolation,low_train_to_high_test,,SLBIC_49,SLBIC,49.0,% of 100 cm2 inside-containment steam-line break,train,NPPAD_README_case_number
severity_extrapolation,low_train_to_high_test,,SLBIC_50,SLBIC,50.0,% of 100 cm2 inside-containment steam-line break,train,NPPAD_README_case_number
severity_extrapolation,low_train_to_high_test,,SLBIC_51,SLBIC,51.0,% of 100 cm2 inside-containment steam-line break,train,NPPAD_README_case_number
severity_extrapolation,low_train_to_high_test,,SLBIC_52,SLBIC,52.0,% of 100 cm2 inside-containment steam-line break,train,NPPAD_README_case_number
severity_extrapolation,low_train_to_high_test,,SLBIC_53,SLBIC,53.0,% of 100 cm2 inside-containment steam-line break,train,NPPAD_README_case_number
severity_extrapolation,low_train_to_high_test,,SLBIC_54,SLBIC,54.0,% of 100 cm2 inside-containment steam-line break,train,NPPAD_README_case_number
severity_extrapolation,low_train_to_high_test,,SLBIC_55,SLBIC,55.0,% of 100 cm2 inside-containment steam-line break,train,NPPAD_README_case_number
severity_extrapolation,low_train_to_high_test,,SLBIC_56,SLBIC,56.0,% of 100 cm2 inside-containment steam-line break,train,NPPAD_README_case_number
severity_extrapolation,low_train_to_high_test,,SLBIC_57,SLBIC,57.0,% of 100 cm2 inside-containment steam-line break,train,NPPAD_README_case_number
severity_extrapolation,low_train_to_high_test,,SLBIC_58,SLBIC,58.0,% of 100 cm2 inside-containment steam-line break,train,NPPAD_README_case_number
severity_extrapolation,low_train_to_high_test,,SLBIC_59,SLBIC,59.0,% of 100 cm2 inside-containment steam-line break,train,NPPAD_README_case_number
severity_extrapolation,low_train_to_high_test,,SLBIC_60,SLBIC,60.0,% of 100 cm2 inside-containment steam-line break,train,NPPAD_README_case_number
severity_extrapolation,low_train_to_high_test,,SLBIC_61,SLBIC,61.0,% of 100 cm2 inside-containment steam-line break,train,NPPAD_README_case_number
severity_extrapolation,low_train_to_high_test,,SLBIC_62,SLBIC,62.0,% of 100 cm2 inside-containment steam-line break,train,NPPAD_README_case_number
severity_extrapolation,low_train_to_high_test,,SLBIC_63,SLBIC,63.0,% of 100 cm2 inside-containment steam-line break,train,NPPAD_README_case_number
severity_extrapolation,low_train_to_high_test,,SLBIC_64,SLBIC,64.0,% of 100 cm2 inside-containment steam-line break,train,NPPAD_README_case_number
severity_extrapolation,low_train_to_high_test,,SLBIC_65,SLBIC,65.0,% of 100 cm2 inside-containment steam-line break,train,NPPAD_README_case_number
severity_extrapolation,low_train_to_high_test,,SLBIC_66,SLBIC,66.0,% of 100 cm2 inside-containment steam-line break,train,NPPAD_README_case_number
severity_extrapolation,low_train_to_high_test,,SLBIC_67,SLBIC,67.0,% of 100 cm2 inside-containment steam-line break,train,NPPAD_README_case_number
severity_extrapolation,low_train_to_high_test,,SLBIC_68,SLBIC,68.0,% of 100 cm2 inside-containment steam-line break,train,NPPAD_README_case_number
severity_extrapolation,low_train_to_high_test,,SLBIC_69,SLBIC,69.0,% of 100 cm2 inside-containment steam-line break,validation,NPPAD_README_case_number
severity_extrapolation,low_train_to_high_test,,SLBIC_70,SLBIC,70.0,% of 100 cm2 inside-containment steam-line break,validation,NPPAD_README_case_number
severity_extrapolation,low_train_to_high_test,,SLBIC_71,SLBIC,71.0,% of 100 cm2 inside-containment steam-line break,validation,NPPAD_README_case_number
severity_extrapolation,low_train_to_high_test,,SLBIC_72,SLBIC,72.0,% of 100 cm2 inside-containment steam-line break,validation,NPPAD_README_case_number
severity_extrapolation,low_train_to_high_test,,SLBIC_73,SLBIC,73.0,% of 100 cm2 inside-containment steam-line break,validation,NPPAD_README_case_number
severity_extrapolation,low_train_to_high_test,,SLBIC_74,SLBIC,74.0,% of 100 cm2 inside-containment steam-line break,validation,NPPAD_README_case_number
severity_extrapolation,low_train_to_high_test,,SLBIC_75,SLBIC,75.0,% of 100 cm2 inside-containment steam-line break,validation,NPPAD_README_case_number
severity_extrapolation,low_train_to_high_test,,SLBIC_76,SLBIC,76.0,% of 100 cm2 inside-containment steam-line break,validation,NPPAD_README_case_number
severity_extrapolation,low_train_to_high_test,,SLBIC_77,SLBIC,77.0,% of 100 cm2 inside-containment steam-line break,validation,NPPAD_README_case_number
severity_extrapolation,low_train_to_high_test,,SLBIC_78,SLBIC,78.0,% of 100 cm2 inside-containment steam-line break,validation,NPPAD_README_case_number
severity_extrapolation,low_train_to_high_test,,SLBIC_79,SLBIC,79.0,% of 100 cm2 inside-containment steam-line break,validation,NPPAD_README_case_number
severity_extrapolation,low_train_to_high_test,,SLBIC_80,SLBIC,80.0,% of 100 cm2 inside-containment steam-line break,validation,NPPAD_README_case_number
severity_extrapolation,low_train_to_high_test,,SLBIC_81,SLBIC,81.0,% of 100 cm2 inside-containment steam-line break,validation,NPPAD_README_case_number
severity_extrapolation,low_train_to_high_test,,SLBIC_82,SLBIC,82.0,% of 100 cm2 inside-containment steam-line break,validation,NPPAD_README_case_number
severity_extrapolation,low_train_to_high_test,,SLBIC_84,SLBIC,84.0,% of 100 cm2 inside-containment steam-line break,test,NPPAD_README_case_number
severity_extrapolation,low_train_to_high_test,,SLBIC_85,SLBIC,85.0,% of 100 cm2 inside-containment steam-line break,test,NPPAD_README_case_number
severity_extrapolation,low_train_to_high_test,,SLBIC_86,SLBIC,86.0,% of 100 cm2 inside-containment steam-line break,test,NPPAD_README_case_number
severity_extrapolation,low_train_to_high_test,,SLBIC_87,SLBIC,87.0,% of 100 cm2 inside-containment steam-line break,test,NPPAD_README_case_number
severity_extrapolation,low_train_to_high_test,,SLBIC_88,SLBIC,88.0,% of 100 cm2 inside-containment steam-line break,test,NPPAD_README_case_number
severity_extrapolation,low_train_to_high_test,,SLBIC_89,SLBIC,89.0,% of 100 cm2 inside-containment steam-line break,test,NPPAD_README_case_number
severity_extrapolation,low_train_to_high_test,,SLBIC_90,SLBIC,90.0,% of 100 cm2 inside-containment steam-line break,test,NPPAD_README_case_number
severity_extrapolation,low_train_to_high_test,,SLBIC_91,SLBIC,91.0,% of 100 cm2 inside-containment steam-line break,test,NPPAD_README_case_number
severity_extrapolation,low_train_to_high_test,,SLBIC_92,SLBIC,92.0,% of 100 cm2 inside-containment steam-line break,test,NPPAD_README_case_number
severity_extrapolation,low_train_to_high_test,,SLBIC_93,SLBIC,93.0,% of 100 cm2 inside-containment steam-line break,test,NPPAD_README_case_number
severity_extrapolation,low_train_to_high_test,,SLBIC_94,SLBIC,94.0,% of 100 cm2 inside-containment steam-line break,test,NPPAD_README_case_number
severity_extrapolation,low_train_to_high_test,,SLBIC_95,SLBIC,95.0,% of 100 cm2 inside-containment steam-line break,test,NPPAD_README_case_number
severity_extrapolation,low_train_to_high_test,,SLBIC_96,SLBIC,96.0,% of 100 cm2 inside-containment steam-line break,test,NPPAD_README_case_number
severity_extrapolation,low_train_to_high_test,,SLBIC_97,SLBIC,97.0,% of 100 cm2 inside-containment steam-line break,test,NPPAD_README_case_number
severity_extrapolation,low_train_to_high_test,,SLBIC_98,SLBIC,98.0,% of 100 cm2 inside-containment steam-line break,test,NPPAD_README_case_number
severity_extrapolation,low_train_to_high_test,,SLBIC_99,SLBIC,99.0,% of 100 cm2 inside-containment steam-line break,test,NPPAD_README_case_number
severity_extrapolation,low_train_to_high_test,,SLBIC_100,SLBIC,100.0,% of 100 cm2 inside-containment steam-line break,test,NPPAD_README_case_number
severity_extrapolation,low_train_to_high_test,,SLBIC_101,SLBIC,101.0,% of 100 cm2 inside-containment steam-line break,test,NPPAD_README_case_number
severity_extrapolation,low_train_to_high_test,,SLBIC_83,SLBIC,83.0,% of 100 cm2 inside-containment steam-line break,gap_excluded,NPPAD_README_case_number
severity_extrapolation,high_train_to_low_test,,FLB_39,FLB,39.0,% of 100 cm2 feedwater-line break,train,NPPAD_README_case_number
severity_extrapolation,high_train_to_low_test,,FLB_40,FLB,40.0,% of 100 cm2 feedwater-line break,train,NPPAD_README_case_number
severity_extrapolation,high_train_to_low_test,,FLB_41,FLB,41.0,% of 100 cm2 feedwater-line break,train,NPPAD_README_case_number
severity_extrapolation,high_train_to_low_test,,FLB_42,FLB,42.0,% of 100 cm2 feedwater-line break,train,NPPAD_README_case_number
severity_extrapolation,high_train_to_low_test,,FLB_43,FLB,43.0,% of 100 cm2 feedwater-line break,train,NPPAD_README_case_number
severity_extrapolation,high_train_to_low_test,,FLB_44,FLB,44.0,% of 100 cm2 feedwater-line break,train,NPPAD_README_case_number
severity_extrapolation,high_train_to_low_test,,FLB_45,FLB,45.0,% of 100 cm2 feedwater-line break,train,NPPAD_README_case_number
severity_extrapolation,high_train_to_low_test,,FLB_46,FLB,46.0,% of 100 cm2 feedwater-line break,train,NPPAD_README_case_number
severity_extrapolation,high_train_to_low_test,,FLB_47,FLB,47.0,% of 100 cm2 feedwater-line break,train,NPPAD_README_case_number
severity_extrapolation,high_train_to_low_test,,FLB_48,FLB,48.0,% of 100 cm2 feedwater-line break,train,NPPAD_README_case_number
severity_extrapolation,high_train_to_low_test,,FLB_49,FLB,49.0,% of 100 cm2 feedwater-line break,train,NPPAD_README_case_number
severity_extrapolation,high_train_to_low_test,,FLB_50,FLB,50.0,% of 100 cm2 feedwater-line break,train,NPPAD_README_case_number
severity_extrapolation,high_train_to_low_test,,FLB_51,FLB,51.0,% of 100 cm2 feedwater-line break,train,NPPAD_README_case_number
severity_extrapolation,high_train_to_low_test,,FLB_52,FLB,52.0,% of 100 cm2 feedwater-line break,train,NPPAD_README_case_number
severity_extrapolation,high_train_to_low_test,,FLB_53,FLB,53.0,% of 100 cm2 feedwater-line break,train,NPPAD_README_case_number
severity_extrapolation,high_train_to_low_test,,FLB_54,FLB,54.0,% of 100 cm2 feedwater-line break,train,NPPAD_README_case_number
severity_extrapolation,high_train_to_low_test,,FLB_55,FLB,55.0,% of 100 cm2 feedwater-line break,train,NPPAD_README_case_number
severity_extrapolation,high_train_to_low_test,,FLB_56,FLB,56.0,% of 100 cm2 feedwater-line break,train,NPPAD_README_case_number
severity_extrapolation,high_train_to_low_test,,FLB_57,FLB,57.0,% of 100 cm2 feedwater-line break,train,NPPAD_README_case_number
severity_extrapolation,high_train_to_low_test,,FLB_58,FLB,58.0,% of 100 cm2 feedwater-line break,train,NPPAD_README_case_number
severity_extrapolation,high_train_to_low_test,,FLB_59,FLB,59.0,% of 100 cm2 feedwater-line break,train,NPPAD_README_case_number
severity_extrapolation,high_train_to_low_test,,FLB_60,FLB,60.0,% of 100 cm2 feedwater-line break,train,NPPAD_README_case_number
severity_extrapolation,high_train_to_low_test,,FLB_61,FLB,61.0,% of 100 cm2 feedwater-line break,train,NPPAD_README_case_number
severity_extrapolation,high_train_to_low_test,,FLB_62,FLB,62.0,% of 100 cm2 feedwater-line break,train,NPPAD_README_case_number
severity_extrapolation,high_train_to_low_test,,FLB_63,FLB,63.0,% of 100 cm2 feedwater-line break,train,NPPAD_README_case_number
severity_extrapolation,high_train_to_low_test,,FLB_64,FLB,64.0,% of 100 cm2 feedwater-line break,train,NPPAD_README_case_number
severity_extrapolation,high_train_to_low_test,,FLB_65,FLB,65.0,% of 100 cm2 feedwater-line break,train,NPPAD_README_case_number
severity_extrapolation,high_train_to_low_test,,FLB_66,FLB,66.0,% of 100 cm2 feedwater-line break,train,NPPAD_README_case_number
severity_extrapolation,high_train_to_low_test,,FLB_67,FLB,67.0,% of 100 cm2 feedwater-line break,train,NPPAD_README_case_number
severity_extrapolation,high_train_to_low_test,,FLB_68,FLB,68.0,% of 100 cm2 feedwater-line break,train,NPPAD_README_case_number
severity_extrapolation,high_train_to_low_test,,FLB_69,FLB,69.0,% of 100 cm2 feedwater-line break,train,NPPAD_README_case_number
severity_extrapolation,high_train_to_low_test,,FLB_70,FLB,70.0,% of 100 cm2 feedwater-line break,train,NPPAD_README_case_number
severity_extrapolation,high_train_to_low_test,,FLB_71,FLB,71.0,% of 100 cm2 feedwater-line break,train,NPPAD_README_case_number
severity_extrapolation,high_train_to_low_test,,FLB_72,FLB,72.0,% of 100 cm2 feedwater-line break,train,NPPAD_README_case_number
severity_extrapolation,high_train_to_low_test,,FLB_73,FLB,73.0,% of 100 cm2 feedwater-line break,train,NPPAD_README_case_number
severity_extrapolation,high_train_to_low_test,,FLB_74,FLB,74.0,% of 100 cm2 feedwater-line break,train,NPPAD_README_case_number
severity_extrapolation,high_train_to_low_test,,FLB_75,FLB,75.0,% of 100 cm2 feedwater-line break,train,NPPAD_README_case_number
severity_extrapolation,high_train_to_low_test,,FLB_76,FLB,76.0,% of 100 cm2 feedwater-line break,train,NPPAD_README_case_number
severity_extrapolation,high_train_to_low_test,,FLB_77,FLB,77.0,% of 100 cm2 feedwater-line break,train,NPPAD_README_case_number
severity_extrapolation,high_train_to_low_test,,FLB_78,FLB,78.0,% of 100 cm2 feedwater-line break,train,NPPAD_README_case_number
severity_extrapolation,high_train_to_low_test,,FLB_79,FLB,79.0,% of 100 cm2 feedwater-line break,train,NPPAD_README_case_number
severity_extrapolation,high_train_to_low_test,,FLB_80,FLB,80.0,% of 100 cm2 feedwater-line break,train,NPPAD_README_case_number
severity_extrapolation,high_train_to_low_test,,FLB_81,FLB,81.0,% of 100 cm2 feedwater-line break,train,NPPAD_README_case_number
severity_extrapolation,high_train_to_low_test,,FLB_82,FLB,82.0,% of 100 cm2 feedwater-line break,train,NPPAD_README_case_number
severity_extrapolation,high_train_to_low_test,,FLB_83,FLB,83.0,% of 100 cm2 feedwater-line break,train,NPPAD_README_case_number
severity_extrapolation,high_train_to_low_test,,FLB_84,FLB,84.0,% of 100 cm2 feedwater-line break,train,NPPAD_README_case_number
severity_extrapolation,high_train_to_low_test,,FLB_85,FLB,85.0,% of 100 cm2 feedwater-line break,train,NPPAD_README_case_number
severity_extrapolation,high_train_to_low_test,,FLB_86,FLB,86.0,% of 100 cm2 feedwater-line break,train,NPPAD_README_case_number
severity_extrapolation,high_train_to_low_test,,FLB_87,FLB,87.0,% of 100 cm2 feedwater-line break,train,NPPAD_README_case_number
severity_extrapolation,high_train_to_low_test,,FLB_88,FLB,88.0,% of 100 cm2 feedwater-line break,train,NPPAD_README_case_number
severity_extrapolation,high_train_to_low_test,,FLB_89,FLB,89.0,% of 100 cm2 feedwater-line break,train,NPPAD_README_case_number
severity_extrapolation,high_train_to_low_test,,FLB_90,FLB,90.0,% of 100 cm2 feedwater-line break,train,NPPAD_README_case_number
severity_extrapolation,high_train_to_low_test,,FLB_91,FLB,91.0,% of 100 cm2 feedwater-line break,train,NPPAD_README_case_number
severity_extrapolation,high_train_to_low_test,,FLB_92,FLB,92.0,% of 100 cm2 feedwater-line break,train,NPPAD_README_case_number
severity_extrapolation,high_train_to_low_test,,FLB_93,FLB,93.0,% of 100 cm2 feedwater-line break,train,NPPAD_README_case_number
severity_extrapolation,high_train_to_low_test,,FLB_94,FLB,94.0,% of 100 cm2 feedwater-line break,train,NPPAD_README_case_number
severity_extrapolation,high_train_to_low_test,,FLB_95,FLB,95.0,% of 100 cm2 feedwater-line break,train,NPPAD_README_case_number
severity_extrapolation,high_train_to_low_test,,FLB_96,FLB,96.0,% of 100 cm2 feedwater-line break,train,NPPAD_README_case_number
severity_extrapolation,high_train_to_low_test,,FLB_97,FLB,97.0,% of 100 cm2 feedwater-line break,train,NPPAD_README_case_number
severity_extrapolation,high_train_to_low_test,,FLB_98,FLB,98.0,% of 100 cm2 feedwater-line break,train,NPPAD_README_case_number
severity_extrapolation,high_train_to_low_test,,FLB_99,FLB,99.0,% of 100 cm2 feedwater-line break,train,NPPAD_README_case_number
severity_extrapolation,high_train_to_low_test,,FLB_100,FLB,100.0,% of 100 cm2 feedwater-line break,train,NPPAD_README_case_number
severity_extrapolation,high_train_to_low_test,,FLB_23,FLB,23.0,% of 100 cm2 feedwater-line break,validation,NPPAD_README_case_number
severity_extrapolation,high_train_to_low_test,,FLB_24,FLB,24.0,% of 100 cm2 feedwater-line break,validation,NPPAD_README_case_number
severity_extrapolation,high_train_to_low_test,,FLB_25,FLB,25.0,% of 100 cm2 feedwater-line break,validation,NPPAD_README_case_number
severity_extrapolation,high_train_to_low_test,,FLB_26,FLB,26.0,% of 100 cm2 feedwater-line break,validation,NPPAD_README_case_number
severity_extrapolation,high_train_to_low_test,,FLB_27,FLB,27.0,% of 100 cm2 feedwater-line break,validation,NPPAD_README_case_number
severity_extrapolation,high_train_to_low_test,,FLB_28,FLB,28.0,% of 100 cm2 feedwater-line break,validation,NPPAD_README_case_number
severity_extrapolation,high_train_to_low_test,,FLB_29,FLB,29.0,% of 100 cm2 feedwater-line break,validation,NPPAD_README_case_number
severity_extrapolation,high_train_to_low_test,,FLB_30,FLB,30.0,% of 100 cm2 feedwater-line break,validation,NPPAD_README_case_number
severity_extrapolation,high_train_to_low_test,,FLB_31,FLB,31.0,% of 100 cm2 feedwater-line break,validation,NPPAD_README_case_number
severity_extrapolation,high_train_to_low_test,,FLB_32,FLB,32.0,% of 100 cm2 feedwater-line break,validation,NPPAD_README_case_number
severity_extrapolation,high_train_to_low_test,,FLB_33,FLB,33.0,% of 100 cm2 feedwater-line break,validation,NPPAD_README_case_number
severity_extrapolation,high_train_to_low_test,,FLB_34,FLB,34.0,% of 100 cm2 feedwater-line break,validation,NPPAD_README_case_number
severity_extrapolation,high_train_to_low_test,,FLB_35,FLB,35.0,% of 100 cm2 feedwater-line break,validation,NPPAD_README_case_number
severity_extrapolation,high_train_to_low_test,,FLB_36,FLB,36.0,% of 100 cm2 feedwater-line break,validation,NPPAD_README_case_number
severity_extrapolation,high_train_to_low_test,,FLB_37,FLB,37.0,% of 100 cm2 feedwater-line break,validation,NPPAD_README_case_number
severity_extrapolation,high_train_to_low_test,,FLB_38,FLB,38.0,% of 100 cm2 feedwater-line break,validation,NPPAD_README_case_number
severity_extrapolation,high_train_to_low_test,,FLB_2,FLB,2.0,% of 100 cm2 feedwater-line break,test,NPPAD_README_case_number
severity_extrapolation,high_train_to_low_test,,FLB_3,FLB,3.0,% of 100 cm2 feedwater-line break,test,NPPAD_README_case_number
severity_extrapolation,high_train_to_low_test,,FLB_4,FLB,4.0,% of 100 cm2 feedwater-line break,test,NPPAD_README_case_number
severity_extrapolation,high_train_to_low_test,,FLB_5,FLB,5.0,% of 100 cm2 feedwater-line break,test,NPPAD_README_case_number
severity_extrapolation,high_train_to_low_test,,FLB_6,FLB,6.0,% of 100 cm2 feedwater-line break,test,NPPAD_README_case_number
severity_extrapolation,high_train_to_low_test,,FLB_7,FLB,7.0,% of 100 cm2 feedwater-line break,test,NPPAD_README_case_number
severity_extrapolation,high_train_to_low_test,,FLB_8,FLB,8.0,% of 100 cm2 feedwater-line break,test,NPPAD_README_case_number
severity_extrapolation,high_train_to_low_test,,FLB_9,FLB,9.0,% of 100 cm2 feedwater-line break,test,NPPAD_README_case_number
severity_extrapolation,high_train_to_low_test,,FLB_10,FLB,10.0,% of 100 cm2 feedwater-line break,test,NPPAD_README_case_number
severity_extrapolation,high_train_to_low_test,,FLB_11,FLB,11.0,% of 100 cm2 feedwater-line break,test,NPPAD_README_case_number
severity_extrapolation,high_train_to_low_test,,FLB_12,FLB,12.0,% of 100 cm2 feedwater-line break,test,NPPAD_README_case_number
severity_extrapolation,high_train_to_low_test,,FLB_13,FLB,13.0,% of 100 cm2 feedwater-line break,test,NPPAD_README_case_number
severity_extrapolation,high_train_to_low_test,,FLB_14,FLB,14.0,% of 100 cm2 feedwater-line break,test,NPPAD_README_case_number
severity_extrapolation,high_train_to_low_test,,FLB_15,FLB,15.0,% of 100 cm2 feedwater-line break,test,NPPAD_README_case_number
severity_extrapolation,high_train_to_low_test,,FLB_16,FLB,16.0,% of 100 cm2 feedwater-line break,test,NPPAD_README_case_number
severity_extrapolation,high_train_to_low_test,,FLB_17,FLB,17.0,% of 100 cm2 feedwater-line break,test,NPPAD_README_case_number
severity_extrapolation,high_train_to_low_test,,FLB_18,FLB,18.0,% of 100 cm2 feedwater-line break,test,NPPAD_README_case_number
severity_extrapolation,high_train_to_low_test,,FLB_19,FLB,19.0,% of 100 cm2 feedwater-line break,test,NPPAD_README_case_number
severity_extrapolation,high_train_to_low_test,,FLB_20,FLB,20.0,% of 100 cm2 feedwater-line break,test,NPPAD_README_case_number
severity_extrapolation,high_train_to_low_test,,FLB_21,FLB,21.0,% of 100 cm2 feedwater-line break,test,NPPAD_README_case_number
severity_extrapolation,high_train_to_low_test,,FLB_22,FLB,22.0,% of 100 cm2 feedwater-line break,gap_excluded,NPPAD_README_case_number
severity_extrapolation,high_train_to_low_test,,LOCA_30,LOCA,30.0,% of 100 cm2 hot-leg break,train,NPPAD_README_case_number
severity_extrapolation,high_train_to_low_test,,LOCA_31,LOCA,31.0,% of 100 cm2 hot-leg break,train,NPPAD_README_case_number
severity_extrapolation,high_train_to_low_test,,LOCA_32,LOCA,32.0,% of 100 cm2 hot-leg break,train,NPPAD_README_case_number
severity_extrapolation,high_train_to_low_test,,LOCA_33,LOCA,33.0,% of 100 cm2 hot-leg break,train,NPPAD_README_case_number
severity_extrapolation,high_train_to_low_test,,LOCA_34,LOCA,34.0,% of 100 cm2 hot-leg break,train,NPPAD_README_case_number
severity_extrapolation,high_train_to_low_test,,LOCA_35,LOCA,35.0,% of 100 cm2 hot-leg break,train,NPPAD_README_case_number
severity_extrapolation,high_train_to_low_test,,LOCA_36,LOCA,36.0,% of 100 cm2 hot-leg break,train,NPPAD_README_case_number
severity_extrapolation,high_train_to_low_test,,LOCA_37,LOCA,37.0,% of 100 cm2 hot-leg break,train,NPPAD_README_case_number
severity_extrapolation,high_train_to_low_test,,LOCA_38,LOCA,38.0,% of 100 cm2 hot-leg break,train,NPPAD_README_case_number
severity_extrapolation,high_train_to_low_test,,LOCA_39,LOCA,39.0,% of 100 cm2 hot-leg break,train,NPPAD_README_case_number
severity_extrapolation,high_train_to_low_test,,LOCA_40,LOCA,40.0,% of 100 cm2 hot-leg break,train,NPPAD_README_case_number
severity_extrapolation,high_train_to_low_test,,LOCA_41,LOCA,41.0,% of 100 cm2 hot-leg break,train,NPPAD_README_case_number
severity_extrapolation,high_train_to_low_test,,LOCA_42,LOCA,42.0,% of 100 cm2 hot-leg break,train,NPPAD_README_case_number
severity_extrapolation,high_train_to_low_test,,LOCA_44,LOCA,44.0,% of 100 cm2 hot-leg break,train,NPPAD_README_case_number
severity_extrapolation,high_train_to_low_test,,LOCA_45,LOCA,45.0,% of 100 cm2 hot-leg break,train,NPPAD_README_case_number
severity_extrapolation,high_train_to_low_test,,LOCA_46,LOCA,46.0,% of 100 cm2 hot-leg break,train,NPPAD_README_case_number
severity_extrapolation,high_train_to_low_test,,LOCA_47,LOCA,47.0,% of 100 cm2 hot-leg break,train,NPPAD_README_case_number
severity_extrapolation,high_train_to_low_test,,LOCA_48,LOCA,48.0,% of 100 cm2 hot-leg break,train,NPPAD_README_case_number
severity_extrapolation,high_train_to_low_test,,LOCA_49,LOCA,49.0,% of 100 cm2 hot-leg break,train,NPPAD_README_case_number
severity_extrapolation,high_train_to_low_test,,LOCA_50,LOCA,50.0,% of 100 cm2 hot-leg break,train,NPPAD_README_case_number
severity_extrapolation,high_train_to_low_test,,LOCA_51,LOCA,51.0,% of 100 cm2 hot-leg break,train,NPPAD_README_case_number
severity_extrapolation,high_train_to_low_test,,LOCA_52,LOCA,52.0,% of 100 cm2 hot-leg break,train,NPPAD_README_case_number
severity_extrapolation,high_train_to_low_test,,LOCA_53,LOCA,53.0,% of 100 cm2 hot-leg break,train,NPPAD_README_case_number
severity_extrapolation,high_train_to_low_test,,LOCA_54,LOCA,54.0,% of 100 cm2 hot-leg break,train,NPPAD_README_case_number
severity_extrapolation,high_train_to_low_test,,LOCA_55,LOCA,55.0,% of 100 cm2 hot-leg break,train,NPPAD_README_case_number
severity_extrapolation,high_train_to_low_test,,LOCA_56,LOCA,56.0,% of 100 cm2 hot-leg break,train,NPPAD_README_case_number
severity_extrapolation,high_train_to_low_test,,LOCA_57,LOCA,57.0,% of 100 cm2 hot-leg break,train,NPPAD_README_case_number
severity_extrapolation,high_train_to_low_test,,LOCA_58,LOCA,58.0,% of 100 cm2 hot-leg break,train,NPPAD_README_case_number
severity_extrapolation,high_train_to_low_test,,LOCA_59,LOCA,59.0,% of 100 cm2 hot-leg break,train,NPPAD_README_case_number
severity_extrapolation,high_train_to_low_test,,LOCA_60,LOCA,60.0,% of 100 cm2 hot-leg break,train,NPPAD_README_case_number
severity_extrapolation,high_train_to_low_test,,LOCA_61,LOCA,61.0,% of 100 cm2 hot-leg break,train,NPPAD_README_case_number
severity_extrapolation,high_train_to_low_test,,LOCA_62,LOCA,62.0,% of 100 cm2 hot-leg break,train,NPPAD_README_case_number
severity_extrapolation,high_train_to_low_test,,LOCA_63,LOCA,63.0,% of 100 cm2 hot-leg break,train,NPPAD_README_case_number
severity_extrapolation,high_train_to_low_test,,LOCA_64,LOCA,64.0,% of 100 cm2 hot-leg break,train,NPPAD_README_case_number
severity_extrapolation,high_train_to_low_test,,LOCA_65,LOCA,65.0,% of 100 cm2 hot-leg break,train,NPPAD_README_case_number
severity_extrapolation,high_train_to_low_test,,LOCA_66,LOCA,66.0,% of 100 cm2 hot-leg break,train,NPPAD_README_case_number
severity_extrapolation,high_train_to_low_test,,LOCA_67,LOCA,67.0,% of 100 cm2 hot-leg break,train,NPPAD_README_case_number
severity_extrapolation,high_train_to_low_test,,LOCA_68,LOCA,68.0,% of 100 cm2 hot-leg break,train,NPPAD_README_case_number
severity_extrapolation,high_train_to_low_test,,LOCA_69,LOCA,69.0,% of 100 cm2 hot-leg break,train,NPPAD_README_case_number
severity_extrapolation,high_train_to_low_test,,LOCA_70,LOCA,70.0,% of 100 cm2 hot-leg break,train,NPPAD_README_case_number
severity_extrapolation,high_train_to_low_test,,LOCA_71,LOCA,71.0,% of 100 cm2 hot-leg break,train,NPPAD_README_case_number
severity_extrapolation,high_train_to_low_test,,LOCA_72,LOCA,72.0,% of 100 cm2 hot-leg break,train,NPPAD_README_case_number
severity_extrapolation,high_train_to_low_test,,LOCA_73,LOCA,73.0,% of 100 cm2 hot-leg break,train,NPPAD_README_case_number
severity_extrapolation,high_train_to_low_test,,LOCA_74,LOCA,74.0,% of 100 cm2 hot-leg break,train,NPPAD_README_case_number
severity_extrapolation,high_train_to_low_test,,LOCA_75,LOCA,75.0,% of 100 cm2 hot-leg break,train,NPPAD_README_case_number
severity_extrapolation,high_train_to_low_test,,LOCA_76,LOCA,76.0,% of 100 cm2 hot-leg break,train,NPPAD_README_case_number
severity_extrapolation,high_train_to_low_test,,LOCA_77,LOCA,77.0,% of 100 cm2 hot-leg break,train,NPPAD_README_case_number
severity_extrapolation,high_train_to_low_test,,LOCA_18,LOCA,18.0,% of 100 cm2 hot-leg break,validation,NPPAD_README_case_number
severity_extrapolation,high_train_to_low_test,,LOCA_19,LOCA,19.0,% of 100 cm2 hot-leg break,validation,NPPAD_README_case_number
severity_extrapolation,high_train_to_low_test,,LOCA_20,LOCA,20.0,% of 100 cm2 hot-leg break,validation,NPPAD_README_case_number
severity_extrapolation,high_train_to_low_test,,LOCA_21,LOCA,21.0,% of 100 cm2 hot-leg break,validation,NPPAD_README_case_number
severity_extrapolation,high_train_to_low_test,,LOCA_22,LOCA,22.0,% of 100 cm2 hot-leg break,validation,NPPAD_README_case_number
severity_extrapolation,high_train_to_low_test,,LOCA_23,LOCA,23.0,% of 100 cm2 hot-leg break,validation,NPPAD_README_case_number
severity_extrapolation,high_train_to_low_test,,LOCA_24,LOCA,24.0,% of 100 cm2 hot-leg break,validation,NPPAD_README_case_number
severity_extrapolation,high_train_to_low_test,,LOCA_25,LOCA,25.0,% of 100 cm2 hot-leg break,validation,NPPAD_README_case_number
severity_extrapolation,high_train_to_low_test,,LOCA_26,LOCA,26.0,% of 100 cm2 hot-leg break,validation,NPPAD_README_case_number
severity_extrapolation,high_train_to_low_test,,LOCA_27,LOCA,27.0,% of 100 cm2 hot-leg break,validation,NPPAD_README_case_number
severity_extrapolation,high_train_to_low_test,,LOCA_28,LOCA,28.0,% of 100 cm2 hot-leg break,validation,NPPAD_README_case_number
severity_extrapolation,high_train_to_low_test,,LOCA_29,LOCA,29.0,% of 100 cm2 hot-leg break,validation,NPPAD_README_case_number
severity_extrapolation,high_train_to_low_test,,LOCA_1,LOCA,1.0,% of 100 cm2 hot-leg break,test,NPPAD_README_case_number
severity_extrapolation,high_train_to_low_test,,LOCA_2,LOCA,2.0,% of 100 cm2 hot-leg break,test,NPPAD_README_case_number
severity_extrapolation,high_train_to_low_test,,LOCA_3,LOCA,3.0,% of 100 cm2 hot-leg break,test,NPPAD_README_case_number
severity_extrapolation,high_train_to_low_test,,LOCA_4,LOCA,4.0,% of 100 cm2 hot-leg break,test,NPPAD_README_case_number
severity_extrapolation,high_train_to_low_test,,LOCA_5,LOCA,5.0,% of 100 cm2 hot-leg break,test,NPPAD_README_case_number
severity_extrapolation,high_train_to_low_test,,LOCA_6,LOCA,6.0,% of 100 cm2 hot-leg break,test,NPPAD_README_case_number
severity_extrapolation,high_train_to_low_test,,LOCA_7,LOCA,7.0,% of 100 cm2 hot-leg break,test,NPPAD_README_case_number
severity_extrapolation,high_train_to_low_test,,LOCA_8,LOCA,8.0,% of 100 cm2 hot-leg break,test,NPPAD_README_case_number
severity_extrapolation,high_train_to_low_test,,LOCA_9,LOCA,9.0,% of 100 cm2 hot-leg break,test,NPPAD_README_case_number
severity_extrapolation,high_train_to_low_test,,LOCA_10,LOCA,10.0,% of 100 cm2 hot-leg break,test,NPPAD_README_case_number
severity_extrapolation,high_train_to_low_test,,LOCA_11,LOCA,11.0,% of 100 cm2 hot-leg break,test,NPPAD_README_case_number
severity_extrapolation,high_train_to_low_test,,LOCA_12,LOCA,12.0,% of 100 cm2 hot-leg break,test,NPPAD_README_case_number
severity_extrapolation,high_train_to_low_test,,LOCA_13,LOCA,13.0,% of 100 cm2 hot-leg break,test,NPPAD_README_case_number
severity_extrapolation,high_train_to_low_test,,LOCA_14,LOCA,14.0,% of 100 cm2 hot-leg break,test,NPPAD_README_case_number
severity_extrapolation,high_train_to_low_test,,LOCA_15,LOCA,15.0,% of 100 cm2 hot-leg break,test,NPPAD_README_case_number
severity_extrapolation,high_train_to_low_test,,LOCA_16,LOCA,16.0,% of 100 cm2 hot-leg break,test,NPPAD_README_case_number
severity_extrapolation,high_train_to_low_test,,LOCA_17,LOCA,17.0,% of 100 cm2 hot-leg break,gap_excluded,NPPAD_README_case_number
severity_extrapolation,high_train_to_low_test,,LOCAC_30,LOCAC,30.0,% of 100 cm2 cold-leg break,train,NPPAD_README_case_number
severity_extrapolation,high_train_to_low_test,,LOCAC_31,LOCAC,31.0,% of 100 cm2 cold-leg break,train,NPPAD_README_case_number
severity_extrapolation,high_train_to_low_test,,LOCAC_32,LOCAC,32.0,% of 100 cm2 cold-leg break,train,NPPAD_README_case_number
severity_extrapolation,high_train_to_low_test,,LOCAC_33,LOCAC,33.0,% of 100 cm2 cold-leg break,train,NPPAD_README_case_number
severity_extrapolation,high_train_to_low_test,,LOCAC_34,LOCAC,34.0,% of 100 cm2 cold-leg break,train,NPPAD_README_case_number
severity_extrapolation,high_train_to_low_test,,LOCAC_35,LOCAC,35.0,% of 100 cm2 cold-leg break,train,NPPAD_README_case_number
severity_extrapolation,high_train_to_low_test,,LOCAC_36,LOCAC,36.0,% of 100 cm2 cold-leg break,train,NPPAD_README_case_number
severity_extrapolation,high_train_to_low_test,,LOCAC_37,LOCAC,37.0,% of 100 cm2 cold-leg break,train,NPPAD_README_case_number
severity_extrapolation,high_train_to_low_test,,LOCAC_38,LOCAC,38.0,% of 100 cm2 cold-leg break,train,NPPAD_README_case_number
severity_extrapolation,high_train_to_low_test,,LOCAC_39,LOCAC,39.0,% of 100 cm2 cold-leg break,train,NPPAD_README_case_number
severity_extrapolation,high_train_to_low_test,,LOCAC_40,LOCAC,40.0,% of 100 cm2 cold-leg break,train,NPPAD_README_case_number
severity_extrapolation,high_train_to_low_test,,LOCAC_41,LOCAC,41.0,% of 100 cm2 cold-leg break,train,NPPAD_README_case_number
severity_extrapolation,high_train_to_low_test,,LOCAC_42,LOCAC,42.0,% of 100 cm2 cold-leg break,train,NPPAD_README_case_number
severity_extrapolation,high_train_to_low_test,,LOCAC_43,LOCAC,43.0,% of 100 cm2 cold-leg break,train,NPPAD_README_case_number
severity_extrapolation,high_train_to_low_test,,LOCAC_44,LOCAC,44.0,% of 100 cm2 cold-leg break,train,NPPAD_README_case_number
severity_extrapolation,high_train_to_low_test,,LOCAC_45,LOCAC,45.0,% of 100 cm2 cold-leg break,train,NPPAD_README_case_number
severity_extrapolation,high_train_to_low_test,,LOCAC_46,LOCAC,46.0,% of 100 cm2 cold-leg break,train,NPPAD_README_case_number
severity_extrapolation,high_train_to_low_test,,LOCAC_47,LOCAC,47.0,% of 100 cm2 cold-leg break,train,NPPAD_README_case_number
severity_extrapolation,high_train_to_low_test,,LOCAC_48,LOCAC,48.0,% of 100 cm2 cold-leg break,train,NPPAD_README_case_number
severity_extrapolation,high_train_to_low_test,,LOCAC_49,LOCAC,49.0,% of 100 cm2 cold-leg break,train,NPPAD_README_case_number
severity_extrapolation,high_train_to_low_test,,LOCAC_50,LOCAC,50.0,% of 100 cm2 cold-leg break,train,NPPAD_README_case_number
severity_extrapolation,high_train_to_low_test,,LOCAC_51,LOCAC,51.0,% of 100 cm2 cold-leg break,train,NPPAD_README_case_number
severity_extrapolation,high_train_to_low_test,,LOCAC_52,LOCAC,52.0,% of 100 cm2 cold-leg break,train,NPPAD_README_case_number
severity_extrapolation,high_train_to_low_test,,LOCAC_53,LOCAC,53.0,% of 100 cm2 cold-leg break,train,NPPAD_README_case_number
severity_extrapolation,high_train_to_low_test,,LOCAC_54,LOCAC,54.0,% of 100 cm2 cold-leg break,train,NPPAD_README_case_number
severity_extrapolation,high_train_to_low_test,,LOCAC_55,LOCAC,55.0,% of 100 cm2 cold-leg break,train,NPPAD_README_case_number
severity_extrapolation,high_train_to_low_test,,LOCAC_56,LOCAC,56.0,% of 100 cm2 cold-leg break,train,NPPAD_README_case_number
severity_extrapolation,high_train_to_low_test,,LOCAC_57,LOCAC,57.0,% of 100 cm2 cold-leg break,train,NPPAD_README_case_number
severity_extrapolation,high_train_to_low_test,,LOCAC_58,LOCAC,58.0,% of 100 cm2 cold-leg break,train,NPPAD_README_case_number
severity_extrapolation,high_train_to_low_test,,LOCAC_59,LOCAC,59.0,% of 100 cm2 cold-leg break,train,NPPAD_README_case_number
severity_extrapolation,high_train_to_low_test,,LOCAC_60,LOCAC,60.0,% of 100 cm2 cold-leg break,train,NPPAD_README_case_number
severity_extrapolation,high_train_to_low_test,,LOCAC_61,LOCAC,61.0,% of 100 cm2 cold-leg break,train,NPPAD_README_case_number
severity_extrapolation,high_train_to_low_test,,LOCAC_62,LOCAC,62.0,% of 100 cm2 cold-leg break,train,NPPAD_README_case_number
severity_extrapolation,high_train_to_low_test,,LOCAC_63,LOCAC,63.0,% of 100 cm2 cold-leg break,train,NPPAD_README_case_number
severity_extrapolation,high_train_to_low_test,,LOCAC_64,LOCAC,64.0,% of 100 cm2 cold-leg break,train,NPPAD_README_case_number
severity_extrapolation,high_train_to_low_test,,LOCAC_65,LOCAC,65.0,% of 100 cm2 cold-leg break,train,NPPAD_README_case_number
severity_extrapolation,high_train_to_low_test,,LOCAC_66,LOCAC,66.0,% of 100 cm2 cold-leg break,train,NPPAD_README_case_number
severity_extrapolation,high_train_to_low_test,,LOCAC_67,LOCAC,67.0,% of 100 cm2 cold-leg break,train,NPPAD_README_case_number
severity_extrapolation,high_train_to_low_test,,LOCAC_68,LOCAC,68.0,% of 100 cm2 cold-leg break,train,NPPAD_README_case_number
severity_extrapolation,high_train_to_low_test,,LOCAC_69,LOCAC,69.0,% of 100 cm2 cold-leg break,train,NPPAD_README_case_number
severity_extrapolation,high_train_to_low_test,,LOCAC_70,LOCAC,70.0,% of 100 cm2 cold-leg break,train,NPPAD_README_case_number
severity_extrapolation,high_train_to_low_test,,LOCAC_71,LOCAC,71.0,% of 100 cm2 cold-leg break,train,NPPAD_README_case_number
severity_extrapolation,high_train_to_low_test,,LOCAC_72,LOCAC,72.0,% of 100 cm2 cold-leg break,train,NPPAD_README_case_number
severity_extrapolation,high_train_to_low_test,,LOCAC_73,LOCAC,73.0,% of 100 cm2 cold-leg break,train,NPPAD_README_case_number
severity_extrapolation,high_train_to_low_test,,LOCAC_74,LOCAC,74.0,% of 100 cm2 cold-leg break,train,NPPAD_README_case_number
severity_extrapolation,high_train_to_low_test,,LOCAC_75,LOCAC,75.0,% of 100 cm2 cold-leg break,train,NPPAD_README_case_number
severity_extrapolation,high_train_to_low_test,,LOCAC_76,LOCAC,76.0,% of 100 cm2 cold-leg break,train,NPPAD_README_case_number
severity_extrapolation,high_train_to_low_test,,LOCAC_77,LOCAC,77.0,% of 100 cm2 cold-leg break,train,NPPAD_README_case_number
severity_extrapolation,high_train_to_low_test,,LOCAC_78,LOCAC,78.0,% of 100 cm2 cold-leg break,train,NPPAD_README_case_number
severity_extrapolation,high_train_to_low_test,,LOCAC_79,LOCAC,79.0,% of 100 cm2 cold-leg break,train,NPPAD_README_case_number
severity_extrapolation,high_train_to_low_test,,LOCAC_18,LOCAC,18.0,% of 100 cm2 cold-leg break,validation,NPPAD_README_case_number
severity_extrapolation,high_train_to_low_test,,LOCAC_19,LOCAC,19.0,% of 100 cm2 cold-leg break,validation,NPPAD_README_case_number
severity_extrapolation,high_train_to_low_test,,LOCAC_20,LOCAC,20.0,% of 100 cm2 cold-leg break,validation,NPPAD_README_case_number
severity_extrapolation,high_train_to_low_test,,LOCAC_21,LOCAC,21.0,% of 100 cm2 cold-leg break,validation,NPPAD_README_case_number
severity_extrapolation,high_train_to_low_test,,LOCAC_22,LOCAC,22.0,% of 100 cm2 cold-leg break,validation,NPPAD_README_case_number
severity_extrapolation,high_train_to_low_test,,LOCAC_23,LOCAC,23.0,% of 100 cm2 cold-leg break,validation,NPPAD_README_case_number
severity_extrapolation,high_train_to_low_test,,LOCAC_24,LOCAC,24.0,% of 100 cm2 cold-leg break,validation,NPPAD_README_case_number
severity_extrapolation,high_train_to_low_test,,LOCAC_25,LOCAC,25.0,% of 100 cm2 cold-leg break,validation,NPPAD_README_case_number
severity_extrapolation,high_train_to_low_test,,LOCAC_26,LOCAC,26.0,% of 100 cm2 cold-leg break,validation,NPPAD_README_case_number
severity_extrapolation,high_train_to_low_test,,LOCAC_27,LOCAC,27.0,% of 100 cm2 cold-leg break,validation,NPPAD_README_case_number
severity_extrapolation,high_train_to_low_test,,LOCAC_28,LOCAC,28.0,% of 100 cm2 cold-leg break,validation,NPPAD_README_case_number
severity_extrapolation,high_train_to_low_test,,LOCAC_29,LOCAC,29.0,% of 100 cm2 cold-leg break,validation,NPPAD_README_case_number
severity_extrapolation,high_train_to_low_test,,LOCAC_1,LOCAC,1.0,% of 100 cm2 cold-leg break,test,NPPAD_README_case_number
severity_extrapolation,high_train_to_low_test,,LOCAC_2,LOCAC,2.0,% of 100 cm2 cold-leg break,test,NPPAD_README_case_number
severity_extrapolation,high_train_to_low_test,,LOCAC_3,LOCAC,3.0,% of 100 cm2 cold-leg break,test,NPPAD_README_case_number
severity_extrapolation,high_train_to_low_test,,LOCAC_4,LOCAC,4.0,% of 100 cm2 cold-leg break,test,NPPAD_README_case_number
severity_extrapolation,high_train_to_low_test,,LOCAC_5,LOCAC,5.0,% of 100 cm2 cold-leg break,test,NPPAD_README_case_number
severity_extrapolation,high_train_to_low_test,,LOCAC_6,LOCAC,6.0,% of 100 cm2 cold-leg break,test,NPPAD_README_case_number
severity_extrapolation,high_train_to_low_test,,LOCAC_7,LOCAC,7.0,% of 100 cm2 cold-leg break,test,NPPAD_README_case_number
severity_extrapolation,high_train_to_low_test,,LOCAC_8,LOCAC,8.0,% of 100 cm2 cold-leg break,test,NPPAD_README_case_number
severity_extrapolation,high_train_to_low_test,,LOCAC_9,LOCAC,9.0,% of 100 cm2 cold-leg break,test,NPPAD_README_case_number
severity_extrapolation,high_train_to_low_test,,LOCAC_10,LOCAC,10.0,% of 100 cm2 cold-leg break,test,NPPAD_README_case_number
severity_extrapolation,high_train_to_low_test,,LOCAC_11,LOCAC,11.0,% of 100 cm2 cold-leg break,test,NPPAD_README_case_number
severity_extrapolation,high_train_to_low_test,,LOCAC_12,LOCAC,12.0,% of 100 cm2 cold-leg break,test,NPPAD_README_case_number
severity_extrapolation,high_train_to_low_test,,LOCAC_13,LOCAC,13.0,% of 100 cm2 cold-leg break,test,NPPAD_README_case_number
severity_extrapolation,high_train_to_low_test,,LOCAC_14,LOCAC,14.0,% of 100 cm2 cold-leg break,test,NPPAD_README_case_number
severity_extrapolation,high_train_to_low_test,,LOCAC_15,LOCAC,15.0,% of 100 cm2 cold-leg break,test,NPPAD_README_case_number
severity_extrapolation,high_train_to_low_test,,LOCAC_16,LOCAC,16.0,% of 100 cm2 cold-leg break,test,NPPAD_README_case_number
severity_extrapolation,high_train_to_low_test,,LOCAC_17,LOCAC,17.0,% of 100 cm2 cold-leg break,gap_excluded,NPPAD_README_case_number
severity_extrapolation,high_train_to_low_test,,LR_81,LR,81.0,% of full load rejected,train,NPPAD_README_case_number
severity_extrapolation,high_train_to_low_test,,LR_82,LR,82.0,% of full load rejected,train,NPPAD_README_case_number
severity_extrapolation,high_train_to_low_test,,LR_83,LR,83.0,% of full load rejected,train,NPPAD_README_case_number
severity_extrapolation,high_train_to_low_test,,LR_84,LR,84.0,% of full load rejected,train,NPPAD_README_case_number
severity_extrapolation,high_train_to_low_test,,LR_85,LR,85.0,% of full load rejected,train,NPPAD_README_case_number
severity_extrapolation,high_train_to_low_test,,LR_86,LR,86.0,% of full load rejected,train,NPPAD_README_case_number
severity_extrapolation,high_train_to_low_test,,LR_87,LR,87.0,% of full load rejected,train,NPPAD_README_case_number
severity_extrapolation,high_train_to_low_test,,LR_88,LR,88.0,% of full load rejected,train,NPPAD_README_case_number
severity_extrapolation,high_train_to_low_test,,LR_89,LR,89.0,% of full load rejected,train,NPPAD_README_case_number
severity_extrapolation,high_train_to_low_test,,LR_90,LR,90.0,% of full load rejected,train,NPPAD_README_case_number
severity_extrapolation,high_train_to_low_test,,LR_93,LR,93.0,% of full load rejected,train,NPPAD_README_case_number
severity_extrapolation,high_train_to_low_test,,LR_94,LR,94.0,% of full load rejected,train,NPPAD_README_case_number
severity_extrapolation,high_train_to_low_test,,LR_95,LR,95.0,% of full load rejected,train,NPPAD_README_case_number
severity_extrapolation,high_train_to_low_test,,LR_96,LR,96.0,% of full load rejected,train,NPPAD_README_case_number
severity_extrapolation,high_train_to_low_test,,LR_97,LR,97.0,% of full load rejected,train,NPPAD_README_case_number
severity_extrapolation,high_train_to_low_test,,LR_98,LR,98.0,% of full load rejected,train,NPPAD_README_case_number
severity_extrapolation,high_train_to_low_test,,LR_99,LR,99.0,% of full load rejected,train,NPPAD_README_case_number
severity_extrapolation,high_train_to_low_test,,LR_77,LR,77.0,% of full load rejected,validation,NPPAD_README_case_number
severity_extrapolation,high_train_to_low_test,,LR_78,LR,78.0,% of full load rejected,validation,NPPAD_README_case_number
severity_extrapolation,high_train_to_low_test,,LR_79,LR,79.0,% of full load rejected,validation,NPPAD_README_case_number
severity_extrapolation,high_train_to_low_test,,LR_80,LR,80.0,% of full load rejected,validation,NPPAD_README_case_number
severity_extrapolation,high_train_to_low_test,,LR_70,LR,70.0,% of full load rejected,test,NPPAD_README_case_number
severity_extrapolation,high_train_to_low_test,,LR_71,LR,71.0,% of full load rejected,test,NPPAD_README_case_number
severity_extrapolation,high_train_to_low_test,,LR_72,LR,72.0,% of full load rejected,test,NPPAD_README_case_number
severity_extrapolation,high_train_to_low_test,,LR_73,LR,73.0,% of full load rejected,test,NPPAD_README_case_number
severity_extrapolation,high_train_to_low_test,,LR_74,LR,74.0,% of full load rejected,test,NPPAD_README_case_number
severity_extrapolation,high_train_to_low_test,,LR_75,LR,75.0,% of full load rejected,test,NPPAD_README_case_number
severity_extrapolation,high_train_to_low_test,,LR_76,LR,76.0,% of full load rejected,gap_excluded,NPPAD_README_case_number
severity_extrapolation,high_train_to_low_test,,RI_-21,RI,-21.0,% of rods inserted,train,NPPAD_README_case_number
severity_extrapolation,high_train_to_low_test,,RI_-20,RI,-20.0,% of rods inserted,train,NPPAD_README_case_number
severity_extrapolation,high_train_to_low_test,,RI_-19,RI,-19.0,% of rods inserted,train,NPPAD_README_case_number
severity_extrapolation,high_train_to_low_test,,RI_-18,RI,-18.0,% of rods inserted,train,NPPAD_README_case_number
severity_extrapolation,high_train_to_low_test,,RI_-17,RI,-17.0,% of rods inserted,train,NPPAD_README_case_number
severity_extrapolation,high_train_to_low_test,,RI_-16,RI,-16.0,% of rods inserted,train,NPPAD_README_case_number
severity_extrapolation,high_train_to_low_test,,RI_-15,RI,-15.0,% of rods inserted,train,NPPAD_README_case_number
severity_extrapolation,high_train_to_low_test,,RI_-14,RI,-14.0,% of rods inserted,train,NPPAD_README_case_number
severity_extrapolation,high_train_to_low_test,,RI_-13,RI,-13.0,% of rods inserted,train,NPPAD_README_case_number
severity_extrapolation,high_train_to_low_test,,RI_-12,RI,-12.0,% of rods inserted,train,NPPAD_README_case_number
severity_extrapolation,high_train_to_low_test,,RI_-11,RI,-11.0,% of rods inserted,train,NPPAD_README_case_number
severity_extrapolation,high_train_to_low_test,,RI_-10,RI,-10.0,% of rods inserted,train,NPPAD_README_case_number
severity_extrapolation,high_train_to_low_test,,RI_-9,RI,-9.0,% of rods inserted,train,NPPAD_README_case_number
severity_extrapolation,high_train_to_low_test,,RI_-8,RI,-8.0,% of rods inserted,train,NPPAD_README_case_number
severity_extrapolation,high_train_to_low_test,,RI_-7,RI,-7.0,% of rods inserted,train,NPPAD_README_case_number
severity_extrapolation,high_train_to_low_test,,RI_-6,RI,-6.0,% of rods inserted,train,NPPAD_README_case_number
severity_extrapolation,high_train_to_low_test,,RI_-5,RI,-5.0,% of rods inserted,train,NPPAD_README_case_number
severity_extrapolation,high_train_to_low_test,,RI_-4,RI,-4.0,% of rods inserted,train,NPPAD_README_case_number
severity_extrapolation,high_train_to_low_test,,RI_-3,RI,-3.0,% of rods inserted,train,NPPAD_README_case_number
severity_extrapolation,high_train_to_low_test,,RI_-2,RI,-2.0,% of rods inserted,train,NPPAD_README_case_number
severity_extrapolation,high_train_to_low_test,,RI_-1,RI,-1.0,% of rods inserted,train,NPPAD_README_case_number
severity_extrapolation,high_train_to_low_test,,RI_-27,RI,-27.0,% of rods inserted,validation,NPPAD_README_case_number
severity_extrapolation,high_train_to_low_test,,RI_-26,RI,-26.0,% of rods inserted,validation,NPPAD_README_case_number
severity_extrapolation,high_train_to_low_test,,RI_-25,RI,-25.0,% of rods inserted,validation,NPPAD_README_case_number
severity_extrapolation,high_train_to_low_test,,RI_-23,RI,-23.0,% of rods inserted,validation,NPPAD_README_case_number
severity_extrapolation,high_train_to_low_test,,RI_-22,RI,-22.0,% of rods inserted,validation,NPPAD_README_case_number
severity_extrapolation,high_train_to_low_test,,RI_-35,RI,-35.0,% of rods inserted,test,NPPAD_README_case_number
severity_extrapolation,high_train_to_low_test,,RI_-34,RI,-34.0,% of rods inserted,test,NPPAD_README_case_number
severity_extrapolation,high_train_to_low_test,,RI_-33,RI,-33.0,% of rods inserted,test,NPPAD_README_case_number
severity_extrapolation,high_train_to_low_test,,RI_-32,RI,-32.0,% of rods inserted,test,NPPAD_README_case_number
severity_extrapolation,high_train_to_low_test,,RI_-31,RI,-31.0,% of rods inserted,test,NPPAD_README_case_number
severity_extrapolation,high_train_to_low_test,,RI_-30,RI,-30.0,% of rods inserted,test,NPPAD_README_case_number
severity_extrapolation,high_train_to_low_test,,RI_-29,RI,-29.0,% of rods inserted,test,NPPAD_README_case_number
severity_extrapolation,high_train_to_low_test,,RI_-28,RI,-28.0,% of rods inserted,gap_excluded,NPPAD_README_case_number
severity_extrapolation,high_train_to_low_test,,SGATR_74,SGATR,74.0,% of one full steam-generator-A tube rupture,train,NPPAD_README_case_number
severity_extrapolation,high_train_to_low_test,,SGATR_75,SGATR,75.0,% of one full steam-generator-A tube rupture,train,NPPAD_README_case_number
severity_extrapolation,high_train_to_low_test,,SGATR_76,SGATR,76.0,% of one full steam-generator-A tube rupture,train,NPPAD_README_case_number
severity_extrapolation,high_train_to_low_test,,SGATR_77,SGATR,77.0,% of one full steam-generator-A tube rupture,train,NPPAD_README_case_number
severity_extrapolation,high_train_to_low_test,,SGATR_78,SGATR,78.0,% of one full steam-generator-A tube rupture,train,NPPAD_README_case_number
severity_extrapolation,high_train_to_low_test,,SGATR_79,SGATR,79.0,% of one full steam-generator-A tube rupture,train,NPPAD_README_case_number
severity_extrapolation,high_train_to_low_test,,SGATR_80,SGATR,80.0,% of one full steam-generator-A tube rupture,train,NPPAD_README_case_number
severity_extrapolation,high_train_to_low_test,,SGATR_81,SGATR,81.0,% of one full steam-generator-A tube rupture,train,NPPAD_README_case_number
severity_extrapolation,high_train_to_low_test,,SGATR_82,SGATR,82.0,% of one full steam-generator-A tube rupture,train,NPPAD_README_case_number
severity_extrapolation,high_train_to_low_test,,SGATR_83,SGATR,83.0,% of one full steam-generator-A tube rupture,train,NPPAD_README_case_number
severity_extrapolation,high_train_to_low_test,,SGATR_84,SGATR,84.0,% of one full steam-generator-A tube rupture,train,NPPAD_README_case_number
severity_extrapolation,high_train_to_low_test,,SGATR_85,SGATR,85.0,% of one full steam-generator-A tube rupture,train,NPPAD_README_case_number
severity_extrapolation,high_train_to_low_test,,SGATR_86,SGATR,86.0,% of one full steam-generator-A tube rupture,train,NPPAD_README_case_number
severity_extrapolation,high_train_to_low_test,,SGATR_87,SGATR,87.0,% of one full steam-generator-A tube rupture,train,NPPAD_README_case_number
severity_extrapolation,high_train_to_low_test,,SGATR_88,SGATR,88.0,% of one full steam-generator-A tube rupture,train,NPPAD_README_case_number
severity_extrapolation,high_train_to_low_test,,SGATR_89,SGATR,89.0,% of one full steam-generator-A tube rupture,train,NPPAD_README_case_number
severity_extrapolation,high_train_to_low_test,,SGATR_90,SGATR,90.0,% of one full steam-generator-A tube rupture,train,NPPAD_README_case_number
severity_extrapolation,high_train_to_low_test,,SGATR_91,SGATR,91.0,% of one full steam-generator-A tube rupture,train,NPPAD_README_case_number
severity_extrapolation,high_train_to_low_test,,SGATR_92,SGATR,92.0,% of one full steam-generator-A tube rupture,train,NPPAD_README_case_number
severity_extrapolation,high_train_to_low_test,,SGATR_93,SGATR,93.0,% of one full steam-generator-A tube rupture,train,NPPAD_README_case_number
severity_extrapolation,high_train_to_low_test,,SGATR_94,SGATR,94.0,% of one full steam-generator-A tube rupture,train,NPPAD_README_case_number
severity_extrapolation,high_train_to_low_test,,SGATR_95,SGATR,95.0,% of one full steam-generator-A tube rupture,train,NPPAD_README_case_number
severity_extrapolation,high_train_to_low_test,,SGATR_96,SGATR,96.0,% of one full steam-generator-A tube rupture,train,NPPAD_README_case_number
severity_extrapolation,high_train_to_low_test,,SGATR_97,SGATR,97.0,% of one full steam-generator-A tube rupture,train,NPPAD_README_case_number
severity_extrapolation,high_train_to_low_test,,SGATR_98,SGATR,98.0,% of one full steam-generator-A tube rupture,train,NPPAD_README_case_number
severity_extrapolation,high_train_to_low_test,,SGATR_99,SGATR,99.0,% of one full steam-generator-A tube rupture,train,NPPAD_README_case_number
severity_extrapolation,high_train_to_low_test,,SGATR_100,SGATR,100.0,% of one full steam-generator-A tube rupture,train,NPPAD_README_case_number
severity_extrapolation,high_train_to_low_test,,SGATR_67,SGATR,67.0,% of one full steam-generator-A tube rupture,validation,NPPAD_README_case_number
severity_extrapolation,high_train_to_low_test,,SGATR_68,SGATR,68.0,% of one full steam-generator-A tube rupture,validation,NPPAD_README_case_number
severity_extrapolation,high_train_to_low_test,,SGATR_69,SGATR,69.0,% of one full steam-generator-A tube rupture,validation,NPPAD_README_case_number
severity_extrapolation,high_train_to_low_test,,SGATR_70,SGATR,70.0,% of one full steam-generator-A tube rupture,validation,NPPAD_README_case_number
severity_extrapolation,high_train_to_low_test,,SGATR_71,SGATR,71.0,% of one full steam-generator-A tube rupture,validation,NPPAD_README_case_number
severity_extrapolation,high_train_to_low_test,,SGATR_72,SGATR,72.0,% of one full steam-generator-A tube rupture,validation,NPPAD_README_case_number
severity_extrapolation,high_train_to_low_test,,SGATR_73,SGATR,73.0,% of one full steam-generator-A tube rupture,validation,NPPAD_README_case_number
severity_extrapolation,high_train_to_low_test,,SGATR_57,SGATR,57.0,% of one full steam-generator-A tube rupture,test,NPPAD_README_case_number
severity_extrapolation,high_train_to_low_test,,SGATR_58,SGATR,58.0,% of one full steam-generator-A tube rupture,test,NPPAD_README_case_number
severity_extrapolation,high_train_to_low_test,,SGATR_59,SGATR,59.0,% of one full steam-generator-A tube rupture,test,NPPAD_README_case_number
severity_extrapolation,high_train_to_low_test,,SGATR_60,SGATR,60.0,% of one full steam-generator-A tube rupture,test,NPPAD_README_case_number
severity_extrapolation,high_train_to_low_test,,SGATR_61,SGATR,61.0,% of one full steam-generator-A tube rupture,test,NPPAD_README_case_number
severity_extrapolation,high_train_to_low_test,,SGATR_62,SGATR,62.0,% of one full steam-generator-A tube rupture,test,NPPAD_README_case_number
severity_extrapolation,high_train_to_low_test,,SGATR_63,SGATR,63.0,% of one full steam-generator-A tube rupture,test,NPPAD_README_case_number
severity_extrapolation,high_train_to_low_test,,SGATR_64,SGATR,64.0,% of one full steam-generator-A tube rupture,test,NPPAD_README_case_number
severity_extrapolation,high_train_to_low_test,,SGATR_65,SGATR,65.0,% of one full steam-generator-A tube rupture,test,NPPAD_README_case_number
severity_extrapolation,high_train_to_low_test,,SGATR_66,SGATR,66.0,% of one full steam-generator-A tube rupture,gap_excluded,NPPAD_README_case_number
severity_extrapolation,high_train_to_low_test,,SGBTR_77,SGBTR,77.0,% of one full steam-generator-B tube rupture,train,NPPAD_README_case_number
severity_extrapolation,high_train_to_low_test,,SGBTR_78,SGBTR,78.0,% of one full steam-generator-B tube rupture,train,NPPAD_README_case_number
severity_extrapolation,high_train_to_low_test,,SGBTR_79,SGBTR,79.0,% of one full steam-generator-B tube rupture,train,NPPAD_README_case_number
severity_extrapolation,high_train_to_low_test,,SGBTR_80,SGBTR,80.0,% of one full steam-generator-B tube rupture,train,NPPAD_README_case_number
severity_extrapolation,high_train_to_low_test,,SGBTR_81,SGBTR,81.0,% of one full steam-generator-B tube rupture,train,NPPAD_README_case_number
severity_extrapolation,high_train_to_low_test,,SGBTR_82,SGBTR,82.0,% of one full steam-generator-B tube rupture,train,NPPAD_README_case_number
severity_extrapolation,high_train_to_low_test,,SGBTR_83,SGBTR,83.0,% of one full steam-generator-B tube rupture,train,NPPAD_README_case_number
severity_extrapolation,high_train_to_low_test,,SGBTR_84,SGBTR,84.0,% of one full steam-generator-B tube rupture,train,NPPAD_README_case_number
severity_extrapolation,high_train_to_low_test,,SGBTR_85,SGBTR,85.0,% of one full steam-generator-B tube rupture,train,NPPAD_README_case_number
severity_extrapolation,high_train_to_low_test,,SGBTR_86,SGBTR,86.0,% of one full steam-generator-B tube rupture,train,NPPAD_README_case_number
severity_extrapolation,high_train_to_low_test,,SGBTR_87,SGBTR,87.0,% of one full steam-generator-B tube rupture,train,NPPAD_README_case_number
severity_extrapolation,high_train_to_low_test,,SGBTR_88,SGBTR,88.0,% of one full steam-generator-B tube rupture,train,NPPAD_README_case_number
severity_extrapolation,high_train_to_low_test,,SGBTR_89,SGBTR,89.0,% of one full steam-generator-B tube rupture,train,NPPAD_README_case_number
severity_extrapolation,high_train_to_low_test,,SGBTR_90,SGBTR,90.0,% of one full steam-generator-B tube rupture,train,NPPAD_README_case_number
severity_extrapolation,high_train_to_low_test,,SGBTR_91,SGBTR,91.0,% of one full steam-generator-B tube rupture,train,NPPAD_README_case_number
severity_extrapolation,high_train_to_low_test,,SGBTR_92,SGBTR,92.0,% of one full steam-generator-B tube rupture,train,NPPAD_README_case_number
severity_extrapolation,high_train_to_low_test,,SGBTR_93,SGBTR,93.0,% of one full steam-generator-B tube rupture,train,NPPAD_README_case_number
severity_extrapolation,high_train_to_low_test,,SGBTR_94,SGBTR,94.0,% of one full steam-generator-B tube rupture,train,NPPAD_README_case_number
severity_extrapolation,high_train_to_low_test,,SGBTR_95,SGBTR,95.0,% of one full steam-generator-B tube rupture,train,NPPAD_README_case_number
severity_extrapolation,high_train_to_low_test,,SGBTR_96,SGBTR,96.0,% of one full steam-generator-B tube rupture,train,NPPAD_README_case_number
severity_extrapolation,high_train_to_low_test,,SGBTR_97,SGBTR,97.0,% of one full steam-generator-B tube rupture,train,NPPAD_README_case_number
severity_extrapolation,high_train_to_low_test,,SGBTR_98,SGBTR,98.0,% of one full steam-generator-B tube rupture,train,NPPAD_README_case_number
severity_extrapolation,high_train_to_low_test,,SGBTR_99,SGBTR,99.0,% of one full steam-generator-B tube rupture,train,NPPAD_README_case_number
severity_extrapolation,high_train_to_low_test,,SGBTR_100,SGBTR,100.0,% of one full steam-generator-B tube rupture,train,NPPAD_README_case_number
severity_extrapolation,high_train_to_low_test,,SGBTR_101,SGBTR,101.0,% of one full steam-generator-B tube rupture,train,NPPAD_README_case_number
severity_extrapolation,high_train_to_low_test,,SGBTR_102,SGBTR,102.0,% of one full steam-generator-B tube rupture,train,NPPAD_README_case_number
severity_extrapolation,high_train_to_low_test,,SGBTR_103,SGBTR,103.0,% of one full steam-generator-B tube rupture,train,NPPAD_README_case_number
severity_extrapolation,high_train_to_low_test,,SGBTR_104,SGBTR,104.0,% of one full steam-generator-B tube rupture,train,NPPAD_README_case_number
severity_extrapolation,high_train_to_low_test,,SGBTR_105,SGBTR,105.0,% of one full steam-generator-B tube rupture,train,NPPAD_README_case_number
severity_extrapolation,high_train_to_low_test,,SGBTR_106,SGBTR,106.0,% of one full steam-generator-B tube rupture,train,NPPAD_README_case_number
severity_extrapolation,high_train_to_low_test,,SGBTR_107,SGBTR,107.0,% of one full steam-generator-B tube rupture,train,NPPAD_README_case_number
severity_extrapolation,high_train_to_low_test,,SGBTR_108,SGBTR,108.0,% of one full steam-generator-B tube rupture,train,NPPAD_README_case_number
severity_extrapolation,high_train_to_low_test,,SGBTR_109,SGBTR,109.0,% of one full steam-generator-B tube rupture,train,NPPAD_README_case_number
severity_extrapolation,high_train_to_low_test,,SGBTR_110,SGBTR,110.0,% of one full steam-generator-B tube rupture,train,NPPAD_README_case_number
severity_extrapolation,high_train_to_low_test,,SGBTR_69,SGBTR,69.0,% of one full steam-generator-B tube rupture,validation,NPPAD_README_case_number
severity_extrapolation,high_train_to_low_test,,SGBTR_70,SGBTR,70.0,% of one full steam-generator-B tube rupture,validation,NPPAD_README_case_number
severity_extrapolation,high_train_to_low_test,,SGBTR_71,SGBTR,71.0,% of one full steam-generator-B tube rupture,validation,NPPAD_README_case_number
severity_extrapolation,high_train_to_low_test,,SGBTR_72,SGBTR,72.0,% of one full steam-generator-B tube rupture,validation,NPPAD_README_case_number
severity_extrapolation,high_train_to_low_test,,SGBTR_73,SGBTR,73.0,% of one full steam-generator-B tube rupture,validation,NPPAD_README_case_number
severity_extrapolation,high_train_to_low_test,,SGBTR_74,SGBTR,74.0,% of one full steam-generator-B tube rupture,validation,NPPAD_README_case_number
severity_extrapolation,high_train_to_low_test,,SGBTR_75,SGBTR,75.0,% of one full steam-generator-B tube rupture,validation,NPPAD_README_case_number
severity_extrapolation,high_train_to_low_test,,SGBTR_76,SGBTR,76.0,% of one full steam-generator-B tube rupture,validation,NPPAD_README_case_number
severity_extrapolation,high_train_to_low_test,,SGBTR_57,SGBTR,57.0,% of one full steam-generator-B tube rupture,test,NPPAD_README_case_number
severity_extrapolation,high_train_to_low_test,,SGBTR_58,SGBTR,58.0,% of one full steam-generator-B tube rupture,test,NPPAD_README_case_number
severity_extrapolation,high_train_to_low_test,,SGBTR_59,SGBTR,59.0,% of one full steam-generator-B tube rupture,test,NPPAD_README_case_number
severity_extrapolation,high_train_to_low_test,,SGBTR_60,SGBTR,60.0,% of one full steam-generator-B tube rupture,test,NPPAD_README_case_number
severity_extrapolation,high_train_to_low_test,,SGBTR_61,SGBTR,61.0,% of one full steam-generator-B tube rupture,test,NPPAD_README_case_number
severity_extrapolation,high_train_to_low_test,,SGBTR_62,SGBTR,62.0,% of one full steam-generator-B tube rupture,test,NPPAD_README_case_number
severity_extrapolation,high_train_to_low_test,,SGBTR_63,SGBTR,63.0,% of one full steam-generator-B tube rupture,test,NPPAD_README_case_number
severity_extrapolation,high_train_to_low_test,,SGBTR_64,SGBTR,64.0,% of one full steam-generator-B tube rupture,test,NPPAD_README_case_number
severity_extrapolation,high_train_to_low_test,,SGBTR_65,SGBTR,65.0,% of one full steam-generator-B tube rupture,test,NPPAD_README_case_number
severity_extrapolation,high_train_to_low_test,,SGBTR_66,SGBTR,66.0,% of one full steam-generator-B tube rupture,test,NPPAD_README_case_number
severity_extrapolation,high_train_to_low_test,,SGBTR_67,SGBTR,67.0,% of one full steam-generator-B tube rupture,test,NPPAD_README_case_number
severity_extrapolation,high_train_to_low_test,,SGBTR_68,SGBTR,68.0,% of one full steam-generator-B tube rupture,gap_excluded,NPPAD_README_case_number
severity_extrapolation,high_train_to_low_test,,SLBIC_47,SLBIC,47.0,% of 100 cm2 inside-containment steam-line break,train,NPPAD_README_case_number
severity_extrapolation,high_train_to_low_test,,SLBIC_48,SLBIC,48.0,% of 100 cm2 inside-containment steam-line break,train,NPPAD_README_case_number
severity_extrapolation,high_train_to_low_test,,SLBIC_49,SLBIC,49.0,% of 100 cm2 inside-containment steam-line break,train,NPPAD_README_case_number
severity_extrapolation,high_train_to_low_test,,SLBIC_50,SLBIC,50.0,% of 100 cm2 inside-containment steam-line break,train,NPPAD_README_case_number
severity_extrapolation,high_train_to_low_test,,SLBIC_51,SLBIC,51.0,% of 100 cm2 inside-containment steam-line break,train,NPPAD_README_case_number
severity_extrapolation,high_train_to_low_test,,SLBIC_52,SLBIC,52.0,% of 100 cm2 inside-containment steam-line break,train,NPPAD_README_case_number
severity_extrapolation,high_train_to_low_test,,SLBIC_53,SLBIC,53.0,% of 100 cm2 inside-containment steam-line break,train,NPPAD_README_case_number
severity_extrapolation,high_train_to_low_test,,SLBIC_54,SLBIC,54.0,% of 100 cm2 inside-containment steam-line break,train,NPPAD_README_case_number
severity_extrapolation,high_train_to_low_test,,SLBIC_55,SLBIC,55.0,% of 100 cm2 inside-containment steam-line break,train,NPPAD_README_case_number
severity_extrapolation,high_train_to_low_test,,SLBIC_56,SLBIC,56.0,% of 100 cm2 inside-containment steam-line break,train,NPPAD_README_case_number
severity_extrapolation,high_train_to_low_test,,SLBIC_57,SLBIC,57.0,% of 100 cm2 inside-containment steam-line break,train,NPPAD_README_case_number
severity_extrapolation,high_train_to_low_test,,SLBIC_58,SLBIC,58.0,% of 100 cm2 inside-containment steam-line break,train,NPPAD_README_case_number
severity_extrapolation,high_train_to_low_test,,SLBIC_59,SLBIC,59.0,% of 100 cm2 inside-containment steam-line break,train,NPPAD_README_case_number
severity_extrapolation,high_train_to_low_test,,SLBIC_60,SLBIC,60.0,% of 100 cm2 inside-containment steam-line break,train,NPPAD_README_case_number
severity_extrapolation,high_train_to_low_test,,SLBIC_61,SLBIC,61.0,% of 100 cm2 inside-containment steam-line break,train,NPPAD_README_case_number
severity_extrapolation,high_train_to_low_test,,SLBIC_62,SLBIC,62.0,% of 100 cm2 inside-containment steam-line break,train,NPPAD_README_case_number
severity_extrapolation,high_train_to_low_test,,SLBIC_63,SLBIC,63.0,% of 100 cm2 inside-containment steam-line break,train,NPPAD_README_case_number
severity_extrapolation,high_train_to_low_test,,SLBIC_64,SLBIC,64.0,% of 100 cm2 inside-containment steam-line break,train,NPPAD_README_case_number
severity_extrapolation,high_train_to_low_test,,SLBIC_65,SLBIC,65.0,% of 100 cm2 inside-containment steam-line break,train,NPPAD_README_case_number
severity_extrapolation,high_train_to_low_test,,SLBIC_66,SLBIC,66.0,% of 100 cm2 inside-containment steam-line break,train,NPPAD_README_case_number
severity_extrapolation,high_train_to_low_test,,SLBIC_67,SLBIC,67.0,% of 100 cm2 inside-containment steam-line break,train,NPPAD_README_case_number
severity_extrapolation,high_train_to_low_test,,SLBIC_68,SLBIC,68.0,% of 100 cm2 inside-containment steam-line break,train,NPPAD_README_case_number
severity_extrapolation,high_train_to_low_test,,SLBIC_69,SLBIC,69.0,% of 100 cm2 inside-containment steam-line break,train,NPPAD_README_case_number
severity_extrapolation,high_train_to_low_test,,SLBIC_70,SLBIC,70.0,% of 100 cm2 inside-containment steam-line break,train,NPPAD_README_case_number
severity_extrapolation,high_train_to_low_test,,SLBIC_71,SLBIC,71.0,% of 100 cm2 inside-containment steam-line break,train,NPPAD_README_case_number
severity_extrapolation,high_train_to_low_test,,SLBIC_72,SLBIC,72.0,% of 100 cm2 inside-containment steam-line break,train,NPPAD_README_case_number
severity_extrapolation,high_train_to_low_test,,SLBIC_73,SLBIC,73.0,% of 100 cm2 inside-containment steam-line break,train,NPPAD_README_case_number
severity_extrapolation,high_train_to_low_test,,SLBIC_74,SLBIC,74.0,% of 100 cm2 inside-containment steam-line break,train,NPPAD_README_case_number
severity_extrapolation,high_train_to_low_test,,SLBIC_75,SLBIC,75.0,% of 100 cm2 inside-containment steam-line break,train,NPPAD_README_case_number
severity_extrapolation,high_train_to_low_test,,SLBIC_76,SLBIC,76.0,% of 100 cm2 inside-containment steam-line break,train,NPPAD_README_case_number
severity_extrapolation,high_train_to_low_test,,SLBIC_77,SLBIC,77.0,% of 100 cm2 inside-containment steam-line break,train,NPPAD_README_case_number
severity_extrapolation,high_train_to_low_test,,SLBIC_78,SLBIC,78.0,% of 100 cm2 inside-containment steam-line break,train,NPPAD_README_case_number
severity_extrapolation,high_train_to_low_test,,SLBIC_79,SLBIC,79.0,% of 100 cm2 inside-containment steam-line break,train,NPPAD_README_case_number
severity_extrapolation,high_train_to_low_test,,SLBIC_80,SLBIC,80.0,% of 100 cm2 inside-containment steam-line break,train,NPPAD_README_case_number
severity_extrapolation,high_train_to_low_test,,SLBIC_81,SLBIC,81.0,% of 100 cm2 inside-containment steam-line break,train,NPPAD_README_case_number
severity_extrapolation,high_train_to_low_test,,SLBIC_82,SLBIC,82.0,% of 100 cm2 inside-containment steam-line break,train,NPPAD_README_case_number
severity_extrapolation,high_train_to_low_test,,SLBIC_83,SLBIC,83.0,% of 100 cm2 inside-containment steam-line break,train,NPPAD_README_case_number
severity_extrapolation,high_train_to_low_test,,SLBIC_84,SLBIC,84.0,% of 100 cm2 inside-containment steam-line break,train,NPPAD_README_case_number
severity_extrapolation,high_train_to_low_test,,SLBIC_85,SLBIC,85.0,% of 100 cm2 inside-containment steam-line break,train,NPPAD_README_case_number
severity_extrapolation,high_train_to_low_test,,SLBIC_86,SLBIC,86.0,% of 100 cm2 inside-containment steam-line break,train,NPPAD_README_case_number
severity_extrapolation,high_train_to_low_test,,SLBIC_87,SLBIC,87.0,% of 100 cm2 inside-containment steam-line break,train,NPPAD_README_case_number
severity_extrapolation,high_train_to_low_test,,SLBIC_88,SLBIC,88.0,% of 100 cm2 inside-containment steam-line break,train,NPPAD_README_case_number
severity_extrapolation,high_train_to_low_test,,SLBIC_89,SLBIC,89.0,% of 100 cm2 inside-containment steam-line break,train,NPPAD_README_case_number
severity_extrapolation,high_train_to_low_test,,SLBIC_90,SLBIC,90.0,% of 100 cm2 inside-containment steam-line break,train,NPPAD_README_case_number
severity_extrapolation,high_train_to_low_test,,SLBIC_91,SLBIC,91.0,% of 100 cm2 inside-containment steam-line break,train,NPPAD_README_case_number
severity_extrapolation,high_train_to_low_test,,SLBIC_92,SLBIC,92.0,% of 100 cm2 inside-containment steam-line break,train,NPPAD_README_case_number
severity_extrapolation,high_train_to_low_test,,SLBIC_93,SLBIC,93.0,% of 100 cm2 inside-containment steam-line break,train,NPPAD_README_case_number
severity_extrapolation,high_train_to_low_test,,SLBIC_94,SLBIC,94.0,% of 100 cm2 inside-containment steam-line break,train,NPPAD_README_case_number
severity_extrapolation,high_train_to_low_test,,SLBIC_95,SLBIC,95.0,% of 100 cm2 inside-containment steam-line break,train,NPPAD_README_case_number
severity_extrapolation,high_train_to_low_test,,SLBIC_96,SLBIC,96.0,% of 100 cm2 inside-containment steam-line break,train,NPPAD_README_case_number
severity_extrapolation,high_train_to_low_test,,SLBIC_97,SLBIC,97.0,% of 100 cm2 inside-containment steam-line break,train,NPPAD_README_case_number
severity_extrapolation,high_train_to_low_test,,SLBIC_98,SLBIC,98.0,% of 100 cm2 inside-containment steam-line break,train,NPPAD_README_case_number
severity_extrapolation,high_train_to_low_test,,SLBIC_99,SLBIC,99.0,% of 100 cm2 inside-containment steam-line break,train,NPPAD_README_case_number
severity_extrapolation,high_train_to_low_test,,SLBIC_100,SLBIC,100.0,% of 100 cm2 inside-containment steam-line break,train,NPPAD_README_case_number
severity_extrapolation,high_train_to_low_test,,SLBIC_101,SLBIC,101.0,% of 100 cm2 inside-containment steam-line break,train,NPPAD_README_case_number
severity_extrapolation,high_train_to_low_test,,SLBIC_33,SLBIC,33.0,% of 100 cm2 inside-containment steam-line break,validation,NPPAD_README_case_number
severity_extrapolation,high_train_to_low_test,,SLBIC_34,SLBIC,34.0,% of 100 cm2 inside-containment steam-line break,validation,NPPAD_README_case_number
severity_extrapolation,high_train_to_low_test,,SLBIC_35,SLBIC,35.0,% of 100 cm2 inside-containment steam-line break,validation,NPPAD_README_case_number
severity_extrapolation,high_train_to_low_test,,SLBIC_36,SLBIC,36.0,% of 100 cm2 inside-containment steam-line break,validation,NPPAD_README_case_number
severity_extrapolation,high_train_to_low_test,,SLBIC_37,SLBIC,37.0,% of 100 cm2 inside-containment steam-line break,validation,NPPAD_README_case_number
severity_extrapolation,high_train_to_low_test,,SLBIC_38,SLBIC,38.0,% of 100 cm2 inside-containment steam-line break,validation,NPPAD_README_case_number
severity_extrapolation,high_train_to_low_test,,SLBIC_39,SLBIC,39.0,% of 100 cm2 inside-containment steam-line break,validation,NPPAD_README_case_number
severity_extrapolation,high_train_to_low_test,,SLBIC_40,SLBIC,40.0,% of 100 cm2 inside-containment steam-line break,validation,NPPAD_README_case_number
severity_extrapolation,high_train_to_low_test,,SLBIC_41,SLBIC,41.0,% of 100 cm2 inside-containment steam-line break,validation,NPPAD_README_case_number
severity_extrapolation,high_train_to_low_test,,SLBIC_42,SLBIC,42.0,% of 100 cm2 inside-containment steam-line break,validation,NPPAD_README_case_number
severity_extrapolation,high_train_to_low_test,,SLBIC_43,SLBIC,43.0,% of 100 cm2 inside-containment steam-line break,validation,NPPAD_README_case_number
severity_extrapolation,high_train_to_low_test,,SLBIC_44,SLBIC,44.0,% of 100 cm2 inside-containment steam-line break,validation,NPPAD_README_case_number
severity_extrapolation,high_train_to_low_test,,SLBIC_45,SLBIC,45.0,% of 100 cm2 inside-containment steam-line break,validation,NPPAD_README_case_number
severity_extrapolation,high_train_to_low_test,,SLBIC_46,SLBIC,46.0,% of 100 cm2 inside-containment steam-line break,validation,NPPAD_README_case_number
severity_extrapolation,high_train_to_low_test,,SLBIC_14,SLBIC,14.0,% of 100 cm2 inside-containment steam-line break,test,NPPAD_README_case_number
severity_extrapolation,high_train_to_low_test,,SLBIC_15,SLBIC,15.0,% of 100 cm2 inside-containment steam-line break,test,NPPAD_README_case_number
severity_extrapolation,high_train_to_low_test,,SLBIC_16,SLBIC,16.0,% of 100 cm2 inside-containment steam-line break,test,NPPAD_README_case_number
severity_extrapolation,high_train_to_low_test,,SLBIC_17,SLBIC,17.0,% of 100 cm2 inside-containment steam-line break,test,NPPAD_README_case_number
severity_extrapolation,high_train_to_low_test,,SLBIC_18,SLBIC,18.0,% of 100 cm2 inside-containment steam-line break,test,NPPAD_README_case_number
severity_extrapolation,high_train_to_low_test,,SLBIC_19,SLBIC,19.0,% of 100 cm2 inside-containment steam-line break,test,NPPAD_README_case_number
severity_extrapolation,high_train_to_low_test,,SLBIC_20,SLBIC,20.0,% of 100 cm2 inside-containment steam-line break,test,NPPAD_README_case_number
severity_extrapolation,high_train_to_low_test,,SLBIC_21,SLBIC,21.0,% of 100 cm2 inside-containment steam-line break,test,NPPAD_README_case_number
severity_extrapolation,high_train_to_low_test,,SLBIC_22,SLBIC,22.0,% of 100 cm2 inside-containment steam-line break,test,NPPAD_README_case_number
severity_extrapolation,high_train_to_low_test,,SLBIC_23,SLBIC,23.0,% of 100 cm2 inside-containment steam-line break,test,NPPAD_README_case_number
severity_extrapolation,high_train_to_low_test,,SLBIC_24,SLBIC,24.0,% of 100 cm2 inside-containment steam-line break,test,NPPAD_README_case_number
severity_extrapolation,high_train_to_low_test,,SLBIC_25,SLBIC,25.0,% of 100 cm2 inside-containment steam-line break,test,NPPAD_README_case_number
severity_extrapolation,high_train_to_low_test,,SLBIC_26,SLBIC,26.0,% of 100 cm2 inside-containment steam-line break,test,NPPAD_README_case_number
severity_extrapolation,high_train_to_low_test,,SLBIC_27,SLBIC,27.0,% of 100 cm2 inside-containment steam-line break,test,NPPAD_README_case_number
severity_extrapolation,high_train_to_low_test,,SLBIC_28,SLBIC,28.0,% of 100 cm2 inside-containment steam-line break,test,NPPAD_README_case_number
severity_extrapolation,high_train_to_low_test,,SLBIC_29,SLBIC,29.0,% of 100 cm2 inside-containment steam-line break,test,NPPAD_README_case_number
severity_extrapolation,high_train_to_low_test,,SLBIC_30,SLBIC,30.0,% of 100 cm2 inside-containment steam-line break,test,NPPAD_README_case_number
severity_extrapolation,high_train_to_low_test,,SLBIC_31,SLBIC,31.0,% of 100 cm2 inside-containment steam-line break,test,NPPAD_README_case_number
severity_extrapolation,high_train_to_low_test,,SLBIC_32,SLBIC,32.0,% of 100 cm2 inside-containment steam-line break,gap_excluded,NPPAD_README_case_number
