split_type,split_id,window_s,feature,severity_dependency_max_abs_spearman,class_signal_max_between_share,class_signal_train_median,removed,screening_rule
random,seed_20260921,60,P,0.5393950909679599,0.8663001692379101,0.9968824765471385,False,train_only: severity_abs_spearman>=0.70 and class_signal<=train_median
random,seed_20260921,60,TAVG,0.5393950909679599,0.966616342147339,0.9968824765471385,False,train_only: severity_abs_spearman>=0.70 and class_signal<=train_median
random,seed_20260921,60,THA,0.5393950909679599,0.9908069083197152,0.9968824765471385,False,train_only: severity_abs_spearman>=0.70 and class_signal<=train_median
random,seed_20260921,60,THB,0.5393950909679599,0.9907431554983218,0.9968824765471385,False,train_only: severity_abs_spearman>=0.70 and class_signal<=train_median
random,seed_20260921,60,TCA,0.5393950909679599,0.997414231019048,0.9968824765471385,False,train_only: severity_abs_spearman>=0.70 and class_signal<=train_median
random,seed_20260921,60,TCB,0.5393950909679599,0.997408530390702,0.9968824765471385,False,train_only: severity_abs_spearman>=0.70 and class_signal<=train_median
random,seed_20260921,60,WRCA,0.0,0.0,0.9968824765471385,False,train_only: severity_abs_spearman>=0.70 and class_signal<=train_median
random,seed_20260921,60,WRCB,0.0,0.0,0.9968824765471385,False,train_only: severity_abs_spearman>=0.70 and class_signal<=train_median
random,seed_20260921,60,PSGA,0.5393950909679599,0.9963546659628569,0.9968824765471385,False,train_only: severity_abs_spearman>=0.70 and class_signal<=train_median
random,seed_20260921,60,PSGB,0.5393950909679599,0.996356422703575,0.9968824765471385,False,train_only: severity_abs_spearman>=0.70 and class_signal<=train_median
random,seed_20260921,60,WFWA,0.5393950909679599,0.9999892762735074,0.9968824765471385,False,train_only: severity_abs_spearman>=0.70 and class_signal<=train_median
random,seed_20260921,60,WFWB,0.5393950909679599,0.9999896210668993,0.9968824765471385,False,train_only: severity_abs_spearman>=0.70 and class_signal<=train_median
random,seed_20260921,60,WSTA,0.5353384722975936,0.9999999999598719,0.9968824765471385,False,train_only: severity_abs_spearman>=0.70 and class_signal<=train_median
random,seed_20260921,60,WSTB,0.48699330514815536,0.9999999999976196,0.9968824765471385,False,train_only: severity_abs_spearman>=0.70 and class_signal<=train_median
random,seed_20260921,60,VOL,0.5353384722975936,0.7842683349227011,0.9968824765471385,False,train_only: severity_abs_spearman>=0.70 and class_signal<=train_median
random,seed_20260921,60,LVPZ,0.5353384722975936,0.7843932262836663,0.9968824765471385,False,train_only: severity_abs_spearman>=0.70 and class_signal<=train_median
random,seed_20260921,60,QMWT,0.5393950909679599,0.9999630487650678,0.9968824765471385,False,train_only: severity_abs_spearman>=0.70 and class_signal<=train_median
random,seed_20260921,60,LSGA,0.42024513821337395,0.9996633122375618,0.9968824765471385,False,train_only: severity_abs_spearman>=0.70 and class_signal<=train_median
random,seed_20260921,60,LSGB,0.42024513821337395,0.9996627369552848,0.9968824765471385,False,train_only: severity_abs_spearman>=0.70 and class_signal<=train_median
random,seed_20260921,60,QMGA,0.5393950909679599,0.9999976127672969,0.9968824765471385,False,train_only: severity_abs_spearman>=0.70 and class_signal<=train_median
random,seed_20260921,60,QMGB,0.5393950909679599,0.9999975448680584,0.9968824765471385,False,train_only: severity_abs_spearman>=0.70 and class_signal<=train_median
random,seed_20260921,60,NSGA,0.5297257929331627,0.9997854122581811,0.9968824765471385,False,train_only: severity_abs_spearman>=0.70 and class_signal<=train_median
random,seed_20260921,60,NSGB,0.5297257929331627,0.9997794066025556,0.9968824765471385,False,train_only: severity_abs_spearman>=0.70 and class_signal<=train_median
random,seed_20260921,60,TSAT,0.5393950909679599,0.8502516193502359,0.9968824765471385,False,train_only: severity_abs_spearman>=0.70 and class_signal<=train_median
random,seed_20260921,60,LVCR,0.0,0.0,0.9968824765471385,False,train_only: severity_abs_spearman>=0.70 and class_signal<=train_median
random,seed_20260921,60,RHBR,0.0,0.0,0.9968824765471385,False,train_only: severity_abs_spearman>=0.70 and class_signal<=train_median
random,seed_20260921,60,RHMT,0.5393950909679599,0.9861322979574854,0.9968824765471385,False,train_only: severity_abs_spearman>=0.70 and class_signal<=train_median
random,seed_20260921,60,RHFL,0.5393950909679599,0.9869104017125372,0.9968824765471385,False,train_only: severity_abs_spearman>=0.70 and class_signal<=train_median
random,seed_20260921,60,RH,0.5393950909679599,0.9992073819003551,0.9968824765471385,False,train_only: severity_abs_spearman>=0.70 and class_signal<=train_median
random,seed_20260921,60,PWNT,0.5393950909679599,0.9998789227193992,0.9968824765471385,False,train_only: severity_abs_spearman>=0.70 and class_signal<=train_median
random,seed_20260921,60,PWR,0.5393950909679599,0.9998482350186744,0.9968824765471385,False,train_only: severity_abs_spearman>=0.70 and class_signal<=train_median
random,seed_20260921,60,TFSB,0.5393950909679599,0.9997444941423419,0.9968824765471385,False,train_only: severity_abs_spearman>=0.70 and class_signal<=train_median
random,seed_20260921,60,TFPK,0.5393950909679599,0.9997357368691804,0.9968824765471385,False,train_only: severity_abs_spearman>=0.70 and class_signal<=train_median
random,seed_20260921,60,TF,0.5393950909679599,0.9997357368691804,0.9968824765471385,False,train_only: severity_abs_spearman>=0.70 and class_signal<=train_median
random,seed_20260921,60,PPM,0.0,0.0,0.9968824765471385,False,train_only: severity_abs_spearman>=0.70 and class_signal<=train_median
random,seed_20260921,60,RRCA,0.0,0.0,0.9968824765471385,False,train_only: severity_abs_spearman>=0.70 and class_signal<=train_median
random,seed_20260921,60,RRCB,0.0,0.0,0.9968824765471385,False,train_only: severity_abs_spearman>=0.70 and class_signal<=train_median
random,seed_20260921,60,RRCO,0.0,0.0,0.9968824765471385,False,train_only: severity_abs_spearman>=0.70 and class_signal<=train_median
random,seed_20260921,90,P,0.5353384722975936,0.9616644349089504,0.9986663501838864,False,train_only: severity_abs_spearman>=0.70 and class_signal<=train_median
random,seed_20260921,90,TAVG,0.5393950909679599,0.987476570852876,0.9986663501838864,False,train_only: severity_abs_spearman>=0.70 and class_signal<=train_median
random,seed_20260921,90,THA,0.5393950909679599,0.9967528527079884,0.9986663501838864,False,train_only: severity_abs_spearman>=0.70 and class_signal<=train_median
random,seed_20260921,90,THB,0.5393950909679599,0.9967284568502421,0.9986663501838864,False,train_only: severity_abs_spearman>=0.70 and class_signal<=train_median
random,seed_20260921,90,TCA,0.5393950909679599,0.9987470500963745,0.9986663501838864,False,train_only: severity_abs_spearman>=0.70 and class_signal<=train_median
random,seed_20260921,90,TCB,0.5393950909679599,0.9987420231316786,0.9986663501838864,False,train_only: severity_abs_spearman>=0.70 and class_signal<=train_median
random,seed_20260921,90,WRCA,0.0,0.0,0.9986663501838864,False,train_only: severity_abs_spearman>=0.70 and class_signal<=train_median
random,seed_20260921,90,WRCB,0.0,0.0,0.9986663501838864,False,train_only: severity_abs_spearman>=0.70 and class_signal<=train_median
random,seed_20260921,90,PSGA,0.5393950909679599,0.998590289647657,0.9986663501838864,False,train_only: severity_abs_spearman>=0.70 and class_signal<=train_median
random,seed_20260921,90,PSGB,0.5393950909679599,0.9985906772360942,0.9986663501838864,False,train_only: severity_abs_spearman>=0.70 and class_signal<=train_median
random,seed_20260921,90,WFWA,0.5393950909679599,0.9999886972792441,0.9986663501838864,False,train_only: severity_abs_spearman>=0.70 and class_signal<=train_median
random,seed_20260921,90,WFWB,0.5393950909679599,0.9999889162550125,0.9986663501838864,False,train_only: severity_abs_spearman>=0.70 and class_signal<=train_median
random,seed_20260921,90,WSTA,0.5353384722975936,0.9999999999084991,0.9986663501838864,False,train_only: severity_abs_spearman>=0.70 and class_signal<=train_median
random,seed_20260921,90,WSTB,0.13351231050920398,0.9999999999582567,0.9986663501838864,False,train_only: severity_abs_spearman>=0.70 and class_signal<=train_median
random,seed_20260921,90,VOL,0.5353384722975936,0.8200605719446777,0.9986663501838864,False,train_only: severity_abs_spearman>=0.70 and class_signal<=train_median
random,seed_20260921,90,LVPZ,0.5353384722975936,0.8202201875011353,0.9986663501838864,False,train_only: severity_abs_spearman>=0.70 and class_signal<=train_median
random,seed_20260921,90,QMWT,0.5393950909679599,0.999999832333803,0.9986663501838864,False,train_only: severity_abs_spearman>=0.70 and class_signal<=train_median
random,seed_20260921,90,LSGA,0.42024513821337395,0.9999408625680954,0.9986663501838864,False,train_only: severity_abs_spearman>=0.70 and class_signal<=train_median
random,seed_20260921,90,LSGB,0.42024513821337395,0.9999409793543987,0.9986663501838864,False,train_only: severity_abs_spearman>=0.70 and class_signal<=train_median
random,seed_20260921,90,QMGA,0.5393950909679599,0.9999993480523082,0.9986663501838864,False,train_only: severity_abs_spearman>=0.70 and class_signal<=train_median
random,seed_20260921,90,QMGB,0.5393950909679599,0.9999993128114677,0.9986663501838864,False,train_only: severity_abs_spearman>=0.70 and class_signal<=train_median
random,seed_20260921,90,NSGA,0.5393950909679599,0.9998966607377159,0.9986663501838864,False,train_only: severity_abs_spearman>=0.70 and class_signal<=train_median
random,seed_20260921,90,NSGB,0.5393950909679599,0.9998973538529184,0.9986663501838864,False,train_only: severity_abs_spearman>=0.70 and class_signal<=train_median
random,seed_20260921,90,TSAT,0.5353384722975936,0.9482491166724426,0.9986663501838864,False,train_only: severity_abs_spearman>=0.70 and class_signal<=train_median
random,seed_20260921,90,LVCR,0.0,0.0,0.9986663501838864,False,train_only: severity_abs_spearman>=0.70 and class_signal<=train_median
random,seed_20260921,90,RHBR,0.0,0.0,0.9986663501838864,False,train_only: severity_abs_spearman>=0.70 and class_signal<=train_median
random,seed_20260921,90,RHMT,0.5393950909679599,0.9943070577460167,0.9986663501838864,False,train_only: severity_abs_spearman>=0.70 and class_signal<=train_median
random,seed_20260921,90,RHFL,0.5393950909679599,0.9944648071349734,0.9986663501838864,False,train_only: severity_abs_spearman>=0.70 and class_signal<=train_median
random,seed_20260921,90,RH,0.42024513821337395,0.999999615579035,0.9986663501838864,False,train_only: severity_abs_spearman>=0.70 and class_signal<=train_median
random,seed_20260921,90,PWNT,0.5393950909679599,0.9999884069430492,0.9986663501838864,False,train_only: severity_abs_spearman>=0.70 and class_signal<=train_median
random,seed_20260921,90,PWR,0.5393950909679599,0.9999872279093666,0.9986663501838864,False,train_only: severity_abs_spearman>=0.70 and class_signal<=train_median
random,seed_20260921,90,TFSB,0.5393950909679599,0.9999637102293105,0.9986663501838864,False,train_only: severity_abs_spearman>=0.70 and class_signal<=train_median
random,seed_20260921,90,TFPK,0.5393950909679599,0.9999631596008158,0.9986663501838864,False,train_only: severity_abs_spearman>=0.70 and class_signal<=train_median
random,seed_20260921,90,TF,0.5393950909679599,0.9999631596008158,0.9986663501838864,False,train_only: severity_abs_spearman>=0.70 and class_signal<=train_median
random,seed_20260921,90,PPM,0.0,0.0,0.9986663501838864,False,train_only: severity_abs_spearman>=0.70 and class_signal<=train_median
random,seed_20260921,90,RRCA,0.0,0.0,0.9986663501838864,False,train_only: severity_abs_spearman>=0.70 and class_signal<=train_median
random,seed_20260921,90,RRCB,0.0,0.0,0.9986663501838864,False,train_only: severity_abs_spearman>=0.70 and class_signal<=train_median
random,seed_20260921,90,RRCO,0.0,0.0,0.9986663501838864,False,train_only: severity_abs_spearman>=0.70 and class_signal<=train_median
random,seed_20260921,120,P,0.21005400281136766,0.6696235846147032,0.7725659928923503,False,train_only: severity_abs_spearman>=0.70 and class_signal<=train_median
random,seed_20260921,120,TAVG,0.36096465245072623,0.8012487788937321,0.7725659928923503,False,train_only: severity_abs_spearman>=0.70 and class_signal<=train_median
random,seed_20260921,120,THA,0.12776018167857814,0.7939560566904316,0.7725659928923503,False,train_only: severity_abs_spearman>=0.70 and class_signal<=train_median
random,seed_20260921,120,THB,0.0728303197675933,0.7899468592278018,0.7725659928923503,False,train_only: severity_abs_spearman>=0.70 and class_signal<=train_median
random,seed_20260921,120,TCA,0.3998816844437682,0.9498455386048821,0.7725659928923503,False,train_only: severity_abs_spearman>=0.70 and class_signal<=train_median
random,seed_20260921,120,TCB,0.40123553207560414,0.9733107177624809,0.7725659928923503,False,train_only: severity_abs_spearman>=0.70 and class_signal<=train_median
random,seed_20260921,120,WRCA,0.4097034229757792,0.6807398731550972,0.7725659928923503,False,train_only: severity_abs_spearman>=0.70 and class_signal<=train_median
random,seed_20260921,120,WRCB,0.40970658200073024,0.74807194620879,0.7725659928923503,False,train_only: severity_abs_spearman>=0.70 and class_signal<=train_median
random,seed_20260921,120,PSGA,0.3525283427059596,0.961571385628599,0.7725659928923503,False,train_only: severity_abs_spearman>=0.70 and class_signal<=train_median
random,seed_20260921,120,PSGB,0.5211478028472466,0.9867057086795404,0.7725659928923503,False,train_only: severity_abs_spearman>=0.70 and class_signal<=train_median
random,seed_20260921,120,WFWA,0.09136757675603513,0.8246196393414692,0.7725659928923503,False,train_only: severity_abs_spearman>=0.70 and class_signal<=train_median
random,seed_20260921,120,WFWB,0.08826533252689561,0.8369512038982291,0.7725659928923503,False,train_only: severity_abs_spearman>=0.70 and class_signal<=train_median
random,seed_20260921,120,WSTA,0.22408591315263418,0.8928227679108138,0.7725659928923503,False,train_only: severity_abs_spearman>=0.70 and class_signal<=train_median
random,seed_20260921,120,WSTB,0.1954975935024734,0.8987571758284112,0.7725659928923503,False,train_only: severity_abs_spearman>=0.70 and class_signal<=train_median
random,seed_20260921,120,VOL,0.2135698120722819,0.6950899913520545,0.7725659928923503,False,train_only: severity_abs_spearman>=0.70 and class_signal<=train_median
random,seed_20260921,120,LVPZ,0.2135696728506499,0.6950913456244576,0.7725659928923503,False,train_only: severity_abs_spearman>=0.70 and class_signal<=train_median
random,seed_20260921,120,QMWT,0.060935139678235335,0.7725666501094799,0.7725659928923503,False,train_only: severity_abs_spearman>=0.70 and class_signal<=train_median
random,seed_20260921,120,LSGA,0.3160041362185159,0.9535784230376194,0.7725659928923503,False,train_only: severity_abs_spearman>=0.70 and class_signal<=train_median
random,seed_20260921,120,LSGB,0.6076926011506115,0.9840630192207693,0.7725659928923503,False,train_only: severity_abs_spearman>=0.70 and class_signal<=train_median
random,seed_20260921,120,QMGA,0.14459025810809006,0.8392478285373922,0.7725659928923503,False,train_only: severity_abs_spearman>=0.70 and class_signal<=train_median
random,seed_20260921,120,QMGB,0.3988924474825943,0.8330596213190634,0.7725659928923503,False,train_only: severity_abs_spearman>=0.70 and class_signal<=train_median
random,seed_20260921,120,NSGA,0.15906465549683677,0.6099559964167325,0.7725659928923503,False,train_only: severity_abs_spearman>=0.70 and class_signal<=train_median
random,seed_20260921,120,NSGB,0.18395586664559063,0.6214616348522533,0.7725659928923503,False,train_only: severity_abs_spearman>=0.70 and class_signal<=train_median
random,seed_20260921,120,TSAT,0.21118143923775973,0.6609630329829552,0.7725659928923503,False,train_only: severity_abs_spearman>=0.70 and class_signal<=train_median
random,seed_20260921,120,LVCR,0.0,0.0,0.7725659928923503,False,train_only: severity_abs_spearman>=0.70 and class_signal<=train_median
random,seed_20260921,120,RHBR,0.0,0.0,0.7725659928923503,False,train_only: severity_abs_spearman>=0.70 and class_signal<=train_median
random,seed_20260921,120,RHMT,0.34206607467933786,0.8346796515920819,0.7725659928923503,False,train_only: severity_abs_spearman>=0.70 and class_signal<=train_median
random,seed_20260921,120,RHFL,0.05545030934227758,0.7700981763833245,0.7725659928923503,False,train_only: severity_abs_spearman>=0.70 and class_signal<=train_median
random,seed_20260921,120,RH,0.18957734068765109,0.7028670690467316,0.7725659928923503,False,train_only: severity_abs_spearman>=0.70 and class_signal<=train_median
random,seed_20260921,120,PWNT,0.05002001322056228,0.8076657863180549,0.7725659928923503,False,train_only: severity_abs_spearman>=0.70 and class_signal<=train_median
random,seed_20260921,120,PWR,0.05230561679906225,0.7725653356752206,0.7725659928923503,False,train_only: severity_abs_spearman>=0.70 and class_signal<=train_median
random,seed_20260921,120,TFSB,0.05139414658351949,0.7755802361998009,0.7725659928923503,False,train_only: severity_abs_spearman>=0.70 and class_signal<=train_median
random,seed_20260921,120,TFPK,0.05310949743922938,0.7700825361098778,0.7725659928923503,False,train_only: severity_abs_spearman>=0.70 and class_signal<=train_median
random,seed_20260921,120,TF,0.05310949743922938,0.7700825361098778,0.7725659928923503,False,train_only: severity_abs_spearman>=0.70 and class_signal<=train_median
random,seed_20260921,120,PPM,0.0,0.0,0.7725659928923503,False,train_only: severity_abs_spearman>=0.70 and class_signal<=train_median
random,seed_20260921,120,RRCA,0.4097034229757792,0.6807391164854697,0.7725659928923503,False,train_only: severity_abs_spearman>=0.70 and class_signal<=train_median
random,seed_20260921,120,RRCB,0.40970658200073024,0.7480708452831275,0.7725659928923503,False,train_only: severity_abs_spearman>=0.70 and class_signal<=train_median
random,seed_20260921,120,RRCO,0.40970658200073024,0.7177918984531279,0.7725659928923503,False,train_only: severity_abs_spearman>=0.70 and class_signal<=train_median
random,seed_20261930,60,P,0.5505583715543244,0.8246666851811181,0.9956606796558362,False,train_only: severity_abs_spearman>=0.70 and class_signal<=train_median
random,seed_20261930,60,TAVG,0.5505583715543244,0.9540447150886444,0.9956606796558362,False,train_only: severity_abs_spearman>=0.70 and class_signal<=train_median
random,seed_20261930,60,THA,0.5505583715543244,0.9872244393597475,0.9956606796558362,False,train_only: severity_abs_spearman>=0.70 and class_signal<=train_median
random,seed_20261930,60,THB,0.5505583715543244,0.9871361384220616,0.9956606796558362,False,train_only: severity_abs_spearman>=0.70 and class_signal<=train_median
random,seed_20261930,60,TCA,0.5505583715543244,0.9964003927052236,0.9956606796558362,False,train_only: severity_abs_spearman>=0.70 and class_signal<=train_median
random,seed_20261930,60,TCB,0.5505583715543244,0.9963924595656725,0.9956606796558362,False,train_only: severity_abs_spearman>=0.70 and class_signal<=train_median
random,seed_20261930,60,WRCA,0.0,0.0,0.9956606796558362,False,train_only: severity_abs_spearman>=0.70 and class_signal<=train_median
random,seed_20261930,60,WRCB,0.0,0.0,0.9956606796558362,False,train_only: severity_abs_spearman>=0.70 and class_signal<=train_median
random,seed_20261930,60,PSGA,0.5505583715543244,0.9949264563673067,0.9956606796558362,False,train_only: severity_abs_spearman>=0.70 and class_signal<=train_median
random,seed_20261930,60,PSGB,0.5505583715543244,0.9949288997459999,0.9956606796558362,False,train_only: severity_abs_spearman>=0.70 and class_signal<=train_median
random,seed_20261930,60,WFWA,0.5505583715543244,0.9999850804486691,0.9956606796558362,False,train_only: severity_abs_spearman>=0.70 and class_signal<=train_median
random,seed_20261930,60,WFWB,0.5505583715543244,0.9999855601721296,0.9956606796558362,False,train_only: severity_abs_spearman>=0.70 and class_signal<=train_median
random,seed_20261930,60,WSTA,0.5454265567097273,0.9999999999441768,0.9956606796558362,False,train_only: severity_abs_spearman>=0.70 and class_signal<=train_median
random,seed_20261930,60,WSTB,0.49626626789320594,0.9999999999966885,0.9956606796558362,False,train_only: severity_abs_spearman>=0.70 and class_signal<=train_median
random,seed_20261930,60,VOL,0.5454265567097273,0.7272609814533569,0.9956606796558362,False,train_only: severity_abs_spearman>=0.70 and class_signal<=train_median
random,seed_20261930,60,LVPZ,0.5454265567097273,0.727418862161487,0.9956606796558362,False,train_only: severity_abs_spearman>=0.70 and class_signal<=train_median
random,seed_20261930,60,QMWT,0.5505583715543244,0.9999486224809035,0.9956606796558362,False,train_only: severity_abs_spearman>=0.70 and class_signal<=train_median
random,seed_20261930,60,LSGA,0.37655233555015377,0.9995315445744857,0.9956606796558362,False,train_only: severity_abs_spearman>=0.70 and class_signal<=train_median
random,seed_20261930,60,LSGB,0.37655233555015377,0.9995307436921796,0.9956606796558362,False,train_only: severity_abs_spearman>=0.70 and class_signal<=train_median
random,seed_20261930,60,QMGA,0.5505583715543244,0.9999966792499095,0.9956606796558362,False,train_only: severity_abs_spearman>=0.70 and class_signal<=train_median
random,seed_20261930,60,QMGB,0.5505583715543244,0.9999965848020103,0.9956606796558362,False,train_only: severity_abs_spearman>=0.70 and class_signal<=train_median
random,seed_20261930,60,NSGA,0.5357858868732519,0.9997013794548187,0.9956606796558362,False,train_only: severity_abs_spearman>=0.70 and class_signal<=train_median
random,seed_20261930,60,NSGB,0.5357858868732519,0.9996930210567448,0.9956606796558362,False,train_only: severity_abs_spearman>=0.70 and class_signal<=train_median
random,seed_20261930,60,TSAT,0.5505583715543244,0.8051169614765834,0.9956606796558362,False,train_only: severity_abs_spearman>=0.70 and class_signal<=train_median
random,seed_20261930,60,LVCR,0.0,0.0,0.9956606796558362,False,train_only: severity_abs_spearman>=0.70 and class_signal<=train_median
random,seed_20261930,60,RHBR,0.0,0.0,0.9956606796558362,False,train_only: severity_abs_spearman>=0.70 and class_signal<=train_median
random,seed_20261930,60,RHMT,0.5505583715543244,0.9807601847447919,0.9956606796558362,False,train_only: severity_abs_spearman>=0.70 and class_signal<=train_median
random,seed_20261930,60,RHFL,0.5505583715543244,0.9818327816373125,0.9956606796558362,False,train_only: severity_abs_spearman>=0.70 and class_signal<=train_median
random,seed_20261930,60,RH,0.5505583715543244,0.9988966467017965,0.9956606796558362,False,train_only: severity_abs_spearman>=0.70 and class_signal<=train_median
random,seed_20261930,60,PWNT,0.5505583715543244,0.9998316922341083,0.9956606796558362,False,train_only: severity_abs_spearman>=0.70 and class_signal<=train_median
random,seed_20261930,60,PWR,0.5505583715543244,0.999789054763793,0.9956606796558362,False,train_only: severity_abs_spearman>=0.70 and class_signal<=train_median
random,seed_20261930,60,TFSB,0.5505583715543244,0.9996449359180976,0.9956606796558362,False,train_only: severity_abs_spearman>=0.70 and class_signal<=train_median
random,seed_20261930,60,TFPK,0.5505583715543244,0.9996327741298857,0.9956606796558362,False,train_only: severity_abs_spearman>=0.70 and class_signal<=train_median
random,seed_20261930,60,TF,0.5505583715543244,0.9996327741298857,0.9956606796558362,False,train_only: severity_abs_spearman>=0.70 and class_signal<=train_median
random,seed_20261930,60,PPM,0.0,0.0,0.9956606796558362,False,train_only: severity_abs_spearman>=0.70 and class_signal<=train_median
random,seed_20261930,60,RRCA,0.0,0.0,0.9956606796558362,False,train_only: severity_abs_spearman>=0.70 and class_signal<=train_median
random,seed_20261930,60,RRCB,0.0,0.0,0.9956606796558362,False,train_only: severity_abs_spearman>=0.70 and class_signal<=train_median
random,seed_20261930,60,RRCO,0.0,0.0,0.9956606796558362,False,train_only: severity_abs_spearman>=0.70 and class_signal<=train_median
random,seed_20261930,90,P,0.5454265567097273,0.9476435069561232,0.9981433250221927,False,train_only: severity_abs_spearman>=0.70 and class_signal<=train_median
random,seed_20261930,90,TAVG,0.5505583715543244,0.982617100274441,0.9981433250221927,False,train_only: severity_abs_spearman>=0.70 and class_signal<=train_median
random,seed_20261930,90,THA,0.5505583715543244,0.995480302145745,0.9981433250221927,False,train_only: severity_abs_spearman>=0.70 and class_signal<=train_median
random,seed_20261930,90,THB,0.5505583715543244,0.9954463675438209,0.9981433250221927,False,train_only: severity_abs_spearman>=0.70 and class_signal<=train_median
random,seed_20261930,90,TCA,0.5505583715543244,0.9982556653200867,0.9981433250221927,False,train_only: severity_abs_spearman>=0.70 and class_signal<=train_median
random,seed_20261930,90,TCB,0.5505583715543244,0.9982486664271997,0.9981433250221927,False,train_only: severity_abs_spearman>=0.70 and class_signal<=train_median
random,seed_20261930,90,WRCA,0.0,0.0,0.9981433250221927,False,train_only: severity_abs_spearman>=0.70 and class_signal<=train_median
random,seed_20261930,90,WRCB,0.0,0.0,0.9981433250221927,False,train_only: severity_abs_spearman>=0.70 and class_signal<=train_median
random,seed_20261930,90,PSGA,0.5505583715543244,0.99803744401119,0.9981433250221927,False,train_only: severity_abs_spearman>=0.70 and class_signal<=train_median
random,seed_20261930,90,PSGB,0.5505583715543244,0.9980379836171857,0.9981433250221927,False,train_only: severity_abs_spearman>=0.70 and class_signal<=train_median
random,seed_20261930,90,WFWA,0.5505583715543244,0.9999842745507223,0.9981433250221927,False,train_only: severity_abs_spearman>=0.70 and class_signal<=train_median
random,seed_20261930,90,WFWB,0.5505583715543244,0.9999845792322132,0.9981433250221927,False,train_only: severity_abs_spearman>=0.70 and class_signal<=train_median
random,seed_20261930,90,WSTA,0.5454265567097273,0.9999999998728195,0.9981433250221927,False,train_only: severity_abs_spearman>=0.70 and class_signal<=train_median
random,seed_20261930,90,WSTB,0.15046494079220382,0.9999999999419296,0.9981433250221927,False,train_only: severity_abs_spearman>=0.70 and class_signal<=train_median
random,seed_20261930,90,VOL,0.5454265567097273,0.769036267866454,0.9981433250221927,False,train_only: severity_abs_spearman>=0.70 and class_signal<=train_median
random,seed_20261930,90,LVPZ,0.5454265567097273,0.7692136434087518,0.9981433250221927,False,train_only: severity_abs_spearman>=0.70 and class_signal<=train_median
random,seed_20261930,90,QMWT,0.5505583715543244,0.9999997667734167,0.9981433250221927,False,train_only: severity_abs_spearman>=0.70 and class_signal<=train_median
random,seed_20261930,90,LSGA,0.37655233555015377,0.9999178387257549,0.9981433250221927,False,train_only: severity_abs_spearman>=0.70 and class_signal<=train_median
random,seed_20261930,90,LSGB,0.37655233555015377,0.9999180012209369,0.9981433250221927,False,train_only: severity_abs_spearman>=0.70 and class_signal<=train_median
random,seed_20261930,90,QMGA,0.5505583715543244,0.9999990930245578,0.9981433250221927,False,train_only: severity_abs_spearman>=0.70 and class_signal<=train_median
random,seed_20261930,90,QMGB,0.5505583715543244,0.999999043997554,0.9981433250221927,False,train_only: severity_abs_spearman>=0.70 and class_signal<=train_median
random,seed_20261930,90,NSGA,0.5505583715543244,0.9998563717464718,0.9981433250221927,False,train_only: severity_abs_spearman>=0.70 and class_signal<=train_median
random,seed_20261930,90,NSGB,0.5505583715543244,0.9998573350378029,0.9981433250221927,False,train_only: severity_abs_spearman>=0.70 and class_signal<=train_median
random,seed_20261930,90,TSAT,0.5454265567097273,0.9297671359293673,0.9981433250221927,False,train_only: severity_abs_spearman>=0.70 and class_signal<=train_median
random,seed_20261930,90,LVCR,0.0,0.0,0.9981433250221927,False,train_only: severity_abs_spearman>=0.70 and class_signal<=train_median
random,seed_20261930,90,RHBR,0.0,0.0,0.9981433250221927,False,train_only: severity_abs_spearman>=0.70 and class_signal<=train_median
random,seed_20261930,90,RHMT,0.5505583715543244,0.9920813474856006,0.9981433250221927,False,train_only: severity_abs_spearman>=0.70 and class_signal<=train_median
random,seed_20261930,90,RHFL,0.5505583715543244,0.9922994957945859,0.9981433250221927,False,train_only: severity_abs_spearman>=0.70 and class_signal<=train_median
random,seed_20261930,90,RH,0.37655233555015377,0.9999995193564449,0.9981433250221927,False,train_only: severity_abs_spearman>=0.70 and class_signal<=train_median
random,seed_20261930,90,PWNT,0.5505583715543244,0.9999838764442658,0.9981433250221927,False,train_only: severity_abs_spearman>=0.70 and class_signal<=train_median
random,seed_20261930,90,PWR,0.5505583715543244,0.9999822369240319,0.9981433250221927,False,train_only: severity_abs_spearman>=0.70 and class_signal<=train_median
random,seed_20261930,90,TFSB,0.5505583715543244,0.9999495349947366,0.9981433250221927,False,train_only: severity_abs_spearman>=0.70 and class_signal<=train_median
random,seed_20261930,90,TFPK,0.5505583715543244,0.9999487694632296,0.9981433250221927,False,train_only: severity_abs_spearman>=0.70 and class_signal<=train_median
random,seed_20261930,90,TF,0.5505583715543244,0.9999487694632296,0.9981433250221927,False,train_only: severity_abs_spearman>=0.70 and class_signal<=train_median
random,seed_20261930,90,PPM,0.0,0.0,0.9981433250221927,False,train_only: severity_abs_spearman>=0.70 and class_signal<=train_median
random,seed_20261930,90,RRCA,0.0,0.0,0.9981433250221927,False,train_only: severity_abs_spearman>=0.70 and class_signal<=train_median
random,seed_20261930,90,RRCB,0.0,0.0,0.9981433250221927,False,train_only: severity_abs_spearman>=0.70 and class_signal<=train_median
random,seed_20261930,90,RRCO,0.0,0.0,0.9981433250221927,False,train_only: severity_abs_spearman>=0.70 and class_signal<=train_median
random,seed_20261930,120,P,0.18519149131177218,0.6980438416170891,0.7802751686088935,False,train_only: severity_abs_spearman>=0.70 and class_signal<=train_median
random,seed_20261930,120,TAVG,0.3868626957185741,0.8052375737364414,0.7802751686088935,False,train_only: severity_abs_spearman>=0.70 and class_signal<=train_median
random,seed_20261930,120,THA,0.13683136541368296,0.7922157293933977,0.7802751686088935,False,train_only: severity_abs_spearman>=0.70 and class_signal<=train_median
random,seed_20261930,120,THB,0.06792617851779736,0.7907734268992317,0.7802751686088935,False,train_only: severity_abs_spearman>=0.70 and class_signal<=train_median
random,seed_20261930,120,TCA,0.42006055557870053,0.9547287319924319,0.7802751686088935,False,train_only: severity_abs_spearman>=0.70 and class_signal<=train_median
random,seed_20261930,120,TCB,0.4224466108489166,0.9786987389743682,0.7802751686088935,False,train_only: severity_abs_spearman>=0.70 and class_signal<=train_median
random,seed_20261930,120,WRCA,0.3988334081820216,0.6733204003061811,0.7802751686088935,False,train_only: severity_abs_spearman>=0.70 and class_signal<=train_median
random,seed_20261930,120,WRCB,0.39883557162495015,0.7190050823845521,0.7802751686088935,False,train_only: severity_abs_spearman>=0.70 and class_signal<=train_median
random,seed_20261930,120,PSGA,0.38306477770546515,0.9613507474620449,0.7802751686088935,False,train_only: severity_abs_spearman>=0.70 and class_signal<=train_median
random,seed_20261930,120,PSGB,0.5346762680101,0.9861742687876027,0.7802751686088935,False,train_only: severity_abs_spearman>=0.70 and class_signal<=train_median
random,seed_20261930,120,WFWA,0.13640658801503575,0.8262920995867884,0.7802751686088935,False,train_only: severity_abs_spearman>=0.70 and class_signal<=train_median
random,seed_20261930,120,WFWB,0.12750812936987754,0.8389500638659915,0.7802751686088935,False,train_only: severity_abs_spearman>=0.70 and class_signal<=train_median
random,seed_20261930,120,WSTA,0.1868221728545587,0.8804439521070184,0.7802751686088935,False,train_only: severity_abs_spearman>=0.70 and class_signal<=train_median
random,seed_20261930,120,WSTB,0.16591497271031547,0.8854606786678499,0.7802751686088935,False,train_only: severity_abs_spearman>=0.70 and class_signal<=train_median
random,seed_20261930,120,VOL,0.18862783576261904,0.7259110790433674,0.7802751686088935,False,train_only: severity_abs_spearman>=0.70 and class_signal<=train_median
random,seed_20261930,120,LVPZ,0.18862779477513247,0.7259107636553175,0.7802751686088935,False,train_only: severity_abs_spearman>=0.70 and class_signal<=train_median
random,seed_20261930,120,QMWT,0.07596352512845173,0.7802759533783981,0.7802751686088935,False,train_only: severity_abs_spearman>=0.70 and class_signal<=train_median
random,seed_20261930,120,LSGA,0.3402917287827617,0.9520215200571117,0.7802751686088935,False,train_only: severity_abs_spearman>=0.70 and class_signal<=train_median
random,seed_20261930,120,LSGB,0.5970495315565221,0.9827938265656176,0.7802751686088935,False,train_only: severity_abs_spearman>=0.70 and class_signal<=train_median
random,seed_20261930,120,QMGA,0.1922888685775018,0.8367529345572369,0.7802751686088935,False,train_only: severity_abs_spearman>=0.70 and class_signal<=train_median
random,seed_20261930,120,QMGB,0.39926737248628197,0.8323488480165109,0.7802751686088935,False,train_only: severity_abs_spearman>=0.70 and class_signal<=train_median
random,seed_20261930,120,NSGA,0.10279721298384263,0.6091761031506424,0.7802751686088935,False,train_only: severity_abs_spearman>=0.70 and class_signal<=train_median
random,seed_20261930,120,NSGB,0.18585270942267196,0.6234977686920836,0.7802751686088935,False,train_only: severity_abs_spearman>=0.70 and class_signal<=train_median
random,seed_20261930,120,TSAT,0.1869571688476492,0.6881367910254179,0.7802751686088935,False,train_only: severity_abs_spearman>=0.70 and class_signal<=train_median
random,seed_20261930,120,LVCR,0.0,0.0,0.7802751686088935,False,train_only: severity_abs_spearman>=0.70 and class_signal<=train_median
random,seed_20261930,120,RHBR,0.0,0.0,0.7802751686088935,False,train_only: severity_abs_spearman>=0.70 and class_signal<=train_median
random,seed_20261930,120,RHMT,0.38137869035583105,0.8374887258754297,0.7802751686088935,False,train_only: severity_abs_spearman>=0.70 and class_signal<=train_median
random,seed_20261930,120,RHFL,0.080421741231548,0.7778948342761371,0.7802751686088935,False,train_only: severity_abs_spearman>=0.70 and class_signal<=train_median
random,seed_20261930,120,RH,0.1600432898292069,0.703399652267618,0.7802751686088935,False,train_only: severity_abs_spearman>=0.70 and class_signal<=train_median
random,seed_20261930,120,PWNT,0.06609188461578772,0.8139440827178647,0.7802751686088935,False,train_only: severity_abs_spearman>=0.70 and class_signal<=train_median
random,seed_20261930,120,PWR,0.07598430935270858,0.7802743838393889,0.7802751686088935,False,train_only: severity_abs_spearman>=0.70 and class_signal<=train_median
random,seed_20261930,120,TFSB,0.07454608433460115,0.7834305318001004,0.7802751686088935,False,train_only: severity_abs_spearman>=0.70 and class_signal<=train_median
random,seed_20261930,120,TFPK,0.07663295035139138,0.777883299145701,0.7802751686088935,False,train_only: severity_abs_spearman>=0.70 and class_signal<=train_median
random,seed_20261930,120,TF,0.07663295035139138,0.777883299145701,0.7802751686088935,False,train_only: severity_abs_spearman>=0.70 and class_signal<=train_median
random,seed_20261930,120,PPM,0.0,0.0,0.7802751686088935,False,train_only: severity_abs_spearman>=0.70 and class_signal<=train_median
random,seed_20261930,120,RRCA,0.3988334081820216,0.6733202956499161,0.7802751686088935,False,train_only: severity_abs_spearman>=0.70 and class_signal<=train_median
random,seed_20261930,120,RRCB,0.39883557162495015,0.7190042148033745,0.7802751686088935,False,train_only: severity_abs_spearman>=0.70 and class_signal<=train_median
random,seed_20261930,120,RRCO,0.39883557162495015,0.6989662068994661,0.7802751686088935,False,train_only: severity_abs_spearman>=0.70 and class_signal<=train_median
random,seed_20262939,60,P,0.5324667492011582,0.8766307949658033,0.9971570197093669,False,train_only: severity_abs_spearman>=0.70 and class_signal<=train_median
random,seed_20262939,60,TAVG,0.5324667492011582,0.9694996275751938,0.9971570197093669,False,train_only: severity_abs_spearman>=0.70 and class_signal<=train_median
random,seed_20262939,60,THA,0.5324667492011582,0.9916151028736713,0.9971570197093669,False,train_only: severity_abs_spearman>=0.70 and class_signal<=train_median
random,seed_20262939,60,THB,0.5324667492011582,0.9915569171778086,0.9971570197093669,False,train_only: severity_abs_spearman>=0.70 and class_signal<=train_median
random,seed_20262939,60,TCA,0.5324667492011582,0.9976420062735837,0.9971570197093669,False,train_only: severity_abs_spearman>=0.70 and class_signal<=train_median
random,seed_20262939,60,TCB,0.5324667492011582,0.9976368080586571,0.9971570197093669,False,train_only: severity_abs_spearman>=0.70 and class_signal<=train_median
random,seed_20262939,60,WRCA,0.0,0.0,0.9971570197093669,False,train_only: severity_abs_spearman>=0.70 and class_signal<=train_median
random,seed_20262939,60,WRCB,0.0,0.0,0.9971570197093669,False,train_only: severity_abs_spearman>=0.70 and class_signal<=train_median
random,seed_20262939,60,PSGA,0.5324667492011582,0.9966756293562995,0.9971570197093669,False,train_only: severity_abs_spearman>=0.70 and class_signal<=train_median
random,seed_20262939,60,PSGB,0.5324667492011582,0.9966772313600766,0.9971570197093669,False,train_only: severity_abs_spearman>=0.70 and class_signal<=train_median
random,seed_20262939,60,WFWA,0.5324667492011582,0.9999902172461863,0.9971570197093669,False,train_only: severity_abs_spearman>=0.70 and class_signal<=train_median
random,seed_20262939,60,WFWB,0.5324667492011582,0.9999905317750727,0.9971570197093669,False,train_only: severity_abs_spearman>=0.70 and class_signal<=train_median
random,seed_20262939,60,WSTA,0.5291603814770128,0.99999999996339,0.9971570197093669,False,train_only: severity_abs_spearman>=0.70 and class_signal<=train_median
random,seed_20262939,60,WSTB,0.47454897123779133,0.9999999999978282,0.9971570197093669,False,train_only: severity_abs_spearman>=0.70 and class_signal<=train_median
random,seed_20262939,60,VOL,0.5291603814770128,0.7991731426970697,0.9971570197093669,False,train_only: severity_abs_spearman>=0.70 and class_signal<=train_median
random,seed_20262939,60,LVPZ,0.5291603814770128,0.7992906774086347,0.9971570197093669,False,train_only: severity_abs_spearman>=0.70 and class_signal<=train_median
random,seed_20262939,60,QMWT,0.5324667492011582,0.9999662930447634,0.9971570197093669,False,train_only: severity_abs_spearman>=0.70 and class_signal<=train_median
random,seed_20262939,60,LSGA,0.4283336796480622,0.9996928361077191,0.9971570197093669,False,train_only: severity_abs_spearman>=0.70 and class_signal<=train_median
random,seed_20262939,60,LSGB,0.4283336796480622,0.9996923114304854,0.9971570197093669,False,train_only: severity_abs_spearman>=0.70 and class_signal<=train_median
random,seed_20262939,60,QMGA,0.5324667492011582,0.9999978220226331,0.9971570197093669,False,train_only: severity_abs_spearman>=0.70 and class_signal<=train_median
random,seed_20262939,60,QMGB,0.5324667492011582,0.9999977600744682,0.9971570197093669,False,train_only: severity_abs_spearman>=0.70 and class_signal<=train_median
random,seed_20262939,60,NSGA,0.5243018928847943,0.9998043005461819,0.9971570197093669,False,train_only: severity_abs_spearman>=0.70 and class_signal<=train_median
random,seed_20262939,60,NSGB,0.5243018928847943,0.9997988246658606,0.9971570197093669,False,train_only: severity_abs_spearman>=0.70 and class_signal<=train_median
random,seed_20262939,60,TSAT,0.5324667492011582,0.8615855125916096,0.9971570197093669,False,train_only: severity_abs_spearman>=0.70 and class_signal<=train_median
random,seed_20262939,60,LVCR,0.0,0.0,0.9971570197093669,False,train_only: severity_abs_spearman>=0.70 and class_signal<=train_median
random,seed_20262939,60,RHBR,0.0,0.0,0.9971570197093669,False,train_only: severity_abs_spearman>=0.70 and class_signal<=train_median
random,seed_20262939,60,RHMT,0.5324667492011582,0.9873479983183355,0.9971570197093669,False,train_only: severity_abs_spearman>=0.70 and class_signal<=train_median
random,seed_20262939,60,RHFL,0.5324667492011582,0.9880591231924178,0.9971570197093669,False,train_only: severity_abs_spearman>=0.70 and class_signal<=train_median
random,seed_20262939,60,RH,0.5324667492011582,0.9992770681320676,0.9971570197093669,False,train_only: severity_abs_spearman>=0.70 and class_signal<=train_median
random,seed_20262939,60,PWNT,0.5324667492011582,0.9998895416642885,0.9971570197093669,False,train_only: severity_abs_spearman>=0.70 and class_signal<=train_median
random,seed_20262939,60,PWR,0.5324667492011582,0.9998615452715942,0.9971570197093669,False,train_only: severity_abs_spearman>=0.70 and class_signal<=train_median
random,seed_20262939,60,TFSB,0.5324667492011582,0.9997668866186515,0.9971570197093669,False,train_only: severity_abs_spearman>=0.70 and class_signal<=train_median
random,seed_20262939,60,TFPK,0.5324667492011582,0.9997588965149395,0.9971570197093669,False,train_only: severity_abs_spearman>=0.70 and class_signal<=train_median
random,seed_20262939,60,TF,0.5324667492011582,0.9997588965149395,0.9971570197093669,False,train_only: severity_abs_spearman>=0.70 and class_signal<=train_median
random,seed_20262939,60,PPM,0.0,0.0,0.9971570197093669,False,train_only: severity_abs_spearman>=0.70 and class_signal<=train_median
random,seed_20262939,60,RRCA,0.0,0.0,0.9971570197093669,False,train_only: severity_abs_spearman>=0.70 and class_signal<=train_median
random,seed_20262939,60,RRCB,0.0,0.0,0.9971570197093669,False,train_only: severity_abs_spearman>=0.70 and class_signal<=train_median
random,seed_20262939,60,RRCO,0.0,0.0,0.9971570197093669,False,train_only: severity_abs_spearman>=0.70 and class_signal<=train_median
random,seed_20262939,90,P,0.5291603814770128,0.9650072474576288,0.9987837143634237,False,train_only: severity_abs_spearman>=0.70 and class_signal<=train_median
random,seed_20262939,90,TAVG,0.5324667492011582,0.9885752360165556,0.9987837143634237,False,train_only: severity_abs_spearman>=0.70 and class_signal<=train_median
random,seed_20262939,90,THA,0.5324667492011582,0.9970387578795509,0.9987837143634237,False,train_only: severity_abs_spearman>=0.70 and class_signal<=train_median
random,seed_20262939,90,THB,0.5324667492011582,0.9970165093193005,0.9987837143634237,False,train_only: severity_abs_spearman>=0.70 and class_signal<=train_median
random,seed_20262939,90,TCA,0.5324667492011582,0.9988573214120688,0.9987837143634237,False,train_only: severity_abs_spearman>=0.70 and class_signal<=train_median
random,seed_20262939,90,TCB,0.5324667492011582,0.9988527376140797,0.9987837143634237,False,train_only: severity_abs_spearman>=0.70 and class_signal<=train_median
random,seed_20262939,90,WRCA,0.0,0.0,0.9987837143634237,False,train_only: severity_abs_spearman>=0.70 and class_signal<=train_median
random,seed_20262939,90,WRCB,0.0,0.0,0.9987837143634237,False,train_only: severity_abs_spearman>=0.70 and class_signal<=train_median
random,seed_20262939,90,PSGA,0.5324667492011582,0.9987143376759766,0.9987837143634237,False,train_only: severity_abs_spearman>=0.70 and class_signal<=train_median
random,seed_20262939,90,PSGB,0.5324667492011582,0.9987146911127677,0.9987837143634237,False,train_only: severity_abs_spearman>=0.70 and class_signal<=train_median
random,seed_20262939,90,WFWA,0.5324667492011582,0.9999896888327395,0.9987837143634237,False,train_only: severity_abs_spearman>=0.70 and class_signal<=train_median
random,seed_20262939,90,WFWB,0.5324667492011582,0.9999898885960353,0.9987837143634237,False,train_only: severity_abs_spearman>=0.70 and class_signal<=train_median
random,seed_20262939,90,WSTA,0.5291603814770128,0.9999999999164808,0.9987837143634237,False,train_only: severity_abs_spearman>=0.70 and class_signal<=train_median
random,seed_20262939,90,WSTB,0.10833579712743081,0.9999999999619166,0.9987837143634237,False,train_only: severity_abs_spearman>=0.70 and class_signal<=train_median
random,seed_20262939,90,VOL,0.5291603814770128,0.8331333379677621,0.9987837143634237,False,train_only: severity_abs_spearman>=0.70 and class_signal<=train_median
random,seed_20262939,90,LVPZ,0.5291603814770128,0.8332845036966501,0.9987837143634237,False,train_only: severity_abs_spearman>=0.70 and class_signal<=train_median
random,seed_20262939,90,QMWT,0.5324667492011582,0.9999998470502909,0.9987837143634237,False,train_only: severity_abs_spearman>=0.70 and class_signal<=train_median
random,seed_20262939,90,LSGA,0.4283336796480622,0.9999460052951209,0.9987837143634237,False,train_only: severity_abs_spearman>=0.70 and class_signal<=train_median
random,seed_20262939,90,LSGB,0.4283336796480622,0.9999461118281016,0.9987837143634237,False,train_only: severity_abs_spearman>=0.70 and class_signal<=train_median
random,seed_20262939,90,QMGA,0.5324667492011582,0.9999994052182196,0.9987837143634237,False,train_only: severity_abs_spearman>=0.70 and class_signal<=train_median
random,seed_20262939,90,QMGB,0.5324667492011582,0.9999993730677085,0.9987837143634237,False,train_only: severity_abs_spearman>=0.70 and class_signal<=train_median
random,seed_20262939,90,NSGA,0.5324667492011582,0.9999057421390507,0.9987837143634237,False,train_only: severity_abs_spearman>=0.70 and class_signal<=train_median
random,seed_20262939,90,NSGB,0.5324667492011582,0.9999063745329907,0.9987837143634237,False,train_only: severity_abs_spearman>=0.70 and class_signal<=train_median
random,seed_20262939,90,TSAT,0.5291603814770128,0.9526977220874275,0.9987837143634237,False,train_only: severity_abs_spearman>=0.70 and class_signal<=train_median
random,seed_20262939,90,LVCR,0.0,0.0,0.9987837143634237,False,train_only: severity_abs_spearman>=0.70 and class_signal<=train_median
random,seed_20262939,90,RHBR,0.0,0.0,0.9987837143634237,False,train_only: severity_abs_spearman>=0.70 and class_signal<=train_median
random,seed_20262939,90,RHMT,0.5324667492011582,0.9948078153039573,0.9987837143634237,False,train_only: severity_abs_spearman>=0.70 and class_signal<=train_median
random,seed_20262939,90,RHFL,0.5324667492011582,0.9949520715936175,0.9987837143634237,False,train_only: severity_abs_spearman>=0.70 and class_signal<=train_median
random,seed_20262939,90,RH,0.4283336796480622,0.999999629230438,0.9987837143634237,False,train_only: severity_abs_spearman>=0.70 and class_signal<=train_median
random,seed_20262939,90,PWNT,0.5324667492011582,0.9999894238294241,0.9987837143634237,False,train_only: severity_abs_spearman>=0.70 and class_signal<=train_median
random,seed_20262939,90,PWR,0.5324667492011582,0.9999883482673244,0.9987837143634237,False,train_only: severity_abs_spearman>=0.70 and class_signal<=train_median
random,seed_20262939,90,TFSB,0.5324667492011582,0.9999668922547436,0.9987837143634237,False,train_only: severity_abs_spearman>=0.70 and class_signal<=train_median
random,seed_20262939,90,TFPK,0.5324667492011582,0.999966389921475,0.9987837143634237,False,train_only: severity_abs_spearman>=0.70 and class_signal<=train_median
random,seed_20262939,90,TF,0.5324667492011582,0.999966389921475,0.9987837143634237,False,train_only: severity_abs_spearman>=0.70 and class_signal<=train_median
random,seed_20262939,90,PPM,0.0,0.0,0.9987837143634237,False,train_only: severity_abs_spearman>=0.70 and class_signal<=train_median
random,seed_20262939,90,RRCA,0.0,0.0,0.9987837143634237,False,train_only: severity_abs_spearman>=0.70 and class_signal<=train_median
random,seed_20262939,90,RRCB,0.0,0.0,0.9987837143634237,False,train_only: severity_abs_spearman>=0.70 and class_signal<=train_median
random,seed_20262939,90,RRCO,0.0,0.0,0.9987837143634237,False,train_only: severity_abs_spearman>=0.70 and class_signal<=train_median
random,seed_20262939,120,P,0.16011146535287793,0.6681037913446829,0.7534207546740825,False,train_only: severity_abs_spearman>=0.70 and class_signal<=train_median
random,seed_20262939,120,TAVG,0.4002074789914836,0.7765188226312201,0.7534207546740825,False,train_only: severity_abs_spearman>=0.70 and class_signal<=train_median
random,seed_20262939,120,THA,0.11995553876688857,0.7767171480072647,0.7534207546740825,False,train_only: severity_abs_spearman>=0.70 and class_signal<=train_median
random,seed_20262939,120,THB,0.05599726882571346,0.773387109104616,0.7534207546740825,False,train_only: severity_abs_spearman>=0.70 and class_signal<=train_median
random,seed_20262939,120,TCA,0.4182114628388001,0.9373336850599819,0.7534207546740825,False,train_only: severity_abs_spearman>=0.70 and class_signal<=train_median
random,seed_20262939,120,TCB,0.4198205535652185,0.9546129430958161,0.7534207546740825,False,train_only: severity_abs_spearman>=0.70 and class_signal<=train_median
random,seed_20262939,120,WRCA,0.3988306551177616,0.6382510882751676,0.7534207546740825,False,train_only: severity_abs_spearman>=0.70 and class_signal<=train_median
random,seed_20262939,120,WRCB,0.3988328185457563,0.7083374853830153,0.7534207546740825,False,train_only: severity_abs_spearman>=0.70 and class_signal<=train_median
random,seed_20262939,120,PSGA,0.3918382077874247,0.9614520890539138,0.7534207546740825,False,train_only: severity_abs_spearman>=0.70 and class_signal<=train_median
random,seed_20262939,120,PSGB,0.5424783453594332,0.9852957518134383,0.7534207546740825,False,train_only: severity_abs_spearman>=0.70 and class_signal<=train_median
random,seed_20262939,120,WFWA,0.12564404377516286,0.8139330383739585,0.7534207546740825,False,train_only: severity_abs_spearman>=0.70 and class_signal<=train_median
random,seed_20262939,120,WFWB,0.1401424493296505,0.8254440973340118,0.7534207546740825,False,train_only: severity_abs_spearman>=0.70 and class_signal<=train_median
random,seed_20262939,120,WSTA,0.23629697280349335,0.88511463010928,0.7534207546740825,False,train_only: severity_abs_spearman>=0.70 and class_signal<=train_median
random,seed_20262939,120,WSTB,0.21354432723496422,0.8880209101938621,0.7534207546740825,False,train_only: severity_abs_spearman>=0.70 and class_signal<=train_median
random,seed_20262939,120,VOL,0.16335812972087957,0.6950866017945654,0.7534207546740825,False,train_only: severity_abs_spearman>=0.70 and class_signal<=train_median
random,seed_20262939,120,LVPZ,0.16335804097946693,0.6950877812293892,0.7534207546740825,False,train_only: severity_abs_spearman>=0.70 and class_signal<=train_median
random,seed_20262939,120,QMWT,0.08548022627111126,0.7534210526904928,0.7534207546740825,False,train_only: severity_abs_spearman>=0.70 and class_signal<=train_median
random,seed_20262939,120,LSGA,0.31227071908757154,0.9552733289253627,0.7534207546740825,False,train_only: severity_abs_spearman>=0.70 and class_signal<=train_median
random,seed_20262939,120,LSGB,0.5944021526218739,0.9843949296845768,0.7534207546740825,False,train_only: severity_abs_spearman>=0.70 and class_signal<=train_median
random,seed_20262939,120,QMGA,0.18738832494193794,0.8306016080089965,0.7534207546740825,False,train_only: severity_abs_spearman>=0.70 and class_signal<=train_median
random,seed_20262939,120,QMGB,0.43462893101868494,0.822705513289383,0.7534207546740825,False,train_only: severity_abs_spearman>=0.70 and class_signal<=train_median
random,seed_20262939,120,NSGA,0.18650413588935197,0.5816899450687051,0.7534207546740825,False,train_only: severity_abs_spearman>=0.70 and class_signal<=train_median
random,seed_20262939,120,NSGB,0.1574858912063792,0.5922588715090045,0.7534207546740825,False,train_only: severity_abs_spearman>=0.70 and class_signal<=train_median
random,seed_20262939,120,TSAT,0.1614112075884899,0.6590002222789089,0.7534207546740825,False,train_only: severity_abs_spearman>=0.70 and class_signal<=train_median
random,seed_20262939,120,LVCR,0.0,0.0,0.7534207546740825,False,train_only: severity_abs_spearman>=0.70 and class_signal<=train_median
random,seed_20262939,120,RHBR,0.0,0.0,0.7534207546740825,False,train_only: severity_abs_spearman>=0.70 and class_signal<=train_median
random,seed_20262939,120,RHMT,0.3826561773283297,0.8150397619863774,0.7534207546740825,False,train_only: severity_abs_spearman>=0.70 and class_signal<=train_median
random,seed_20262939,120,RHFL,0.07211432015278743,0.7507757965778457,0.7534207546740825,False,train_only: severity_abs_spearman>=0.70 and class_signal<=train_median
random,seed_20262939,120,RH,0.1078884899706349,0.7135047877079899,0.7534207546740825,False,train_only: severity_abs_spearman>=0.70 and class_signal<=train_median
random,seed_20262939,120,PWNT,0.07317495063191061,0.7835326163590065,0.7534207546740825,False,train_only: severity_abs_spearman>=0.70 and class_signal<=train_median
random,seed_20262939,120,PWR,0.0641360415735735,0.7534204566576722,0.7534207546740825,False,train_only: severity_abs_spearman>=0.70 and class_signal<=train_median
random,seed_20262939,120,TFSB,0.0635672934303048,0.7551115199149412,0.7534207546740825,False,train_only: severity_abs_spearman>=0.70 and class_signal<=train_median
random,seed_20262939,120,TFPK,0.060800207281637576,0.7507770786062005,0.7534207546740825,False,train_only: severity_abs_spearman>=0.70 and class_signal<=train_median
random,seed_20262939,120,TF,0.060800207281637576,0.7507770786062005,0.7534207546740825,False,train_only: severity_abs_spearman>=0.70 and class_signal<=train_median
random,seed_20262939,120,PPM,0.0,0.0,0.7534207546740825,False,train_only: severity_abs_spearman>=0.70 and class_signal<=train_median
random,seed_20262939,120,RRCA,0.3988306551177616,0.6382508152024262,0.7534207546740825,False,train_only: severity_abs_spearman>=0.70 and class_signal<=train_median
random,seed_20262939,120,RRCB,0.3988328185457563,0.7083373292436521,0.7534207546740825,False,train_only: severity_abs_spearman>=0.70 and class_signal<=train_median
random,seed_20262939,120,RRCO,0.3988328185457563,0.6761765767123755,0.7534207546740825,False,train_only: severity_abs_spearman>=0.70 and class_signal<=train_median
random,seed_20263948,60,P,0.539798474070079,0.8930140018927886,0.9975810167064212,False,train_only: severity_abs_spearman>=0.70 and class_signal<=train_median
random,seed_20263948,60,TAVG,0.539798474070079,0.973961528602769,0.9975810167064212,False,train_only: severity_abs_spearman>=0.70 and class_signal<=train_median
random,seed_20263948,60,THA,0.539798474070079,0.992862346047943,0.9975810167064212,False,train_only: severity_abs_spearman>=0.70 and class_signal<=train_median
random,seed_20263948,60,THB,0.539798474070079,0.9928127647377151,0.9975810167064212,False,train_only: severity_abs_spearman>=0.70 and class_signal<=train_median
random,seed_20263948,60,TCA,0.539798474070079,0.9979937513450885,0.9975810167064212,False,train_only: severity_abs_spearman>=0.70 and class_signal<=train_median
random,seed_20263948,60,TCB,0.539798474070079,0.9979893282132648,0.9975810167064212,False,train_only: severity_abs_spearman>=0.70 and class_signal<=train_median
random,seed_20263948,60,WRCA,0.0,0.0,0.9975810167064212,False,train_only: severity_abs_spearman>=0.70 and class_signal<=train_median
random,seed_20263948,60,WRCB,0.0,0.0,0.9975810167064212,False,train_only: severity_abs_spearman>=0.70 and class_signal<=train_median
random,seed_20263948,60,PSGA,0.539798474070079,0.9971713418488534,0.9975810167064212,False,train_only: severity_abs_spearman>=0.70 and class_signal<=train_median
random,seed_20263948,60,PSGB,0.539798474070079,0.9971727051995775,0.9975810167064212,False,train_only: severity_abs_spearman>=0.70 and class_signal<=train_median
random,seed_20263948,60,WFWA,0.539798474070079,0.9999916746126212,0.9975810167064212,False,train_only: severity_abs_spearman>=0.70 and class_signal<=train_median
random,seed_20263948,60,WFWB,0.539798474070079,0.999991942279683,0.9975810167064212,False,train_only: severity_abs_spearman>=0.70 and class_signal<=train_median
random,seed_20263948,60,WSTA,0.5367298518062691,0.9999999999688423,0.9975810167064212,False,train_only: severity_abs_spearman>=0.70 and class_signal<=train_median
random,seed_20263948,60,WSTB,0.4664927471054826,0.9999999999981516,0.9975810167064212,False,train_only: severity_abs_spearman>=0.70 and class_signal<=train_median
random,seed_20263948,60,VOL,0.5367298518062691,0.8235578100237368,0.9975810167064212,False,train_only: severity_abs_spearman>=0.70 and class_signal<=train_median
random,seed_20263948,60,LVPZ,0.5367298518062691,0.8236614827088743,0.9975810167064212,False,train_only: severity_abs_spearman>=0.70 and class_signal<=train_median
random,seed_20263948,60,QMWT,0.539798474070079,0.9999713104888301,0.9975810167064212,False,train_only: severity_abs_spearman>=0.70 and class_signal<=train_median
random,seed_20263948,60,LSGA,0.45646376593380633,0.9997385594590054,0.9975810167064212,False,train_only: severity_abs_spearman>=0.70 and class_signal<=train_median
random,seed_20263948,60,LSGB,0.45646376593380633,0.9997381130515648,0.9975810167064212,False,train_only: severity_abs_spearman>=0.70 and class_signal<=train_median
random,seed_20263948,60,QMGA,0.539798474070079,0.9999981463632623,0.9975810167064212,False,train_only: severity_abs_spearman>=0.70 and class_signal<=train_median
random,seed_20263948,60,QMGB,0.539798474070079,0.9999980936397347,0.9975810167064212,False,train_only: severity_abs_spearman>=0.70 and class_signal<=train_median
random,seed_20263948,60,NSGA,0.5341907501230583,0.9998334769468643,0.9975810167064212,False,train_only: severity_abs_spearman>=0.70 and class_signal<=train_median
random,seed_20263948,60,NSGB,0.5341907501230583,0.9998288178232204,0.9975810167064212,False,train_only: severity_abs_spearman>=0.70 and class_signal<=train_median
random,seed_20263948,60,TSAT,0.539798474070079,0.8796516099181371,0.9975810167064212,False,train_only: severity_abs_spearman>=0.70 and class_signal<=train_median
random,seed_20263948,60,LVCR,0.0,0.0,0.9975810167064212,False,train_only: severity_abs_spearman>=0.70 and class_signal<=train_median
random,seed_20263948,60,RHBR,0.0,0.0,0.9975810167064212,False,train_only: severity_abs_spearman>=0.70 and class_signal<=train_median
random,seed_20263948,60,RHMT,0.539798474070079,0.9892246006499538,0.9975810167064212,False,train_only: severity_abs_spearman>=0.70 and class_signal<=train_median
random,seed_20263948,60,RHFL,0.539798474070079,0.9898315070007867,0.9975810167064212,False,train_only: severity_abs_spearman>=0.70 and class_signal<=train_median
random,seed_20263948,60,RH,0.539798474070079,0.9993848656830666,0.9975810167064212,False,train_only: severity_abs_spearman>=0.70 and class_signal<=train_median
random,seed_20263948,60,PWNT,0.539798474070079,0.9999059758892168,0.9975810167064212,False,train_only: severity_abs_spearman>=0.70 and class_signal<=train_median
random,seed_20263948,60,PWR,0.539798474070079,0.9998821418791766,0.9975810167064212,False,train_only: severity_abs_spearman>=0.70 and class_signal<=train_median
random,seed_20263948,60,TFSB,0.539798474070079,0.9998015506472919,0.9975810167064212,False,train_only: severity_abs_spearman>=0.70 and class_signal<=train_median
random,seed_20263948,60,TFPK,0.539798474070079,0.9997947475148444,0.9975810167064212,False,train_only: severity_abs_spearman>=0.70 and class_signal<=train_median
random,seed_20263948,60,TF,0.539798474070079,0.9997947475148444,0.9975810167064212,False,train_only: severity_abs_spearman>=0.70 and class_signal<=train_median
random,seed_20263948,60,PPM,0.0,0.0,0.9975810167064212,False,train_only: severity_abs_spearman>=0.70 and class_signal<=train_median
random,seed_20263948,60,RRCA,0.0,0.0,0.9975810167064212,False,train_only: severity_abs_spearman>=0.70 and class_signal<=train_median
random,seed_20263948,60,RRCB,0.0,0.0,0.9975810167064212,False,train_only: severity_abs_spearman>=0.70 and class_signal<=train_median
random,seed_20263948,60,RRCO,0.0,0.0,0.9975810167064212,False,train_only: severity_abs_spearman>=0.70 and class_signal<=train_median
random,seed_20263948,90,P,0.5367298518062691,0.9700725070285903,0.9989651456716135,False,train_only: severity_abs_spearman>=0.70 and class_signal<=train_median
random,seed_20263948,90,TAVG,0.539798474070079,0.9902711552309406,0.9989651456716135,False,train_only: severity_abs_spearman>=0.70 and class_signal<=train_median
random,seed_20263948,90,THA,0.539798474070079,0.9974803740813949,0.9989651456716135,False,train_only: severity_abs_spearman>=0.70 and class_signal<=train_median
random,seed_20263948,90,THB,0.539798474070079,0.9974614401142496,0.9989651456716135,False,train_only: severity_abs_spearman>=0.70 and class_signal<=train_median
random,seed_20263948,90,TCA,0.539798474070079,0.9990277761921006,0.9989651456716135,False,train_only: severity_abs_spearman>=0.70 and class_signal<=train_median
random,seed_20263948,90,TCB,0.539798474070079,0.9990238763711317,0.9989651456716135,False,train_only: severity_abs_spearman>=0.70 and class_signal<=train_median
random,seed_20263948,90,WRCA,0.0,0.0,0.9989651456716135,False,train_only: severity_abs_spearman>=0.70 and class_signal<=train_median
random,seed_20263948,90,WRCB,0.0,0.0,0.9989651456716135,False,train_only: severity_abs_spearman>=0.70 and class_signal<=train_median
random,seed_20263948,90,PSGA,0.539798474070079,0.9989061142668294,0.9989651456716135,False,train_only: severity_abs_spearman>=0.70 and class_signal<=train_median
random,seed_20263948,90,PSGB,0.539798474070079,0.9989064149720953,0.9989651456716135,False,train_only: severity_abs_spearman>=0.70 and class_signal<=train_median
random,seed_20263948,90,WFWA,0.539798474070079,0.9999912249214994,0.9989651456716135,False,train_only: severity_abs_spearman>=0.70 and class_signal<=train_median
random,seed_20263948,90,WFWB,0.539798474070079,0.9999913949219612,0.9989651456716135,False,train_only: severity_abs_spearman>=0.70 and class_signal<=train_median
random,seed_20263948,90,WSTA,0.5367298518062691,0.9999999999288711,0.9989651456716135,False,train_only: severity_abs_spearman>=0.70 and class_signal<=train_median
random,seed_20263948,90,WSTB,0.08266552109190788,0.9999999999675885,0.9989651456716135,False,train_only: severity_abs_spearman>=0.70 and class_signal<=train_median
random,seed_20263948,90,VOL,0.5367298518062691,0.8542051482705877,0.9989651456716135,False,train_only: severity_abs_spearman>=0.70 and class_signal<=train_median
random,seed_20263948,90,LVPZ,0.5367298518062691,0.8543430401085054,0.9989651456716135,False,train_only: severity_abs_spearman>=0.70 and class_signal<=train_median
random,seed_20263948,90,QMWT,0.539798474070079,0.9999998698307877,0.9989651456716135,False,train_only: severity_abs_spearman>=0.70 and class_signal<=train_median
random,seed_20263948,90,LSGA,0.45646376593380633,0.9999539943238771,0.9989651456716135,False,train_only: severity_abs_spearman>=0.70 and class_signal<=train_median
random,seed_20263948,90,LSGB,0.45646376593380633,0.9999540849869222,0.9989651456716135,False,train_only: severity_abs_spearman>=0.70 and class_signal<=train_median
random,seed_20263948,90,QMGA,0.539798474070079,0.9999994938081368,0.9989651456716135,False,train_only: severity_abs_spearman>=0.70 and class_signal<=train_median
random,seed_20263948,90,QMGB,0.539798474070079,0.9999994664464424,0.9989651456716135,False,train_only: severity_abs_spearman>=0.70 and class_signal<=train_median
random,seed_20263948,90,NSGA,0.539798474070079,0.9999197667960038,0.9989651456716135,False,train_only: severity_abs_spearman>=0.70 and class_signal<=train_median
random,seed_20263948,90,NSGB,0.539798474070079,0.9999203051432437,0.9989651456716135,False,train_only: severity_abs_spearman>=0.70 and class_signal<=train_median
random,seed_20263948,90,TSAT,0.5367298518062691,0.9594630642510179,0.9989651456716135,False,train_only: severity_abs_spearman>=0.70 and class_signal<=train_median
random,seed_20263948,90,LVCR,0.0,0.0,0.9989651456716135,False,train_only: severity_abs_spearman>=0.70 and class_signal<=train_median
random,seed_20263948,90,RHBR,0.0,0.0,0.9989651456716135,False,train_only: severity_abs_spearman>=0.70 and class_signal<=train_median
random,seed_20263948,90,RHMT,0.539798474070079,0.9955810961164101,0.9989651456716135,False,train_only: severity_abs_spearman>=0.70 and class_signal<=train_median
random,seed_20263948,90,RHFL,0.539798474070079,0.9957042845944261,0.9989651456716135,False,train_only: severity_abs_spearman>=0.70 and class_signal<=train_median
random,seed_20263948,90,RH,0.45646376593380633,0.9999996604095901,0.9989651456716135,False,train_only: severity_abs_spearman>=0.70 and class_signal<=train_median
random,seed_20263948,90,PWNT,0.539798474070079,0.9999909985527718,0.9989651456716135,False,train_only: severity_abs_spearman>=0.70 and class_signal<=train_median
random,seed_20263948,90,PWR,0.539798474070079,0.9999900831079488,0.9989651456716135,False,train_only: severity_abs_spearman>=0.70 and class_signal<=train_median
random,seed_20263948,90,TFSB,0.539798474070079,0.9999718206189809,0.9989651456716135,False,train_only: severity_abs_spearman>=0.70 and class_signal<=train_median
random,seed_20263948,90,TFPK,0.539798474070079,0.99997139304011,0.9989651456716135,False,train_only: severity_abs_spearman>=0.70 and class_signal<=train_median
random,seed_20263948,90,TF,0.539798474070079,0.99997139304011,0.9989651456716135,False,train_only: severity_abs_spearman>=0.70 and class_signal<=train_median
random,seed_20263948,90,PPM,0.0,0.0,0.9989651456716135,False,train_only: severity_abs_spearman>=0.70 and class_signal<=train_median
random,seed_20263948,90,RRCA,0.0,0.0,0.9989651456716135,False,train_only: severity_abs_spearman>=0.70 and class_signal<=train_median
random,seed_20263948,90,RRCB,0.0,0.0,0.9989651456716135,False,train_only: severity_abs_spearman>=0.70 and class_signal<=train_median
random,seed_20263948,90,RRCO,0.0,0.0,0.9989651456716135,False,train_only: severity_abs_spearman>=0.70 and class_signal<=train_median
random,seed_20263948,120,P,0.23458542920862868,0.6275382889970542,0.7217433616265638,False,train_only: severity_abs_spearman>=0.70 and class_signal<=train_median
random,seed_20263948,120,TAVG,0.3709433383994862,0.7446398236475604,0.7217433616265638,False,train_only: severity_abs_spearman>=0.70 and class_signal<=train_median
random,seed_20263948,120,THA,0.10941821603348016,0.7377276843400425,0.7217433616265638,False,train_only: severity_abs_spearman>=0.70 and class_signal<=train_median
random,seed_20263948,120,THB,0.0908216580202194,0.7317069189754162,0.7217433616265638,False,train_only: severity_abs_spearman>=0.70 and class_signal<=train_median
random,seed_20263948,120,TCA,0.3992970592268243,0.9465699479814875,0.7217433616265638,False,train_only: severity_abs_spearman>=0.70 and class_signal<=train_median
random,seed_20263948,120,TCB,0.40127781652249334,0.9631503241111902,0.7217433616265638,False,train_only: severity_abs_spearman>=0.70 and class_signal<=train_median
random,seed_20263948,120,WRCA,0.38757386729216525,0.5958421294869841,0.7217433616265638,False,train_only: severity_abs_spearman>=0.70 and class_signal<=train_median
random,seed_20263948,120,WRCB,0.38757720670931295,0.6529577261517201,0.7217433616265638,False,train_only: severity_abs_spearman>=0.70 and class_signal<=train_median
random,seed_20263948,120,PSGA,0.3574646421265073,0.9663323701812424,0.7217433616265638,False,train_only: severity_abs_spearman>=0.70 and class_signal<=train_median
random,seed_20263948,120,PSGB,0.5090096386917725,0.9876785101311307,0.7217433616265638,False,train_only: severity_abs_spearman>=0.70 and class_signal<=train_median
random,seed_20263948,120,WFWA,0.11211806633600732,0.7857504561068482,0.7217433616265638,False,train_only: severity_abs_spearman>=0.70 and class_signal<=train_median
random,seed_20263948,120,WFWB,0.1146294874665357,0.7968322736407888,0.7217433616265638,False,train_only: severity_abs_spearman>=0.70 and class_signal<=train_median
random,seed_20263948,120,WSTA,0.2690362142217779,0.8598000657529549,0.7217433616265638,False,train_only: severity_abs_spearman>=0.70 and class_signal<=train_median
random,seed_20263948,120,WSTB,0.2423962549751725,0.8523046605007987,0.7217433616265638,False,train_only: severity_abs_spearman>=0.70 and class_signal<=train_median
random,seed_20263948,120,VOL,0.23724539723163635,0.6539469295990886,0.7217433616265638,False,train_only: severity_abs_spearman>=0.70 and class_signal<=train_median
random,seed_20263948,120,LVPZ,0.23724529412815162,0.6539484566807451,0.7217433616265638,False,train_only: severity_abs_spearman>=0.70 and class_signal<=train_median
random,seed_20263948,120,QMWT,0.059769060332477655,0.721743700064885,0.7217433616265638,False,train_only: severity_abs_spearman>=0.70 and class_signal<=train_median
random,seed_20263948,120,LSGA,0.3035093571589643,0.9597886319511308,0.7217433616265638,False,train_only: severity_abs_spearman>=0.70 and class_signal<=train_median
random,seed_20263948,120,LSGB,0.6001705451989854,0.9850796986816936,0.7217433616265638,False,train_only: severity_abs_spearman>=0.70 and class_signal<=train_median
random,seed_20263948,120,QMGA,0.18753344486391518,0.8041712107122977,0.7217433616265638,False,train_only: severity_abs_spearman>=0.70 and class_signal<=train_median
random,seed_20263948,120,QMGB,0.3917767168205296,0.7859867797709885,0.7217433616265638,False,train_only: severity_abs_spearman>=0.70 and class_signal<=train_median
random,seed_20263948,120,NSGA,0.18795670592513788,0.6004684402241758,0.7217433616265638,False,train_only: severity_abs_spearman>=0.70 and class_signal<=train_median
random,seed_20263948,120,NSGB,0.1694089050236625,0.6068273981380987,0.7217433616265638,False,train_only: severity_abs_spearman>=0.70 and class_signal<=train_median
random,seed_20263948,120,TSAT,0.2354160583526592,0.6184148729262905,0.7217433616265638,False,train_only: severity_abs_spearman>=0.70 and class_signal<=train_median
random,seed_20263948,120,LVCR,0.0,0.0,0.7217433616265638,False,train_only: severity_abs_spearman>=0.70 and class_signal<=train_median
random,seed_20263948,120,RHBR,0.0,0.0,0.7217433616265638,False,train_only: severity_abs_spearman>=0.70 and class_signal<=train_median
random,seed_20263948,120,RHMT,0.35645523411103613,0.7852544882961682,0.7217433616265638,False,train_only: severity_abs_spearman>=0.70 and class_signal<=train_median
random,seed_20263948,120,RHFL,0.04269940165410169,0.7187213056501259,0.7217433616265638,False,train_only: severity_abs_spearman>=0.70 and class_signal<=train_median
random,seed_20263948,120,RH,0.13686909167705835,0.6564992733644045,0.7217433616265638,False,train_only: severity_abs_spearman>=0.70 and class_signal<=train_median
random,seed_20263948,120,PWNT,0.046145882855819255,0.758190227415791,0.7217433616265638,False,train_only: severity_abs_spearman>=0.70 and class_signal<=train_median
random,seed_20263948,120,PWR,0.04253420134235129,0.7217430231882428,0.7217433616265638,False,train_only: severity_abs_spearman>=0.70 and class_signal<=train_median
random,seed_20263948,120,TFSB,0.03888895700377432,0.7247029473394832,0.7217433616265638,False,train_only: severity_abs_spearman>=0.70 and class_signal<=train_median
random,seed_20263948,120,TFPK,0.039095291914233166,0.7187189650650614,0.7217433616265638,False,train_only: severity_abs_spearman>=0.70 and class_signal<=train_median
random,seed_20263948,120,TF,0.039095291914233166,0.7187189650650614,0.7217433616265638,False,train_only: severity_abs_spearman>=0.70 and class_signal<=train_median
random,seed_20263948,120,PPM,0.0,0.0,0.7217433616265638,False,train_only: severity_abs_spearman>=0.70 and class_signal<=train_median
random,seed_20263948,120,RRCA,0.38757386729216525,0.5958415804945719,0.7217433616265638,False,train_only: severity_abs_spearman>=0.70 and class_signal<=train_median
random,seed_20263948,120,RRCB,0.38757720670931295,0.6529572267433501,0.7217433616265638,False,train_only: severity_abs_spearman>=0.70 and class_signal<=train_median
random,seed_20263948,120,RRCO,0.38757720670931295,0.6268869714803317,0.7217433616265638,False,train_only: severity_abs_spearman>=0.70 and class_signal<=train_median
random,seed_20264957,60,P,0.5221519146886331,0.8616843876835183,0.996752977242231,False,train_only: severity_abs_spearman>=0.70 and class_signal<=train_median
random,seed_20264957,60,TAVG,0.5221519146886331,0.9652796375020591,0.996752977242231,False,train_only: severity_abs_spearman>=0.70 and class_signal<=train_median
random,seed_20264957,60,THA,0.5221519146886331,0.9904277634359223,0.996752977242231,False,train_only: severity_abs_spearman>=0.70 and class_signal<=train_median
random,seed_20264957,60,THB,0.5221519146886331,0.9903614056028406,0.996752977242231,False,train_only: severity_abs_spearman>=0.70 and class_signal<=train_median
random,seed_20264957,60,TCA,0.5221519146886331,0.9973067868102302,0.996752977242231,False,train_only: severity_abs_spearman>=0.70 and class_signal<=train_median
random,seed_20264957,60,TCB,0.5221519146886331,0.9973008500428253,0.996752977242231,False,train_only: severity_abs_spearman>=0.70 and class_signal<=train_median
random,seed_20264957,60,WRCA,0.0,0.0,0.996752977242231,False,train_only: severity_abs_spearman>=0.70 and class_signal<=train_median
random,seed_20264957,60,WRCB,0.0,0.0,0.996752977242231,False,train_only: severity_abs_spearman>=0.70 and class_signal<=train_median
random,seed_20264957,60,PSGA,0.5221519146886331,0.9962032751121621,0.996752977242231,False,train_only: severity_abs_spearman>=0.70 and class_signal<=train_median
random,seed_20264957,60,PSGB,0.5221519146886331,0.9962051044416368,0.996752977242231,False,train_only: severity_abs_spearman>=0.70 and class_signal<=train_median
random,seed_20264957,60,WFWA,0.5221519146886331,0.9999888291376196,0.996752977242231,False,train_only: severity_abs_spearman>=0.70 and class_signal<=train_median
random,seed_20264957,60,WFWB,0.5221519146886331,0.9999891883034816,0.996752977242231,False,train_only: severity_abs_spearman>=0.70 and class_signal<=train_median
random,seed_20264957,60,WSTA,0.5183750297476261,0.9999999999581972,0.996752977242231,False,train_only: severity_abs_spearman>=0.70 and class_signal<=train_median
random,seed_20264957,60,WSTB,0.47947960186191946,0.9999999999975203,0.996752977242231,False,train_only: severity_abs_spearman>=0.70 and class_signal<=train_median
random,seed_20264957,60,VOL,0.5183750297476261,0.777596739630705,0.996752977242231,False,train_only: severity_abs_spearman>=0.70 and class_signal<=train_median
random,seed_20264957,60,LVPZ,0.5183750297476261,0.7777264600009016,0.996752977242231,False,train_only: severity_abs_spearman>=0.70 and class_signal<=train_median
random,seed_20264957,60,QMWT,0.5221519146886331,0.9999615155912301,0.996752977242231,False,train_only: severity_abs_spearman>=0.70 and class_signal<=train_median
random,seed_20264957,60,LSGA,0.40055936086507477,0.9996492718359334,0.996752977242231,False,train_only: severity_abs_spearman>=0.70 and class_signal<=train_median
random,seed_20264957,60,LSGB,0.40055936086507477,0.9996486725738142,0.996752977242231,False,train_only: severity_abs_spearman>=0.70 and class_signal<=train_median
random,seed_20264957,60,QMGA,0.5221519146886331,0.9999975131419606,0.996752977242231,False,train_only: severity_abs_spearman>=0.70 and class_signal<=train_median
random,seed_20264957,60,QMGB,0.5221519146886331,0.9999974424090822,0.996752977242231,False,train_only: severity_abs_spearman>=0.70 and class_signal<=train_median
random,seed_20264957,60,NSGA,0.511675201551593,0.9997765018778392,0.996752977242231,False,train_only: severity_abs_spearman>=0.70 and class_signal<=train_median
random,seed_20264957,60,NSGB,0.511675201551593,0.9997702476630269,0.996752977242231,False,train_only: severity_abs_spearman>=0.70 and class_signal<=train_median
random,seed_20264957,60,TSAT,0.5221519146886331,0.8452040143858908,0.996752977242231,False,train_only: severity_abs_spearman>=0.70 and class_signal<=train_median
random,seed_20264957,60,LVCR,0.0,0.0,0.996752977242231,False,train_only: severity_abs_spearman>=0.70 and class_signal<=train_median
random,seed_20264957,60,RHBR,0.0,0.0,0.996752977242231,False,train_only: severity_abs_spearman>=0.70 and class_signal<=train_median
random,seed_20264957,60,RHMT,0.5221519146886331,0.9855635286319033,0.996752977242231,False,train_only: severity_abs_spearman>=0.70 and class_signal<=train_median
random,seed_20264957,60,RHFL,0.5221519146886331,0.9863732797808343,0.996752977242231,False,train_only: severity_abs_spearman>=0.70 and class_signal<=train_median
random,seed_20264957,60,RH,0.5221519146886331,0.9991743439528172,0.996752977242231,False,train_only: severity_abs_spearman>=0.70 and class_signal<=train_median
random,seed_20264957,60,PWNT,0.5221519146886331,0.999873896620262,0.996752977242231,False,train_only: severity_abs_spearman>=0.70 and class_signal<=train_median
random,seed_20264957,60,PWR,0.5221519146886331,0.9998419388775595,0.996752977242231,False,train_only: severity_abs_spearman>=0.70 and class_signal<=train_median
random,seed_20264957,60,TFSB,0.5221519146886331,0.999733894545348,0.996752977242231,False,train_only: severity_abs_spearman>=0.70 and class_signal<=train_median
random,seed_20264957,60,TFPK,0.5221519146886331,0.9997247751693645,0.996752977242231,False,train_only: severity_abs_spearman>=0.70 and class_signal<=train_median
random,seed_20264957,60,TF,0.5221519146886331,0.9997247751693645,0.996752977242231,False,train_only: severity_abs_spearman>=0.70 and class_signal<=train_median
random,seed_20264957,60,PPM,0.0,0.0,0.996752977242231,False,train_only: severity_abs_spearman>=0.70 and class_signal<=train_median
random,seed_20264957,60,RRCA,0.0,0.0,0.996752977242231,False,train_only: severity_abs_spearman>=0.70 and class_signal<=train_median
random,seed_20264957,60,RRCB,0.0,0.0,0.996752977242231,False,train_only: severity_abs_spearman>=0.70 and class_signal<=train_median
random,seed_20264957,60,RRCO,0.0,0.0,0.996752977242231,False,train_only: severity_abs_spearman>=0.70 and class_signal<=train_median
random,seed_20264957,90,P,0.5183750297476261,0.9602364879676967,0.9986108103619546,False,train_only: severity_abs_spearman>=0.70 and class_signal<=train_median
random,seed_20264957,90,TAVG,0.5221519146886331,0.9869620758782015,0.9986108103619546,False,train_only: severity_abs_spearman>=0.70 and class_signal<=train_median
random,seed_20264957,90,THA,0.5221519146886331,0.996617932393676,0.9986108103619546,False,train_only: severity_abs_spearman>=0.70 and class_signal<=train_median
random,seed_20264957,90,THB,0.5221519146886331,0.9965925265115337,0.9986108103619546,False,train_only: severity_abs_spearman>=0.70 and class_signal<=train_median
random,seed_20264957,90,TCA,0.5221519146886331,0.9986948769115245,0.9986108103619546,False,train_only: severity_abs_spearman>=0.70 and class_signal<=train_median
random,seed_20264957,90,TCB,0.5221519146886331,0.9986896411911391,0.9986108103619546,False,train_only: severity_abs_spearman>=0.70 and class_signal<=train_median
random,seed_20264957,90,WRCA,0.0,0.0,0.9986108103619546,False,train_only: severity_abs_spearman>=0.70 and class_signal<=train_median
random,seed_20264957,90,WRCB,0.0,0.0,0.9986108103619546,False,train_only: severity_abs_spearman>=0.70 and class_signal<=train_median
random,seed_20264957,90,PSGA,0.5221519146886331,0.9985315758383034,0.9986108103619546,False,train_only: severity_abs_spearman>=0.70 and class_signal<=train_median
random,seed_20264957,90,PSGB,0.5221519146886331,0.9985319795327702,0.9986108103619546,False,train_only: severity_abs_spearman>=0.70 and class_signal<=train_median
random,seed_20264957,90,WFWA,0.5221519146886331,0.9999882257417727,0.9986108103619546,False,train_only: severity_abs_spearman>=0.70 and class_signal<=train_median
random,seed_20264957,90,WFWB,0.5221519146886331,0.9999884538548571,0.9986108103619546,False,train_only: severity_abs_spearman>=0.70 and class_signal<=train_median
random,seed_20264957,90,WSTA,0.5183750297476261,0.9999999999046805,0.9986108103619546,False,train_only: severity_abs_spearman>=0.70 and class_signal<=train_median
random,seed_20264957,90,WSTB,0.13320361806939346,0.9999999999565147,0.9986108103619546,False,train_only: severity_abs_spearman>=0.70 and class_signal<=train_median
random,seed_20264957,90,VOL,0.5183750297476261,0.8142427580088769,0.9986108103619546,False,train_only: severity_abs_spearman>=0.70 and class_signal<=train_median
random,seed_20264957,90,LVPZ,0.5183750297476261,0.8144040758371093,0.9986108103619546,False,train_only: severity_abs_spearman>=0.70 and class_signal<=train_median
random,seed_20264957,90,QMWT,0.5221519146886331,0.9999998253542867,0.9986108103619546,False,train_only: severity_abs_spearman>=0.70 and class_signal<=train_median
random,seed_20264957,90,LSGA,0.40055936086507477,0.9999383951219413,0.9986108103619546,False,train_only: severity_abs_spearman>=0.70 and class_signal<=train_median
random,seed_20264957,90,LSGB,0.40055936086507477,0.9999385167733669,0.9986108103619546,False,train_only: severity_abs_spearman>=0.70 and class_signal<=train_median
random,seed_20264957,90,QMGA,0.5221519146886331,0.9999993208447685,0.9986108103619546,False,train_only: severity_abs_spearman>=0.70 and class_signal<=train_median
random,seed_20264957,90,QMGB,0.5221519146886331,0.9999992841333067,0.9986108103619546,False,train_only: severity_abs_spearman>=0.70 and class_signal<=train_median
random,seed_20264957,90,NSGA,0.5221519146886331,0.9998923906556203,0.9986108103619546,False,train_only: severity_abs_spearman>=0.70 and class_signal<=train_median
random,seed_20264957,90,NSGB,0.5221519146886331,0.9998931125637437,0.9986108103619546,False,train_only: severity_abs_spearman>=0.70 and class_signal<=train_median
random,seed_20264957,90,TSAT,0.5183750297476261,0.9463548956883564,0.9986108103619546,False,train_only: severity_abs_spearman>=0.70 and class_signal<=train_median
random,seed_20264957,90,LVCR,0.0,0.0,0.9986108103619546,False,train_only: severity_abs_spearman>=0.70 and class_signal<=train_median
random,seed_20264957,90,RHBR,0.0,0.0,0.9986108103619546,False,train_only: severity_abs_spearman>=0.70 and class_signal<=train_median
random,seed_20264957,90,RHMT,0.5221519146886331,0.9940712055810855,0.9986108103619546,False,train_only: severity_abs_spearman>=0.70 and class_signal<=train_median
random,seed_20264957,90,RHFL,0.5221519146886331,0.9942354885236747,0.9986108103619546,False,train_only: severity_abs_spearman>=0.70 and class_signal<=train_median
random,seed_20264957,90,RH,0.40055936086507477,0.9999995995355192,0.9986108103619546,False,train_only: severity_abs_spearman>=0.70 and class_signal<=train_median
random,seed_20264957,90,PWNT,0.5221519146886331,0.9999879242682479,0.9986108103619546,False,train_only: severity_abs_spearman>=0.70 and class_signal<=train_median
random,seed_20264957,90,PWR,0.5221519146886331,0.9999866962418051,0.9986108103619546,False,train_only: severity_abs_spearman>=0.70 and class_signal<=train_median
random,seed_20264957,90,TFSB,0.5221519146886331,0.9999621995753455,0.9986108103619546,False,train_only: severity_abs_spearman>=0.70 and class_signal<=train_median
random,seed_20264957,90,TFPK,0.5221519146886331,0.9999616260711672,0.9986108103619546,False,train_only: severity_abs_spearman>=0.70 and class_signal<=train_median
random,seed_20264957,90,TF,0.5221519146886331,0.9999616260711672,0.9986108103619546,False,train_only: severity_abs_spearman>=0.70 and class_signal<=train_median
random,seed_20264957,90,PPM,0.0,0.0,0.9986108103619546,False,train_only: severity_abs_spearman>=0.70 and class_signal<=train_median
random,seed_20264957,90,RRCA,0.0,0.0,0.9986108103619546,False,train_only: severity_abs_spearman>=0.70 and class_signal<=train_median
random,seed_20264957,90,RRCB,0.0,0.0,0.9986108103619546,False,train_only: severity_abs_spearman>=0.70 and class_signal<=train_median
random,seed_20264957,90,RRCO,0.0,0.0,0.9986108103619546,False,train_only: severity_abs_spearman>=0.70 and class_signal<=train_median
random,seed_20264957,120,P,0.20888727928442202,0.6634570961338735,0.7594922767235889,False,train_only: severity_abs_spearman>=0.70 and class_signal<=train_median
random,seed_20264957,120,TAVG,0.3767337582679245,0.7817362981076686,0.7594922767235889,False,train_only: severity_abs_spearman>=0.70 and class_signal<=train_median
random,seed_20264957,120,THA,0.09350334187031589,0.7794074729604404,0.7594922767235889,False,train_only: severity_abs_spearman>=0.70 and class_signal<=train_median
random,seed_20264957,120,THB,0.05478506015786199,0.7764818195569151,0.7594922767235889,False,train_only: severity_abs_spearman>=0.70 and class_signal<=train_median
random,seed_20264957,120,TCA,0.4071720275267759,0.9382967759699278,0.7594922767235889,False,train_only: severity_abs_spearman>=0.70 and class_signal<=train_median
random,seed_20264957,120,TCB,0.4080148831713821,0.9585615784908283,0.7594922767235889,False,train_only: severity_abs_spearman>=0.70 and class_signal<=train_median
random,seed_20264957,120,WRCA,0.39883784528673766,0.6328766127800903,0.7594922767235889,False,train_only: severity_abs_spearman>=0.70 and class_signal<=train_median
random,seed_20264957,120,WRCB,0.39883892701730234,0.6931667909246284,0.7594922767235889,False,train_only: severity_abs_spearman>=0.70 and class_signal<=train_median
random,seed_20264957,120,PSGA,0.37769761712724503,0.9574460991381701,0.7594922767235889,False,train_only: severity_abs_spearman>=0.70 and class_signal<=train_median
random,seed_20264957,120,PSGB,0.5233608500443947,0.983394689611187,0.7594922767235889,False,train_only: severity_abs_spearman>=0.70 and class_signal<=train_median
random,seed_20264957,120,WFWA,0.11673206282685036,0.8143406155080978,0.7594922767235889,False,train_only: severity_abs_spearman>=0.70 and class_signal<=train_median
random,seed_20264957,120,WFWB,0.10474639787994247,0.8272713622222364,0.7594922767235889,False,train_only: severity_abs_spearman>=0.70 and class_signal<=train_median
random,seed_20264957,120,WSTA,0.21059472170124674,0.8752365021239719,0.7594922767235889,False,train_only: severity_abs_spearman>=0.70 and class_signal<=train_median
random,seed_20264957,120,WSTB,0.18362818946090148,0.8794834307321425,0.7594922767235889,False,train_only: severity_abs_spearman>=0.70 and class_signal<=train_median
random,seed_20264957,120,VOL,0.2107048999682108,0.6896477916672987,0.7594922767235889,False,train_only: severity_abs_spearman>=0.70 and class_signal<=train_median
random,seed_20264957,120,LVPZ,0.21070478550650326,0.6896493007509817,0.7594922767235889,False,train_only: severity_abs_spearman>=0.70 and class_signal<=train_median
random,seed_20264957,120,QMWT,0.06851904157456286,0.7594926878271836,0.7594922767235889,False,train_only: severity_abs_spearman>=0.70 and class_signal<=train_median
random,seed_20264957,120,LSGA,0.354166873002341,0.9510972512108632,0.7594922767235889,False,train_only: severity_abs_spearman>=0.70 and class_signal<=train_median
random,seed_20264957,120,LSGB,0.6147786596632261,0.9828229613312015,0.7594922767235889,False,train_only: severity_abs_spearman>=0.70 and class_signal<=train_median
random,seed_20264957,120,QMGA,0.17737701601106948,0.8317976617748585,0.7594922767235889,False,train_only: severity_abs_spearman>=0.70 and class_signal<=train_median
random,seed_20264957,120,QMGB,0.39610565860928787,0.8266867389511102,0.7594922767235889,False,train_only: severity_abs_spearman>=0.70 and class_signal<=train_median
random,seed_20264957,120,NSGA,0.10414365056758351,0.5921771098649566,0.7594922767235889,False,train_only: severity_abs_spearman>=0.70 and class_signal<=train_median
random,seed_20264957,120,NSGB,0.1857472997849226,0.6054666510620447,0.7594922767235889,False,train_only: severity_abs_spearman>=0.70 and class_signal<=train_median
random,seed_20264957,120,TSAT,0.20987619037048064,0.6544048718663941,0.7594922767235889,False,train_only: severity_abs_spearman>=0.70 and class_signal<=train_median
random,seed_20264957,120,LVCR,0.0,0.0,0.7594922767235889,False,train_only: severity_abs_spearman>=0.70 and class_signal<=train_median
random,seed_20264957,120,RHBR,0.0,0.0,0.7594922767235889,False,train_only: severity_abs_spearman>=0.70 and class_signal<=train_median
random,seed_20264957,120,RHMT,0.35597034426613217,0.8214136665695251,0.7594922767235889,False,train_only: severity_abs_spearman>=0.70 and class_signal<=train_median
random,seed_20264957,120,RHFL,0.07084084061229724,0.75666966205042,0.7594922767235889,False,train_only: severity_abs_spearman>=0.70 and class_signal<=train_median
random,seed_20264957,120,RH,0.17254131247417767,0.693470834406507,0.7594922767235889,False,train_only: severity_abs_spearman>=0.70 and class_signal<=train_median
random,seed_20264957,120,PWNT,0.06293236647514072,0.7921020531939263,0.7594922767235889,False,train_only: severity_abs_spearman>=0.70 and class_signal<=train_median
random,seed_20264957,120,PWR,0.06853311434938314,0.7594918656199942,0.7594922767235889,False,train_only: severity_abs_spearman>=0.70 and class_signal<=train_median
random,seed_20264957,120,TFSB,0.06667334303082648,0.7617107937194297,0.7594922767235889,False,train_only: severity_abs_spearman>=0.70 and class_signal<=train_median
random,seed_20264957,120,TFPK,0.06883882579842966,0.7566665755230262,0.7594922767235889,False,train_only: severity_abs_spearman>=0.70 and class_signal<=train_median
random,seed_20264957,120,TF,0.06883882579842966,0.7566665755230262,0.7594922767235889,False,train_only: severity_abs_spearman>=0.70 and class_signal<=train_median
random,seed_20264957,120,PPM,0.0,0.0,0.7594922767235889,False,train_only: severity_abs_spearman>=0.70 and class_signal<=train_median
random,seed_20264957,120,RRCA,0.39883784528673766,0.6328763547730019,0.7594922767235889,False,train_only: severity_abs_spearman>=0.70 and class_signal<=train_median
random,seed_20264957,120,RRCB,0.39883892701730234,0.6931662310266485,0.7594922767235889,False,train_only: severity_abs_spearman>=0.70 and class_signal<=train_median
random,seed_20264957,120,RRCO,0.39883892701730234,0.6658117043983144,0.7594922767235889,False,train_only: severity_abs_spearman>=0.70 and class_signal<=train_median
random,seed_20265966,60,P,0.5258046433445905,0.8808448355373751,0.9972704682046323,False,train_only: severity_abs_spearman>=0.70 and class_signal<=train_median
random,seed_20265966,60,TAVG,0.5258046433445905,0.9706804124396696,0.9972704682046323,False,train_only: severity_abs_spearman>=0.70 and class_signal<=train_median
random,seed_20265966,60,THA,0.5258046433445905,0.9919477344013753,0.9972704682046323,False,train_only: severity_abs_spearman>=0.70 and class_signal<=train_median
random,seed_20265966,60,THB,0.5258046433445905,0.9918918402736514,0.9972704682046323,False,train_only: severity_abs_spearman>=0.70 and class_signal<=train_median
random,seed_20265966,60,TCA,0.5258046433445905,0.9977361189548841,0.9972704682046323,False,train_only: severity_abs_spearman>=0.70 and class_signal<=train_median
random,seed_20265966,60,TCB,0.5258046433445905,0.9977311276839155,0.9972704682046323,False,train_only: severity_abs_spearman>=0.70 and class_signal<=train_median
random,seed_20265966,60,WRCA,0.0,0.0,0.9972704682046323,False,train_only: severity_abs_spearman>=0.70 and class_signal<=train_median
random,seed_20265966,60,WRCB,0.0,0.0,0.9972704682046323,False,train_only: severity_abs_spearman>=0.70 and class_signal<=train_median
random,seed_20265966,60,PSGA,0.5258046433445905,0.9968082703681105,0.9972704682046323,False,train_only: severity_abs_spearman>=0.70 and class_signal<=train_median
random,seed_20265966,60,PSGB,0.5258046433445905,0.996809808725349,0.9972704682046323,False,train_only: severity_abs_spearman>=0.70 and class_signal<=train_median
random,seed_20265966,60,WFWA,0.5258046433445905,0.9999906088219026,0.9972704682046323,False,train_only: severity_abs_spearman>=0.70 and class_signal<=train_median
random,seed_20265966,60,WFWB,0.5258046433445905,0.9999909107644384,0.9972704682046323,False,train_only: severity_abs_spearman>=0.70 and class_signal<=train_median
random,seed_20265966,60,WSTA,0.521613074254235,0.9999999999648567,0.9972704682046323,False,train_only: severity_abs_spearman>=0.70 and class_signal<=train_median
random,seed_20265966,60,WSTB,0.47536926424013803,0.9999999999979152,0.9972704682046323,False,train_only: severity_abs_spearman>=0.70 and class_signal<=train_median
random,seed_20265966,60,VOL,0.521613074254235,0.8054265795316569,0.9972704682046323,False,train_only: severity_abs_spearman>=0.70 and class_signal<=train_median
random,seed_20265966,60,LVPZ,0.521613074254235,0.8055395428460441,0.9972704682046323,False,train_only: severity_abs_spearman>=0.70 and class_signal<=train_median
random,seed_20265966,60,QMWT,0.5258046433445905,0.9999676358986503,0.9972704682046323,False,train_only: severity_abs_spearman>=0.70 and class_signal<=train_median
random,seed_20265966,60,LSGA,0.43166847563665933,0.9997051335655439,0.9972704682046323,False,train_only: severity_abs_spearman>=0.70 and class_signal<=train_median
random,seed_20265966,60,LSGB,0.43166847563665933,0.9997046298867698,0.9972704682046323,False,train_only: severity_abs_spearman>=0.70 and class_signal<=train_median
random,seed_20265966,60,QMGA,0.5258046433445905,0.9999979092738699,0.9972704682046323,False,train_only: severity_abs_spearman>=0.70 and class_signal<=train_median
random,seed_20265966,60,QMGB,0.5258046433445905,0.9999978498074148,0.9972704682046323,False,train_only: severity_abs_spearman>=0.70 and class_signal<=train_median
random,seed_20265966,60,NSGA,0.5187820294640821,0.9998121029259912,0.9972704682046323,False,train_only: severity_abs_spearman>=0.70 and class_signal<=train_median
random,seed_20265966,60,NSGB,0.5187820294640821,0.9998068446857855,0.9972704682046323,False,train_only: severity_abs_spearman>=0.70 and class_signal<=train_median
random,seed_20265966,60,TSAT,0.5258046433445905,0.8662184619675554,0.9972704682046323,False,train_only: severity_abs_spearman>=0.70 and class_signal<=train_median
random,seed_20265966,60,LVCR,0.0,0.0,0.9972704682046323,False,train_only: severity_abs_spearman>=0.70 and class_signal<=train_median
random,seed_20265966,60,RHBR,0.0,0.0,0.9972704682046323,False,train_only: severity_abs_spearman>=0.70 and class_signal<=train_median
random,seed_20265966,60,RHMT,0.5258046433445905,0.9878476295295595,0.9972704682046323,False,train_only: severity_abs_spearman>=0.70 and class_signal<=train_median
random,seed_20265966,60,RHFL,0.5258046433445905,0.9885308193786099,0.9972704682046323,False,train_only: severity_abs_spearman>=0.70 and class_signal<=train_median
random,seed_20265966,60,RH,0.5258046433445905,0.9993060001474927,0.9972704682046323,False,train_only: severity_abs_spearman>=0.70 and class_signal<=train_median
random,seed_20265966,60,PWNT,0.5258046433445905,0.9998939442824251,0.9972704682046323,False,train_only: severity_abs_spearman>=0.70 and class_signal<=train_median
random,seed_20265966,60,PWR,0.5258046433445905,0.9998670605547788,0.9972704682046323,False,train_only: severity_abs_spearman>=0.70 and class_signal<=train_median
random,seed_20265966,60,TFSB,0.5258046433445905,0.9997761724439014,0.9972704682046323,False,train_only: severity_abs_spearman>=0.70 and class_signal<=train_median
random,seed_20265966,60,TFPK,0.5258046433445905,0.9997684996311426,0.9972704682046323,False,train_only: severity_abs_spearman>=0.70 and class_signal<=train_median
random,seed_20265966,60,TF,0.5258046433445905,0.9997684996311426,0.9972704682046323,False,train_only: severity_abs_spearman>=0.70 and class_signal<=train_median
random,seed_20265966,60,PPM,0.0,0.0,0.9972704682046323,False,train_only: severity_abs_spearman>=0.70 and class_signal<=train_median
random,seed_20265966,60,RRCA,0.0,0.0,0.9972704682046323,False,train_only: severity_abs_spearman>=0.70 and class_signal<=train_median
random,seed_20265966,60,RRCB,0.0,0.0,0.9972704682046323,False,train_only: severity_abs_spearman>=0.70 and class_signal<=train_median
random,seed_20265966,60,RRCO,0.0,0.0,0.9972704682046323,False,train_only: severity_abs_spearman>=0.70 and class_signal<=train_median
random,seed_20265966,90,P,0.521613074254235,0.9662733041379921,0.9988323535079615,False,train_only: severity_abs_spearman>=0.70 and class_signal<=train_median
random,seed_20265966,90,TAVG,0.5258046433445905,0.9890270306521661,0.9988323535079615,False,train_only: severity_abs_spearman>=0.70 and class_signal<=train_median
random,seed_20265966,90,THA,0.5258046433445905,0.9971569579665754,0.9988323535079615,False,train_only: severity_abs_spearman>=0.70 and class_signal<=train_median
random,seed_20265966,90,THB,0.5258046433445905,0.9971355949228868,0.9988323535079615,False,train_only: severity_abs_spearman>=0.70 and class_signal<=train_median
random,seed_20265966,90,TCA,0.5258046433445905,0.9989030111991763,0.9988323535079615,False,train_only: severity_abs_spearman>=0.70 and class_signal<=train_median
random,seed_20265966,90,TCB,0.5258046433445905,0.9988986102419263,0.9988323535079615,False,train_only: severity_abs_spearman>=0.70 and class_signal<=train_median
random,seed_20265966,90,WRCA,0.0,0.0,0.9988323535079615,False,train_only: severity_abs_spearman>=0.70 and class_signal<=train_median
random,seed_20265966,90,WRCB,0.0,0.0,0.9988323535079615,False,train_only: severity_abs_spearman>=0.70 and class_signal<=train_median
random,seed_20265966,90,PSGA,0.5258046433445905,0.9987657574450699,0.9988323535079615,False,train_only: severity_abs_spearman>=0.70 and class_signal<=train_median
random,seed_20265966,90,PSGB,0.5258046433445905,0.9987660967739969,0.9988323535079615,False,train_only: severity_abs_spearman>=0.70 and class_signal<=train_median
random,seed_20265966,90,WFWA,0.5258046433445905,0.9999901017781462,0.9988323535079615,False,train_only: severity_abs_spearman>=0.70 and class_signal<=train_median
random,seed_20265966,90,WFWB,0.5258046433445905,0.9999902935396383,0.9988323535079615,False,train_only: severity_abs_spearman>=0.70 and class_signal<=train_median
random,seed_20265966,90,WSTA,0.521613074254235,0.9999999999198268,0.9988323535079615,False,train_only: severity_abs_spearman>=0.70 and class_signal<=train_median
random,seed_20265966,90,WSTB,0.12479339146033448,0.999999999963442,0.9988323535079615,False,train_only: severity_abs_spearman>=0.70 and class_signal<=train_median
random,seed_20265966,90,VOL,0.521613074254235,0.838526057065954,0.9988323535079615,False,train_only: severity_abs_spearman>=0.70 and class_signal<=train_median
random,seed_20265966,90,LVPZ,0.521613074254235,0.838675226653585,0.9988323535079615,False,train_only: severity_abs_spearman>=0.70 and class_signal<=train_median
random,seed_20265966,90,QMWT,0.5258046433445905,0.9999998531627523,0.9988323535079615,False,train_only: severity_abs_spearman>=0.70 and class_signal<=train_median
random,seed_20265966,90,LSGA,0.43166847563665933,0.999948167979486,0.9988323535079615,False,train_only: severity_abs_spearman>=0.70 and class_signal<=train_median
random,seed_20265966,90,LSGB,0.43166847563665933,0.9999482702517809,0.9988323535079615,False,train_only: severity_abs_spearman>=0.70 and class_signal<=train_median
random,seed_20265966,90,QMGA,0.5258046433445905,0.9999994290457106,0.9988323535079615,False,train_only: severity_abs_spearman>=0.70 and class_signal<=train_median
random,seed_20265966,90,QMGB,0.5258046433445905,0.999999398183116,0.9988323535079615,False,train_only: severity_abs_spearman>=0.70 and class_signal<=train_median
random,seed_20265966,90,NSGA,0.5258046433445905,0.9999094824936144,0.9988323535079615,False,train_only: severity_abs_spearman>=0.70 and class_signal<=train_median
random,seed_20265966,90,NSGB,0.5258046433445905,0.999910089664004,0.9988323535079615,False,train_only: severity_abs_spearman>=0.70 and class_signal<=train_median
random,seed_20265966,90,TSAT,0.521613074254235,0.9543845476272202,0.9988323535079615,False,train_only: severity_abs_spearman>=0.70 and class_signal<=train_median
random,seed_20265966,90,LVCR,0.0,0.0,0.9988323535079615,False,train_only: severity_abs_spearman>=0.70 and class_signal<=train_median
random,seed_20265966,90,RHBR,0.0,0.0,0.9988323535079615,False,train_only: severity_abs_spearman>=0.70 and class_signal<=train_median
random,seed_20265966,90,RHMT,0.5258046433445905,0.9950145687147689,0.9988323535079615,False,train_only: severity_abs_spearman>=0.70 and class_signal<=train_median
random,seed_20265966,90,RHFL,0.5258046433445905,0.9951530745939032,0.9988323535079615,False,train_only: severity_abs_spearman>=0.70 and class_signal<=train_median
random,seed_20265966,90,RH,0.43166847563665933,0.9999996440843167,0.9988323535079615,False,train_only: severity_abs_spearman>=0.70 and class_signal<=train_median
random,seed_20265966,90,PWNT,0.5258046433445905,0.9999898465659668,0.9988323535079615,False,train_only: severity_abs_spearman>=0.70 and class_signal<=train_median
random,seed_20265966,90,PWR,0.5258046433445905,0.9999888139141071,0.9988323535079615,False,train_only: severity_abs_spearman>=0.70 and class_signal<=train_median
random,seed_20265966,90,TFSB,0.5258046433445905,0.9999682153751872,0.9988323535079615,False,train_only: severity_abs_spearman>=0.70 and class_signal<=train_median
random,seed_20265966,90,TFPK,0.5258046433445905,0.9999677330789706,0.9988323535079615,False,train_only: severity_abs_spearman>=0.70 and class_signal<=train_median
random,seed_20265966,90,TF,0.5258046433445905,0.9999677330789706,0.9988323535079615,False,train_only: severity_abs_spearman>=0.70 and class_signal<=train_median
random,seed_20265966,90,PPM,0.0,0.0,0.9988323535079615,False,train_only: severity_abs_spearman>=0.70 and class_signal<=train_median
random,seed_20265966,90,RRCA,0.0,0.0,0.9988323535079615,False,train_only: severity_abs_spearman>=0.70 and class_signal<=train_median
random,seed_20265966,90,RRCB,0.0,0.0,0.9988323535079615,False,train_only: severity_abs_spearman>=0.70 and class_signal<=train_median
random,seed_20265966,90,RRCO,0.0,0.0,0.9988323535079615,False,train_only: severity_abs_spearman>=0.70 and class_signal<=train_median
random,seed_20265966,120,P,0.17464601421761472,0.6466742930542273,0.7122552408714233,False,train_only: severity_abs_spearman>=0.70 and class_signal<=train_median
random,seed_20265966,120,TAVG,0.3784256768317762,0.7368603013878144,0.7122552408714233,False,train_only: severity_abs_spearman>=0.70 and class_signal<=train_median
random,seed_20265966,120,THA,0.13596850724033147,0.7216363020446875,0.7122552408714233,False,train_only: severity_abs_spearman>=0.70 and class_signal<=train_median
random,seed_20265966,120,THB,0.09606090478201232,0.7147428760334124,0.7122552408714233,False,train_only: severity_abs_spearman>=0.70 and class_signal<=train_median
random,seed_20265966,120,TCA,0.40222297309509564,0.9534543043040994,0.7122552408714233,False,train_only: severity_abs_spearman>=0.70 and class_signal<=train_median
random,seed_20265966,120,TCB,0.4043076928889666,0.9771119465970376,0.7122552408714233,False,train_only: severity_abs_spearman>=0.70 and class_signal<=train_median
random,seed_20265966,120,WRCA,0.38757502223383034,0.5580871745017244,0.7122552408714233,False,train_only: severity_abs_spearman>=0.70 and class_signal<=train_median
random,seed_20265966,120,WRCB,0.38757724851216896,0.6093776198872238,0.7122552408714233,False,train_only: severity_abs_spearman>=0.70 and class_signal<=train_median
random,seed_20265966,120,PSGA,0.3527483345650864,0.9617174440237902,0.7122552408714233,False,train_only: severity_abs_spearman>=0.70 and class_signal<=train_median
random,seed_20265966,120,PSGB,0.5332133008461181,0.9866876182798601,0.7122552408714233,False,train_only: severity_abs_spearman>=0.70 and class_signal<=train_median
random,seed_20265966,120,WFWA,0.12876858581816117,0.789488818088628,0.7122552408714233,False,train_only: severity_abs_spearman>=0.70 and class_signal<=train_median
random,seed_20265966,120,WFWB,0.1713592617601156,0.8027352031676298,0.7122552408714233,False,train_only: severity_abs_spearman>=0.70 and class_signal<=train_median
random,seed_20265966,120,WSTA,0.24841533178759623,0.8563490234514517,0.7122552408714233,False,train_only: severity_abs_spearman>=0.70 and class_signal<=train_median
random,seed_20265966,120,WSTB,0.2145010736673383,0.853105314137908,0.7122552408714233,False,train_only: severity_abs_spearman>=0.70 and class_signal<=train_median
random,seed_20265966,120,VOL,0.17682189665429907,0.6749585432283457,0.7122552408714233,False,train_only: severity_abs_spearman>=0.70 and class_signal<=train_median
random,seed_20265966,120,LVPZ,0.17682181981001066,0.6749583063901923,0.7122552408714233,False,train_only: severity_abs_spearman>=0.70 and class_signal<=train_median
random,seed_20265966,120,QMWT,0.0511942761308251,0.7122557128941153,0.7122552408714233,False,train_only: severity_abs_spearman>=0.70 and class_signal<=train_median
random,seed_20265966,120,LSGA,0.2929988748278133,0.9538638763038325,0.7122552408714233,False,train_only: severity_abs_spearman>=0.70 and class_signal<=train_median
random,seed_20265966,120,LSGB,0.6232683257616621,0.9830565170459054,0.7122552408714233,False,train_only: severity_abs_spearman>=0.70 and class_signal<=train_median
random,seed_20265966,120,QMGA,0.22245196515319676,0.7983483696519552,0.7122552408714233,False,train_only: severity_abs_spearman>=0.70 and class_signal<=train_median
random,seed_20265966,120,QMGB,0.4283699009095232,0.7845552412058118,0.7122552408714233,False,train_only: severity_abs_spearman>=0.70 and class_signal<=train_median
random,seed_20265966,120,NSGA,0.18966427624866447,0.5447135106580875,0.7122552408714233,False,train_only: severity_abs_spearman>=0.70 and class_signal<=train_median
random,seed_20265966,120,NSGB,0.18864045951901678,0.5509071650141636,0.7122552408714233,False,train_only: severity_abs_spearman>=0.70 and class_signal<=train_median
random,seed_20265966,120,TSAT,0.17566195560519884,0.6369647354586752,0.7122552408714233,False,train_only: severity_abs_spearman>=0.70 and class_signal<=train_median
random,seed_20265966,120,LVCR,0.0,0.0,0.7122552408714233,False,train_only: severity_abs_spearman>=0.70 and class_signal<=train_median
random,seed_20265966,120,RHBR,0.0,0.0,0.7122552408714233,False,train_only: severity_abs_spearman>=0.70 and class_signal<=train_median
random,seed_20265966,120,RHMT,0.3620007483041634,0.7806170392145034,0.7122552408714233,False,train_only: severity_abs_spearman>=0.70 and class_signal<=train_median
random,seed_20265966,120,RHFL,0.041217427130084014,0.7084558552888093,0.7122552408714233,False,train_only: severity_abs_spearman>=0.70 and class_signal<=train_median
random,seed_20265966,120,RH,0.05738081414887643,0.6463729493278979,0.7122552408714233,False,train_only: severity_abs_spearman>=0.70 and class_signal<=train_median
random,seed_20265966,120,PWNT,0.04071731202036761,0.7572680478950756,0.7122552408714233,False,train_only: severity_abs_spearman>=0.70 and class_signal<=train_median
random,seed_20265966,120,PWR,0.036260614697287995,0.7122547688487314,0.7122552408714233,False,train_only: severity_abs_spearman>=0.70 and class_signal<=train_median
random,seed_20265966,120,TFSB,0.03678260092901856,0.7162499402757002,0.7122552408714233,False,train_only: severity_abs_spearman>=0.70 and class_signal<=train_median
random,seed_20265966,120,TFPK,0.03545154686320375,0.708455591161049,0.7122552408714233,False,train_only: severity_abs_spearman>=0.70 and class_signal<=train_median
random,seed_20265966,120,TF,0.03545154686320375,0.708455591161049,0.7122552408714233,False,train_only: severity_abs_spearman>=0.70 and class_signal<=train_median
random,seed_20265966,120,PPM,0.0,0.0,0.7122552408714233,False,train_only: severity_abs_spearman>=0.70 and class_signal<=train_median
random,seed_20265966,120,RRCA,0.38757502223383034,0.5580866994814327,0.7122552408714233,False,train_only: severity_abs_spearman>=0.70 and class_signal<=train_median
random,seed_20265966,120,RRCB,0.38757724851216896,0.6093768187859556,0.7122552408714233,False,train_only: severity_abs_spearman>=0.70 and class_signal<=train_median
random,seed_20265966,120,RRCO,0.38757724851216896,0.5866073042534502,0.7122552408714233,False,train_only: severity_abs_spearman>=0.70 and class_signal<=train_median
random,seed_20266975,60,P,0.5062740970224381,0.8930140018927886,0.9975810167064212,False,train_only: severity_abs_spearman>=0.70 and class_signal<=train_median
random,seed_20266975,60,TAVG,0.5062740970224381,0.973961528602769,0.9975810167064212,False,train_only: severity_abs_spearman>=0.70 and class_signal<=train_median
random,seed_20266975,60,THA,0.5062740970224381,0.992862346047943,0.9975810167064212,False,train_only: severity_abs_spearman>=0.70 and class_signal<=train_median
random,seed_20266975,60,THB,0.5062740970224381,0.9928127647377151,0.9975810167064212,False,train_only: severity_abs_spearman>=0.70 and class_signal<=train_median
random,seed_20266975,60,TCA,0.5062740970224381,0.9979937513450885,0.9975810167064212,False,train_only: severity_abs_spearman>=0.70 and class_signal<=train_median
random,seed_20266975,60,TCB,0.5062740970224381,0.9979893282132648,0.9975810167064212,False,train_only: severity_abs_spearman>=0.70 and class_signal<=train_median
random,seed_20266975,60,WRCA,0.0,0.0,0.9975810167064212,False,train_only: severity_abs_spearman>=0.70 and class_signal<=train_median
random,seed_20266975,60,WRCB,0.0,0.0,0.9975810167064212,False,train_only: severity_abs_spearman>=0.70 and class_signal<=train_median
random,seed_20266975,60,PSGA,0.5062740970224381,0.9971713418488534,0.9975810167064212,False,train_only: severity_abs_spearman>=0.70 and class_signal<=train_median
random,seed_20266975,60,PSGB,0.5062740970224381,0.9971727051995775,0.9975810167064212,False,train_only: severity_abs_spearman>=0.70 and class_signal<=train_median
random,seed_20266975,60,WFWA,0.5062740970224381,0.9999916746126212,0.9975810167064212,False,train_only: severity_abs_spearman>=0.70 and class_signal<=train_median
random,seed_20266975,60,WFWB,0.5062740970224381,0.999991942279683,0.9975810167064212,False,train_only: severity_abs_spearman>=0.70 and class_signal<=train_median
random,seed_20266975,60,WSTA,0.5035205834696396,0.9999999999688423,0.9975810167064212,False,train_only: severity_abs_spearman>=0.70 and class_signal<=train_median
random,seed_20266975,60,WSTB,0.4705046014976234,0.9999999999981516,0.9975810167064212,False,train_only: severity_abs_spearman>=0.70 and class_signal<=train_median
random,seed_20266975,60,VOL,0.5035205834696396,0.8235578100237368,0.9975810167064212,False,train_only: severity_abs_spearman>=0.70 and class_signal<=train_median
random,seed_20266975,60,LVPZ,0.5035205834696396,0.8236614827088743,0.9975810167064212,False,train_only: severity_abs_spearman>=0.70 and class_signal<=train_median
random,seed_20266975,60,QMWT,0.5062740970224381,0.9999713104888301,0.9975810167064212,False,train_only: severity_abs_spearman>=0.70 and class_signal<=train_median
random,seed_20266975,60,LSGA,0.41879506956306434,0.9997385594590054,0.9975810167064212,False,train_only: severity_abs_spearman>=0.70 and class_signal<=train_median
random,seed_20266975,60,LSGB,0.41879506956306434,0.9997381130515648,0.9975810167064212,False,train_only: severity_abs_spearman>=0.70 and class_signal<=train_median
random,seed_20266975,60,QMGA,0.5062740970224381,0.9999981463632623,0.9975810167064212,False,train_only: severity_abs_spearman>=0.70 and class_signal<=train_median
random,seed_20266975,60,QMGB,0.5062740970224381,0.9999980936397347,0.9975810167064212,False,train_only: severity_abs_spearman>=0.70 and class_signal<=train_median
random,seed_20266975,60,NSGA,0.4986763965056037,0.9998334769468643,0.9975810167064212,False,train_only: severity_abs_spearman>=0.70 and class_signal<=train_median
random,seed_20266975,60,NSGB,0.4986763965056037,0.9998288178232204,0.9975810167064212,False,train_only: severity_abs_spearman>=0.70 and class_signal<=train_median
random,seed_20266975,60,TSAT,0.5062740970224381,0.8796516099181371,0.9975810167064212,False,train_only: severity_abs_spearman>=0.70 and class_signal<=train_median
random,seed_20266975,60,LVCR,0.0,0.0,0.9975810167064212,False,train_only: severity_abs_spearman>=0.70 and class_signal<=train_median
random,seed_20266975,60,RHBR,0.0,0.0,0.9975810167064212,False,train_only: severity_abs_spearman>=0.70 and class_signal<=train_median
random,seed_20266975,60,RHMT,0.5062740970224381,0.9892246006499538,0.9975810167064212,False,train_only: severity_abs_spearman>=0.70 and class_signal<=train_median
random,seed_20266975,60,RHFL,0.5062740970224381,0.9898315070007867,0.9975810167064212,False,train_only: severity_abs_spearman>=0.70 and class_signal<=train_median
random,seed_20266975,60,RH,0.5062740970224381,0.9993848656830666,0.9975810167064212,False,train_only: severity_abs_spearman>=0.70 and class_signal<=train_median
random,seed_20266975,60,PWNT,0.5062740970224381,0.9999059758892168,0.9975810167064212,False,train_only: severity_abs_spearman>=0.70 and class_signal<=train_median
random,seed_20266975,60,PWR,0.5062740970224381,0.9998821418791766,0.9975810167064212,False,train_only: severity_abs_spearman>=0.70 and class_signal<=train_median
random,seed_20266975,60,TFSB,0.5062740970224381,0.9998015506472919,0.9975810167064212,False,train_only: severity_abs_spearman>=0.70 and class_signal<=train_median
random,seed_20266975,60,TFPK,0.5062740970224381,0.9997947475148444,0.9975810167064212,False,train_only: severity_abs_spearman>=0.70 and class_signal<=train_median
random,seed_20266975,60,TF,0.5062740970224381,0.9997947475148444,0.9975810167064212,False,train_only: severity_abs_spearman>=0.70 and class_signal<=train_median
random,seed_20266975,60,PPM,0.0,0.0,0.9975810167064212,False,train_only: severity_abs_spearman>=0.70 and class_signal<=train_median
random,seed_20266975,60,RRCA,0.0,0.0,0.9975810167064212,False,train_only: severity_abs_spearman>=0.70 and class_signal<=train_median
random,seed_20266975,60,RRCB,0.0,0.0,0.9975810167064212,False,train_only: severity_abs_spearman>=0.70 and class_signal<=train_median
random,seed_20266975,60,RRCO,0.0,0.0,0.9975810167064212,False,train_only: severity_abs_spearman>=0.70 and class_signal<=train_median
random,seed_20266975,90,P,0.5035205834696396,0.9700725070285903,0.9989651456716135,False,train_only: severity_abs_spearman>=0.70 and class_signal<=train_median
random,seed_20266975,90,TAVG,0.5062740970224381,0.9902711552309406,0.9989651456716135,False,train_only: severity_abs_spearman>=0.70 and class_signal<=train_median
random,seed_20266975,90,THA,0.5062740970224381,0.9974803740813949,0.9989651456716135,False,train_only: severity_abs_spearman>=0.70 and class_signal<=train_median
random,seed_20266975,90,THB,0.5062740970224381,0.9974614401142496,0.9989651456716135,False,train_only: severity_abs_spearman>=0.70 and class_signal<=train_median
random,seed_20266975,90,TCA,0.5062740970224381,0.9990277761921006,0.9989651456716135,False,train_only: severity_abs_spearman>=0.70 and class_signal<=train_median
random,seed_20266975,90,TCB,0.5062740970224381,0.9990238763711317,0.9989651456716135,False,train_only: severity_abs_spearman>=0.70 and class_signal<=train_median
random,seed_20266975,90,WRCA,0.0,0.0,0.9989651456716135,False,train_only: severity_abs_spearman>=0.70 and class_signal<=train_median
random,seed_20266975,90,WRCB,0.0,0.0,0.9989651456716135,False,train_only: severity_abs_spearman>=0.70 and class_signal<=train_median
random,seed_20266975,90,PSGA,0.5062740970224381,0.9989061142668294,0.9989651456716135,False,train_only: severity_abs_spearman>=0.70 and class_signal<=train_median
random,seed_20266975,90,PSGB,0.5062740970224381,0.9989064149720953,0.9989651456716135,False,train_only: severity_abs_spearman>=0.70 and class_signal<=train_median
random,seed_20266975,90,WFWA,0.5062740970224381,0.9999912249214994,0.9989651456716135,False,train_only: severity_abs_spearman>=0.70 and class_signal<=train_median
random,seed_20266975,90,WFWB,0.5062740970224381,0.9999913949219612,0.9989651456716135,False,train_only: severity_abs_spearman>=0.70 and class_signal<=train_median
random,seed_20266975,90,WSTA,0.5035205834696396,0.9999999999288711,0.9989651456716135,False,train_only: severity_abs_spearman>=0.70 and class_signal<=train_median
random,seed_20266975,90,WSTB,0.12086011292546198,0.9999999999675885,0.9989651456716135,False,train_only: severity_abs_spearman>=0.70 and class_signal<=train_median
random,seed_20266975,90,VOL,0.5035205834696396,0.8542051482705876,0.9989651456716135,False,train_only: severity_abs_spearman>=0.70 and class_signal<=train_median
random,seed_20266975,90,LVPZ,0.5035205834696396,0.8543430401085054,0.9989651456716135,False,train_only: severity_abs_spearman>=0.70 and class_signal<=train_median
random,seed_20266975,90,QMWT,0.5062740970224381,0.9999998698307877,0.9989651456716135,False,train_only: severity_abs_spearman>=0.70 and class_signal<=train_median
random,seed_20266975,90,LSGA,0.41879506956306434,0.9999539943238771,0.9989651456716135,False,train_only: severity_abs_spearman>=0.70 and class_signal<=train_median
random,seed_20266975,90,LSGB,0.41879506956306434,0.9999540849869222,0.9989651456716135,False,train_only: severity_abs_spearman>=0.70 and class_signal<=train_median
random,seed_20266975,90,QMGA,0.5062740970224381,0.9999994938081368,0.9989651456716135,False,train_only: severity_abs_spearman>=0.70 and class_signal<=train_median
random,seed_20266975,90,QMGB,0.5062740970224381,0.9999994664464424,0.9989651456716135,False,train_only: severity_abs_spearman>=0.70 and class_signal<=train_median
random,seed_20266975,90,NSGA,0.5062740970224381,0.9999197667960038,0.9989651456716135,False,train_only: severity_abs_spearman>=0.70 and class_signal<=train_median
random,seed_20266975,90,NSGB,0.5062740970224381,0.9999203051432437,0.9989651456716135,False,train_only: severity_abs_spearman>=0.70 and class_signal<=train_median
random,seed_20266975,90,TSAT,0.5035205834696396,0.9594630642510179,0.9989651456716135,False,train_only: severity_abs_spearman>=0.70 and class_signal<=train_median
random,seed_20266975,90,LVCR,0.0,0.0,0.9989651456716135,False,train_only: severity_abs_spearman>=0.70 and class_signal<=train_median
random,seed_20266975,90,RHBR,0.0,0.0,0.9989651456716135,False,train_only: severity_abs_spearman>=0.70 and class_signal<=train_median
random,seed_20266975,90,RHMT,0.5062740970224381,0.9955810961164101,0.9989651456716135,False,train_only: severity_abs_spearman>=0.70 and class_signal<=train_median
random,seed_20266975,90,RHFL,0.5062740970224381,0.9957042845944261,0.9989651456716135,False,train_only: severity_abs_spearman>=0.70 and class_signal<=train_median
random,seed_20266975,90,RH,0.41879506956306434,0.9999996604095901,0.9989651456716135,False,train_only: severity_abs_spearman>=0.70 and class_signal<=train_median
random,seed_20266975,90,PWNT,0.5062740970224381,0.9999909985527718,0.9989651456716135,False,train_only: severity_abs_spearman>=0.70 and class_signal<=train_median
random,seed_20266975,90,PWR,0.5062740970224381,0.9999900831079488,0.9989651456716135,False,train_only: severity_abs_spearman>=0.70 and class_signal<=train_median
random,seed_20266975,90,TFSB,0.5062740970224381,0.9999718206189809,0.9989651456716135,False,train_only: severity_abs_spearman>=0.70 and class_signal<=train_median
random,seed_20266975,90,TFPK,0.5062740970224381,0.99997139304011,0.9989651456716135,False,train_only: severity_abs_spearman>=0.70 and class_signal<=train_median
random,seed_20266975,90,TF,0.5062740970224381,0.99997139304011,0.9989651456716135,False,train_only: severity_abs_spearman>=0.70 and class_signal<=train_median
random,seed_20266975,90,PPM,0.0,0.0,0.9989651456716135,False,train_only: severity_abs_spearman>=0.70 and class_signal<=train_median
random,seed_20266975,90,RRCA,0.0,0.0,0.9989651456716135,False,train_only: severity_abs_spearman>=0.70 and class_signal<=train_median
random,seed_20266975,90,RRCB,0.0,0.0,0.9989651456716135,False,train_only: severity_abs_spearman>=0.70 and class_signal<=train_median
random,seed_20266975,90,RRCO,0.0,0.0,0.9989651456716135,False,train_only: severity_abs_spearman>=0.70 and class_signal<=train_median
random,seed_20266975,120,P,0.18620878858179438,0.6440312095306953,0.7046197507646759,False,train_only: severity_abs_spearman>=0.70 and class_signal<=train_median
random,seed_20266975,120,TAVG,0.3657633608824583,0.7242212302626064,0.7046197507646759,False,train_only: severity_abs_spearman>=0.70 and class_signal<=train_median
random,seed_20266975,120,THA,0.07354928762511671,0.7154371546861273,0.7046197507646759,False,train_only: severity_abs_spearman>=0.70 and class_signal<=train_median
random,seed_20266975,120,THB,0.09946558017630616,0.709074392699919,0.7046197507646759,False,train_only: severity_abs_spearman>=0.70 and class_signal<=train_median
random,seed_20266975,120,TCA,0.4016126249524616,0.9467163447008964,0.7046197507646759,False,train_only: severity_abs_spearman>=0.70 and class_signal<=train_median
random,seed_20266975,120,TCB,0.4028809050317488,0.9646809387232796,0.7046197507646759,False,train_only: severity_abs_spearman>=0.70 and class_signal<=train_median
random,seed_20266975,120,WRCA,0.36376206435891445,0.5533630848464764,0.7046197507646759,False,train_only: severity_abs_spearman>=0.70 and class_signal<=train_median
random,seed_20266975,120,WRCB,0.36376443638502615,0.6094117889461684,0.7046197507646759,False,train_only: severity_abs_spearman>=0.70 and class_signal<=train_median
random,seed_20266975,120,PSGA,0.3700882132998744,0.963142372315043,0.7046197507646759,False,train_only: severity_abs_spearman>=0.70 and class_signal<=train_median
random,seed_20266975,120,PSGB,0.5175117488665467,0.9856031594101987,0.7046197507646759,False,train_only: severity_abs_spearman>=0.70 and class_signal<=train_median
random,seed_20266975,120,WFWA,0.14478087303893034,0.7847051582768647,0.7046197507646759,False,train_only: severity_abs_spearman>=0.70 and class_signal<=train_median
random,seed_20266975,120,WFWB,0.13753877611684268,0.7966720966461187,0.7046197507646759,False,train_only: severity_abs_spearman>=0.70 and class_signal<=train_median
random,seed_20266975,120,WSTA,0.24509081727604495,0.8602413413010941,0.7046197507646759,False,train_only: severity_abs_spearman>=0.70 and class_signal<=train_median
random,seed_20266975,120,WSTB,0.21213368702167093,0.8562963168680665,0.7046197507646759,False,train_only: severity_abs_spearman>=0.70 and class_signal<=train_median
random,seed_20266975,120,VOL,0.18938015787126086,0.6719341119278083,0.7046197507646759,False,train_only: severity_abs_spearman>=0.70 and class_signal<=train_median
random,seed_20266975,120,LVPZ,0.18938005495425922,0.6719339225888346,0.7046197507646759,False,train_only: severity_abs_spearman>=0.70 and class_signal<=train_median
random,seed_20266975,120,QMWT,0.054289156912472235,0.7046200254375483,0.7046197507646759,False,train_only: severity_abs_spearman>=0.70 and class_signal<=train_median
random,seed_20266975,120,LSGA,0.3510935846378088,0.9566718992470358,0.7046197507646759,False,train_only: severity_abs_spearman>=0.70 and class_signal<=train_median
random,seed_20266975,120,LSGB,0.6094600047200962,0.9830840978218552,0.7046197507646759,False,train_only: severity_abs_spearman>=0.70 and class_signal<=train_median
random,seed_20266975,120,QMGA,0.18289001528041965,0.796509217547222,0.7046197507646759,False,train_only: severity_abs_spearman>=0.70 and class_signal<=train_median
random,seed_20266975,120,QMGB,0.4162824179597536,0.7824650215638222,0.7046197507646759,False,train_only: severity_abs_spearman>=0.70 and class_signal<=train_median
random,seed_20266975,120,NSGA,0.15607688984136736,0.5744183700800184,0.7046197507646759,False,train_only: severity_abs_spearman>=0.70 and class_signal<=train_median
random,seed_20266975,120,NSGB,0.1899627954555838,0.5622665818134829,0.7046197507646759,False,train_only: severity_abs_spearman>=0.70 and class_signal<=train_median
random,seed_20266975,120,TSAT,0.18742244378120446,0.6341093203382782,0.7046197507646759,False,train_only: severity_abs_spearman>=0.70 and class_signal<=train_median
random,seed_20266975,120,LVCR,0.0,0.0,0.7046197507646759,False,train_only: severity_abs_spearman>=0.70 and class_signal<=train_median
random,seed_20266975,120,RHBR,0.0,0.0,0.7046197507646759,False,train_only: severity_abs_spearman>=0.70 and class_signal<=train_median
random,seed_20266975,120,RHMT,0.3544476250489229,0.7688884328906915,0.7046197507646759,False,train_only: severity_abs_spearman>=0.70 and class_signal<=train_median
random,seed_20266975,120,RHFL,0.040378354900333695,0.7011690428118345,0.7046197507646759,False,train_only: severity_abs_spearman>=0.70 and class_signal<=train_median
random,seed_20266975,120,RH,0.12335525257735068,0.6561695147261952,0.7046197507646759,False,train_only: severity_abs_spearman>=0.70 and class_signal<=train_median
random,seed_20266975,120,PWNT,0.04256349357927617,0.7429555460219157,0.7046197507646759,False,train_only: severity_abs_spearman>=0.70 and class_signal<=train_median
random,seed_20266975,120,PWR,0.03581663003631227,0.7046194760918034,0.7046197507646759,False,train_only: severity_abs_spearman>=0.70 and class_signal<=train_median
random,seed_20266975,120,TFSB,0.03566504908441102,0.707456248421215,0.7046197507646759,False,train_only: severity_abs_spearman>=0.70 and class_signal<=train_median
random,seed_20266975,120,TFPK,0.03188971933122943,0.7011712222957218,0.7046197507646759,False,train_only: severity_abs_spearman>=0.70 and class_signal<=train_median
random,seed_20266975,120,TF,0.03188971933122943,0.7011712222957218,0.7046197507646759,False,train_only: severity_abs_spearman>=0.70 and class_signal<=train_median
random,seed_20266975,120,PPM,0.0,0.0,0.7046197507646759,False,train_only: severity_abs_spearman>=0.70 and class_signal<=train_median
random,seed_20266975,120,RRCA,0.36376206435891445,0.5533627282277919,0.7046197507646759,False,train_only: severity_abs_spearman>=0.70 and class_signal<=train_median
random,seed_20266975,120,RRCB,0.36376443638502615,0.609411690791474,0.7046197507646759,False,train_only: severity_abs_spearman>=0.70 and class_signal<=train_median
random,seed_20266975,120,RRCO,0.36376443638502615,0.5845200889818428,0.7046197507646759,False,train_only: severity_abs_spearman>=0.70 and class_signal<=train_median
random,seed_20267984,60,P,0.5103665328473647,0.8616843876835183,0.996752977242231,False,train_only: severity_abs_spearman>=0.70 and class_signal<=train_median
random,seed_20267984,60,TAVG,0.5103665328473647,0.9652796375020591,0.996752977242231,False,train_only: severity_abs_spearman>=0.70 and class_signal<=train_median
random,seed_20267984,60,THA,0.5103665328473647,0.9904277634359223,0.996752977242231,False,train_only: severity_abs_spearman>=0.70 and class_signal<=train_median
random,seed_20267984,60,THB,0.5103665328473647,0.9903614056028406,0.996752977242231,False,train_only: severity_abs_spearman>=0.70 and class_signal<=train_median
random,seed_20267984,60,TCA,0.5103665328473647,0.9973067868102302,0.996752977242231,False,train_only: severity_abs_spearman>=0.70 and class_signal<=train_median
random,seed_20267984,60,TCB,0.5103665328473647,0.9973008500428253,0.996752977242231,False,train_only: severity_abs_spearman>=0.70 and class_signal<=train_median
random,seed_20267984,60,WRCA,0.0,0.0,0.996752977242231,False,train_only: severity_abs_spearman>=0.70 and class_signal<=train_median
random,seed_20267984,60,WRCB,0.0,0.0,0.996752977242231,False,train_only: severity_abs_spearman>=0.70 and class_signal<=train_median
random,seed_20267984,60,PSGA,0.5103665328473647,0.9962032751121621,0.996752977242231,False,train_only: severity_abs_spearman>=0.70 and class_signal<=train_median
random,seed_20267984,60,PSGB,0.5103665328473647,0.9962051044416368,0.996752977242231,False,train_only: severity_abs_spearman>=0.70 and class_signal<=train_median
random,seed_20267984,60,WFWA,0.5103665328473647,0.9999888291376196,0.996752977242231,False,train_only: severity_abs_spearman>=0.70 and class_signal<=train_median
random,seed_20267984,60,WFWB,0.5103665328473647,0.9999891883034816,0.996752977242231,False,train_only: severity_abs_spearman>=0.70 and class_signal<=train_median
random,seed_20267984,60,WSTA,0.5057731827700902,0.9999999999581972,0.996752977242231,False,train_only: severity_abs_spearman>=0.70 and class_signal<=train_median
random,seed_20267984,60,WSTB,0.47105319612555985,0.9999999999975203,0.996752977242231,False,train_only: severity_abs_spearman>=0.70 and class_signal<=train_median
random,seed_20267984,60,VOL,0.5057731827700902,0.777596739630705,0.996752977242231,False,train_only: severity_abs_spearman>=0.70 and class_signal<=train_median
random,seed_20267984,60,LVPZ,0.5057731827700902,0.7777264600009016,0.996752977242231,False,train_only: severity_abs_spearman>=0.70 and class_signal<=train_median
random,seed_20267984,60,QMWT,0.5103665328473647,0.9999615155912301,0.996752977242231,False,train_only: severity_abs_spearman>=0.70 and class_signal<=train_median
random,seed_20267984,60,LSGA,0.39903907432876373,0.9996492718359334,0.996752977242231,False,train_only: severity_abs_spearman>=0.70 and class_signal<=train_median
random,seed_20267984,60,LSGB,0.39903907432876373,0.9996486725738142,0.996752977242231,False,train_only: severity_abs_spearman>=0.70 and class_signal<=train_median
random,seed_20267984,60,QMGA,0.5103665328473647,0.9999975131419606,0.996752977242231,False,train_only: severity_abs_spearman>=0.70 and class_signal<=train_median
random,seed_20267984,60,QMGB,0.5103665328473647,0.9999974424090822,0.996752977242231,False,train_only: severity_abs_spearman>=0.70 and class_signal<=train_median
random,seed_20267984,60,NSGA,0.501260112041722,0.9997765018778392,0.996752977242231,False,train_only: severity_abs_spearman>=0.70 and class_signal<=train_median
random,seed_20267984,60,NSGB,0.501260112041722,0.9997702476630269,0.996752977242231,False,train_only: severity_abs_spearman>=0.70 and class_signal<=train_median
random,seed_20267984,60,TSAT,0.5103665328473647,0.8452040143858908,0.996752977242231,False,train_only: severity_abs_spearman>=0.70 and class_signal<=train_median
random,seed_20267984,60,LVCR,0.0,0.0,0.996752977242231,False,train_only: severity_abs_spearman>=0.70 and class_signal<=train_median
random,seed_20267984,60,RHBR,0.0,0.0,0.996752977242231,False,train_only: severity_abs_spearman>=0.70 and class_signal<=train_median
random,seed_20267984,60,RHMT,0.5103665328473647,0.9855635286319033,0.996752977242231,False,train_only: severity_abs_spearman>=0.70 and class_signal<=train_median
random,seed_20267984,60,RHFL,0.5103665328473647,0.9863732797808343,0.996752977242231,False,train_only: severity_abs_spearman>=0.70 and class_signal<=train_median
random,seed_20267984,60,RH,0.5103665328473647,0.9991743439528172,0.996752977242231,False,train_only: severity_abs_spearman>=0.70 and class_signal<=train_median
random,seed_20267984,60,PWNT,0.5103665328473647,0.999873896620262,0.996752977242231,False,train_only: severity_abs_spearman>=0.70 and class_signal<=train_median
random,seed_20267984,60,PWR,0.5103665328473647,0.9998419388775595,0.996752977242231,False,train_only: severity_abs_spearman>=0.70 and class_signal<=train_median
random,seed_20267984,60,TFSB,0.5103665328473647,0.999733894545348,0.996752977242231,False,train_only: severity_abs_spearman>=0.70 and class_signal<=train_median
random,seed_20267984,60,TFPK,0.5103665328473647,0.9997247751693645,0.996752977242231,False,train_only: severity_abs_spearman>=0.70 and class_signal<=train_median
random,seed_20267984,60,TF,0.5103665328473647,0.9997247751693645,0.996752977242231,False,train_only: severity_abs_spearman>=0.70 and class_signal<=train_median
random,seed_20267984,60,PPM,0.0,0.0,0.996752977242231,False,train_only: severity_abs_spearman>=0.70 and class_signal<=train_median
random,seed_20267984,60,RRCA,0.0,0.0,0.996752977242231,False,train_only: severity_abs_spearman>=0.70 and class_signal<=train_median
random,seed_20267984,60,RRCB,0.0,0.0,0.996752977242231,False,train_only: severity_abs_spearman>=0.70 and class_signal<=train_median
random,seed_20267984,60,RRCO,0.0,0.0,0.996752977242231,False,train_only: severity_abs_spearman>=0.70 and class_signal<=train_median
random,seed_20267984,90,P,0.5057731827700902,0.9602364879676967,0.9986108103619546,False,train_only: severity_abs_spearman>=0.70 and class_signal<=train_median
random,seed_20267984,90,TAVG,0.5103665328473647,0.9869620758782015,0.9986108103619546,False,train_only: severity_abs_spearman>=0.70 and class_signal<=train_median
random,seed_20267984,90,THA,0.5103665328473647,0.996617932393676,0.9986108103619546,False,train_only: severity_abs_spearman>=0.70 and class_signal<=train_median
random,seed_20267984,90,THB,0.5103665328473647,0.9965925265115337,0.9986108103619546,False,train_only: severity_abs_spearman>=0.70 and class_signal<=train_median
random,seed_20267984,90,TCA,0.5103665328473647,0.9986948769115245,0.9986108103619546,False,train_only: severity_abs_spearman>=0.70 and class_signal<=train_median
random,seed_20267984,90,TCB,0.5103665328473647,0.9986896411911391,0.9986108103619546,False,train_only: severity_abs_spearman>=0.70 and class_signal<=train_median
random,seed_20267984,90,WRCA,0.0,0.0,0.9986108103619546,False,train_only: severity_abs_spearman>=0.70 and class_signal<=train_median
random,seed_20267984,90,WRCB,0.0,0.0,0.9986108103619546,False,train_only: severity_abs_spearman>=0.70 and class_signal<=train_median
random,seed_20267984,90,PSGA,0.5103665328473647,0.9985315758383034,0.9986108103619546,False,train_only: severity_abs_spearman>=0.70 and class_signal<=train_median
random,seed_20267984,90,PSGB,0.5103665328473647,0.9985319795327702,0.9986108103619546,False,train_only: severity_abs_spearman>=0.70 and class_signal<=train_median
random,seed_20267984,90,WFWA,0.5103665328473647,0.9999882257417727,0.9986108103619546,False,train_only: severity_abs_spearman>=0.70 and class_signal<=train_median
random,seed_20267984,90,WFWB,0.5103665328473647,0.9999884538548571,0.9986108103619546,False,train_only: severity_abs_spearman>=0.70 and class_signal<=train_median
random,seed_20267984,90,WSTA,0.5057731827700902,0.9999999999046805,0.9986108103619546,False,train_only: severity_abs_spearman>=0.70 and class_signal<=train_median
random,seed_20267984,90,WSTB,0.13523741983171286,0.9999999999565147,0.9986108103619546,False,train_only: severity_abs_spearman>=0.70 and class_signal<=train_median
random,seed_20267984,90,VOL,0.5057731827700902,0.8142427580088769,0.9986108103619546,False,train_only: severity_abs_spearman>=0.70 and class_signal<=train_median
random,seed_20267984,90,LVPZ,0.5057731827700902,0.8144040758371092,0.9986108103619546,False,train_only: severity_abs_spearman>=0.70 and class_signal<=train_median
random,seed_20267984,90,QMWT,0.5103665328473647,0.9999998253542867,0.9986108103619546,False,train_only: severity_abs_spearman>=0.70 and class_signal<=train_median
random,seed_20267984,90,LSGA,0.39903907432876373,0.9999383951219413,0.9986108103619546,False,train_only: severity_abs_spearman>=0.70 and class_signal<=train_median
random,seed_20267984,90,LSGB,0.39903907432876373,0.9999385167733669,0.9986108103619546,False,train_only: severity_abs_spearman>=0.70 and class_signal<=train_median
random,seed_20267984,90,QMGA,0.5103665328473647,0.9999993208447685,0.9986108103619546,False,train_only: severity_abs_spearman>=0.70 and class_signal<=train_median
random,seed_20267984,90,QMGB,0.5103665328473647,0.9999992841333067,0.9986108103619546,False,train_only: severity_abs_spearman>=0.70 and class_signal<=train_median
random,seed_20267984,90,NSGA,0.5103665328473647,0.9998923906556203,0.9986108103619546,False,train_only: severity_abs_spearman>=0.70 and class_signal<=train_median
random,seed_20267984,90,NSGB,0.5103665328473647,0.9998931125637437,0.9986108103619546,False,train_only: severity_abs_spearman>=0.70 and class_signal<=train_median
random,seed_20267984,90,TSAT,0.5057731827700902,0.9463548956883564,0.9986108103619546,False,train_only: severity_abs_spearman>=0.70 and class_signal<=train_median
random,seed_20267984,90,LVCR,0.0,0.0,0.9986108103619546,False,train_only: severity_abs_spearman>=0.70 and class_signal<=train_median
random,seed_20267984,90,RHBR,0.0,0.0,0.9986108103619546,False,train_only: severity_abs_spearman>=0.70 and class_signal<=train_median
random,seed_20267984,90,RHMT,0.5103665328473647,0.9940712055810855,0.9986108103619546,False,train_only: severity_abs_spearman>=0.70 and class_signal<=train_median
random,seed_20267984,90,RHFL,0.5103665328473647,0.9942354885236747,0.9986108103619546,False,train_only: severity_abs_spearman>=0.70 and class_signal<=train_median
random,seed_20267984,90,RH,0.39903907432876373,0.9999995995355192,0.9986108103619546,False,train_only: severity_abs_spearman>=0.70 and class_signal<=train_median
random,seed_20267984,90,PWNT,0.5103665328473647,0.9999879242682479,0.9986108103619546,False,train_only: severity_abs_spearman>=0.70 and class_signal<=train_median
random,seed_20267984,90,PWR,0.5103665328473647,0.9999866962418051,0.9986108103619546,False,train_only: severity_abs_spearman>=0.70 and class_signal<=train_median
random,seed_20267984,90,TFSB,0.5103665328473647,0.9999621995753455,0.9986108103619546,False,train_only: severity_abs_spearman>=0.70 and class_signal<=train_median
random,seed_20267984,90,TFPK,0.5103665328473647,0.9999616260711672,0.9986108103619546,False,train_only: severity_abs_spearman>=0.70 and class_signal<=train_median
random,seed_20267984,90,TF,0.5103665328473647,0.9999616260711672,0.9986108103619546,False,train_only: severity_abs_spearman>=0.70 and class_signal<=train_median
random,seed_20267984,90,PPM,0.0,0.0,0.9986108103619546,False,train_only: severity_abs_spearman>=0.70 and class_signal<=train_median
random,seed_20267984,90,RRCA,0.0,0.0,0.9986108103619546,False,train_only: severity_abs_spearman>=0.70 and class_signal<=train_median
random,seed_20267984,90,RRCB,0.0,0.0,0.9986108103619546,False,train_only: severity_abs_spearman>=0.70 and class_signal<=train_median
random,seed_20267984,90,RRCO,0.0,0.0,0.9986108103619546,False,train_only: severity_abs_spearman>=0.70 and class_signal<=train_median
random,seed_20267984,120,P,0.22212451905930997,0.6476710041502551,0.7507622084641408,False,train_only: severity_abs_spearman>=0.70 and class_signal<=train_median
random,seed_20267984,120,TAVG,0.3347099073128572,0.7762426885097755,0.7507622084641408,False,train_only: severity_abs_spearman>=0.70 and class_signal<=train_median
random,seed_20267984,120,THA,0.10112439610675078,0.7602789464193409,0.7507622084641408,False,train_only: severity_abs_spearman>=0.70 and class_signal<=train_median
random,seed_20267984,120,THB,0.10975163040119387,0.7561158402523441,0.7507622084641408,False,train_only: severity_abs_spearman>=0.70 and class_signal<=train_median
random,seed_20267984,120,TCA,0.36901330008442346,0.9582190251651245,0.7507622084641408,False,train_only: severity_abs_spearman>=0.70 and class_signal<=train_median
random,seed_20267984,120,TCB,0.37028465076589584,0.9830007084653278,0.7507622084641408,False,train_only: severity_abs_spearman>=0.70 and class_signal<=train_median
random,seed_20267984,120,WRCA,0.38757361647747446,0.6105278056589745,0.7507622084641408,False,train_only: severity_abs_spearman>=0.70 and class_signal<=train_median
random,seed_20267984,120,WRCB,0.3875769558924611,0.671949618827222,0.7507622084641408,False,train_only: severity_abs_spearman>=0.70 and class_signal<=train_median
random,seed_20267984,120,PSGA,0.33767637361018776,0.9629184252444398,0.7507622084641408,False,train_only: severity_abs_spearman>=0.70 and class_signal<=train_median
random,seed_20267984,120,PSGB,0.4988677752252536,0.9877224104607325,0.7507622084641408,False,train_only: severity_abs_spearman>=0.70 and class_signal<=train_median
random,seed_20267984,120,WFWA,0.09047107315608345,0.81807552720381,0.7507622084641408,False,train_only: severity_abs_spearman>=0.70 and class_signal<=train_median
random,seed_20267984,120,WFWB,0.1058533011242812,0.83129173388047,0.7507622084641408,False,train_only: severity_abs_spearman>=0.70 and class_signal<=train_median
random,seed_20267984,120,WSTA,0.24981698447889697,0.8739014822752396,0.7507622084641408,False,train_only: severity_abs_spearman>=0.70 and class_signal<=train_median
random,seed_20267984,120,WSTB,0.21761409947248828,0.876086135985288,0.7507622084641408,False,train_only: severity_abs_spearman>=0.70 and class_signal<=train_median
random,seed_20267984,120,VOL,0.22546976111985134,0.6761554050261057,0.7507622084641408,False,train_only: severity_abs_spearman>=0.70 and class_signal<=train_median
random,seed_20267984,120,LVPZ,0.22546961414089492,0.6761552285310006,0.7507622084641408,False,train_only: severity_abs_spearman>=0.70 and class_signal<=train_median
random,seed_20267984,120,QMWT,0.029870123188285726,0.7507631217310152,0.7507622084641408,False,train_only: severity_abs_spearman>=0.70 and class_signal<=train_median
random,seed_20267984,120,LSGA,0.33020511708364214,0.954541348569895,0.7507622084641408,False,train_only: severity_abs_spearman>=0.70 and class_signal<=train_median
random,seed_20267984,120,LSGB,0.624291691647636,0.9841667869257285,0.7507622084641408,False,train_only: severity_abs_spearman>=0.70 and class_signal<=train_median
random,seed_20267984,120,QMGA,0.17151652910680923,0.8255396528088728,0.7507622084641408,False,train_only: severity_abs_spearman>=0.70 and class_signal<=train_median
random,seed_20267984,120,QMGB,0.4188969794212391,0.8163609776376655,0.7507622084641408,False,train_only: severity_abs_spearman>=0.70 and class_signal<=train_median
random,seed_20267984,120,NSGA,0.17011403121411567,0.5982305862377191,0.7507622084641408,False,train_only: severity_abs_spearman>=0.70 and class_signal<=train_median
random,seed_20267984,120,NSGB,0.20624881135987577,0.609425955393456,0.7507622084641408,False,train_only: severity_abs_spearman>=0.70 and class_signal<=train_median
random,seed_20267984,120,TSAT,0.22318744740286564,0.6381809353704372,0.7507622084641408,False,train_only: severity_abs_spearman>=0.70 and class_signal<=train_median
random,seed_20267984,120,LVCR,0.0,0.0,0.7507622084641408,False,train_only: severity_abs_spearman>=0.70 and class_signal<=train_median
random,seed_20267984,120,RHBR,0.0,0.0,0.7507622084641408,False,train_only: severity_abs_spearman>=0.70 and class_signal<=train_median
random,seed_20267984,120,RHMT,0.31963480448409776,0.8143848457161691,0.7507622084641408,False,train_only: severity_abs_spearman>=0.70 and class_signal<=train_median
random,seed_20267984,120,RHFL,0.031302719927752236,0.7472514383296117,0.7507622084641408,False,train_only: severity_abs_spearman>=0.70 and class_signal<=train_median
random,seed_20267984,120,RH,0.13441065384708833,0.7331574294681353,0.7507622084641408,False,train_only: severity_abs_spearman>=0.70 and class_signal<=train_median
random,seed_20267984,120,PWNT,0.034917653216592494,0.7980408509211192,0.7507622084641408,False,train_only: severity_abs_spearman>=0.70 and class_signal<=train_median
random,seed_20267984,120,PWR,0.02984176143411505,0.7507612951972662,0.7507622084641408,False,train_only: severity_abs_spearman>=0.70 and class_signal<=train_median
random,seed_20267984,120,TFSB,0.033483757072734016,0.7556679980986927,0.7507622084641408,False,train_only: severity_abs_spearman>=0.70 and class_signal<=train_median
random,seed_20267984,120,TFPK,0.030579819870769694,0.7472328285765006,0.7507622084641408,False,train_only: severity_abs_spearman>=0.70 and class_signal<=train_median
random,seed_20267984,120,TF,0.030579819870769694,0.7472328285765006,0.7507622084641408,False,train_only: severity_abs_spearman>=0.70 and class_signal<=train_median
random,seed_20267984,120,PPM,0.0,0.0,0.7507622084641408,False,train_only: severity_abs_spearman>=0.70 and class_signal<=train_median
random,seed_20267984,120,RRCA,0.38757361647747446,0.6105273769572056,0.7507622084641408,False,train_only: severity_abs_spearman>=0.70 and class_signal<=train_median
random,seed_20267984,120,RRCB,0.3875769558924611,0.6719490533527183,0.7507622084641408,False,train_only: severity_abs_spearman>=0.70 and class_signal<=train_median
random,seed_20267984,120,RRCO,0.3875769558924611,0.6452439754255306,0.7507622084641408,False,train_only: severity_abs_spearman>=0.70 and class_signal<=train_median
random,seed_20268993,60,P,0.5567557653374198,0.8663001692379101,0.9968824765471385,False,train_only: severity_abs_spearman>=0.70 and class_signal<=train_median
random,seed_20268993,60,TAVG,0.5567557653374198,0.966616342147339,0.9968824765471385,False,train_only: severity_abs_spearman>=0.70 and class_signal<=train_median
random,seed_20268993,60,THA,0.5567557653374198,0.9908069083197152,0.9968824765471385,False,train_only: severity_abs_spearman>=0.70 and class_signal<=train_median
random,seed_20268993,60,THB,0.5567557653374198,0.9907431554983218,0.9968824765471385,False,train_only: severity_abs_spearman>=0.70 and class_signal<=train_median
random,seed_20268993,60,TCA,0.5567557653374198,0.997414231019048,0.9968824765471385,False,train_only: severity_abs_spearman>=0.70 and class_signal<=train_median
random,seed_20268993,60,TCB,0.5567557653374198,0.997408530390702,0.9968824765471385,False,train_only: severity_abs_spearman>=0.70 and class_signal<=train_median
random,seed_20268993,60,WRCA,0.0,0.0,0.9968824765471385,False,train_only: severity_abs_spearman>=0.70 and class_signal<=train_median
random,seed_20268993,60,WRCB,0.0,0.0,0.9968824765471385,False,train_only: severity_abs_spearman>=0.70 and class_signal<=train_median
random,seed_20268993,60,PSGA,0.5567557653374198,0.9963546659628569,0.9968824765471385,False,train_only: severity_abs_spearman>=0.70 and class_signal<=train_median
random,seed_20268993,60,PSGB,0.5567557653374198,0.996356422703575,0.9968824765471385,False,train_only: severity_abs_spearman>=0.70 and class_signal<=train_median
random,seed_20268993,60,WFWA,0.5567557653374198,0.9999892762735074,0.9968824765471385,False,train_only: severity_abs_spearman>=0.70 and class_signal<=train_median
random,seed_20268993,60,WFWB,0.5567557653374198,0.9999896210668993,0.9968824765471385,False,train_only: severity_abs_spearman>=0.70 and class_signal<=train_median
random,seed_20268993,60,WSTA,0.5521367599349921,0.9999999999598719,0.9968824765471385,False,train_only: severity_abs_spearman>=0.70 and class_signal<=train_median
random,seed_20268993,60,WSTB,0.48115514873825016,0.9999999999976196,0.9968824765471385,False,train_only: severity_abs_spearman>=0.70 and class_signal<=train_median
random,seed_20268993,60,VOL,0.5521367599349921,0.7842683349227011,0.9968824765471385,False,train_only: severity_abs_spearman>=0.70 and class_signal<=train_median
random,seed_20268993,60,LVPZ,0.5521367599349921,0.7843932262836663,0.9968824765471385,False,train_only: severity_abs_spearman>=0.70 and class_signal<=train_median
random,seed_20268993,60,QMWT,0.5567557653374198,0.9999630487650678,0.9968824765471385,False,train_only: severity_abs_spearman>=0.70 and class_signal<=train_median
random,seed_20268993,60,LSGA,0.4444518962042584,0.9996633122375618,0.9968824765471385,False,train_only: severity_abs_spearman>=0.70 and class_signal<=train_median
random,seed_20268993,60,LSGB,0.4444518962042584,0.9996627369552848,0.9968824765471385,False,train_only: severity_abs_spearman>=0.70 and class_signal<=train_median
random,seed_20268993,60,QMGA,0.5567557653374198,0.9999976127672969,0.9968824765471385,False,train_only: severity_abs_spearman>=0.70 and class_signal<=train_median
random,seed_20268993,60,QMGB,0.5567557653374198,0.9999975448680584,0.9968824765471385,False,train_only: severity_abs_spearman>=0.70 and class_signal<=train_median
random,seed_20268993,60,NSGA,0.5493058208243203,0.9997854122581811,0.9968824765471385,False,train_only: severity_abs_spearman>=0.70 and class_signal<=train_median
random,seed_20268993,60,NSGB,0.5493058208243203,0.9997794066025556,0.9968824765471385,False,train_only: severity_abs_spearman>=0.70 and class_signal<=train_median
random,seed_20268993,60,TSAT,0.5567557653374198,0.8502516193502359,0.9968824765471385,False,train_only: severity_abs_spearman>=0.70 and class_signal<=train_median
random,seed_20268993,60,LVCR,0.0,0.0,0.9968824765471385,False,train_only: severity_abs_spearman>=0.70 and class_signal<=train_median
random,seed_20268993,60,RHBR,0.0,0.0,0.9968824765471385,False,train_only: severity_abs_spearman>=0.70 and class_signal<=train_median
random,seed_20268993,60,RHMT,0.5567557653374198,0.9861322979574854,0.9968824765471385,False,train_only: severity_abs_spearman>=0.70 and class_signal<=train_median
random,seed_20268993,60,RHFL,0.5567557653374198,0.9869104017125372,0.9968824765471385,False,train_only: severity_abs_spearman>=0.70 and class_signal<=train_median
random,seed_20268993,60,RH,0.5567557653374198,0.9992073819003551,0.9968824765471385,False,train_only: severity_abs_spearman>=0.70 and class_signal<=train_median
random,seed_20268993,60,PWNT,0.5567557653374198,0.9998789227193992,0.9968824765471385,False,train_only: severity_abs_spearman>=0.70 and class_signal<=train_median
random,seed_20268993,60,PWR,0.5567557653374198,0.9998482350186744,0.9968824765471385,False,train_only: severity_abs_spearman>=0.70 and class_signal<=train_median
random,seed_20268993,60,TFSB,0.5567557653374198,0.9997444941423419,0.9968824765471385,False,train_only: severity_abs_spearman>=0.70 and class_signal<=train_median
random,seed_20268993,60,TFPK,0.5567557653374198,0.9997357368691804,0.9968824765471385,False,train_only: severity_abs_spearman>=0.70 and class_signal<=train_median
random,seed_20268993,60,TF,0.5567557653374198,0.9997357368691804,0.9968824765471385,False,train_only: severity_abs_spearman>=0.70 and class_signal<=train_median
random,seed_20268993,60,PPM,0.0,0.0,0.9968824765471385,False,train_only: severity_abs_spearman>=0.70 and class_signal<=train_median
random,seed_20268993,60,RRCA,0.0,0.0,0.9968824765471385,False,train_only: severity_abs_spearman>=0.70 and class_signal<=train_median
random,seed_20268993,60,RRCB,0.0,0.0,0.9968824765471385,False,train_only: severity_abs_spearman>=0.70 and class_signal<=train_median
random,seed_20268993,60,RRCO,0.0,0.0,0.9968824765471385,False,train_only: severity_abs_spearman>=0.70 and class_signal<=train_median
random,seed_20268993,90,P,0.5521367599349921,0.9616644349089504,0.9986663501838864,False,train_only: severity_abs_spearman>=0.70 and class_signal<=train_median
random,seed_20268993,90,TAVG,0.5567557653374198,0.987476570852876,0.9986663501838864,False,train_only: severity_abs_spearman>=0.70 and class_signal<=train_median
random,seed_20268993,90,THA,0.5567557653374198,0.9967528527079884,0.9986663501838864,False,train_only: severity_abs_spearman>=0.70 and class_signal<=train_median
random,seed_20268993,90,THB,0.5567557653374198,0.9967284568502421,0.9986663501838864,False,train_only: severity_abs_spearman>=0.70 and class_signal<=train_median
random,seed_20268993,90,TCA,0.5567557653374198,0.9987470500963745,0.9986663501838864,False,train_only: severity_abs_spearman>=0.70 and class_signal<=train_median
random,seed_20268993,90,TCB,0.5567557653374198,0.9987420231316786,0.9986663501838864,False,train_only: severity_abs_spearman>=0.70 and class_signal<=train_median
random,seed_20268993,90,WRCA,0.0,0.0,0.9986663501838864,False,train_only: severity_abs_spearman>=0.70 and class_signal<=train_median
random,seed_20268993,90,WRCB,0.0,0.0,0.9986663501838864,False,train_only: severity_abs_spearman>=0.70 and class_signal<=train_median
random,seed_20268993,90,PSGA,0.5567557653374198,0.998590289647657,0.9986663501838864,False,train_only: severity_abs_spearman>=0.70 and class_signal<=train_median
random,seed_20268993,90,PSGB,0.5567557653374198,0.9985906772360942,0.9986663501838864,False,train_only: severity_abs_spearman>=0.70 and class_signal<=train_median
random,seed_20268993,90,WFWA,0.5567557653374198,0.9999886972792441,0.9986663501838864,False,train_only: severity_abs_spearman>=0.70 and class_signal<=train_median
random,seed_20268993,90,WFWB,0.5567557653374198,0.9999889162550125,0.9986663501838864,False,train_only: severity_abs_spearman>=0.70 and class_signal<=train_median
random,seed_20268993,90,WSTA,0.5521367599349921,0.9999999999084991,0.9986663501838864,False,train_only: severity_abs_spearman>=0.70 and class_signal<=train_median
random,seed_20268993,90,WSTB,0.10930674704466622,0.9999999999582567,0.9986663501838864,False,train_only: severity_abs_spearman>=0.70 and class_signal<=train_median
random,seed_20268993,90,VOL,0.5521367599349921,0.8200605719446777,0.9986663501838864,False,train_only: severity_abs_spearman>=0.70 and class_signal<=train_median
random,seed_20268993,90,LVPZ,0.5521367599349921,0.8202201875011353,0.9986663501838864,False,train_only: severity_abs_spearman>=0.70 and class_signal<=train_median
random,seed_20268993,90,QMWT,0.5567557653374198,0.999999832333803,0.9986663501838864,False,train_only: severity_abs_spearman>=0.70 and class_signal<=train_median
random,seed_20268993,90,LSGA,0.4444518962042584,0.9999408625680954,0.9986663501838864,False,train_only: severity_abs_spearman>=0.70 and class_signal<=train_median
random,seed_20268993,90,LSGB,0.4444518962042584,0.9999409793543987,0.9986663501838864,False,train_only: severity_abs_spearman>=0.70 and class_signal<=train_median
random,seed_20268993,90,QMGA,0.5567557653374198,0.9999993480523082,0.9986663501838864,False,train_only: severity_abs_spearman>=0.70 and class_signal<=train_median
random,seed_20268993,90,QMGB,0.5567557653374198,0.9999993128114677,0.9986663501838864,False,train_only: severity_abs_spearman>=0.70 and class_signal<=train_median
random,seed_20268993,90,NSGA,0.5567557653374198,0.9998966607377159,0.9986663501838864,False,train_only: severity_abs_spearman>=0.70 and class_signal<=train_median
random,seed_20268993,90,NSGB,0.5567557653374198,0.9998973538529184,0.9986663501838864,False,train_only: severity_abs_spearman>=0.70 and class_signal<=train_median
random,seed_20268993,90,TSAT,0.5521367599349921,0.9482491166724426,0.9986663501838864,False,train_only: severity_abs_spearman>=0.70 and class_signal<=train_median
random,seed_20268993,90,LVCR,0.0,0.0,0.9986663501838864,False,train_only: severity_abs_spearman>=0.70 and class_signal<=train_median
random,seed_20268993,90,RHBR,0.0,0.0,0.9986663501838864,False,train_only: severity_abs_spearman>=0.70 and class_signal<=train_median
random,seed_20268993,90,RHMT,0.5567557653374198,0.9943070577460167,0.9986663501838864,False,train_only: severity_abs_spearman>=0.70 and class_signal<=train_median
random,seed_20268993,90,RHFL,0.5567557653374198,0.9944648071349734,0.9986663501838864,False,train_only: severity_abs_spearman>=0.70 and class_signal<=train_median
random,seed_20268993,90,RH,0.4444518962042584,0.999999615579035,0.9986663501838864,False,train_only: severity_abs_spearman>=0.70 and class_signal<=train_median
random,seed_20268993,90,PWNT,0.5567557653374198,0.9999884069430492,0.9986663501838864,False,train_only: severity_abs_spearman>=0.70 and class_signal<=train_median
random,seed_20268993,90,PWR,0.5567557653374198,0.9999872279093666,0.9986663501838864,False,train_only: severity_abs_spearman>=0.70 and class_signal<=train_median
random,seed_20268993,90,TFSB,0.5567557653374198,0.9999637102293105,0.9986663501838864,False,train_only: severity_abs_spearman>=0.70 and class_signal<=train_median
random,seed_20268993,90,TFPK,0.5567557653374198,0.9999631596008158,0.9986663501838864,False,train_only: severity_abs_spearman>=0.70 and class_signal<=train_median
random,seed_20268993,90,TF,0.5567557653374198,0.9999631596008158,0.9986663501838864,False,train_only: severity_abs_spearman>=0.70 and class_signal<=train_median
random,seed_20268993,90,PPM,0.0,0.0,0.9986663501838864,False,train_only: severity_abs_spearman>=0.70 and class_signal<=train_median
random,seed_20268993,90,RRCA,0.0,0.0,0.9986663501838864,False,train_only: severity_abs_spearman>=0.70 and class_signal<=train_median
random,seed_20268993,90,RRCB,0.0,0.0,0.9986663501838864,False,train_only: severity_abs_spearman>=0.70 and class_signal<=train_median
random,seed_20268993,90,RRCO,0.0,0.0,0.9986663501838864,False,train_only: severity_abs_spearman>=0.70 and class_signal<=train_median
random,seed_20268993,120,P,0.23548163299434896,0.6092961695542095,0.747855707999396,False,train_only: severity_abs_spearman>=0.70 and class_signal<=train_median
random,seed_20268993,120,TAVG,0.363380006115128,0.7702077399265074,0.747855707999396,False,train_only: severity_abs_spearman>=0.70 and class_signal<=train_median
random,seed_20268993,120,THA,0.12791351006585044,0.7599594193881702,0.747855707999396,False,train_only: severity_abs_spearman>=0.70 and class_signal<=train_median
random,seed_20268993,120,THB,0.06894925332100478,0.7556022542726266,0.747855707999396,False,train_only: severity_abs_spearman>=0.70 and class_signal<=train_median
random,seed_20268993,120,TCA,0.4050712241043738,0.9493788647661955,0.747855707999396,False,train_only: severity_abs_spearman>=0.70 and class_signal<=train_median
random,seed_20268993,120,TCB,0.4065815236472738,0.9737022112794429,0.747855707999396,False,train_only: severity_abs_spearman>=0.70 and class_signal<=train_median
random,seed_20268993,120,WRCA,0.38757452060333264,0.6238225979754645,0.747855707999396,False,train_only: severity_abs_spearman>=0.70 and class_signal<=train_median
random,seed_20268993,120,WRCB,0.38757674687878985,0.6750019528767808,0.747855707999396,False,train_only: severity_abs_spearman>=0.70 and class_signal<=train_median
random,seed_20268993,120,PSGA,0.3678090957883694,0.96178754739381,0.747855707999396,False,train_only: severity_abs_spearman>=0.70 and class_signal<=train_median
random,seed_20268993,120,PSGB,0.539584684772214,0.9878909065076272,0.747855707999396,False,train_only: severity_abs_spearman>=0.70 and class_signal<=train_median
random,seed_20268993,120,WFWA,0.12108845914976195,0.8051581162613954,0.747855707999396,False,train_only: severity_abs_spearman>=0.70 and class_signal<=train_median
random,seed_20268993,120,WFWB,0.12052100854859277,0.8180473706335468,0.747855707999396,False,train_only: severity_abs_spearman>=0.70 and class_signal<=train_median
random,seed_20268993,120,WSTA,0.24476289120091016,0.8718922210434471,0.747855707999396,False,train_only: severity_abs_spearman>=0.70 and class_signal<=train_median
random,seed_20268993,120,WSTB,0.21228304379222668,0.873760970102512,0.747855707999396,False,train_only: severity_abs_spearman>=0.70 and class_signal<=train_median
random,seed_20268993,120,VOL,0.2378012568471955,0.637955105771004,0.747855707999396,False,train_only: severity_abs_spearman>=0.70 and class_signal<=train_median
random,seed_20268993,120,LVPZ,0.23780120517467437,0.6379568293816344,0.747855707999396,False,train_only: severity_abs_spearman>=0.70 and class_signal<=train_median
random,seed_20268993,120,QMWT,0.05695965648683146,0.7478562671448992,0.747855707999396,False,train_only: severity_abs_spearman>=0.70 and class_signal<=train_median
random,seed_20268993,120,LSGA,0.3154631309652907,0.9540036732962642,0.747855707999396,False,train_only: severity_abs_spearman>=0.70 and class_signal<=train_median
random,seed_20268993,120,LSGB,0.6055371234341635,0.9850596383919678,0.747855707999396,False,train_only: severity_abs_spearman>=0.70 and class_signal<=train_median
random,seed_20268993,120,QMGA,0.14945925719570383,0.8189527219136091,0.747855707999396,False,train_only: severity_abs_spearman>=0.70 and class_signal<=train_median
random,seed_20268993,120,QMGB,0.4013402086297587,0.8094581207937379,0.747855707999396,False,train_only: severity_abs_spearman>=0.70 and class_signal<=train_median
random,seed_20268993,120,NSGA,0.1645377251732047,0.589925924925946,0.747855707999396,False,train_only: severity_abs_spearman>=0.70 and class_signal<=train_median
random,seed_20268993,120,NSGB,0.18543072786316836,0.5958027252895169,0.747855707999396,False,train_only: severity_abs_spearman>=0.70 and class_signal<=train_median
random,seed_20268993,120,TSAT,0.23668815985148878,0.5999873611993414,0.747855707999396,False,train_only: severity_abs_spearman>=0.70 and class_signal<=train_median
random,seed_20268993,120,LVCR,0.0,0.0,0.747855707999396,False,train_only: severity_abs_spearman>=0.70 and class_signal<=train_median
random,seed_20268993,120,RHBR,0.0,0.0,0.747855707999396,False,train_only: severity_abs_spearman>=0.70 and class_signal<=train_median
random,seed_20268993,120,RHMT,0.347138223398049,0.8083313922498606,0.747855707999396,False,train_only: severity_abs_spearman>=0.70 and class_signal<=train_median
random,seed_20268993,120,RHFL,0.059340748953828674,0.7450146951885727,0.747855707999396,False,train_only: severity_abs_spearman>=0.70 and class_signal<=train_median
random,seed_20268993,120,RH,0.12269519724405438,0.6741177691348865,0.747855707999396,False,train_only: severity_abs_spearman>=0.70 and class_signal<=train_median
random,seed_20268993,120,PWNT,0.05391217814394387,0.7831674816229522,0.747855707999396,False,train_only: severity_abs_spearman>=0.70 and class_signal<=train_median
random,seed_20268993,120,PWR,0.05711337271469805,0.7478551488538929,0.747855707999396,False,train_only: severity_abs_spearman>=0.70 and class_signal<=train_median
random,seed_20268993,120,TFSB,0.056185013299075576,0.7507754692227014,0.747855707999396,False,train_only: severity_abs_spearman>=0.70 and class_signal<=train_median
random,seed_20268993,120,TFPK,0.057738852484034646,0.7450062437648688,0.747855707999396,False,train_only: severity_abs_spearman>=0.70 and class_signal<=train_median
random,seed_20268993,120,TF,0.057738852484034646,0.7450062437648688,0.747855707999396,False,train_only: severity_abs_spearman>=0.70 and class_signal<=train_median
random,seed_20268993,120,PPM,0.0,0.0,0.747855707999396,False,train_only: severity_abs_spearman>=0.70 and class_signal<=train_median
random,seed_20268993,120,RRCA,0.38757452060333264,0.623821843929347,0.747855707999396,False,train_only: severity_abs_spearman>=0.70 and class_signal<=train_median
random,seed_20268993,120,RRCB,0.38757674687878985,0.6750012665502778,0.747855707999396,False,train_only: severity_abs_spearman>=0.70 and class_signal<=train_median
random,seed_20268993,120,RRCO,0.38757674687878985,0.651937843268123,0.747855707999396,False,train_only: severity_abs_spearman>=0.70 and class_signal<=train_median
random,seed_20270002,60,P,0.5207411642446538,0.8808448355373751,0.9972704682046323,False,train_only: severity_abs_spearman>=0.70 and class_signal<=train_median
random,seed_20270002,60,TAVG,0.5207411642446538,0.9706804124396696,0.9972704682046323,False,train_only: severity_abs_spearman>=0.70 and class_signal<=train_median
random,seed_20270002,60,THA,0.5207411642446538,0.9919477344013753,0.9972704682046323,False,train_only: severity_abs_spearman>=0.70 and class_signal<=train_median
random,seed_20270002,60,THB,0.5207411642446538,0.9918918402736514,0.9972704682046323,False,train_only: severity_abs_spearman>=0.70 and class_signal<=train_median
random,seed_20270002,60,TCA,0.5207411642446538,0.9977361189548841,0.9972704682046323,False,train_only: severity_abs_spearman>=0.70 and class_signal<=train_median
random,seed_20270002,60,TCB,0.5207411642446538,0.9977311276839155,0.9972704682046323,False,train_only: severity_abs_spearman>=0.70 and class_signal<=train_median
random,seed_20270002,60,WRCA,0.0,0.0,0.9972704682046323,False,train_only: severity_abs_spearman>=0.70 and class_signal<=train_median
random,seed_20270002,60,WRCB,0.0,0.0,0.9972704682046323,False,train_only: severity_abs_spearman>=0.70 and class_signal<=train_median
random,seed_20270002,60,PSGA,0.5207411642446538,0.9968082703681105,0.9972704682046323,False,train_only: severity_abs_spearman>=0.70 and class_signal<=train_median
random,seed_20270002,60,PSGB,0.5207411642446538,0.996809808725349,0.9972704682046323,False,train_only: severity_abs_spearman>=0.70 and class_signal<=train_median
random,seed_20270002,60,WFWA,0.5207411642446538,0.9999906088219026,0.9972704682046323,False,train_only: severity_abs_spearman>=0.70 and class_signal<=train_median
random,seed_20270002,60,WFWB,0.5207411642446538,0.9999909107644384,0.9972704682046323,False,train_only: severity_abs_spearman>=0.70 and class_signal<=train_median
random,seed_20270002,60,WSTA,0.5168407413886148,0.9999999999648567,0.9972704682046323,False,train_only: severity_abs_spearman>=0.70 and class_signal<=train_median
random,seed_20270002,60,WSTB,0.47801808307134747,0.9999999999979152,0.9972704682046323,False,train_only: severity_abs_spearman>=0.70 and class_signal<=train_median
random,seed_20270002,60,VOL,0.5168407413886148,0.8054265795316569,0.9972704682046323,False,train_only: severity_abs_spearman>=0.70 and class_signal<=train_median
random,seed_20270002,60,LVPZ,0.5168407413886148,0.8055395428460441,0.9972704682046323,False,train_only: severity_abs_spearman>=0.70 and class_signal<=train_median
random,seed_20270002,60,QMWT,0.5207411642446538,0.9999676358986503,0.9972704682046323,False,train_only: severity_abs_spearman>=0.70 and class_signal<=train_median
random,seed_20270002,60,LSGA,0.4231740235699101,0.9997051335655439,0.9972704682046323,False,train_only: severity_abs_spearman>=0.70 and class_signal<=train_median
random,seed_20270002,60,LSGB,0.4231740235699101,0.9997046298867698,0.9972704682046323,False,train_only: severity_abs_spearman>=0.70 and class_signal<=train_median
random,seed_20270002,60,QMGA,0.5207411642446538,0.9999979092738699,0.9972704682046323,False,train_only: severity_abs_spearman>=0.70 and class_signal<=train_median
random,seed_20270002,60,QMGB,0.5207411642446538,0.9999978498074148,0.9972704682046323,False,train_only: severity_abs_spearman>=0.70 and class_signal<=train_median
random,seed_20270002,60,NSGA,0.5128551789185193,0.9998121029259912,0.9972704682046323,False,train_only: severity_abs_spearman>=0.70 and class_signal<=train_median
random,seed_20270002,60,NSGB,0.5128551789185193,0.9998068446857855,0.9972704682046323,False,train_only: severity_abs_spearman>=0.70 and class_signal<=train_median
random,seed_20270002,60,TSAT,0.5207411642446538,0.8662184619675555,0.9972704682046323,False,train_only: severity_abs_spearman>=0.70 and class_signal<=train_median
random,seed_20270002,60,LVCR,0.0,0.0,0.9972704682046323,False,train_only: severity_abs_spearman>=0.70 and class_signal<=train_median
random,seed_20270002,60,RHBR,0.0,0.0,0.9972704682046323,False,train_only: severity_abs_spearman>=0.70 and class_signal<=train_median
random,seed_20270002,60,RHMT,0.5207411642446538,0.9878476295295595,0.9972704682046323,False,train_only: severity_abs_spearman>=0.70 and class_signal<=train_median
random,seed_20270002,60,RHFL,0.5207411642446538,0.9885308193786099,0.9972704682046323,False,train_only: severity_abs_spearman>=0.70 and class_signal<=train_median
random,seed_20270002,60,RH,0.5207411642446538,0.9993060001474927,0.9972704682046323,False,train_only: severity_abs_spearman>=0.70 and class_signal<=train_median
random,seed_20270002,60,PWNT,0.5207411642446538,0.9998939442824251,0.9972704682046323,False,train_only: severity_abs_spearman>=0.70 and class_signal<=train_median
random,seed_20270002,60,PWR,0.5207411642446538,0.9998670605547788,0.9972704682046323,False,train_only: severity_abs_spearman>=0.70 and class_signal<=train_median
random,seed_20270002,60,TFSB,0.5207411642446538,0.9997761724439014,0.9972704682046323,False,train_only: severity_abs_spearman>=0.70 and class_signal<=train_median
random,seed_20270002,60,TFPK,0.5207411642446538,0.9997684996311426,0.9972704682046323,False,train_only: severity_abs_spearman>=0.70 and class_signal<=train_median
random,seed_20270002,60,TF,0.5207411642446538,0.9997684996311426,0.9972704682046323,False,train_only: severity_abs_spearman>=0.70 and class_signal<=train_median
random,seed_20270002,60,PPM,0.0,0.0,0.9972704682046323,False,train_only: severity_abs_spearman>=0.70 and class_signal<=train_median
random,seed_20270002,60,RRCA,0.0,0.0,0.9972704682046323,False,train_only: severity_abs_spearman>=0.70 and class_signal<=train_median
random,seed_20270002,60,RRCB,0.0,0.0,0.9972704682046323,False,train_only: severity_abs_spearman>=0.70 and class_signal<=train_median
random,seed_20270002,60,RRCO,0.0,0.0,0.9972704682046323,False,train_only: severity_abs_spearman>=0.70 and class_signal<=train_median
random,seed_20270002,90,P,0.5168407413886148,0.9662733041379921,0.9988323535079615,False,train_only: severity_abs_spearman>=0.70 and class_signal<=train_median
random,seed_20270002,90,TAVG,0.5207411642446538,0.9890270306521661,0.9988323535079615,False,train_only: severity_abs_spearman>=0.70 and class_signal<=train_median
random,seed_20270002,90,THA,0.5207411642446538,0.9971569579665754,0.9988323535079615,False,train_only: severity_abs_spearman>=0.70 and class_signal<=train_median
random,seed_20270002,90,THB,0.5207411642446538,0.9971355949228868,0.9988323535079615,False,train_only: severity_abs_spearman>=0.70 and class_signal<=train_median
random,seed_20270002,90,TCA,0.5207411642446538,0.9989030111991763,0.9988323535079615,False,train_only: severity_abs_spearman>=0.70 and class_signal<=train_median
random,seed_20270002,90,TCB,0.5207411642446538,0.9988986102419263,0.9988323535079615,False,train_only: severity_abs_spearman>=0.70 and class_signal<=train_median
random,seed_20270002,90,WRCA,0.0,0.0,0.9988323535079615,False,train_only: severity_abs_spearman>=0.70 and class_signal<=train_median
random,seed_20270002,90,WRCB,0.0,0.0,0.9988323535079615,False,train_only: severity_abs_spearman>=0.70 and class_signal<=train_median
random,seed_20270002,90,PSGA,0.5207411642446538,0.9987657574450699,0.9988323535079615,False,train_only: severity_abs_spearman>=0.70 and class_signal<=train_median
random,seed_20270002,90,PSGB,0.5207411642446538,0.9987660967739969,0.9988323535079615,False,train_only: severity_abs_spearman>=0.70 and class_signal<=train_median
random,seed_20270002,90,WFWA,0.5207411642446538,0.9999901017781462,0.9988323535079615,False,train_only: severity_abs_spearman>=0.70 and class_signal<=train_median
random,seed_20270002,90,WFWB,0.5207411642446538,0.9999902935396383,0.9988323535079615,False,train_only: severity_abs_spearman>=0.70 and class_signal<=train_median
random,seed_20270002,90,WSTA,0.5168407413886148,0.9999999999198268,0.9988323535079615,False,train_only: severity_abs_spearman>=0.70 and class_signal<=train_median
random,seed_20270002,90,WSTB,0.13285308229842693,0.999999999963442,0.9988323535079615,False,train_only: severity_abs_spearman>=0.70 and class_signal<=train_median
random,seed_20270002,90,VOL,0.5168407413886148,0.838526057065954,0.9988323535079615,False,train_only: severity_abs_spearman>=0.70 and class_signal<=train_median
random,seed_20270002,90,LVPZ,0.5168407413886148,0.838675226653585,0.9988323535079615,False,train_only: severity_abs_spearman>=0.70 and class_signal<=train_median
random,seed_20270002,90,QMWT,0.5207411642446538,0.9999998531627523,0.9988323535079615,False,train_only: severity_abs_spearman>=0.70 and class_signal<=train_median
random,seed_20270002,90,LSGA,0.4231740235699101,0.999948167979486,0.9988323535079615,False,train_only: severity_abs_spearman>=0.70 and class_signal<=train_median
random,seed_20270002,90,LSGB,0.4231740235699101,0.9999482702517809,0.9988323535079615,False,train_only: severity_abs_spearman>=0.70 and class_signal<=train_median
random,seed_20270002,90,QMGA,0.5207411642446538,0.9999994290457106,0.9988323535079615,False,train_only: severity_abs_spearman>=0.70 and class_signal<=train_median
random,seed_20270002,90,QMGB,0.5207411642446538,0.999999398183116,0.9988323535079615,False,train_only: severity_abs_spearman>=0.70 and class_signal<=train_median
random,seed_20270002,90,NSGA,0.5207411642446538,0.9999094824936144,0.9988323535079615,False,train_only: severity_abs_spearman>=0.70 and class_signal<=train_median
random,seed_20270002,90,NSGB,0.5207411642446538,0.999910089664004,0.9988323535079615,False,train_only: severity_abs_spearman>=0.70 and class_signal<=train_median
random,seed_20270002,90,TSAT,0.5168407413886148,0.9543845476272202,0.9988323535079615,False,train_only: severity_abs_spearman>=0.70 and class_signal<=train_median
random,seed_20270002,90,LVCR,0.0,0.0,0.9988323535079615,False,train_only: severity_abs_spearman>=0.70 and class_signal<=train_median
random,seed_20270002,90,RHBR,0.0,0.0,0.9988323535079615,False,train_only: severity_abs_spearman>=0.70 and class_signal<=train_median
random,seed_20270002,90,RHMT,0.5207411642446538,0.9950145687147689,0.9988323535079615,False,train_only: severity_abs_spearman>=0.70 and class_signal<=train_median
random,seed_20270002,90,RHFL,0.5207411642446538,0.9951530745939032,0.9988323535079615,False,train_only: severity_abs_spearman>=0.70 and class_signal<=train_median
random,seed_20270002,90,RH,0.4231740235699101,0.9999996440843167,0.9988323535079615,False,train_only: severity_abs_spearman>=0.70 and class_signal<=train_median
random,seed_20270002,90,PWNT,0.5207411642446538,0.9999898465659668,0.9988323535079615,False,train_only: severity_abs_spearman>=0.70 and class_signal<=train_median
random,seed_20270002,90,PWR,0.5207411642446538,0.9999888139141071,0.9988323535079615,False,train_only: severity_abs_spearman>=0.70 and class_signal<=train_median
random,seed_20270002,90,TFSB,0.5207411642446538,0.9999682153751872,0.9988323535079615,False,train_only: severity_abs_spearman>=0.70 and class_signal<=train_median
random,seed_20270002,90,TFPK,0.5207411642446538,0.9999677330789706,0.9988323535079615,False,train_only: severity_abs_spearman>=0.70 and class_signal<=train_median
random,seed_20270002,90,TF,0.5207411642446538,0.9999677330789706,0.9988323535079615,False,train_only: severity_abs_spearman>=0.70 and class_signal<=train_median
random,seed_20270002,90,PPM,0.0,0.0,0.9988323535079615,False,train_only: severity_abs_spearman>=0.70 and class_signal<=train_median
random,seed_20270002,90,RRCA,0.0,0.0,0.9988323535079615,False,train_only: severity_abs_spearman>=0.70 and class_signal<=train_median
random,seed_20270002,90,RRCB,0.0,0.0,0.9988323535079615,False,train_only: severity_abs_spearman>=0.70 and class_signal<=train_median
random,seed_20270002,90,RRCO,0.0,0.0,0.9988323535079615,False,train_only: severity_abs_spearman>=0.70 and class_signal<=train_median
random,seed_20270002,120,P,0.2231366641005237,0.6425923741230765,0.769025587722526,False,train_only: severity_abs_spearman>=0.70 and class_signal<=train_median
random,seed_20270002,120,TAVG,0.3468898348219283,0.7952821299881428,0.769025587722526,False,train_only: severity_abs_spearman>=0.70 and class_signal<=train_median
random,seed_20270002,120,THA,0.09345637934677684,0.79103493272279,0.769025587722526,False,train_only: severity_abs_spearman>=0.70 and class_signal<=train_median
random,seed_20270002,120,THB,0.09076851821866136,0.7867628296900498,0.769025587722526,False,train_only: severity_abs_spearman>=0.70 and class_signal<=train_median
random,seed_20270002,120,TCA,0.39676638466700925,0.9475812281485145,0.769025587722526,False,train_only: severity_abs_spearman>=0.70 and class_signal<=train_median
random,seed_20270002,120,TCB,0.3979098569070099,0.9682829713709209,0.769025587722526,False,train_only: severity_abs_spearman>=0.70 and class_signal<=train_median
random,seed_20270002,120,WRCA,0.39883130036208236,0.6460523818331281,0.769025587722526,False,train_only: severity_abs_spearman>=0.70 and class_signal<=train_median
random,seed_20270002,120,WRCB,0.3988334637935772,0.7087929678290777,0.769025587722526,False,train_only: severity_abs_spearman>=0.70 and class_signal<=train_median
random,seed_20270002,120,PSGA,0.36415088064782003,0.9612563437196356,0.769025587722526,False,train_only: severity_abs_spearman>=0.70 and class_signal<=train_median
random,seed_20270002,120,PSGB,0.5174252829731574,0.9861782570959055,0.769025587722526,False,train_only: severity_abs_spearman>=0.70 and class_signal<=train_median
random,seed_20270002,120,WFWA,0.09290798206626805,0.8145397270224397,0.769025587722526,False,train_only: severity_abs_spearman>=0.70 and class_signal<=train_median
random,seed_20270002,120,WFWB,0.08867949912682192,0.8266102988326036,0.769025587722526,False,train_only: severity_abs_spearman>=0.70 and class_signal<=train_median
random,seed_20270002,120,WSTA,0.2137889829132131,0.8766018938237794,0.769025587722526,False,train_only: severity_abs_spearman>=0.70 and class_signal<=train_median
random,seed_20270002,120,WSTB,0.18387787748382242,0.8783694403336085,0.769025587722526,False,train_only: severity_abs_spearman>=0.70 and class_signal<=train_median
random,seed_20270002,120,VOL,0.22544610605466706,0.6693580948260767,0.769025587722526,False,train_only: severity_abs_spearman>=0.70 and class_signal<=train_median
random,seed_20270002,120,LVPZ,0.22544605706683227,0.6693598493719763,0.769025587722526,False,train_only: severity_abs_spearman>=0.70 and class_signal<=train_median
random,seed_20270002,120,QMWT,0.06778762775385212,0.7690261205763728,0.769025587722526,False,train_only: severity_abs_spearman>=0.70 and class_signal<=train_median
random,seed_20270002,120,LSGA,0.3451848036716606,0.9552062521072866,0.769025587722526,False,train_only: severity_abs_spearman>=0.70 and class_signal<=train_median
random,seed_20270002,120,LSGB,0.6191403131933207,0.9848398383032536,0.769025587722526,False,train_only: severity_abs_spearman>=0.70 and class_signal<=train_median
random,seed_20270002,120,QMGA,0.155325898040419,0.8351517947604996,0.769025587722526,False,train_only: severity_abs_spearman>=0.70 and class_signal<=train_median
random,seed_20270002,120,QMGB,0.38779914773684226,0.8275983939181343,0.769025587722526,False,train_only: severity_abs_spearman>=0.70 and class_signal<=train_median
random,seed_20270002,120,NSGA,0.14007404520978242,0.6230796209650608,0.769025587722526,False,train_only: severity_abs_spearman>=0.70 and class_signal<=train_median
random,seed_20270002,120,NSGB,0.19964627075558458,0.6341864508475582,0.769025587722526,False,train_only: severity_abs_spearman>=0.70 and class_signal<=train_median
random,seed_20270002,120,TSAT,0.22398958369547473,0.6340309111598934,0.769025587722526,False,train_only: severity_abs_spearman>=0.70 and class_signal<=train_median
random,seed_20270002,120,LVCR,0.0,0.0,0.769025587722526,False,train_only: severity_abs_spearman>=0.70 and class_signal<=train_median
random,seed_20270002,120,RHBR,0.0,0.0,0.769025587722526,False,train_only: severity_abs_spearman>=0.70 and class_signal<=train_median
random,seed_20270002,120,RHMT,0.33159766346866065,0.8326337101378793,0.769025587722526,False,train_only: severity_abs_spearman>=0.70 and class_signal<=train_median
random,seed_20270002,120,RHFL,0.07013775657708982,0.7663851495723558,0.769025587722526,False,train_only: severity_abs_spearman>=0.70 and class_signal<=train_median
random,seed_20270002,120,RH,0.176522572261961,0.682528883785105,0.769025587722526,False,train_only: severity_abs_spearman>=0.70 and class_signal<=train_median
random,seed_20270002,120,PWNT,0.06172710791637402,0.8044107955548709,0.769025587722526,False,train_only: severity_abs_spearman>=0.70 and class_signal<=train_median
random,seed_20270002,120,PWR,0.0678623206893692,0.7690250548686792,0.769025587722526,False,train_only: severity_abs_spearman>=0.70 and class_signal<=train_median
random,seed_20270002,120,TFSB,0.0666183044358005,0.7720260854750501,0.769025587722526,False,train_only: severity_abs_spearman>=0.70 and class_signal<=train_median
random,seed_20270002,120,TFPK,0.06830528969331254,0.7663743393300072,0.769025587722526,False,train_only: severity_abs_spearman>=0.70 and class_signal<=train_median
random,seed_20270002,120,TF,0.06830528969331254,0.7663743393300072,0.769025587722526,False,train_only: severity_abs_spearman>=0.70 and class_signal<=train_median
random,seed_20270002,120,PPM,0.0,0.0,0.769025587722526,False,train_only: severity_abs_spearman>=0.70 and class_signal<=train_median
random,seed_20270002,120,RRCA,0.39883130036208236,0.6460517057861984,0.769025587722526,False,train_only: severity_abs_spearman>=0.70 and class_signal<=train_median
random,seed_20270002,120,RRCB,0.3988334637935772,0.7087924321559459,0.769025587722526,False,train_only: severity_abs_spearman>=0.70 and class_signal<=train_median
random,seed_20270002,120,RRCO,0.3988334637935772,0.680174839731814,0.769025587722526,False,train_only: severity_abs_spearman>=0.70 and class_signal<=train_median
severity_blocked,low_block,60,P,0.5150421181937316,0.9999999999123255,0.9999999999971309,False,train_only: severity_abs_spearman>=0.70 and class_signal<=train_median
severity_blocked,low_block,60,TAVG,0.5150421181937316,0.999999999990116,0.9999999999971309,False,train_only: severity_abs_spearman>=0.70 and class_signal<=train_median
severity_blocked,low_block,60,THA,0.5150421181937316,0.9999999999971307,0.9999999999971309,False,train_only: severity_abs_spearman>=0.70 and class_signal<=train_median
severity_blocked,low_block,60,THB,0.5150421181937316,0.999999999997131,0.9999999999971309,False,train_only: severity_abs_spearman>=0.70 and class_signal<=train_median
severity_blocked,low_block,60,TCA,0.5150421181937316,0.999999999999266,0.9999999999971309,False,train_only: severity_abs_spearman>=0.70 and class_signal<=train_median
severity_blocked,low_block,60,TCB,0.5150421181937316,0.9999999999992661,0.9999999999971309,False,train_only: severity_abs_spearman>=0.70 and class_signal<=train_median
severity_blocked,low_block,60,WRCA,0.0,0.0,0.9999999999971309,False,train_only: severity_abs_spearman>=0.70 and class_signal<=train_median
severity_blocked,low_block,60,WRCB,0.0,0.0,0.9999999999971309,False,train_only: severity_abs_spearman>=0.70 and class_signal<=train_median
severity_blocked,low_block,60,PSGA,0.5150421181937316,0.9999999999994951,0.9999999999971309,False,train_only: severity_abs_spearman>=0.70 and class_signal<=train_median
severity_blocked,low_block,60,PSGB,0.5150421181937316,0.9999999999994951,0.9999999999971309,False,train_only: severity_abs_spearman>=0.70 and class_signal<=train_median
severity_blocked,low_block,60,WFWA,0.5150421181937316,0.9999999999999998,0.9999999999971309,False,train_only: severity_abs_spearman>=0.70 and class_signal<=train_median
severity_blocked,low_block,60,WFWB,0.5150421181937316,1.0,0.9999999999971309,False,train_only: severity_abs_spearman>=0.70 and class_signal<=train_median
severity_blocked,low_block,60,WSTA,0.5150421181937316,0.9999999999999999,0.9999999999971309,False,train_only: severity_abs_spearman>=0.70 and class_signal<=train_median
severity_blocked,low_block,60,WSTB,0.43335952484085966,1.0,0.9999999999971309,False,train_only: severity_abs_spearman>=0.70 and class_signal<=train_median
severity_blocked,low_block,60,VOL,0.5150421181937316,0.9999999998669212,0.9999999999971309,False,train_only: severity_abs_spearman>=0.70 and class_signal<=train_median
severity_blocked,low_block,60,LVPZ,0.5150421181937316,0.9999999999789679,0.9999999999971309,False,train_only: severity_abs_spearman>=0.70 and class_signal<=train_median
severity_blocked,low_block,60,QMWT,0.5150421181937316,1.0,0.9999999999971309,False,train_only: severity_abs_spearman>=0.70 and class_signal<=train_median
severity_blocked,low_block,60,LSGA,0.5150421181937316,0.9999999998251644,0.9999999999971309,False,train_only: severity_abs_spearman>=0.70 and class_signal<=train_median
severity_blocked,low_block,60,LSGB,0.5150421181937316,0.9999999998252229,0.9999999999971309,False,train_only: severity_abs_spearman>=0.70 and class_signal<=train_median
severity_blocked,low_block,60,QMGA,0.5150421181937316,0.9999999999999996,0.9999999999971309,False,train_only: severity_abs_spearman>=0.70 and class_signal<=train_median
severity_blocked,low_block,60,QMGB,0.5150421181937316,0.9999999999999998,0.9999999999971309,False,train_only: severity_abs_spearman>=0.70 and class_signal<=train_median
severity_blocked,low_block,60,NSGA,0.5150421181937316,0.9999999999975561,0.9999999999971309,False,train_only: severity_abs_spearman>=0.70 and class_signal<=train_median
severity_blocked,low_block,60,NSGB,0.5150421181937316,0.9999999999975588,0.9999999999971309,False,train_only: severity_abs_spearman>=0.70 and class_signal<=train_median
severity_blocked,low_block,60,TSAT,0.5150421181937316,0.9999999996636113,0.9999999999971309,False,train_only: severity_abs_spearman>=0.70 and class_signal<=train_median
severity_blocked,low_block,60,LVCR,0.0,0.0,0.9999999999971309,False,train_only: severity_abs_spearman>=0.70 and class_signal<=train_median
severity_blocked,low_block,60,RHBR,0.0,0.0,0.9999999999971309,False,train_only: severity_abs_spearman>=0.70 and class_signal<=train_median
severity_blocked,low_block,60,RHMT,0.5150421181937316,0.9999999992673552,0.9999999999971309,False,train_only: severity_abs_spearman>=0.70 and class_signal<=train_median
severity_blocked,low_block,60,RHFL,0.5150421181937316,0.9999999991619907,0.9999999999971309,False,train_only: severity_abs_spearman>=0.70 and class_signal<=train_median
severity_blocked,low_block,60,RH,0.5150421181937316,0.9999998271297975,0.9999999999971309,False,train_only: severity_abs_spearman>=0.70 and class_signal<=train_median
severity_blocked,low_block,60,PWNT,0.5150421181937316,0.9999999999999594,0.9999999999971309,False,train_only: severity_abs_spearman>=0.70 and class_signal<=train_median
severity_blocked,low_block,60,PWR,0.5150421181937316,0.9999999999999537,0.9999999999971309,False,train_only: severity_abs_spearman>=0.70 and class_signal<=train_median
severity_blocked,low_block,60,TFSB,0.5150421181937316,0.9999999999999979,0.9999999999971309,False,train_only: severity_abs_spearman>=0.70 and class_signal<=train_median
severity_blocked,low_block,60,TFPK,0.5150421181937316,0.9999999999999979,0.9999999999971309,False,train_only: severity_abs_spearman>=0.70 and class_signal<=train_median
severity_blocked,low_block,60,TF,0.5150421181937316,0.9999999999999979,0.9999999999971309,False,train_only: severity_abs_spearman>=0.70 and class_signal<=train_median
severity_blocked,low_block,60,PPM,0.0,0.0,0.9999999999971309,False,train_only: severity_abs_spearman>=0.70 and class_signal<=train_median
severity_blocked,low_block,60,RRCA,0.0,0.0,0.9999999999971309,False,train_only: severity_abs_spearman>=0.70 and class_signal<=train_median
severity_blocked,low_block,60,RRCB,0.0,0.0,0.9999999999971309,False,train_only: severity_abs_spearman>=0.70 and class_signal<=train_median
severity_blocked,low_block,60,RRCO,0.0,0.0,0.9999999999971309,False,train_only: severity_abs_spearman>=0.70 and class_signal<=train_median
severity_blocked,low_block,90,P,0.5150421181937316,0.9999999998508202,0.9999999999989424,False,train_only: severity_abs_spearman>=0.70 and class_signal<=train_median
severity_blocked,low_block,90,TAVG,0.5150421181937316,0.9999999999960331,0.9999999999989424,False,train_only: severity_abs_spearman>=0.70 and class_signal<=train_median
severity_blocked,low_block,90,THA,0.5150421181937316,0.9999999999989422,0.9999999999989424,False,train_only: severity_abs_spearman>=0.70 and class_signal<=train_median
severity_blocked,low_block,90,THB,0.5150421181937316,0.9999999999989426,0.9999999999989424,False,train_only: severity_abs_spearman>=0.70 and class_signal<=train_median
severity_blocked,low_block,90,TCA,0.5150421181937316,0.9999999999997269,0.9999999999989424,False,train_only: severity_abs_spearman>=0.70 and class_signal<=train_median
severity_blocked,low_block,90,TCB,0.5150421181937316,0.999999999999727,0.9999999999989424,False,train_only: severity_abs_spearman>=0.70 and class_signal<=train_median
severity_blocked,low_block,90,WRCA,0.0,0.0,0.9999999999989424,False,train_only: severity_abs_spearman>=0.70 and class_signal<=train_median
severity_blocked,low_block,90,WRCB,0.0,0.0,0.9999999999989424,False,train_only: severity_abs_spearman>=0.70 and class_signal<=train_median
severity_blocked,low_block,90,PSGA,0.5150421181937316,0.9999999999997984,0.9999999999989424,False,train_only: severity_abs_spearman>=0.70 and class_signal<=train_median
severity_blocked,low_block,90,PSGB,0.5150421181937316,0.9999999999997984,0.9999999999989424,False,train_only: severity_abs_spearman>=0.70 and class_signal<=train_median
severity_blocked,low_block,90,WFWA,0.5150421181937316,0.9999999999999999,0.9999999999989424,False,train_only: severity_abs_spearman>=0.70 and class_signal<=train_median
severity_blocked,low_block,90,WFWB,0.5150421181937316,1.0,0.9999999999989424,False,train_only: severity_abs_spearman>=0.70 and class_signal<=train_median
severity_blocked,low_block,90,WSTA,0.5150421181937316,1.0,0.9999999999989424,False,train_only: severity_abs_spearman>=0.70 and class_signal<=train_median
severity_blocked,low_block,90,WSTB,0.007432122548208026,1.0,0.9999999999989424,False,train_only: severity_abs_spearman>=0.70 and class_signal<=train_median
severity_blocked,low_block,90,VOL,0.5150421181937316,0.9999999998350076,0.9999999999989424,False,train_only: severity_abs_spearman>=0.70 and class_signal<=train_median
severity_blocked,low_block,90,LVPZ,0.5150421181937316,0.9999999999739422,0.9999999999989424,False,train_only: severity_abs_spearman>=0.70 and class_signal<=train_median
severity_blocked,low_block,90,QMWT,0.5150421181937316,1.0,0.9999999999989424,False,train_only: severity_abs_spearman>=0.70 and class_signal<=train_median
severity_blocked,low_block,90,LSGA,0.5150421181937316,0.9999999999411592,0.9999999999989424,False,train_only: severity_abs_spearman>=0.70 and class_signal<=train_median
severity_blocked,low_block,90,LSGB,0.5150421181937316,0.999999999941173,0.9999999999989424,False,train_only: severity_abs_spearman>=0.70 and class_signal<=train_median
severity_blocked,low_block,90,QMGA,0.5150421181937316,0.9999999999999998,0.9999999999989424,False,train_only: severity_abs_spearman>=0.70 and class_signal<=train_median
severity_blocked,low_block,90,QMGB,0.5150421181937316,1.0,0.9999999999989424,False,train_only: severity_abs_spearman>=0.70 and class_signal<=train_median
severity_blocked,low_block,90,NSGA,0.5150421181937316,0.9999999999993866,0.9999999999989424,False,train_only: severity_abs_spearman>=0.70 and class_signal<=train_median
severity_blocked,low_block,90,NSGB,0.5150421181937316,0.9999999999993868,0.9999999999989424,False,train_only: severity_abs_spearman>=0.70 and class_signal<=train_median
severity_blocked,low_block,90,TSAT,0.5150421181937316,0.9999999994242691,0.9999999999989424,False,train_only: severity_abs_spearman>=0.70 and class_signal<=train_median
severity_blocked,low_block,90,LVCR,0.0,0.0,0.9999999999989424,False,train_only: severity_abs_spearman>=0.70 and class_signal<=train_median
severity_blocked,low_block,90,RHBR,0.0,0.0,0.9999999999989424,False,train_only: severity_abs_spearman>=0.70 and class_signal<=train_median
severity_blocked,low_block,90,RHMT,0.5150421181937316,0.9999999997055243,0.9999999999989424,False,train_only: severity_abs_spearman>=0.70 and class_signal<=train_median
severity_blocked,low_block,90,RHFL,0.5150421181937316,0.9999999996792615,0.9999999999989424,False,train_only: severity_abs_spearman>=0.70 and class_signal<=train_median
severity_blocked,low_block,90,RH,0.5150421181937316,0.9999998318800485,0.9999999999989424,False,train_only: severity_abs_spearman>=0.70 and class_signal<=train_median
severity_blocked,low_block,90,PWNT,0.5150421181937316,0.9999999999999837,0.9999999999989424,False,train_only: severity_abs_spearman>=0.70 and class_signal<=train_median
severity_blocked,low_block,90,PWR,0.5150421181937316,0.9999999999999822,0.9999999999989424,False,train_only: severity_abs_spearman>=0.70 and class_signal<=train_median
severity_blocked,low_block,90,TFSB,0.5150421181937316,0.9999999999999993,0.9999999999989424,False,train_only: severity_abs_spearman>=0.70 and class_signal<=train_median
severity_blocked,low_block,90,TFPK,0.5150421181937316,0.9999999999999992,0.9999999999989424,False,train_only: severity_abs_spearman>=0.70 and class_signal<=train_median
severity_blocked,low_block,90,TF,0.5150421181937316,0.9999999999999992,0.9999999999989424,False,train_only: severity_abs_spearman>=0.70 and class_signal<=train_median
severity_blocked,low_block,90,PPM,0.0,0.0,0.9999999999989424,False,train_only: severity_abs_spearman>=0.70 and class_signal<=train_median
severity_blocked,low_block,90,RRCA,0.0,0.0,0.9999999999989424,False,train_only: severity_abs_spearman>=0.70 and class_signal<=train_median
severity_blocked,low_block,90,RRCB,0.0,0.0,0.9999999999989424,False,train_only: severity_abs_spearman>=0.70 and class_signal<=train_median
severity_blocked,low_block,90,RRCO,0.0,0.0,0.9999999999989424,False,train_only: severity_abs_spearman>=0.70 and class_signal<=train_median
severity_blocked,low_block,120,P,0.2921258488139729,0.8247623836114129,0.8604781150334213,False,train_only: severity_abs_spearman>=0.70 and class_signal<=train_median
severity_blocked,low_block,120,TAVG,0.3517563818459053,0.8925740345086938,0.8604781150334213,False,train_only: severity_abs_spearman>=0.70 and class_signal<=train_median
severity_blocked,low_block,120,THA,0.14372796176159447,0.8748679373511589,0.8604781150334213,False,train_only: severity_abs_spearman>=0.70 and class_signal<=train_median
severity_blocked,low_block,120,THB,0.11917829175168285,0.869549887415923,0.8604781150334213,False,train_only: severity_abs_spearman>=0.70 and class_signal<=train_median
severity_blocked,low_block,120,TCA,0.3496921570286421,0.9859768049514545,0.8604781150334213,False,train_only: severity_abs_spearman>=0.70 and class_signal<=train_median
severity_blocked,low_block,120,TCB,0.35183011854403096,0.9938687861792167,0.8604781150334213,False,train_only: severity_abs_spearman>=0.70 and class_signal<=train_median
severity_blocked,low_block,120,WRCA,0.42394345164944836,0.7495826289367186,0.8604781150334213,False,train_only: severity_abs_spearman>=0.70 and class_signal<=train_median
severity_blocked,low_block,120,WRCB,0.4239462212726357,0.8085532263619285,0.8604781150334213,False,train_only: severity_abs_spearman>=0.70 and class_signal<=train_median
severity_blocked,low_block,120,PSGA,0.3618355550456339,0.9782784655335461,0.8604781150334213,False,train_only: severity_abs_spearman>=0.70 and class_signal<=train_median
severity_blocked,low_block,120,PSGB,0.4955402524930473,0.9888772786913735,0.8604781150334213,False,train_only: severity_abs_spearman>=0.70 and class_signal<=train_median
severity_blocked,low_block,120,WFWA,0.057360056359691186,0.8883037967232635,0.8604781150334213,False,train_only: severity_abs_spearman>=0.70 and class_signal<=train_median
severity_blocked,low_block,120,WFWB,0.04247094846427198,0.8946027108297432,0.8604781150334213,False,train_only: severity_abs_spearman>=0.70 and class_signal<=train_median
severity_blocked,low_block,120,WSTA,0.32302696098522893,0.9172794264433599,0.8604781150334213,False,train_only: severity_abs_spearman>=0.70 and class_signal<=train_median
severity_blocked,low_block,120,WSTB,0.31178662016444203,0.9123167250687958,0.8604781150334213,False,train_only: severity_abs_spearman>=0.70 and class_signal<=train_median
severity_blocked,low_block,120,VOL,0.2948614898177461,0.8481599905002692,0.8604781150334213,False,train_only: severity_abs_spearman>=0.70 and class_signal<=train_median
severity_blocked,low_block,120,LVPZ,0.29486128630263364,0.8481598005310739,0.8604781150334213,False,train_only: severity_abs_spearman>=0.70 and class_signal<=train_median
severity_blocked,low_block,120,QMWT,0.12067583972835251,0.8579491986891893,0.8604781150334213,False,train_only: severity_abs_spearman>=0.70 and class_signal<=train_median
severity_blocked,low_block,120,LSGA,0.36296099967214934,0.9752515852725824,0.8604781150334213,False,train_only: severity_abs_spearman>=0.70 and class_signal<=train_median
severity_blocked,low_block,120,LSGB,0.6187881770533434,0.9870274404235487,0.8604781150334213,False,train_only: severity_abs_spearman>=0.70 and class_signal<=train_median
severity_blocked,low_block,120,QMGA,0.22077740567654386,0.9003883942897966,0.8604781150334213,False,train_only: severity_abs_spearman>=0.70 and class_signal<=train_median
severity_blocked,low_block,120,QMGB,0.4304362081598894,0.891386343120644,0.8604781150334213,False,train_only: severity_abs_spearman>=0.70 and class_signal<=train_median
severity_blocked,low_block,120,NSGA,0.11794174461893546,0.6378720946724843,0.8604781150334213,False,train_only: severity_abs_spearman>=0.70 and class_signal<=train_median
severity_blocked,low_block,120,NSGB,0.22086187786879408,0.6403117496255658,0.8604781150334213,False,train_only: severity_abs_spearman>=0.70 and class_signal<=train_median
severity_blocked,low_block,120,TSAT,0.29302384282019056,0.8168035620537388,0.8604781150334213,False,train_only: severity_abs_spearman>=0.70 and class_signal<=train_median
severity_blocked,low_block,120,LVCR,0.0,0.0,0.8604781150334213,False,train_only: severity_abs_spearman>=0.70 and class_signal<=train_median
severity_blocked,low_block,120,RHBR,0.0,0.0,0.8604781150334213,False,train_only: severity_abs_spearman>=0.70 and class_signal<=train_median
severity_blocked,low_block,120,RHMT,0.3517563818459053,0.9063355719435366,0.8604781150334213,False,train_only: severity_abs_spearman>=0.70 and class_signal<=train_median
severity_blocked,low_block,120,RHFL,0.12145222297844678,0.8554459361727634,0.8604781150334213,False,train_only: severity_abs_spearman>=0.70 and class_signal<=train_median
severity_blocked,low_block,120,RH,0.3197905557652554,0.880141836696334,0.8604781150334213,False,train_only: severity_abs_spearman>=0.70 and class_signal<=train_median
severity_blocked,low_block,120,PWNT,0.10687640678533096,0.898820452825493,0.8604781150334213,False,train_only: severity_abs_spearman>=0.70 and class_signal<=train_median
severity_blocked,low_block,120,PWR,0.12067583972835251,0.8579492070663685,0.8604781150334213,False,train_only: severity_abs_spearman>=0.70 and class_signal<=train_median
severity_blocked,low_block,120,TFSB,0.11828330938721708,0.863007023000474,0.8604781150334213,False,train_only: severity_abs_spearman>=0.70 and class_signal<=train_median
severity_blocked,low_block,120,TFPK,0.12145222297844678,0.8554459469757515,0.8604781150334213,False,train_only: severity_abs_spearman>=0.70 and class_signal<=train_median
severity_blocked,low_block,120,TF,0.12145222297844678,0.8554459469757515,0.8604781150334213,False,train_only: severity_abs_spearman>=0.70 and class_signal<=train_median
severity_blocked,low_block,120,PPM,0.0,0.0,0.8604781150334213,False,train_only: severity_abs_spearman>=0.70 and class_signal<=train_median
severity_blocked,low_block,120,RRCA,0.42394345164944836,0.7495821047550062,0.8604781150334213,False,train_only: severity_abs_spearman>=0.70 and class_signal<=train_median
severity_blocked,low_block,120,RRCB,0.4239462212726357,0.8085522860260688,0.8604781150334213,False,train_only: severity_abs_spearman>=0.70 and class_signal<=train_median
severity_blocked,low_block,120,RRCO,0.4239462212726357,0.7835566146247454,0.8604781150334213,False,train_only: severity_abs_spearman>=0.70 and class_signal<=train_median
severity_blocked,middle_block,60,P,0.5250086468631855,0.7919567329424232,0.9945530775495559,False,train_only: severity_abs_spearman>=0.70 and class_signal<=train_median
severity_blocked,middle_block,60,TAVG,0.5250086468631855,0.9429943668758802,0.9945530775495559,False,train_only: severity_abs_spearman>=0.70 and class_signal<=train_median
severity_blocked,middle_block,60,THA,0.5250086468631855,0.9839956188469287,0.9945530775495559,False,train_only: severity_abs_spearman>=0.70 and class_signal<=train_median
severity_blocked,middle_block,60,THB,0.5250086468631855,0.9838853806645114,0.9945530775495559,False,train_only: severity_abs_spearman>=0.70 and class_signal<=train_median
severity_blocked,middle_block,60,TCA,0.5250086468631855,0.995480988353656,0.9945530775495559,False,train_only: severity_abs_spearman>=0.70 and class_signal<=train_median
severity_blocked,middle_block,60,TCB,0.5250086468631855,0.9954710353543977,0.9945530775495559,False,train_only: severity_abs_spearman>=0.70 and class_signal<=train_median
severity_blocked,middle_block,60,WRCA,0.0,0.0,0.9945530775495559,False,train_only: severity_abs_spearman>=0.70 and class_signal<=train_median
severity_blocked,middle_block,60,WRCB,0.0,0.0,0.9945530775495559,False,train_only: severity_abs_spearman>=0.70 and class_signal<=train_median
severity_blocked,middle_block,60,PSGA,0.5250086468631855,0.9936320564375626,0.9945530775495559,False,train_only: severity_abs_spearman>=0.70 and class_signal<=train_median
severity_blocked,middle_block,60,PSGB,0.5250086468631855,0.9936351197447141,0.9945530775495559,False,train_only: severity_abs_spearman>=0.70 and class_signal<=train_median
severity_blocked,middle_block,60,WFWA,0.5250086468631855,0.99998126776769,0.9945530775495559,False,train_only: severity_abs_spearman>=0.70 and class_signal<=train_median
severity_blocked,middle_block,60,WFWB,0.5250086468631855,0.9999818700856665,0.9945530775495559,False,train_only: severity_abs_spearman>=0.70 and class_signal<=train_median
severity_blocked,middle_block,60,WSTA,0.5155266475051374,0.9999999999299077,0.9945530775495559,False,train_only: severity_abs_spearman>=0.70 and class_signal<=train_median
severity_blocked,middle_block,60,WSTB,0.44134214030851954,0.9999999999958422,0.9945530775495559,False,train_only: severity_abs_spearman>=0.70 and class_signal<=train_median
severity_blocked,middle_block,60,VOL,0.5155266475051374,0.6859645547110008,0.9945530775495559,False,train_only: severity_abs_spearman>=0.70 and class_signal<=train_median
severity_blocked,middle_block,60,LVPZ,0.5155266475051374,0.6861464070646497,0.9945530775495559,False,train_only: severity_abs_spearman>=0.70 and class_signal<=train_median
severity_blocked,middle_block,60,QMWT,0.5250086468631855,0.999935545715181,0.9945530775495559,False,train_only: severity_abs_spearman>=0.70 and class_signal<=train_median
severity_blocked,middle_block,60,LSGA,0.37246698219058644,0.999411713732858,0.9945530775495559,False,train_only: severity_abs_spearman>=0.70 and class_signal<=train_median
severity_blocked,middle_block,60,LSGB,0.37246698219058644,0.9994107077899789,0.9945530775495559,False,train_only: severity_abs_spearman>=0.70 and class_signal<=train_median
severity_blocked,middle_block,60,QMGA,0.5250086468631855,0.9999958306164439,0.9945530775495559,False,train_only: severity_abs_spearman>=0.70 and class_signal<=train_median
severity_blocked,middle_block,60,QMGB,0.5250086468631855,0.9999957120341612,0.9945530775495559,False,train_only: severity_abs_spearman>=0.70 and class_signal<=train_median
severity_blocked,middle_block,60,NSGA,0.5176732668042511,0.9996251537806417,0.9945530775495559,False,train_only: severity_abs_spearman>=0.70 and class_signal<=train_median
severity_blocked,middle_block,60,NSGB,0.5176732668042511,0.9996146640881125,0.9945530775495559,False,train_only: severity_abs_spearman>=0.70 and class_signal<=train_median
severity_blocked,middle_block,60,TSAT,0.5250086468631855,0.7702617736377249,0.9945530775495559,False,train_only: severity_abs_spearman>=0.70 and class_signal<=train_median
severity_blocked,middle_block,60,LVCR,0.0,0.0,0.9945530775495559,False,train_only: severity_abs_spearman>=0.70 and class_signal<=train_median
severity_blocked,middle_block,60,RHBR,0.0,0.0,0.9945530775495559,False,train_only: severity_abs_spearman>=0.70 and class_signal<=train_median
severity_blocked,middle_block,60,RHMT,0.5250086468631855,0.9759410476686108,0.9945530775495559,False,train_only: severity_abs_spearman>=0.70 and class_signal<=train_median
severity_blocked,middle_block,60,RHFL,0.5250086468631855,0.9772750601131582,0.9945530775495559,False,train_only: severity_abs_spearman>=0.70 and class_signal<=train_median
severity_blocked,middle_block,60,RH,0.5250086468631855,0.9986142750248949,0.9945530775495559,False,train_only: severity_abs_spearman>=0.70 and class_signal<=train_median
severity_blocked,middle_block,60,PWNT,0.5250086468631855,0.9997888782792616,0.9945530775495559,False,train_only: severity_abs_spearman>=0.70 and class_signal<=train_median
severity_blocked,middle_block,60,PWR,0.5250086468631855,0.9997354252337514,0.9945530775495559,False,train_only: severity_abs_spearman>=0.70 and class_signal<=train_median
severity_blocked,middle_block,60,TFSB,0.5250086468631855,0.9995547301173089,0.9945530775495559,False,train_only: severity_abs_spearman>=0.70 and class_signal<=train_median
severity_blocked,middle_block,60,TFPK,0.5250086468631855,0.9995394890760215,0.9945530775495559,False,train_only: severity_abs_spearman>=0.70 and class_signal<=train_median
severity_blocked,middle_block,60,TF,0.5250086468631855,0.9995394890760215,0.9945530775495559,False,train_only: severity_abs_spearman>=0.70 and class_signal<=train_median
severity_blocked,middle_block,60,PPM,0.0,0.0,0.9945530775495559,False,train_only: severity_abs_spearman>=0.70 and class_signal<=train_median
severity_blocked,middle_block,60,RRCA,0.0,0.0,0.9945530775495559,False,train_only: severity_abs_spearman>=0.70 and class_signal<=train_median
severity_blocked,middle_block,60,RRCB,0.0,0.0,0.9945530775495559,False,train_only: severity_abs_spearman>=0.70 and class_signal<=train_median
severity_blocked,middle_block,60,RRCO,0.0,0.0,0.9945530775495559,False,train_only: severity_abs_spearman>=0.70 and class_signal<=train_median
severity_blocked,middle_block,90,P,0.5155266475051374,0.935669992943591,0.9976683241731672,False,train_only: severity_abs_spearman>=0.70 and class_signal<=train_median
severity_blocked,middle_block,90,TAVG,0.5250086468631855,0.9782517477238768,0.9976683241731672,False,train_only: severity_abs_spearman>=0.70 and class_signal<=train_median
severity_blocked,middle_block,90,THA,0.5250086468631855,0.9943265418598501,0.9976683241731672,False,train_only: severity_abs_spearman>=0.70 and class_signal<=train_median
severity_blocked,middle_block,90,THB,0.5250086468631855,0.9942839833686277,0.9976683241731672,False,train_only: severity_abs_spearman>=0.70 and class_signal<=train_median
severity_blocked,middle_block,90,TCA,0.5250086468631855,0.9978094246325152,0.9976683241731672,False,train_only: severity_abs_spearman>=0.70 and class_signal<=train_median
severity_blocked,middle_block,90,TCB,0.5250086468631855,0.997800637931963,0.9976683241731672,False,train_only: severity_abs_spearman>=0.70 and class_signal<=train_median
severity_blocked,middle_block,90,WRCA,0.0,0.0,0.9976683241731672,False,train_only: severity_abs_spearman>=0.70 and class_signal<=train_median
severity_blocked,middle_block,90,WRCB,0.0,0.0,0.9976683241731672,False,train_only: severity_abs_spearman>=0.70 and class_signal<=train_median
severity_blocked,middle_block,90,PSGA,0.5250086468631855,0.9975353329588077,0.9976683241731672,False,train_only: severity_abs_spearman>=0.70 and class_signal<=train_median
severity_blocked,middle_block,90,PSGB,0.5250086468631855,0.9975360104143715,0.9976683241731672,False,train_only: severity_abs_spearman>=0.70 and class_signal<=train_median
severity_blocked,middle_block,90,WFWA,0.5250086468631855,0.9999802544462267,0.9976683241731672,False,train_only: severity_abs_spearman>=0.70 and class_signal<=train_median
severity_blocked,middle_block,90,WFWB,0.5250086468631855,0.9999806370433573,0.9976683241731672,False,train_only: severity_abs_spearman>=0.70 and class_signal<=train_median
severity_blocked,middle_block,90,WSTA,0.5155266475051374,0.9999999998403641,0.9976683241731672,False,train_only: severity_abs_spearman>=0.70 and class_signal<=train_median
severity_blocked,middle_block,90,WSTB,0.1077567769638922,0.999999999927086,0.9976683241731672,False,train_only: severity_abs_spearman>=0.70 and class_signal<=train_median
severity_blocked,middle_block,90,VOL,0.5155266475051374,0.7308186221457684,0.9976683241731672,False,train_only: severity_abs_spearman>=0.70 and class_signal<=train_median
severity_blocked,middle_block,90,LVPZ,0.5155266475051374,0.7309979659504735,0.9976683241731672,False,train_only: severity_abs_spearman>=0.70 and class_signal<=train_median
severity_blocked,middle_block,90,QMWT,0.5250086468631855,0.9999997072503847,0.9976683241731672,False,train_only: severity_abs_spearman>=0.70 and class_signal<=train_median
severity_blocked,middle_block,90,LSGA,0.37246698219058644,0.9998968805651954,0.9976683241731672,False,train_only: severity_abs_spearman>=0.70 and class_signal<=train_median
severity_blocked,middle_block,90,LSGB,0.37246698219058644,0.9998970846280902,0.9976683241731672,False,train_only: severity_abs_spearman>=0.70 and class_signal<=train_median
severity_blocked,middle_block,90,QMGA,0.5250086468631855,0.9999988611733264,0.9976683241731672,False,train_only: severity_abs_spearman>=0.70 and class_signal<=train_median
severity_blocked,middle_block,90,QMGB,0.5250086468631855,0.9999987996134186,0.9976683241731672,False,train_only: severity_abs_spearman>=0.70 and class_signal<=train_median
severity_blocked,middle_block,90,NSGA,0.5250086468631855,0.9998199196761356,0.9976683241731672,False,train_only: severity_abs_spearman>=0.70 and class_signal<=train_median
severity_blocked,middle_block,90,NSGB,0.5250086468631855,0.9998211279031677,0.9976683241731672,False,train_only: severity_abs_spearman>=0.70 and class_signal<=train_median
severity_blocked,middle_block,90,TSAT,0.5155266475051374,0.9142136867284456,0.9976683241731672,False,train_only: severity_abs_spearman>=0.70 and class_signal<=train_median
severity_blocked,middle_block,90,LVCR,0.0,0.0,0.9976683241731672,False,train_only: severity_abs_spearman>=0.70 and class_signal<=train_median
severity_blocked,middle_block,90,RHBR,0.0,0.0,0.9976683241731672,False,train_only: severity_abs_spearman>=0.70 and class_signal<=train_median
severity_blocked,middle_block,90,RHMT,0.5250086468631855,0.9900679567537068,0.9976683241731672,False,train_only: severity_abs_spearman>=0.70 and class_signal<=train_median
severity_blocked,middle_block,90,RHFL,0.5250086468631855,0.990340763064345,0.9976683241731672,False,train_only: severity_abs_spearman>=0.70 and class_signal<=train_median
severity_blocked,middle_block,90,RH,0.37246698219058644,0.9999994229897248,0.9976683241731672,False,train_only: severity_abs_spearman>=0.70 and class_signal<=train_median
severity_blocked,middle_block,90,PWNT,0.5250086468631855,0.9999797631883562,0.9976683241731672,False,train_only: severity_abs_spearman>=0.70 and class_signal<=train_median
severity_blocked,middle_block,90,PWR,0.5250086468631855,0.999977705989987,0.9976683241731672,False,train_only: severity_abs_spearman>=0.70 and class_signal<=train_median
severity_blocked,middle_block,90,TFSB,0.5250086468631855,0.9999366672102356,0.9976683241731672,False,train_only: severity_abs_spearman>=0.70 and class_signal<=train_median
severity_blocked,middle_block,90,TFPK,0.5250086468631855,0.9999357067943689,0.9976683241731672,False,train_only: severity_abs_spearman>=0.70 and class_signal<=train_median
severity_blocked,middle_block,90,TF,0.5250086468631855,0.9999357067943689,0.9976683241731672,False,train_only: severity_abs_spearman>=0.70 and class_signal<=train_median
severity_blocked,middle_block,90,PPM,0.0,0.0,0.9976683241731672,False,train_only: severity_abs_spearman>=0.70 and class_signal<=train_median
severity_blocked,middle_block,90,RRCA,0.0,0.0,0.9976683241731672,False,train_only: severity_abs_spearman>=0.70 and class_signal<=train_median
severity_blocked,middle_block,90,RRCB,0.0,0.0,0.9976683241731672,False,train_only: severity_abs_spearman>=0.70 and class_signal<=train_median
severity_blocked,middle_block,90,RRCO,0.0,0.0,0.9976683241731672,False,train_only: severity_abs_spearman>=0.70 and class_signal<=train_median
severity_blocked,middle_block,120,P,0.2628274567470619,0.6121042135229926,0.8093527498097786,False,train_only: severity_abs_spearman>=0.70 and class_signal<=train_median
severity_blocked,middle_block,120,TAVG,0.4238181212854177,0.8325086896640337,0.8093527498097786,False,train_only: severity_abs_spearman>=0.70 and class_signal<=train_median
severity_blocked,middle_block,120,THA,0.14794556247765797,0.8316527521350318,0.8093527498097786,False,train_only: severity_abs_spearman>=0.70 and class_signal<=train_median
severity_blocked,middle_block,120,THB,0.07822091170302171,0.8307919356894506,0.8093527498097786,False,train_only: severity_abs_spearman>=0.70 and class_signal<=train_median
severity_blocked,middle_block,120,TCA,0.4159299179353158,0.9428079331300487,0.8093527498097786,False,train_only: severity_abs_spearman>=0.70 and class_signal<=train_median
severity_blocked,middle_block,120,TCB,0.41777187748319367,0.961087969908921,0.8093527498097786,False,train_only: severity_abs_spearman>=0.70 and class_signal<=train_median
severity_blocked,middle_block,120,WRCA,0.41828974146621717,0.7115159591270948,0.8093527498097786,False,train_only: severity_abs_spearman>=0.70 and class_signal<=train_median
severity_blocked,middle_block,120,WRCB,0.41829274554722423,0.7700523328167695,0.8093527498097786,False,train_only: severity_abs_spearman>=0.70 and class_signal<=train_median
severity_blocked,middle_block,120,PSGA,0.40404003232532776,0.9620463983705442,0.8093527498097786,False,train_only: severity_abs_spearman>=0.70 and class_signal<=train_median
severity_blocked,middle_block,120,PSGB,0.5193130821190375,0.9866120869787308,0.8093527498097786,False,train_only: severity_abs_spearman>=0.70 and class_signal<=train_median
severity_blocked,middle_block,120,WFWA,0.12331073319452018,0.8274299304582402,0.8093527498097786,False,train_only: severity_abs_spearman>=0.70 and class_signal<=train_median
severity_blocked,middle_block,120,WFWB,0.18424441899385288,0.8374042426730058,0.8093527498097786,False,train_only: severity_abs_spearman>=0.70 and class_signal<=train_median
severity_blocked,middle_block,120,WSTA,0.2620150676626478,0.8858139757269108,0.8093527498097786,False,train_only: severity_abs_spearman>=0.70 and class_signal<=train_median
severity_blocked,middle_block,120,WSTB,0.24095328751106548,0.8935340367463002,0.8093527498097786,False,train_only: severity_abs_spearman>=0.70 and class_signal<=train_median
severity_blocked,middle_block,120,VOL,0.2644359352606623,0.6390121393182312,0.8093527498097786,False,train_only: severity_abs_spearman>=0.70 and class_signal<=train_median
severity_blocked,middle_block,120,LVPZ,0.2644356839843866,0.6390138757390786,0.8093527498097786,False,train_only: severity_abs_spearman>=0.70 and class_signal<=train_median
severity_blocked,middle_block,120,QMWT,0.06555320609263374,0.8093530129818394,0.8093527498097786,False,train_only: severity_abs_spearman>=0.70 and class_signal<=train_median
severity_blocked,middle_block,120,LSGA,0.3391561174871717,0.952594059723817,0.8093527498097786,False,train_only: severity_abs_spearman>=0.70 and class_signal<=train_median
severity_blocked,middle_block,120,LSGB,0.5759241989306628,0.9843012732872891,0.8093527498097786,False,train_only: severity_abs_spearman>=0.70 and class_signal<=train_median
severity_blocked,middle_block,120,QMGA,0.20267890249245168,0.8473064990554507,0.8093527498097786,False,train_only: severity_abs_spearman>=0.70 and class_signal<=train_median
severity_blocked,middle_block,120,QMGB,0.39965028616909537,0.8457573740255939,0.8093527498097786,False,train_only: severity_abs_spearman>=0.70 and class_signal<=train_median
severity_blocked,middle_block,120,NSGA,0.18206134378054056,0.7723271703363985,0.8093527498097786,False,train_only: severity_abs_spearman>=0.70 and class_signal<=train_median
severity_blocked,middle_block,120,NSGB,0.20050015950133654,0.7847827299318209,0.8093527498097786,False,train_only: severity_abs_spearman>=0.70 and class_signal<=train_median
severity_blocked,middle_block,120,TSAT,0.2632154359266673,0.6060393496402877,0.8093527498097786,False,train_only: severity_abs_spearman>=0.70 and class_signal<=train_median
severity_blocked,middle_block,120,LVCR,0.0,0.0,0.8093527498097786,False,train_only: severity_abs_spearman>=0.70 and class_signal<=train_median
severity_blocked,middle_block,120,RHBR,0.0,0.0,0.8093527498097786,False,train_only: severity_abs_spearman>=0.70 and class_signal<=train_median
severity_blocked,middle_block,120,RHMT,0.39938977358783595,0.8636358727831682,0.8093527498097786,False,train_only: severity_abs_spearman>=0.70 and class_signal<=train_median
severity_blocked,middle_block,120,RHFL,0.04353568851196725,0.8073544607970137,0.8093527498097786,False,train_only: severity_abs_spearman>=0.70 and class_signal<=train_median
severity_blocked,middle_block,120,RH,0.0845826260754711,0.6762448031259027,0.8093527498097786,False,train_only: severity_abs_spearman>=0.70 and class_signal<=train_median
severity_blocked,middle_block,120,PWNT,0.04151811354712633,0.838982150350232,0.8093527498097786,False,train_only: severity_abs_spearman>=0.70 and class_signal<=train_median
severity_blocked,middle_block,120,PWR,0.035340889989083225,0.8093524866377179,0.8093527498097786,False,train_only: severity_abs_spearman>=0.70 and class_signal<=train_median
severity_blocked,middle_block,120,TFSB,0.04131748728393127,0.812123573278702,0.8093527498097786,False,train_only: severity_abs_spearman>=0.70 and class_signal<=train_median
severity_blocked,middle_block,120,TFPK,0.035360451201336573,0.8073671925812183,0.8093527498097786,False,train_only: severity_abs_spearman>=0.70 and class_signal<=train_median
severity_blocked,middle_block,120,TF,0.035360451201336573,0.8073671925812183,0.8093527498097786,False,train_only: severity_abs_spearman>=0.70 and class_signal<=train_median
severity_blocked,middle_block,120,PPM,0.0,0.0,0.8093527498097786,False,train_only: severity_abs_spearman>=0.70 and class_signal<=train_median
severity_blocked,middle_block,120,RRCA,0.41828974146621717,0.7115154967269056,0.8093527498097786,False,train_only: severity_abs_spearman>=0.70 and class_signal<=train_median
severity_blocked,middle_block,120,RRCB,0.41829274554722423,0.7700517855599557,0.8093527498097786,False,train_only: severity_abs_spearman>=0.70 and class_signal<=train_median
severity_blocked,middle_block,120,RRCO,0.41829274554722423,0.7427768786501537,0.8093527498097786,False,train_only: severity_abs_spearman>=0.70 and class_signal<=train_median
severity_blocked,high_block,60,P,0.548576994774415,0.7981903474571307,0.9947751430681905,False,train_only: severity_abs_spearman>=0.70 and class_signal<=train_median
severity_blocked,high_block,60,TAVG,0.548576994774415,0.945183517772589,0.9947751430681905,False,train_only: severity_abs_spearman>=0.70 and class_signal<=train_median
severity_blocked,high_block,60,THA,0.548576994774415,0.9846412855835385,0.9947751430681905,False,train_only: severity_abs_spearman>=0.70 and class_signal<=train_median
severity_blocked,high_block,60,THB,0.548576994774415,0.9845354136522605,0.9947751430681905,False,train_only: severity_abs_spearman>=0.70 and class_signal<=train_median
severity_blocked,high_block,60,TCA,0.548576994774415,0.9956653891989061,0.9947751430681905,False,train_only: severity_abs_spearman>=0.70 and class_signal<=train_median
severity_blocked,high_block,60,TCB,0.548576994774415,0.9956558408024857,0.9947751430681905,False,train_only: severity_abs_spearman>=0.70 and class_signal<=train_median
severity_blocked,high_block,60,WRCA,0.0,0.0,0.9947751430681905,False,train_only: severity_abs_spearman>=0.70 and class_signal<=train_median
severity_blocked,high_block,60,WRCB,0.0,0.0,0.9947751430681905,False,train_only: severity_abs_spearman>=0.70 and class_signal<=train_median
severity_blocked,high_block,60,PSGA,0.548576994774415,0.9938915061045793,0.9947751430681905,False,train_only: severity_abs_spearman>=0.70 and class_signal<=train_median
severity_blocked,high_block,60,PSGB,0.548576994774415,0.9938944453338953,0.9947751430681905,False,train_only: severity_abs_spearman>=0.70 and class_signal<=train_median
severity_blocked,high_block,60,WFWA,0.548576994774415,0.9999820336921716,0.9947751430681905,False,train_only: severity_abs_spearman>=0.70 and class_signal<=train_median
severity_blocked,high_block,60,WFWB,0.548576994774415,0.9999826113829352,0.9947751430681905,False,train_only: severity_abs_spearman>=0.70 and class_signal<=train_median
severity_blocked,high_block,60,WSTA,0.5392186107987216,0.9999999999327741,0.9947751430681905,False,train_only: severity_abs_spearman>=0.70 and class_signal<=train_median
severity_blocked,high_block,60,WSTB,0.447219692177189,0.9999999999960122,0.9947751430681905,False,train_only: severity_abs_spearman>=0.70 and class_signal<=train_median
severity_blocked,high_block,60,VOL,0.5392186107987216,0.6937041458758659,0.9947751430681905,False,train_only: severity_abs_spearman>=0.70 and class_signal<=train_median
severity_blocked,high_block,60,LVPZ,0.5392186107987216,0.693880799327429,0.9947751430681905,False,train_only: severity_abs_spearman>=0.70 and class_signal<=train_median
severity_blocked,high_block,60,QMWT,0.548576994774415,0.9999381716700483,0.9947751430681905,False,train_only: severity_abs_spearman>=0.70 and class_signal<=train_median
severity_blocked,high_block,60,LSGA,0.397810201897036,0.9994357759462399,0.9947751430681905,False,train_only: severity_abs_spearman>=0.70 and class_signal<=train_median
severity_blocked,high_block,60,LSGB,0.397810201897036,0.9994348111407471,0.9947751430681905,False,train_only: severity_abs_spearman>=0.70 and class_signal<=train_median
severity_blocked,high_block,60,QMGA,0.548576994774415,0.9999960010925361,0.9947751430681905,False,train_only: severity_abs_spearman>=0.70 and class_signal<=train_median
severity_blocked,high_block,60,QMGB,0.548576994774415,0.9999958873584897,0.9947751430681905,False,train_only: severity_abs_spearman>=0.70 and class_signal<=train_median
severity_blocked,high_block,60,NSGA,0.5427621959297477,0.9996404574471021,0.9947751430681905,False,train_only: severity_abs_spearman>=0.70 and class_signal<=train_median
severity_blocked,high_block,60,NSGB,0.5427621959297477,0.9996303953907881,0.9947751430681905,False,train_only: severity_abs_spearman>=0.70 and class_signal<=train_median
severity_blocked,high_block,60,TSAT,0.548576994774415,0.7768724691964165,0.9947751430681905,False,train_only: severity_abs_spearman>=0.70 and class_signal<=train_median
severity_blocked,high_block,60,LVCR,0.0,0.0,0.9947751430681905,False,train_only: severity_abs_spearman>=0.70 and class_signal<=train_median
severity_blocked,high_block,60,RHBR,0.0,0.0,0.9947751430681905,False,train_only: severity_abs_spearman>=0.70 and class_signal<=train_median
severity_blocked,high_block,60,RHMT,0.548576994774415,0.9769028117274842,0.9947751430681905,False,train_only: severity_abs_spearman>=0.70 and class_signal<=train_median
severity_blocked,high_block,60,RHFL,0.548576994774415,0.9781851057457216,0.9947751430681905,False,train_only: severity_abs_spearman>=0.70 and class_signal<=train_median
severity_blocked,high_block,60,RH,0.548576994774415,0.9986709614240815,0.9947751430681905,False,train_only: severity_abs_spearman>=0.70 and class_signal<=train_median
severity_blocked,high_block,60,PWNT,0.548576994774415,0.9997974769201629,0.9947751430681905,False,train_only: severity_abs_spearman>=0.70 and class_signal<=train_median
severity_blocked,high_block,60,PWR,0.548576994774415,0.999746195191408,0.9947751430681905,False,train_only: severity_abs_spearman>=0.70 and class_signal<=train_median
severity_blocked,high_block,60,TFSB,0.548576994774415,0.9995728459884164,0.9947751430681905,False,train_only: severity_abs_spearman>=0.70 and class_signal<=train_median
severity_blocked,high_block,60,TFPK,0.548576994774415,0.9995582230798559,0.9947751430681905,False,train_only: severity_abs_spearman>=0.70 and class_signal<=train_median
severity_blocked,high_block,60,TF,0.548576994774415,0.9995582230798559,0.9947751430681905,False,train_only: severity_abs_spearman>=0.70 and class_signal<=train_median
severity_blocked,high_block,60,PPM,0.0,0.0,0.9947751430681905,False,train_only: severity_abs_spearman>=0.70 and class_signal<=train_median
severity_blocked,high_block,60,RRCA,0.0,0.0,0.9947751430681905,False,train_only: severity_abs_spearman>=0.70 and class_signal<=train_median
severity_blocked,high_block,60,RRCB,0.0,0.0,0.9947751430681905,False,train_only: severity_abs_spearman>=0.70 and class_signal<=train_median
severity_blocked,high_block,60,RRCO,0.0,0.0,0.9947751430681905,False,train_only: severity_abs_spearman>=0.70 and class_signal<=train_median
severity_blocked,high_block,90,P,0.5392186107987216,0.9379846796839117,0.9977636455185009,False,train_only: severity_abs_spearman>=0.70 and class_signal<=train_median
severity_blocked,high_block,90,TAVG,0.548576994774415,0.9791233808551385,0.9977636455185009,False,train_only: severity_abs_spearman>=0.70 and class_signal<=train_median
severity_blocked,high_block,90,THA,0.548576994774415,0.9945578454731491,0.9977636455185009,False,train_only: severity_abs_spearman>=0.70 and class_signal<=train_median
severity_blocked,high_block,90,THB,0.548576994774415,0.9945170127941428,0.9977636455185009,False,train_only: severity_abs_spearman>=0.70 and class_signal<=train_median
severity_blocked,high_block,90,TCA,0.548576994774415,0.9978989838831678,0.9977636455185009,False,train_only: severity_abs_spearman>=0.70 and class_signal<=train_median
severity_blocked,high_block,90,TCB,0.548576994774415,0.9978905557853619,0.9977636455185009,False,train_only: severity_abs_spearman>=0.70 and class_signal<=train_median
severity_blocked,high_block,90,WRCA,0.0,0.0,0.9977636455185009,False,train_only: severity_abs_spearman>=0.70 and class_signal<=train_median
severity_blocked,high_block,90,WRCB,0.0,0.0,0.9977636455185009,False,train_only: severity_abs_spearman>=0.70 and class_signal<=train_median
severity_blocked,high_block,90,PSGA,0.548576994774415,0.9976360854423463,0.9977636455185009,False,train_only: severity_abs_spearman>=0.70 and class_signal<=train_median
severity_blocked,high_block,90,PSGB,0.548576994774415,0.99763673525164,0.9977636455185009,False,train_only: severity_abs_spearman>=0.70 and class_signal<=train_median
severity_blocked,high_block,90,WFWA,0.548576994774415,0.9999810620060687,0.9977636455185009,False,train_only: severity_abs_spearman>=0.70 and class_signal<=train_median
severity_blocked,high_block,90,WFWB,0.548576994774415,0.9999814289525544,0.9977636455185009,False,train_only: severity_abs_spearman>=0.70 and class_signal<=train_median
severity_blocked,high_block,90,WSTA,0.5392186107987216,0.9999999998468939,0.9977636455185009,False,train_only: severity_abs_spearman>=0.70 and class_signal<=train_median
severity_blocked,high_block,90,WSTB,0.09375236238025185,0.9999999999300676,0.9977636455185009,False,train_only: severity_abs_spearman>=0.70 and class_signal<=train_median
severity_blocked,high_block,90,VOL,0.5392186107987216,0.7380167367758294,0.9977636455185009,False,train_only: severity_abs_spearman>=0.70 and class_signal<=train_median
severity_blocked,high_block,90,LVPZ,0.5392186107987216,0.7381968067070467,0.9977636455185009,False,train_only: severity_abs_spearman>=0.70 and class_signal<=train_median
severity_blocked,high_block,90,QMWT,0.548576994774415,0.9999997192073611,0.9977636455185009,False,train_only: severity_abs_spearman>=0.70 and class_signal<=train_median
severity_blocked,high_block,90,LSGA,0.397810201897036,0.9999010999502189,0.9977636455185009,False,train_only: severity_abs_spearman>=0.70 and class_signal<=train_median
severity_blocked,high_block,90,LSGB,0.397810201897036,0.9999012956784765,0.9977636455185009,False,train_only: severity_abs_spearman>=0.70 and class_signal<=train_median
severity_blocked,high_block,90,QMGA,0.548576994774415,0.9999989077459789,0.9977636455185009,False,train_only: severity_abs_spearman>=0.70 and class_signal<=train_median
severity_blocked,high_block,90,QMGB,0.548576994774415,0.9999988487036316,0.9977636455185009,False,train_only: severity_abs_spearman>=0.70 and class_signal<=train_median
severity_blocked,high_block,90,NSGA,0.548576994774415,0.999827234847948,0.9977636455185009,False,train_only: severity_abs_spearman>=0.70 and class_signal<=train_median
severity_blocked,high_block,90,NSGB,0.548576994774415,0.9998283938707935,0.9977636455185009,False,train_only: severity_abs_spearman>=0.70 and class_signal<=train_median
severity_blocked,high_block,90,TSAT,0.5392186107987216,0.9172060428362738,0.9977636455185009,False,train_only: severity_abs_spearman>=0.70 and class_signal<=train_median
severity_blocked,high_block,90,LVCR,0.0,0.0,0.9977636455185009,False,train_only: severity_abs_spearman>=0.70 and class_signal<=train_median
severity_blocked,high_block,90,RHBR,0.0,0.0,0.9977636455185009,False,train_only: severity_abs_spearman>=0.70 and class_signal<=train_median
severity_blocked,high_block,90,RHMT,0.548576994774415,0.9904711863920593,0.9977636455185009,False,train_only: severity_abs_spearman>=0.70 and class_signal<=train_median
severity_blocked,high_block,90,RHFL,0.548576994774415,0.9907330528585472,0.9977636455185009,False,train_only: severity_abs_spearman>=0.70 and class_signal<=train_median
severity_blocked,high_block,90,RH,0.397810201897036,0.999999447459734,0.9977636455185009,False,train_only: severity_abs_spearman>=0.70 and class_signal<=train_median
severity_blocked,high_block,90,PWNT,0.548576994774415,0.9999805895188407,0.9977636455185009,False,train_only: severity_abs_spearman>=0.70 and class_signal<=train_median
severity_blocked,high_block,90,PWR,0.548576994774415,0.9999786162159054,0.9977636455185009,False,train_only: severity_abs_spearman>=0.70 and class_signal<=train_median
severity_blocked,high_block,90,TFSB,0.548576994774415,0.9999392523241569,0.9977636455185009,False,train_only: severity_abs_spearman>=0.70 and class_signal<=train_median
severity_blocked,high_block,90,TFPK,0.548576994774415,0.9999383310538946,0.9977636455185009,False,train_only: severity_abs_spearman>=0.70 and class_signal<=train_median
severity_blocked,high_block,90,TF,0.548576994774415,0.9999383310538946,0.9977636455185009,False,train_only: severity_abs_spearman>=0.70 and class_signal<=train_median
severity_blocked,high_block,90,PPM,0.0,0.0,0.9977636455185009,False,train_only: severity_abs_spearman>=0.70 and class_signal<=train_median
severity_blocked,high_block,90,RRCA,0.0,0.0,0.9977636455185009,False,train_only: severity_abs_spearman>=0.70 and class_signal<=train_median
severity_blocked,high_block,90,RRCB,0.0,0.0,0.9977636455185009,False,train_only: severity_abs_spearman>=0.70 and class_signal<=train_median
severity_blocked,high_block,90,RRCO,0.0,0.0,0.9977636455185009,False,train_only: severity_abs_spearman>=0.70 and class_signal<=train_median
severity_blocked,high_block,120,P,0.2974241273092542,0.7880208836670217,0.9393482230745613,False,train_only: severity_abs_spearman>=0.70 and class_signal<=train_median
severity_blocked,high_block,120,TAVG,0.48840155906060106,0.9487617873076387,0.9393482230745613,False,train_only: severity_abs_spearman>=0.70 and class_signal<=train_median
severity_blocked,high_block,120,THA,0.09840179766388957,0.9593126004483621,0.9393482230745613,False,train_only: severity_abs_spearman>=0.70 and class_signal<=train_median
severity_blocked,high_block,120,THB,0.08396349749490122,0.9597945679473915,0.9393482230745613,False,train_only: severity_abs_spearman>=0.70 and class_signal<=train_median
severity_blocked,high_block,120,TCA,0.48314063861019896,0.9611149270540534,0.9393482230745613,False,train_only: severity_abs_spearman>=0.70 and class_signal<=train_median
severity_blocked,high_block,120,TCB,0.4846474624620917,0.9678098848514678,0.9393482230745613,False,train_only: severity_abs_spearman>=0.70 and class_signal<=train_median
severity_blocked,high_block,120,WRCA,0.43370020256654856,0.9038309445925677,0.9393482230745613,False,train_only: severity_abs_spearman>=0.70 and class_signal<=train_median
severity_blocked,high_block,120,WRCB,0.4337020074059568,0.9483833440887168,0.9393482230745613,False,train_only: severity_abs_spearman>=0.70 and class_signal<=train_median
severity_blocked,high_block,120,PSGA,0.4902014024963381,0.9788623410020523,0.9393482230745613,False,train_only: severity_abs_spearman>=0.70 and class_signal<=train_median
severity_blocked,high_block,120,PSGB,0.5497911314718238,0.9874699520485898,0.9393482230745613,False,train_only: severity_abs_spearman>=0.70 and class_signal<=train_median
severity_blocked,high_block,120,WFWA,0.16613296402725616,0.9549263580623014,0.9393482230745613,False,train_only: severity_abs_spearman>=0.70 and class_signal<=train_median
severity_blocked,high_block,120,WFWB,0.17247262646616035,0.9567642181631382,0.9393482230745613,False,train_only: severity_abs_spearman>=0.70 and class_signal<=train_median
severity_blocked,high_block,120,WSTA,0.2993600574747841,0.9697495594218861,0.9393482230745613,False,train_only: severity_abs_spearman>=0.70 and class_signal<=train_median
severity_blocked,high_block,120,WSTB,0.27830019874195605,0.9753678325256824,0.9393482230745613,False,train_only: severity_abs_spearman>=0.70 and class_signal<=train_median
severity_blocked,high_block,120,VOL,0.29870961256708084,0.8014469052373348,0.9393482230745613,False,train_only: severity_abs_spearman>=0.70 and class_signal<=train_median
severity_blocked,high_block,120,LVPZ,0.29870934748986205,0.8014478130514694,0.9393482230745613,False,train_only: severity_abs_spearman>=0.70 and class_signal<=train_median
severity_blocked,high_block,120,QMWT,0.11026329117998417,0.93694254986492,0.9393482230745613,False,train_only: severity_abs_spearman>=0.70 and class_signal<=train_median
severity_blocked,high_block,120,LSGA,0.4245573045086496,0.9772011504646728,0.9393482230745613,False,train_only: severity_abs_spearman>=0.70 and class_signal<=train_median
severity_blocked,high_block,120,LSGB,0.5601015740683974,0.9902347024124817,0.9393482230745613,False,train_only: severity_abs_spearman>=0.70 and class_signal<=train_median
severity_blocked,high_block,120,QMGA,0.2406126038934329,0.9691078948391412,0.9393482230745613,False,train_only: severity_abs_spearman>=0.70 and class_signal<=train_median
severity_blocked,high_block,120,QMGB,0.40411350398949,0.9722526583832938,0.9393482230745613,False,train_only: severity_abs_spearman>=0.70 and class_signal<=train_median
severity_blocked,high_block,120,NSGA,0.17929632857566008,0.8699591783227688,0.9393482230745613,False,train_only: severity_abs_spearman>=0.70 and class_signal<=train_median
severity_blocked,high_block,120,NSGB,0.25662358278427394,0.8765828382081363,0.9393482230745613,False,train_only: severity_abs_spearman>=0.70 and class_signal<=train_median
severity_blocked,high_block,120,TSAT,0.29817565543379765,0.7896876644268319,0.9393482230745613,False,train_only: severity_abs_spearman>=0.70 and class_signal<=train_median
severity_blocked,high_block,120,LVCR,0.0,0.0,0.9393482230745613,False,train_only: severity_abs_spearman>=0.70 and class_signal<=train_median
severity_blocked,high_block,120,RHBR,0.0,0.0,0.9393482230745613,False,train_only: severity_abs_spearman>=0.70 and class_signal<=train_median
severity_blocked,high_block,120,RHMT,0.4687130514185998,0.9625668006465637,0.9393482230745613,False,train_only: severity_abs_spearman>=0.70 and class_signal<=train_median
severity_blocked,high_block,120,RHFL,0.09003682478028575,0.936503836292898,0.9393482230745613,False,train_only: severity_abs_spearman>=0.70 and class_signal<=train_median
severity_blocked,high_block,120,RH,0.175303832618839,0.9222759115337082,0.9393482230745613,False,train_only: severity_abs_spearman>=0.70 and class_signal<=train_median
severity_blocked,high_block,120,PWNT,0.09924095971735769,0.9417538962842028,0.9393482230745613,False,train_only: severity_abs_spearman>=0.70 and class_signal<=train_median
severity_blocked,high_block,120,PWR,0.08333499779964745,0.9369403671468394,0.9393482230745613,False,train_only: severity_abs_spearman>=0.70 and class_signal<=train_median
severity_blocked,high_block,120,TFSB,0.08854707553282845,0.936068479650091,0.9393482230745613,False,train_only: severity_abs_spearman>=0.70 and class_signal<=train_median
severity_blocked,high_block,120,TFPK,0.08258350574014049,0.9364676716455707,0.9393482230745613,False,train_only: severity_abs_spearman>=0.70 and class_signal<=train_median
severity_blocked,high_block,120,TF,0.08258350574014049,0.9364676716455707,0.9393482230745613,False,train_only: severity_abs_spearman>=0.70 and class_signal<=train_median
severity_blocked,high_block,120,PPM,0.0,0.0,0.9393482230745613,False,train_only: severity_abs_spearman>=0.70 and class_signal<=train_median
severity_blocked,high_block,120,RRCA,0.43370020256654856,0.9038307691915132,0.9393482230745613,False,train_only: severity_abs_spearman>=0.70 and class_signal<=train_median
severity_blocked,high_block,120,RRCB,0.4337020074059568,0.9483832499747461,0.9393482230745613,False,train_only: severity_abs_spearman>=0.70 and class_signal<=train_median
severity_blocked,high_block,120,RRCO,0.4337020074059568,0.9283803897435507,0.9393482230745613,False,train_only: severity_abs_spearman>=0.70 and class_signal<=train_median
severity_extrapolation,low_train_to_high_test,60,P,0.548576994774415,0.7981903474571307,0.9947751430681905,False,train_only: severity_abs_spearman>=0.70 and class_signal<=train_median
severity_extrapolation,low_train_to_high_test,60,TAVG,0.548576994774415,0.945183517772589,0.9947751430681905,False,train_only: severity_abs_spearman>=0.70 and class_signal<=train_median
severity_extrapolation,low_train_to_high_test,60,THA,0.548576994774415,0.9846412855835385,0.9947751430681905,False,train_only: severity_abs_spearman>=0.70 and class_signal<=train_median
severity_extrapolation,low_train_to_high_test,60,THB,0.548576994774415,0.9845354136522605,0.9947751430681905,False,train_only: severity_abs_spearman>=0.70 and class_signal<=train_median
severity_extrapolation,low_train_to_high_test,60,TCA,0.548576994774415,0.9956653891989061,0.9947751430681905,False,train_only: severity_abs_spearman>=0.70 and class_signal<=train_median
severity_extrapolation,low_train_to_high_test,60,TCB,0.548576994774415,0.9956558408024857,0.9947751430681905,False,train_only: severity_abs_spearman>=0.70 and class_signal<=train_median
severity_extrapolation,low_train_to_high_test,60,WRCA,0.0,0.0,0.9947751430681905,False,train_only: severity_abs_spearman>=0.70 and class_signal<=train_median
severity_extrapolation,low_train_to_high_test,60,WRCB,0.0,0.0,0.9947751430681905,False,train_only: severity_abs_spearman>=0.70 and class_signal<=train_median
severity_extrapolation,low_train_to_high_test,60,PSGA,0.548576994774415,0.9938915061045793,0.9947751430681905,False,train_only: severity_abs_spearman>=0.70 and class_signal<=train_median
severity_extrapolation,low_train_to_high_test,60,PSGB,0.548576994774415,0.9938944453338953,0.9947751430681905,False,train_only: severity_abs_spearman>=0.70 and class_signal<=train_median
severity_extrapolation,low_train_to_high_test,60,WFWA,0.548576994774415,0.9999820336921716,0.9947751430681905,False,train_only: severity_abs_spearman>=0.70 and class_signal<=train_median
severity_extrapolation,low_train_to_high_test,60,WFWB,0.548576994774415,0.9999826113829352,0.9947751430681905,False,train_only: severity_abs_spearman>=0.70 and class_signal<=train_median
severity_extrapolation,low_train_to_high_test,60,WSTA,0.5392186107987216,0.9999999999327741,0.9947751430681905,False,train_only: severity_abs_spearman>=0.70 and class_signal<=train_median
severity_extrapolation,low_train_to_high_test,60,WSTB,0.447219692177189,0.9999999999960122,0.9947751430681905,False,train_only: severity_abs_spearman>=0.70 and class_signal<=train_median
severity_extrapolation,low_train_to_high_test,60,VOL,0.5392186107987216,0.6937041458758659,0.9947751430681905,False,train_only: severity_abs_spearman>=0.70 and class_signal<=train_median
severity_extrapolation,low_train_to_high_test,60,LVPZ,0.5392186107987216,0.693880799327429,0.9947751430681905,False,train_only: severity_abs_spearman>=0.70 and class_signal<=train_median
severity_extrapolation,low_train_to_high_test,60,QMWT,0.548576994774415,0.9999381716700483,0.9947751430681905,False,train_only: severity_abs_spearman>=0.70 and class_signal<=train_median
severity_extrapolation,low_train_to_high_test,60,LSGA,0.397810201897036,0.9994357759462399,0.9947751430681905,False,train_only: severity_abs_spearman>=0.70 and class_signal<=train_median
severity_extrapolation,low_train_to_high_test,60,LSGB,0.397810201897036,0.9994348111407471,0.9947751430681905,False,train_only: severity_abs_spearman>=0.70 and class_signal<=train_median
severity_extrapolation,low_train_to_high_test,60,QMGA,0.548576994774415,0.9999960010925361,0.9947751430681905,False,train_only: severity_abs_spearman>=0.70 and class_signal<=train_median
severity_extrapolation,low_train_to_high_test,60,QMGB,0.548576994774415,0.9999958873584897,0.9947751430681905,False,train_only: severity_abs_spearman>=0.70 and class_signal<=train_median
severity_extrapolation,low_train_to_high_test,60,NSGA,0.5427621959297477,0.9996404574471021,0.9947751430681905,False,train_only: severity_abs_spearman>=0.70 and class_signal<=train_median
severity_extrapolation,low_train_to_high_test,60,NSGB,0.5427621959297477,0.9996303953907881,0.9947751430681905,False,train_only: severity_abs_spearman>=0.70 and class_signal<=train_median
severity_extrapolation,low_train_to_high_test,60,TSAT,0.548576994774415,0.7768724691964165,0.9947751430681905,False,train_only: severity_abs_spearman>=0.70 and class_signal<=train_median
severity_extrapolation,low_train_to_high_test,60,LVCR,0.0,0.0,0.9947751430681905,False,train_only: severity_abs_spearman>=0.70 and class_signal<=train_median
severity_extrapolation,low_train_to_high_test,60,RHBR,0.0,0.0,0.9947751430681905,False,train_only: severity_abs_spearman>=0.70 and class_signal<=train_median
severity_extrapolation,low_train_to_high_test,60,RHMT,0.548576994774415,0.9769028117274842,0.9947751430681905,False,train_only: severity_abs_spearman>=0.70 and class_signal<=train_median
severity_extrapolation,low_train_to_high_test,60,RHFL,0.548576994774415,0.9781851057457216,0.9947751430681905,False,train_only: severity_abs_spearman>=0.70 and class_signal<=train_median
severity_extrapolation,low_train_to_high_test,60,RH,0.548576994774415,0.9986709614240815,0.9947751430681905,False,train_only: severity_abs_spearman>=0.70 and class_signal<=train_median
severity_extrapolation,low_train_to_high_test,60,PWNT,0.548576994774415,0.9997974769201629,0.9947751430681905,False,train_only: severity_abs_spearman>=0.70 and class_signal<=train_median
severity_extrapolation,low_train_to_high_test,60,PWR,0.548576994774415,0.999746195191408,0.9947751430681905,False,train_only: severity_abs_spearman>=0.70 and class_signal<=train_median
severity_extrapolation,low_train_to_high_test,60,TFSB,0.548576994774415,0.9995728459884164,0.9947751430681905,False,train_only: severity_abs_spearman>=0.70 and class_signal<=train_median
severity_extrapolation,low_train_to_high_test,60,TFPK,0.548576994774415,0.9995582230798559,0.9947751430681905,False,train_only: severity_abs_spearman>=0.70 and class_signal<=train_median
severity_extrapolation,low_train_to_high_test,60,TF,0.548576994774415,0.9995582230798559,0.9947751430681905,False,train_only: severity_abs_spearman>=0.70 and class_signal<=train_median
severity_extrapolation,low_train_to_high_test,60,PPM,0.0,0.0,0.9947751430681905,False,train_only: severity_abs_spearman>=0.70 and class_signal<=train_median
severity_extrapolation,low_train_to_high_test,60,RRCA,0.0,0.0,0.9947751430681905,False,train_only: severity_abs_spearman>=0.70 and class_signal<=train_median
severity_extrapolation,low_train_to_high_test,60,RRCB,0.0,0.0,0.9947751430681905,False,train_only: severity_abs_spearman>=0.70 and class_signal<=train_median
severity_extrapolation,low_train_to_high_test,60,RRCO,0.0,0.0,0.9947751430681905,False,train_only: severity_abs_spearman>=0.70 and class_signal<=train_median
severity_extrapolation,low_train_to_high_test,90,P,0.5392186107987216,0.9379846796839117,0.9977636455185009,False,train_only: severity_abs_spearman>=0.70 and class_signal<=train_median
severity_extrapolation,low_train_to_high_test,90,TAVG,0.548576994774415,0.9791233808551385,0.9977636455185009,False,train_only: severity_abs_spearman>=0.70 and class_signal<=train_median
severity_extrapolation,low_train_to_high_test,90,THA,0.548576994774415,0.9945578454731491,0.9977636455185009,False,train_only: severity_abs_spearman>=0.70 and class_signal<=train_median
severity_extrapolation,low_train_to_high_test,90,THB,0.548576994774415,0.9945170127941428,0.9977636455185009,False,train_only: severity_abs_spearman>=0.70 and class_signal<=train_median
severity_extrapolation,low_train_to_high_test,90,TCA,0.548576994774415,0.9978989838831678,0.9977636455185009,False,train_only: severity_abs_spearman>=0.70 and class_signal<=train_median
severity_extrapolation,low_train_to_high_test,90,TCB,0.548576994774415,0.9978905557853619,0.9977636455185009,False,train_only: severity_abs_spearman>=0.70 and class_signal<=train_median
severity_extrapolation,low_train_to_high_test,90,WRCA,0.0,0.0,0.9977636455185009,False,train_only: severity_abs_spearman>=0.70 and class_signal<=train_median
severity_extrapolation,low_train_to_high_test,90,WRCB,0.0,0.0,0.9977636455185009,False,train_only: severity_abs_spearman>=0.70 and class_signal<=train_median
severity_extrapolation,low_train_to_high_test,90,PSGA,0.548576994774415,0.9976360854423463,0.9977636455185009,False,train_only: severity_abs_spearman>=0.70 and class_signal<=train_median
severity_extrapolation,low_train_to_high_test,90,PSGB,0.548576994774415,0.99763673525164,0.9977636455185009,False,train_only: severity_abs_spearman>=0.70 and class_signal<=train_median
severity_extrapolation,low_train_to_high_test,90,WFWA,0.548576994774415,0.9999810620060687,0.9977636455185009,False,train_only: severity_abs_spearman>=0.70 and class_signal<=train_median
severity_extrapolation,low_train_to_high_test,90,WFWB,0.548576994774415,0.9999814289525544,0.9977636455185009,False,train_only: severity_abs_spearman>=0.70 and class_signal<=train_median
severity_extrapolation,low_train_to_high_test,90,WSTA,0.5392186107987216,0.9999999998468939,0.9977636455185009,False,train_only: severity_abs_spearman>=0.70 and class_signal<=train_median
severity_extrapolation,low_train_to_high_test,90,WSTB,0.09375236238025185,0.9999999999300676,0.9977636455185009,False,train_only: severity_abs_spearman>=0.70 and class_signal<=train_median
severity_extrapolation,low_train_to_high_test,90,VOL,0.5392186107987216,0.7380167367758294,0.9977636455185009,False,train_only: severity_abs_spearman>=0.70 and class_signal<=train_median
severity_extrapolation,low_train_to_high_test,90,LVPZ,0.5392186107987216,0.7381968067070467,0.9977636455185009,False,train_only: severity_abs_spearman>=0.70 and class_signal<=train_median
severity_extrapolation,low_train_to_high_test,90,QMWT,0.548576994774415,0.9999997192073611,0.9977636455185009,False,train_only: severity_abs_spearman>=0.70 and class_signal<=train_median
severity_extrapolation,low_train_to_high_test,90,LSGA,0.397810201897036,0.9999010999502189,0.9977636455185009,False,train_only: severity_abs_spearman>=0.70 and class_signal<=train_median
severity_extrapolation,low_train_to_high_test,90,LSGB,0.397810201897036,0.9999012956784765,0.9977636455185009,False,train_only: severity_abs_spearman>=0.70 and class_signal<=train_median
severity_extrapolation,low_train_to_high_test,90,QMGA,0.548576994774415,0.9999989077459789,0.9977636455185009,False,train_only: severity_abs_spearman>=0.70 and class_signal<=train_median
severity_extrapolation,low_train_to_high_test,90,QMGB,0.548576994774415,0.9999988487036316,0.9977636455185009,False,train_only: severity_abs_spearman>=0.70 and class_signal<=train_median
severity_extrapolation,low_train_to_high_test,90,NSGA,0.548576994774415,0.999827234847948,0.9977636455185009,False,train_only: severity_abs_spearman>=0.70 and class_signal<=train_median
severity_extrapolation,low_train_to_high_test,90,NSGB,0.548576994774415,0.9998283938707935,0.9977636455185009,False,train_only: severity_abs_spearman>=0.70 and class_signal<=train_median
severity_extrapolation,low_train_to_high_test,90,TSAT,0.5392186107987216,0.9172060428362738,0.9977636455185009,False,train_only: severity_abs_spearman>=0.70 and class_signal<=train_median
severity_extrapolation,low_train_to_high_test,90,LVCR,0.0,0.0,0.9977636455185009,False,train_only: severity_abs_spearman>=0.70 and class_signal<=train_median
severity_extrapolation,low_train_to_high_test,90,RHBR,0.0,0.0,0.9977636455185009,False,train_only: severity_abs_spearman>=0.70 and class_signal<=train_median
severity_extrapolation,low_train_to_high_test,90,RHMT,0.548576994774415,0.9904711863920593,0.9977636455185009,False,train_only: severity_abs_spearman>=0.70 and class_signal<=train_median
severity_extrapolation,low_train_to_high_test,90,RHFL,0.548576994774415,0.9907330528585472,0.9977636455185009,False,train_only: severity_abs_spearman>=0.70 and class_signal<=train_median
severity_extrapolation,low_train_to_high_test,90,RH,0.397810201897036,0.999999447459734,0.9977636455185009,False,train_only: severity_abs_spearman>=0.70 and class_signal<=train_median
severity_extrapolation,low_train_to_high_test,90,PWNT,0.548576994774415,0.9999805895188407,0.9977636455185009,False,train_only: severity_abs_spearman>=0.70 and class_signal<=train_median
severity_extrapolation,low_train_to_high_test,90,PWR,0.548576994774415,0.9999786162159054,0.9977636455185009,False,train_only: severity_abs_spearman>=0.70 and class_signal<=train_median
severity_extrapolation,low_train_to_high_test,90,TFSB,0.548576994774415,0.9999392523241569,0.9977636455185009,False,train_only: severity_abs_spearman>=0.70 and class_signal<=train_median
severity_extrapolation,low_train_to_high_test,90,TFPK,0.548576994774415,0.9999383310538946,0.9977636455185009,False,train_only: severity_abs_spearman>=0.70 and class_signal<=train_median
severity_extrapolation,low_train_to_high_test,90,TF,0.548576994774415,0.9999383310538946,0.9977636455185009,False,train_only: severity_abs_spearman>=0.70 and class_signal<=train_median
severity_extrapolation,low_train_to_high_test,90,PPM,0.0,0.0,0.9977636455185009,False,train_only: severity_abs_spearman>=0.70 and class_signal<=train_median
severity_extrapolation,low_train_to_high_test,90,RRCA,0.0,0.0,0.9977636455185009,False,train_only: severity_abs_spearman>=0.70 and class_signal<=train_median
severity_extrapolation,low_train_to_high_test,90,RRCB,0.0,0.0,0.9977636455185009,False,train_only: severity_abs_spearman>=0.70 and class_signal<=train_median
severity_extrapolation,low_train_to_high_test,90,RRCO,0.0,0.0,0.9977636455185009,False,train_only: severity_abs_spearman>=0.70 and class_signal<=train_median
severity_extrapolation,low_train_to_high_test,120,P,0.2974241273092542,0.7880208836670217,0.9393482230745613,False,train_only: severity_abs_spearman>=0.70 and class_signal<=train_median
severity_extrapolation,low_train_to_high_test,120,TAVG,0.48840155906060106,0.9487617873076387,0.9393482230745613,False,train_only: severity_abs_spearman>=0.70 and class_signal<=train_median
severity_extrapolation,low_train_to_high_test,120,THA,0.09840179766388957,0.9593126004483621,0.9393482230745613,False,train_only: severity_abs_spearman>=0.70 and class_signal<=train_median
severity_extrapolation,low_train_to_high_test,120,THB,0.08396349749490122,0.9597945679473915,0.9393482230745613,False,train_only: severity_abs_spearman>=0.70 and class_signal<=train_median
severity_extrapolation,low_train_to_high_test,120,TCA,0.48314063861019896,0.9611149270540534,0.9393482230745613,False,train_only: severity_abs_spearman>=0.70 and class_signal<=train_median
severity_extrapolation,low_train_to_high_test,120,TCB,0.4846474624620917,0.9678098848514678,0.9393482230745613,False,train_only: severity_abs_spearman>=0.70 and class_signal<=train_median
severity_extrapolation,low_train_to_high_test,120,WRCA,0.43370020256654856,0.9038309445925677,0.9393482230745613,False,train_only: severity_abs_spearman>=0.70 and class_signal<=train_median
severity_extrapolation,low_train_to_high_test,120,WRCB,0.4337020074059568,0.9483833440887168,0.9393482230745613,False,train_only: severity_abs_spearman>=0.70 and class_signal<=train_median
severity_extrapolation,low_train_to_high_test,120,PSGA,0.4902014024963381,0.9788623410020523,0.9393482230745613,False,train_only: severity_abs_spearman>=0.70 and class_signal<=train_median
severity_extrapolation,low_train_to_high_test,120,PSGB,0.5497911314718238,0.9874699520485898,0.9393482230745613,False,train_only: severity_abs_spearman>=0.70 and class_signal<=train_median
severity_extrapolation,low_train_to_high_test,120,WFWA,0.16613296402725616,0.9549263580623014,0.9393482230745613,False,train_only: severity_abs_spearman>=0.70 and class_signal<=train_median
severity_extrapolation,low_train_to_high_test,120,WFWB,0.17247262646616035,0.9567642181631382,0.9393482230745613,False,train_only: severity_abs_spearman>=0.70 and class_signal<=train_median
severity_extrapolation,low_train_to_high_test,120,WSTA,0.2993600574747841,0.9697495594218861,0.9393482230745613,False,train_only: severity_abs_spearman>=0.70 and class_signal<=train_median
severity_extrapolation,low_train_to_high_test,120,WSTB,0.27830019874195605,0.9753678325256824,0.9393482230745613,False,train_only: severity_abs_spearman>=0.70 and class_signal<=train_median
severity_extrapolation,low_train_to_high_test,120,VOL,0.29870961256708084,0.8014469052373348,0.9393482230745613,False,train_only: severity_abs_spearman>=0.70 and class_signal<=train_median
severity_extrapolation,low_train_to_high_test,120,LVPZ,0.29870934748986205,0.8014478130514694,0.9393482230745613,False,train_only: severity_abs_spearman>=0.70 and class_signal<=train_median
severity_extrapolation,low_train_to_high_test,120,QMWT,0.11026329117998417,0.93694254986492,0.9393482230745613,False,train_only: severity_abs_spearman>=0.70 and class_signal<=train_median
severity_extrapolation,low_train_to_high_test,120,LSGA,0.4245573045086496,0.9772011504646728,0.9393482230745613,False,train_only: severity_abs_spearman>=0.70 and class_signal<=train_median
severity_extrapolation,low_train_to_high_test,120,LSGB,0.5601015740683974,0.9902347024124817,0.9393482230745613,False,train_only: severity_abs_spearman>=0.70 and class_signal<=train_median
severity_extrapolation,low_train_to_high_test,120,QMGA,0.2406126038934329,0.9691078948391412,0.9393482230745613,False,train_only: severity_abs_spearman>=0.70 and class_signal<=train_median
severity_extrapolation,low_train_to_high_test,120,QMGB,0.40411350398949,0.9722526583832938,0.9393482230745613,False,train_only: severity_abs_spearman>=0.70 and class_signal<=train_median
severity_extrapolation,low_train_to_high_test,120,NSGA,0.17929632857566008,0.8699591783227688,0.9393482230745613,False,train_only: severity_abs_spearman>=0.70 and class_signal<=train_median
severity_extrapolation,low_train_to_high_test,120,NSGB,0.25662358278427394,0.8765828382081363,0.9393482230745613,False,train_only: severity_abs_spearman>=0.70 and class_signal<=train_median
severity_extrapolation,low_train_to_high_test,120,TSAT,0.29817565543379765,0.7896876644268319,0.9393482230745613,False,train_only: severity_abs_spearman>=0.70 and class_signal<=train_median
severity_extrapolation,low_train_to_high_test,120,LVCR,0.0,0.0,0.9393482230745613,False,train_only: severity_abs_spearman>=0.70 and class_signal<=train_median
severity_extrapolation,low_train_to_high_test,120,RHBR,0.0,0.0,0.9393482230745613,False,train_only: severity_abs_spearman>=0.70 and class_signal<=train_median
severity_extrapolation,low_train_to_high_test,120,RHMT,0.4687130514185998,0.9625668006465637,0.9393482230745613,False,train_only: severity_abs_spearman>=0.70 and class_signal<=train_median
severity_extrapolation,low_train_to_high_test,120,RHFL,0.09003682478028575,0.936503836292898,0.9393482230745613,False,train_only: severity_abs_spearman>=0.70 and class_signal<=train_median
severity_extrapolation,low_train_to_high_test,120,RH,0.175303832618839,0.9222759115337082,0.9393482230745613,False,train_only: severity_abs_spearman>=0.70 and class_signal<=train_median
severity_extrapolation,low_train_to_high_test,120,PWNT,0.09924095971735769,0.9417538962842028,0.9393482230745613,False,train_only: severity_abs_spearman>=0.70 and class_signal<=train_median
severity_extrapolation,low_train_to_high_test,120,PWR,0.08333499779964745,0.9369403671468394,0.9393482230745613,False,train_only: severity_abs_spearman>=0.70 and class_signal<=train_median
severity_extrapolation,low_train_to_high_test,120,TFSB,0.08854707553282845,0.936068479650091,0.9393482230745613,False,train_only: severity_abs_spearman>=0.70 and class_signal<=train_median
severity_extrapolation,low_train_to_high_test,120,TFPK,0.08258350574014049,0.9364676716455707,0.9393482230745613,False,train_only: severity_abs_spearman>=0.70 and class_signal<=train_median
severity_extrapolation,low_train_to_high_test,120,TF,0.08258350574014049,0.9364676716455707,0.9393482230745613,False,train_only: severity_abs_spearman>=0.70 and class_signal<=train_median
severity_extrapolation,low_train_to_high_test,120,PPM,0.0,0.0,0.9393482230745613,False,train_only: severity_abs_spearman>=0.70 and class_signal<=train_median
severity_extrapolation,low_train_to_high_test,120,RRCA,0.43370020256654856,0.9038307691915132,0.9393482230745613,False,train_only: severity_abs_spearman>=0.70 and class_signal<=train_median
severity_extrapolation,low_train_to_high_test,120,RRCB,0.4337020074059568,0.9483832499747461,0.9393482230745613,False,train_only: severity_abs_spearman>=0.70 and class_signal<=train_median
severity_extrapolation,low_train_to_high_test,120,RRCO,0.4337020074059568,0.9283803897435507,0.9393482230745613,False,train_only: severity_abs_spearman>=0.70 and class_signal<=train_median
severity_extrapolation,high_train_to_low_test,60,P,0.5294370509045947,0.9999999999123255,0.9999999999971309,False,train_only: severity_abs_spearman>=0.70 and class_signal<=train_median
severity_extrapolation,high_train_to_low_test,60,TAVG,0.5294370509045947,0.999999999990116,0.9999999999971309,False,train_only: severity_abs_spearman>=0.70 and class_signal<=train_median
severity_extrapolation,high_train_to_low_test,60,THA,0.5294370509045947,0.9999999999971307,0.9999999999971309,False,train_only: severity_abs_spearman>=0.70 and class_signal<=train_median
severity_extrapolation,high_train_to_low_test,60,THB,0.5294370509045947,0.999999999997131,0.9999999999971309,False,train_only: severity_abs_spearman>=0.70 and class_signal<=train_median
severity_extrapolation,high_train_to_low_test,60,TCA,0.5294370509045947,0.999999999999266,0.9999999999971309,False,train_only: severity_abs_spearman>=0.70 and class_signal<=train_median
severity_extrapolation,high_train_to_low_test,60,TCB,0.5294370509045947,0.9999999999992661,0.9999999999971309,False,train_only: severity_abs_spearman>=0.70 and class_signal<=train_median
severity_extrapolation,high_train_to_low_test,60,WRCA,0.0,0.0,0.9999999999971309,False,train_only: severity_abs_spearman>=0.70 and class_signal<=train_median
severity_extrapolation,high_train_to_low_test,60,WRCB,0.0,0.0,0.9999999999971309,False,train_only: severity_abs_spearman>=0.70 and class_signal<=train_median
severity_extrapolation,high_train_to_low_test,60,PSGA,0.5294370509045947,0.9999999999994951,0.9999999999971309,False,train_only: severity_abs_spearman>=0.70 and class_signal<=train_median
severity_extrapolation,high_train_to_low_test,60,PSGB,0.5294370509045947,0.9999999999994951,0.9999999999971309,False,train_only: severity_abs_spearman>=0.70 and class_signal<=train_median
severity_extrapolation,high_train_to_low_test,60,WFWA,0.5294370509045947,0.9999999999999998,0.9999999999971309,False,train_only: severity_abs_spearman>=0.70 and class_signal<=train_median
severity_extrapolation,high_train_to_low_test,60,WFWB,0.5294370509045947,1.0,0.9999999999971309,False,train_only: severity_abs_spearman>=0.70 and class_signal<=train_median
severity_extrapolation,high_train_to_low_test,60,WSTA,0.5294370509045947,0.9999999999999999,0.9999999999971309,False,train_only: severity_abs_spearman>=0.70 and class_signal<=train_median
severity_extrapolation,high_train_to_low_test,60,WSTB,0.43336575824464524,1.0,0.9999999999971309,False,train_only: severity_abs_spearman>=0.70 and class_signal<=train_median
severity_extrapolation,high_train_to_low_test,60,VOL,0.5294370509045947,0.9999999998669212,0.9999999999971309,False,train_only: severity_abs_spearman>=0.70 and class_signal<=train_median
severity_extrapolation,high_train_to_low_test,60,LVPZ,0.5294370509045947,0.9999999999789679,0.9999999999971309,False,train_only: severity_abs_spearman>=0.70 and class_signal<=train_median
severity_extrapolation,high_train_to_low_test,60,QMWT,0.5294370509045947,1.0,0.9999999999971309,False,train_only: severity_abs_spearman>=0.70 and class_signal<=train_median
severity_extrapolation,high_train_to_low_test,60,LSGA,0.5294370509045947,0.9999999998251644,0.9999999999971309,False,train_only: severity_abs_spearman>=0.70 and class_signal<=train_median
severity_extrapolation,high_train_to_low_test,60,LSGB,0.5294370509045947,0.9999999998252229,0.9999999999971309,False,train_only: severity_abs_spearman>=0.70 and class_signal<=train_median
severity_extrapolation,high_train_to_low_test,60,QMGA,0.5294370509045947,0.9999999999999996,0.9999999999971309,False,train_only: severity_abs_spearman>=0.70 and class_signal<=train_median
severity_extrapolation,high_train_to_low_test,60,QMGB,0.5294370509045947,0.9999999999999998,0.9999999999971309,False,train_only: severity_abs_spearman>=0.70 and class_signal<=train_median
severity_extrapolation,high_train_to_low_test,60,NSGA,0.5294370509045947,0.9999999999975561,0.9999999999971309,False,train_only: severity_abs_spearman>=0.70 and class_signal<=train_median
severity_extrapolation,high_train_to_low_test,60,NSGB,0.5294370509045947,0.9999999999975588,0.9999999999971309,False,train_only: severity_abs_spearman>=0.70 and class_signal<=train_median
severity_extrapolation,high_train_to_low_test,60,TSAT,0.5294370509045947,0.9999999996636113,0.9999999999971309,False,train_only: severity_abs_spearman>=0.70 and class_signal<=train_median
severity_extrapolation,high_train_to_low_test,60,LVCR,0.0,0.0,0.9999999999971309,False,train_only: severity_abs_spearman>=0.70 and class_signal<=train_median
severity_extrapolation,high_train_to_low_test,60,RHBR,0.0,0.0,0.9999999999971309,False,train_only: severity_abs_spearman>=0.70 and class_signal<=train_median
severity_extrapolation,high_train_to_low_test,60,RHMT,0.5294370509045947,0.9999999992673552,0.9999999999971309,False,train_only: severity_abs_spearman>=0.70 and class_signal<=train_median
severity_extrapolation,high_train_to_low_test,60,RHFL,0.5294370509045947,0.9999999991619907,0.9999999999971309,False,train_only: severity_abs_spearman>=0.70 and class_signal<=train_median
severity_extrapolation,high_train_to_low_test,60,RH,0.5294370509045947,0.9999998271297975,0.9999999999971309,False,train_only: severity_abs_spearman>=0.70 and class_signal<=train_median
severity_extrapolation,high_train_to_low_test,60,PWNT,0.5294370509045947,0.9999999999999594,0.9999999999971309,False,train_only: severity_abs_spearman>=0.70 and class_signal<=train_median
severity_extrapolation,high_train_to_low_test,60,PWR,0.5294370509045947,0.9999999999999537,0.9999999999971309,False,train_only: severity_abs_spearman>=0.70 and class_signal<=train_median
severity_extrapolation,high_train_to_low_test,60,TFSB,0.5294370509045947,0.9999999999999979,0.9999999999971309,False,train_only: severity_abs_spearman>=0.70 and class_signal<=train_median
severity_extrapolation,high_train_to_low_test,60,TFPK,0.5294370509045947,0.9999999999999979,0.9999999999971309,False,train_only: severity_abs_spearman>=0.70 and class_signal<=train_median
severity_extrapolation,high_train_to_low_test,60,TF,0.5294370509045947,0.9999999999999979,0.9999999999971309,False,train_only: severity_abs_spearman>=0.70 and class_signal<=train_median
severity_extrapolation,high_train_to_low_test,60,PPM,0.0,0.0,0.9999999999971309,False,train_only: severity_abs_spearman>=0.70 and class_signal<=train_median
severity_extrapolation,high_train_to_low_test,60,RRCA,0.0,0.0,0.9999999999971309,False,train_only: severity_abs_spearman>=0.70 and class_signal<=train_median
severity_extrapolation,high_train_to_low_test,60,RRCB,0.0,0.0,0.9999999999971309,False,train_only: severity_abs_spearman>=0.70 and class_signal<=train_median
severity_extrapolation,high_train_to_low_test,60,RRCO,0.0,0.0,0.9999999999971309,False,train_only: severity_abs_spearman>=0.70 and class_signal<=train_median
severity_extrapolation,high_train_to_low_test,90,P,0.5294370509045947,0.9999999998508202,0.9999999999989424,False,train_only: severity_abs_spearman>=0.70 and class_signal<=train_median
severity_extrapolation,high_train_to_low_test,90,TAVG,0.5294370509045947,0.9999999999960331,0.9999999999989424,False,train_only: severity_abs_spearman>=0.70 and class_signal<=train_median
severity_extrapolation,high_train_to_low_test,90,THA,0.5294370509045947,0.9999999999989422,0.9999999999989424,False,train_only: severity_abs_spearman>=0.70 and class_signal<=train_median
severity_extrapolation,high_train_to_low_test,90,THB,0.5294370509045947,0.9999999999989426,0.9999999999989424,False,train_only: severity_abs_spearman>=0.70 and class_signal<=train_median
severity_extrapolation,high_train_to_low_test,90,TCA,0.5294370509045947,0.9999999999997269,0.9999999999989424,False,train_only: severity_abs_spearman>=0.70 and class_signal<=train_median
severity_extrapolation,high_train_to_low_test,90,TCB,0.5294370509045947,0.999999999999727,0.9999999999989424,False,train_only: severity_abs_spearman>=0.70 and class_signal<=train_median
severity_extrapolation,high_train_to_low_test,90,WRCA,0.0,0.0,0.9999999999989424,False,train_only: severity_abs_spearman>=0.70 and class_signal<=train_median
severity_extrapolation,high_train_to_low_test,90,WRCB,0.0,0.0,0.9999999999989424,False,train_only: severity_abs_spearman>=0.70 and class_signal<=train_median
severity_extrapolation,high_train_to_low_test,90,PSGA,0.5294370509045947,0.9999999999997984,0.9999999999989424,False,train_only: severity_abs_spearman>=0.70 and class_signal<=train_median
severity_extrapolation,high_train_to_low_test,90,PSGB,0.5294370509045947,0.9999999999997984,0.9999999999989424,False,train_only: severity_abs_spearman>=0.70 and class_signal<=train_median
severity_extrapolation,high_train_to_low_test,90,WFWA,0.5294370509045947,0.9999999999999999,0.9999999999989424,False,train_only: severity_abs_spearman>=0.70 and class_signal<=train_median
severity_extrapolation,high_train_to_low_test,90,WFWB,0.5294370509045947,1.0,0.9999999999989424,False,train_only: severity_abs_spearman>=0.70 and class_signal<=train_median
severity_extrapolation,high_train_to_low_test,90,WSTA,0.5294370509045947,1.0,0.9999999999989424,False,train_only: severity_abs_spearman>=0.70 and class_signal<=train_median
severity_extrapolation,high_train_to_low_test,90,WSTB,0.006955294940943177,1.0,0.9999999999989424,False,train_only: severity_abs_spearman>=0.70 and class_signal<=train_median
severity_extrapolation,high_train_to_low_test,90,VOL,0.5294370509045947,0.9999999998350076,0.9999999999989424,False,train_only: severity_abs_spearman>=0.70 and class_signal<=train_median
severity_extrapolation,high_train_to_low_test,90,LVPZ,0.5294370509045947,0.9999999999739422,0.9999999999989424,False,train_only: severity_abs_spearman>=0.70 and class_signal<=train_median
severity_extrapolation,high_train_to_low_test,90,QMWT,0.5294370509045947,1.0,0.9999999999989424,False,train_only: severity_abs_spearman>=0.70 and class_signal<=train_median
severity_extrapolation,high_train_to_low_test,90,LSGA,0.5294370509045947,0.9999999999411592,0.9999999999989424,False,train_only: severity_abs_spearman>=0.70 and class_signal<=train_median
severity_extrapolation,high_train_to_low_test,90,LSGB,0.5294370509045947,0.999999999941173,0.9999999999989424,False,train_only: severity_abs_spearman>=0.70 and class_signal<=train_median
severity_extrapolation,high_train_to_low_test,90,QMGA,0.5294370509045947,0.9999999999999998,0.9999999999989424,False,train_only: severity_abs_spearman>=0.70 and class_signal<=train_median
severity_extrapolation,high_train_to_low_test,90,QMGB,0.5294370509045947,1.0,0.9999999999989424,False,train_only: severity_abs_spearman>=0.70 and class_signal<=train_median
severity_extrapolation,high_train_to_low_test,90,NSGA,0.5294370509045947,0.9999999999993866,0.9999999999989424,False,train_only: severity_abs_spearman>=0.70 and class_signal<=train_median
severity_extrapolation,high_train_to_low_test,90,NSGB,0.5294370509045947,0.9999999999993868,0.9999999999989424,False,train_only: severity_abs_spearman>=0.70 and class_signal<=train_median
severity_extrapolation,high_train_to_low_test,90,TSAT,0.5294370509045947,0.9999999994242691,0.9999999999989424,False,train_only: severity_abs_spearman>=0.70 and class_signal<=train_median
severity_extrapolation,high_train_to_low_test,90,LVCR,0.0,0.0,0.9999999999989424,False,train_only: severity_abs_spearman>=0.70 and class_signal<=train_median
severity_extrapolation,high_train_to_low_test,90,RHBR,0.0,0.0,0.9999999999989424,False,train_only: severity_abs_spearman>=0.70 and class_signal<=train_median
severity_extrapolation,high_train_to_low_test,90,RHMT,0.5294370509045947,0.9999999997055243,0.9999999999989424,False,train_only: severity_abs_spearman>=0.70 and class_signal<=train_median
severity_extrapolation,high_train_to_low_test,90,RHFL,0.5294370509045947,0.9999999996792615,0.9999999999989424,False,train_only: severity_abs_spearman>=0.70 and class_signal<=train_median
severity_extrapolation,high_train_to_low_test,90,RH,0.5294370509045947,0.9999998318800485,0.9999999999989424,False,train_only: severity_abs_spearman>=0.70 and class_signal<=train_median
severity_extrapolation,high_train_to_low_test,90,PWNT,0.5294370509045947,0.9999999999999837,0.9999999999989424,False,train_only: severity_abs_spearman>=0.70 and class_signal<=train_median
severity_extrapolation,high_train_to_low_test,90,PWR,0.5294370509045947,0.9999999999999822,0.9999999999989424,False,train_only: severity_abs_spearman>=0.70 and class_signal<=train_median
severity_extrapolation,high_train_to_low_test,90,TFSB,0.5294370509045947,0.9999999999999993,0.9999999999989424,False,train_only: severity_abs_spearman>=0.70 and class_signal<=train_median
severity_extrapolation,high_train_to_low_test,90,TFPK,0.5294370509045947,0.9999999999999992,0.9999999999989424,False,train_only: severity_abs_spearman>=0.70 and class_signal<=train_median
severity_extrapolation,high_train_to_low_test,90,TF,0.5294370509045947,0.9999999999999992,0.9999999999989424,False,train_only: severity_abs_spearman>=0.70 and class_signal<=train_median
severity_extrapolation,high_train_to_low_test,90,PPM,0.0,0.0,0.9999999999989424,False,train_only: severity_abs_spearman>=0.70 and class_signal<=train_median
severity_extrapolation,high_train_to_low_test,90,RRCA,0.0,0.0,0.9999999999989424,False,train_only: severity_abs_spearman>=0.70 and class_signal<=train_median
severity_extrapolation,high_train_to_low_test,90,RRCB,0.0,0.0,0.9999999999989424,False,train_only: severity_abs_spearman>=0.70 and class_signal<=train_median
severity_extrapolation,high_train_to_low_test,90,RRCO,0.0,0.0,0.9999999999989424,False,train_only: severity_abs_spearman>=0.70 and class_signal<=train_median
severity_extrapolation,high_train_to_low_test,120,P,0.31523468207014943,0.885284857976914,0.8177342304622583,False,train_only: severity_abs_spearman>=0.70 and class_signal<=train_median
severity_extrapolation,high_train_to_low_test,120,TAVG,0.28056886123768643,0.8104952771873161,0.8177342304622583,False,train_only: severity_abs_spearman>=0.70 and class_signal<=train_median
severity_extrapolation,high_train_to_low_test,120,THA,0.17312147072438236,0.771201795733283,0.8177342304622583,False,train_only: severity_abs_spearman>=0.70 and class_signal<=train_median
severity_extrapolation,high_train_to_low_test,120,THB,0.16292631626355283,0.75218507204171,0.8177342304622583,False,train_only: severity_abs_spearman>=0.70 and class_signal<=train_median
severity_extrapolation,high_train_to_low_test,120,TCA,0.2740091955603328,0.9856413062447444,0.8177342304622583,False,train_only: severity_abs_spearman>=0.70 and class_signal<=train_median
severity_extrapolation,high_train_to_low_test,120,TCB,0.281854387631898,0.9933870053913529,0.8177342304622583,False,train_only: severity_abs_spearman>=0.70 and class_signal<=train_median
severity_extrapolation,high_train_to_low_test,120,WRCA,0.3701496290696613,0.5686039863872481,0.8177342304622583,False,train_only: severity_abs_spearman>=0.70 and class_signal<=train_median
severity_extrapolation,high_train_to_low_test,120,WRCB,0.370152801286808,0.6019960629421803,0.8177342304622583,False,train_only: severity_abs_spearman>=0.70 and class_signal<=train_median
severity_extrapolation,high_train_to_low_test,120,PSGA,0.23249252456471814,0.9784538707977064,0.8177342304622583,False,train_only: severity_abs_spearman>=0.70 and class_signal<=train_median
severity_extrapolation,high_train_to_low_test,120,PSGB,0.4275862160996131,0.9906049177053,0.8177342304622583,False,train_only: severity_abs_spearman>=0.70 and class_signal<=train_median
severity_extrapolation,high_train_to_low_test,120,WFWA,0.03599284192289685,0.8984465964127237,0.8177342304622583,False,train_only: severity_abs_spearman>=0.70 and class_signal<=train_median
severity_extrapolation,high_train_to_low_test,120,WFWB,0.08694307575507304,0.8870101968430959,0.8177342304622583,False,train_only: severity_abs_spearman>=0.70 and class_signal<=train_median
severity_extrapolation,high_train_to_low_test,120,WSTA,0.3408116463384906,0.9323407595462202,0.8177342304622583,False,train_only: severity_abs_spearman>=0.70 and class_signal<=train_median
severity_extrapolation,high_train_to_low_test,120,WSTB,0.31141091229170814,0.9250416940935355,0.8177342304622583,False,train_only: severity_abs_spearman>=0.70 and class_signal<=train_median
severity_extrapolation,high_train_to_low_test,120,VOL,0.3167232448384156,0.9023170832301768,0.8177342304622583,False,train_only: severity_abs_spearman>=0.70 and class_signal<=train_median
severity_extrapolation,high_train_to_low_test,120,LVPZ,0.31672311992173535,0.9023170741459281,0.8177342304622583,False,train_only: severity_abs_spearman>=0.70 and class_signal<=train_median
severity_extrapolation,high_train_to_low_test,120,QMWT,0.15514903757538714,0.7907524641556704,0.8177342304622583,False,train_only: severity_abs_spearman>=0.70 and class_signal<=train_median
severity_extrapolation,high_train_to_low_test,120,LSGA,0.3412115677956916,0.9743422391806656,0.8177342304622583,False,train_only: severity_abs_spearman>=0.70 and class_signal<=train_median
severity_extrapolation,high_train_to_low_test,120,LSGB,0.621207123600887,0.9829974957946722,0.8177342304622583,False,train_only: severity_abs_spearman>=0.70 and class_signal<=train_median
severity_extrapolation,high_train_to_low_test,120,QMGA,0.1318917686739336,0.872708396950986,0.8177342304622583,False,train_only: severity_abs_spearman>=0.70 and class_signal<=train_median
severity_extrapolation,high_train_to_low_test,120,QMGB,0.33921956698191025,0.8471684971622333,0.8177342304622583,False,train_only: severity_abs_spearman>=0.70 and class_signal<=train_median
severity_extrapolation,high_train_to_low_test,120,NSGA,0.171094305399194,0.7042360815664394,0.8177342304622583,False,train_only: severity_abs_spearman>=0.70 and class_signal<=train_median
severity_extrapolation,high_train_to_low_test,120,NSGB,0.22105777196434614,0.6544257093812476,0.8177342304622583,False,train_only: severity_abs_spearman>=0.70 and class_signal<=train_median
severity_extrapolation,high_train_to_low_test,120,TSAT,0.31590653090739473,0.8767714741028402,0.8177342304622583,False,train_only: severity_abs_spearman>=0.70 and class_signal<=train_median
severity_extrapolation,high_train_to_low_test,120,LVCR,0.0,0.0,0.8177342304622583,False,train_only: severity_abs_spearman>=0.70 and class_signal<=train_median
severity_extrapolation,high_train_to_low_test,120,RHBR,0.0,0.0,0.8177342304622583,False,train_only: severity_abs_spearman>=0.70 and class_signal<=train_median
severity_extrapolation,high_train_to_low_test,120,RHMT,0.28056886123768643,0.8249731837372006,0.8177342304622583,False,train_only: severity_abs_spearman>=0.70 and class_signal<=train_median
severity_extrapolation,high_train_to_low_test,120,RHFL,0.15596217487096636,0.7858838568353765,0.8177342304622583,False,train_only: severity_abs_spearman>=0.70 and class_signal<=train_median
severity_extrapolation,high_train_to_low_test,120,RH,0.34995644760253186,0.9441368495931671,0.8177342304622583,False,train_only: severity_abs_spearman>=0.70 and class_signal<=train_median
severity_extrapolation,high_train_to_low_test,120,PWNT,0.1416763002990283,0.9283124740767775,0.8177342304622583,False,train_only: severity_abs_spearman>=0.70 and class_signal<=train_median
severity_extrapolation,high_train_to_low_test,120,PWR,0.15514903757538714,0.7907524804721081,0.8177342304622583,False,train_only: severity_abs_spearman>=0.70 and class_signal<=train_median
severity_extrapolation,high_train_to_low_test,120,TFSB,0.15281088970552198,0.7962310344277764,0.8177342304622583,False,train_only: severity_abs_spearman>=0.70 and class_signal<=train_median
severity_extrapolation,high_train_to_low_test,120,TFPK,0.15596217487096636,0.7858838812320037,0.8177342304622583,False,train_only: severity_abs_spearman>=0.70 and class_signal<=train_median
severity_extrapolation,high_train_to_low_test,120,TF,0.15596217487096636,0.7858838812320037,0.8177342304622583,False,train_only: severity_abs_spearman>=0.70 and class_signal<=train_median
severity_extrapolation,high_train_to_low_test,120,PPM,0.0,0.0,0.8177342304622583,False,train_only: severity_abs_spearman>=0.70 and class_signal<=train_median
severity_extrapolation,high_train_to_low_test,120,RRCA,0.3701496290696613,0.5686035999524559,0.8177342304622583,False,train_only: severity_abs_spearman>=0.70 and class_signal<=train_median
severity_extrapolation,high_train_to_low_test,120,RRCB,0.370152801286808,0.6019953747895507,0.8177342304622583,False,train_only: severity_abs_spearman>=0.70 and class_signal<=train_median
severity_extrapolation,high_train_to_low_test,120,RRCO,0.370152801286808,0.5888264276520653,0.8177342304622583,False,train_only: severity_abs_spearman>=0.70 and class_signal<=train_median
