sample_id,accident_class,severity,family,predicted_family,max_probability,threshold,rejected,accepted,split_type,split_id,direction,nearest_severity_gap,focus_class,high_gap,gap_group,analysis_group
FLB_10,FLB,10.0,feedwater_line_break,feedwater_line_break,0.8930583456515205,0.0,False,True,random,seed_20260921,random_or_blocked,1.0,False,True,high_gap_or_above_split_median,other_classes
FLB_12,FLB,12.0,feedwater_line_break,feedwater_line_break,0.8930583456515205,0.0,False,True,random,seed_20260921,random_or_blocked,1.0,False,True,high_gap_or_above_split_median,other_classes
FLB_14,FLB,14.0,feedwater_line_break,feedwater_line_break,0.8930583456515205,0.0,False,True,random,seed_20260921,random_or_blocked,1.0,False,True,high_gap_or_above_split_median,other_classes
FLB_25,FLB,25.0,feedwater_line_break,feedwater_line_break,0.8930583456515205,0.0,False,True,random,seed_20260921,random_or_blocked,1.0,False,True,high_gap_or_above_split_median,other_classes
FLB_36,FLB,36.0,feedwater_line_break,feedwater_line_break,0.8930583456515205,0.0,False,True,random,seed_20260921,random_or_blocked,1.0,False,True,high_gap_or_above_split_median,other_classes
FLB_38,FLB,38.0,feedwater_line_break,feedwater_line_break,0.8930583456515205,0.0,False,True,random,seed_20260921,random_or_blocked,1.0,False,True,high_gap_or_above_split_median,other_classes
FLB_40,FLB,40.0,feedwater_line_break,feedwater_line_break,0.8930583456515205,0.0,False,True,random,seed_20260921,random_or_blocked,3.0,False,True,high_gap_or_above_split_median,other_classes
FLB_41,FLB,41.0,feedwater_line_break,feedwater_line_break,0.8930583456515205,0.0,False,True,random,seed_20260921,random_or_blocked,2.0,False,True,high_gap_or_above_split_median,other_classes
FLB_52,FLB,52.0,feedwater_line_break,feedwater_line_break,0.8930583456515205,0.0,False,True,random,seed_20260921,random_or_blocked,1.0,False,True,high_gap_or_above_split_median,other_classes
FLB_55,FLB,55.0,feedwater_line_break,feedwater_line_break,0.8930583456515205,0.0,False,True,random,seed_20260921,random_or_blocked,1.0,False,True,high_gap_or_above_split_median,other_classes
FLB_60,FLB,60.0,feedwater_line_break,feedwater_line_break,0.8930583456515205,0.0,False,True,random,seed_20260921,random_or_blocked,1.0,False,True,high_gap_or_above_split_median,other_classes
FLB_62,FLB,62.0,feedwater_line_break,feedwater_line_break,0.8930583456515205,0.0,False,True,random,seed_20260921,random_or_blocked,1.0,False,True,high_gap_or_above_split_median,other_classes
FLB_63,FLB,63.0,feedwater_line_break,feedwater_line_break,0.8930583456515205,0.0,False,True,random,seed_20260921,random_or_blocked,2.0,False,True,high_gap_or_above_split_median,other_classes
FLB_66,FLB,66.0,feedwater_line_break,feedwater_line_break,0.8930583456515205,0.0,False,True,random,seed_20260921,random_or_blocked,1.0,False,True,high_gap_or_above_split_median,other_classes
FLB_72,FLB,72.0,feedwater_line_break,feedwater_line_break,0.8930583456515205,0.0,False,True,random,seed_20260921,random_or_blocked,1.0,False,True,high_gap_or_above_split_median,other_classes
FLB_8,FLB,8.0,feedwater_line_break,feedwater_line_break,0.8930583456515205,0.0,False,True,random,seed_20260921,random_or_blocked,1.0,False,True,high_gap_or_above_split_median,other_classes
FLB_81,FLB,81.0,feedwater_line_break,feedwater_line_break,0.8930583456515205,0.0,False,True,random,seed_20260921,random_or_blocked,1.0,False,True,high_gap_or_above_split_median,other_classes
FLB_83,FLB,83.0,feedwater_line_break,feedwater_line_break,0.8930583456515205,0.0,False,True,random,seed_20260921,random_or_blocked,1.0,False,True,high_gap_or_above_split_median,other_classes
FLB_85,FLB,85.0,feedwater_line_break,feedwater_line_break,0.8930583456515205,0.0,False,True,random,seed_20260921,random_or_blocked,1.0,False,True,high_gap_or_above_split_median,other_classes
FLB_92,FLB,92.0,feedwater_line_break,feedwater_line_break,0.8930583456515205,0.0,False,True,random,seed_20260921,random_or_blocked,1.0,False,True,high_gap_or_above_split_median,other_classes
LOCAC_12,LOCAC,12.0,primary_coolant_boundary_break,primary_coolant_boundary_break,0.8837999148724665,0.0,False,True,random,seed_20260921,random_or_blocked,1.0,True,True,high_gap_or_above_split_median,RI_LOCAC_SLBIC
LOCAC_19,LOCAC,19.0,primary_coolant_boundary_break,primary_coolant_boundary_break,0.9163748039149099,0.0,False,True,random,seed_20260921,random_or_blocked,2.0,True,True,high_gap_or_above_split_median,RI_LOCAC_SLBIC
LOCAC_20,LOCAC,20.0,primary_coolant_boundary_break,primary_coolant_boundary_break,0.9163748039149099,0.0,False,True,random,seed_20260921,random_or_blocked,2.0,True,True,high_gap_or_above_split_median,RI_LOCAC_SLBIC
LOCAC_24,LOCAC,24.0,primary_coolant_boundary_break,primary_coolant_boundary_break,0.9066747102669042,0.0,False,True,random,seed_20260921,random_or_blocked,1.0,True,True,high_gap_or_above_split_median,RI_LOCAC_SLBIC
LOCAC_25,LOCAC,25.0,primary_coolant_boundary_break,primary_coolant_boundary_break,0.9162143547299689,0.0,False,True,random,seed_20260921,random_or_blocked,2.0,True,True,high_gap_or_above_split_median,RI_LOCAC_SLBIC
LOCAC_27,LOCAC,27.0,primary_coolant_boundary_break,primary_coolant_boundary_break,0.9162143547299689,0.0,False,True,random,seed_20260921,random_or_blocked,1.0,True,True,high_gap_or_above_split_median,RI_LOCAC_SLBIC
LOCAC_3,LOCAC,3.0,primary_coolant_boundary_break,primary_coolant_boundary_break,0.9087159929309139,0.0,False,True,random,seed_20260921,random_or_blocked,1.0,True,True,high_gap_or_above_split_median,RI_LOCAC_SLBIC
LOCAC_31,LOCAC,31.0,primary_coolant_boundary_break,primary_coolant_boundary_break,0.9162143547299689,0.0,False,True,random,seed_20260921,random_or_blocked,1.0,True,True,high_gap_or_above_split_median,RI_LOCAC_SLBIC
LOCAC_33,LOCAC,33.0,primary_coolant_boundary_break,primary_coolant_boundary_break,0.9066747102669042,0.0,False,True,random,seed_20260921,random_or_blocked,1.0,True,True,high_gap_or_above_split_median,RI_LOCAC_SLBIC
LOCAC_39,LOCAC,39.0,primary_coolant_boundary_break,primary_coolant_boundary_break,0.9161924040648458,0.0,False,True,random,seed_20260921,random_or_blocked,1.0,True,True,high_gap_or_above_split_median,RI_LOCAC_SLBIC
LOCAC_53,LOCAC,53.0,primary_coolant_boundary_break,primary_coolant_boundary_break,0.9013964493596316,0.0,False,True,random,seed_20260921,random_or_blocked,1.0,True,True,high_gap_or_above_split_median,RI_LOCAC_SLBIC
LOCAC_54,LOCAC,54.0,primary_coolant_boundary_break,primary_coolant_boundary_break,0.9013964493596316,0.0,False,True,random,seed_20260921,random_or_blocked,1.0,True,True,high_gap_or_above_split_median,RI_LOCAC_SLBIC
LOCAC_67,LOCAC,67.0,primary_coolant_boundary_break,primary_coolant_boundary_break,0.9089417106529888,0.0,False,True,random,seed_20260921,random_or_blocked,1.0,True,True,high_gap_or_above_split_median,RI_LOCAC_SLBIC
LOCAC_71,LOCAC,71.0,primary_coolant_boundary_break,primary_coolant_boundary_break,0.908286435958475,0.0,False,True,random,seed_20260921,random_or_blocked,1.0,True,True,high_gap_or_above_split_median,RI_LOCAC_SLBIC
LOCAC_77,LOCAC,77.0,primary_coolant_boundary_break,primary_coolant_boundary_break,0.9036849634043883,0.0,False,True,random,seed_20260921,random_or_blocked,1.0,True,True,high_gap_or_above_split_median,RI_LOCAC_SLBIC
LOCAC_9,LOCAC,9.0,primary_coolant_boundary_break,primary_coolant_boundary_break,0.8967295754245649,0.0,False,True,random,seed_20260921,random_or_blocked,1.0,True,True,high_gap_or_above_split_median,RI_LOCAC_SLBIC
LOCA_16,LOCA,16.0,primary_coolant_boundary_break,primary_coolant_boundary_break,0.9148610754023025,0.0,False,True,random,seed_20260921,random_or_blocked,1.0,False,True,high_gap_or_above_split_median,other_classes
LOCA_19,LOCA,19.0,primary_coolant_boundary_break,primary_coolant_boundary_break,0.9148299899678025,0.0,False,True,random,seed_20260921,random_or_blocked,1.0,False,True,high_gap_or_above_split_median,other_classes
LOCA_23,LOCA,23.0,primary_coolant_boundary_break,primary_coolant_boundary_break,0.921253649207006,0.0,False,True,random,seed_20260921,random_or_blocked,1.0,False,True,high_gap_or_above_split_median,other_classes
LOCA_40,LOCA,40.0,primary_coolant_boundary_break,primary_coolant_boundary_break,0.9184636408646564,0.0,False,True,random,seed_20260921,random_or_blocked,2.0,False,True,high_gap_or_above_split_median,other_classes
LOCA_41,LOCA,41.0,primary_coolant_boundary_break,primary_coolant_boundary_break,0.9184269069441463,0.0,False,True,random,seed_20260921,random_or_blocked,3.0,False,True,high_gap_or_above_split_median,other_classes
LOCA_42,LOCA,42.0,primary_coolant_boundary_break,primary_coolant_boundary_break,0.9184209589364859,0.0,False,True,random,seed_20260921,random_or_blocked,2.0,False,True,high_gap_or_above_split_median,other_classes
LOCA_46,LOCA,46.0,primary_coolant_boundary_break,primary_coolant_boundary_break,0.9184209589364859,0.0,False,True,random,seed_20260921,random_or_blocked,1.0,False,True,high_gap_or_above_split_median,other_classes
LOCA_48,LOCA,48.0,primary_coolant_boundary_break,primary_coolant_boundary_break,0.9184209589364859,0.0,False,True,random,seed_20260921,random_or_blocked,1.0,False,True,high_gap_or_above_split_median,other_classes
LOCA_5,LOCA,5.0,primary_coolant_boundary_break,primary_coolant_boundary_break,0.9210855534862059,0.0,False,True,random,seed_20260921,random_or_blocked,1.0,False,True,high_gap_or_above_split_median,other_classes
LOCA_59,LOCA,59.0,primary_coolant_boundary_break,primary_coolant_boundary_break,0.9147517409595908,0.0,False,True,random,seed_20260921,random_or_blocked,1.0,False,True,high_gap_or_above_split_median,other_classes
LOCA_69,LOCA,69.0,primary_coolant_boundary_break,primary_coolant_boundary_break,0.9143370159208215,0.0,False,True,random,seed_20260921,random_or_blocked,1.0,False,True,high_gap_or_above_split_median,other_classes
LOCA_70,LOCA,70.0,primary_coolant_boundary_break,primary_coolant_boundary_break,0.9140216733952482,0.0,False,True,random,seed_20260921,random_or_blocked,1.0,False,True,high_gap_or_above_split_median,other_classes
LOCA_73,LOCA,73.0,primary_coolant_boundary_break,primary_coolant_boundary_break,0.9115848639562183,0.0,False,True,random,seed_20260921,random_or_blocked,1.0,False,True,high_gap_or_above_split_median,other_classes
LOCA_75,LOCA,75.0,primary_coolant_boundary_break,primary_coolant_boundary_break,0.9115715652528288,0.0,False,True,random,seed_20260921,random_or_blocked,1.0,False,True,high_gap_or_above_split_median,other_classes
LOCA_77,LOCA,77.0,primary_coolant_boundary_break,primary_coolant_boundary_break,0.9115715652528288,0.0,False,True,random,seed_20260921,random_or_blocked,1.0,False,True,high_gap_or_above_split_median,other_classes
LR_79,LR,79.0,turbine_and_load_transient,turbine_and_load_transient,0.8961217654351995,0.0,False,True,random,seed_20260921,random_or_blocked,2.0,False,True,high_gap_or_above_split_median,other_classes
LR_80,LR,80.0,turbine_and_load_transient,turbine_and_load_transient,0.8961217654351995,0.0,False,True,random,seed_20260921,random_or_blocked,1.0,False,True,high_gap_or_above_split_median,other_classes
LR_93,LR,93.0,turbine_and_load_transient,turbine_and_load_transient,0.8256972861831734,0.0,False,True,random,seed_20260921,random_or_blocked,1.0,False,True,high_gap_or_above_split_median,other_classes
LR_95,LR,95.0,turbine_and_load_transient,turbine_and_load_transient,0.8961217654351995,0.0,False,True,random,seed_20260921,random_or_blocked,1.0,False,True,high_gap_or_above_split_median,other_classes
LR_97,LR,97.0,turbine_and_load_transient,turbine_and_load_transient,0.8959705511297297,0.0,False,True,random,seed_20260921,random_or_blocked,1.0,False,True,high_gap_or_above_split_median,other_classes
RI_-20,RI,-20.0,reactivity_and_control,reactivity_and_control,0.8391676324687104,0.0,False,True,random,seed_20260921,random_or_blocked,1.0,True,True,high_gap_or_above_split_median,RI_LOCAC_SLBIC
RI_-29,RI,-29.0,reactivity_and_control,reactivity_and_control,0.8429419155365863,0.0,False,True,random,seed_20260921,random_or_blocked,1.0,True,True,high_gap_or_above_split_median,RI_LOCAC_SLBIC
RI_-33,RI,-33.0,reactivity_and_control,reactivity_and_control,0.8429419155365863,0.0,False,True,random,seed_20260921,random_or_blocked,1.0,True,True,high_gap_or_above_split_median,RI_LOCAC_SLBIC
RI_-34,RI,-34.0,reactivity_and_control,reactivity_and_control,0.8319430932765037,0.0,False,True,random,seed_20260921,random_or_blocked,2.0,True,True,high_gap_or_above_split_median,RI_LOCAC_SLBIC
RI_-35,RI,-35.0,reactivity_and_control,reactivity_and_control,0.8319430932765037,0.0,False,True,random,seed_20260921,random_or_blocked,3.0,True,True,high_gap_or_above_split_median,RI_LOCAC_SLBIC
RI_-4,RI,-4.0,reactivity_and_control,reactivity_and_control,0.8294024423294757,0.0,False,True,random,seed_20260921,random_or_blocked,2.0,True,True,high_gap_or_above_split_median,RI_LOCAC_SLBIC
RI_-8,RI,-8.0,reactivity_and_control,reactivity_and_control,0.7075310957288209,0.0,False,True,random,seed_20260921,random_or_blocked,1.0,True,True,high_gap_or_above_split_median,RI_LOCAC_SLBIC
SGATR_57,SGATR,57.0,steam_generator_tube_rupture,steam_generator_tube_rupture,0.9217624018683976,0.0,False,True,random,seed_20260921,random_or_blocked,2.0,False,True,high_gap_or_above_split_median,other_classes
SGATR_67,SGATR,67.0,steam_generator_tube_rupture,steam_generator_tube_rupture,0.9217624018683976,0.0,False,True,random,seed_20260921,random_or_blocked,1.0,False,True,high_gap_or_above_split_median,other_classes
SGATR_68,SGATR,68.0,steam_generator_tube_rupture,steam_generator_tube_rupture,0.9217624018683976,0.0,False,True,random,seed_20260921,random_or_blocked,1.0,False,True,high_gap_or_above_split_median,other_classes
SGATR_76,SGATR,76.0,steam_generator_tube_rupture,steam_generator_tube_rupture,0.9166062027547177,0.0,False,True,random,seed_20260921,random_or_blocked,1.0,False,True,high_gap_or_above_split_median,other_classes
SGATR_77,SGATR,77.0,steam_generator_tube_rupture,steam_generator_tube_rupture,0.9166062027547177,0.0,False,True,random,seed_20260921,random_or_blocked,2.0,False,True,high_gap_or_above_split_median,other_classes
SGATR_79,SGATR,79.0,steam_generator_tube_rupture,steam_generator_tube_rupture,0.9166062027547177,0.0,False,True,random,seed_20260921,random_or_blocked,1.0,False,True,high_gap_or_above_split_median,other_classes
SGATR_82,SGATR,82.0,steam_generator_tube_rupture,steam_generator_tube_rupture,0.9166062027547177,0.0,False,True,random,seed_20260921,random_or_blocked,1.0,False,True,high_gap_or_above_split_median,other_classes
SGATR_92,SGATR,92.0,steam_generator_tube_rupture,steam_generator_tube_rupture,0.9125503510793632,0.0,False,True,random,seed_20260921,random_or_blocked,1.0,False,True,high_gap_or_above_split_median,other_classes
SGATR_97,SGATR,97.0,steam_generator_tube_rupture,steam_generator_tube_rupture,0.9123605049152487,0.0,False,True,random,seed_20260921,random_or_blocked,1.0,False,True,high_gap_or_above_split_median,other_classes
SGBTR_100,SGBTR,100.0,steam_generator_tube_rupture,steam_generator_tube_rupture,0.9107228601998436,0.0,False,True,random,seed_20260921,random_or_blocked,1.0,False,True,high_gap_or_above_split_median,other_classes
SGBTR_109,SGBTR,109.0,steam_generator_tube_rupture,steam_generator_tube_rupture,0.7253849449090656,0.0,False,True,random,seed_20260921,random_or_blocked,1.0,False,True,high_gap_or_above_split_median,other_classes
SGBTR_57,SGBTR,57.0,steam_generator_tube_rupture,steam_generator_tube_rupture,0.9213364539035984,0.0,False,True,random,seed_20260921,random_or_blocked,3.0,False,True,high_gap_or_above_split_median,other_classes
SGBTR_59,SGBTR,59.0,steam_generator_tube_rupture,steam_generator_tube_rupture,0.9213364539035984,0.0,False,True,random,seed_20260921,random_or_blocked,1.0,False,True,high_gap_or_above_split_median,other_classes
SGBTR_65,SGBTR,65.0,steam_generator_tube_rupture,steam_generator_tube_rupture,0.9185808217007745,0.0,False,True,random,seed_20260921,random_or_blocked,1.0,False,True,high_gap_or_above_split_median,other_classes
SGBTR_75,SGBTR,75.0,steam_generator_tube_rupture,steam_generator_tube_rupture,0.9224867680009542,0.0,False,True,random,seed_20260921,random_or_blocked,1.0,False,True,high_gap_or_above_split_median,other_classes
SGBTR_81,SGBTR,81.0,steam_generator_tube_rupture,steam_generator_tube_rupture,0.9224764251833184,0.0,False,True,random,seed_20260921,random_or_blocked,1.0,False,True,high_gap_or_above_split_median,other_classes
SGBTR_83,SGBTR,83.0,steam_generator_tube_rupture,steam_generator_tube_rupture,0.9224707950971421,0.0,False,True,random,seed_20260921,random_or_blocked,1.0,False,True,high_gap_or_above_split_median,other_classes
SGBTR_85,SGBTR,85.0,steam_generator_tube_rupture,steam_generator_tube_rupture,0.9224707950971421,0.0,False,True,random,seed_20260921,random_or_blocked,1.0,False,True,high_gap_or_above_split_median,other_classes
SGBTR_91,SGBTR,91.0,steam_generator_tube_rupture,steam_generator_tube_rupture,0.9160493307400525,0.0,False,True,random,seed_20260921,random_or_blocked,1.0,False,True,high_gap_or_above_split_median,other_classes
SGBTR_95,SGBTR,95.0,steam_generator_tube_rupture,steam_generator_tube_rupture,0.9114935013024478,0.0,False,True,random,seed_20260921,random_or_blocked,1.0,False,True,high_gap_or_above_split_median,other_classes
SLBIC_16,SLBIC,16.0,steam_line_break,steam_line_break,0.6424780081935207,0.0,False,True,random,seed_20260921,random_or_blocked,1.0,True,True,high_gap_or_above_split_median,RI_LOCAC_SLBIC
SLBIC_18,SLBIC,18.0,steam_line_break,steam_line_break,0.6409982780693829,0.0,False,True,random,seed_20260921,random_or_blocked,1.0,True,True,high_gap_or_above_split_median,RI_LOCAC_SLBIC
SLBIC_22,SLBIC,22.0,steam_line_break,steam_line_break,0.7909649988926487,0.0,False,True,random,seed_20260921,random_or_blocked,1.0,True,True,high_gap_or_above_split_median,RI_LOCAC_SLBIC
SLBIC_27,SLBIC,27.0,steam_line_break,steam_line_break,0.8354489107196105,0.0,False,True,random,seed_20260921,random_or_blocked,1.0,True,True,high_gap_or_above_split_median,RI_LOCAC_SLBIC
SLBIC_31,SLBIC,31.0,steam_line_break,steam_line_break,0.8354489107196105,0.0,False,True,random,seed_20260921,random_or_blocked,1.0,True,True,high_gap_or_above_split_median,RI_LOCAC_SLBIC
SLBIC_34,SLBIC,34.0,steam_line_break,steam_line_break,0.8354489107196105,0.0,False,True,random,seed_20260921,random_or_blocked,2.0,True,True,high_gap_or_above_split_median,RI_LOCAC_SLBIC
SLBIC_35,SLBIC,35.0,steam_line_break,steam_line_break,0.8354489107196105,0.0,False,True,random,seed_20260921,random_or_blocked,1.0,True,True,high_gap_or_above_split_median,RI_LOCAC_SLBIC
SLBIC_37,SLBIC,37.0,steam_line_break,steam_line_break,0.8354489107196105,0.0,False,True,random,seed_20260921,random_or_blocked,1.0,True,True,high_gap_or_above_split_median,RI_LOCAC_SLBIC
SLBIC_42,SLBIC,42.0,steam_line_break,steam_line_break,0.9365832370991831,0.0,False,True,random,seed_20260921,random_or_blocked,1.0,True,True,high_gap_or_above_split_median,RI_LOCAC_SLBIC
SLBIC_44,SLBIC,44.0,steam_line_break,steam_line_break,0.9369981172529579,0.0,False,True,random,seed_20260921,random_or_blocked,1.0,True,True,high_gap_or_above_split_median,RI_LOCAC_SLBIC
SLBIC_55,SLBIC,55.0,steam_line_break,steam_line_break,0.9456341974219192,0.0,False,True,random,seed_20260921,random_or_blocked,1.0,True,True,high_gap_or_above_split_median,RI_LOCAC_SLBIC
SLBIC_57,SLBIC,57.0,steam_line_break,steam_line_break,0.9440488096992179,0.0,False,True,random,seed_20260921,random_or_blocked,1.0,True,True,high_gap_or_above_split_median,RI_LOCAC_SLBIC
SLBIC_63,SLBIC,63.0,steam_line_break,steam_line_break,0.9095224702188777,0.0,False,True,random,seed_20260921,random_or_blocked,1.0,True,True,high_gap_or_above_split_median,RI_LOCAC_SLBIC
SLBIC_66,SLBIC,66.0,steam_line_break,steam_line_break,0.9095224702188777,0.0,False,True,random,seed_20260921,random_or_blocked,4.0,True,True,high_gap_or_above_split_median,RI_LOCAC_SLBIC
SLBIC_67,SLBIC,67.0,steam_line_break,steam_line_break,0.9095224702188777,0.0,False,True,random,seed_20260921,random_or_blocked,3.0,True,True,high_gap_or_above_split_median,RI_LOCAC_SLBIC
SLBIC_68,SLBIC,68.0,steam_line_break,steam_line_break,0.9095224702188777,0.0,False,True,random,seed_20260921,random_or_blocked,2.0,True,True,high_gap_or_above_split_median,RI_LOCAC_SLBIC
SLBIC_74,SLBIC,74.0,steam_line_break,steam_line_break,0.9088459874852326,0.0,False,True,random,seed_20260921,random_or_blocked,1.0,True,True,high_gap_or_above_split_median,RI_LOCAC_SLBIC
SLBIC_90,SLBIC,90.0,steam_line_break,steam_line_break,0.8725170238812404,0.0,False,True,random,seed_20260921,random_or_blocked,2.0,True,True,high_gap_or_above_split_median,RI_LOCAC_SLBIC
FLB_13,FLB,13.0,feedwater_line_break,feedwater_line_break,0.9342605452463102,0.5,False,True,random,seed_20261930,random_or_blocked,1.0,False,True,high_gap_or_above_split_median,other_classes
FLB_15,FLB,15.0,feedwater_line_break,feedwater_line_break,0.9342605452463102,0.5,False,True,random,seed_20261930,random_or_blocked,1.0,False,True,high_gap_or_above_split_median,other_classes
FLB_17,FLB,17.0,feedwater_line_break,feedwater_line_break,0.9342605452463102,0.5,False,True,random,seed_20261930,random_or_blocked,1.0,False,True,high_gap_or_above_split_median,other_classes
FLB_20,FLB,20.0,feedwater_line_break,feedwater_line_break,0.9342605452463102,0.5,False,True,random,seed_20261930,random_or_blocked,1.0,False,True,high_gap_or_above_split_median,other_classes
FLB_23,FLB,23.0,feedwater_line_break,feedwater_line_break,0.9342605452463102,0.5,False,True,random,seed_20261930,random_or_blocked,1.0,False,True,high_gap_or_above_split_median,other_classes
FLB_30,FLB,30.0,feedwater_line_break,feedwater_line_break,0.9342605452463102,0.5,False,True,random,seed_20261930,random_or_blocked,1.0,False,True,high_gap_or_above_split_median,other_classes
FLB_33,FLB,33.0,feedwater_line_break,feedwater_line_break,0.9342605452463102,0.5,False,True,random,seed_20261930,random_or_blocked,1.0,False,True,high_gap_or_above_split_median,other_classes
FLB_35,FLB,35.0,feedwater_line_break,feedwater_line_break,0.9342605452463102,0.5,False,True,random,seed_20261930,random_or_blocked,2.0,False,True,high_gap_or_above_split_median,other_classes
FLB_36,FLB,36.0,feedwater_line_break,feedwater_line_break,0.9342605452463102,0.5,False,True,random,seed_20261930,random_or_blocked,1.0,False,True,high_gap_or_above_split_median,other_classes
FLB_42,FLB,42.0,feedwater_line_break,feedwater_line_break,0.9342605452463102,0.5,False,True,random,seed_20261930,random_or_blocked,1.0,False,True,high_gap_or_above_split_median,other_classes
FLB_44,FLB,44.0,feedwater_line_break,feedwater_line_break,0.9342605452463102,0.5,False,True,random,seed_20261930,random_or_blocked,1.0,False,True,high_gap_or_above_split_median,other_classes
FLB_49,FLB,49.0,feedwater_line_break,feedwater_line_break,0.9342605452463102,0.5,False,True,random,seed_20261930,random_or_blocked,1.0,False,True,high_gap_or_above_split_median,other_classes
FLB_5,FLB,5.0,feedwater_line_break,feedwater_line_break,0.9342605452463102,0.5,False,True,random,seed_20261930,random_or_blocked,1.0,False,True,high_gap_or_above_split_median,other_classes
FLB_56,FLB,56.0,feedwater_line_break,feedwater_line_break,0.9342605452463102,0.5,False,True,random,seed_20261930,random_or_blocked,1.0,False,True,high_gap_or_above_split_median,other_classes
FLB_6,FLB,6.0,feedwater_line_break,feedwater_line_break,0.9342605452463102,0.5,False,True,random,seed_20261930,random_or_blocked,2.0,False,True,high_gap_or_above_split_median,other_classes
FLB_68,FLB,68.0,feedwater_line_break,feedwater_line_break,0.9342605452463102,0.5,False,True,random,seed_20261930,random_or_blocked,1.0,False,True,high_gap_or_above_split_median,other_classes
FLB_76,FLB,76.0,feedwater_line_break,feedwater_line_break,0.9342605452463102,0.5,False,True,random,seed_20261930,random_or_blocked,1.0,False,True,high_gap_or_above_split_median,other_classes
FLB_78,FLB,78.0,feedwater_line_break,feedwater_line_break,0.9342605452463102,0.5,False,True,random,seed_20261930,random_or_blocked,1.0,False,True,high_gap_or_above_split_median,other_classes
FLB_9,FLB,9.0,feedwater_line_break,feedwater_line_break,0.9342605452463102,0.5,False,True,random,seed_20261930,random_or_blocked,1.0,False,True,high_gap_or_above_split_median,other_classes
FLB_97,FLB,97.0,feedwater_line_break,feedwater_line_break,0.9342605452463102,0.5,False,True,random,seed_20261930,random_or_blocked,1.0,False,True,high_gap_or_above_split_median,other_classes
LOCAC_10,LOCAC,10.0,primary_coolant_boundary_break,primary_coolant_boundary_break,0.9293885907574271,0.5,False,True,random,seed_20261930,random_or_blocked,2.0,True,True,high_gap_or_above_split_median,RI_LOCAC_SLBIC
LOCAC_11,LOCAC,11.0,primary_coolant_boundary_break,primary_coolant_boundary_break,0.9277366169079175,0.5,False,True,random,seed_20261930,random_or_blocked,1.0,True,True,high_gap_or_above_split_median,RI_LOCAC_SLBIC
LOCAC_13,LOCAC,13.0,primary_coolant_boundary_break,primary_coolant_boundary_break,0.9380637210198138,0.5,False,True,random,seed_20261930,random_or_blocked,1.0,True,True,high_gap_or_above_split_median,RI_LOCAC_SLBIC
LOCAC_16,LOCAC,16.0,primary_coolant_boundary_break,primary_coolant_boundary_break,0.9425813612094672,0.5,False,True,random,seed_20261930,random_or_blocked,1.0,True,True,high_gap_or_above_split_median,RI_LOCAC_SLBIC
LOCAC_17,LOCAC,17.0,primary_coolant_boundary_break,primary_coolant_boundary_break,0.9426926313500591,0.5,False,True,random,seed_20261930,random_or_blocked,2.0,True,True,high_gap_or_above_split_median,RI_LOCAC_SLBIC
LOCAC_20,LOCAC,20.0,primary_coolant_boundary_break,primary_coolant_boundary_break,0.9427994361879458,0.5,False,True,random,seed_20261930,random_or_blocked,1.0,True,True,high_gap_or_above_split_median,RI_LOCAC_SLBIC
LOCAC_22,LOCAC,22.0,primary_coolant_boundary_break,primary_coolant_boundary_break,0.9403356246253248,0.5,False,True,random,seed_20261930,random_or_blocked,1.0,True,True,high_gap_or_above_split_median,RI_LOCAC_SLBIC
LOCAC_26,LOCAC,26.0,primary_coolant_boundary_break,steam_line_break,0.9193974773102702,0.5,False,True,random,seed_20261930,random_or_blocked,1.0,True,True,high_gap_or_above_split_median,RI_LOCAC_SLBIC
LOCAC_3,LOCAC,3.0,primary_coolant_boundary_break,steam_generator_tube_rupture,0.390844828495229,0.5,True,False,random,seed_20261930,random_or_blocked,1.0,True,True,high_gap_or_above_split_median,RI_LOCAC_SLBIC
LOCAC_36,LOCAC,36.0,primary_coolant_boundary_break,primary_coolant_boundary_break,0.9427994361879458,0.5,False,True,random,seed_20261930,random_or_blocked,1.0,True,True,high_gap_or_above_split_median,RI_LOCAC_SLBIC
LOCAC_46,LOCAC,46.0,primary_coolant_boundary_break,primary_coolant_boundary_break,0.9427994361879458,0.5,False,True,random,seed_20261930,random_or_blocked,1.0,True,True,high_gap_or_above_split_median,RI_LOCAC_SLBIC
LOCAC_54,LOCAC,54.0,primary_coolant_boundary_break,primary_coolant_boundary_break,0.9397830122796414,0.5,False,True,random,seed_20261930,random_or_blocked,1.0,True,True,high_gap_or_above_split_median,RI_LOCAC_SLBIC
LOCAC_6,LOCAC,6.0,primary_coolant_boundary_break,primary_coolant_boundary_break,0.7727360407770679,0.5,False,True,random,seed_20261930,random_or_blocked,4.0,True,True,high_gap_or_above_split_median,RI_LOCAC_SLBIC
LOCAC_64,LOCAC,64.0,primary_coolant_boundary_break,primary_coolant_boundary_break,0.9419764921073763,0.5,False,True,random,seed_20261930,random_or_blocked,1.0,True,True,high_gap_or_above_split_median,RI_LOCAC_SLBIC
LOCAC_7,LOCAC,7.0,primary_coolant_boundary_break,primary_coolant_boundary_break,0.8421733885842199,0.5,False,True,random,seed_20261930,random_or_blocked,5.0,True,True,high_gap_or_above_split_median,RI_LOCAC_SLBIC
LOCAC_74,LOCAC,74.0,primary_coolant_boundary_break,primary_coolant_boundary_break,0.9414904649671133,0.5,False,True,random,seed_20261930,random_or_blocked,1.0,True,True,high_gap_or_above_split_median,RI_LOCAC_SLBIC
LOCA_1,LOCA,1.0,primary_coolant_boundary_break,primary_coolant_boundary_break,0.6117884680224146,0.5,False,True,random,seed_20261930,random_or_blocked,1.0,False,True,high_gap_or_above_split_median,other_classes
LOCA_3,LOCA,3.0,primary_coolant_boundary_break,steam_generator_tube_rupture,0.5342081883873822,0.5,False,True,random,seed_20261930,random_or_blocked,1.0,False,True,high_gap_or_above_split_median,other_classes
LOCA_33,LOCA,33.0,primary_coolant_boundary_break,primary_coolant_boundary_break,0.9408368497180271,0.5,False,True,random,seed_20261930,random_or_blocked,1.0,False,True,high_gap_or_above_split_median,other_classes
LOCA_35,LOCA,35.0,primary_coolant_boundary_break,primary_coolant_boundary_break,0.9403682957644002,0.5,False,True,random,seed_20261930,random_or_blocked,1.0,False,True,high_gap_or_above_split_median,other_classes
LOCA_37,LOCA,37.0,primary_coolant_boundary_break,primary_coolant_boundary_break,0.9399958237369689,0.5,False,True,random,seed_20261930,random_or_blocked,1.0,False,True,high_gap_or_above_split_median,other_classes
LOCA_38,LOCA,38.0,primary_coolant_boundary_break,primary_coolant_boundary_break,0.9398826810041352,0.5,False,True,random,seed_20261930,random_or_blocked,2.0,False,True,high_gap_or_above_split_median,other_classes
LOCA_39,LOCA,39.0,primary_coolant_boundary_break,primary_coolant_boundary_break,0.9389406687042237,0.5,False,True,random,seed_20261930,random_or_blocked,1.0,False,True,high_gap_or_above_split_median,other_classes
LOCA_42,LOCA,42.0,primary_coolant_boundary_break,primary_coolant_boundary_break,0.9378295495962995,0.5,False,True,random,seed_20261930,random_or_blocked,1.0,False,True,high_gap_or_above_split_median,other_classes
LOCA_47,LOCA,47.0,primary_coolant_boundary_break,primary_coolant_boundary_break,0.9371711350061486,0.5,False,True,random,seed_20261930,random_or_blocked,1.0,False,True,high_gap_or_above_split_median,other_classes
LOCA_50,LOCA,50.0,primary_coolant_boundary_break,primary_coolant_boundary_break,0.9366625566941763,0.5,False,True,random,seed_20261930,random_or_blocked,1.0,False,True,high_gap_or_above_split_median,other_classes
LOCA_51,LOCA,51.0,primary_coolant_boundary_break,primary_coolant_boundary_break,0.9366625566941763,0.5,False,True,random,seed_20261930,random_or_blocked,2.0,False,True,high_gap_or_above_split_median,other_classes
LOCA_59,LOCA,59.0,primary_coolant_boundary_break,primary_coolant_boundary_break,0.9364593691516022,0.5,False,True,random,seed_20261930,random_or_blocked,1.0,False,True,high_gap_or_above_split_median,other_classes
LOCA_63,LOCA,63.0,primary_coolant_boundary_break,primary_coolant_boundary_break,0.9364593691516022,0.5,False,True,random,seed_20261930,random_or_blocked,2.0,False,True,high_gap_or_above_split_median,other_classes
LOCA_64,LOCA,64.0,primary_coolant_boundary_break,primary_coolant_boundary_break,0.9363360690375274,0.5,False,True,random,seed_20261930,random_or_blocked,1.0,False,True,high_gap_or_above_split_median,other_classes
LOCA_9,LOCA,9.0,primary_coolant_boundary_break,primary_coolant_boundary_break,0.9390980520872041,0.5,False,True,random,seed_20261930,random_or_blocked,1.0,False,True,high_gap_or_above_split_median,other_classes
LR_73,LR,73.0,turbine_and_load_transient,turbine_and_load_transient,0.9201923949314983,0.5,False,True,random,seed_20261930,random_or_blocked,1.0,False,True,high_gap_or_above_split_median,other_classes
LR_85,LR,85.0,turbine_and_load_transient,turbine_and_load_transient,0.9306003133184744,0.5,False,True,random,seed_20261930,random_or_blocked,1.0,False,True,high_gap_or_above_split_median,other_classes
LR_89,LR,89.0,turbine_and_load_transient,turbine_and_load_transient,0.9159708309114828,0.5,False,True,random,seed_20261930,random_or_blocked,1.0,False,True,high_gap_or_above_split_median,other_classes
LR_93,LR,93.0,turbine_and_load_transient,turbine_and_load_transient,0.8721842780985795,0.5,False,True,random,seed_20261930,random_or_blocked,2.0,False,True,high_gap_or_above_split_median,other_classes
LR_99,LR,99.0,turbine_and_load_transient,turbine_and_load_transient,0.9296408077403662,0.5,False,True,random,seed_20261930,random_or_blocked,1.0,False,True,high_gap_or_above_split_median,other_classes
RI_-10,RI,-10.0,reactivity_and_control,reactivity_and_control,0.9344877126108277,0.5,False,True,random,seed_20261930,random_or_blocked,1.0,True,True,high_gap_or_above_split_median,RI_LOCAC_SLBIC
RI_-14,RI,-14.0,reactivity_and_control,reactivity_and_control,0.9406512256142422,0.5,False,True,random,seed_20261930,random_or_blocked,1.0,True,True,high_gap_or_above_split_median,RI_LOCAC_SLBIC
RI_-15,RI,-15.0,reactivity_and_control,reactivity_and_control,0.9409017691015737,0.5,False,True,random,seed_20261930,random_or_blocked,1.0,True,True,high_gap_or_above_split_median,RI_LOCAC_SLBIC
RI_-3,RI,-3.0,reactivity_and_control,reactivity_and_control,0.7650081209386664,0.5,False,True,random,seed_20261930,random_or_blocked,1.0,True,True,high_gap_or_above_split_median,RI_LOCAC_SLBIC
RI_-31,RI,-31.0,reactivity_and_control,reactivity_and_control,0.9401883334977699,0.5,False,True,random,seed_20261930,random_or_blocked,1.0,True,True,high_gap_or_above_split_median,RI_LOCAC_SLBIC
RI_-33,RI,-33.0,reactivity_and_control,reactivity_and_control,0.9400822389938153,0.5,False,True,random,seed_20261930,random_or_blocked,3.0,True,True,high_gap_or_above_split_median,RI_LOCAC_SLBIC
RI_-6,RI,-6.0,reactivity_and_control,reactivity_and_control,0.8282287945048895,0.5,False,True,random,seed_20261930,random_or_blocked,1.0,True,True,high_gap_or_above_split_median,RI_LOCAC_SLBIC
SGATR_100,SGATR,100.0,steam_generator_tube_rupture,steam_generator_tube_rupture,0.9316421798671751,0.5,False,True,random,seed_20261930,random_or_blocked,5.0,False,True,high_gap_or_above_split_median,other_classes
SGATR_59,SGATR,59.0,steam_generator_tube_rupture,steam_generator_tube_rupture,0.9246120904307158,0.5,False,True,random,seed_20261930,random_or_blocked,1.0,False,True,high_gap_or_above_split_median,other_classes
SGATR_60,SGATR,60.0,steam_generator_tube_rupture,steam_generator_tube_rupture,0.9298368788728021,0.5,False,True,random,seed_20261930,random_or_blocked,1.0,False,True,high_gap_or_above_split_median,other_classes
SGATR_62,SGATR,62.0,steam_generator_tube_rupture,steam_generator_tube_rupture,0.9330492590875281,0.5,False,True,random,seed_20261930,random_or_blocked,1.0,False,True,high_gap_or_above_split_median,other_classes
SGATR_80,SGATR,80.0,steam_generator_tube_rupture,steam_generator_tube_rupture,0.934977548468468,0.5,False,True,random,seed_20261930,random_or_blocked,1.0,False,True,high_gap_or_above_split_median,other_classes
SGATR_84,SGATR,84.0,steam_generator_tube_rupture,steam_generator_tube_rupture,0.934977548468468,0.5,False,True,random,seed_20261930,random_or_blocked,1.0,False,True,high_gap_or_above_split_median,other_classes
SGATR_88,SGATR,88.0,steam_generator_tube_rupture,steam_generator_tube_rupture,0.9355876782083192,0.5,False,True,random,seed_20261930,random_or_blocked,1.0,False,True,high_gap_or_above_split_median,other_classes
SGATR_96,SGATR,96.0,steam_generator_tube_rupture,steam_generator_tube_rupture,0.9334611603528884,0.5,False,True,random,seed_20261930,random_or_blocked,1.0,False,True,high_gap_or_above_split_median,other_classes
SGATR_99,SGATR,99.0,steam_generator_tube_rupture,steam_generator_tube_rupture,0.9319907968197373,0.5,False,True,random,seed_20261930,random_or_blocked,4.0,False,True,high_gap_or_above_split_median,other_classes
SGBTR_100,SGBTR,100.0,steam_generator_tube_rupture,steam_generator_tube_rupture,0.935829710441176,0.5,False,True,random,seed_20261930,random_or_blocked,1.0,False,True,high_gap_or_above_split_median,other_classes
SGBTR_102,SGBTR,102.0,steam_generator_tube_rupture,steam_generator_tube_rupture,0.9357520394296276,0.5,False,True,random,seed_20261930,random_or_blocked,1.0,False,True,high_gap_or_above_split_median,other_classes
SGBTR_105,SGBTR,105.0,steam_generator_tube_rupture,steam_generator_tube_rupture,0.9340865726048675,0.5,False,True,random,seed_20261930,random_or_blocked,1.0,False,True,high_gap_or_above_split_median,other_classes
SGBTR_107,SGBTR,107.0,steam_generator_tube_rupture,steam_generator_tube_rupture,0.8764503034134323,0.5,False,True,random,seed_20261930,random_or_blocked,1.0,False,True,high_gap_or_above_split_median,other_classes
SGBTR_57,SGBTR,57.0,steam_generator_tube_rupture,steam_generator_tube_rupture,0.8533381513511687,0.5,False,True,random,seed_20261930,random_or_blocked,2.0,False,True,high_gap_or_above_split_median,other_classes
SGBTR_58,SGBTR,58.0,steam_generator_tube_rupture,steam_generator_tube_rupture,0.9078392965414045,0.5,False,True,random,seed_20261930,random_or_blocked,1.0,False,True,high_gap_or_above_split_median,other_classes
SGBTR_66,SGBTR,66.0,steam_generator_tube_rupture,steam_generator_tube_rupture,0.9321783733610979,0.5,False,True,random,seed_20261930,random_or_blocked,1.0,False,True,high_gap_or_above_split_median,other_classes
SGBTR_76,SGBTR,76.0,steam_generator_tube_rupture,steam_generator_tube_rupture,0.9360216003529364,0.5,False,True,random,seed_20261930,random_or_blocked,1.0,False,True,high_gap_or_above_split_median,other_classes
SGBTR_81,SGBTR,81.0,steam_generator_tube_rupture,steam_generator_tube_rupture,0.9360216003529364,0.5,False,True,random,seed_20261930,random_or_blocked,1.0,False,True,high_gap_or_above_split_median,other_classes
SGBTR_84,SGBTR,84.0,steam_generator_tube_rupture,steam_generator_tube_rupture,0.9361861682811127,0.5,False,True,random,seed_20261930,random_or_blocked,1.0,False,True,high_gap_or_above_split_median,other_classes
SGBTR_90,SGBTR,90.0,steam_generator_tube_rupture,steam_generator_tube_rupture,0.9361861682811127,0.5,False,True,random,seed_20261930,random_or_blocked,1.0,False,True,high_gap_or_above_split_median,other_classes
SLBIC_14,SLBIC,14.0,steam_line_break,steam_line_break,0.8809579901713056,0.5,False,True,random,seed_20261930,random_or_blocked,1.0,True,True,high_gap_or_above_split_median,RI_LOCAC_SLBIC
SLBIC_31,SLBIC,31.0,steam_line_break,steam_line_break,0.9245480483258972,0.5,False,True,random,seed_20261930,random_or_blocked,1.0,True,True,high_gap_or_above_split_median,RI_LOCAC_SLBIC
SLBIC_35,SLBIC,35.0,steam_line_break,steam_line_break,0.930653610649863,0.5,False,True,random,seed_20261930,random_or_blocked,1.0,True,True,high_gap_or_above_split_median,RI_LOCAC_SLBIC
SLBIC_37,SLBIC,37.0,steam_line_break,steam_line_break,0.9317594269753701,0.5,False,True,random,seed_20261930,random_or_blocked,1.0,True,True,high_gap_or_above_split_median,RI_LOCAC_SLBIC
SLBIC_39,SLBIC,39.0,steam_line_break,steam_line_break,0.9332706804701639,0.5,False,True,random,seed_20261930,random_or_blocked,2.0,True,True,high_gap_or_above_split_median,RI_LOCAC_SLBIC
SLBIC_40,SLBIC,40.0,steam_line_break,steam_line_break,0.9332058430927068,0.5,False,True,random,seed_20261930,random_or_blocked,1.0,True,True,high_gap_or_above_split_median,RI_LOCAC_SLBIC
SLBIC_53,SLBIC,53.0,steam_line_break,steam_line_break,0.9349330242992282,0.5,False,True,random,seed_20261930,random_or_blocked,1.0,True,True,high_gap_or_above_split_median,RI_LOCAC_SLBIC
SLBIC_55,SLBIC,55.0,steam_line_break,steam_line_break,0.9349330242992282,0.5,False,True,random,seed_20261930,random_or_blocked,1.0,True,True,high_gap_or_above_split_median,RI_LOCAC_SLBIC
SLBIC_62,SLBIC,62.0,steam_line_break,steam_line_break,0.9348662387765085,0.5,False,True,random,seed_20261930,random_or_blocked,1.0,True,True,high_gap_or_above_split_median,RI_LOCAC_SLBIC
SLBIC_73,SLBIC,73.0,steam_line_break,steam_line_break,0.9343537032267629,0.5,False,True,random,seed_20261930,random_or_blocked,1.0,True,True,high_gap_or_above_split_median,RI_LOCAC_SLBIC
SLBIC_75,SLBIC,75.0,steam_line_break,steam_line_break,0.9339026258056328,0.5,False,True,random,seed_20261930,random_or_blocked,1.0,True,True,high_gap_or_above_split_median,RI_LOCAC_SLBIC
SLBIC_78,SLBIC,78.0,steam_line_break,steam_line_break,0.9339026258056328,0.5,False,True,random,seed_20261930,random_or_blocked,1.0,True,True,high_gap_or_above_split_median,RI_LOCAC_SLBIC
SLBIC_84,SLBIC,84.0,steam_line_break,steam_line_break,0.9329077150313142,0.5,False,True,random,seed_20261930,random_or_blocked,1.0,True,True,high_gap_or_above_split_median,RI_LOCAC_SLBIC
SLBIC_86,SLBIC,86.0,steam_line_break,steam_line_break,0.9328321328367478,0.5,False,True,random,seed_20261930,random_or_blocked,1.0,True,True,high_gap_or_above_split_median,RI_LOCAC_SLBIC
SLBIC_88,SLBIC,88.0,steam_line_break,steam_line_break,0.9327631512306703,0.5,False,True,random,seed_20261930,random_or_blocked,1.0,True,True,high_gap_or_above_split_median,RI_LOCAC_SLBIC
SLBIC_90,SLBIC,90.0,steam_line_break,steam_line_break,0.9325822070578287,0.5,False,True,random,seed_20261930,random_or_blocked,1.0,True,True,high_gap_or_above_split_median,RI_LOCAC_SLBIC
SLBIC_91,SLBIC,91.0,steam_line_break,steam_line_break,0.9326605495025208,0.5,False,True,random,seed_20261930,random_or_blocked,2.0,True,True,high_gap_or_above_split_median,RI_LOCAC_SLBIC
SLBIC_96,SLBIC,96.0,steam_line_break,steam_line_break,0.9328967526413623,0.5,False,True,random,seed_20261930,random_or_blocked,1.0,True,True,high_gap_or_above_split_median,RI_LOCAC_SLBIC
FLB_10,FLB,10.0,feedwater_line_break,feedwater_line_break,0.8925148637694514,0.0,False,True,random,seed_20262939,random_or_blocked,1.0,False,True,high_gap_or_above_split_median,other_classes
FLB_100,FLB,100.0,feedwater_line_break,feedwater_line_break,0.8925148637694514,0.0,False,True,random,seed_20262939,random_or_blocked,3.0,False,True,high_gap_or_above_split_median,other_classes
FLB_14,FLB,14.0,feedwater_line_break,feedwater_line_break,0.8925148637694514,0.0,False,True,random,seed_20262939,random_or_blocked,1.0,False,True,high_gap_or_above_split_median,other_classes
FLB_18,FLB,18.0,feedwater_line_break,feedwater_line_break,0.8925148637694514,0.0,False,True,random,seed_20262939,random_or_blocked,2.0,False,True,high_gap_or_above_split_median,other_classes
FLB_19,FLB,19.0,feedwater_line_break,feedwater_line_break,0.8925148637694514,0.0,False,True,random,seed_20262939,random_or_blocked,1.0,False,True,high_gap_or_above_split_median,other_classes
FLB_27,FLB,27.0,feedwater_line_break,feedwater_line_break,0.8925148637694514,0.0,False,True,random,seed_20262939,random_or_blocked,1.0,False,True,high_gap_or_above_split_median,other_classes
FLB_5,FLB,5.0,feedwater_line_break,feedwater_line_break,0.8925148637694514,0.0,False,True,random,seed_20262939,random_or_blocked,2.0,False,True,high_gap_or_above_split_median,other_classes
FLB_50,FLB,50.0,feedwater_line_break,feedwater_line_break,0.8925148637694514,0.0,False,True,random,seed_20262939,random_or_blocked,1.0,False,True,high_gap_or_above_split_median,other_classes
FLB_54,FLB,54.0,feedwater_line_break,feedwater_line_break,0.8925148637694514,0.0,False,True,random,seed_20262939,random_or_blocked,1.0,False,True,high_gap_or_above_split_median,other_classes
FLB_55,FLB,55.0,feedwater_line_break,feedwater_line_break,0.8925148637694514,0.0,False,True,random,seed_20262939,random_or_blocked,2.0,False,True,high_gap_or_above_split_median,other_classes
FLB_56,FLB,56.0,feedwater_line_break,feedwater_line_break,0.8925148637694514,0.0,False,True,random,seed_20262939,random_or_blocked,2.0,False,True,high_gap_or_above_split_median,other_classes
FLB_6,FLB,6.0,feedwater_line_break,feedwater_line_break,0.8925148637694514,0.0,False,True,random,seed_20262939,random_or_blocked,1.0,False,True,high_gap_or_above_split_median,other_classes
FLB_62,FLB,62.0,feedwater_line_break,feedwater_line_break,0.8925148637694514,0.0,False,True,random,seed_20262939,random_or_blocked,2.0,False,True,high_gap_or_above_split_median,other_classes
FLB_71,FLB,71.0,feedwater_line_break,feedwater_line_break,0.8925148637694514,0.0,False,True,random,seed_20262939,random_or_blocked,2.0,False,True,high_gap_or_above_split_median,other_classes
FLB_72,FLB,72.0,feedwater_line_break,feedwater_line_break,0.8925148637694514,0.0,False,True,random,seed_20262939,random_or_blocked,1.0,False,True,high_gap_or_above_split_median,other_classes
FLB_78,FLB,78.0,feedwater_line_break,feedwater_line_break,0.8925148637694514,0.0,False,True,random,seed_20262939,random_or_blocked,1.0,False,True,high_gap_or_above_split_median,other_classes
FLB_82,FLB,82.0,feedwater_line_break,feedwater_line_break,0.8925148637694514,0.0,False,True,random,seed_20262939,random_or_blocked,1.0,False,True,high_gap_or_above_split_median,other_classes
FLB_85,FLB,85.0,feedwater_line_break,feedwater_line_break,0.8925148637694514,0.0,False,True,random,seed_20262939,random_or_blocked,2.0,False,True,high_gap_or_above_split_median,other_classes
FLB_90,FLB,90.0,feedwater_line_break,feedwater_line_break,0.8925148637694514,0.0,False,True,random,seed_20262939,random_or_blocked,1.0,False,True,high_gap_or_above_split_median,other_classes
FLB_96,FLB,96.0,feedwater_line_break,feedwater_line_break,0.8925148637694514,0.0,False,True,random,seed_20262939,random_or_blocked,1.0,False,True,high_gap_or_above_split_median,other_classes
LOCAC_11,LOCAC,11.0,primary_coolant_boundary_break,primary_coolant_boundary_break,0.6767114614588864,0.0,False,True,random,seed_20262939,random_or_blocked,1.0,True,True,high_gap_or_above_split_median,RI_LOCAC_SLBIC
LOCAC_15,LOCAC,15.0,primary_coolant_boundary_break,primary_coolant_boundary_break,0.8767302507181476,0.0,False,True,random,seed_20262939,random_or_blocked,3.0,True,True,high_gap_or_above_split_median,RI_LOCAC_SLBIC
LOCAC_2,LOCAC,2.0,primary_coolant_boundary_break,primary_coolant_boundary_break,0.9008631646906339,0.0,False,True,random,seed_20262939,random_or_blocked,1.0,True,True,high_gap_or_above_split_median,RI_LOCAC_SLBIC
LOCAC_21,LOCAC,21.0,primary_coolant_boundary_break,primary_coolant_boundary_break,0.907827168047945,0.0,False,True,random,seed_20262939,random_or_blocked,1.0,True,True,high_gap_or_above_split_median,RI_LOCAC_SLBIC
LOCAC_26,LOCAC,26.0,primary_coolant_boundary_break,steam_line_break,0.8265185372453225,0.0,False,True,random,seed_20262939,random_or_blocked,1.0,True,True,high_gap_or_above_split_median,RI_LOCAC_SLBIC
LOCAC_27,LOCAC,27.0,primary_coolant_boundary_break,primary_coolant_boundary_break,0.907827168047945,0.0,False,True,random,seed_20262939,random_or_blocked,1.0,True,True,high_gap_or_above_split_median,RI_LOCAC_SLBIC
LOCAC_29,LOCAC,29.0,primary_coolant_boundary_break,primary_coolant_boundary_break,0.9076819102022667,0.0,False,True,random,seed_20262939,random_or_blocked,1.0,True,True,high_gap_or_above_split_median,RI_LOCAC_SLBIC
LOCAC_32,LOCAC,32.0,primary_coolant_boundary_break,primary_coolant_boundary_break,0.9076819102022667,0.0,False,True,random,seed_20262939,random_or_blocked,1.0,True,True,high_gap_or_above_split_median,RI_LOCAC_SLBIC
LOCAC_34,LOCAC,34.0,primary_coolant_boundary_break,primary_coolant_boundary_break,0.9076819102022667,0.0,False,True,random,seed_20262939,random_or_blocked,1.0,True,True,high_gap_or_above_split_median,RI_LOCAC_SLBIC
LOCAC_36,LOCAC,36.0,primary_coolant_boundary_break,primary_coolant_boundary_break,0.9077663493953542,0.0,False,True,random,seed_20262939,random_or_blocked,2.0,True,True,high_gap_or_above_split_median,RI_LOCAC_SLBIC
LOCAC_41,LOCAC,41.0,primary_coolant_boundary_break,primary_coolant_boundary_break,0.9076819102022667,0.0,False,True,random,seed_20262939,random_or_blocked,1.0,True,True,high_gap_or_above_split_median,RI_LOCAC_SLBIC
LOCAC_44,LOCAC,44.0,primary_coolant_boundary_break,primary_coolant_boundary_break,0.9077663493953542,0.0,False,True,random,seed_20262939,random_or_blocked,1.0,True,True,high_gap_or_above_split_median,RI_LOCAC_SLBIC
LOCAC_6,LOCAC,6.0,primary_coolant_boundary_break,primary_coolant_boundary_break,0.863859629108295,0.0,False,True,random,seed_20262939,random_or_blocked,1.0,True,True,high_gap_or_above_split_median,RI_LOCAC_SLBIC
LOCAC_61,LOCAC,61.0,primary_coolant_boundary_break,primary_coolant_boundary_break,0.9038890181358231,0.0,False,True,random,seed_20262939,random_or_blocked,1.0,True,True,high_gap_or_above_split_median,RI_LOCAC_SLBIC
LOCAC_65,LOCAC,65.0,primary_coolant_boundary_break,primary_coolant_boundary_break,0.9038890181358231,0.0,False,True,random,seed_20262939,random_or_blocked,1.0,True,True,high_gap_or_above_split_median,RI_LOCAC_SLBIC
LOCAC_75,LOCAC,75.0,primary_coolant_boundary_break,primary_coolant_boundary_break,0.8978278529144315,0.0,False,True,random,seed_20262939,random_or_blocked,1.0,True,True,high_gap_or_above_split_median,RI_LOCAC_SLBIC
LOCA_13,LOCA,13.0,primary_coolant_boundary_break,primary_coolant_boundary_break,0.9109944283352378,0.0,False,True,random,seed_20262939,random_or_blocked,1.0,False,True,high_gap_or_above_split_median,other_classes
LOCA_2,LOCA,2.0,primary_coolant_boundary_break,primary_coolant_boundary_break,0.8906115071571236,0.0,False,True,random,seed_20262939,random_or_blocked,1.0,False,True,high_gap_or_above_split_median,other_classes
LOCA_24,LOCA,24.0,primary_coolant_boundary_break,primary_coolant_boundary_break,0.9106327547085727,0.0,False,True,random,seed_20262939,random_or_blocked,1.0,False,True,high_gap_or_above_split_median,other_classes
LOCA_28,LOCA,28.0,primary_coolant_boundary_break,primary_coolant_boundary_break,0.9103373487096649,0.0,False,True,random,seed_20262939,random_or_blocked,1.0,False,True,high_gap_or_above_split_median,other_classes
LOCA_3,LOCA,3.0,primary_coolant_boundary_break,primary_coolant_boundary_break,0.8903672013295836,0.0,False,True,random,seed_20262939,random_or_blocked,1.0,False,True,high_gap_or_above_split_median,other_classes
LOCA_32,LOCA,32.0,primary_coolant_boundary_break,primary_coolant_boundary_break,0.9094033678710357,0.0,False,True,random,seed_20262939,random_or_blocked,1.0,False,True,high_gap_or_above_split_median,other_classes
LOCA_37,LOCA,37.0,primary_coolant_boundary_break,primary_coolant_boundary_break,0.9091431863523531,0.0,False,True,random,seed_20262939,random_or_blocked,1.0,False,True,high_gap_or_above_split_median,other_classes
LOCA_47,LOCA,47.0,primary_coolant_boundary_break,primary_coolant_boundary_break,0.907915143277227,0.0,False,True,random,seed_20262939,random_or_blocked,1.0,False,True,high_gap_or_above_split_median,other_classes
LOCA_5,LOCA,5.0,primary_coolant_boundary_break,primary_coolant_boundary_break,0.9067994077561288,0.0,False,True,random,seed_20262939,random_or_blocked,1.0,False,True,high_gap_or_above_split_median,other_classes
LOCA_66,LOCA,66.0,primary_coolant_boundary_break,primary_coolant_boundary_break,0.9062506836879088,0.0,False,True,random,seed_20262939,random_or_blocked,1.0,False,True,high_gap_or_above_split_median,other_classes
LOCA_67,LOCA,67.0,primary_coolant_boundary_break,primary_coolant_boundary_break,0.9062506836879088,0.0,False,True,random,seed_20262939,random_or_blocked,2.0,False,True,high_gap_or_above_split_median,other_classes
LOCA_69,LOCA,69.0,primary_coolant_boundary_break,primary_coolant_boundary_break,0.906291396046364,0.0,False,True,random,seed_20262939,random_or_blocked,2.0,False,True,high_gap_or_above_split_median,other_classes
LOCA_70,LOCA,70.0,primary_coolant_boundary_break,primary_coolant_boundary_break,0.9058679243160552,0.0,False,True,random,seed_20262939,random_or_blocked,1.0,False,True,high_gap_or_above_split_median,other_classes
LOCA_76,LOCA,76.0,primary_coolant_boundary_break,primary_coolant_boundary_break,0.9026861087910873,0.0,False,True,random,seed_20262939,random_or_blocked,1.0,False,True,high_gap_or_above_split_median,other_classes
LOCA_9,LOCA,9.0,primary_coolant_boundary_break,primary_coolant_boundary_break,0.9109575400610643,0.0,False,True,random,seed_20262939,random_or_blocked,1.0,False,True,high_gap_or_above_split_median,other_classes
LR_73,LR,73.0,turbine_and_load_transient,turbine_and_load_transient,0.885205468273464,0.0,False,True,random,seed_20262939,random_or_blocked,2.0,False,True,high_gap_or_above_split_median,other_classes
LR_78,LR,78.0,turbine_and_load_transient,turbine_and_load_transient,0.885205468273464,0.0,False,True,random,seed_20262939,random_or_blocked,1.0,False,True,high_gap_or_above_split_median,other_classes
LR_83,LR,83.0,turbine_and_load_transient,turbine_and_load_transient,0.885205468273464,0.0,False,True,random,seed_20262939,random_or_blocked,1.0,False,True,high_gap_or_above_split_median,other_classes
LR_86,LR,86.0,turbine_and_load_transient,turbine_and_load_transient,0.8850153915523103,0.0,False,True,random,seed_20262939,random_or_blocked,1.0,False,True,high_gap_or_above_split_median,other_classes
LR_96,LR,96.0,turbine_and_load_transient,turbine_and_load_transient,0.885205468273464,0.0,False,True,random,seed_20262939,random_or_blocked,1.0,False,True,high_gap_or_above_split_median,other_classes
RI_-14,RI,-14.0,reactivity_and_control,reactivity_and_control,0.8454641706570605,0.0,False,True,random,seed_20262939,random_or_blocked,1.0,True,True,high_gap_or_above_split_median,RI_LOCAC_SLBIC
RI_-16,RI,-16.0,reactivity_and_control,reactivity_and_control,0.8393610591947833,0.0,False,True,random,seed_20262939,random_or_blocked,1.0,True,True,high_gap_or_above_split_median,RI_LOCAC_SLBIC
RI_-21,RI,-21.0,reactivity_and_control,reactivity_and_control,0.8379910900610508,0.0,False,True,random,seed_20262939,random_or_blocked,1.0,True,True,high_gap_or_above_split_median,RI_LOCAC_SLBIC
RI_-29,RI,-29.0,reactivity_and_control,reactivity_and_control,0.8405269323384759,0.0,False,True,random,seed_20262939,random_or_blocked,2.0,True,True,high_gap_or_above_split_median,RI_LOCAC_SLBIC
RI_-3,RI,-3.0,reactivity_and_control,reactivity_and_control,0.8286755900901327,0.0,False,True,random,seed_20262939,random_or_blocked,1.0,True,True,high_gap_or_above_split_median,RI_LOCAC_SLBIC
RI_-30,RI,-30.0,reactivity_and_control,reactivity_and_control,0.8405269323384759,0.0,False,True,random,seed_20262939,random_or_blocked,1.0,True,True,high_gap_or_above_split_median,RI_LOCAC_SLBIC
RI_-8,RI,-8.0,reactivity_and_control,reactivity_and_control,0.8286059832242413,0.0,False,True,random,seed_20262939,random_or_blocked,1.0,True,True,high_gap_or_above_split_median,RI_LOCAC_SLBIC
SGATR_100,SGATR,100.0,steam_generator_tube_rupture,steam_generator_tube_rupture,0.9005348427441917,0.0,False,True,random,seed_20262939,random_or_blocked,1.0,False,True,high_gap_or_above_split_median,other_classes
SGATR_61,SGATR,61.0,steam_generator_tube_rupture,steam_generator_tube_rupture,0.9010237713857906,0.0,False,True,random,seed_20262939,random_or_blocked,1.0,False,True,high_gap_or_above_split_median,other_classes
SGATR_66,SGATR,66.0,steam_generator_tube_rupture,steam_generator_tube_rupture,0.9010237713857906,0.0,False,True,random,seed_20262939,random_or_blocked,1.0,False,True,high_gap_or_above_split_median,other_classes
SGATR_77,SGATR,77.0,steam_generator_tube_rupture,steam_generator_tube_rupture,0.9054842805255632,0.0,False,True,random,seed_20262939,random_or_blocked,1.0,False,True,high_gap_or_above_split_median,other_classes
SGATR_79,SGATR,79.0,steam_generator_tube_rupture,steam_generator_tube_rupture,0.9054842805255632,0.0,False,True,random,seed_20262939,random_or_blocked,1.0,False,True,high_gap_or_above_split_median,other_classes
SGATR_83,SGATR,83.0,steam_generator_tube_rupture,steam_generator_tube_rupture,0.9054842805255632,0.0,False,True,random,seed_20262939,random_or_blocked,1.0,False,True,high_gap_or_above_split_median,other_classes
SGATR_85,SGATR,85.0,steam_generator_tube_rupture,steam_generator_tube_rupture,0.9052321070082638,0.0,False,True,random,seed_20262939,random_or_blocked,1.0,False,True,high_gap_or_above_split_median,other_classes
SGATR_93,SGATR,93.0,steam_generator_tube_rupture,steam_generator_tube_rupture,0.9020929904793938,0.0,False,True,random,seed_20262939,random_or_blocked,1.0,False,True,high_gap_or_above_split_median,other_classes
SGATR_95,SGATR,95.0,steam_generator_tube_rupture,steam_generator_tube_rupture,0.9020929904793938,0.0,False,True,random,seed_20262939,random_or_blocked,1.0,False,True,high_gap_or_above_split_median,other_classes
SGBTR_59,SGBTR,59.0,steam_generator_tube_rupture,steam_generator_tube_rupture,0.912165828874425,0.0,False,True,random,seed_20262939,random_or_blocked,1.0,False,True,high_gap_or_above_split_median,other_classes
SGBTR_62,SGBTR,62.0,steam_generator_tube_rupture,steam_generator_tube_rupture,0.9120175081922811,0.0,False,True,random,seed_20262939,random_or_blocked,1.0,False,True,high_gap_or_above_split_median,other_classes
SGBTR_70,SGBTR,70.0,steam_generator_tube_rupture,steam_generator_tube_rupture,0.910242904599866,0.0,False,True,random,seed_20262939,random_or_blocked,1.0,False,True,high_gap_or_above_split_median,other_classes
SGBTR_75,SGBTR,75.0,steam_generator_tube_rupture,steam_generator_tube_rupture,0.910242904599866,0.0,False,True,random,seed_20262939,random_or_blocked,1.0,False,True,high_gap_or_above_split_median,other_classes
SGBTR_76,SGBTR,76.0,steam_generator_tube_rupture,steam_generator_tube_rupture,0.910242904599866,0.0,False,True,random,seed_20262939,random_or_blocked,2.0,False,True,high_gap_or_above_split_median,other_classes
SGBTR_77,SGBTR,77.0,steam_generator_tube_rupture,steam_generator_tube_rupture,0.910242904599866,0.0,False,True,random,seed_20262939,random_or_blocked,1.0,False,True,high_gap_or_above_split_median,other_classes
SGBTR_79,SGBTR,79.0,steam_generator_tube_rupture,steam_generator_tube_rupture,0.910242904599866,0.0,False,True,random,seed_20262939,random_or_blocked,1.0,False,True,high_gap_or_above_split_median,other_classes
SGBTR_81,SGBTR,81.0,steam_generator_tube_rupture,steam_generator_tube_rupture,0.910242904599866,0.0,False,True,random,seed_20262939,random_or_blocked,1.0,False,True,high_gap_or_above_split_median,other_classes
SGBTR_86,SGBTR,86.0,steam_generator_tube_rupture,steam_generator_tube_rupture,0.909995527049932,0.0,False,True,random,seed_20262939,random_or_blocked,1.0,False,True,high_gap_or_above_split_median,other_classes
SGBTR_89,SGBTR,89.0,steam_generator_tube_rupture,steam_generator_tube_rupture,0.9044354159266116,0.0,False,True,random,seed_20262939,random_or_blocked,1.0,False,True,high_gap_or_above_split_median,other_classes
SGBTR_96,SGBTR,96.0,steam_generator_tube_rupture,steam_generator_tube_rupture,0.9036559211203216,0.0,False,True,random,seed_20262939,random_or_blocked,1.0,False,True,high_gap_or_above_split_median,other_classes
SLBIC_100,SLBIC,100.0,steam_line_break,steam_line_break,0.7848209448612046,0.0,False,True,random,seed_20262939,random_or_blocked,1.0,True,True,high_gap_or_above_split_median,RI_LOCAC_SLBIC
SLBIC_14,SLBIC,14.0,steam_line_break,steam_line_break,0.6303518289378918,0.0,False,True,random,seed_20262939,random_or_blocked,1.0,True,True,high_gap_or_above_split_median,RI_LOCAC_SLBIC
SLBIC_18,SLBIC,18.0,steam_line_break,steam_line_break,0.6560755229978168,0.0,False,True,random,seed_20262939,random_or_blocked,1.0,True,True,high_gap_or_above_split_median,RI_LOCAC_SLBIC
SLBIC_23,SLBIC,23.0,steam_line_break,steam_line_break,0.6560755229978168,0.0,False,True,random,seed_20262939,random_or_blocked,1.0,True,True,high_gap_or_above_split_median,RI_LOCAC_SLBIC
SLBIC_28,SLBIC,28.0,steam_line_break,steam_line_break,0.8265185372453225,0.0,False,True,random,seed_20262939,random_or_blocked,1.0,True,True,high_gap_or_above_split_median,RI_LOCAC_SLBIC
SLBIC_29,SLBIC,29.0,steam_line_break,steam_line_break,0.8265185372453225,0.0,False,True,random,seed_20262939,random_or_blocked,1.0,True,True,high_gap_or_above_split_median,RI_LOCAC_SLBIC
SLBIC_42,SLBIC,42.0,steam_line_break,steam_line_break,0.8660534811397285,0.0,False,True,random,seed_20262939,random_or_blocked,1.0,True,True,high_gap_or_above_split_median,RI_LOCAC_SLBIC
SLBIC_46,SLBIC,46.0,steam_line_break,steam_line_break,0.8660534811397285,0.0,False,True,random,seed_20262939,random_or_blocked,1.0,True,True,high_gap_or_above_split_median,RI_LOCAC_SLBIC
SLBIC_47,SLBIC,47.0,steam_line_break,steam_line_break,0.8660534811397285,0.0,False,True,random,seed_20262939,random_or_blocked,1.0,True,True,high_gap_or_above_split_median,RI_LOCAC_SLBIC
SLBIC_52,SLBIC,52.0,steam_line_break,steam_line_break,0.8923734143230471,0.0,False,True,random,seed_20262939,random_or_blocked,1.0,True,True,high_gap_or_above_split_median,RI_LOCAC_SLBIC
SLBIC_54,SLBIC,54.0,steam_line_break,steam_line_break,0.8923734143230471,0.0,False,True,random,seed_20262939,random_or_blocked,1.0,True,True,high_gap_or_above_split_median,RI_LOCAC_SLBIC
SLBIC_55,SLBIC,55.0,steam_line_break,steam_line_break,0.8923734143230471,0.0,False,True,random,seed_20262939,random_or_blocked,2.0,True,True,high_gap_or_above_split_median,RI_LOCAC_SLBIC
SLBIC_64,SLBIC,64.0,steam_line_break,steam_line_break,0.8668980965950457,0.0,False,True,random,seed_20262939,random_or_blocked,1.0,True,True,high_gap_or_above_split_median,RI_LOCAC_SLBIC
SLBIC_74,SLBIC,74.0,steam_line_break,steam_line_break,0.8659322481024632,0.0,False,True,random,seed_20262939,random_or_blocked,1.0,True,True,high_gap_or_above_split_median,RI_LOCAC_SLBIC
SLBIC_75,SLBIC,75.0,steam_line_break,steam_line_break,0.8658776522719076,0.0,False,True,random,seed_20262939,random_or_blocked,1.0,True,True,high_gap_or_above_split_median,RI_LOCAC_SLBIC
SLBIC_87,SLBIC,87.0,steam_line_break,steam_line_break,0.7894235693112612,0.0,False,True,random,seed_20262939,random_or_blocked,1.0,True,True,high_gap_or_above_split_median,RI_LOCAC_SLBIC
SLBIC_95,SLBIC,95.0,steam_line_break,steam_line_break,0.7912000346008062,0.0,False,True,random,seed_20262939,random_or_blocked,1.0,True,True,high_gap_or_above_split_median,RI_LOCAC_SLBIC
SLBIC_96,SLBIC,96.0,steam_line_break,steam_line_break,0.7847855016866241,0.0,False,True,random,seed_20262939,random_or_blocked,1.0,True,True,high_gap_or_above_split_median,RI_LOCAC_SLBIC
FLB_13,FLB,13.0,feedwater_line_break,feedwater_line_break,0.8763402553254566,0.0,False,True,random,seed_20263948,random_or_blocked,1.0,False,True,high_gap_or_above_split_median,other_classes
FLB_15,FLB,15.0,feedwater_line_break,feedwater_line_break,0.8763402553254566,0.0,False,True,random,seed_20263948,random_or_blocked,1.0,False,True,high_gap_or_above_split_median,other_classes
FLB_18,FLB,18.0,feedwater_line_break,feedwater_line_break,0.8763402553254566,0.0,False,True,random,seed_20263948,random_or_blocked,1.0,False,True,high_gap_or_above_split_median,other_classes
FLB_21,FLB,21.0,feedwater_line_break,feedwater_line_break,0.8763402553254566,0.0,False,True,random,seed_20263948,random_or_blocked,1.0,False,True,high_gap_or_above_split_median,other_classes
FLB_30,FLB,30.0,feedwater_line_break,feedwater_line_break,0.8763402553254566,0.0,False,True,random,seed_20263948,random_or_blocked,1.0,False,True,high_gap_or_above_split_median,other_classes
FLB_32,FLB,32.0,feedwater_line_break,feedwater_line_break,0.8763402553254566,0.0,False,True,random,seed_20263948,random_or_blocked,1.0,False,True,high_gap_or_above_split_median,other_classes
FLB_36,FLB,36.0,feedwater_line_break,feedwater_line_break,0.8763402553254566,0.0,False,True,random,seed_20263948,random_or_blocked,2.0,False,True,high_gap_or_above_split_median,other_classes
FLB_40,FLB,40.0,feedwater_line_break,feedwater_line_break,0.8763402553254566,0.0,False,True,random,seed_20263948,random_or_blocked,1.0,False,True,high_gap_or_above_split_median,other_classes
FLB_47,FLB,47.0,feedwater_line_break,feedwater_line_break,0.8763402553254566,0.0,False,True,random,seed_20263948,random_or_blocked,1.0,False,True,high_gap_or_above_split_median,other_classes
FLB_5,FLB,5.0,feedwater_line_break,feedwater_line_break,0.8763402553254566,0.0,False,True,random,seed_20263948,random_or_blocked,1.0,False,True,high_gap_or_above_split_median,other_classes
FLB_51,FLB,51.0,feedwater_line_break,feedwater_line_break,0.8763402553254566,0.0,False,True,random,seed_20263948,random_or_blocked,1.0,False,True,high_gap_or_above_split_median,other_classes
FLB_57,FLB,57.0,feedwater_line_break,feedwater_line_break,0.8763402553254566,0.0,False,True,random,seed_20263948,random_or_blocked,1.0,False,True,high_gap_or_above_split_median,other_classes
FLB_6,FLB,6.0,feedwater_line_break,feedwater_line_break,0.8763402553254566,0.0,False,True,random,seed_20263948,random_or_blocked,2.0,False,True,high_gap_or_above_split_median,other_classes
FLB_67,FLB,67.0,feedwater_line_break,feedwater_line_break,0.8763402553254566,0.0,False,True,random,seed_20263948,random_or_blocked,1.0,False,True,high_gap_or_above_split_median,other_classes
FLB_71,FLB,71.0,feedwater_line_break,feedwater_line_break,0.8763402553254566,0.0,False,True,random,seed_20263948,random_or_blocked,1.0,False,True,high_gap_or_above_split_median,other_classes
FLB_8,FLB,8.0,feedwater_line_break,feedwater_line_break,0.8763402553254566,0.0,False,True,random,seed_20263948,random_or_blocked,1.0,False,True,high_gap_or_above_split_median,other_classes
FLB_82,FLB,82.0,feedwater_line_break,feedwater_line_break,0.8763402553254566,0.0,False,True,random,seed_20263948,random_or_blocked,1.0,False,True,high_gap_or_above_split_median,other_classes
FLB_86,FLB,86.0,feedwater_line_break,feedwater_line_break,0.8763402553254566,0.0,False,True,random,seed_20263948,random_or_blocked,1.0,False,True,high_gap_or_above_split_median,other_classes
FLB_96,FLB,96.0,feedwater_line_break,feedwater_line_break,0.8763402553254566,0.0,False,True,random,seed_20263948,random_or_blocked,1.0,False,True,high_gap_or_above_split_median,other_classes
FLB_99,FLB,99.0,feedwater_line_break,feedwater_line_break,0.8763402553254566,0.0,False,True,random,seed_20263948,random_or_blocked,1.0,False,True,high_gap_or_above_split_median,other_classes
LOCAC_18,LOCAC,18.0,primary_coolant_boundary_break,primary_coolant_boundary_break,0.8995673446300674,0.0,False,True,random,seed_20263948,random_or_blocked,2.0,True,True,high_gap_or_above_split_median,RI_LOCAC_SLBIC
LOCAC_19,LOCAC,19.0,primary_coolant_boundary_break,primary_coolant_boundary_break,0.8995397720972682,0.0,False,True,random,seed_20263948,random_or_blocked,3.0,True,True,high_gap_or_above_split_median,RI_LOCAC_SLBIC
LOCAC_20,LOCAC,20.0,primary_coolant_boundary_break,primary_coolant_boundary_break,0.8995397720972682,0.0,False,True,random,seed_20263948,random_or_blocked,3.0,True,True,high_gap_or_above_split_median,RI_LOCAC_SLBIC
LOCAC_21,LOCAC,21.0,primary_coolant_boundary_break,primary_coolant_boundary_break,0.8995018568295713,0.0,False,True,random,seed_20263948,random_or_blocked,2.0,True,True,high_gap_or_above_split_median,RI_LOCAC_SLBIC
LOCAC_25,LOCAC,25.0,primary_coolant_boundary_break,primary_coolant_boundary_break,0.8995018568295713,0.0,False,True,random,seed_20263948,random_or_blocked,1.0,True,True,high_gap_or_above_split_median,RI_LOCAC_SLBIC
LOCAC_26,LOCAC,26.0,primary_coolant_boundary_break,steam_line_break,0.6442541614438311,0.0,False,True,random,seed_20263948,random_or_blocked,2.0,True,True,high_gap_or_above_split_median,RI_LOCAC_SLBIC
LOCAC_27,LOCAC,27.0,primary_coolant_boundary_break,primary_coolant_boundary_break,0.8988902479383335,0.0,False,True,random,seed_20263948,random_or_blocked,1.0,True,True,high_gap_or_above_split_median,RI_LOCAC_SLBIC
LOCAC_41,LOCAC,41.0,primary_coolant_boundary_break,primary_coolant_boundary_break,0.8989281632060305,0.0,False,True,random,seed_20263948,random_or_blocked,1.0,True,True,high_gap_or_above_split_median,RI_LOCAC_SLBIC
LOCAC_46,LOCAC,46.0,primary_coolant_boundary_break,primary_coolant_boundary_break,0.895958755061226,0.0,False,True,random,seed_20263948,random_or_blocked,1.0,True,True,high_gap_or_above_split_median,RI_LOCAC_SLBIC
LOCAC_48,LOCAC,48.0,primary_coolant_boundary_break,primary_coolant_boundary_break,0.895958755061226,0.0,False,True,random,seed_20263948,random_or_blocked,1.0,True,True,high_gap_or_above_split_median,RI_LOCAC_SLBIC
LOCAC_52,LOCAC,52.0,primary_coolant_boundary_break,primary_coolant_boundary_break,0.8944777695435778,0.0,False,True,random,seed_20263948,random_or_blocked,1.0,True,True,high_gap_or_above_split_median,RI_LOCAC_SLBIC
LOCAC_56,LOCAC,56.0,primary_coolant_boundary_break,primary_coolant_boundary_break,0.8883353166920728,0.0,False,True,random,seed_20263948,random_or_blocked,1.0,True,True,high_gap_or_above_split_median,RI_LOCAC_SLBIC
LOCAC_69,LOCAC,69.0,primary_coolant_boundary_break,primary_coolant_boundary_break,0.8914371897043392,0.0,False,True,random,seed_20263948,random_or_blocked,1.0,True,True,high_gap_or_above_split_median,RI_LOCAC_SLBIC
LOCAC_73,LOCAC,73.0,primary_coolant_boundary_break,primary_coolant_boundary_break,0.8867581413075047,0.0,False,True,random,seed_20263948,random_or_blocked,1.0,True,True,high_gap_or_above_split_median,RI_LOCAC_SLBIC
LOCAC_74,LOCAC,74.0,primary_coolant_boundary_break,primary_coolant_boundary_break,0.8835321774966529,0.0,False,True,random,seed_20263948,random_or_blocked,2.0,True,True,high_gap_or_above_split_median,RI_LOCAC_SLBIC
LOCAC_75,LOCAC,75.0,primary_coolant_boundary_break,primary_coolant_boundary_break,0.8835626548549059,0.0,False,True,random,seed_20263948,random_or_blocked,1.0,True,True,high_gap_or_above_split_median,RI_LOCAC_SLBIC
LOCA_20,LOCA,20.0,primary_coolant_boundary_break,primary_coolant_boundary_break,0.9051165929095508,0.0,False,True,random,seed_20263948,random_or_blocked,1.0,False,True,high_gap_or_above_split_median,other_classes
LOCA_24,LOCA,24.0,primary_coolant_boundary_break,primary_coolant_boundary_break,0.9078070814953496,0.0,False,True,random,seed_20263948,random_or_blocked,1.0,False,True,high_gap_or_above_split_median,other_classes
LOCA_28,LOCA,28.0,primary_coolant_boundary_break,primary_coolant_boundary_break,0.9079992374782121,0.0,False,True,random,seed_20263948,random_or_blocked,1.0,False,True,high_gap_or_above_split_median,other_classes
LOCA_44,LOCA,44.0,primary_coolant_boundary_break,primary_coolant_boundary_break,0.9037972690467615,0.0,False,True,random,seed_20263948,random_or_blocked,1.0,False,True,high_gap_or_above_split_median,other_classes
LOCA_49,LOCA,49.0,primary_coolant_boundary_break,primary_coolant_boundary_break,0.9035988222385658,0.0,False,True,random,seed_20263948,random_or_blocked,1.0,False,True,high_gap_or_above_split_median,other_classes
LOCA_52,LOCA,52.0,primary_coolant_boundary_break,primary_coolant_boundary_break,0.9032622138020888,0.0,False,True,random,seed_20263948,random_or_blocked,1.0,False,True,high_gap_or_above_split_median,other_classes
LOCA_54,LOCA,54.0,primary_coolant_boundary_break,primary_coolant_boundary_break,0.9034636983415788,0.0,False,True,random,seed_20263948,random_or_blocked,1.0,False,True,high_gap_or_above_split_median,other_classes
LOCA_57,LOCA,57.0,primary_coolant_boundary_break,primary_coolant_boundary_break,0.9031212155672903,0.0,False,True,random,seed_20263948,random_or_blocked,1.0,False,True,high_gap_or_above_split_median,other_classes
LOCA_59,LOCA,59.0,primary_coolant_boundary_break,primary_coolant_boundary_break,0.9031212155672903,0.0,False,True,random,seed_20263948,random_or_blocked,1.0,False,True,high_gap_or_above_split_median,other_classes
LOCA_64,LOCA,64.0,primary_coolant_boundary_break,primary_coolant_boundary_break,0.9031919540743608,0.0,False,True,random,seed_20263948,random_or_blocked,2.0,False,True,high_gap_or_above_split_median,other_classes
LOCA_7,LOCA,7.0,primary_coolant_boundary_break,primary_coolant_boundary_break,0.9061986775858571,0.0,False,True,random,seed_20263948,random_or_blocked,1.0,False,True,high_gap_or_above_split_median,other_classes
LOCA_73,LOCA,73.0,primary_coolant_boundary_break,primary_coolant_boundary_break,0.8995324039679158,0.0,False,True,random,seed_20263948,random_or_blocked,1.0,False,True,high_gap_or_above_split_median,other_classes
LOCA_76,LOCA,76.0,primary_coolant_boundary_break,primary_coolant_boundary_break,0.8969743777520205,0.0,False,True,random,seed_20263948,random_or_blocked,1.0,False,True,high_gap_or_above_split_median,other_classes
LOCA_77,LOCA,77.0,primary_coolant_boundary_break,primary_coolant_boundary_break,0.8969743777520205,0.0,False,True,random,seed_20263948,random_or_blocked,2.0,False,True,high_gap_or_above_split_median,other_classes
LOCA_8,LOCA,8.0,primary_coolant_boundary_break,primary_coolant_boundary_break,0.9048937882730842,0.0,False,True,random,seed_20263948,random_or_blocked,1.0,False,True,high_gap_or_above_split_median,other_classes
LR_74,LR,74.0,turbine_and_load_transient,turbine_and_load_transient,0.8779849414737494,0.0,False,True,random,seed_20263948,random_or_blocked,1.0,False,True,high_gap_or_above_split_median,other_classes
LR_75,LR,75.0,turbine_and_load_transient,turbine_and_load_transient,0.8779849414737494,0.0,False,True,random,seed_20263948,random_or_blocked,1.0,False,True,high_gap_or_above_split_median,other_classes
LR_79,LR,79.0,turbine_and_load_transient,turbine_and_load_transient,0.8779849414737494,0.0,False,True,random,seed_20263948,random_or_blocked,1.0,False,True,high_gap_or_above_split_median,other_classes
LR_85,LR,85.0,turbine_and_load_transient,turbine_and_load_transient,0.8779849414737494,0.0,False,True,random,seed_20263948,random_or_blocked,1.0,False,True,high_gap_or_above_split_median,other_classes
LR_94,LR,94.0,turbine_and_load_transient,turbine_and_load_transient,0.8014210376447297,0.0,False,True,random,seed_20263948,random_or_blocked,1.0,False,True,high_gap_or_above_split_median,other_classes
RI_-14,RI,-14.0,reactivity_and_control,reactivity_and_control,0.825588985501824,0.0,False,True,random,seed_20263948,random_or_blocked,1.0,True,True,high_gap_or_above_split_median,RI_LOCAC_SLBIC
RI_-15,RI,-15.0,reactivity_and_control,reactivity_and_control,0.8219884041674745,0.0,False,True,random,seed_20263948,random_or_blocked,2.0,True,True,high_gap_or_above_split_median,RI_LOCAC_SLBIC
RI_-17,RI,-17.0,reactivity_and_control,reactivity_and_control,0.8188650433546396,0.0,False,True,random,seed_20263948,random_or_blocked,3.0,True,True,high_gap_or_above_split_median,RI_LOCAC_SLBIC
RI_-25,RI,-25.0,reactivity_and_control,reactivity_and_control,0.8169448416437821,0.0,False,True,random,seed_20263948,random_or_blocked,1.0,True,True,high_gap_or_above_split_median,RI_LOCAC_SLBIC
RI_-29,RI,-29.0,reactivity_and_control,reactivity_and_control,0.8200654250338002,0.0,False,True,random,seed_20263948,random_or_blocked,1.0,True,True,high_gap_or_above_split_median,RI_LOCAC_SLBIC
RI_-31,RI,-31.0,reactivity_and_control,reactivity_and_control,0.8200654250338002,0.0,False,True,random,seed_20263948,random_or_blocked,1.0,True,True,high_gap_or_above_split_median,RI_LOCAC_SLBIC
RI_-5,RI,-5.0,reactivity_and_control,reactivity_and_control,0.8194407303915621,0.0,False,True,random,seed_20263948,random_or_blocked,1.0,True,True,high_gap_or_above_split_median,RI_LOCAC_SLBIC
SGATR_58,SGATR,58.0,steam_generator_tube_rupture,steam_generator_tube_rupture,0.8883215612578464,0.0,False,True,random,seed_20263948,random_or_blocked,1.0,False,True,high_gap_or_above_split_median,other_classes
SGATR_61,SGATR,61.0,steam_generator_tube_rupture,steam_generator_tube_rupture,0.8883215612578464,0.0,False,True,random,seed_20263948,random_or_blocked,1.0,False,True,high_gap_or_above_split_median,other_classes
SGATR_66,SGATR,66.0,steam_generator_tube_rupture,steam_generator_tube_rupture,0.8883215612578464,0.0,False,True,random,seed_20263948,random_or_blocked,2.0,False,True,high_gap_or_above_split_median,other_classes
SGATR_67,SGATR,67.0,steam_generator_tube_rupture,steam_generator_tube_rupture,0.8883215612578464,0.0,False,True,random,seed_20263948,random_or_blocked,2.0,False,True,high_gap_or_above_split_median,other_classes
SGATR_68,SGATR,68.0,steam_generator_tube_rupture,steam_generator_tube_rupture,0.8883215612578464,0.0,False,True,random,seed_20263948,random_or_blocked,1.0,False,True,high_gap_or_above_split_median,other_classes
SGATR_77,SGATR,77.0,steam_generator_tube_rupture,steam_generator_tube_rupture,0.9086577516084814,0.0,False,True,random,seed_20263948,random_or_blocked,1.0,False,True,high_gap_or_above_split_median,other_classes
SGATR_78,SGATR,78.0,steam_generator_tube_rupture,steam_generator_tube_rupture,0.9086577516084814,0.0,False,True,random,seed_20263948,random_or_blocked,2.0,False,True,high_gap_or_above_split_median,other_classes
SGATR_79,SGATR,79.0,steam_generator_tube_rupture,steam_generator_tube_rupture,0.9086577516084814,0.0,False,True,random,seed_20263948,random_or_blocked,1.0,False,True,high_gap_or_above_split_median,other_classes
SGATR_96,SGATR,96.0,steam_generator_tube_rupture,steam_generator_tube_rupture,0.9057356266317111,0.0,False,True,random,seed_20263948,random_or_blocked,1.0,False,True,high_gap_or_above_split_median,other_classes
SGBTR_103,SGBTR,103.0,steam_generator_tube_rupture,steam_generator_tube_rupture,0.8993602087151947,0.0,False,True,random,seed_20263948,random_or_blocked,1.0,False,True,high_gap_or_above_split_median,other_classes
SGBTR_104,SGBTR,104.0,steam_generator_tube_rupture,steam_generator_tube_rupture,0.8993602087151947,0.0,False,True,random,seed_20263948,random_or_blocked,2.0,False,True,high_gap_or_above_split_median,other_classes
SGBTR_110,SGBTR,110.0,steam_generator_tube_rupture,steam_generator_tube_rupture,0.734937988005187,0.0,False,True,random,seed_20263948,random_or_blocked,1.0,False,True,high_gap_or_above_split_median,other_classes
SGBTR_59,SGBTR,59.0,steam_generator_tube_rupture,steam_generator_tube_rupture,0.9141127735492486,0.0,False,True,random,seed_20263948,random_or_blocked,1.0,False,True,high_gap_or_above_split_median,other_classes
SGBTR_68,SGBTR,68.0,steam_generator_tube_rupture,steam_generator_tube_rupture,0.9125132250769147,0.0,False,True,random,seed_20263948,random_or_blocked,1.0,False,True,high_gap_or_above_split_median,other_classes
SGBTR_74,SGBTR,74.0,steam_generator_tube_rupture,steam_generator_tube_rupture,0.9125132250769147,0.0,False,True,random,seed_20263948,random_or_blocked,2.0,False,True,high_gap_or_above_split_median,other_classes
SGBTR_75,SGBTR,75.0,steam_generator_tube_rupture,steam_generator_tube_rupture,0.9125132250769147,0.0,False,True,random,seed_20263948,random_or_blocked,1.0,False,True,high_gap_or_above_split_median,other_classes
SGBTR_77,SGBTR,77.0,steam_generator_tube_rupture,steam_generator_tube_rupture,0.9125132250769147,0.0,False,True,random,seed_20263948,random_or_blocked,1.0,False,True,high_gap_or_above_split_median,other_classes
SGBTR_86,SGBTR,86.0,steam_generator_tube_rupture,steam_generator_tube_rupture,0.912132506759321,0.0,False,True,random,seed_20263948,random_or_blocked,1.0,False,True,high_gap_or_above_split_median,other_classes
SGBTR_96,SGBTR,96.0,steam_generator_tube_rupture,steam_generator_tube_rupture,0.9090870093377722,0.0,False,True,random,seed_20263948,random_or_blocked,1.0,False,True,high_gap_or_above_split_median,other_classes
SGBTR_97,SGBTR,97.0,steam_generator_tube_rupture,steam_generator_tube_rupture,0.903723816910187,0.0,False,True,random,seed_20263948,random_or_blocked,1.0,False,True,high_gap_or_above_split_median,other_classes
SLBIC_100,SLBIC,100.0,steam_line_break,steam_line_break,0.8658006099520837,0.0,False,True,random,seed_20263948,random_or_blocked,2.0,True,True,high_gap_or_above_split_median,RI_LOCAC_SLBIC
SLBIC_101,SLBIC,101.0,steam_line_break,steam_line_break,0.8658006099520837,0.0,False,True,random,seed_20263948,random_or_blocked,3.0,True,True,high_gap_or_above_split_median,RI_LOCAC_SLBIC
SLBIC_16,SLBIC,16.0,steam_line_break,steam_line_break,0.6020927898386115,0.0,False,True,random,seed_20263948,random_or_blocked,1.0,True,True,high_gap_or_above_split_median,RI_LOCAC_SLBIC
SLBIC_20,SLBIC,20.0,steam_line_break,steam_line_break,0.6357949791428655,0.0,False,True,random,seed_20263948,random_or_blocked,1.0,True,True,high_gap_or_above_split_median,RI_LOCAC_SLBIC
SLBIC_24,SLBIC,24.0,steam_line_break,steam_line_break,0.6434805270814672,0.0,False,True,random,seed_20263948,random_or_blocked,1.0,True,True,high_gap_or_above_split_median,RI_LOCAC_SLBIC
SLBIC_28,SLBIC,28.0,steam_line_break,steam_line_break,0.6656106737038674,0.0,False,True,random,seed_20263948,random_or_blocked,1.0,True,True,high_gap_or_above_split_median,RI_LOCAC_SLBIC
SLBIC_33,SLBIC,33.0,steam_line_break,steam_line_break,0.8024054821880274,0.0,False,True,random,seed_20263948,random_or_blocked,1.0,True,True,high_gap_or_above_split_median,RI_LOCAC_SLBIC
SLBIC_36,SLBIC,36.0,steam_line_break,steam_line_break,0.8101845985502694,0.0,False,True,random,seed_20263948,random_or_blocked,1.0,True,True,high_gap_or_above_split_median,RI_LOCAC_SLBIC
SLBIC_52,SLBIC,52.0,steam_line_break,steam_line_break,0.9375409416072134,0.0,False,True,random,seed_20263948,random_or_blocked,2.0,True,True,high_gap_or_above_split_median,RI_LOCAC_SLBIC
SLBIC_58,SLBIC,58.0,steam_line_break,steam_line_break,0.9472575489605167,0.0,False,True,random,seed_20263948,random_or_blocked,1.0,True,True,high_gap_or_above_split_median,RI_LOCAC_SLBIC
SLBIC_63,SLBIC,63.0,steam_line_break,steam_line_break,0.9472575489605167,0.0,False,True,random,seed_20263948,random_or_blocked,1.0,True,True,high_gap_or_above_split_median,RI_LOCAC_SLBIC
SLBIC_69,SLBIC,69.0,steam_line_break,steam_line_break,0.9099596307232533,0.0,False,True,random,seed_20263948,random_or_blocked,1.0,True,True,high_gap_or_above_split_median,RI_LOCAC_SLBIC
SLBIC_70,SLBIC,70.0,steam_line_break,steam_line_break,0.9100435196720169,0.0,False,True,random,seed_20263948,random_or_blocked,1.0,True,True,high_gap_or_above_split_median,RI_LOCAC_SLBIC
SLBIC_76,SLBIC,76.0,steam_line_break,steam_line_break,0.9102445240570076,0.0,False,True,random,seed_20263948,random_or_blocked,1.0,True,True,high_gap_or_above_split_median,RI_LOCAC_SLBIC
SLBIC_79,SLBIC,79.0,steam_line_break,steam_line_break,0.9102029019601084,0.0,False,True,random,seed_20263948,random_or_blocked,1.0,True,True,high_gap_or_above_split_median,RI_LOCAC_SLBIC
SLBIC_83,SLBIC,83.0,steam_line_break,steam_line_break,0.9099467869087526,0.0,False,True,random,seed_20263948,random_or_blocked,1.0,True,True,high_gap_or_above_split_median,RI_LOCAC_SLBIC
SLBIC_95,SLBIC,95.0,steam_line_break,steam_line_break,0.8715560902833165,0.0,False,True,random,seed_20263948,random_or_blocked,1.0,True,True,high_gap_or_above_split_median,RI_LOCAC_SLBIC
SLBIC_99,SLBIC,99.0,steam_line_break,steam_line_break,0.8658006099520837,0.0,False,True,random,seed_20263948,random_or_blocked,1.0,True,True,high_gap_or_above_split_median,RI_LOCAC_SLBIC
FLB_12,FLB,12.0,feedwater_line_break,feedwater_line_break,0.9357439710534458,0.7,False,True,random,seed_20264957,random_or_blocked,1.0,False,True,high_gap_or_above_split_median,other_classes
FLB_19,FLB,19.0,feedwater_line_break,feedwater_line_break,0.9357439710534458,0.7,False,True,random,seed_20264957,random_or_blocked,1.0,False,True,high_gap_or_above_split_median,other_classes
FLB_22,FLB,22.0,feedwater_line_break,feedwater_line_break,0.9357439710534458,0.7,False,True,random,seed_20264957,random_or_blocked,1.0,False,True,high_gap_or_above_split_median,other_classes
FLB_24,FLB,24.0,feedwater_line_break,feedwater_line_break,0.9357439710534458,0.7,False,True,random,seed_20264957,random_or_blocked,1.0,False,True,high_gap_or_above_split_median,other_classes
FLB_28,FLB,28.0,feedwater_line_break,feedwater_line_break,0.9357439710534458,0.7,False,True,random,seed_20264957,random_or_blocked,1.0,False,True,high_gap_or_above_split_median,other_classes
FLB_32,FLB,32.0,feedwater_line_break,feedwater_line_break,0.9357439710534458,0.7,False,True,random,seed_20264957,random_or_blocked,1.0,False,True,high_gap_or_above_split_median,other_classes
FLB_33,FLB,33.0,feedwater_line_break,feedwater_line_break,0.9357439710534458,0.7,False,True,random,seed_20264957,random_or_blocked,2.0,False,True,high_gap_or_above_split_median,other_classes
FLB_34,FLB,34.0,feedwater_line_break,feedwater_line_break,0.9357439710534458,0.7,False,True,random,seed_20264957,random_or_blocked,1.0,False,True,high_gap_or_above_split_median,other_classes
FLB_38,FLB,38.0,feedwater_line_break,feedwater_line_break,0.9357439710534458,0.7,False,True,random,seed_20264957,random_or_blocked,1.0,False,True,high_gap_or_above_split_median,other_classes
FLB_4,FLB,4.0,feedwater_line_break,feedwater_line_break,0.9357439710534458,0.7,False,True,random,seed_20264957,random_or_blocked,1.0,False,True,high_gap_or_above_split_median,other_classes
FLB_46,FLB,46.0,feedwater_line_break,feedwater_line_break,0.9357439710534458,0.7,False,True,random,seed_20264957,random_or_blocked,1.0,False,True,high_gap_or_above_split_median,other_classes
FLB_54,FLB,54.0,feedwater_line_break,feedwater_line_break,0.9357439710534458,0.7,False,True,random,seed_20264957,random_or_blocked,1.0,False,True,high_gap_or_above_split_median,other_classes
FLB_65,FLB,65.0,feedwater_line_break,feedwater_line_break,0.9357439710534458,0.7,False,True,random,seed_20264957,random_or_blocked,1.0,False,True,high_gap_or_above_split_median,other_classes
FLB_7,FLB,7.0,feedwater_line_break,feedwater_line_break,0.9357439710534458,0.7,False,True,random,seed_20264957,random_or_blocked,1.0,False,True,high_gap_or_above_split_median,other_classes
FLB_74,FLB,74.0,feedwater_line_break,feedwater_line_break,0.9357439710534458,0.7,False,True,random,seed_20264957,random_or_blocked,1.0,False,True,high_gap_or_above_split_median,other_classes
FLB_76,FLB,76.0,feedwater_line_break,feedwater_line_break,0.9357439710534458,0.7,False,True,random,seed_20264957,random_or_blocked,1.0,False,True,high_gap_or_above_split_median,other_classes
FLB_78,FLB,78.0,feedwater_line_break,feedwater_line_break,0.9357439710534458,0.7,False,True,random,seed_20264957,random_or_blocked,1.0,False,True,high_gap_or_above_split_median,other_classes
FLB_8,FLB,8.0,feedwater_line_break,feedwater_line_break,0.9357439710534458,0.7,False,True,random,seed_20264957,random_or_blocked,2.0,False,True,high_gap_or_above_split_median,other_classes
FLB_84,FLB,84.0,feedwater_line_break,feedwater_line_break,0.9357439710534458,0.7,False,True,random,seed_20264957,random_or_blocked,1.0,False,True,high_gap_or_above_split_median,other_classes
FLB_85,FLB,85.0,feedwater_line_break,feedwater_line_break,0.9357439710534458,0.7,False,True,random,seed_20264957,random_or_blocked,1.0,False,True,high_gap_or_above_split_median,other_classes
LOCAC_11,LOCAC,11.0,primary_coolant_boundary_break,primary_coolant_boundary_break,0.9370841660455982,0.7,False,True,random,seed_20264957,random_or_blocked,2.0,True,True,high_gap_or_above_split_median,RI_LOCAC_SLBIC
LOCAC_14,LOCAC,14.0,primary_coolant_boundary_break,primary_coolant_boundary_break,0.9422513474977008,0.7,False,True,random,seed_20264957,random_or_blocked,1.0,True,True,high_gap_or_above_split_median,RI_LOCAC_SLBIC
LOCAC_22,LOCAC,22.0,primary_coolant_boundary_break,primary_coolant_boundary_break,0.9380776706828332,0.7,False,True,random,seed_20264957,random_or_blocked,1.0,True,True,high_gap_or_above_split_median,RI_LOCAC_SLBIC
LOCAC_29,LOCAC,29.0,primary_coolant_boundary_break,primary_coolant_boundary_break,0.9428179683972365,0.7,False,True,random,seed_20264957,random_or_blocked,1.0,True,True,high_gap_or_above_split_median,RI_LOCAC_SLBIC
LOCAC_36,LOCAC,36.0,primary_coolant_boundary_break,primary_coolant_boundary_break,0.9429337238991768,0.7,False,True,random,seed_20264957,random_or_blocked,1.0,True,True,high_gap_or_above_split_median,RI_LOCAC_SLBIC
LOCAC_37,LOCAC,37.0,primary_coolant_boundary_break,primary_coolant_boundary_break,0.9412739011754915,0.7,False,True,random,seed_20264957,random_or_blocked,2.0,True,True,high_gap_or_above_split_median,RI_LOCAC_SLBIC
LOCAC_39,LOCAC,39.0,primary_coolant_boundary_break,primary_coolant_boundary_break,0.9429337238991768,0.7,False,True,random,seed_20264957,random_or_blocked,2.0,True,True,high_gap_or_above_split_median,RI_LOCAC_SLBIC
LOCAC_4,LOCAC,4.0,primary_coolant_boundary_break,primary_coolant_boundary_break,0.8600254448213632,0.7,False,True,random,seed_20264957,random_or_blocked,1.0,True,True,high_gap_or_above_split_median,RI_LOCAC_SLBIC
LOCAC_43,LOCAC,43.0,primary_coolant_boundary_break,primary_coolant_boundary_break,0.9417210916618642,0.7,False,True,random,seed_20264957,random_or_blocked,1.0,True,True,high_gap_or_above_split_median,RI_LOCAC_SLBIC
LOCAC_5,LOCAC,5.0,primary_coolant_boundary_break,primary_coolant_boundary_break,0.9300502646665735,0.7,False,True,random,seed_20264957,random_or_blocked,2.0,True,True,high_gap_or_above_split_median,RI_LOCAC_SLBIC
LOCAC_50,LOCAC,50.0,primary_coolant_boundary_break,primary_coolant_boundary_break,0.9429337238991768,0.7,False,True,random,seed_20264957,random_or_blocked,1.0,True,True,high_gap_or_above_split_median,RI_LOCAC_SLBIC
LOCAC_6,LOCAC,6.0,primary_coolant_boundary_break,primary_coolant_boundary_break,0.914704379518218,0.7,False,True,random,seed_20264957,random_or_blocked,1.0,True,True,high_gap_or_above_split_median,RI_LOCAC_SLBIC
LOCAC_60,LOCAC,60.0,primary_coolant_boundary_break,primary_coolant_boundary_break,0.9427837993062518,0.7,False,True,random,seed_20264957,random_or_blocked,1.0,True,True,high_gap_or_above_split_median,RI_LOCAC_SLBIC
LOCAC_62,LOCAC,62.0,primary_coolant_boundary_break,primary_coolant_boundary_break,0.9427837993062518,0.7,False,True,random,seed_20264957,random_or_blocked,1.0,True,True,high_gap_or_above_split_median,RI_LOCAC_SLBIC
LOCAC_69,LOCAC,69.0,primary_coolant_boundary_break,primary_coolant_boundary_break,0.9424662620208939,0.7,False,True,random,seed_20264957,random_or_blocked,1.0,True,True,high_gap_or_above_split_median,RI_LOCAC_SLBIC
LOCAC_73,LOCAC,73.0,primary_coolant_boundary_break,primary_coolant_boundary_break,0.941747875775326,0.7,False,True,random,seed_20264957,random_or_blocked,1.0,True,True,high_gap_or_above_split_median,RI_LOCAC_SLBIC
LOCA_12,LOCA,12.0,primary_coolant_boundary_break,primary_coolant_boundary_break,0.9424036156153034,0.7,False,True,random,seed_20264957,random_or_blocked,1.0,False,True,high_gap_or_above_split_median,other_classes
LOCA_19,LOCA,19.0,primary_coolant_boundary_break,primary_coolant_boundary_break,0.9425074260307508,0.7,False,True,random,seed_20264957,random_or_blocked,1.0,False,True,high_gap_or_above_split_median,other_classes
LOCA_20,LOCA,20.0,primary_coolant_boundary_break,primary_coolant_boundary_break,0.9425074260307508,0.7,False,True,random,seed_20264957,random_or_blocked,1.0,False,True,high_gap_or_above_split_median,other_classes
LOCA_22,LOCA,22.0,primary_coolant_boundary_break,primary_coolant_boundary_break,0.9429337238991768,0.7,False,True,random,seed_20264957,random_or_blocked,1.0,False,True,high_gap_or_above_split_median,other_classes
LOCA_23,LOCA,23.0,primary_coolant_boundary_break,primary_coolant_boundary_break,0.9429337238991768,0.7,False,True,random,seed_20264957,random_or_blocked,1.0,False,True,high_gap_or_above_split_median,other_classes
LOCA_25,LOCA,25.0,primary_coolant_boundary_break,primary_coolant_boundary_break,0.9429337238991768,0.7,False,True,random,seed_20264957,random_or_blocked,1.0,False,True,high_gap_or_above_split_median,other_classes
LOCA_27,LOCA,27.0,primary_coolant_boundary_break,primary_coolant_boundary_break,0.9429337238991768,0.7,False,True,random,seed_20264957,random_or_blocked,1.0,False,True,high_gap_or_above_split_median,other_classes
LOCA_28,LOCA,28.0,primary_coolant_boundary_break,primary_coolant_boundary_break,0.942795406006212,0.7,False,True,random,seed_20264957,random_or_blocked,1.0,False,True,high_gap_or_above_split_median,other_classes
LOCA_41,LOCA,41.0,primary_coolant_boundary_break,primary_coolant_boundary_break,0.9380754045591174,0.7,False,True,random,seed_20264957,random_or_blocked,1.0,False,True,high_gap_or_above_split_median,other_classes
LOCA_44,LOCA,44.0,primary_coolant_boundary_break,primary_coolant_boundary_break,0.9366113650579839,0.7,False,True,random,seed_20264957,random_or_blocked,2.0,False,True,high_gap_or_above_split_median,other_classes
LOCA_61,LOCA,61.0,primary_coolant_boundary_break,primary_coolant_boundary_break,0.9323713084125709,0.7,False,True,random,seed_20264957,random_or_blocked,1.0,False,True,high_gap_or_above_split_median,other_classes
LOCA_62,LOCA,62.0,primary_coolant_boundary_break,primary_coolant_boundary_break,0.9323622228311229,0.7,False,True,random,seed_20264957,random_or_blocked,1.0,False,True,high_gap_or_above_split_median,other_classes
LOCA_65,LOCA,65.0,primary_coolant_boundary_break,primary_coolant_boundary_break,0.9323622228311229,0.7,False,True,random,seed_20264957,random_or_blocked,1.0,False,True,high_gap_or_above_split_median,other_classes
LOCA_67,LOCA,67.0,primary_coolant_boundary_break,primary_coolant_boundary_break,0.9309874318467252,0.7,False,True,random,seed_20264957,random_or_blocked,1.0,False,True,high_gap_or_above_split_median,other_classes
LOCA_73,LOCA,73.0,primary_coolant_boundary_break,primary_coolant_boundary_break,0.9290703190265792,0.7,False,True,random,seed_20264957,random_or_blocked,1.0,False,True,high_gap_or_above_split_median,other_classes
LR_73,LR,73.0,turbine_and_load_transient,turbine_and_load_transient,0.926388161893522,0.7,False,True,random,seed_20264957,random_or_blocked,1.0,False,True,high_gap_or_above_split_median,other_classes
LR_80,LR,80.0,turbine_and_load_transient,turbine_and_load_transient,0.9333397830600966,0.7,False,True,random,seed_20264957,random_or_blocked,1.0,False,True,high_gap_or_above_split_median,other_classes
LR_81,LR,81.0,turbine_and_load_transient,turbine_and_load_transient,0.9333397830600966,0.7,False,True,random,seed_20264957,random_or_blocked,1.0,False,True,high_gap_or_above_split_median,other_classes
LR_87,LR,87.0,turbine_and_load_transient,turbine_and_load_transient,0.9326677023971645,0.7,False,True,random,seed_20264957,random_or_blocked,1.0,False,True,high_gap_or_above_split_median,other_classes
LR_93,LR,93.0,turbine_and_load_transient,turbine_and_load_transient,0.8797879117857758,0.7,False,True,random,seed_20264957,random_or_blocked,2.0,False,True,high_gap_or_above_split_median,other_classes
RI_-1,RI,-1.0,reactivity_and_control,steam_line_break,0.6209743834200651,0.7,True,False,random,seed_20264957,random_or_blocked,1.0,True,True,high_gap_or_above_split_median,RI_LOCAC_SLBIC
RI_-15,RI,-15.0,reactivity_and_control,reactivity_and_control,0.9440946048367808,0.7,False,True,random,seed_20264957,random_or_blocked,1.0,True,True,high_gap_or_above_split_median,RI_LOCAC_SLBIC
RI_-18,RI,-18.0,reactivity_and_control,reactivity_and_control,0.9440946048367808,0.7,False,True,random,seed_20264957,random_or_blocked,1.0,True,True,high_gap_or_above_split_median,RI_LOCAC_SLBIC
RI_-20,RI,-20.0,reactivity_and_control,reactivity_and_control,0.9439119873427354,0.7,False,True,random,seed_20264957,random_or_blocked,1.0,True,True,high_gap_or_above_split_median,RI_LOCAC_SLBIC
RI_-27,RI,-27.0,reactivity_and_control,reactivity_and_control,0.9440339377997716,0.7,False,True,random,seed_20264957,random_or_blocked,2.0,True,True,high_gap_or_above_split_median,RI_LOCAC_SLBIC
RI_-32,RI,-32.0,reactivity_and_control,reactivity_and_control,0.9442388014483782,0.7,False,True,random,seed_20264957,random_or_blocked,1.0,True,True,high_gap_or_above_split_median,RI_LOCAC_SLBIC
RI_-4,RI,-4.0,reactivity_and_control,reactivity_and_control,0.8655795265688603,0.7,False,True,random,seed_20264957,random_or_blocked,1.0,True,True,high_gap_or_above_split_median,RI_LOCAC_SLBIC
SGATR_100,SGATR,100.0,steam_generator_tube_rupture,steam_generator_tube_rupture,0.9366415794716766,0.7,False,True,random,seed_20264957,random_or_blocked,1.0,False,True,high_gap_or_above_split_median,other_classes
SGATR_67,SGATR,67.0,steam_generator_tube_rupture,steam_generator_tube_rupture,0.9325196406026881,0.7,False,True,random,seed_20264957,random_or_blocked,1.0,False,True,high_gap_or_above_split_median,other_classes
SGATR_72,SGATR,72.0,steam_generator_tube_rupture,steam_generator_tube_rupture,0.9350682587402096,0.7,False,True,random,seed_20264957,random_or_blocked,1.0,False,True,high_gap_or_above_split_median,other_classes
SGATR_78,SGATR,78.0,steam_generator_tube_rupture,steam_generator_tube_rupture,0.9352311699730581,0.7,False,True,random,seed_20264957,random_or_blocked,1.0,False,True,high_gap_or_above_split_median,other_classes
SGATR_79,SGATR,79.0,steam_generator_tube_rupture,steam_generator_tube_rupture,0.9356237351481337,0.7,False,True,random,seed_20264957,random_or_blocked,1.0,False,True,high_gap_or_above_split_median,other_classes
SGATR_83,SGATR,83.0,steam_generator_tube_rupture,steam_generator_tube_rupture,0.9366256486877713,0.7,False,True,random,seed_20264957,random_or_blocked,1.0,False,True,high_gap_or_above_split_median,other_classes
SGATR_84,SGATR,84.0,steam_generator_tube_rupture,steam_generator_tube_rupture,0.9366256486877713,0.7,False,True,random,seed_20264957,random_or_blocked,2.0,False,True,high_gap_or_above_split_median,other_classes
SGATR_85,SGATR,85.0,steam_generator_tube_rupture,steam_generator_tube_rupture,0.9370423912126261,0.7,False,True,random,seed_20264957,random_or_blocked,1.0,False,True,high_gap_or_above_split_median,other_classes
SGATR_94,SGATR,94.0,steam_generator_tube_rupture,steam_generator_tube_rupture,0.9371300428524234,0.7,False,True,random,seed_20264957,random_or_blocked,1.0,False,True,high_gap_or_above_split_median,other_classes
SGBTR_57,SGBTR,57.0,steam_generator_tube_rupture,steam_generator_tube_rupture,0.8449849890525186,0.7,False,True,random,seed_20264957,random_or_blocked,2.0,False,True,high_gap_or_above_split_median,other_classes
SGBTR_58,SGBTR,58.0,steam_generator_tube_rupture,steam_generator_tube_rupture,0.9005324771706317,0.7,False,True,random,seed_20264957,random_or_blocked,1.0,False,True,high_gap_or_above_split_median,other_classes
SGBTR_60,SGBTR,60.0,steam_generator_tube_rupture,steam_generator_tube_rupture,0.9196179135962735,0.7,False,True,random,seed_20264957,random_or_blocked,1.0,False,True,high_gap_or_above_split_median,other_classes
SGBTR_64,SGBTR,64.0,steam_generator_tube_rupture,steam_generator_tube_rupture,0.9302958956620522,0.7,False,True,random,seed_20264957,random_or_blocked,1.0,False,True,high_gap_or_above_split_median,other_classes
SGBTR_66,SGBTR,66.0,steam_generator_tube_rupture,steam_generator_tube_rupture,0.9310648150236333,0.7,False,True,random,seed_20264957,random_or_blocked,1.0,False,True,high_gap_or_above_split_median,other_classes
SGBTR_77,SGBTR,77.0,steam_generator_tube_rupture,steam_generator_tube_rupture,0.9375361117749313,0.7,False,True,random,seed_20264957,random_or_blocked,1.0,False,True,high_gap_or_above_split_median,other_classes
SGBTR_80,SGBTR,80.0,steam_generator_tube_rupture,steam_generator_tube_rupture,0.9376360274761009,0.7,False,True,random,seed_20264957,random_or_blocked,1.0,False,True,high_gap_or_above_split_median,other_classes
SGBTR_81,SGBTR,81.0,steam_generator_tube_rupture,steam_generator_tube_rupture,0.9375779866387567,0.7,False,True,random,seed_20264957,random_or_blocked,1.0,False,True,high_gap_or_above_split_median,other_classes
SGBTR_83,SGBTR,83.0,steam_generator_tube_rupture,steam_generator_tube_rupture,0.9375779866387567,0.7,False,True,random,seed_20264957,random_or_blocked,1.0,False,True,high_gap_or_above_split_median,other_classes
SGBTR_88,SGBTR,88.0,steam_generator_tube_rupture,steam_generator_tube_rupture,0.9376360274761009,0.7,False,True,random,seed_20264957,random_or_blocked,1.0,False,True,high_gap_or_above_split_median,other_classes
SGBTR_94,SGBTR,94.0,steam_generator_tube_rupture,steam_generator_tube_rupture,0.9376360274761009,0.7,False,True,random,seed_20264957,random_or_blocked,1.0,False,True,high_gap_or_above_split_median,other_classes
SLBIC_16,SLBIC,16.0,steam_line_break,steam_line_break,0.8921274279957784,0.7,False,True,random,seed_20264957,random_or_blocked,1.0,True,True,high_gap_or_above_split_median,RI_LOCAC_SLBIC
SLBIC_25,SLBIC,25.0,steam_line_break,steam_line_break,0.9159196058516235,0.7,False,True,random,seed_20264957,random_or_blocked,2.0,True,True,high_gap_or_above_split_median,RI_LOCAC_SLBIC
SLBIC_26,SLBIC,26.0,steam_line_break,steam_line_break,0.916197111118282,0.7,False,True,random,seed_20264957,random_or_blocked,1.0,True,True,high_gap_or_above_split_median,RI_LOCAC_SLBIC
SLBIC_41,SLBIC,41.0,steam_line_break,steam_line_break,0.938498607208672,0.7,False,True,random,seed_20264957,random_or_blocked,1.0,True,True,high_gap_or_above_split_median,RI_LOCAC_SLBIC
SLBIC_43,SLBIC,43.0,steam_line_break,steam_line_break,0.9385994365027533,0.7,False,True,random,seed_20264957,random_or_blocked,1.0,True,True,high_gap_or_above_split_median,RI_LOCAC_SLBIC
SLBIC_57,SLBIC,57.0,steam_line_break,steam_line_break,0.9383538494327387,0.7,False,True,random,seed_20264957,random_or_blocked,1.0,True,True,high_gap_or_above_split_median,RI_LOCAC_SLBIC
SLBIC_59,SLBIC,59.0,steam_line_break,steam_line_break,0.9383538494327387,0.7,False,True,random,seed_20264957,random_or_blocked,1.0,True,True,high_gap_or_above_split_median,RI_LOCAC_SLBIC
SLBIC_60,SLBIC,60.0,steam_line_break,steam_line_break,0.9383538494327387,0.7,False,True,random,seed_20264957,random_or_blocked,2.0,True,True,high_gap_or_above_split_median,RI_LOCAC_SLBIC
SLBIC_61,SLBIC,61.0,steam_line_break,steam_line_break,0.9383538494327387,0.7,False,True,random,seed_20264957,random_or_blocked,3.0,True,True,high_gap_or_above_split_median,RI_LOCAC_SLBIC
SLBIC_62,SLBIC,62.0,steam_line_break,steam_line_break,0.9383538494327387,0.7,False,True,random,seed_20264957,random_or_blocked,2.0,True,True,high_gap_or_above_split_median,RI_LOCAC_SLBIC
SLBIC_63,SLBIC,63.0,steam_line_break,steam_line_break,0.9386602728037754,0.7,False,True,random,seed_20264957,random_or_blocked,1.0,True,True,high_gap_or_above_split_median,RI_LOCAC_SLBIC
SLBIC_65,SLBIC,65.0,steam_line_break,steam_line_break,0.9386602728037754,0.7,False,True,random,seed_20264957,random_or_blocked,1.0,True,True,high_gap_or_above_split_median,RI_LOCAC_SLBIC
SLBIC_68,SLBIC,68.0,steam_line_break,steam_line_break,0.9386602728037754,0.7,False,True,random,seed_20264957,random_or_blocked,1.0,True,True,high_gap_or_above_split_median,RI_LOCAC_SLBIC
SLBIC_75,SLBIC,75.0,steam_line_break,steam_line_break,0.9311038627923411,0.7,False,True,random,seed_20264957,random_or_blocked,1.0,True,True,high_gap_or_above_split_median,RI_LOCAC_SLBIC
SLBIC_78,SLBIC,78.0,steam_line_break,steam_line_break,0.9300011356928337,0.7,False,True,random,seed_20264957,random_or_blocked,1.0,True,True,high_gap_or_above_split_median,RI_LOCAC_SLBIC
SLBIC_85,SLBIC,85.0,steam_line_break,steam_line_break,0.9292687912714473,0.7,False,True,random,seed_20264957,random_or_blocked,1.0,True,True,high_gap_or_above_split_median,RI_LOCAC_SLBIC
SLBIC_88,SLBIC,88.0,steam_line_break,steam_line_break,0.9294026279660936,0.7,False,True,random,seed_20264957,random_or_blocked,1.0,True,True,high_gap_or_above_split_median,RI_LOCAC_SLBIC
SLBIC_94,SLBIC,94.0,steam_line_break,steam_line_break,0.9290727446772171,0.7,False,True,random,seed_20264957,random_or_blocked,1.0,True,True,high_gap_or_above_split_median,RI_LOCAC_SLBIC
FLB_10,FLB,10.0,feedwater_line_break,feedwater_line_break,0.9036093609308644,0.85,False,True,random,seed_20265966,random_or_blocked,1.0,False,True,high_gap_or_above_split_median,other_classes
FLB_100,FLB,100.0,feedwater_line_break,feedwater_line_break,0.9036093609308644,0.85,False,True,random,seed_20265966,random_or_blocked,1.0,False,True,high_gap_or_above_split_median,other_classes
FLB_27,FLB,27.0,feedwater_line_break,feedwater_line_break,0.9036093609308644,0.85,False,True,random,seed_20265966,random_or_blocked,1.0,False,True,high_gap_or_above_split_median,other_classes
FLB_35,FLB,35.0,feedwater_line_break,feedwater_line_break,0.9036093609308644,0.85,False,True,random,seed_20265966,random_or_blocked,1.0,False,True,high_gap_or_above_split_median,other_classes
FLB_48,FLB,48.0,feedwater_line_break,feedwater_line_break,0.9036093609308644,0.85,False,True,random,seed_20265966,random_or_blocked,2.0,False,True,high_gap_or_above_split_median,other_classes
FLB_49,FLB,49.0,feedwater_line_break,feedwater_line_break,0.9036093609308644,0.85,False,True,random,seed_20265966,random_or_blocked,3.0,False,True,high_gap_or_above_split_median,other_classes
FLB_50,FLB,50.0,feedwater_line_break,feedwater_line_break,0.9036093609308644,0.85,False,True,random,seed_20265966,random_or_blocked,2.0,False,True,high_gap_or_above_split_median,other_classes
FLB_59,FLB,59.0,feedwater_line_break,feedwater_line_break,0.9036093609308644,0.85,False,True,random,seed_20265966,random_or_blocked,1.0,False,True,high_gap_or_above_split_median,other_classes
FLB_63,FLB,63.0,feedwater_line_break,feedwater_line_break,0.9036093609308644,0.85,False,True,random,seed_20265966,random_or_blocked,2.0,False,True,high_gap_or_above_split_median,other_classes
FLB_64,FLB,64.0,feedwater_line_break,feedwater_line_break,0.9036093609308644,0.85,False,True,random,seed_20265966,random_or_blocked,1.0,False,True,high_gap_or_above_split_median,other_classes
FLB_66,FLB,66.0,feedwater_line_break,feedwater_line_break,0.9036093609308644,0.85,False,True,random,seed_20265966,random_or_blocked,1.0,False,True,high_gap_or_above_split_median,other_classes
FLB_7,FLB,7.0,feedwater_line_break,feedwater_line_break,0.9036093609308644,0.85,False,True,random,seed_20265966,random_or_blocked,2.0,False,True,high_gap_or_above_split_median,other_classes
FLB_70,FLB,70.0,feedwater_line_break,feedwater_line_break,0.9036093609308644,0.85,False,True,random,seed_20265966,random_or_blocked,1.0,False,True,high_gap_or_above_split_median,other_classes
FLB_72,FLB,72.0,feedwater_line_break,feedwater_line_break,0.9036093609308644,0.85,False,True,random,seed_20265966,random_or_blocked,1.0,False,True,high_gap_or_above_split_median,other_classes
FLB_77,FLB,77.0,feedwater_line_break,feedwater_line_break,0.9036093609308644,0.85,False,True,random,seed_20265966,random_or_blocked,1.0,False,True,high_gap_or_above_split_median,other_classes
FLB_8,FLB,8.0,feedwater_line_break,feedwater_line_break,0.9036093609308644,0.85,False,True,random,seed_20265966,random_or_blocked,1.0,False,True,high_gap_or_above_split_median,other_classes
FLB_85,FLB,85.0,feedwater_line_break,feedwater_line_break,0.9036093609308644,0.85,False,True,random,seed_20265966,random_or_blocked,1.0,False,True,high_gap_or_above_split_median,other_classes
FLB_87,FLB,87.0,feedwater_line_break,feedwater_line_break,0.9036093609308644,0.85,False,True,random,seed_20265966,random_or_blocked,1.0,False,True,high_gap_or_above_split_median,other_classes
FLB_89,FLB,89.0,feedwater_line_break,feedwater_line_break,0.9036093609308644,0.85,False,True,random,seed_20265966,random_or_blocked,1.0,False,True,high_gap_or_above_split_median,other_classes
FLB_98,FLB,98.0,feedwater_line_break,feedwater_line_break,0.9036093609308644,0.85,False,True,random,seed_20265966,random_or_blocked,1.0,False,True,high_gap_or_above_split_median,other_classes
LOCAC_11,LOCAC,11.0,primary_coolant_boundary_break,primary_coolant_boundary_break,0.6970656283239065,0.85,True,False,random,seed_20265966,random_or_blocked,1.0,True,True,high_gap_or_above_split_median,RI_LOCAC_SLBIC
LOCAC_15,LOCAC,15.0,primary_coolant_boundary_break,primary_coolant_boundary_break,0.9205778990143912,0.85,False,True,random,seed_20265966,random_or_blocked,1.0,True,True,high_gap_or_above_split_median,RI_LOCAC_SLBIC
LOCAC_24,LOCAC,24.0,primary_coolant_boundary_break,primary_coolant_boundary_break,0.9205273436437238,0.85,False,True,random,seed_20265966,random_or_blocked,2.0,True,True,high_gap_or_above_split_median,RI_LOCAC_SLBIC
LOCAC_25,LOCAC,25.0,primary_coolant_boundary_break,primary_coolant_boundary_break,0.9302954033389454,0.85,False,True,random,seed_20265966,random_or_blocked,3.0,True,True,high_gap_or_above_split_median,RI_LOCAC_SLBIC
LOCAC_27,LOCAC,27.0,primary_coolant_boundary_break,primary_coolant_boundary_break,0.9302954033389454,0.85,False,True,random,seed_20265966,random_or_blocked,1.0,True,True,high_gap_or_above_split_median,RI_LOCAC_SLBIC
LOCAC_3,LOCAC,3.0,primary_coolant_boundary_break,primary_coolant_boundary_break,0.9284501216111204,0.85,False,True,random,seed_20265966,random_or_blocked,1.0,True,True,high_gap_or_above_split_median,RI_LOCAC_SLBIC
LOCAC_36,LOCAC,36.0,primary_coolant_boundary_break,primary_coolant_boundary_break,0.9301165136424092,0.85,False,True,random,seed_20265966,random_or_blocked,1.0,True,True,high_gap_or_above_split_median,RI_LOCAC_SLBIC
LOCAC_42,LOCAC,42.0,primary_coolant_boundary_break,primary_coolant_boundary_break,0.9301165136424092,0.85,False,True,random,seed_20265966,random_or_blocked,1.0,True,True,high_gap_or_above_split_median,RI_LOCAC_SLBIC
LOCAC_45,LOCAC,45.0,primary_coolant_boundary_break,primary_coolant_boundary_break,0.9301080176483154,0.85,False,True,random,seed_20265966,random_or_blocked,1.0,True,True,high_gap_or_above_split_median,RI_LOCAC_SLBIC
LOCAC_46,LOCAC,46.0,primary_coolant_boundary_break,primary_coolant_boundary_break,0.9278610969737461,0.85,False,True,random,seed_20265966,random_or_blocked,1.0,True,True,high_gap_or_above_split_median,RI_LOCAC_SLBIC
LOCAC_5,LOCAC,5.0,primary_coolant_boundary_break,primary_coolant_boundary_break,0.9310129648470822,0.85,False,True,random,seed_20265966,random_or_blocked,1.0,True,True,high_gap_or_above_split_median,RI_LOCAC_SLBIC
LOCAC_53,LOCAC,53.0,primary_coolant_boundary_break,primary_coolant_boundary_break,0.9210599068341192,0.85,False,True,random,seed_20265966,random_or_blocked,1.0,True,True,high_gap_or_above_split_median,RI_LOCAC_SLBIC
LOCAC_59,LOCAC,59.0,primary_coolant_boundary_break,primary_coolant_boundary_break,0.9281206886458166,0.85,False,True,random,seed_20265966,random_or_blocked,1.0,True,True,high_gap_or_above_split_median,RI_LOCAC_SLBIC
LOCAC_64,LOCAC,64.0,primary_coolant_boundary_break,primary_coolant_boundary_break,0.9281288183650191,0.85,False,True,random,seed_20265966,random_or_blocked,1.0,True,True,high_gap_or_above_split_median,RI_LOCAC_SLBIC
LOCAC_71,LOCAC,71.0,primary_coolant_boundary_break,primary_coolant_boundary_break,0.9237320153760777,0.85,False,True,random,seed_20265966,random_or_blocked,1.0,True,True,high_gap_or_above_split_median,RI_LOCAC_SLBIC
LOCAC_76,LOCAC,76.0,primary_coolant_boundary_break,primary_coolant_boundary_break,0.9146778139641677,0.85,False,True,random,seed_20265966,random_or_blocked,1.0,True,True,high_gap_or_above_split_median,RI_LOCAC_SLBIC
LOCA_16,LOCA,16.0,primary_coolant_boundary_break,primary_coolant_boundary_break,0.930033358948241,0.85,False,True,random,seed_20265966,random_or_blocked,1.0,False,True,high_gap_or_above_split_median,other_classes
LOCA_21,LOCA,21.0,primary_coolant_boundary_break,primary_coolant_boundary_break,0.9377886772532465,0.85,False,True,random,seed_20265966,random_or_blocked,1.0,False,True,high_gap_or_above_split_median,other_classes
LOCA_23,LOCA,23.0,primary_coolant_boundary_break,primary_coolant_boundary_break,0.9379434688965279,0.85,False,True,random,seed_20265966,random_or_blocked,1.0,False,True,high_gap_or_above_split_median,other_classes
LOCA_28,LOCA,28.0,primary_coolant_boundary_break,primary_coolant_boundary_break,0.9377703567278047,0.85,False,True,random,seed_20265966,random_or_blocked,2.0,False,True,high_gap_or_above_split_median,other_classes
LOCA_39,LOCA,39.0,primary_coolant_boundary_break,primary_coolant_boundary_break,0.9350680770609837,0.85,False,True,random,seed_20265966,random_or_blocked,1.0,False,True,high_gap_or_above_split_median,other_classes
LOCA_40,LOCA,40.0,primary_coolant_boundary_break,primary_coolant_boundary_break,0.9350680770609837,0.85,False,True,random,seed_20265966,random_or_blocked,1.0,False,True,high_gap_or_above_split_median,other_classes
LOCA_42,LOCA,42.0,primary_coolant_boundary_break,primary_coolant_boundary_break,0.9350680770609837,0.85,False,True,random,seed_20265966,random_or_blocked,1.0,False,True,high_gap_or_above_split_median,other_classes
LOCA_5,LOCA,5.0,primary_coolant_boundary_break,primary_coolant_boundary_break,0.9386048924404998,0.85,False,True,random,seed_20265966,random_or_blocked,1.0,False,True,high_gap_or_above_split_median,other_classes
LOCA_53,LOCA,53.0,primary_coolant_boundary_break,primary_coolant_boundary_break,0.9305501812178397,0.85,False,True,random,seed_20265966,random_or_blocked,1.0,False,True,high_gap_or_above_split_median,other_classes
LOCA_60,LOCA,60.0,primary_coolant_boundary_break,primary_coolant_boundary_break,0.9303777370344329,0.85,False,True,random,seed_20265966,random_or_blocked,1.0,False,True,high_gap_or_above_split_median,other_classes
LOCA_64,LOCA,64.0,primary_coolant_boundary_break,primary_coolant_boundary_break,0.9299231542915312,0.85,False,True,random,seed_20265966,random_or_blocked,1.0,False,True,high_gap_or_above_split_median,other_classes
LOCA_65,LOCA,65.0,primary_coolant_boundary_break,primary_coolant_boundary_break,0.9301882158844875,0.85,False,True,random,seed_20265966,random_or_blocked,1.0,False,True,high_gap_or_above_split_median,other_classes
LOCA_71,LOCA,71.0,primary_coolant_boundary_break,primary_coolant_boundary_break,0.9298927304184293,0.85,False,True,random,seed_20265966,random_or_blocked,3.0,False,True,high_gap_or_above_split_median,other_classes
LOCA_73,LOCA,73.0,primary_coolant_boundary_break,primary_coolant_boundary_break,0.9301882158844875,0.85,False,True,random,seed_20265966,random_or_blocked,1.0,False,True,high_gap_or_above_split_median,other_classes
LOCA_9,LOCA,9.0,primary_coolant_boundary_break,primary_coolant_boundary_break,0.9345156585918287,0.85,False,True,random,seed_20265966,random_or_blocked,1.0,False,True,high_gap_or_above_split_median,other_classes
LR_70,LR,70.0,turbine_and_load_transient,turbine_and_load_transient,0.9145534963875072,0.85,False,True,random,seed_20265966,random_or_blocked,4.0,False,True,high_gap_or_above_split_median,other_classes
LR_72,LR,72.0,turbine_and_load_transient,turbine_and_load_transient,0.9145534963875072,0.85,False,True,random,seed_20265966,random_or_blocked,2.0,False,True,high_gap_or_above_split_median,other_classes
LR_82,LR,82.0,turbine_and_load_transient,turbine_and_load_transient,0.9145534963875072,0.85,False,True,random,seed_20265966,random_or_blocked,1.0,False,True,high_gap_or_above_split_median,other_classes
LR_89,LR,89.0,turbine_and_load_transient,turbine_and_load_transient,0.9145534963875072,0.85,False,True,random,seed_20265966,random_or_blocked,1.0,False,True,high_gap_or_above_split_median,other_classes
LR_93,LR,93.0,turbine_and_load_transient,turbine_and_load_transient,0.8422701060214374,0.85,True,False,random,seed_20265966,random_or_blocked,1.0,False,True,high_gap_or_above_split_median,other_classes
RI_-13,RI,-13.0,reactivity_and_control,reactivity_and_control,0.8137660259278545,0.85,True,False,random,seed_20265966,random_or_blocked,1.0,True,True,high_gap_or_above_split_median,RI_LOCAC_SLBIC
RI_-23,RI,-23.0,reactivity_and_control,reactivity_and_control,0.8021890380598362,0.85,True,False,random,seed_20265966,random_or_blocked,1.0,True,True,high_gap_or_above_split_median,RI_LOCAC_SLBIC
RI_-26,RI,-26.0,reactivity_and_control,reactivity_and_control,0.8010873453067262,0.85,True,False,random,seed_20265966,random_or_blocked,1.0,True,True,high_gap_or_above_split_median,RI_LOCAC_SLBIC
RI_-30,RI,-30.0,reactivity_and_control,reactivity_and_control,0.8056284630964846,0.85,True,False,random,seed_20265966,random_or_blocked,1.0,True,True,high_gap_or_above_split_median,RI_LOCAC_SLBIC
RI_-32,RI,-32.0,reactivity_and_control,reactivity_and_control,0.8056284630964846,0.85,True,False,random,seed_20265966,random_or_blocked,1.0,True,True,high_gap_or_above_split_median,RI_LOCAC_SLBIC
RI_-33,RI,-33.0,reactivity_and_control,reactivity_and_control,0.8056284630964846,0.85,True,False,random,seed_20265966,random_or_blocked,2.0,True,True,high_gap_or_above_split_median,RI_LOCAC_SLBIC
RI_-34,RI,-34.0,reactivity_and_control,reactivity_and_control,0.7986497835907037,0.85,True,False,random,seed_20265966,random_or_blocked,3.0,True,True,high_gap_or_above_split_median,RI_LOCAC_SLBIC
SGATR_79,SGATR,79.0,steam_generator_tube_rupture,steam_generator_tube_rupture,0.9289835015900385,0.85,False,True,random,seed_20265966,random_or_blocked,1.0,False,True,high_gap_or_above_split_median,other_classes
SGATR_83,SGATR,83.0,steam_generator_tube_rupture,steam_generator_tube_rupture,0.9287527018135501,0.85,False,True,random,seed_20265966,random_or_blocked,1.0,False,True,high_gap_or_above_split_median,other_classes
SGATR_84,SGATR,84.0,steam_generator_tube_rupture,steam_generator_tube_rupture,0.9287527018135501,0.85,False,True,random,seed_20265966,random_or_blocked,2.0,False,True,high_gap_or_above_split_median,other_classes
SGATR_85,SGATR,85.0,steam_generator_tube_rupture,steam_generator_tube_rupture,0.9287527018135501,0.85,False,True,random,seed_20265966,random_or_blocked,3.0,False,True,high_gap_or_above_split_median,other_classes
SGATR_86,SGATR,86.0,steam_generator_tube_rupture,steam_generator_tube_rupture,0.9287527018135501,0.85,False,True,random,seed_20265966,random_or_blocked,3.0,False,True,high_gap_or_above_split_median,other_classes
SGATR_87,SGATR,87.0,steam_generator_tube_rupture,steam_generator_tube_rupture,0.9287527018135501,0.85,False,True,random,seed_20265966,random_or_blocked,2.0,False,True,high_gap_or_above_split_median,other_classes
SGATR_90,SGATR,90.0,steam_generator_tube_rupture,steam_generator_tube_rupture,0.9287527018135501,0.85,False,True,random,seed_20265966,random_or_blocked,1.0,False,True,high_gap_or_above_split_median,other_classes
SGATR_98,SGATR,98.0,steam_generator_tube_rupture,steam_generator_tube_rupture,0.9279695396882504,0.85,False,True,random,seed_20265966,random_or_blocked,1.0,False,True,high_gap_or_above_split_median,other_classes
SGATR_99,SGATR,99.0,steam_generator_tube_rupture,steam_generator_tube_rupture,0.9279695396882504,0.85,False,True,random,seed_20265966,random_or_blocked,2.0,False,True,high_gap_or_above_split_median,other_classes
SGBTR_105,SGBTR,105.0,steam_generator_tube_rupture,steam_generator_tube_rupture,0.9233987160550091,0.85,False,True,random,seed_20265966,random_or_blocked,1.0,False,True,high_gap_or_above_split_median,other_classes
SGBTR_62,SGBTR,62.0,steam_generator_tube_rupture,steam_generator_tube_rupture,0.937293242261287,0.85,False,True,random,seed_20265966,random_or_blocked,1.0,False,True,high_gap_or_above_split_median,other_classes
SGBTR_64,SGBTR,64.0,steam_generator_tube_rupture,steam_generator_tube_rupture,0.937293242261287,0.85,False,True,random,seed_20265966,random_or_blocked,1.0,False,True,high_gap_or_above_split_median,other_classes
SGBTR_70,SGBTR,70.0,steam_generator_tube_rupture,steam_generator_tube_rupture,0.9381914675003941,0.85,False,True,random,seed_20265966,random_or_blocked,1.0,False,True,high_gap_or_above_split_median,other_classes
SGBTR_73,SGBTR,73.0,steam_generator_tube_rupture,steam_generator_tube_rupture,0.9381914675003941,0.85,False,True,random,seed_20265966,random_or_blocked,1.0,False,True,high_gap_or_above_split_median,other_classes
SGBTR_80,SGBTR,80.0,steam_generator_tube_rupture,steam_generator_tube_rupture,0.9381914675003941,0.85,False,True,random,seed_20265966,random_or_blocked,2.0,False,True,high_gap_or_above_split_median,other_classes
SGBTR_81,SGBTR,81.0,steam_generator_tube_rupture,steam_generator_tube_rupture,0.9381914675003941,0.85,False,True,random,seed_20265966,random_or_blocked,1.0,False,True,high_gap_or_above_split_median,other_classes
SGBTR_84,SGBTR,84.0,steam_generator_tube_rupture,steam_generator_tube_rupture,0.935493219070145,0.85,False,True,random,seed_20265966,random_or_blocked,1.0,False,True,high_gap_or_above_split_median,other_classes
SGBTR_85,SGBTR,85.0,steam_generator_tube_rupture,steam_generator_tube_rupture,0.935493219070145,0.85,False,True,random,seed_20265966,random_or_blocked,1.0,False,True,high_gap_or_above_split_median,other_classes
SGBTR_92,SGBTR,92.0,steam_generator_tube_rupture,steam_generator_tube_rupture,0.9318293144303295,0.85,False,True,random,seed_20265966,random_or_blocked,1.0,False,True,high_gap_or_above_split_median,other_classes
SGBTR_93,SGBTR,93.0,steam_generator_tube_rupture,steam_generator_tube_rupture,0.9318293144303295,0.85,False,True,random,seed_20265966,random_or_blocked,1.0,False,True,high_gap_or_above_split_median,other_classes
SLBIC_14,SLBIC,14.0,steam_line_break,steam_line_break,0.6621027723463104,0.85,True,False,random,seed_20265966,random_or_blocked,2.0,True,True,high_gap_or_above_split_median,RI_LOCAC_SLBIC
SLBIC_17,SLBIC,17.0,steam_line_break,steam_line_break,0.705949978577492,0.85,True,False,random,seed_20265966,random_or_blocked,1.0,True,True,high_gap_or_above_split_median,RI_LOCAC_SLBIC
SLBIC_18,SLBIC,18.0,steam_line_break,steam_line_break,0.6558159808683661,0.85,True,False,random,seed_20265966,random_or_blocked,1.0,True,True,high_gap_or_above_split_median,RI_LOCAC_SLBIC
SLBIC_21,SLBIC,21.0,steam_line_break,steam_line_break,0.7918220905285428,0.85,True,False,random,seed_20265966,random_or_blocked,1.0,True,True,high_gap_or_above_split_median,RI_LOCAC_SLBIC
SLBIC_27,SLBIC,27.0,steam_line_break,steam_line_break,0.8099199472379475,0.85,True,False,random,seed_20265966,random_or_blocked,1.0,True,True,high_gap_or_above_split_median,RI_LOCAC_SLBIC
SLBIC_33,SLBIC,33.0,steam_line_break,steam_line_break,0.8102732956592075,0.85,True,False,random,seed_20265966,random_or_blocked,1.0,True,True,high_gap_or_above_split_median,RI_LOCAC_SLBIC
SLBIC_36,SLBIC,36.0,steam_line_break,steam_line_break,0.8102732956592075,0.85,True,False,random,seed_20265966,random_or_blocked,1.0,True,True,high_gap_or_above_split_median,RI_LOCAC_SLBIC
SLBIC_37,SLBIC,37.0,steam_line_break,steam_line_break,0.8102732956592075,0.85,True,False,random,seed_20265966,random_or_blocked,2.0,True,True,high_gap_or_above_split_median,RI_LOCAC_SLBIC
SLBIC_38,SLBIC,38.0,steam_line_break,steam_line_break,0.8102732956592075,0.85,True,False,random,seed_20265966,random_or_blocked,1.0,True,True,high_gap_or_above_split_median,RI_LOCAC_SLBIC
SLBIC_52,SLBIC,52.0,steam_line_break,steam_line_break,0.9453049999956136,0.85,False,True,random,seed_20265966,random_or_blocked,1.0,True,True,high_gap_or_above_split_median,RI_LOCAC_SLBIC
SLBIC_59,SLBIC,59.0,steam_line_break,steam_line_break,0.9519525978962299,0.85,False,True,random,seed_20265966,random_or_blocked,1.0,True,True,high_gap_or_above_split_median,RI_LOCAC_SLBIC
SLBIC_61,SLBIC,61.0,steam_line_break,steam_line_break,0.9519525978962299,0.85,False,True,random,seed_20265966,random_or_blocked,1.0,True,True,high_gap_or_above_split_median,RI_LOCAC_SLBIC
SLBIC_65,SLBIC,65.0,steam_line_break,steam_line_break,0.9519525978962299,0.85,False,True,random,seed_20265966,random_or_blocked,1.0,True,True,high_gap_or_above_split_median,RI_LOCAC_SLBIC
SLBIC_71,SLBIC,71.0,steam_line_break,steam_line_break,0.9207934546923406,0.85,False,True,random,seed_20265966,random_or_blocked,1.0,True,True,high_gap_or_above_split_median,RI_LOCAC_SLBIC
SLBIC_78,SLBIC,78.0,steam_line_break,steam_line_break,0.919908734080956,0.85,False,True,random,seed_20265966,random_or_blocked,1.0,True,True,high_gap_or_above_split_median,RI_LOCAC_SLBIC
SLBIC_81,SLBIC,81.0,steam_line_break,steam_line_break,0.919855952368203,0.85,False,True,random,seed_20265966,random_or_blocked,1.0,True,True,high_gap_or_above_split_median,RI_LOCAC_SLBIC
SLBIC_86,SLBIC,86.0,steam_line_break,steam_line_break,0.8886389574319441,0.85,False,True,random,seed_20265966,random_or_blocked,1.0,True,True,high_gap_or_above_split_median,RI_LOCAC_SLBIC
SLBIC_98,SLBIC,98.0,steam_line_break,steam_line_break,0.8769632223309319,0.85,False,True,random,seed_20265966,random_or_blocked,1.0,True,True,high_gap_or_above_split_median,RI_LOCAC_SLBIC
FLB_15,FLB,15.0,feedwater_line_break,feedwater_line_break,0.89869962699634,0.0,False,True,random,seed_20266975,random_or_blocked,1.0,False,True,high_gap_or_above_split_median,other_classes
FLB_20,FLB,20.0,feedwater_line_break,feedwater_line_break,0.89869962699634,0.0,False,True,random,seed_20266975,random_or_blocked,1.0,False,True,high_gap_or_above_split_median,other_classes
FLB_26,FLB,26.0,feedwater_line_break,feedwater_line_break,0.89869962699634,0.0,False,True,random,seed_20266975,random_or_blocked,1.0,False,True,high_gap_or_above_split_median,other_classes
FLB_32,FLB,32.0,feedwater_line_break,feedwater_line_break,0.89869962699634,0.0,False,True,random,seed_20266975,random_or_blocked,2.0,False,True,high_gap_or_above_split_median,other_classes
FLB_33,FLB,33.0,feedwater_line_break,feedwater_line_break,0.89869962699634,0.0,False,True,random,seed_20266975,random_or_blocked,3.0,False,True,high_gap_or_above_split_median,other_classes
FLB_35,FLB,35.0,feedwater_line_break,feedwater_line_break,0.89869962699634,0.0,False,True,random,seed_20266975,random_or_blocked,1.0,False,True,high_gap_or_above_split_median,other_classes
FLB_4,FLB,4.0,feedwater_line_break,feedwater_line_break,0.89869962699634,0.0,False,True,random,seed_20266975,random_or_blocked,1.0,False,True,high_gap_or_above_split_median,other_classes
FLB_44,FLB,44.0,feedwater_line_break,feedwater_line_break,0.89869962699634,0.0,False,True,random,seed_20266975,random_or_blocked,1.0,False,True,high_gap_or_above_split_median,other_classes
FLB_45,FLB,45.0,feedwater_line_break,feedwater_line_break,0.89869962699634,0.0,False,True,random,seed_20266975,random_or_blocked,1.0,False,True,high_gap_or_above_split_median,other_classes
FLB_49,FLB,49.0,feedwater_line_break,feedwater_line_break,0.89869962699634,0.0,False,True,random,seed_20266975,random_or_blocked,1.0,False,True,high_gap_or_above_split_median,other_classes
FLB_51,FLB,51.0,feedwater_line_break,feedwater_line_break,0.89869962699634,0.0,False,True,random,seed_20266975,random_or_blocked,1.0,False,True,high_gap_or_above_split_median,other_classes
FLB_57,FLB,57.0,feedwater_line_break,feedwater_line_break,0.89869962699634,0.0,False,True,random,seed_20266975,random_or_blocked,1.0,False,True,high_gap_or_above_split_median,other_classes
FLB_6,FLB,6.0,feedwater_line_break,feedwater_line_break,0.89869962699634,0.0,False,True,random,seed_20266975,random_or_blocked,1.0,False,True,high_gap_or_above_split_median,other_classes
FLB_72,FLB,72.0,feedwater_line_break,feedwater_line_break,0.89869962699634,0.0,False,True,random,seed_20266975,random_or_blocked,1.0,False,True,high_gap_or_above_split_median,other_classes
FLB_80,FLB,80.0,feedwater_line_break,feedwater_line_break,0.89869962699634,0.0,False,True,random,seed_20266975,random_or_blocked,1.0,False,True,high_gap_or_above_split_median,other_classes
FLB_82,FLB,82.0,feedwater_line_break,feedwater_line_break,0.89869962699634,0.0,False,True,random,seed_20266975,random_or_blocked,1.0,False,True,high_gap_or_above_split_median,other_classes
FLB_86,FLB,86.0,feedwater_line_break,feedwater_line_break,0.89869962699634,0.0,False,True,random,seed_20266975,random_or_blocked,2.0,False,True,high_gap_or_above_split_median,other_classes
FLB_9,FLB,9.0,feedwater_line_break,feedwater_line_break,0.89869962699634,0.0,False,True,random,seed_20266975,random_or_blocked,1.0,False,True,high_gap_or_above_split_median,other_classes
FLB_92,FLB,92.0,feedwater_line_break,feedwater_line_break,0.89869962699634,0.0,False,True,random,seed_20266975,random_or_blocked,1.0,False,True,high_gap_or_above_split_median,other_classes
FLB_98,FLB,98.0,feedwater_line_break,feedwater_line_break,0.89869962699634,0.0,False,True,random,seed_20266975,random_or_blocked,1.0,False,True,high_gap_or_above_split_median,other_classes
LOCAC_1,LOCAC,1.0,primary_coolant_boundary_break,primary_coolant_boundary_break,0.8602912214581068,0.0,False,True,random,seed_20266975,random_or_blocked,1.0,True,True,high_gap_or_above_split_median,RI_LOCAC_SLBIC
LOCAC_17,LOCAC,17.0,primary_coolant_boundary_break,primary_coolant_boundary_break,0.918382156478013,0.0,False,True,random,seed_20266975,random_or_blocked,1.0,True,True,high_gap_or_above_split_median,RI_LOCAC_SLBIC
LOCAC_20,LOCAC,20.0,primary_coolant_boundary_break,primary_coolant_boundary_break,0.918382156478013,0.0,False,True,random,seed_20266975,random_or_blocked,2.0,True,True,high_gap_or_above_split_median,RI_LOCAC_SLBIC
LOCAC_27,LOCAC,27.0,primary_coolant_boundary_break,primary_coolant_boundary_break,0.9182798801956228,0.0,False,True,random,seed_20266975,random_or_blocked,1.0,True,True,high_gap_or_above_split_median,RI_LOCAC_SLBIC
LOCAC_31,LOCAC,31.0,primary_coolant_boundary_break,primary_coolant_boundary_break,0.9182992871384575,0.0,False,True,random,seed_20266975,random_or_blocked,1.0,True,True,high_gap_or_above_split_median,RI_LOCAC_SLBIC
LOCAC_35,LOCAC,35.0,primary_coolant_boundary_break,primary_coolant_boundary_break,0.9104217351214806,0.0,False,True,random,seed_20266975,random_or_blocked,1.0,True,True,high_gap_or_above_split_median,RI_LOCAC_SLBIC
LOCAC_38,LOCAC,38.0,primary_coolant_boundary_break,primary_coolant_boundary_break,0.918382156478013,0.0,False,True,random,seed_20266975,random_or_blocked,1.0,True,True,high_gap_or_above_split_median,RI_LOCAC_SLBIC
LOCAC_41,LOCAC,41.0,primary_coolant_boundary_break,primary_coolant_boundary_break,0.9160652630910066,0.0,False,True,random,seed_20266975,random_or_blocked,1.0,True,True,high_gap_or_above_split_median,RI_LOCAC_SLBIC
LOCAC_44,LOCAC,44.0,primary_coolant_boundary_break,primary_coolant_boundary_break,0.9160513743286257,0.0,False,True,random,seed_20266975,random_or_blocked,1.0,True,True,high_gap_or_above_split_median,RI_LOCAC_SLBIC
LOCAC_45,LOCAC,45.0,primary_coolant_boundary_break,primary_coolant_boundary_break,0.9141707933218703,0.0,False,True,random,seed_20266975,random_or_blocked,1.0,True,True,high_gap_or_above_split_median,RI_LOCAC_SLBIC
LOCAC_56,LOCAC,56.0,primary_coolant_boundary_break,primary_coolant_boundary_break,0.9054936707426293,0.0,False,True,random,seed_20266975,random_or_blocked,1.0,True,True,high_gap_or_above_split_median,RI_LOCAC_SLBIC
LOCAC_60,LOCAC,60.0,primary_coolant_boundary_break,primary_coolant_boundary_break,0.9144126784155847,0.0,False,True,random,seed_20266975,random_or_blocked,1.0,True,True,high_gap_or_above_split_median,RI_LOCAC_SLBIC
LOCAC_68,LOCAC,68.0,primary_coolant_boundary_break,primary_coolant_boundary_break,0.9087110941469736,0.0,False,True,random,seed_20266975,random_or_blocked,1.0,True,True,high_gap_or_above_split_median,RI_LOCAC_SLBIC
LOCAC_71,LOCAC,71.0,primary_coolant_boundary_break,primary_coolant_boundary_break,0.9086619578832108,0.0,False,True,random,seed_20266975,random_or_blocked,1.0,True,True,high_gap_or_above_split_median,RI_LOCAC_SLBIC
LOCAC_73,LOCAC,73.0,primary_coolant_boundary_break,primary_coolant_boundary_break,0.9087110941469736,0.0,False,True,random,seed_20266975,random_or_blocked,1.0,True,True,high_gap_or_above_split_median,RI_LOCAC_SLBIC
LOCAC_75,LOCAC,75.0,primary_coolant_boundary_break,primary_coolant_boundary_break,0.9086883680572545,0.0,False,True,random,seed_20266975,random_or_blocked,1.0,True,True,high_gap_or_above_split_median,RI_LOCAC_SLBIC
LOCA_13,LOCA,13.0,primary_coolant_boundary_break,primary_coolant_boundary_break,0.916800319812248,0.0,False,True,random,seed_20266975,random_or_blocked,1.0,False,True,high_gap_or_above_split_median,other_classes
LOCA_17,LOCA,17.0,primary_coolant_boundary_break,primary_coolant_boundary_break,0.9168292381164321,0.0,False,True,random,seed_20266975,random_or_blocked,1.0,False,True,high_gap_or_above_split_median,other_classes
LOCA_3,LOCA,3.0,primary_coolant_boundary_break,primary_coolant_boundary_break,0.903569379444805,0.0,False,True,random,seed_20266975,random_or_blocked,1.0,False,True,high_gap_or_above_split_median,other_classes
LOCA_31,LOCA,31.0,primary_coolant_boundary_break,primary_coolant_boundary_break,0.9199845328985097,0.0,False,True,random,seed_20266975,random_or_blocked,1.0,False,True,high_gap_or_above_split_median,other_classes
LOCA_38,LOCA,38.0,primary_coolant_boundary_break,primary_coolant_boundary_break,0.9198490401045586,0.0,False,True,random,seed_20266975,random_or_blocked,1.0,False,True,high_gap_or_above_split_median,other_classes
LOCA_4,LOCA,4.0,primary_coolant_boundary_break,primary_coolant_boundary_break,0.9195651289875794,0.0,False,True,random,seed_20266975,random_or_blocked,1.0,False,True,high_gap_or_above_split_median,other_classes
LOCA_41,LOCA,41.0,primary_coolant_boundary_break,primary_coolant_boundary_break,0.919559686968146,0.0,False,True,random,seed_20266975,random_or_blocked,2.0,False,True,high_gap_or_above_split_median,other_classes
LOCA_52,LOCA,52.0,primary_coolant_boundary_break,primary_coolant_boundary_break,0.9154316192215672,0.0,False,True,random,seed_20266975,random_or_blocked,1.0,False,True,high_gap_or_above_split_median,other_classes
LOCA_54,LOCA,54.0,primary_coolant_boundary_break,primary_coolant_boundary_break,0.9152888510725677,0.0,False,True,random,seed_20266975,random_or_blocked,1.0,False,True,high_gap_or_above_split_median,other_classes
LOCA_56,LOCA,56.0,primary_coolant_boundary_break,primary_coolant_boundary_break,0.9154316192215672,0.0,False,True,random,seed_20266975,random_or_blocked,2.0,False,True,high_gap_or_above_split_median,other_classes
LOCA_62,LOCA,62.0,primary_coolant_boundary_break,primary_coolant_boundary_break,0.9145787217759495,0.0,False,True,random,seed_20266975,random_or_blocked,1.0,False,True,high_gap_or_above_split_median,other_classes
LOCA_65,LOCA,65.0,primary_coolant_boundary_break,primary_coolant_boundary_break,0.9141820887014884,0.0,False,True,random,seed_20266975,random_or_blocked,1.0,False,True,high_gap_or_above_split_median,other_classes
LOCA_67,LOCA,67.0,primary_coolant_boundary_break,primary_coolant_boundary_break,0.9139657198964038,0.0,False,True,random,seed_20266975,random_or_blocked,2.0,False,True,high_gap_or_above_split_median,other_classes
LOCA_68,LOCA,68.0,primary_coolant_boundary_break,primary_coolant_boundary_break,0.9136806329978039,0.0,False,True,random,seed_20266975,random_or_blocked,1.0,False,True,high_gap_or_above_split_median,other_classes
LOCA_76,LOCA,76.0,primary_coolant_boundary_break,primary_coolant_boundary_break,0.9106280296283996,0.0,False,True,random,seed_20266975,random_or_blocked,1.0,False,True,high_gap_or_above_split_median,other_classes
LR_74,LR,74.0,turbine_and_load_transient,turbine_and_load_transient,0.9010137380112818,0.0,False,True,random,seed_20266975,random_or_blocked,2.0,False,True,high_gap_or_above_split_median,other_classes
LR_84,LR,84.0,turbine_and_load_transient,turbine_and_load_transient,0.9010137380112818,0.0,False,True,random,seed_20266975,random_or_blocked,2.0,False,True,high_gap_or_above_split_median,other_classes
LR_85,LR,85.0,turbine_and_load_transient,turbine_and_load_transient,0.9010137380112818,0.0,False,True,random,seed_20266975,random_or_blocked,1.0,False,True,high_gap_or_above_split_median,other_classes
LR_88,LR,88.0,turbine_and_load_transient,turbine_and_load_transient,0.9010137380112818,0.0,False,True,random,seed_20266975,random_or_blocked,1.0,False,True,high_gap_or_above_split_median,other_classes
LR_99,LR,99.0,turbine_and_load_transient,turbine_and_load_transient,0.9010137380112818,0.0,False,True,random,seed_20266975,random_or_blocked,1.0,False,True,high_gap_or_above_split_median,other_classes
RI_-14,RI,-14.0,reactivity_and_control,reactivity_and_control,0.858226044381441,0.0,False,True,random,seed_20266975,random_or_blocked,1.0,True,True,high_gap_or_above_split_median,RI_LOCAC_SLBIC
RI_-17,RI,-17.0,reactivity_and_control,reactivity_and_control,0.8550164364924554,0.0,False,True,random,seed_20266975,random_or_blocked,1.0,True,True,high_gap_or_above_split_median,RI_LOCAC_SLBIC
RI_-26,RI,-26.0,reactivity_and_control,reactivity_and_control,0.8546321137474457,0.0,False,True,random,seed_20266975,random_or_blocked,2.0,True,True,high_gap_or_above_split_median,RI_LOCAC_SLBIC
RI_-27,RI,-27.0,reactivity_and_control,reactivity_and_control,0.8546321137474457,0.0,False,True,random,seed_20266975,random_or_blocked,1.0,True,True,high_gap_or_above_split_median,RI_LOCAC_SLBIC
RI_-34,RI,-34.0,reactivity_and_control,reactivity_and_control,0.8497854846416325,0.0,False,True,random,seed_20266975,random_or_blocked,1.0,True,True,high_gap_or_above_split_median,RI_LOCAC_SLBIC
RI_-8,RI,-8.0,reactivity_and_control,reactivity_and_control,0.7181332552462076,0.0,False,True,random,seed_20266975,random_or_blocked,2.0,True,True,high_gap_or_above_split_median,RI_LOCAC_SLBIC
RI_-9,RI,-9.0,reactivity_and_control,reactivity_and_control,0.723968722998739,0.0,False,True,random,seed_20266975,random_or_blocked,1.0,True,True,high_gap_or_above_split_median,RI_LOCAC_SLBIC
SGATR_58,SGATR,58.0,steam_generator_tube_rupture,steam_generator_tube_rupture,0.9002612020142686,0.0,False,True,random,seed_20266975,random_or_blocked,1.0,False,True,high_gap_or_above_split_median,other_classes
SGATR_62,SGATR,62.0,steam_generator_tube_rupture,steam_generator_tube_rupture,0.9002612020142686,0.0,False,True,random,seed_20266975,random_or_blocked,1.0,False,True,high_gap_or_above_split_median,other_classes
SGATR_67,SGATR,67.0,steam_generator_tube_rupture,steam_generator_tube_rupture,0.9166661787899867,0.0,False,True,random,seed_20266975,random_or_blocked,1.0,False,True,high_gap_or_above_split_median,other_classes
SGATR_68,SGATR,68.0,steam_generator_tube_rupture,steam_generator_tube_rupture,0.9166661787899867,0.0,False,True,random,seed_20266975,random_or_blocked,2.0,False,True,high_gap_or_above_split_median,other_classes
SGATR_69,SGATR,69.0,steam_generator_tube_rupture,steam_generator_tube_rupture,0.9166661787899867,0.0,False,True,random,seed_20266975,random_or_blocked,1.0,False,True,high_gap_or_above_split_median,other_classes
SGATR_72,SGATR,72.0,steam_generator_tube_rupture,steam_generator_tube_rupture,0.9166661787899867,0.0,False,True,random,seed_20266975,random_or_blocked,1.0,False,True,high_gap_or_above_split_median,other_classes
SGATR_80,SGATR,80.0,steam_generator_tube_rupture,steam_generator_tube_rupture,0.9113514889450905,0.0,False,True,random,seed_20266975,random_or_blocked,1.0,False,True,high_gap_or_above_split_median,other_classes
SGATR_86,SGATR,86.0,steam_generator_tube_rupture,steam_generator_tube_rupture,0.9116020085280482,0.0,False,True,random,seed_20266975,random_or_blocked,2.0,False,True,high_gap_or_above_split_median,other_classes
SGATR_91,SGATR,91.0,steam_generator_tube_rupture,steam_generator_tube_rupture,0.90834522791499,0.0,False,True,random,seed_20266975,random_or_blocked,1.0,False,True,high_gap_or_above_split_median,other_classes
SGBTR_104,SGBTR,104.0,steam_generator_tube_rupture,steam_generator_tube_rupture,0.902443704800233,0.0,False,True,random,seed_20266975,random_or_blocked,1.0,False,True,high_gap_or_above_split_median,other_classes
SGBTR_108,SGBTR,108.0,steam_generator_tube_rupture,steam_generator_tube_rupture,0.8586170093383372,0.0,False,True,random,seed_20266975,random_or_blocked,1.0,False,True,high_gap_or_above_split_median,other_classes
SGBTR_110,SGBTR,110.0,steam_generator_tube_rupture,steam_generator_tube_rupture,0.8504517985077872,0.0,False,True,random,seed_20266975,random_or_blocked,1.0,False,True,high_gap_or_above_split_median,other_classes
SGBTR_58,SGBTR,58.0,steam_generator_tube_rupture,steam_generator_tube_rupture,0.9163357634237914,0.0,False,True,random,seed_20266975,random_or_blocked,1.0,False,True,high_gap_or_above_split_median,other_classes
SGBTR_59,SGBTR,59.0,steam_generator_tube_rupture,steam_generator_tube_rupture,0.9163357634237914,0.0,False,True,random,seed_20266975,random_or_blocked,1.0,False,True,high_gap_or_above_split_median,other_classes
SGBTR_61,SGBTR,61.0,steam_generator_tube_rupture,steam_generator_tube_rupture,0.9163357634237914,0.0,False,True,random,seed_20266975,random_or_blocked,1.0,False,True,high_gap_or_above_split_median,other_classes
SGBTR_68,SGBTR,68.0,steam_generator_tube_rupture,steam_generator_tube_rupture,0.914165468634598,0.0,False,True,random,seed_20266975,random_or_blocked,1.0,False,True,high_gap_or_above_split_median,other_classes
SGBTR_84,SGBTR,84.0,steam_generator_tube_rupture,steam_generator_tube_rupture,0.9080125197991754,0.0,False,True,random,seed_20266975,random_or_blocked,1.0,False,True,high_gap_or_above_split_median,other_classes
SGBTR_86,SGBTR,86.0,steam_generator_tube_rupture,steam_generator_tube_rupture,0.9080125197991754,0.0,False,True,random,seed_20266975,random_or_blocked,3.0,False,True,high_gap_or_above_split_median,other_classes
SGBTR_87,SGBTR,87.0,steam_generator_tube_rupture,steam_generator_tube_rupture,0.9080125197991754,0.0,False,True,random,seed_20266975,random_or_blocked,2.0,False,True,high_gap_or_above_split_median,other_classes
SGBTR_92,SGBTR,92.0,steam_generator_tube_rupture,steam_generator_tube_rupture,0.9080125197991754,0.0,False,True,random,seed_20266975,random_or_blocked,1.0,False,True,high_gap_or_above_split_median,other_classes
SLBIC_18,SLBIC,18.0,steam_line_break,steam_line_break,0.5988850851371406,0.0,False,True,random,seed_20266975,random_or_blocked,1.0,True,True,high_gap_or_above_split_median,RI_LOCAC_SLBIC
SLBIC_20,SLBIC,20.0,steam_line_break,steam_line_break,0.5988850851371406,0.0,False,True,random,seed_20266975,random_or_blocked,1.0,True,True,high_gap_or_above_split_median,RI_LOCAC_SLBIC
SLBIC_23,SLBIC,23.0,steam_line_break,steam_line_break,0.5884794040577828,0.0,False,True,random,seed_20266975,random_or_blocked,1.0,True,True,high_gap_or_above_split_median,RI_LOCAC_SLBIC
SLBIC_26,SLBIC,26.0,steam_line_break,primary_coolant_boundary_break,0.6537542316290476,0.0,False,True,random,seed_20266975,random_or_blocked,1.0,True,True,high_gap_or_above_split_median,RI_LOCAC_SLBIC
SLBIC_29,SLBIC,29.0,steam_line_break,steam_line_break,0.7896702841398451,0.0,False,True,random,seed_20266975,random_or_blocked,1.0,True,True,high_gap_or_above_split_median,RI_LOCAC_SLBIC
SLBIC_33,SLBIC,33.0,steam_line_break,steam_line_break,0.7824099761443101,0.0,False,True,random,seed_20266975,random_or_blocked,1.0,True,True,high_gap_or_above_split_median,RI_LOCAC_SLBIC
SLBIC_34,SLBIC,34.0,steam_line_break,steam_line_break,0.8053304774262169,0.0,False,True,random,seed_20266975,random_or_blocked,2.0,True,True,high_gap_or_above_split_median,RI_LOCAC_SLBIC
SLBIC_44,SLBIC,44.0,steam_line_break,steam_line_break,0.9319745600082954,0.0,False,True,random,seed_20266975,random_or_blocked,1.0,True,True,high_gap_or_above_split_median,RI_LOCAC_SLBIC
SLBIC_48,SLBIC,48.0,steam_line_break,steam_line_break,0.9319997881718396,0.0,False,True,random,seed_20266975,random_or_blocked,1.0,True,True,high_gap_or_above_split_median,RI_LOCAC_SLBIC
SLBIC_56,SLBIC,56.0,steam_line_break,steam_line_break,0.9481649770881379,0.0,False,True,random,seed_20266975,random_or_blocked,1.0,True,True,high_gap_or_above_split_median,RI_LOCAC_SLBIC
SLBIC_59,SLBIC,59.0,steam_line_break,steam_line_break,0.9441712254938273,0.0,False,True,random,seed_20266975,random_or_blocked,1.0,True,True,high_gap_or_above_split_median,RI_LOCAC_SLBIC
SLBIC_64,SLBIC,64.0,steam_line_break,steam_line_break,0.9157906670477541,0.0,False,True,random,seed_20266975,random_or_blocked,1.0,True,True,high_gap_or_above_split_median,RI_LOCAC_SLBIC
SLBIC_66,SLBIC,66.0,steam_line_break,steam_line_break,0.9157906670477541,0.0,False,True,random,seed_20266975,random_or_blocked,2.0,True,True,high_gap_or_above_split_median,RI_LOCAC_SLBIC
SLBIC_72,SLBIC,72.0,steam_line_break,steam_line_break,0.9152619757187695,0.0,False,True,random,seed_20266975,random_or_blocked,1.0,True,True,high_gap_or_above_split_median,RI_LOCAC_SLBIC
SLBIC_75,SLBIC,75.0,steam_line_break,steam_line_break,0.9152501480645855,0.0,False,True,random,seed_20266975,random_or_blocked,1.0,True,True,high_gap_or_above_split_median,RI_LOCAC_SLBIC
SLBIC_77,SLBIC,77.0,steam_line_break,steam_line_break,0.9152501480645855,0.0,False,True,random,seed_20266975,random_or_blocked,1.0,True,True,high_gap_or_above_split_median,RI_LOCAC_SLBIC
SLBIC_90,SLBIC,90.0,steam_line_break,steam_line_break,0.8615008089514423,0.0,False,True,random,seed_20266975,random_or_blocked,1.0,True,True,high_gap_or_above_split_median,RI_LOCAC_SLBIC
SLBIC_99,SLBIC,99.0,steam_line_break,steam_line_break,0.8748858484769194,0.0,False,True,random,seed_20266975,random_or_blocked,1.0,True,True,high_gap_or_above_split_median,RI_LOCAC_SLBIC
FLB_14,FLB,14.0,feedwater_line_break,feedwater_line_break,0.9108589079488931,0.8,False,True,random,seed_20267984,random_or_blocked,1.0,False,True,high_gap_or_above_split_median,other_classes
FLB_16,FLB,16.0,feedwater_line_break,feedwater_line_break,0.9108589079488931,0.8,False,True,random,seed_20267984,random_or_blocked,1.0,False,True,high_gap_or_above_split_median,other_classes
FLB_18,FLB,18.0,feedwater_line_break,feedwater_line_break,0.9108589079488931,0.8,False,True,random,seed_20267984,random_or_blocked,1.0,False,True,high_gap_or_above_split_median,other_classes
FLB_19,FLB,19.0,feedwater_line_break,feedwater_line_break,0.9108589079488931,0.8,False,True,random,seed_20267984,random_or_blocked,1.0,False,True,high_gap_or_above_split_median,other_classes
FLB_3,FLB,3.0,feedwater_line_break,feedwater_line_break,0.9108589079488931,0.8,False,True,random,seed_20267984,random_or_blocked,1.0,False,True,high_gap_or_above_split_median,other_classes
FLB_31,FLB,31.0,feedwater_line_break,feedwater_line_break,0.9108589079488931,0.8,False,True,random,seed_20267984,random_or_blocked,1.0,False,True,high_gap_or_above_split_median,other_classes
FLB_33,FLB,33.0,feedwater_line_break,feedwater_line_break,0.9108589079488931,0.8,False,True,random,seed_20267984,random_or_blocked,1.0,False,True,high_gap_or_above_split_median,other_classes
FLB_35,FLB,35.0,feedwater_line_break,feedwater_line_break,0.9108589079488931,0.8,False,True,random,seed_20267984,random_or_blocked,1.0,False,True,high_gap_or_above_split_median,other_classes
FLB_39,FLB,39.0,feedwater_line_break,feedwater_line_break,0.9108589079488931,0.8,False,True,random,seed_20267984,random_or_blocked,1.0,False,True,high_gap_or_above_split_median,other_classes
FLB_5,FLB,5.0,feedwater_line_break,feedwater_line_break,0.9108589079488931,0.8,False,True,random,seed_20267984,random_or_blocked,1.0,False,True,high_gap_or_above_split_median,other_classes
FLB_50,FLB,50.0,feedwater_line_break,feedwater_line_break,0.9108589079488931,0.8,False,True,random,seed_20267984,random_or_blocked,1.0,False,True,high_gap_or_above_split_median,other_classes
FLB_52,FLB,52.0,feedwater_line_break,feedwater_line_break,0.9108589079488931,0.8,False,True,random,seed_20267984,random_or_blocked,1.0,False,True,high_gap_or_above_split_median,other_classes
FLB_56,FLB,56.0,feedwater_line_break,feedwater_line_break,0.9108589079488931,0.8,False,True,random,seed_20267984,random_or_blocked,1.0,False,True,high_gap_or_above_split_median,other_classes
FLB_59,FLB,59.0,feedwater_line_break,feedwater_line_break,0.9108589079488931,0.8,False,True,random,seed_20267984,random_or_blocked,1.0,False,True,high_gap_or_above_split_median,other_classes
FLB_65,FLB,65.0,feedwater_line_break,feedwater_line_break,0.9108589079488931,0.8,False,True,random,seed_20267984,random_or_blocked,1.0,False,True,high_gap_or_above_split_median,other_classes
FLB_74,FLB,74.0,feedwater_line_break,feedwater_line_break,0.9108589079488931,0.8,False,True,random,seed_20267984,random_or_blocked,1.0,False,True,high_gap_or_above_split_median,other_classes
FLB_80,FLB,80.0,feedwater_line_break,feedwater_line_break,0.9108589079488931,0.8,False,True,random,seed_20267984,random_or_blocked,1.0,False,True,high_gap_or_above_split_median,other_classes
FLB_85,FLB,85.0,feedwater_line_break,feedwater_line_break,0.9108589079488931,0.8,False,True,random,seed_20267984,random_or_blocked,1.0,False,True,high_gap_or_above_split_median,other_classes
FLB_93,FLB,93.0,feedwater_line_break,feedwater_line_break,0.9108589079488931,0.8,False,True,random,seed_20267984,random_or_blocked,1.0,False,True,high_gap_or_above_split_median,other_classes
FLB_99,FLB,99.0,feedwater_line_break,feedwater_line_break,0.9108589079488931,0.8,False,True,random,seed_20267984,random_or_blocked,1.0,False,True,high_gap_or_above_split_median,other_classes
LOCAC_17,LOCAC,17.0,primary_coolant_boundary_break,primary_coolant_boundary_break,0.9377951411291244,0.8,False,True,random,seed_20267984,random_or_blocked,1.0,True,True,high_gap_or_above_split_median,RI_LOCAC_SLBIC
LOCAC_22,LOCAC,22.0,primary_coolant_boundary_break,primary_coolant_boundary_break,0.9358101707628529,0.8,False,True,random,seed_20267984,random_or_blocked,1.0,True,True,high_gap_or_above_split_median,RI_LOCAC_SLBIC
LOCAC_28,LOCAC,28.0,primary_coolant_boundary_break,primary_coolant_boundary_break,0.9375965448232821,0.8,False,True,random,seed_20267984,random_or_blocked,1.0,True,True,high_gap_or_above_split_median,RI_LOCAC_SLBIC
LOCAC_37,LOCAC,37.0,primary_coolant_boundary_break,primary_coolant_boundary_break,0.9350661897479025,0.8,False,True,random,seed_20267984,random_or_blocked,1.0,True,True,high_gap_or_above_split_median,RI_LOCAC_SLBIC
LOCAC_42,LOCAC,42.0,primary_coolant_boundary_break,primary_coolant_boundary_break,0.9334726633080334,0.8,False,True,random,seed_20267984,random_or_blocked,1.0,True,True,high_gap_or_above_split_median,RI_LOCAC_SLBIC
LOCAC_44,LOCAC,44.0,primary_coolant_boundary_break,primary_coolant_boundary_break,0.9318176485353664,0.8,False,True,random,seed_20267984,random_or_blocked,1.0,True,True,high_gap_or_above_split_median,RI_LOCAC_SLBIC
LOCAC_49,LOCAC,49.0,primary_coolant_boundary_break,primary_coolant_boundary_break,0.9318004764587302,0.8,False,True,random,seed_20267984,random_or_blocked,1.0,True,True,high_gap_or_above_split_median,RI_LOCAC_SLBIC
LOCAC_53,LOCAC,53.0,primary_coolant_boundary_break,primary_coolant_boundary_break,0.927573459991722,0.8,False,True,random,seed_20267984,random_or_blocked,1.0,True,True,high_gap_or_above_split_median,RI_LOCAC_SLBIC
LOCAC_63,LOCAC,63.0,primary_coolant_boundary_break,primary_coolant_boundary_break,0.9251949633417721,0.8,False,True,random,seed_20267984,random_or_blocked,1.0,True,True,high_gap_or_above_split_median,RI_LOCAC_SLBIC
LOCAC_69,LOCAC,69.0,primary_coolant_boundary_break,primary_coolant_boundary_break,0.9232653170362374,0.8,False,True,random,seed_20267984,random_or_blocked,1.0,True,True,high_gap_or_above_split_median,RI_LOCAC_SLBIC
LOCAC_71,LOCAC,71.0,primary_coolant_boundary_break,primary_coolant_boundary_break,0.9232653170362374,0.8,False,True,random,seed_20267984,random_or_blocked,1.0,True,True,high_gap_or_above_split_median,RI_LOCAC_SLBIC
LOCAC_73,LOCAC,73.0,primary_coolant_boundary_break,primary_coolant_boundary_break,0.9232653170362374,0.8,False,True,random,seed_20267984,random_or_blocked,1.0,True,True,high_gap_or_above_split_median,RI_LOCAC_SLBIC
LOCAC_76,LOCAC,76.0,primary_coolant_boundary_break,primary_coolant_boundary_break,0.9176364887128456,0.8,False,True,random,seed_20267984,random_or_blocked,1.0,True,True,high_gap_or_above_split_median,RI_LOCAC_SLBIC
LOCAC_77,LOCAC,77.0,primary_coolant_boundary_break,primary_coolant_boundary_break,0.9200624017610293,0.8,False,True,random,seed_20267984,random_or_blocked,2.0,True,True,high_gap_or_above_split_median,RI_LOCAC_SLBIC
LOCAC_8,LOCAC,8.0,primary_coolant_boundary_break,primary_coolant_boundary_break,0.9320526613223509,0.8,False,True,random,seed_20267984,random_or_blocked,1.0,True,True,high_gap_or_above_split_median,RI_LOCAC_SLBIC
LOCAC_9,LOCAC,9.0,primary_coolant_boundary_break,primary_coolant_boundary_break,0.9198677843055891,0.8,False,True,random,seed_20267984,random_or_blocked,1.0,True,True,high_gap_or_above_split_median,RI_LOCAC_SLBIC
LOCA_12,LOCA,12.0,primary_coolant_boundary_break,primary_coolant_boundary_break,0.934974971273212,0.8,False,True,random,seed_20267984,random_or_blocked,1.0,False,True,high_gap_or_above_split_median,other_classes
LOCA_21,LOCA,21.0,primary_coolant_boundary_break,primary_coolant_boundary_break,0.9411999286714307,0.8,False,True,random,seed_20267984,random_or_blocked,1.0,False,True,high_gap_or_above_split_median,other_classes
LOCA_28,LOCA,28.0,primary_coolant_boundary_break,primary_coolant_boundary_break,0.9410520962593698,0.8,False,True,random,seed_20267984,random_or_blocked,1.0,False,True,high_gap_or_above_split_median,other_classes
LOCA_31,LOCA,31.0,primary_coolant_boundary_break,primary_coolant_boundary_break,0.9396642476489927,0.8,False,True,random,seed_20267984,random_or_blocked,1.0,False,True,high_gap_or_above_split_median,other_classes
LOCA_4,LOCA,4.0,primary_coolant_boundary_break,primary_coolant_boundary_break,0.9411306447259733,0.8,False,True,random,seed_20267984,random_or_blocked,1.0,False,True,high_gap_or_above_split_median,other_classes
LOCA_41,LOCA,41.0,primary_coolant_boundary_break,primary_coolant_boundary_break,0.9391269029170731,0.8,False,True,random,seed_20267984,random_or_blocked,1.0,False,True,high_gap_or_above_split_median,other_classes
LOCA_45,LOCA,45.0,primary_coolant_boundary_break,primary_coolant_boundary_break,0.9390212618897001,0.8,False,True,random,seed_20267984,random_or_blocked,1.0,False,True,high_gap_or_above_split_median,other_classes
LOCA_46,LOCA,46.0,primary_coolant_boundary_break,primary_coolant_boundary_break,0.9390885312559664,0.8,False,True,random,seed_20267984,random_or_blocked,1.0,False,True,high_gap_or_above_split_median,other_classes
LOCA_48,LOCA,48.0,primary_coolant_boundary_break,primary_coolant_boundary_break,0.9391056508934241,0.8,False,True,random,seed_20267984,random_or_blocked,1.0,False,True,high_gap_or_above_split_median,other_classes
LOCA_52,LOCA,52.0,primary_coolant_boundary_break,primary_coolant_boundary_break,0.9367238225209181,0.8,False,True,random,seed_20267984,random_or_blocked,1.0,False,True,high_gap_or_above_split_median,other_classes
LOCA_54,LOCA,54.0,primary_coolant_boundary_break,primary_coolant_boundary_break,0.9366370521533932,0.8,False,True,random,seed_20267984,random_or_blocked,1.0,False,True,high_gap_or_above_split_median,other_classes
LOCA_57,LOCA,57.0,primary_coolant_boundary_break,primary_coolant_boundary_break,0.9367047023703203,0.8,False,True,random,seed_20267984,random_or_blocked,1.0,False,True,high_gap_or_above_split_median,other_classes
LOCA_67,LOCA,67.0,primary_coolant_boundary_break,primary_coolant_boundary_break,0.9363438928938536,0.8,False,True,random,seed_20267984,random_or_blocked,2.0,False,True,high_gap_or_above_split_median,other_classes
LOCA_7,LOCA,7.0,primary_coolant_boundary_break,primary_coolant_boundary_break,0.9408247338431398,0.8,False,True,random,seed_20267984,random_or_blocked,2.0,False,True,high_gap_or_above_split_median,other_classes
LOCA_71,LOCA,71.0,primary_coolant_boundary_break,primary_coolant_boundary_break,0.9361699116945432,0.8,False,True,random,seed_20267984,random_or_blocked,1.0,False,True,high_gap_or_above_split_median,other_classes
LR_70,LR,70.0,turbine_and_load_transient,turbine_and_load_transient,0.9194824322726688,0.8,False,True,random,seed_20267984,random_or_blocked,1.0,False,True,high_gap_or_above_split_median,other_classes
LR_76,LR,76.0,turbine_and_load_transient,turbine_and_load_transient,0.9194824322726688,0.8,False,True,random,seed_20267984,random_or_blocked,2.0,False,True,high_gap_or_above_split_median,other_classes
LR_77,LR,77.0,turbine_and_load_transient,turbine_and_load_transient,0.9194824322726688,0.8,False,True,random,seed_20267984,random_or_blocked,1.0,False,True,high_gap_or_above_split_median,other_classes
LR_82,LR,82.0,turbine_and_load_transient,turbine_and_load_transient,0.9194824322726688,0.8,False,True,random,seed_20267984,random_or_blocked,1.0,False,True,high_gap_or_above_split_median,other_classes
LR_99,LR,99.0,turbine_and_load_transient,turbine_and_load_transient,0.9192244754167689,0.8,False,True,random,seed_20267984,random_or_blocked,1.0,False,True,high_gap_or_above_split_median,other_classes
RI_-17,RI,-17.0,reactivity_and_control,reactivity_and_control,0.8588364465532601,0.8,False,True,random,seed_20267984,random_or_blocked,1.0,True,True,high_gap_or_above_split_median,RI_LOCAC_SLBIC
RI_-18,RI,-18.0,reactivity_and_control,reactivity_and_control,0.8580885055330505,0.8,False,True,random,seed_20267984,random_or_blocked,2.0,True,True,high_gap_or_above_split_median,RI_LOCAC_SLBIC
RI_-19,RI,-19.0,reactivity_and_control,reactivity_and_control,0.8580885055330505,0.8,False,True,random,seed_20267984,random_or_blocked,2.0,True,True,high_gap_or_above_split_median,RI_LOCAC_SLBIC
RI_-31,RI,-31.0,reactivity_and_control,reactivity_and_control,0.8596601136856679,0.8,False,True,random,seed_20267984,random_or_blocked,1.0,True,True,high_gap_or_above_split_median,RI_LOCAC_SLBIC
RI_-32,RI,-32.0,reactivity_and_control,reactivity_and_control,0.8596601136856679,0.8,False,True,random,seed_20267984,random_or_blocked,2.0,True,True,high_gap_or_above_split_median,RI_LOCAC_SLBIC
RI_-4,RI,-4.0,reactivity_and_control,reactivity_and_control,0.8865067830517124,0.8,False,True,random,seed_20267984,random_or_blocked,1.0,True,True,high_gap_or_above_split_median,RI_LOCAC_SLBIC
RI_-7,RI,-7.0,reactivity_and_control,reactivity_and_control,0.8505944917186341,0.8,False,True,random,seed_20267984,random_or_blocked,1.0,True,True,high_gap_or_above_split_median,RI_LOCAC_SLBIC
SGATR_61,SGATR,61.0,steam_generator_tube_rupture,steam_generator_tube_rupture,0.9426685116696031,0.8,False,True,random,seed_20267984,random_or_blocked,2.0,False,True,high_gap_or_above_split_median,other_classes
SGATR_72,SGATR,72.0,steam_generator_tube_rupture,steam_generator_tube_rupture,0.9426685116696031,0.8,False,True,random,seed_20267984,random_or_blocked,1.0,False,True,high_gap_or_above_split_median,other_classes
SGATR_74,SGATR,74.0,steam_generator_tube_rupture,steam_generator_tube_rupture,0.9426685116696031,0.8,False,True,random,seed_20267984,random_or_blocked,1.0,False,True,high_gap_or_above_split_median,other_classes
SGATR_76,SGATR,76.0,steam_generator_tube_rupture,steam_generator_tube_rupture,0.937825438708749,0.8,False,True,random,seed_20267984,random_or_blocked,1.0,False,True,high_gap_or_above_split_median,other_classes
SGATR_79,SGATR,79.0,steam_generator_tube_rupture,steam_generator_tube_rupture,0.937825438708749,0.8,False,True,random,seed_20267984,random_or_blocked,1.0,False,True,high_gap_or_above_split_median,other_classes
SGATR_87,SGATR,87.0,steam_generator_tube_rupture,steam_generator_tube_rupture,0.9345279938650587,0.8,False,True,random,seed_20267984,random_or_blocked,1.0,False,True,high_gap_or_above_split_median,other_classes
SGATR_90,SGATR,90.0,steam_generator_tube_rupture,steam_generator_tube_rupture,0.9341915129795867,0.8,False,True,random,seed_20267984,random_or_blocked,1.0,False,True,high_gap_or_above_split_median,other_classes
SGATR_93,SGATR,93.0,steam_generator_tube_rupture,steam_generator_tube_rupture,0.9335325806566473,0.8,False,True,random,seed_20267984,random_or_blocked,2.0,False,True,high_gap_or_above_split_median,other_classes
SGATR_97,SGATR,97.0,steam_generator_tube_rupture,steam_generator_tube_rupture,0.9335325806566473,0.8,False,True,random,seed_20267984,random_or_blocked,1.0,False,True,high_gap_or_above_split_median,other_classes
SGBTR_100,SGBTR,100.0,steam_generator_tube_rupture,steam_generator_tube_rupture,0.9307531792165372,0.8,False,True,random,seed_20267984,random_or_blocked,1.0,False,True,high_gap_or_above_split_median,other_classes
SGBTR_101,SGBTR,101.0,steam_generator_tube_rupture,steam_generator_tube_rupture,0.9307531792165372,0.8,False,True,random,seed_20267984,random_or_blocked,1.0,False,True,high_gap_or_above_split_median,other_classes
SGBTR_103,SGBTR,103.0,steam_generator_tube_rupture,steam_generator_tube_rupture,0.9307531792165372,0.8,False,True,random,seed_20267984,random_or_blocked,1.0,False,True,high_gap_or_above_split_median,other_classes
SGBTR_105,SGBTR,105.0,steam_generator_tube_rupture,steam_generator_tube_rupture,0.9288100072080104,0.8,False,True,random,seed_20267984,random_or_blocked,3.0,False,True,high_gap_or_above_split_median,other_classes
SGBTR_110,SGBTR,110.0,steam_generator_tube_rupture,steam_generator_tube_rupture,0.6773613548464613,0.8,True,False,random,seed_20267984,random_or_blocked,1.0,False,True,high_gap_or_above_split_median,other_classes
SGBTR_62,SGBTR,62.0,steam_generator_tube_rupture,steam_generator_tube_rupture,0.943421259131361,0.8,False,True,random,seed_20267984,random_or_blocked,1.0,False,True,high_gap_or_above_split_median,other_classes
SGBTR_64,SGBTR,64.0,steam_generator_tube_rupture,steam_generator_tube_rupture,0.9402176261563433,0.8,False,True,random,seed_20267984,random_or_blocked,1.0,False,True,high_gap_or_above_split_median,other_classes
SGBTR_73,SGBTR,73.0,steam_generator_tube_rupture,steam_generator_tube_rupture,0.943082858263035,0.8,False,True,random,seed_20267984,random_or_blocked,1.0,False,True,high_gap_or_above_split_median,other_classes
SGBTR_78,SGBTR,78.0,steam_generator_tube_rupture,steam_generator_tube_rupture,0.943082858263035,0.8,False,True,random,seed_20267984,random_or_blocked,2.0,False,True,high_gap_or_above_split_median,other_classes
SGBTR_90,SGBTR,90.0,steam_generator_tube_rupture,steam_generator_tube_rupture,0.9380306879900058,0.8,False,True,random,seed_20267984,random_or_blocked,1.0,False,True,high_gap_or_above_split_median,other_classes
SGBTR_98,SGBTR,98.0,steam_generator_tube_rupture,steam_generator_tube_rupture,0.9316969384940781,0.8,False,True,random,seed_20267984,random_or_blocked,1.0,False,True,high_gap_or_above_split_median,other_classes
SLBIC_17,SLBIC,17.0,steam_line_break,steam_line_break,0.8267167357010524,0.8,False,True,random,seed_20267984,random_or_blocked,2.0,True,True,high_gap_or_above_split_median,RI_LOCAC_SLBIC
SLBIC_18,SLBIC,18.0,steam_line_break,steam_line_break,0.8267167357010524,0.8,False,True,random,seed_20267984,random_or_blocked,1.0,True,True,high_gap_or_above_split_median,RI_LOCAC_SLBIC
SLBIC_26,SLBIC,26.0,steam_line_break,steam_line_break,0.7901536766172198,0.8,True,False,random,seed_20267984,random_or_blocked,1.0,True,True,high_gap_or_above_split_median,RI_LOCAC_SLBIC
SLBIC_30,SLBIC,30.0,steam_line_break,steam_line_break,0.8011839771986294,0.8,False,True,random,seed_20267984,random_or_blocked,1.0,True,True,high_gap_or_above_split_median,RI_LOCAC_SLBIC
SLBIC_39,SLBIC,39.0,steam_line_break,steam_line_break,0.9326812174776522,0.8,False,True,random,seed_20267984,random_or_blocked,1.0,True,True,high_gap_or_above_split_median,RI_LOCAC_SLBIC
SLBIC_41,SLBIC,41.0,steam_line_break,steam_line_break,0.9352732117895917,0.8,False,True,random,seed_20267984,random_or_blocked,1.0,True,True,high_gap_or_above_split_median,RI_LOCAC_SLBIC
SLBIC_45,SLBIC,45.0,steam_line_break,steam_line_break,0.9361269727111737,0.8,False,True,random,seed_20267984,random_or_blocked,1.0,True,True,high_gap_or_above_split_median,RI_LOCAC_SLBIC
SLBIC_57,SLBIC,57.0,steam_line_break,steam_line_break,0.948777113564205,0.8,False,True,random,seed_20267984,random_or_blocked,1.0,True,True,high_gap_or_above_split_median,RI_LOCAC_SLBIC
SLBIC_59,SLBIC,59.0,steam_line_break,steam_line_break,0.948777113564205,0.8,False,True,random,seed_20267984,random_or_blocked,1.0,True,True,high_gap_or_above_split_median,RI_LOCAC_SLBIC
SLBIC_63,SLBIC,63.0,steam_line_break,steam_line_break,0.9477831681370416,0.8,False,True,random,seed_20267984,random_or_blocked,1.0,True,True,high_gap_or_above_split_median,RI_LOCAC_SLBIC
SLBIC_69,SLBIC,69.0,steam_line_break,steam_line_break,0.9185307443670042,0.8,False,True,random,seed_20267984,random_or_blocked,2.0,True,True,high_gap_or_above_split_median,RI_LOCAC_SLBIC
SLBIC_72,SLBIC,72.0,steam_line_break,steam_line_break,0.9185307443670042,0.8,False,True,random,seed_20267984,random_or_blocked,1.0,True,True,high_gap_or_above_split_median,RI_LOCAC_SLBIC
SLBIC_75,SLBIC,75.0,steam_line_break,steam_line_break,0.9185307443670042,0.8,False,True,random,seed_20267984,random_or_blocked,1.0,True,True,high_gap_or_above_split_median,RI_LOCAC_SLBIC
SLBIC_78,SLBIC,78.0,steam_line_break,steam_line_break,0.918498152065579,0.8,False,True,random,seed_20267984,random_or_blocked,1.0,True,True,high_gap_or_above_split_median,RI_LOCAC_SLBIC
SLBIC_79,SLBIC,79.0,steam_line_break,steam_line_break,0.918498152065579,0.8,False,True,random,seed_20267984,random_or_blocked,1.0,True,True,high_gap_or_above_split_median,RI_LOCAC_SLBIC
SLBIC_82,SLBIC,82.0,steam_line_break,steam_line_break,0.8933463777663785,0.8,False,True,random,seed_20267984,random_or_blocked,1.0,True,True,high_gap_or_above_split_median,RI_LOCAC_SLBIC
SLBIC_87,SLBIC,87.0,steam_line_break,steam_line_break,0.887632018326279,0.8,False,True,random,seed_20267984,random_or_blocked,1.0,True,True,high_gap_or_above_split_median,RI_LOCAC_SLBIC
SLBIC_99,SLBIC,99.0,steam_line_break,steam_line_break,0.8794176521265958,0.8,False,True,random,seed_20267984,random_or_blocked,1.0,True,True,high_gap_or_above_split_median,RI_LOCAC_SLBIC
FLB_10,FLB,10.0,feedwater_line_break,feedwater_line_break,0.9344206637484493,0.0,False,True,random,seed_20268993,random_or_blocked,1.0,False,True,high_gap_or_above_split_median,other_classes
FLB_14,FLB,14.0,feedwater_line_break,feedwater_line_break,0.9344206637484493,0.0,False,True,random,seed_20268993,random_or_blocked,1.0,False,True,high_gap_or_above_split_median,other_classes
FLB_19,FLB,19.0,feedwater_line_break,feedwater_line_break,0.9344206637484493,0.0,False,True,random,seed_20268993,random_or_blocked,1.0,False,True,high_gap_or_above_split_median,other_classes
FLB_21,FLB,21.0,feedwater_line_break,feedwater_line_break,0.9344206637484493,0.0,False,True,random,seed_20268993,random_or_blocked,1.0,False,True,high_gap_or_above_split_median,other_classes
FLB_27,FLB,27.0,feedwater_line_break,feedwater_line_break,0.9344206637484493,0.0,False,True,random,seed_20268993,random_or_blocked,1.0,False,True,high_gap_or_above_split_median,other_classes
FLB_33,FLB,33.0,feedwater_line_break,feedwater_line_break,0.9344206637484493,0.0,False,True,random,seed_20268993,random_or_blocked,1.0,False,True,high_gap_or_above_split_median,other_classes
FLB_38,FLB,38.0,feedwater_line_break,feedwater_line_break,0.9344206637484493,0.0,False,True,random,seed_20268993,random_or_blocked,1.0,False,True,high_gap_or_above_split_median,other_classes
FLB_4,FLB,4.0,feedwater_line_break,feedwater_line_break,0.9344206637484493,0.0,False,True,random,seed_20268993,random_or_blocked,1.0,False,True,high_gap_or_above_split_median,other_classes
FLB_44,FLB,44.0,feedwater_line_break,feedwater_line_break,0.9344206637484493,0.0,False,True,random,seed_20268993,random_or_blocked,1.0,False,True,high_gap_or_above_split_median,other_classes
FLB_48,FLB,48.0,feedwater_line_break,feedwater_line_break,0.9344206637484493,0.0,False,True,random,seed_20268993,random_or_blocked,1.0,False,True,high_gap_or_above_split_median,other_classes
FLB_6,FLB,6.0,feedwater_line_break,feedwater_line_break,0.9344206637484493,0.0,False,True,random,seed_20268993,random_or_blocked,1.0,False,True,high_gap_or_above_split_median,other_classes
FLB_68,FLB,68.0,feedwater_line_break,feedwater_line_break,0.9344206637484493,0.0,False,True,random,seed_20268993,random_or_blocked,1.0,False,True,high_gap_or_above_split_median,other_classes
FLB_7,FLB,7.0,feedwater_line_break,feedwater_line_break,0.9344206637484493,0.0,False,True,random,seed_20268993,random_or_blocked,2.0,False,True,high_gap_or_above_split_median,other_classes
FLB_76,FLB,76.0,feedwater_line_break,feedwater_line_break,0.9344206637484493,0.0,False,True,random,seed_20268993,random_or_blocked,1.0,False,True,high_gap_or_above_split_median,other_classes
FLB_77,FLB,77.0,feedwater_line_break,feedwater_line_break,0.9344206637484493,0.0,False,True,random,seed_20268993,random_or_blocked,1.0,False,True,high_gap_or_above_split_median,other_classes
FLB_81,FLB,81.0,feedwater_line_break,feedwater_line_break,0.9344206637484493,0.0,False,True,random,seed_20268993,random_or_blocked,1.0,False,True,high_gap_or_above_split_median,other_classes
FLB_83,FLB,83.0,feedwater_line_break,feedwater_line_break,0.9344206637484493,0.0,False,True,random,seed_20268993,random_or_blocked,1.0,False,True,high_gap_or_above_split_median,other_classes
FLB_85,FLB,85.0,feedwater_line_break,feedwater_line_break,0.9344206637484493,0.0,False,True,random,seed_20268993,random_or_blocked,1.0,False,True,high_gap_or_above_split_median,other_classes
FLB_90,FLB,90.0,feedwater_line_break,feedwater_line_break,0.9344206637484493,0.0,False,True,random,seed_20268993,random_or_blocked,1.0,False,True,high_gap_or_above_split_median,other_classes
FLB_92,FLB,92.0,feedwater_line_break,feedwater_line_break,0.9344206637484493,0.0,False,True,random,seed_20268993,random_or_blocked,1.0,False,True,high_gap_or_above_split_median,other_classes
LOCAC_1,LOCAC,1.0,primary_coolant_boundary_break,feedwater_line_break,0.805507617912277,0.0,False,True,random,seed_20268993,random_or_blocked,1.0,True,True,high_gap_or_above_split_median,RI_LOCAC_SLBIC
LOCAC_22,LOCAC,22.0,primary_coolant_boundary_break,primary_coolant_boundary_break,0.9379042209349686,0.0,False,True,random,seed_20268993,random_or_blocked,1.0,True,True,high_gap_or_above_split_median,RI_LOCAC_SLBIC
LOCAC_23,LOCAC,23.0,primary_coolant_boundary_break,primary_coolant_boundary_break,0.9415858893138651,0.0,False,True,random,seed_20268993,random_or_blocked,2.0,True,True,high_gap_or_above_split_median,RI_LOCAC_SLBIC
LOCAC_24,LOCAC,24.0,primary_coolant_boundary_break,primary_coolant_boundary_break,0.93747121477794,0.0,False,True,random,seed_20268993,random_or_blocked,1.0,True,True,high_gap_or_above_split_median,RI_LOCAC_SLBIC
LOCAC_28,LOCAC,28.0,primary_coolant_boundary_break,primary_coolant_boundary_break,0.9415858893138651,0.0,False,True,random,seed_20268993,random_or_blocked,1.0,True,True,high_gap_or_above_split_median,RI_LOCAC_SLBIC
LOCAC_41,LOCAC,41.0,primary_coolant_boundary_break,primary_coolant_boundary_break,0.9415858893138651,0.0,False,True,random,seed_20268993,random_or_blocked,1.0,True,True,high_gap_or_above_split_median,RI_LOCAC_SLBIC
LOCAC_44,LOCAC,44.0,primary_coolant_boundary_break,primary_coolant_boundary_break,0.9415858893138651,0.0,False,True,random,seed_20268993,random_or_blocked,1.0,True,True,high_gap_or_above_split_median,RI_LOCAC_SLBIC
LOCAC_50,LOCAC,50.0,primary_coolant_boundary_break,primary_coolant_boundary_break,0.9416940554776981,0.0,False,True,random,seed_20268993,random_or_blocked,1.0,True,True,high_gap_or_above_split_median,RI_LOCAC_SLBIC
LOCAC_52,LOCAC,52.0,primary_coolant_boundary_break,primary_coolant_boundary_break,0.9416940554776981,0.0,False,True,random,seed_20268993,random_or_blocked,1.0,True,True,high_gap_or_above_split_median,RI_LOCAC_SLBIC
LOCAC_54,LOCAC,54.0,primary_coolant_boundary_break,primary_coolant_boundary_break,0.938270793021246,0.0,False,True,random,seed_20268993,random_or_blocked,1.0,True,True,high_gap_or_above_split_median,RI_LOCAC_SLBIC
LOCAC_55,LOCAC,55.0,primary_coolant_boundary_break,primary_coolant_boundary_break,0.9401252288949231,0.0,False,True,random,seed_20268993,random_or_blocked,1.0,True,True,high_gap_or_above_split_median,RI_LOCAC_SLBIC
LOCAC_63,LOCAC,63.0,primary_coolant_boundary_break,primary_coolant_boundary_break,0.9416041275767436,0.0,False,True,random,seed_20268993,random_or_blocked,1.0,True,True,high_gap_or_above_split_median,RI_LOCAC_SLBIC
LOCAC_65,LOCAC,65.0,primary_coolant_boundary_break,primary_coolant_boundary_break,0.9414649745359345,0.0,False,True,random,seed_20268993,random_or_blocked,1.0,True,True,high_gap_or_above_split_median,RI_LOCAC_SLBIC
LOCAC_68,LOCAC,68.0,primary_coolant_boundary_break,primary_coolant_boundary_break,0.9412405978259334,0.0,False,True,random,seed_20268993,random_or_blocked,1.0,True,True,high_gap_or_above_split_median,RI_LOCAC_SLBIC
LOCAC_69,LOCAC,69.0,primary_coolant_boundary_break,primary_coolant_boundary_break,0.9410899045924049,0.0,False,True,random,seed_20268993,random_or_blocked,2.0,True,True,high_gap_or_above_split_median,RI_LOCAC_SLBIC
LOCAC_78,LOCAC,78.0,primary_coolant_boundary_break,primary_coolant_boundary_break,0.936229687544217,0.0,False,True,random,seed_20268993,random_or_blocked,1.0,True,True,high_gap_or_above_split_median,RI_LOCAC_SLBIC
LOCA_18,LOCA,18.0,primary_coolant_boundary_break,primary_coolant_boundary_break,0.9416940554776981,0.0,False,True,random,seed_20268993,random_or_blocked,1.0,False,True,high_gap_or_above_split_median,other_classes
LOCA_19,LOCA,19.0,primary_coolant_boundary_break,primary_coolant_boundary_break,0.9415249274892598,0.0,False,True,random,seed_20268993,random_or_blocked,1.0,False,True,high_gap_or_above_split_median,other_classes
LOCA_26,LOCA,26.0,primary_coolant_boundary_break,primary_coolant_boundary_break,0.9412563660619492,0.0,False,True,random,seed_20268993,random_or_blocked,1.0,False,True,high_gap_or_above_split_median,other_classes
LOCA_33,LOCA,33.0,primary_coolant_boundary_break,primary_coolant_boundary_break,0.940329096916361,0.0,False,True,random,seed_20268993,random_or_blocked,1.0,False,True,high_gap_or_above_split_median,other_classes
LOCA_4,LOCA,4.0,primary_coolant_boundary_break,primary_coolant_boundary_break,0.9006426708049783,0.0,False,True,random,seed_20268993,random_or_blocked,1.0,False,True,high_gap_or_above_split_median,other_classes
LOCA_40,LOCA,40.0,primary_coolant_boundary_break,primary_coolant_boundary_break,0.9374127255709598,0.0,False,True,random,seed_20268993,random_or_blocked,1.0,False,True,high_gap_or_above_split_median,other_classes
LOCA_44,LOCA,44.0,primary_coolant_boundary_break,primary_coolant_boundary_break,0.9368432031678613,0.0,False,True,random,seed_20268993,random_or_blocked,2.0,False,True,high_gap_or_above_split_median,other_classes
LOCA_45,LOCA,45.0,primary_coolant_boundary_break,primary_coolant_boundary_break,0.9367314767461907,0.0,False,True,random,seed_20268993,random_or_blocked,1.0,False,True,high_gap_or_above_split_median,other_classes
LOCA_54,LOCA,54.0,primary_coolant_boundary_break,primary_coolant_boundary_break,0.935579415868338,0.0,False,True,random,seed_20268993,random_or_blocked,1.0,False,True,high_gap_or_above_split_median,other_classes
LOCA_57,LOCA,57.0,primary_coolant_boundary_break,primary_coolant_boundary_break,0.93509185373159,0.0,False,True,random,seed_20268993,random_or_blocked,2.0,False,True,high_gap_or_above_split_median,other_classes
LOCA_58,LOCA,58.0,primary_coolant_boundary_break,primary_coolant_boundary_break,0.93509185373159,0.0,False,True,random,seed_20268993,random_or_blocked,1.0,False,True,high_gap_or_above_split_median,other_classes
LOCA_61,LOCA,61.0,primary_coolant_boundary_break,primary_coolant_boundary_break,0.934295094271994,0.0,False,True,random,seed_20268993,random_or_blocked,1.0,False,True,high_gap_or_above_split_median,other_classes
LOCA_63,LOCA,63.0,primary_coolant_boundary_break,primary_coolant_boundary_break,0.934295094271994,0.0,False,True,random,seed_20268993,random_or_blocked,1.0,False,True,high_gap_or_above_split_median,other_classes
LOCA_65,LOCA,65.0,primary_coolant_boundary_break,primary_coolant_boundary_break,0.9339401890657721,0.0,False,True,random,seed_20268993,random_or_blocked,1.0,False,True,high_gap_or_above_split_median,other_classes
LOCA_73,LOCA,73.0,primary_coolant_boundary_break,primary_coolant_boundary_break,0.9311980089650431,0.0,False,True,random,seed_20268993,random_or_blocked,1.0,False,True,high_gap_or_above_split_median,other_classes
LR_70,LR,70.0,turbine_and_load_transient,turbine_and_load_transient,0.9135002291170422,0.0,False,True,random,seed_20268993,random_or_blocked,3.0,False,True,high_gap_or_above_split_median,other_classes
LR_71,LR,71.0,turbine_and_load_transient,turbine_and_load_transient,0.9137020289413638,0.0,False,True,random,seed_20268993,random_or_blocked,2.0,False,True,high_gap_or_above_split_median,other_classes
LR_72,LR,72.0,turbine_and_load_transient,turbine_and_load_transient,0.9164393244237161,0.0,False,True,random,seed_20268993,random_or_blocked,1.0,False,True,high_gap_or_above_split_median,other_classes
LR_90,LR,90.0,turbine_and_load_transient,turbine_and_load_transient,0.9283980929647622,0.0,False,True,random,seed_20268993,random_or_blocked,1.0,False,True,high_gap_or_above_split_median,other_classes
LR_93,LR,93.0,turbine_and_load_transient,turbine_and_load_transient,0.8927632059716754,0.0,False,True,random,seed_20268993,random_or_blocked,1.0,False,True,high_gap_or_above_split_median,other_classes
RI_-1,RI,-1.0,reactivity_and_control,steam_line_break,0.4504019142022162,0.0,False,True,random,seed_20268993,random_or_blocked,1.0,True,True,high_gap_or_above_split_median,RI_LOCAC_SLBIC
RI_-13,RI,-13.0,reactivity_and_control,reactivity_and_control,0.9422152789757074,0.0,False,True,random,seed_20268993,random_or_blocked,1.0,True,True,high_gap_or_above_split_median,RI_LOCAC_SLBIC
RI_-15,RI,-15.0,reactivity_and_control,reactivity_and_control,0.9427833187833108,0.0,False,True,random,seed_20268993,random_or_blocked,1.0,True,True,high_gap_or_above_split_median,RI_LOCAC_SLBIC
RI_-23,RI,-23.0,reactivity_and_control,reactivity_and_control,0.9424538510955965,0.0,False,True,random,seed_20268993,random_or_blocked,1.0,True,True,high_gap_or_above_split_median,RI_LOCAC_SLBIC
RI_-26,RI,-26.0,reactivity_and_control,reactivity_and_control,0.9421489057221777,0.0,False,True,random,seed_20268993,random_or_blocked,1.0,True,True,high_gap_or_above_split_median,RI_LOCAC_SLBIC
RI_-31,RI,-31.0,reactivity_and_control,reactivity_and_control,0.9416780672315461,0.0,False,True,random,seed_20268993,random_or_blocked,1.0,True,True,high_gap_or_above_split_median,RI_LOCAC_SLBIC
RI_-6,RI,-6.0,reactivity_and_control,reactivity_and_control,0.9318691268678857,0.0,False,True,random,seed_20268993,random_or_blocked,1.0,True,True,high_gap_or_above_split_median,RI_LOCAC_SLBIC
SGATR_57,SGATR,57.0,steam_generator_tube_rupture,steam_generator_tube_rupture,0.8719953373768851,0.0,False,True,random,seed_20268993,random_or_blocked,4.0,False,True,high_gap_or_above_split_median,other_classes
SGATR_58,SGATR,58.0,steam_generator_tube_rupture,steam_generator_tube_rupture,0.8942494343001635,0.0,False,True,random,seed_20268993,random_or_blocked,3.0,False,True,high_gap_or_above_split_median,other_classes
SGATR_64,SGATR,64.0,steam_generator_tube_rupture,steam_generator_tube_rupture,0.9237721146771323,0.0,False,True,random,seed_20268993,random_or_blocked,1.0,False,True,high_gap_or_above_split_median,other_classes
SGATR_84,SGATR,84.0,steam_generator_tube_rupture,steam_generator_tube_rupture,0.9324131484411762,0.0,False,True,random,seed_20268993,random_or_blocked,1.0,False,True,high_gap_or_above_split_median,other_classes
SGATR_87,SGATR,87.0,steam_generator_tube_rupture,steam_generator_tube_rupture,0.9342134610022823,0.0,False,True,random,seed_20268993,random_or_blocked,1.0,False,True,high_gap_or_above_split_median,other_classes
SGATR_91,SGATR,91.0,steam_generator_tube_rupture,steam_generator_tube_rupture,0.9356471770677103,0.0,False,True,random,seed_20268993,random_or_blocked,1.0,False,True,high_gap_or_above_split_median,other_classes
SGATR_92,SGATR,92.0,steam_generator_tube_rupture,steam_generator_tube_rupture,0.9361579326465419,0.0,False,True,random,seed_20268993,random_or_blocked,1.0,False,True,high_gap_or_above_split_median,other_classes
SGATR_96,SGATR,96.0,steam_generator_tube_rupture,steam_generator_tube_rupture,0.9363786802166876,0.0,False,True,random,seed_20268993,random_or_blocked,2.0,False,True,high_gap_or_above_split_median,other_classes
SGATR_97,SGATR,97.0,steam_generator_tube_rupture,steam_generator_tube_rupture,0.9363786802166876,0.0,False,True,random,seed_20268993,random_or_blocked,1.0,False,True,high_gap_or_above_split_median,other_classes
SGBTR_109,SGBTR,109.0,steam_generator_tube_rupture,steam_generator_tube_rupture,0.8425416710493626,0.0,False,True,random,seed_20268993,random_or_blocked,1.0,False,True,high_gap_or_above_split_median,other_classes
SGBTR_58,SGBTR,58.0,steam_generator_tube_rupture,steam_generator_tube_rupture,0.9079199251314537,0.0,False,True,random,seed_20268993,random_or_blocked,1.0,False,True,high_gap_or_above_split_median,other_classes
SGBTR_66,SGBTR,66.0,steam_generator_tube_rupture,steam_generator_tube_rupture,0.9304232670553643,0.0,False,True,random,seed_20268993,random_or_blocked,2.0,False,True,high_gap_or_above_split_median,other_classes
SGBTR_67,SGBTR,67.0,steam_generator_tube_rupture,steam_generator_tube_rupture,0.9304232670553643,0.0,False,True,random,seed_20268993,random_or_blocked,3.0,False,True,high_gap_or_above_split_median,other_classes
SGBTR_69,SGBTR,69.0,steam_generator_tube_rupture,steam_generator_tube_rupture,0.9325295544251787,0.0,False,True,random,seed_20268993,random_or_blocked,1.0,False,True,high_gap_or_above_split_median,other_classes
SGBTR_76,SGBTR,76.0,steam_generator_tube_rupture,steam_generator_tube_rupture,0.9367108564128269,0.0,False,True,random,seed_20268993,random_or_blocked,1.0,False,True,high_gap_or_above_split_median,other_classes
SGBTR_82,SGBTR,82.0,steam_generator_tube_rupture,steam_generator_tube_rupture,0.9365567749141555,0.0,False,True,random,seed_20268993,random_or_blocked,1.0,False,True,high_gap_or_above_split_median,other_classes
SGBTR_85,SGBTR,85.0,steam_generator_tube_rupture,steam_generator_tube_rupture,0.9365567749141555,0.0,False,True,random,seed_20268993,random_or_blocked,2.0,False,True,high_gap_or_above_split_median,other_classes
SGBTR_90,SGBTR,90.0,steam_generator_tube_rupture,steam_generator_tube_rupture,0.9367108564128269,0.0,False,True,random,seed_20268993,random_or_blocked,1.0,False,True,high_gap_or_above_split_median,other_classes
SGBTR_95,SGBTR,95.0,steam_generator_tube_rupture,steam_generator_tube_rupture,0.93667181209194,0.0,False,True,random,seed_20268993,random_or_blocked,1.0,False,True,high_gap_or_above_split_median,other_classes
SGBTR_98,SGBTR,98.0,steam_generator_tube_rupture,steam_generator_tube_rupture,0.9364985061155452,0.0,False,True,random,seed_20268993,random_or_blocked,1.0,False,True,high_gap_or_above_split_median,other_classes
SLBIC_24,SLBIC,24.0,steam_line_break,steam_line_break,0.9074671636780548,0.0,False,True,random,seed_20268993,random_or_blocked,1.0,True,True,high_gap_or_above_split_median,RI_LOCAC_SLBIC
SLBIC_26,SLBIC,26.0,steam_line_break,steam_line_break,0.4752604999080494,0.0,False,True,random,seed_20268993,random_or_blocked,1.0,True,True,high_gap_or_above_split_median,RI_LOCAC_SLBIC
SLBIC_27,SLBIC,27.0,steam_line_break,steam_line_break,0.5652981288523699,0.0,False,True,random,seed_20268993,random_or_blocked,2.0,True,True,high_gap_or_above_split_median,RI_LOCAC_SLBIC
SLBIC_28,SLBIC,28.0,steam_line_break,steam_line_break,0.8748994009343323,0.0,False,True,random,seed_20268993,random_or_blocked,1.0,True,True,high_gap_or_above_split_median,RI_LOCAC_SLBIC
SLBIC_39,SLBIC,39.0,steam_line_break,steam_line_break,0.9251453180633807,0.0,False,True,random,seed_20268993,random_or_blocked,1.0,True,True,high_gap_or_above_split_median,RI_LOCAC_SLBIC
SLBIC_41,SLBIC,41.0,steam_line_break,steam_line_break,0.9295662633980639,0.0,False,True,random,seed_20268993,random_or_blocked,1.0,True,True,high_gap_or_above_split_median,RI_LOCAC_SLBIC
SLBIC_50,SLBIC,50.0,steam_line_break,steam_line_break,0.9345508705964154,0.0,False,True,random,seed_20268993,random_or_blocked,1.0,True,True,high_gap_or_above_split_median,RI_LOCAC_SLBIC
SLBIC_53,SLBIC,53.0,steam_line_break,steam_line_break,0.9345508705964154,0.0,False,True,random,seed_20268993,random_or_blocked,1.0,True,True,high_gap_or_above_split_median,RI_LOCAC_SLBIC
SLBIC_56,SLBIC,56.0,steam_line_break,steam_line_break,0.9345508705964154,0.0,False,True,random,seed_20268993,random_or_blocked,1.0,True,True,high_gap_or_above_split_median,RI_LOCAC_SLBIC
SLBIC_64,SLBIC,64.0,steam_line_break,steam_line_break,0.9345508705964154,0.0,False,True,random,seed_20268993,random_or_blocked,1.0,True,True,high_gap_or_above_split_median,RI_LOCAC_SLBIC
SLBIC_67,SLBIC,67.0,steam_line_break,steam_line_break,0.9345508705964154,0.0,False,True,random,seed_20268993,random_or_blocked,1.0,True,True,high_gap_or_above_split_median,RI_LOCAC_SLBIC
SLBIC_69,SLBIC,69.0,steam_line_break,steam_line_break,0.9345508705964154,0.0,False,True,random,seed_20268993,random_or_blocked,1.0,True,True,high_gap_or_above_split_median,RI_LOCAC_SLBIC
SLBIC_71,SLBIC,71.0,steam_line_break,steam_line_break,0.9345508705964154,0.0,False,True,random,seed_20268993,random_or_blocked,1.0,True,True,high_gap_or_above_split_median,RI_LOCAC_SLBIC
SLBIC_72,SLBIC,72.0,steam_line_break,steam_line_break,0.9345508705964154,0.0,False,True,random,seed_20268993,random_or_blocked,1.0,True,True,high_gap_or_above_split_median,RI_LOCAC_SLBIC
SLBIC_74,SLBIC,74.0,steam_line_break,steam_line_break,0.9345508705964154,0.0,False,True,random,seed_20268993,random_or_blocked,1.0,True,True,high_gap_or_above_split_median,RI_LOCAC_SLBIC
SLBIC_76,SLBIC,76.0,steam_line_break,steam_line_break,0.9345508705964154,0.0,False,True,random,seed_20268993,random_or_blocked,1.0,True,True,high_gap_or_above_split_median,RI_LOCAC_SLBIC
SLBIC_81,SLBIC,81.0,steam_line_break,steam_line_break,0.9345508705964154,0.0,False,True,random,seed_20268993,random_or_blocked,1.0,True,True,high_gap_or_above_split_median,RI_LOCAC_SLBIC
SLBIC_91,SLBIC,91.0,steam_line_break,steam_line_break,0.9345508705964154,0.0,False,True,random,seed_20268993,random_or_blocked,1.0,True,True,high_gap_or_above_split_median,RI_LOCAC_SLBIC
FLB_12,FLB,12.0,feedwater_line_break,feedwater_line_break,0.9311186791113452,0.5,False,True,random,seed_20270002,random_or_blocked,1.0,False,True,high_gap_or_above_split_median,other_classes
FLB_19,FLB,19.0,feedwater_line_break,feedwater_line_break,0.9311186791113452,0.5,False,True,random,seed_20270002,random_or_blocked,2.0,False,True,high_gap_or_above_split_median,other_classes
FLB_20,FLB,20.0,feedwater_line_break,feedwater_line_break,0.9311186791113452,0.5,False,True,random,seed_20270002,random_or_blocked,2.0,False,True,high_gap_or_above_split_median,other_classes
FLB_29,FLB,29.0,feedwater_line_break,feedwater_line_break,0.9311186791113452,0.5,False,True,random,seed_20270002,random_or_blocked,1.0,False,True,high_gap_or_above_split_median,other_classes
FLB_30,FLB,30.0,feedwater_line_break,feedwater_line_break,0.9311186791113452,0.5,False,True,random,seed_20270002,random_or_blocked,2.0,False,True,high_gap_or_above_split_median,other_classes
FLB_31,FLB,31.0,feedwater_line_break,feedwater_line_break,0.9311186791113452,0.5,False,True,random,seed_20270002,random_or_blocked,1.0,False,True,high_gap_or_above_split_median,other_classes
FLB_34,FLB,34.0,feedwater_line_break,feedwater_line_break,0.9311186791113452,0.5,False,True,random,seed_20270002,random_or_blocked,1.0,False,True,high_gap_or_above_split_median,other_classes
FLB_37,FLB,37.0,feedwater_line_break,feedwater_line_break,0.9311186791113452,0.5,False,True,random,seed_20270002,random_or_blocked,1.0,False,True,high_gap_or_above_split_median,other_classes
FLB_4,FLB,4.0,feedwater_line_break,feedwater_line_break,0.9311186791113452,0.5,False,True,random,seed_20270002,random_or_blocked,1.0,False,True,high_gap_or_above_split_median,other_classes
FLB_40,FLB,40.0,feedwater_line_break,feedwater_line_break,0.9311186791113452,0.5,False,True,random,seed_20270002,random_or_blocked,1.0,False,True,high_gap_or_above_split_median,other_classes
FLB_48,FLB,48.0,feedwater_line_break,feedwater_line_break,0.9311186791113452,0.5,False,True,random,seed_20270002,random_or_blocked,1.0,False,True,high_gap_or_above_split_median,other_classes
FLB_54,FLB,54.0,feedwater_line_break,feedwater_line_break,0.9311186791113452,0.5,False,True,random,seed_20270002,random_or_blocked,1.0,False,True,high_gap_or_above_split_median,other_classes
FLB_60,FLB,60.0,feedwater_line_break,feedwater_line_break,0.9311186791113452,0.5,False,True,random,seed_20270002,random_or_blocked,1.0,False,True,high_gap_or_above_split_median,other_classes
FLB_65,FLB,65.0,feedwater_line_break,feedwater_line_break,0.9311186791113452,0.5,False,True,random,seed_20270002,random_or_blocked,1.0,False,True,high_gap_or_above_split_median,other_classes
FLB_66,FLB,66.0,feedwater_line_break,feedwater_line_break,0.9311186791113452,0.5,False,True,random,seed_20270002,random_or_blocked,1.0,False,True,high_gap_or_above_split_median,other_classes
FLB_77,FLB,77.0,feedwater_line_break,feedwater_line_break,0.9311186791113452,0.5,False,True,random,seed_20270002,random_or_blocked,1.0,False,True,high_gap_or_above_split_median,other_classes
FLB_80,FLB,80.0,feedwater_line_break,feedwater_line_break,0.9311186791113452,0.5,False,True,random,seed_20270002,random_or_blocked,1.0,False,True,high_gap_or_above_split_median,other_classes
FLB_85,FLB,85.0,feedwater_line_break,feedwater_line_break,0.9311186791113452,0.5,False,True,random,seed_20270002,random_or_blocked,1.0,False,True,high_gap_or_above_split_median,other_classes
FLB_89,FLB,89.0,feedwater_line_break,feedwater_line_break,0.9311186791113452,0.5,False,True,random,seed_20270002,random_or_blocked,1.0,False,True,high_gap_or_above_split_median,other_classes
FLB_93,FLB,93.0,feedwater_line_break,feedwater_line_break,0.9311186791113452,0.5,False,True,random,seed_20270002,random_or_blocked,1.0,False,True,high_gap_or_above_split_median,other_classes
LOCAC_15,LOCAC,15.0,primary_coolant_boundary_break,primary_coolant_boundary_break,0.9330632205916914,0.5,False,True,random,seed_20270002,random_or_blocked,1.0,True,True,high_gap_or_above_split_median,RI_LOCAC_SLBIC
LOCAC_2,LOCAC,2.0,primary_coolant_boundary_break,primary_coolant_boundary_break,0.5446370346428158,0.5,False,True,random,seed_20270002,random_or_blocked,1.0,True,True,high_gap_or_above_split_median,RI_LOCAC_SLBIC
LOCAC_23,LOCAC,23.0,primary_coolant_boundary_break,primary_coolant_boundary_break,0.9387349043107531,0.5,False,True,random,seed_20270002,random_or_blocked,1.0,True,True,high_gap_or_above_split_median,RI_LOCAC_SLBIC
LOCAC_28,LOCAC,28.0,primary_coolant_boundary_break,primary_coolant_boundary_break,0.9387349043107531,0.5,False,True,random,seed_20270002,random_or_blocked,2.0,True,True,high_gap_or_above_split_median,RI_LOCAC_SLBIC
LOCAC_29,LOCAC,29.0,primary_coolant_boundary_break,primary_coolant_boundary_break,0.9387349043107531,0.5,False,True,random,seed_20270002,random_or_blocked,3.0,True,True,high_gap_or_above_split_median,RI_LOCAC_SLBIC
LOCAC_30,LOCAC,30.0,primary_coolant_boundary_break,primary_coolant_boundary_break,0.9387349043107531,0.5,False,True,random,seed_20270002,random_or_blocked,2.0,True,True,high_gap_or_above_split_median,RI_LOCAC_SLBIC
LOCAC_31,LOCAC,31.0,primary_coolant_boundary_break,primary_coolant_boundary_break,0.9387349043107531,0.5,False,True,random,seed_20270002,random_or_blocked,1.0,True,True,high_gap_or_above_split_median,RI_LOCAC_SLBIC
LOCAC_39,LOCAC,39.0,primary_coolant_boundary_break,primary_coolant_boundary_break,0.9387349043107531,0.5,False,True,random,seed_20270002,random_or_blocked,1.0,True,True,high_gap_or_above_split_median,RI_LOCAC_SLBIC
LOCAC_50,LOCAC,50.0,primary_coolant_boundary_break,primary_coolant_boundary_break,0.9387349043107531,0.5,False,True,random,seed_20270002,random_or_blocked,1.0,True,True,high_gap_or_above_split_median,RI_LOCAC_SLBIC
LOCAC_59,LOCAC,59.0,primary_coolant_boundary_break,primary_coolant_boundary_break,0.9383885263303691,0.5,False,True,random,seed_20270002,random_or_blocked,1.0,True,True,high_gap_or_above_split_median,RI_LOCAC_SLBIC
LOCAC_69,LOCAC,69.0,primary_coolant_boundary_break,primary_coolant_boundary_break,0.937833377219965,0.5,False,True,random,seed_20270002,random_or_blocked,1.0,True,True,high_gap_or_above_split_median,RI_LOCAC_SLBIC
LOCAC_7,LOCAC,7.0,primary_coolant_boundary_break,primary_coolant_boundary_break,0.936801942416989,0.5,False,True,random,seed_20270002,random_or_blocked,1.0,True,True,high_gap_or_above_split_median,RI_LOCAC_SLBIC
LOCAC_72,LOCAC,72.0,primary_coolant_boundary_break,primary_coolant_boundary_break,0.9365850774707319,0.5,False,True,random,seed_20270002,random_or_blocked,1.0,True,True,high_gap_or_above_split_median,RI_LOCAC_SLBIC
LOCAC_73,LOCAC,73.0,primary_coolant_boundary_break,primary_coolant_boundary_break,0.9373515469871408,0.5,False,True,random,seed_20270002,random_or_blocked,1.0,True,True,high_gap_or_above_split_median,RI_LOCAC_SLBIC
LOCAC_79,LOCAC,79.0,primary_coolant_boundary_break,primary_coolant_boundary_break,0.9352906424919405,0.5,False,True,random,seed_20270002,random_or_blocked,1.0,True,True,high_gap_or_above_split_median,RI_LOCAC_SLBIC
LOCAC_9,LOCAC,9.0,primary_coolant_boundary_break,primary_coolant_boundary_break,0.9355432740386239,0.5,False,True,random,seed_20270002,random_or_blocked,1.0,True,True,high_gap_or_above_split_median,RI_LOCAC_SLBIC
LOCA_12,LOCA,12.0,primary_coolant_boundary_break,primary_coolant_boundary_break,0.9387349043107531,0.5,False,True,random,seed_20270002,random_or_blocked,1.0,False,True,high_gap_or_above_split_median,other_classes
LOCA_16,LOCA,16.0,primary_coolant_boundary_break,primary_coolant_boundary_break,0.9387349043107531,0.5,False,True,random,seed_20270002,random_or_blocked,1.0,False,True,high_gap_or_above_split_median,other_classes
LOCA_19,LOCA,19.0,primary_coolant_boundary_break,primary_coolant_boundary_break,0.9387349043107531,0.5,False,True,random,seed_20270002,random_or_blocked,1.0,False,True,high_gap_or_above_split_median,other_classes
LOCA_23,LOCA,23.0,primary_coolant_boundary_break,primary_coolant_boundary_break,0.9387349043107531,0.5,False,True,random,seed_20270002,random_or_blocked,1.0,False,True,high_gap_or_above_split_median,other_classes
LOCA_28,LOCA,28.0,primary_coolant_boundary_break,primary_coolant_boundary_break,0.9387349043107531,0.5,False,True,random,seed_20270002,random_or_blocked,1.0,False,True,high_gap_or_above_split_median,other_classes
LOCA_3,LOCA,3.0,primary_coolant_boundary_break,primary_coolant_boundary_break,0.5562773436035563,0.5,False,True,random,seed_20270002,random_or_blocked,1.0,False,True,high_gap_or_above_split_median,other_classes
LOCA_39,LOCA,39.0,primary_coolant_boundary_break,primary_coolant_boundary_break,0.9366242781205112,0.5,False,True,random,seed_20270002,random_or_blocked,1.0,False,True,high_gap_or_above_split_median,other_classes
LOCA_40,LOCA,40.0,primary_coolant_boundary_break,primary_coolant_boundary_break,0.9363394112403713,0.5,False,True,random,seed_20270002,random_or_blocked,1.0,False,True,high_gap_or_above_split_median,other_classes
LOCA_49,LOCA,49.0,primary_coolant_boundary_break,primary_coolant_boundary_break,0.9325923143441669,0.5,False,True,random,seed_20270002,random_or_blocked,1.0,False,True,high_gap_or_above_split_median,other_classes
LOCA_6,LOCA,6.0,primary_coolant_boundary_break,primary_coolant_boundary_break,0.937898690929892,0.5,False,True,random,seed_20270002,random_or_blocked,1.0,False,True,high_gap_or_above_split_median,other_classes
LOCA_60,LOCA,60.0,primary_coolant_boundary_break,primary_coolant_boundary_break,0.9307313047940693,0.5,False,True,random,seed_20270002,random_or_blocked,1.0,False,True,high_gap_or_above_split_median,other_classes
LOCA_63,LOCA,63.0,primary_coolant_boundary_break,primary_coolant_boundary_break,0.9305068507746656,0.5,False,True,random,seed_20270002,random_or_blocked,2.0,False,True,high_gap_or_above_split_median,other_classes
LOCA_64,LOCA,64.0,primary_coolant_boundary_break,primary_coolant_boundary_break,0.9302326349249881,0.5,False,True,random,seed_20270002,random_or_blocked,1.0,False,True,high_gap_or_above_split_median,other_classes
LOCA_75,LOCA,75.0,primary_coolant_boundary_break,primary_coolant_boundary_break,0.9270260687252215,0.5,False,True,random,seed_20270002,random_or_blocked,1.0,False,True,high_gap_or_above_split_median,other_classes
LOCA_77,LOCA,77.0,primary_coolant_boundary_break,primary_coolant_boundary_break,0.9240464283518118,0.5,False,True,random,seed_20270002,random_or_blocked,1.0,False,True,high_gap_or_above_split_median,other_classes
LR_74,LR,74.0,turbine_and_load_transient,turbine_and_load_transient,0.9222069055381262,0.5,False,True,random,seed_20270002,random_or_blocked,1.0,False,True,high_gap_or_above_split_median,other_classes
LR_77,LR,77.0,turbine_and_load_transient,turbine_and_load_transient,0.9253735777905859,0.5,False,True,random,seed_20270002,random_or_blocked,1.0,False,True,high_gap_or_above_split_median,other_classes
LR_81,LR,81.0,turbine_and_load_transient,turbine_and_load_transient,0.9273300053434735,0.5,False,True,random,seed_20270002,random_or_blocked,1.0,False,True,high_gap_or_above_split_median,other_classes
LR_94,LR,94.0,turbine_and_load_transient,turbine_and_load_transient,0.8944262095216181,0.5,False,True,random,seed_20270002,random_or_blocked,1.0,False,True,high_gap_or_above_split_median,other_classes
LR_95,LR,95.0,turbine_and_load_transient,turbine_and_load_transient,0.9220924562761256,0.5,False,True,random,seed_20270002,random_or_blocked,1.0,False,True,high_gap_or_above_split_median,other_classes
RI_-1,RI,-1.0,reactivity_and_control,steam_line_break,0.41653081706357875,0.5,True,False,random,seed_20270002,random_or_blocked,2.0,True,True,high_gap_or_above_split_median,RI_LOCAC_SLBIC
RI_-14,RI,-14.0,reactivity_and_control,reactivity_and_control,0.9377225172724408,0.5,False,True,random,seed_20270002,random_or_blocked,1.0,True,True,high_gap_or_above_split_median,RI_LOCAC_SLBIC
RI_-19,RI,-19.0,reactivity_and_control,reactivity_and_control,0.9374375063120379,0.5,False,True,random,seed_20270002,random_or_blocked,1.0,True,True,high_gap_or_above_split_median,RI_LOCAC_SLBIC
RI_-2,RI,-2.0,reactivity_and_control,primary_coolant_boundary_break,0.6454776349509475,0.5,False,True,random,seed_20270002,random_or_blocked,1.0,True,True,high_gap_or_above_split_median,RI_LOCAC_SLBIC
RI_-29,RI,-29.0,reactivity_and_control,reactivity_and_control,0.9377912969578023,0.5,False,True,random,seed_20270002,random_or_blocked,1.0,True,True,high_gap_or_above_split_median,RI_LOCAC_SLBIC
RI_-34,RI,-34.0,reactivity_and_control,reactivity_and_control,0.9380005909568997,0.5,False,True,random,seed_20270002,random_or_blocked,1.0,True,True,high_gap_or_above_split_median,RI_LOCAC_SLBIC
RI_-35,RI,-35.0,reactivity_and_control,reactivity_and_control,0.9380005909568997,0.5,False,True,random,seed_20270002,random_or_blocked,2.0,True,True,high_gap_or_above_split_median,RI_LOCAC_SLBIC
SGATR_100,SGATR,100.0,steam_generator_tube_rupture,steam_generator_tube_rupture,0.9352414517837468,0.5,False,True,random,seed_20270002,random_or_blocked,4.0,False,True,high_gap_or_above_split_median,other_classes
SGATR_61,SGATR,61.0,steam_generator_tube_rupture,steam_generator_tube_rupture,0.9275293434786988,0.5,False,True,random,seed_20270002,random_or_blocked,2.0,False,True,high_gap_or_above_split_median,other_classes
SGATR_62,SGATR,62.0,steam_generator_tube_rupture,steam_generator_tube_rupture,0.9280913831057652,0.5,False,True,random,seed_20270002,random_or_blocked,1.0,False,True,high_gap_or_above_split_median,other_classes
SGATR_69,SGATR,69.0,steam_generator_tube_rupture,steam_generator_tube_rupture,0.9303170753701229,0.5,False,True,random,seed_20270002,random_or_blocked,1.0,False,True,high_gap_or_above_split_median,other_classes
SGATR_72,SGATR,72.0,steam_generator_tube_rupture,steam_generator_tube_rupture,0.9311164995913841,0.5,False,True,random,seed_20270002,random_or_blocked,1.0,False,True,high_gap_or_above_split_median,other_classes
SGATR_81,SGATR,81.0,steam_generator_tube_rupture,steam_generator_tube_rupture,0.931425534987623,0.5,False,True,random,seed_20270002,random_or_blocked,1.0,False,True,high_gap_or_above_split_median,other_classes
SGATR_87,SGATR,87.0,steam_generator_tube_rupture,steam_generator_tube_rupture,0.9333443872476529,0.5,False,True,random,seed_20270002,random_or_blocked,1.0,False,True,high_gap_or_above_split_median,other_classes
SGATR_90,SGATR,90.0,steam_generator_tube_rupture,steam_generator_tube_rupture,0.9350616735186509,0.5,False,True,random,seed_20270002,random_or_blocked,1.0,False,True,high_gap_or_above_split_median,other_classes
SGATR_91,SGATR,91.0,steam_generator_tube_rupture,steam_generator_tube_rupture,0.935747460174049,0.5,False,True,random,seed_20270002,random_or_blocked,1.0,False,True,high_gap_or_above_split_median,other_classes
SGBTR_102,SGBTR,102.0,steam_generator_tube_rupture,steam_generator_tube_rupture,0.9359065215867339,0.5,False,True,random,seed_20270002,random_or_blocked,1.0,False,True,high_gap_or_above_split_median,other_classes
SGBTR_58,SGBTR,58.0,steam_generator_tube_rupture,steam_generator_tube_rupture,0.9142529009830175,0.5,False,True,random,seed_20270002,random_or_blocked,1.0,False,True,high_gap_or_above_split_median,other_classes
SGBTR_66,SGBTR,66.0,steam_generator_tube_rupture,steam_generator_tube_rupture,0.9358967589981014,0.5,False,True,random,seed_20270002,random_or_blocked,1.0,False,True,high_gap_or_above_split_median,other_classes
SGBTR_73,SGBTR,73.0,steam_generator_tube_rupture,steam_generator_tube_rupture,0.9358978877734387,0.5,False,True,random,seed_20270002,random_or_blocked,3.0,False,True,high_gap_or_above_split_median,other_classes
SGBTR_74,SGBTR,74.0,steam_generator_tube_rupture,steam_generator_tube_rupture,0.9358978877734387,0.5,False,True,random,seed_20270002,random_or_blocked,2.0,False,True,high_gap_or_above_split_median,other_classes
SGBTR_75,SGBTR,75.0,steam_generator_tube_rupture,steam_generator_tube_rupture,0.935843393892069,0.5,False,True,random,seed_20270002,random_or_blocked,1.0,False,True,high_gap_or_above_split_median,other_classes
SGBTR_85,SGBTR,85.0,steam_generator_tube_rupture,steam_generator_tube_rupture,0.9355954232242213,0.5,False,True,random,seed_20270002,random_or_blocked,1.0,False,True,high_gap_or_above_split_median,other_classes
SGBTR_91,SGBTR,91.0,steam_generator_tube_rupture,steam_generator_tube_rupture,0.9363905735499011,0.5,False,True,random,seed_20270002,random_or_blocked,1.0,False,True,high_gap_or_above_split_median,other_classes
SGBTR_92,SGBTR,92.0,steam_generator_tube_rupture,steam_generator_tube_rupture,0.9363905735499011,0.5,False,True,random,seed_20270002,random_or_blocked,2.0,False,True,high_gap_or_above_split_median,other_classes
SGBTR_93,SGBTR,93.0,steam_generator_tube_rupture,steam_generator_tube_rupture,0.9363905735499011,0.5,False,True,random,seed_20270002,random_or_blocked,3.0,False,True,high_gap_or_above_split_median,other_classes
SGBTR_94,SGBTR,94.0,steam_generator_tube_rupture,steam_generator_tube_rupture,0.9363410217340343,0.5,False,True,random,seed_20270002,random_or_blocked,2.0,False,True,high_gap_or_above_split_median,other_classes
SLBIC_19,SLBIC,19.0,steam_line_break,steam_line_break,0.8824271701534606,0.5,False,True,random,seed_20270002,random_or_blocked,1.0,True,True,high_gap_or_above_split_median,RI_LOCAC_SLBIC
SLBIC_20,SLBIC,20.0,steam_line_break,steam_line_break,0.8835171095990401,0.5,False,True,random,seed_20270002,random_or_blocked,2.0,True,True,high_gap_or_above_split_median,RI_LOCAC_SLBIC
SLBIC_21,SLBIC,21.0,steam_line_break,steam_line_break,0.8862429044387466,0.5,False,True,random,seed_20270002,random_or_blocked,2.0,True,True,high_gap_or_above_split_median,RI_LOCAC_SLBIC
SLBIC_22,SLBIC,22.0,steam_line_break,steam_line_break,0.8887868755409011,0.5,False,True,random,seed_20270002,random_or_blocked,1.0,True,True,high_gap_or_above_split_median,RI_LOCAC_SLBIC
SLBIC_24,SLBIC,24.0,steam_line_break,steam_line_break,0.8968131829349404,0.5,False,True,random,seed_20270002,random_or_blocked,1.0,True,True,high_gap_or_above_split_median,RI_LOCAC_SLBIC
SLBIC_30,SLBIC,30.0,steam_line_break,steam_line_break,0.9043401195271704,0.5,False,True,random,seed_20270002,random_or_blocked,1.0,True,True,high_gap_or_above_split_median,RI_LOCAC_SLBIC
SLBIC_35,SLBIC,35.0,steam_line_break,steam_line_break,0.9086169031786624,0.5,False,True,random,seed_20270002,random_or_blocked,1.0,True,True,high_gap_or_above_split_median,RI_LOCAC_SLBIC
SLBIC_36,SLBIC,36.0,steam_line_break,steam_line_break,0.9106556954037393,0.5,False,True,random,seed_20270002,random_or_blocked,1.0,True,True,high_gap_or_above_split_median,RI_LOCAC_SLBIC
SLBIC_45,SLBIC,45.0,steam_line_break,steam_line_break,0.9312556094880845,0.5,False,True,random,seed_20270002,random_or_blocked,1.0,True,True,high_gap_or_above_split_median,RI_LOCAC_SLBIC
SLBIC_48,SLBIC,48.0,steam_line_break,steam_line_break,0.9314055227516634,0.5,False,True,random,seed_20270002,random_or_blocked,3.0,True,True,high_gap_or_above_split_median,RI_LOCAC_SLBIC
SLBIC_59,SLBIC,59.0,steam_line_break,steam_line_break,0.931643748494664,0.5,False,True,random,seed_20270002,random_or_blocked,1.0,True,True,high_gap_or_above_split_median,RI_LOCAC_SLBIC
SLBIC_74,SLBIC,74.0,steam_line_break,steam_line_break,0.9305622420559639,0.5,False,True,random,seed_20270002,random_or_blocked,1.0,True,True,high_gap_or_above_split_median,RI_LOCAC_SLBIC
SLBIC_83,SLBIC,83.0,steam_line_break,steam_line_break,0.9302486263701869,0.5,False,True,random,seed_20270002,random_or_blocked,1.0,True,True,high_gap_or_above_split_median,RI_LOCAC_SLBIC
SLBIC_86,SLBIC,86.0,steam_line_break,steam_line_break,0.9299417027641086,0.5,False,True,random,seed_20270002,random_or_blocked,2.0,True,True,high_gap_or_above_split_median,RI_LOCAC_SLBIC
SLBIC_87,SLBIC,87.0,steam_line_break,steam_line_break,0.9299417027641086,0.5,False,True,random,seed_20270002,random_or_blocked,2.0,True,True,high_gap_or_above_split_median,RI_LOCAC_SLBIC
SLBIC_88,SLBIC,88.0,steam_line_break,steam_line_break,0.9299417027641086,0.5,False,True,random,seed_20270002,random_or_blocked,1.0,True,True,high_gap_or_above_split_median,RI_LOCAC_SLBIC
SLBIC_95,SLBIC,95.0,steam_line_break,steam_line_break,0.9299417027641086,0.5,False,True,random,seed_20270002,random_or_blocked,1.0,True,True,high_gap_or_above_split_median,RI_LOCAC_SLBIC
SLBIC_97,SLBIC,97.0,steam_line_break,steam_line_break,0.9296015329811022,0.5,False,True,random,seed_20270002,random_or_blocked,1.0,True,True,high_gap_or_above_split_median,RI_LOCAC_SLBIC
FLB_10,FLB,10.0,feedwater_line_break,feedwater_line_break,0.9303144278694082,0.0,False,True,severity_blocked,low_block,random_or_blocked,13.0,False,True,high_gap_or_above_split_median,other_classes
FLB_11,FLB,11.0,feedwater_line_break,feedwater_line_break,0.9303144278694082,0.0,False,True,severity_blocked,low_block,random_or_blocked,12.0,False,True,high_gap_or_above_split_median,other_classes
FLB_12,FLB,12.0,feedwater_line_break,feedwater_line_break,0.9303144278694082,0.0,False,True,severity_blocked,low_block,random_or_blocked,11.0,False,True,high_gap_or_above_split_median,other_classes
FLB_13,FLB,13.0,feedwater_line_break,feedwater_line_break,0.9303144278694082,0.0,False,True,severity_blocked,low_block,random_or_blocked,10.0,False,True,high_gap_or_above_split_median,other_classes
FLB_14,FLB,14.0,feedwater_line_break,feedwater_line_break,0.9303144278694082,0.0,False,True,severity_blocked,low_block,random_or_blocked,9.0,False,True,high_gap_or_above_split_median,other_classes
FLB_15,FLB,15.0,feedwater_line_break,feedwater_line_break,0.9303144278694082,0.0,False,True,severity_blocked,low_block,random_or_blocked,8.0,False,True,high_gap_or_above_split_median,other_classes
FLB_16,FLB,16.0,feedwater_line_break,feedwater_line_break,0.9303144278694082,0.0,False,True,severity_blocked,low_block,random_or_blocked,7.0,False,False,below_split_median,other_classes
FLB_17,FLB,17.0,feedwater_line_break,feedwater_line_break,0.9303144278694082,0.0,False,True,severity_blocked,low_block,random_or_blocked,6.0,False,False,below_split_median,other_classes
FLB_18,FLB,18.0,feedwater_line_break,feedwater_line_break,0.9303144278694082,0.0,False,True,severity_blocked,low_block,random_or_blocked,5.0,False,False,below_split_median,other_classes
FLB_19,FLB,19.0,feedwater_line_break,feedwater_line_break,0.9303144278694082,0.0,False,True,severity_blocked,low_block,random_or_blocked,4.0,False,False,below_split_median,other_classes
FLB_2,FLB,2.0,feedwater_line_break,feedwater_line_break,0.9303144278694082,0.0,False,True,severity_blocked,low_block,random_or_blocked,21.0,False,True,high_gap_or_above_split_median,other_classes
FLB_20,FLB,20.0,feedwater_line_break,feedwater_line_break,0.9303144278694082,0.0,False,True,severity_blocked,low_block,random_or_blocked,3.0,False,False,below_split_median,other_classes
FLB_21,FLB,21.0,feedwater_line_break,feedwater_line_break,0.9303144278694082,0.0,False,True,severity_blocked,low_block,random_or_blocked,2.0,False,False,below_split_median,other_classes
FLB_3,FLB,3.0,feedwater_line_break,feedwater_line_break,0.9303144278694082,0.0,False,True,severity_blocked,low_block,random_or_blocked,20.0,False,True,high_gap_or_above_split_median,other_classes
FLB_4,FLB,4.0,feedwater_line_break,feedwater_line_break,0.9303144278694082,0.0,False,True,severity_blocked,low_block,random_or_blocked,19.0,False,True,high_gap_or_above_split_median,other_classes
FLB_5,FLB,5.0,feedwater_line_break,feedwater_line_break,0.9303144278694082,0.0,False,True,severity_blocked,low_block,random_or_blocked,18.0,False,True,high_gap_or_above_split_median,other_classes
FLB_6,FLB,6.0,feedwater_line_break,feedwater_line_break,0.9303144278694082,0.0,False,True,severity_blocked,low_block,random_or_blocked,17.0,False,True,high_gap_or_above_split_median,other_classes
FLB_7,FLB,7.0,feedwater_line_break,feedwater_line_break,0.9303144278694082,0.0,False,True,severity_blocked,low_block,random_or_blocked,16.0,False,True,high_gap_or_above_split_median,other_classes
FLB_8,FLB,8.0,feedwater_line_break,feedwater_line_break,0.9303144278694082,0.0,False,True,severity_blocked,low_block,random_or_blocked,15.0,False,True,high_gap_or_above_split_median,other_classes
FLB_9,FLB,9.0,feedwater_line_break,feedwater_line_break,0.9303144278694082,0.0,False,True,severity_blocked,low_block,random_or_blocked,14.0,False,True,high_gap_or_above_split_median,other_classes
LOCAC_1,LOCAC,1.0,primary_coolant_boundary_break,primary_coolant_boundary_break,0.8718124480764229,0.0,False,True,severity_blocked,low_block,random_or_blocked,17.0,True,True,high_gap_or_above_split_median,RI_LOCAC_SLBIC
LOCAC_10,LOCAC,10.0,primary_coolant_boundary_break,steam_generator_tube_rupture,0.4808341742029847,0.0,False,True,severity_blocked,low_block,random_or_blocked,8.0,True,True,high_gap_or_above_split_median,RI_LOCAC_SLBIC
LOCAC_11,LOCAC,11.0,primary_coolant_boundary_break,primary_coolant_boundary_break,0.5411050305185414,0.0,False,True,severity_blocked,low_block,random_or_blocked,7.0,True,False,below_split_median,RI_LOCAC_SLBIC
LOCAC_12,LOCAC,12.0,primary_coolant_boundary_break,steam_generator_tube_rupture,0.7060711842372803,0.0,False,True,severity_blocked,low_block,random_or_blocked,6.0,True,False,below_split_median,RI_LOCAC_SLBIC
LOCAC_13,LOCAC,13.0,primary_coolant_boundary_break,steam_generator_tube_rupture,0.5383642665720851,0.0,False,True,severity_blocked,low_block,random_or_blocked,5.0,True,False,below_split_median,RI_LOCAC_SLBIC
LOCAC_14,LOCAC,14.0,primary_coolant_boundary_break,primary_coolant_boundary_break,0.5575043896263997,0.0,False,True,severity_blocked,low_block,random_or_blocked,4.0,True,False,below_split_median,RI_LOCAC_SLBIC
LOCAC_15,LOCAC,15.0,primary_coolant_boundary_break,primary_coolant_boundary_break,0.7658351416692359,0.0,False,True,severity_blocked,low_block,random_or_blocked,3.0,True,False,below_split_median,RI_LOCAC_SLBIC
LOCAC_16,LOCAC,16.0,primary_coolant_boundary_break,primary_coolant_boundary_break,0.9387810230496086,0.0,False,True,severity_blocked,low_block,random_or_blocked,2.0,True,False,below_split_median,RI_LOCAC_SLBIC
LOCAC_2,LOCAC,2.0,primary_coolant_boundary_break,primary_coolant_boundary_break,0.5227641565576099,0.0,False,True,severity_blocked,low_block,random_or_blocked,16.0,True,True,high_gap_or_above_split_median,RI_LOCAC_SLBIC
LOCAC_3,LOCAC,3.0,primary_coolant_boundary_break,primary_coolant_boundary_break,0.5227641565576099,0.0,False,True,severity_blocked,low_block,random_or_blocked,15.0,True,True,high_gap_or_above_split_median,RI_LOCAC_SLBIC
LOCAC_4,LOCAC,4.0,primary_coolant_boundary_break,primary_coolant_boundary_break,0.5227641565576099,0.0,False,True,severity_blocked,low_block,random_or_blocked,14.0,True,True,high_gap_or_above_split_median,RI_LOCAC_SLBIC
LOCAC_5,LOCAC,5.0,primary_coolant_boundary_break,primary_coolant_boundary_break,0.5227641565576099,0.0,False,True,severity_blocked,low_block,random_or_blocked,13.0,True,True,high_gap_or_above_split_median,RI_LOCAC_SLBIC
LOCAC_6,LOCAC,6.0,primary_coolant_boundary_break,steam_generator_tube_rupture,0.8394805729126996,0.0,False,True,severity_blocked,low_block,random_or_blocked,12.0,True,True,high_gap_or_above_split_median,RI_LOCAC_SLBIC
LOCAC_7,LOCAC,7.0,primary_coolant_boundary_break,primary_coolant_boundary_break,0.5227641565576099,0.0,False,True,severity_blocked,low_block,random_or_blocked,11.0,True,True,high_gap_or_above_split_median,RI_LOCAC_SLBIC
LOCAC_8,LOCAC,8.0,primary_coolant_boundary_break,primary_coolant_boundary_break,0.5227641565576099,0.0,False,True,severity_blocked,low_block,random_or_blocked,10.0,True,True,high_gap_or_above_split_median,RI_LOCAC_SLBIC
LOCAC_9,LOCAC,9.0,primary_coolant_boundary_break,steam_generator_tube_rupture,0.4808341742029847,0.0,False,True,severity_blocked,low_block,random_or_blocked,9.0,True,True,high_gap_or_above_split_median,RI_LOCAC_SLBIC
LOCA_1,LOCA,1.0,primary_coolant_boundary_break,primary_coolant_boundary_break,0.6911443465871842,0.0,False,True,severity_blocked,low_block,random_or_blocked,17.0,False,True,high_gap_or_above_split_median,other_classes
LOCA_10,LOCA,10.0,primary_coolant_boundary_break,primary_coolant_boundary_break,0.9377618589021047,0.0,False,True,severity_blocked,low_block,random_or_blocked,8.0,False,True,high_gap_or_above_split_median,other_classes
LOCA_11,LOCA,11.0,primary_coolant_boundary_break,primary_coolant_boundary_break,0.9386926436543956,0.0,False,True,severity_blocked,low_block,random_or_blocked,7.0,False,False,below_split_median,other_classes
LOCA_12,LOCA,12.0,primary_coolant_boundary_break,primary_coolant_boundary_break,0.9387981826251132,0.0,False,True,severity_blocked,low_block,random_or_blocked,6.0,False,False,below_split_median,other_classes
LOCA_13,LOCA,13.0,primary_coolant_boundary_break,primary_coolant_boundary_break,0.9387981826251132,0.0,False,True,severity_blocked,low_block,random_or_blocked,5.0,False,False,below_split_median,other_classes
LOCA_14,LOCA,14.0,primary_coolant_boundary_break,primary_coolant_boundary_break,0.9387981826251132,0.0,False,True,severity_blocked,low_block,random_or_blocked,4.0,False,False,below_split_median,other_classes
LOCA_15,LOCA,15.0,primary_coolant_boundary_break,primary_coolant_boundary_break,0.9387008102582837,0.0,False,True,severity_blocked,low_block,random_or_blocked,3.0,False,False,below_split_median,other_classes
LOCA_16,LOCA,16.0,primary_coolant_boundary_break,primary_coolant_boundary_break,0.9387008102582837,0.0,False,True,severity_blocked,low_block,random_or_blocked,2.0,False,False,below_split_median,other_classes
LOCA_2,LOCA,2.0,primary_coolant_boundary_break,steam_generator_tube_rupture,0.5812048253849271,0.0,False,True,severity_blocked,low_block,random_or_blocked,16.0,False,True,high_gap_or_above_split_median,other_classes
LOCA_3,LOCA,3.0,primary_coolant_boundary_break,steam_generator_tube_rupture,0.5800425489942359,0.0,False,True,severity_blocked,low_block,random_or_blocked,15.0,False,True,high_gap_or_above_split_median,other_classes
LOCA_4,LOCA,4.0,primary_coolant_boundary_break,steam_generator_tube_rupture,0.565863020583735,0.0,False,True,severity_blocked,low_block,random_or_blocked,14.0,False,True,high_gap_or_above_split_median,other_classes
LOCA_5,LOCA,5.0,primary_coolant_boundary_break,steam_generator_tube_rupture,0.565863020583735,0.0,False,True,severity_blocked,low_block,random_or_blocked,13.0,False,True,high_gap_or_above_split_median,other_classes
LOCA_6,LOCA,6.0,primary_coolant_boundary_break,primary_coolant_boundary_break,0.5089460097711237,0.0,False,True,severity_blocked,low_block,random_or_blocked,12.0,False,True,high_gap_or_above_split_median,other_classes
LOCA_7,LOCA,7.0,primary_coolant_boundary_break,primary_coolant_boundary_break,0.9380648707758172,0.0,False,True,severity_blocked,low_block,random_or_blocked,11.0,False,True,high_gap_or_above_split_median,other_classes
LOCA_8,LOCA,8.0,primary_coolant_boundary_break,primary_coolant_boundary_break,0.9381624892120786,0.0,False,True,severity_blocked,low_block,random_or_blocked,10.0,False,True,high_gap_or_above_split_median,other_classes
LOCA_9,LOCA,9.0,primary_coolant_boundary_break,primary_coolant_boundary_break,0.9377618589021047,0.0,False,True,severity_blocked,low_block,random_or_blocked,9.0,False,True,high_gap_or_above_split_median,other_classes
LR_70,LR,70.0,turbine_and_load_transient,turbine_and_load_transient,0.9329570310433839,0.0,False,True,severity_blocked,low_block,random_or_blocked,7.0,False,False,below_split_median,other_classes
LR_71,LR,71.0,turbine_and_load_transient,turbine_and_load_transient,0.9294322066950437,0.0,False,True,severity_blocked,low_block,random_or_blocked,6.0,False,False,below_split_median,other_classes
LR_72,LR,72.0,turbine_and_load_transient,turbine_and_load_transient,0.9294322066950437,0.0,False,True,severity_blocked,low_block,random_or_blocked,5.0,False,False,below_split_median,other_classes
LR_73,LR,73.0,turbine_and_load_transient,turbine_and_load_transient,0.9294322066950437,0.0,False,True,severity_blocked,low_block,random_or_blocked,4.0,False,False,below_split_median,other_classes
LR_74,LR,74.0,turbine_and_load_transient,turbine_and_load_transient,0.9294322066950437,0.0,False,True,severity_blocked,low_block,random_or_blocked,3.0,False,False,below_split_median,other_classes
LR_75,LR,75.0,turbine_and_load_transient,turbine_and_load_transient,0.9294322066950437,0.0,False,True,severity_blocked,low_block,random_or_blocked,2.0,False,False,below_split_median,other_classes
RI_-29,RI,-29.0,reactivity_and_control,reactivity_and_control,0.9195446022118541,0.0,False,True,severity_blocked,low_block,random_or_blocked,2.0,True,False,below_split_median,RI_LOCAC_SLBIC
RI_-30,RI,-30.0,reactivity_and_control,reactivity_and_control,0.9195446022118541,0.0,False,True,severity_blocked,low_block,random_or_blocked,3.0,True,False,below_split_median,RI_LOCAC_SLBIC
RI_-31,RI,-31.0,reactivity_and_control,reactivity_and_control,0.9195446022118541,0.0,False,True,severity_blocked,low_block,random_or_blocked,4.0,True,False,below_split_median,RI_LOCAC_SLBIC
RI_-32,RI,-32.0,reactivity_and_control,reactivity_and_control,0.9195446022118541,0.0,False,True,severity_blocked,low_block,random_or_blocked,5.0,True,False,below_split_median,RI_LOCAC_SLBIC
RI_-33,RI,-33.0,reactivity_and_control,reactivity_and_control,0.9195446022118541,0.0,False,True,severity_blocked,low_block,random_or_blocked,6.0,True,False,below_split_median,RI_LOCAC_SLBIC
RI_-34,RI,-34.0,reactivity_and_control,reactivity_and_control,0.9224340795653998,0.0,False,True,severity_blocked,low_block,random_or_blocked,7.0,True,False,below_split_median,RI_LOCAC_SLBIC
RI_-35,RI,-35.0,reactivity_and_control,reactivity_and_control,0.9224340795653998,0.0,False,True,severity_blocked,low_block,random_or_blocked,8.0,True,True,high_gap_or_above_split_median,RI_LOCAC_SLBIC
SGATR_57,SGATR,57.0,steam_generator_tube_rupture,steam_generator_tube_rupture,0.9433015720820468,0.0,False,True,severity_blocked,low_block,random_or_blocked,10.0,False,True,high_gap_or_above_split_median,other_classes
SGATR_58,SGATR,58.0,steam_generator_tube_rupture,steam_generator_tube_rupture,0.9433015720820468,0.0,False,True,severity_blocked,low_block,random_or_blocked,9.0,False,True,high_gap_or_above_split_median,other_classes
SGATR_59,SGATR,59.0,steam_generator_tube_rupture,steam_generator_tube_rupture,0.9433015720820468,0.0,False,True,severity_blocked,low_block,random_or_blocked,8.0,False,True,high_gap_or_above_split_median,other_classes
SGATR_60,SGATR,60.0,steam_generator_tube_rupture,steam_generator_tube_rupture,0.9433015720820468,0.0,False,True,severity_blocked,low_block,random_or_blocked,7.0,False,False,below_split_median,other_classes
SGATR_61,SGATR,61.0,steam_generator_tube_rupture,steam_generator_tube_rupture,0.9433015720820468,0.0,False,True,severity_blocked,low_block,random_or_blocked,6.0,False,False,below_split_median,other_classes
SGATR_62,SGATR,62.0,steam_generator_tube_rupture,steam_generator_tube_rupture,0.9433015720820468,0.0,False,True,severity_blocked,low_block,random_or_blocked,5.0,False,False,below_split_median,other_classes
SGATR_63,SGATR,63.0,steam_generator_tube_rupture,steam_generator_tube_rupture,0.9433015720820468,0.0,False,True,severity_blocked,low_block,random_or_blocked,4.0,False,False,below_split_median,other_classes
SGATR_64,SGATR,64.0,steam_generator_tube_rupture,steam_generator_tube_rupture,0.9449769165009255,0.0,False,True,severity_blocked,low_block,random_or_blocked,3.0,False,False,below_split_median,other_classes
SGATR_65,SGATR,65.0,steam_generator_tube_rupture,steam_generator_tube_rupture,0.9471291606183037,0.0,False,True,severity_blocked,low_block,random_or_blocked,2.0,False,False,below_split_median,other_classes
SGBTR_57,SGBTR,57.0,steam_generator_tube_rupture,steam_generator_tube_rupture,0.9448487515207656,0.0,False,True,severity_blocked,low_block,random_or_blocked,12.0,False,True,high_gap_or_above_split_median,other_classes
SGBTR_58,SGBTR,58.0,steam_generator_tube_rupture,steam_generator_tube_rupture,0.9448487515207656,0.0,False,True,severity_blocked,low_block,random_or_blocked,11.0,False,True,high_gap_or_above_split_median,other_classes
SGBTR_59,SGBTR,59.0,steam_generator_tube_rupture,steam_generator_tube_rupture,0.9448487515207656,0.0,False,True,severity_blocked,low_block,random_or_blocked,10.0,False,True,high_gap_or_above_split_median,other_classes
SGBTR_60,SGBTR,60.0,steam_generator_tube_rupture,steam_generator_tube_rupture,0.9448487515207656,0.0,False,True,severity_blocked,low_block,random_or_blocked,9.0,False,True,high_gap_or_above_split_median,other_classes
SGBTR_61,SGBTR,61.0,steam_generator_tube_rupture,steam_generator_tube_rupture,0.9452932213302007,0.0,False,True,severity_blocked,low_block,random_or_blocked,8.0,False,True,high_gap_or_above_split_median,other_classes
SGBTR_62,SGBTR,62.0,steam_generator_tube_rupture,steam_generator_tube_rupture,0.9452932213302007,0.0,False,True,severity_blocked,low_block,random_or_blocked,7.0,False,False,below_split_median,other_classes
SGBTR_63,SGBTR,63.0,steam_generator_tube_rupture,steam_generator_tube_rupture,0.9452932213302007,0.0,False,True,severity_blocked,low_block,random_or_blocked,6.0,False,False,below_split_median,other_classes
SGBTR_64,SGBTR,64.0,steam_generator_tube_rupture,steam_generator_tube_rupture,0.9452932213302007,0.0,False,True,severity_blocked,low_block,random_or_blocked,5.0,False,False,below_split_median,other_classes
SGBTR_65,SGBTR,65.0,steam_generator_tube_rupture,steam_generator_tube_rupture,0.9452932213302007,0.0,False,True,severity_blocked,low_block,random_or_blocked,4.0,False,False,below_split_median,other_classes
SGBTR_66,SGBTR,66.0,steam_generator_tube_rupture,steam_generator_tube_rupture,0.9452932213302007,0.0,False,True,severity_blocked,low_block,random_or_blocked,3.0,False,False,below_split_median,other_classes
SGBTR_67,SGBTR,67.0,steam_generator_tube_rupture,steam_generator_tube_rupture,0.9452932213302007,0.0,False,True,severity_blocked,low_block,random_or_blocked,2.0,False,False,below_split_median,other_classes
SLBIC_14,SLBIC,14.0,steam_line_break,reactivity_and_control,0.384935285015949,0.0,False,True,severity_blocked,low_block,random_or_blocked,19.0,True,True,high_gap_or_above_split_median,RI_LOCAC_SLBIC
SLBIC_15,SLBIC,15.0,steam_line_break,reactivity_and_control,0.384935285015949,0.0,False,True,severity_blocked,low_block,random_or_blocked,18.0,True,True,high_gap_or_above_split_median,RI_LOCAC_SLBIC
SLBIC_16,SLBIC,16.0,steam_line_break,reactivity_and_control,0.384935285015949,0.0,False,True,severity_blocked,low_block,random_or_blocked,17.0,True,True,high_gap_or_above_split_median,RI_LOCAC_SLBIC
SLBIC_17,SLBIC,17.0,steam_line_break,reactivity_and_control,0.384935285015949,0.0,False,True,severity_blocked,low_block,random_or_blocked,16.0,True,True,high_gap_or_above_split_median,RI_LOCAC_SLBIC
SLBIC_18,SLBIC,18.0,steam_line_break,reactivity_and_control,0.5501083193783651,0.0,False,True,severity_blocked,low_block,random_or_blocked,15.0,True,True,high_gap_or_above_split_median,RI_LOCAC_SLBIC
SLBIC_19,SLBIC,19.0,steam_line_break,reactivity_and_control,0.5502234491063077,0.0,False,True,severity_blocked,low_block,random_or_blocked,14.0,True,True,high_gap_or_above_split_median,RI_LOCAC_SLBIC
SLBIC_20,SLBIC,20.0,steam_line_break,reactivity_and_control,0.5502234491063077,0.0,False,True,severity_blocked,low_block,random_or_blocked,13.0,True,True,high_gap_or_above_split_median,RI_LOCAC_SLBIC
SLBIC_21,SLBIC,21.0,steam_line_break,reactivity_and_control,0.5502234491063077,0.0,False,True,severity_blocked,low_block,random_or_blocked,12.0,True,True,high_gap_or_above_split_median,RI_LOCAC_SLBIC
SLBIC_22,SLBIC,22.0,steam_line_break,reactivity_and_control,0.5502234491063077,0.0,False,True,severity_blocked,low_block,random_or_blocked,11.0,True,True,high_gap_or_above_split_median,RI_LOCAC_SLBIC
SLBIC_23,SLBIC,23.0,steam_line_break,reactivity_and_control,0.5502234491063077,0.0,False,True,severity_blocked,low_block,random_or_blocked,10.0,True,True,high_gap_or_above_split_median,RI_LOCAC_SLBIC
SLBIC_24,SLBIC,24.0,steam_line_break,reactivity_and_control,0.5502234491063077,0.0,False,True,severity_blocked,low_block,random_or_blocked,9.0,True,True,high_gap_or_above_split_median,RI_LOCAC_SLBIC
SLBIC_25,SLBIC,25.0,steam_line_break,reactivity_and_control,0.5502234491063077,0.0,False,True,severity_blocked,low_block,random_or_blocked,8.0,True,True,high_gap_or_above_split_median,RI_LOCAC_SLBIC
SLBIC_26,SLBIC,26.0,steam_line_break,primary_coolant_boundary_break,0.6347788541520505,0.0,False,True,severity_blocked,low_block,random_or_blocked,7.0,True,False,below_split_median,RI_LOCAC_SLBIC
SLBIC_27,SLBIC,27.0,steam_line_break,feedwater_line_break,0.32032314109272825,0.0,False,True,severity_blocked,low_block,random_or_blocked,6.0,True,False,below_split_median,RI_LOCAC_SLBIC
SLBIC_28,SLBIC,28.0,steam_line_break,feedwater_line_break,0.32032314109272825,0.0,False,True,severity_blocked,low_block,random_or_blocked,5.0,True,False,below_split_median,RI_LOCAC_SLBIC
SLBIC_29,SLBIC,29.0,steam_line_break,feedwater_line_break,0.32032314109272825,0.0,False,True,severity_blocked,low_block,random_or_blocked,4.0,True,False,below_split_median,RI_LOCAC_SLBIC
SLBIC_30,SLBIC,30.0,steam_line_break,steam_line_break,0.6224844751408437,0.0,False,True,severity_blocked,low_block,random_or_blocked,3.0,True,False,below_split_median,RI_LOCAC_SLBIC
SLBIC_31,SLBIC,31.0,steam_line_break,steam_line_break,0.6224844751408437,0.0,False,True,severity_blocked,low_block,random_or_blocked,2.0,True,False,below_split_median,RI_LOCAC_SLBIC
FLB_41,FLB,41.0,feedwater_line_break,feedwater_line_break,0.9082111562904487,0.5,False,True,severity_blocked,middle_block,random_or_blocked,2.0,False,False,below_split_median,other_classes
FLB_42,FLB,42.0,feedwater_line_break,feedwater_line_break,0.9082111562904487,0.5,False,True,severity_blocked,middle_block,random_or_blocked,3.0,False,False,below_split_median,other_classes
FLB_43,FLB,43.0,feedwater_line_break,feedwater_line_break,0.9082111562904487,0.5,False,True,severity_blocked,middle_block,random_or_blocked,4.0,False,False,below_split_median,other_classes
FLB_44,FLB,44.0,feedwater_line_break,feedwater_line_break,0.9082111562904487,0.5,False,True,severity_blocked,middle_block,random_or_blocked,5.0,False,True,high_gap_or_above_split_median,other_classes
FLB_45,FLB,45.0,feedwater_line_break,feedwater_line_break,0.9082111562904487,0.5,False,True,severity_blocked,middle_block,random_or_blocked,6.0,False,True,high_gap_or_above_split_median,other_classes
FLB_46,FLB,46.0,feedwater_line_break,feedwater_line_break,0.9082111562904487,0.5,False,True,severity_blocked,middle_block,random_or_blocked,7.0,False,True,high_gap_or_above_split_median,other_classes
FLB_47,FLB,47.0,feedwater_line_break,feedwater_line_break,0.9082111562904487,0.5,False,True,severity_blocked,middle_block,random_or_blocked,8.0,False,True,high_gap_or_above_split_median,other_classes
FLB_48,FLB,48.0,feedwater_line_break,feedwater_line_break,0.9082111562904487,0.5,False,True,severity_blocked,middle_block,random_or_blocked,9.0,False,True,high_gap_or_above_split_median,other_classes
FLB_49,FLB,49.0,feedwater_line_break,feedwater_line_break,0.9082111562904487,0.5,False,True,severity_blocked,middle_block,random_or_blocked,10.0,False,True,high_gap_or_above_split_median,other_classes
FLB_50,FLB,50.0,feedwater_line_break,feedwater_line_break,0.9082111562904487,0.5,False,True,severity_blocked,middle_block,random_or_blocked,11.0,False,True,high_gap_or_above_split_median,other_classes
FLB_51,FLB,51.0,feedwater_line_break,feedwater_line_break,0.9082111562904487,0.5,False,True,severity_blocked,middle_block,random_or_blocked,11.0,False,True,high_gap_or_above_split_median,other_classes
FLB_52,FLB,52.0,feedwater_line_break,feedwater_line_break,0.9082111562904487,0.5,False,True,severity_blocked,middle_block,random_or_blocked,10.0,False,True,high_gap_or_above_split_median,other_classes
FLB_53,FLB,53.0,feedwater_line_break,feedwater_line_break,0.9082111562904487,0.5,False,True,severity_blocked,middle_block,random_or_blocked,9.0,False,True,high_gap_or_above_split_median,other_classes
FLB_54,FLB,54.0,feedwater_line_break,feedwater_line_break,0.9082111562904487,0.5,False,True,severity_blocked,middle_block,random_or_blocked,8.0,False,True,high_gap_or_above_split_median,other_classes
FLB_55,FLB,55.0,feedwater_line_break,feedwater_line_break,0.9082111562904487,0.5,False,True,severity_blocked,middle_block,random_or_blocked,7.0,False,True,high_gap_or_above_split_median,other_classes
FLB_56,FLB,56.0,feedwater_line_break,feedwater_line_break,0.9082111562904487,0.5,False,True,severity_blocked,middle_block,random_or_blocked,6.0,False,True,high_gap_or_above_split_median,other_classes
FLB_57,FLB,57.0,feedwater_line_break,feedwater_line_break,0.9082111562904487,0.5,False,True,severity_blocked,middle_block,random_or_blocked,5.0,False,True,high_gap_or_above_split_median,other_classes
FLB_58,FLB,58.0,feedwater_line_break,feedwater_line_break,0.9082111562904487,0.5,False,True,severity_blocked,middle_block,random_or_blocked,4.0,False,False,below_split_median,other_classes
FLB_59,FLB,59.0,feedwater_line_break,feedwater_line_break,0.9082111562904487,0.5,False,True,severity_blocked,middle_block,random_or_blocked,3.0,False,False,below_split_median,other_classes
FLB_60,FLB,60.0,feedwater_line_break,feedwater_line_break,0.9082111562904487,0.5,False,True,severity_blocked,middle_block,random_or_blocked,2.0,False,False,below_split_median,other_classes
LOCAC_32,LOCAC,32.0,primary_coolant_boundary_break,primary_coolant_boundary_break,0.9170884618015034,0.5,False,True,severity_blocked,middle_block,random_or_blocked,2.0,True,False,below_split_median,RI_LOCAC_SLBIC
LOCAC_33,LOCAC,33.0,primary_coolant_boundary_break,primary_coolant_boundary_break,0.9086105582316515,0.5,False,True,severity_blocked,middle_block,random_or_blocked,3.0,True,False,below_split_median,RI_LOCAC_SLBIC
LOCAC_34,LOCAC,34.0,primary_coolant_boundary_break,primary_coolant_boundary_break,0.9170884618015034,0.5,False,True,severity_blocked,middle_block,random_or_blocked,4.0,True,False,below_split_median,RI_LOCAC_SLBIC
LOCAC_35,LOCAC,35.0,primary_coolant_boundary_break,primary_coolant_boundary_break,0.9090003919468334,0.5,False,True,severity_blocked,middle_block,random_or_blocked,5.0,True,True,high_gap_or_above_split_median,RI_LOCAC_SLBIC
LOCAC_36,LOCAC,36.0,primary_coolant_boundary_break,primary_coolant_boundary_break,0.9174542153982764,0.5,False,True,severity_blocked,middle_block,random_or_blocked,6.0,True,True,high_gap_or_above_split_median,RI_LOCAC_SLBIC
LOCAC_37,LOCAC,37.0,primary_coolant_boundary_break,primary_coolant_boundary_break,0.9174542153982764,0.5,False,True,severity_blocked,middle_block,random_or_blocked,7.0,True,True,high_gap_or_above_split_median,RI_LOCAC_SLBIC
LOCAC_38,LOCAC,38.0,primary_coolant_boundary_break,primary_coolant_boundary_break,0.9174409423094411,0.5,False,True,severity_blocked,middle_block,random_or_blocked,8.0,True,True,high_gap_or_above_split_median,RI_LOCAC_SLBIC
LOCAC_39,LOCAC,39.0,primary_coolant_boundary_break,primary_coolant_boundary_break,0.9162834423797658,0.5,False,True,severity_blocked,middle_block,random_or_blocked,9.0,True,True,high_gap_or_above_split_median,RI_LOCAC_SLBIC
LOCAC_40,LOCAC,40.0,primary_coolant_boundary_break,primary_coolant_boundary_break,0.9162834423797658,0.5,False,True,severity_blocked,middle_block,random_or_blocked,9.0,True,True,high_gap_or_above_split_median,RI_LOCAC_SLBIC
LOCAC_41,LOCAC,41.0,primary_coolant_boundary_break,primary_coolant_boundary_break,0.9174409423094411,0.5,False,True,severity_blocked,middle_block,random_or_blocked,8.0,True,True,high_gap_or_above_split_median,RI_LOCAC_SLBIC
LOCAC_42,LOCAC,42.0,primary_coolant_boundary_break,primary_coolant_boundary_break,0.9174409423094411,0.5,False,True,severity_blocked,middle_block,random_or_blocked,7.0,True,True,high_gap_or_above_split_median,RI_LOCAC_SLBIC
LOCAC_43,LOCAC,43.0,primary_coolant_boundary_break,primary_coolant_boundary_break,0.9174542153982764,0.5,False,True,severity_blocked,middle_block,random_or_blocked,6.0,True,True,high_gap_or_above_split_median,RI_LOCAC_SLBIC
LOCAC_44,LOCAC,44.0,primary_coolant_boundary_break,primary_coolant_boundary_break,0.9174542153982764,0.5,False,True,severity_blocked,middle_block,random_or_blocked,5.0,True,True,high_gap_or_above_split_median,RI_LOCAC_SLBIC
LOCAC_45,LOCAC,45.0,primary_coolant_boundary_break,primary_coolant_boundary_break,0.9162944081587697,0.5,False,True,severity_blocked,middle_block,random_or_blocked,4.0,True,False,below_split_median,RI_LOCAC_SLBIC
LOCAC_46,LOCAC,46.0,primary_coolant_boundary_break,primary_coolant_boundary_break,0.9174409423094411,0.5,False,True,severity_blocked,middle_block,random_or_blocked,3.0,True,False,below_split_median,RI_LOCAC_SLBIC
LOCAC_47,LOCAC,47.0,primary_coolant_boundary_break,primary_coolant_boundary_break,0.9162834423797658,0.5,False,True,severity_blocked,middle_block,random_or_blocked,2.0,True,False,below_split_median,RI_LOCAC_SLBIC
LOCA_31,LOCA,31.0,primary_coolant_boundary_break,primary_coolant_boundary_break,0.9222087381291638,0.5,False,True,severity_blocked,middle_block,random_or_blocked,2.0,False,False,below_split_median,other_classes
LOCA_32,LOCA,32.0,primary_coolant_boundary_break,primary_coolant_boundary_break,0.9222087381291638,0.5,False,True,severity_blocked,middle_block,random_or_blocked,3.0,False,False,below_split_median,other_classes
LOCA_33,LOCA,33.0,primary_coolant_boundary_break,primary_coolant_boundary_break,0.9213252638451908,0.5,False,True,severity_blocked,middle_block,random_or_blocked,4.0,False,False,below_split_median,other_classes
LOCA_34,LOCA,34.0,primary_coolant_boundary_break,primary_coolant_boundary_break,0.9213065875836645,0.5,False,True,severity_blocked,middle_block,random_or_blocked,5.0,False,True,high_gap_or_above_split_median,other_classes
LOCA_35,LOCA,35.0,primary_coolant_boundary_break,primary_coolant_boundary_break,0.9191572305769424,0.5,False,True,severity_blocked,middle_block,random_or_blocked,6.0,False,True,high_gap_or_above_split_median,other_classes
LOCA_36,LOCA,36.0,primary_coolant_boundary_break,primary_coolant_boundary_break,0.9192432943846623,0.5,False,True,severity_blocked,middle_block,random_or_blocked,7.0,False,True,high_gap_or_above_split_median,other_classes
LOCA_37,LOCA,37.0,primary_coolant_boundary_break,primary_coolant_boundary_break,0.9188140605308288,0.5,False,True,severity_blocked,middle_block,random_or_blocked,8.0,False,True,high_gap_or_above_split_median,other_classes
LOCA_38,LOCA,38.0,primary_coolant_boundary_break,primary_coolant_boundary_break,0.9188140605308288,0.5,False,True,severity_blocked,middle_block,random_or_blocked,9.0,False,True,high_gap_or_above_split_median,other_classes
LOCA_39,LOCA,39.0,primary_coolant_boundary_break,primary_coolant_boundary_break,0.9192432943846623,0.5,False,True,severity_blocked,middle_block,random_or_blocked,10.0,False,True,high_gap_or_above_split_median,other_classes
LOCA_40,LOCA,40.0,primary_coolant_boundary_break,primary_coolant_boundary_break,0.9191572305769424,0.5,False,True,severity_blocked,middle_block,random_or_blocked,9.0,False,True,high_gap_or_above_split_median,other_classes
LOCA_41,LOCA,41.0,primary_coolant_boundary_break,primary_coolant_boundary_break,0.9192432943846623,0.5,False,True,severity_blocked,middle_block,random_or_blocked,8.0,False,True,high_gap_or_above_split_median,other_classes
LOCA_42,LOCA,42.0,primary_coolant_boundary_break,primary_coolant_boundary_break,0.9192432943846623,0.5,False,True,severity_blocked,middle_block,random_or_blocked,7.0,False,True,high_gap_or_above_split_median,other_classes
LOCA_44,LOCA,44.0,primary_coolant_boundary_break,primary_coolant_boundary_break,0.9189001243385487,0.5,False,True,severity_blocked,middle_block,random_or_blocked,5.0,False,True,high_gap_or_above_split_median,other_classes
LOCA_45,LOCA,45.0,primary_coolant_boundary_break,primary_coolant_boundary_break,0.9106069411869394,0.5,False,True,severity_blocked,middle_block,random_or_blocked,4.0,False,False,below_split_median,other_classes
LOCA_46,LOCA,46.0,primary_coolant_boundary_break,primary_coolant_boundary_break,0.9108684917003079,0.5,False,True,severity_blocked,middle_block,random_or_blocked,3.0,False,False,below_split_median,other_classes
LOCA_47,LOCA,47.0,primary_coolant_boundary_break,primary_coolant_boundary_break,0.9106069411869394,0.5,False,True,severity_blocked,middle_block,random_or_blocked,2.0,False,False,below_split_median,other_classes
LR_81,LR,81.0,turbine_and_load_transient,turbine_and_load_transient,0.8975295918362564,0.5,False,True,severity_blocked,middle_block,random_or_blocked,2.0,False,False,below_split_median,other_classes
LR_82,LR,82.0,turbine_and_load_transient,turbine_and_load_transient,0.8975295918362564,0.5,False,True,severity_blocked,middle_block,random_or_blocked,3.0,False,False,below_split_median,other_classes
LR_83,LR,83.0,turbine_and_load_transient,turbine_and_load_transient,0.8975295918362564,0.5,False,True,severity_blocked,middle_block,random_or_blocked,4.0,False,False,below_split_median,other_classes
LR_84,LR,84.0,turbine_and_load_transient,turbine_and_load_transient,0.8975295918362564,0.5,False,True,severity_blocked,middle_block,random_or_blocked,4.0,False,False,below_split_median,other_classes
LR_85,LR,85.0,turbine_and_load_transient,turbine_and_load_transient,0.8975295918362564,0.5,False,True,severity_blocked,middle_block,random_or_blocked,3.0,False,False,below_split_median,other_classes
LR_86,LR,86.0,turbine_and_load_transient,turbine_and_load_transient,0.901594105970776,0.5,False,True,severity_blocked,middle_block,random_or_blocked,2.0,False,False,below_split_median,other_classes
RI_-15,RI,-15.0,reactivity_and_control,reactivity_and_control,0.8966208865869848,0.5,False,True,severity_blocked,middle_block,random_or_blocked,2.0,True,False,below_split_median,RI_LOCAC_SLBIC
RI_-16,RI,-16.0,reactivity_and_control,reactivity_and_control,0.8963329160013334,0.5,False,True,severity_blocked,middle_block,random_or_blocked,3.0,True,False,below_split_median,RI_LOCAC_SLBIC
RI_-17,RI,-17.0,reactivity_and_control,reactivity_and_control,0.8918205288812701,0.5,False,True,severity_blocked,middle_block,random_or_blocked,4.0,True,False,below_split_median,RI_LOCAC_SLBIC
RI_-18,RI,-18.0,reactivity_and_control,reactivity_and_control,0.8963329160013334,0.5,False,True,severity_blocked,middle_block,random_or_blocked,5.0,True,True,high_gap_or_above_split_median,RI_LOCAC_SLBIC
RI_-19,RI,-19.0,reactivity_and_control,reactivity_and_control,0.8962849584278831,0.5,False,True,severity_blocked,middle_block,random_or_blocked,4.0,True,False,below_split_median,RI_LOCAC_SLBIC
RI_-20,RI,-20.0,reactivity_and_control,reactivity_and_control,0.8955797674493331,0.5,False,True,severity_blocked,middle_block,random_or_blocked,3.0,True,False,below_split_median,RI_LOCAC_SLBIC
RI_-21,RI,-21.0,reactivity_and_control,reactivity_and_control,0.8965729290135345,0.5,False,True,severity_blocked,middle_block,random_or_blocked,2.0,True,False,below_split_median,RI_LOCAC_SLBIC
SGATR_74,SGATR,74.0,steam_generator_tube_rupture,steam_generator_tube_rupture,0.9019950918441418,0.5,False,True,severity_blocked,middle_block,random_or_blocked,2.0,False,False,below_split_median,other_classes
SGATR_75,SGATR,75.0,steam_generator_tube_rupture,steam_generator_tube_rupture,0.915072933985949,0.5,False,True,severity_blocked,middle_block,random_or_blocked,3.0,False,False,below_split_median,other_classes
SGATR_76,SGATR,76.0,steam_generator_tube_rupture,steam_generator_tube_rupture,0.915072933985949,0.5,False,True,severity_blocked,middle_block,random_or_blocked,4.0,False,False,below_split_median,other_classes
SGATR_77,SGATR,77.0,steam_generator_tube_rupture,steam_generator_tube_rupture,0.915072933985949,0.5,False,True,severity_blocked,middle_block,random_or_blocked,5.0,False,True,high_gap_or_above_split_median,other_classes
SGATR_78,SGATR,78.0,steam_generator_tube_rupture,steam_generator_tube_rupture,0.9163546154209324,0.5,False,True,severity_blocked,middle_block,random_or_blocked,6.0,False,True,high_gap_or_above_split_median,other_classes
SGATR_79,SGATR,79.0,steam_generator_tube_rupture,steam_generator_tube_rupture,0.9163546154209324,0.5,False,True,severity_blocked,middle_block,random_or_blocked,5.0,False,True,high_gap_or_above_split_median,other_classes
SGATR_80,SGATR,80.0,steam_generator_tube_rupture,steam_generator_tube_rupture,0.9168316806002732,0.5,False,True,severity_blocked,middle_block,random_or_blocked,4.0,False,False,below_split_median,other_classes
SGATR_81,SGATR,81.0,steam_generator_tube_rupture,steam_generator_tube_rupture,0.9168316806002732,0.5,False,True,severity_blocked,middle_block,random_or_blocked,3.0,False,False,below_split_median,other_classes
SGATR_82,SGATR,82.0,steam_generator_tube_rupture,steam_generator_tube_rupture,0.9168316806002732,0.5,False,True,severity_blocked,middle_block,random_or_blocked,2.0,False,False,below_split_median,other_classes
SGBTR_78,SGBTR,78.0,steam_generator_tube_rupture,steam_generator_tube_rupture,0.9190883019328507,0.5,False,True,severity_blocked,middle_block,random_or_blocked,2.0,False,False,below_split_median,other_classes
SGBTR_79,SGBTR,79.0,steam_generator_tube_rupture,steam_generator_tube_rupture,0.9190883019328507,0.5,False,True,severity_blocked,middle_block,random_or_blocked,3.0,False,False,below_split_median,other_classes
SGBTR_80,SGBTR,80.0,steam_generator_tube_rupture,steam_generator_tube_rupture,0.9190883019328507,0.5,False,True,severity_blocked,middle_block,random_or_blocked,4.0,False,False,below_split_median,other_classes
SGBTR_81,SGBTR,81.0,steam_generator_tube_rupture,steam_generator_tube_rupture,0.9190883019328507,0.5,False,True,severity_blocked,middle_block,random_or_blocked,5.0,False,True,high_gap_or_above_split_median,other_classes
SGBTR_82,SGBTR,82.0,steam_generator_tube_rupture,steam_generator_tube_rupture,0.9190883019328507,0.5,False,True,severity_blocked,middle_block,random_or_blocked,6.0,False,True,high_gap_or_above_split_median,other_classes
SGBTR_83,SGBTR,83.0,steam_generator_tube_rupture,steam_generator_tube_rupture,0.9135742821841678,0.5,False,True,severity_blocked,middle_block,random_or_blocked,7.0,False,True,high_gap_or_above_split_median,other_classes
SGBTR_84,SGBTR,84.0,steam_generator_tube_rupture,steam_generator_tube_rupture,0.9135742821841678,0.5,False,True,severity_blocked,middle_block,random_or_blocked,6.0,False,True,high_gap_or_above_split_median,other_classes
SGBTR_85,SGBTR,85.0,steam_generator_tube_rupture,steam_generator_tube_rupture,0.9135742821841678,0.5,False,True,severity_blocked,middle_block,random_or_blocked,5.0,False,True,high_gap_or_above_split_median,other_classes
SGBTR_86,SGBTR,86.0,steam_generator_tube_rupture,steam_generator_tube_rupture,0.9135742821841678,0.5,False,True,severity_blocked,middle_block,random_or_blocked,4.0,False,False,below_split_median,other_classes
SGBTR_87,SGBTR,87.0,steam_generator_tube_rupture,steam_generator_tube_rupture,0.9135742821841678,0.5,False,True,severity_blocked,middle_block,random_or_blocked,3.0,False,False,below_split_median,other_classes
SGBTR_88,SGBTR,88.0,steam_generator_tube_rupture,steam_generator_tube_rupture,0.9135742821841678,0.5,False,True,severity_blocked,middle_block,random_or_blocked,2.0,False,False,below_split_median,other_classes
SLBIC_49,SLBIC,49.0,steam_line_break,steam_line_break,0.9191560735134034,0.5,False,True,severity_blocked,middle_block,random_or_blocked,2.0,True,False,below_split_median,RI_LOCAC_SLBIC
SLBIC_50,SLBIC,50.0,steam_line_break,steam_line_break,0.9191560735134034,0.5,False,True,severity_blocked,middle_block,random_or_blocked,3.0,True,False,below_split_median,RI_LOCAC_SLBIC
SLBIC_51,SLBIC,51.0,steam_line_break,steam_line_break,0.9191560735134034,0.5,False,True,severity_blocked,middle_block,random_or_blocked,4.0,True,False,below_split_median,RI_LOCAC_SLBIC
SLBIC_52,SLBIC,52.0,steam_line_break,steam_line_break,0.9191560735134034,0.5,False,True,severity_blocked,middle_block,random_or_blocked,5.0,True,True,high_gap_or_above_split_median,RI_LOCAC_SLBIC
SLBIC_53,SLBIC,53.0,steam_line_break,steam_line_break,0.9191560735134034,0.5,False,True,severity_blocked,middle_block,random_or_blocked,6.0,True,True,high_gap_or_above_split_median,RI_LOCAC_SLBIC
SLBIC_54,SLBIC,54.0,steam_line_break,steam_line_break,0.9275426819699052,0.5,False,True,severity_blocked,middle_block,random_or_blocked,7.0,True,True,high_gap_or_above_split_median,RI_LOCAC_SLBIC
SLBIC_55,SLBIC,55.0,steam_line_break,steam_line_break,0.9275426819699052,0.5,False,True,severity_blocked,middle_block,random_or_blocked,8.0,True,True,high_gap_or_above_split_median,RI_LOCAC_SLBIC
SLBIC_56,SLBIC,56.0,steam_line_break,steam_line_break,0.9275426819699052,0.5,False,True,severity_blocked,middle_block,random_or_blocked,9.0,True,True,high_gap_or_above_split_median,RI_LOCAC_SLBIC
SLBIC_57,SLBIC,57.0,steam_line_break,steam_line_break,0.9311745947387652,0.5,False,True,severity_blocked,middle_block,random_or_blocked,10.0,True,True,high_gap_or_above_split_median,RI_LOCAC_SLBIC
SLBIC_58,SLBIC,58.0,steam_line_break,steam_line_break,0.9311745947387652,0.5,False,True,severity_blocked,middle_block,random_or_blocked,10.0,True,True,high_gap_or_above_split_median,RI_LOCAC_SLBIC
SLBIC_59,SLBIC,59.0,steam_line_break,steam_line_break,0.9311745947387652,0.5,False,True,severity_blocked,middle_block,random_or_blocked,9.0,True,True,high_gap_or_above_split_median,RI_LOCAC_SLBIC
SLBIC_60,SLBIC,60.0,steam_line_break,steam_line_break,0.9311745947387652,0.5,False,True,severity_blocked,middle_block,random_or_blocked,8.0,True,True,high_gap_or_above_split_median,RI_LOCAC_SLBIC
SLBIC_61,SLBIC,61.0,steam_line_break,steam_line_break,0.9311745947387652,0.5,False,True,severity_blocked,middle_block,random_or_blocked,7.0,True,True,high_gap_or_above_split_median,RI_LOCAC_SLBIC
SLBIC_62,SLBIC,62.0,steam_line_break,steam_line_break,0.9311745947387652,0.5,False,True,severity_blocked,middle_block,random_or_blocked,6.0,True,True,high_gap_or_above_split_median,RI_LOCAC_SLBIC
SLBIC_63,SLBIC,63.0,steam_line_break,steam_line_break,0.9311745947387652,0.5,False,True,severity_blocked,middle_block,random_or_blocked,5.0,True,True,high_gap_or_above_split_median,RI_LOCAC_SLBIC
SLBIC_64,SLBIC,64.0,steam_line_break,steam_line_break,0.9311745947387652,0.5,False,True,severity_blocked,middle_block,random_or_blocked,4.0,True,False,below_split_median,RI_LOCAC_SLBIC
SLBIC_65,SLBIC,65.0,steam_line_break,steam_line_break,0.9311745947387652,0.5,False,True,severity_blocked,middle_block,random_or_blocked,3.0,True,False,below_split_median,RI_LOCAC_SLBIC
SLBIC_66,SLBIC,66.0,steam_line_break,steam_line_break,0.9311745947387652,0.5,False,True,severity_blocked,middle_block,random_or_blocked,2.0,True,False,below_split_median,RI_LOCAC_SLBIC
FLB_100,FLB,100.0,feedwater_line_break,feedwater_line_break,0.899506911486875,0.0,False,True,severity_blocked,high_block,random_or_blocked,37.0,False,True,high_gap_or_above_split_median,other_classes
FLB_81,FLB,81.0,feedwater_line_break,feedwater_line_break,0.899506911486875,0.0,False,True,severity_blocked,high_block,random_or_blocked,18.0,False,False,below_split_median,other_classes
FLB_82,FLB,82.0,feedwater_line_break,feedwater_line_break,0.899506911486875,0.0,False,True,severity_blocked,high_block,random_or_blocked,19.0,False,False,below_split_median,other_classes
FLB_83,FLB,83.0,feedwater_line_break,feedwater_line_break,0.899506911486875,0.0,False,True,severity_blocked,high_block,random_or_blocked,20.0,False,True,high_gap_or_above_split_median,other_classes
FLB_84,FLB,84.0,feedwater_line_break,feedwater_line_break,0.899506911486875,0.0,False,True,severity_blocked,high_block,random_or_blocked,21.0,False,True,high_gap_or_above_split_median,other_classes
FLB_85,FLB,85.0,feedwater_line_break,feedwater_line_break,0.899506911486875,0.0,False,True,severity_blocked,high_block,random_or_blocked,22.0,False,True,high_gap_or_above_split_median,other_classes
FLB_86,FLB,86.0,feedwater_line_break,feedwater_line_break,0.899506911486875,0.0,False,True,severity_blocked,high_block,random_or_blocked,23.0,False,True,high_gap_or_above_split_median,other_classes
FLB_87,FLB,87.0,feedwater_line_break,feedwater_line_break,0.899506911486875,0.0,False,True,severity_blocked,high_block,random_or_blocked,24.0,False,True,high_gap_or_above_split_median,other_classes
FLB_88,FLB,88.0,feedwater_line_break,feedwater_line_break,0.899506911486875,0.0,False,True,severity_blocked,high_block,random_or_blocked,25.0,False,True,high_gap_or_above_split_median,other_classes
FLB_89,FLB,89.0,feedwater_line_break,feedwater_line_break,0.899506911486875,0.0,False,True,severity_blocked,high_block,random_or_blocked,26.0,False,True,high_gap_or_above_split_median,other_classes
FLB_90,FLB,90.0,feedwater_line_break,feedwater_line_break,0.899506911486875,0.0,False,True,severity_blocked,high_block,random_or_blocked,27.0,False,True,high_gap_or_above_split_median,other_classes
FLB_91,FLB,91.0,feedwater_line_break,feedwater_line_break,0.899506911486875,0.0,False,True,severity_blocked,high_block,random_or_blocked,28.0,False,True,high_gap_or_above_split_median,other_classes
FLB_92,FLB,92.0,feedwater_line_break,feedwater_line_break,0.899506911486875,0.0,False,True,severity_blocked,high_block,random_or_blocked,29.0,False,True,high_gap_or_above_split_median,other_classes
FLB_93,FLB,93.0,feedwater_line_break,feedwater_line_break,0.899506911486875,0.0,False,True,severity_blocked,high_block,random_or_blocked,30.0,False,True,high_gap_or_above_split_median,other_classes
FLB_94,FLB,94.0,feedwater_line_break,feedwater_line_break,0.899506911486875,0.0,False,True,severity_blocked,high_block,random_or_blocked,31.0,False,True,high_gap_or_above_split_median,other_classes
FLB_95,FLB,95.0,feedwater_line_break,feedwater_line_break,0.899506911486875,0.0,False,True,severity_blocked,high_block,random_or_blocked,32.0,False,True,high_gap_or_above_split_median,other_classes
FLB_96,FLB,96.0,feedwater_line_break,feedwater_line_break,0.899506911486875,0.0,False,True,severity_blocked,high_block,random_or_blocked,33.0,False,True,high_gap_or_above_split_median,other_classes
FLB_97,FLB,97.0,feedwater_line_break,feedwater_line_break,0.899506911486875,0.0,False,True,severity_blocked,high_block,random_or_blocked,34.0,False,True,high_gap_or_above_split_median,other_classes
FLB_98,FLB,98.0,feedwater_line_break,feedwater_line_break,0.899506911486875,0.0,False,True,severity_blocked,high_block,random_or_blocked,35.0,False,True,high_gap_or_above_split_median,other_classes
FLB_99,FLB,99.0,feedwater_line_break,feedwater_line_break,0.899506911486875,0.0,False,True,severity_blocked,high_block,random_or_blocked,36.0,False,True,high_gap_or_above_split_median,other_classes
LOCAC_64,LOCAC,64.0,primary_coolant_boundary_break,primary_coolant_boundary_break,0.8443382335255066,0.0,False,True,severity_blocked,high_block,random_or_blocked,14.0,True,False,below_split_median,RI_LOCAC_SLBIC
LOCAC_65,LOCAC,65.0,primary_coolant_boundary_break,primary_coolant_boundary_break,0.8443382335255066,0.0,False,True,severity_blocked,high_block,random_or_blocked,15.0,True,False,below_split_median,RI_LOCAC_SLBIC
LOCAC_66,LOCAC,66.0,primary_coolant_boundary_break,primary_coolant_boundary_break,0.8443382335255066,0.0,False,True,severity_blocked,high_block,random_or_blocked,16.0,True,False,below_split_median,RI_LOCAC_SLBIC
LOCAC_67,LOCAC,67.0,primary_coolant_boundary_break,primary_coolant_boundary_break,0.8443382335255066,0.0,False,True,severity_blocked,high_block,random_or_blocked,17.0,True,False,below_split_median,RI_LOCAC_SLBIC
LOCAC_68,LOCAC,68.0,primary_coolant_boundary_break,primary_coolant_boundary_break,0.8434253895214248,0.0,False,True,severity_blocked,high_block,random_or_blocked,18.0,True,False,below_split_median,RI_LOCAC_SLBIC
LOCAC_69,LOCAC,69.0,primary_coolant_boundary_break,primary_coolant_boundary_break,0.8434253895214248,0.0,False,True,severity_blocked,high_block,random_or_blocked,19.0,True,False,below_split_median,RI_LOCAC_SLBIC
LOCAC_70,LOCAC,70.0,primary_coolant_boundary_break,primary_coolant_boundary_break,0.7950337871422853,0.0,False,True,severity_blocked,high_block,random_or_blocked,20.0,True,True,high_gap_or_above_split_median,RI_LOCAC_SLBIC
LOCAC_71,LOCAC,71.0,primary_coolant_boundary_break,primary_coolant_boundary_break,0.8434253895214248,0.0,False,True,severity_blocked,high_block,random_or_blocked,21.0,True,True,high_gap_or_above_split_median,RI_LOCAC_SLBIC
LOCAC_72,LOCAC,72.0,primary_coolant_boundary_break,primary_coolant_boundary_break,0.7950337871422853,0.0,False,True,severity_blocked,high_block,random_or_blocked,22.0,True,True,high_gap_or_above_split_median,RI_LOCAC_SLBIC
LOCAC_73,LOCAC,73.0,primary_coolant_boundary_break,primary_coolant_boundary_break,0.8434253895214248,0.0,False,True,severity_blocked,high_block,random_or_blocked,23.0,True,True,high_gap_or_above_split_median,RI_LOCAC_SLBIC
LOCAC_74,LOCAC,74.0,primary_coolant_boundary_break,primary_coolant_boundary_break,0.8434253895214248,0.0,False,True,severity_blocked,high_block,random_or_blocked,24.0,True,True,high_gap_or_above_split_median,RI_LOCAC_SLBIC
LOCAC_75,LOCAC,75.0,primary_coolant_boundary_break,primary_coolant_boundary_break,0.8434253895214248,0.0,False,True,severity_blocked,high_block,random_or_blocked,25.0,True,True,high_gap_or_above_split_median,RI_LOCAC_SLBIC
LOCAC_76,LOCAC,76.0,primary_coolant_boundary_break,primary_coolant_boundary_break,0.8273046640319442,0.0,False,True,severity_blocked,high_block,random_or_blocked,26.0,True,True,high_gap_or_above_split_median,RI_LOCAC_SLBIC
LOCAC_77,LOCAC,77.0,primary_coolant_boundary_break,primary_coolant_boundary_break,0.8434253895214248,0.0,False,True,severity_blocked,high_block,random_or_blocked,27.0,True,True,high_gap_or_above_split_median,RI_LOCAC_SLBIC
LOCAC_78,LOCAC,78.0,primary_coolant_boundary_break,primary_coolant_boundary_break,0.8434253895214248,0.0,False,True,severity_blocked,high_block,random_or_blocked,28.0,True,True,high_gap_or_above_split_median,RI_LOCAC_SLBIC
LOCAC_79,LOCAC,79.0,primary_coolant_boundary_break,primary_coolant_boundary_break,0.8434253895214248,0.0,False,True,severity_blocked,high_block,random_or_blocked,29.0,True,True,high_gap_or_above_split_median,RI_LOCAC_SLBIC
LOCA_62,LOCA,62.0,primary_coolant_boundary_break,primary_coolant_boundary_break,0.8828723094716576,0.0,False,True,severity_blocked,high_block,random_or_blocked,14.0,False,False,below_split_median,other_classes
LOCA_63,LOCA,63.0,primary_coolant_boundary_break,primary_coolant_boundary_break,0.8826554507381073,0.0,False,True,severity_blocked,high_block,random_or_blocked,15.0,False,False,below_split_median,other_classes
LOCA_64,LOCA,64.0,primary_coolant_boundary_break,primary_coolant_boundary_break,0.8828723094716576,0.0,False,True,severity_blocked,high_block,random_or_blocked,16.0,False,False,below_split_median,other_classes
LOCA_65,LOCA,65.0,primary_coolant_boundary_break,primary_coolant_boundary_break,0.8826554507381073,0.0,False,True,severity_blocked,high_block,random_or_blocked,17.0,False,False,below_split_median,other_classes
LOCA_66,LOCA,66.0,primary_coolant_boundary_break,primary_coolant_boundary_break,0.8826554507381073,0.0,False,True,severity_blocked,high_block,random_or_blocked,18.0,False,False,below_split_median,other_classes
LOCA_67,LOCA,67.0,primary_coolant_boundary_break,primary_coolant_boundary_break,0.8826554507381073,0.0,False,True,severity_blocked,high_block,random_or_blocked,19.0,False,False,below_split_median,other_classes
LOCA_68,LOCA,68.0,primary_coolant_boundary_break,primary_coolant_boundary_break,0.8826554507381073,0.0,False,True,severity_blocked,high_block,random_or_blocked,20.0,False,True,high_gap_or_above_split_median,other_classes
LOCA_69,LOCA,69.0,primary_coolant_boundary_break,primary_coolant_boundary_break,0.8828723094716576,0.0,False,True,severity_blocked,high_block,random_or_blocked,21.0,False,True,high_gap_or_above_split_median,other_classes
LOCA_70,LOCA,70.0,primary_coolant_boundary_break,primary_coolant_boundary_break,0.8828036506667161,0.0,False,True,severity_blocked,high_block,random_or_blocked,22.0,False,True,high_gap_or_above_split_median,other_classes
LOCA_71,LOCA,71.0,primary_coolant_boundary_break,primary_coolant_boundary_break,0.8826554507381073,0.0,False,True,severity_blocked,high_block,random_or_blocked,23.0,False,True,high_gap_or_above_split_median,other_classes
LOCA_72,LOCA,72.0,primary_coolant_boundary_break,primary_coolant_boundary_break,0.8826554507381073,0.0,False,True,severity_blocked,high_block,random_or_blocked,24.0,False,True,high_gap_or_above_split_median,other_classes
LOCA_73,LOCA,73.0,primary_coolant_boundary_break,primary_coolant_boundary_break,0.8824847815132153,0.0,False,True,severity_blocked,high_block,random_or_blocked,25.0,False,True,high_gap_or_above_split_median,other_classes
LOCA_74,LOCA,74.0,primary_coolant_boundary_break,primary_coolant_boundary_break,0.8824847815132153,0.0,False,True,severity_blocked,high_block,random_or_blocked,26.0,False,True,high_gap_or_above_split_median,other_classes
LOCA_75,LOCA,75.0,primary_coolant_boundary_break,primary_coolant_boundary_break,0.8826554507381073,0.0,False,True,severity_blocked,high_block,random_or_blocked,27.0,False,True,high_gap_or_above_split_median,other_classes
LOCA_76,LOCA,76.0,primary_coolant_boundary_break,primary_coolant_boundary_break,0.8823947352784766,0.0,False,True,severity_blocked,high_block,random_or_blocked,28.0,False,True,high_gap_or_above_split_median,other_classes
LOCA_77,LOCA,77.0,primary_coolant_boundary_break,primary_coolant_boundary_break,0.8823947352784766,0.0,False,True,severity_blocked,high_block,random_or_blocked,29.0,False,True,high_gap_or_above_split_median,other_classes
LR_94,LR,94.0,turbine_and_load_transient,turbine_and_load_transient,0.6015190234288048,0.0,False,True,severity_blocked,high_block,random_or_blocked,8.0,False,False,below_split_median,other_classes
LR_95,LR,95.0,turbine_and_load_transient,turbine_and_load_transient,0.8950433983158952,0.0,False,True,severity_blocked,high_block,random_or_blocked,9.0,False,False,below_split_median,other_classes
LR_96,LR,96.0,turbine_and_load_transient,turbine_and_load_transient,0.8946298953556906,0.0,False,True,severity_blocked,high_block,random_or_blocked,10.0,False,False,below_split_median,other_classes
LR_97,LR,97.0,turbine_and_load_transient,turbine_and_load_transient,0.8946298953556906,0.0,False,True,severity_blocked,high_block,random_or_blocked,11.0,False,False,below_split_median,other_classes
LR_98,LR,98.0,turbine_and_load_transient,turbine_and_load_transient,0.8946298953556906,0.0,False,True,severity_blocked,high_block,random_or_blocked,12.0,False,False,below_split_median,other_classes
LR_99,LR,99.0,turbine_and_load_transient,turbine_and_load_transient,0.8946298953556906,0.0,False,True,severity_blocked,high_block,random_or_blocked,13.0,False,False,below_split_median,other_classes
RI_-1,RI,-1.0,reactivity_and_control,steam_line_break,0.4956776944253774,0.0,False,True,severity_blocked,high_block,random_or_blocked,13.0,True,False,below_split_median,RI_LOCAC_SLBIC
RI_-2,RI,-2.0,reactivity_and_control,primary_coolant_boundary_break,0.42902461948621357,0.0,False,True,severity_blocked,high_block,random_or_blocked,12.0,True,False,below_split_median,RI_LOCAC_SLBIC
RI_-3,RI,-3.0,reactivity_and_control,steam_generator_tube_rupture,0.26379240928717057,0.0,False,True,severity_blocked,high_block,random_or_blocked,11.0,True,False,below_split_median,RI_LOCAC_SLBIC
RI_-4,RI,-4.0,reactivity_and_control,reactivity_and_control,0.277169460243528,0.0,False,True,severity_blocked,high_block,random_or_blocked,10.0,True,False,below_split_median,RI_LOCAC_SLBIC
RI_-5,RI,-5.0,reactivity_and_control,reactivity_and_control,0.4073488357296763,0.0,False,True,severity_blocked,high_block,random_or_blocked,9.0,True,False,below_split_median,RI_LOCAC_SLBIC
RI_-6,RI,-6.0,reactivity_and_control,reactivity_and_control,0.576904422928631,0.0,False,True,severity_blocked,high_block,random_or_blocked,8.0,True,False,below_split_median,RI_LOCAC_SLBIC
RI_-7,RI,-7.0,reactivity_and_control,reactivity_and_control,0.4490683023082891,0.0,False,True,severity_blocked,high_block,random_or_blocked,7.0,True,False,below_split_median,RI_LOCAC_SLBIC
SGATR_100,SGATR,100.0,steam_generator_tube_rupture,steam_generator_tube_rupture,0.6690439645783802,0.0,False,True,severity_blocked,high_block,random_or_blocked,17.0,False,False,below_split_median,other_classes
SGATR_92,SGATR,92.0,steam_generator_tube_rupture,steam_generator_tube_rupture,0.6728474043583704,0.0,False,True,severity_blocked,high_block,random_or_blocked,9.0,False,False,below_split_median,other_classes
SGATR_93,SGATR,93.0,steam_generator_tube_rupture,steam_generator_tube_rupture,0.6728474043583704,0.0,False,True,severity_blocked,high_block,random_or_blocked,10.0,False,False,below_split_median,other_classes
SGATR_94,SGATR,94.0,steam_generator_tube_rupture,steam_generator_tube_rupture,0.6721294532522654,0.0,False,True,severity_blocked,high_block,random_or_blocked,11.0,False,False,below_split_median,other_classes
SGATR_95,SGATR,95.0,steam_generator_tube_rupture,steam_generator_tube_rupture,0.6721294532522654,0.0,False,True,severity_blocked,high_block,random_or_blocked,12.0,False,False,below_split_median,other_classes
SGATR_96,SGATR,96.0,steam_generator_tube_rupture,steam_generator_tube_rupture,0.6721294532522654,0.0,False,True,severity_blocked,high_block,random_or_blocked,13.0,False,False,below_split_median,other_classes
SGATR_97,SGATR,97.0,steam_generator_tube_rupture,steam_generator_tube_rupture,0.6721294532522654,0.0,False,True,severity_blocked,high_block,random_or_blocked,14.0,False,False,below_split_median,other_classes
SGATR_98,SGATR,98.0,steam_generator_tube_rupture,steam_generator_tube_rupture,0.6721294532522654,0.0,False,True,severity_blocked,high_block,random_or_blocked,15.0,False,False,below_split_median,other_classes
SGATR_99,SGATR,99.0,steam_generator_tube_rupture,steam_generator_tube_rupture,0.6721294532522654,0.0,False,True,severity_blocked,high_block,random_or_blocked,16.0,False,False,below_split_median,other_classes
SGBTR_100,SGBTR,100.0,steam_generator_tube_rupture,steam_generator_tube_rupture,0.8130481985426213,0.0,False,True,severity_blocked,high_block,random_or_blocked,10.0,False,False,below_split_median,other_classes
SGBTR_101,SGBTR,101.0,steam_generator_tube_rupture,steam_generator_tube_rupture,0.796597371605096,0.0,False,True,severity_blocked,high_block,random_or_blocked,11.0,False,False,below_split_median,other_classes
SGBTR_102,SGBTR,102.0,steam_generator_tube_rupture,steam_generator_tube_rupture,0.5928946704578264,0.0,False,True,severity_blocked,high_block,random_or_blocked,12.0,False,False,below_split_median,other_classes
SGBTR_103,SGBTR,103.0,steam_generator_tube_rupture,steam_generator_tube_rupture,0.5928946704578264,0.0,False,True,severity_blocked,high_block,random_or_blocked,13.0,False,False,below_split_median,other_classes
SGBTR_104,SGBTR,104.0,steam_generator_tube_rupture,steam_generator_tube_rupture,0.5928946704578264,0.0,False,True,severity_blocked,high_block,random_or_blocked,14.0,False,False,below_split_median,other_classes
SGBTR_105,SGBTR,105.0,steam_generator_tube_rupture,steam_generator_tube_rupture,0.5928946704578264,0.0,False,True,severity_blocked,high_block,random_or_blocked,15.0,False,False,below_split_median,other_classes
SGBTR_106,SGBTR,106.0,steam_generator_tube_rupture,steam_generator_tube_rupture,0.5928946704578264,0.0,False,True,severity_blocked,high_block,random_or_blocked,16.0,False,False,below_split_median,other_classes
SGBTR_107,SGBTR,107.0,steam_generator_tube_rupture,steam_generator_tube_rupture,0.5928946704578264,0.0,False,True,severity_blocked,high_block,random_or_blocked,17.0,False,False,below_split_median,other_classes
SGBTR_108,SGBTR,108.0,steam_generator_tube_rupture,steam_generator_tube_rupture,0.5922404567597938,0.0,False,True,severity_blocked,high_block,random_or_blocked,18.0,False,False,below_split_median,other_classes
SGBTR_109,SGBTR,109.0,steam_generator_tube_rupture,steam_generator_tube_rupture,0.5732418140068272,0.0,False,True,severity_blocked,high_block,random_or_blocked,19.0,False,False,below_split_median,other_classes
SGBTR_110,SGBTR,110.0,steam_generator_tube_rupture,steam_generator_tube_rupture,0.5732418140068272,0.0,False,True,severity_blocked,high_block,random_or_blocked,20.0,False,True,high_gap_or_above_split_median,other_classes
SLBIC_100,SLBIC,100.0,steam_line_break,steam_line_break,0.894391224907522,0.0,False,True,severity_blocked,high_block,random_or_blocked,32.0,True,True,high_gap_or_above_split_median,RI_LOCAC_SLBIC
SLBIC_101,SLBIC,101.0,steam_line_break,steam_line_break,0.894391224907522,0.0,False,True,severity_blocked,high_block,random_or_blocked,33.0,True,True,high_gap_or_above_split_median,RI_LOCAC_SLBIC
SLBIC_84,SLBIC,84.0,steam_line_break,steam_line_break,0.8958268322016081,0.0,False,True,severity_blocked,high_block,random_or_blocked,16.0,True,False,below_split_median,RI_LOCAC_SLBIC
SLBIC_85,SLBIC,85.0,steam_line_break,steam_line_break,0.8958268322016081,0.0,False,True,severity_blocked,high_block,random_or_blocked,17.0,True,False,below_split_median,RI_LOCAC_SLBIC
SLBIC_86,SLBIC,86.0,steam_line_break,steam_line_break,0.8958268322016081,0.0,False,True,severity_blocked,high_block,random_or_blocked,18.0,True,False,below_split_median,RI_LOCAC_SLBIC
SLBIC_87,SLBIC,87.0,steam_line_break,steam_line_break,0.8958268322016081,0.0,False,True,severity_blocked,high_block,random_or_blocked,19.0,True,False,below_split_median,RI_LOCAC_SLBIC
SLBIC_88,SLBIC,88.0,steam_line_break,steam_line_break,0.8958268322016081,0.0,False,True,severity_blocked,high_block,random_or_blocked,20.0,True,True,high_gap_or_above_split_median,RI_LOCAC_SLBIC
SLBIC_89,SLBIC,89.0,steam_line_break,steam_line_break,0.8958268322016081,0.0,False,True,severity_blocked,high_block,random_or_blocked,21.0,True,True,high_gap_or_above_split_median,RI_LOCAC_SLBIC
SLBIC_90,SLBIC,90.0,steam_line_break,steam_line_break,0.8958268322016081,0.0,False,True,severity_blocked,high_block,random_or_blocked,22.0,True,True,high_gap_or_above_split_median,RI_LOCAC_SLBIC
SLBIC_91,SLBIC,91.0,steam_line_break,steam_line_break,0.8958268322016081,0.0,False,True,severity_blocked,high_block,random_or_blocked,23.0,True,True,high_gap_or_above_split_median,RI_LOCAC_SLBIC
SLBIC_92,SLBIC,92.0,steam_line_break,steam_line_break,0.8958268322016081,0.0,False,True,severity_blocked,high_block,random_or_blocked,24.0,True,True,high_gap_or_above_split_median,RI_LOCAC_SLBIC
SLBIC_93,SLBIC,93.0,steam_line_break,steam_line_break,0.8958268322016081,0.0,False,True,severity_blocked,high_block,random_or_blocked,25.0,True,True,high_gap_or_above_split_median,RI_LOCAC_SLBIC
SLBIC_94,SLBIC,94.0,steam_line_break,steam_line_break,0.8958268322016081,0.0,False,True,severity_blocked,high_block,random_or_blocked,26.0,True,True,high_gap_or_above_split_median,RI_LOCAC_SLBIC
SLBIC_95,SLBIC,95.0,steam_line_break,steam_line_break,0.8958268322016081,0.0,False,True,severity_blocked,high_block,random_or_blocked,27.0,True,True,high_gap_or_above_split_median,RI_LOCAC_SLBIC
SLBIC_96,SLBIC,96.0,steam_line_break,steam_line_break,0.8958268322016081,0.0,False,True,severity_blocked,high_block,random_or_blocked,28.0,True,True,high_gap_or_above_split_median,RI_LOCAC_SLBIC
SLBIC_97,SLBIC,97.0,steam_line_break,steam_line_break,0.8958268322016081,0.0,False,True,severity_blocked,high_block,random_or_blocked,29.0,True,True,high_gap_or_above_split_median,RI_LOCAC_SLBIC
SLBIC_98,SLBIC,98.0,steam_line_break,steam_line_break,0.8958268322016081,0.0,False,True,severity_blocked,high_block,random_or_blocked,30.0,True,True,high_gap_or_above_split_median,RI_LOCAC_SLBIC
SLBIC_99,SLBIC,99.0,steam_line_break,steam_line_break,0.8958268322016081,0.0,False,True,severity_blocked,high_block,random_or_blocked,31.0,True,True,high_gap_or_above_split_median,RI_LOCAC_SLBIC
FLB_100,FLB,100.0,feedwater_line_break,feedwater_line_break,0.899506911486875,0.0,False,True,severity_extrapolation,low_train_to_high_test,low_train_to_high_test,37.0,False,True,high_gap_or_above_split_median,other_classes
FLB_81,FLB,81.0,feedwater_line_break,feedwater_line_break,0.899506911486875,0.0,False,True,severity_extrapolation,low_train_to_high_test,low_train_to_high_test,18.0,False,False,below_split_median,other_classes
FLB_82,FLB,82.0,feedwater_line_break,feedwater_line_break,0.899506911486875,0.0,False,True,severity_extrapolation,low_train_to_high_test,low_train_to_high_test,19.0,False,False,below_split_median,other_classes
FLB_83,FLB,83.0,feedwater_line_break,feedwater_line_break,0.899506911486875,0.0,False,True,severity_extrapolation,low_train_to_high_test,low_train_to_high_test,20.0,False,True,high_gap_or_above_split_median,other_classes
FLB_84,FLB,84.0,feedwater_line_break,feedwater_line_break,0.899506911486875,0.0,False,True,severity_extrapolation,low_train_to_high_test,low_train_to_high_test,21.0,False,True,high_gap_or_above_split_median,other_classes
FLB_85,FLB,85.0,feedwater_line_break,feedwater_line_break,0.899506911486875,0.0,False,True,severity_extrapolation,low_train_to_high_test,low_train_to_high_test,22.0,False,True,high_gap_or_above_split_median,other_classes
FLB_86,FLB,86.0,feedwater_line_break,feedwater_line_break,0.899506911486875,0.0,False,True,severity_extrapolation,low_train_to_high_test,low_train_to_high_test,23.0,False,True,high_gap_or_above_split_median,other_classes
FLB_87,FLB,87.0,feedwater_line_break,feedwater_line_break,0.899506911486875,0.0,False,True,severity_extrapolation,low_train_to_high_test,low_train_to_high_test,24.0,False,True,high_gap_or_above_split_median,other_classes
FLB_88,FLB,88.0,feedwater_line_break,feedwater_line_break,0.899506911486875,0.0,False,True,severity_extrapolation,low_train_to_high_test,low_train_to_high_test,25.0,False,True,high_gap_or_above_split_median,other_classes
FLB_89,FLB,89.0,feedwater_line_break,feedwater_line_break,0.899506911486875,0.0,False,True,severity_extrapolation,low_train_to_high_test,low_train_to_high_test,26.0,False,True,high_gap_or_above_split_median,other_classes
FLB_90,FLB,90.0,feedwater_line_break,feedwater_line_break,0.899506911486875,0.0,False,True,severity_extrapolation,low_train_to_high_test,low_train_to_high_test,27.0,False,True,high_gap_or_above_split_median,other_classes
FLB_91,FLB,91.0,feedwater_line_break,feedwater_line_break,0.899506911486875,0.0,False,True,severity_extrapolation,low_train_to_high_test,low_train_to_high_test,28.0,False,True,high_gap_or_above_split_median,other_classes
FLB_92,FLB,92.0,feedwater_line_break,feedwater_line_break,0.899506911486875,0.0,False,True,severity_extrapolation,low_train_to_high_test,low_train_to_high_test,29.0,False,True,high_gap_or_above_split_median,other_classes
FLB_93,FLB,93.0,feedwater_line_break,feedwater_line_break,0.899506911486875,0.0,False,True,severity_extrapolation,low_train_to_high_test,low_train_to_high_test,30.0,False,True,high_gap_or_above_split_median,other_classes
FLB_94,FLB,94.0,feedwater_line_break,feedwater_line_break,0.899506911486875,0.0,False,True,severity_extrapolation,low_train_to_high_test,low_train_to_high_test,31.0,False,True,high_gap_or_above_split_median,other_classes
FLB_95,FLB,95.0,feedwater_line_break,feedwater_line_break,0.899506911486875,0.0,False,True,severity_extrapolation,low_train_to_high_test,low_train_to_high_test,32.0,False,True,high_gap_or_above_split_median,other_classes
FLB_96,FLB,96.0,feedwater_line_break,feedwater_line_break,0.899506911486875,0.0,False,True,severity_extrapolation,low_train_to_high_test,low_train_to_high_test,33.0,False,True,high_gap_or_above_split_median,other_classes
FLB_97,FLB,97.0,feedwater_line_break,feedwater_line_break,0.899506911486875,0.0,False,True,severity_extrapolation,low_train_to_high_test,low_train_to_high_test,34.0,False,True,high_gap_or_above_split_median,other_classes
FLB_98,FLB,98.0,feedwater_line_break,feedwater_line_break,0.899506911486875,0.0,False,True,severity_extrapolation,low_train_to_high_test,low_train_to_high_test,35.0,False,True,high_gap_or_above_split_median,other_classes
FLB_99,FLB,99.0,feedwater_line_break,feedwater_line_break,0.899506911486875,0.0,False,True,severity_extrapolation,low_train_to_high_test,low_train_to_high_test,36.0,False,True,high_gap_or_above_split_median,other_classes
LOCAC_64,LOCAC,64.0,primary_coolant_boundary_break,primary_coolant_boundary_break,0.8443382335255066,0.0,False,True,severity_extrapolation,low_train_to_high_test,low_train_to_high_test,14.0,True,False,below_split_median,RI_LOCAC_SLBIC
LOCAC_65,LOCAC,65.0,primary_coolant_boundary_break,primary_coolant_boundary_break,0.8443382335255066,0.0,False,True,severity_extrapolation,low_train_to_high_test,low_train_to_high_test,15.0,True,False,below_split_median,RI_LOCAC_SLBIC
LOCAC_66,LOCAC,66.0,primary_coolant_boundary_break,primary_coolant_boundary_break,0.8443382335255066,0.0,False,True,severity_extrapolation,low_train_to_high_test,low_train_to_high_test,16.0,True,False,below_split_median,RI_LOCAC_SLBIC
LOCAC_67,LOCAC,67.0,primary_coolant_boundary_break,primary_coolant_boundary_break,0.8443382335255066,0.0,False,True,severity_extrapolation,low_train_to_high_test,low_train_to_high_test,17.0,True,False,below_split_median,RI_LOCAC_SLBIC
LOCAC_68,LOCAC,68.0,primary_coolant_boundary_break,primary_coolant_boundary_break,0.8434253895214248,0.0,False,True,severity_extrapolation,low_train_to_high_test,low_train_to_high_test,18.0,True,False,below_split_median,RI_LOCAC_SLBIC
LOCAC_69,LOCAC,69.0,primary_coolant_boundary_break,primary_coolant_boundary_break,0.8434253895214248,0.0,False,True,severity_extrapolation,low_train_to_high_test,low_train_to_high_test,19.0,True,False,below_split_median,RI_LOCAC_SLBIC
LOCAC_70,LOCAC,70.0,primary_coolant_boundary_break,primary_coolant_boundary_break,0.7950337871422853,0.0,False,True,severity_extrapolation,low_train_to_high_test,low_train_to_high_test,20.0,True,True,high_gap_or_above_split_median,RI_LOCAC_SLBIC
LOCAC_71,LOCAC,71.0,primary_coolant_boundary_break,primary_coolant_boundary_break,0.8434253895214248,0.0,False,True,severity_extrapolation,low_train_to_high_test,low_train_to_high_test,21.0,True,True,high_gap_or_above_split_median,RI_LOCAC_SLBIC
LOCAC_72,LOCAC,72.0,primary_coolant_boundary_break,primary_coolant_boundary_break,0.7950337871422853,0.0,False,True,severity_extrapolation,low_train_to_high_test,low_train_to_high_test,22.0,True,True,high_gap_or_above_split_median,RI_LOCAC_SLBIC
LOCAC_73,LOCAC,73.0,primary_coolant_boundary_break,primary_coolant_boundary_break,0.8434253895214248,0.0,False,True,severity_extrapolation,low_train_to_high_test,low_train_to_high_test,23.0,True,True,high_gap_or_above_split_median,RI_LOCAC_SLBIC
LOCAC_74,LOCAC,74.0,primary_coolant_boundary_break,primary_coolant_boundary_break,0.8434253895214248,0.0,False,True,severity_extrapolation,low_train_to_high_test,low_train_to_high_test,24.0,True,True,high_gap_or_above_split_median,RI_LOCAC_SLBIC
LOCAC_75,LOCAC,75.0,primary_coolant_boundary_break,primary_coolant_boundary_break,0.8434253895214248,0.0,False,True,severity_extrapolation,low_train_to_high_test,low_train_to_high_test,25.0,True,True,high_gap_or_above_split_median,RI_LOCAC_SLBIC
LOCAC_76,LOCAC,76.0,primary_coolant_boundary_break,primary_coolant_boundary_break,0.8273046640319442,0.0,False,True,severity_extrapolation,low_train_to_high_test,low_train_to_high_test,26.0,True,True,high_gap_or_above_split_median,RI_LOCAC_SLBIC
LOCAC_77,LOCAC,77.0,primary_coolant_boundary_break,primary_coolant_boundary_break,0.8434253895214248,0.0,False,True,severity_extrapolation,low_train_to_high_test,low_train_to_high_test,27.0,True,True,high_gap_or_above_split_median,RI_LOCAC_SLBIC
LOCAC_78,LOCAC,78.0,primary_coolant_boundary_break,primary_coolant_boundary_break,0.8434253895214248,0.0,False,True,severity_extrapolation,low_train_to_high_test,low_train_to_high_test,28.0,True,True,high_gap_or_above_split_median,RI_LOCAC_SLBIC
LOCAC_79,LOCAC,79.0,primary_coolant_boundary_break,primary_coolant_boundary_break,0.8434253895214248,0.0,False,True,severity_extrapolation,low_train_to_high_test,low_train_to_high_test,29.0,True,True,high_gap_or_above_split_median,RI_LOCAC_SLBIC
LOCA_62,LOCA,62.0,primary_coolant_boundary_break,primary_coolant_boundary_break,0.8828723094716576,0.0,False,True,severity_extrapolation,low_train_to_high_test,low_train_to_high_test,14.0,False,False,below_split_median,other_classes
LOCA_63,LOCA,63.0,primary_coolant_boundary_break,primary_coolant_boundary_break,0.8826554507381073,0.0,False,True,severity_extrapolation,low_train_to_high_test,low_train_to_high_test,15.0,False,False,below_split_median,other_classes
LOCA_64,LOCA,64.0,primary_coolant_boundary_break,primary_coolant_boundary_break,0.8828723094716576,0.0,False,True,severity_extrapolation,low_train_to_high_test,low_train_to_high_test,16.0,False,False,below_split_median,other_classes
LOCA_65,LOCA,65.0,primary_coolant_boundary_break,primary_coolant_boundary_break,0.8826554507381073,0.0,False,True,severity_extrapolation,low_train_to_high_test,low_train_to_high_test,17.0,False,False,below_split_median,other_classes
LOCA_66,LOCA,66.0,primary_coolant_boundary_break,primary_coolant_boundary_break,0.8826554507381073,0.0,False,True,severity_extrapolation,low_train_to_high_test,low_train_to_high_test,18.0,False,False,below_split_median,other_classes
LOCA_67,LOCA,67.0,primary_coolant_boundary_break,primary_coolant_boundary_break,0.8826554507381073,0.0,False,True,severity_extrapolation,low_train_to_high_test,low_train_to_high_test,19.0,False,False,below_split_median,other_classes
LOCA_68,LOCA,68.0,primary_coolant_boundary_break,primary_coolant_boundary_break,0.8826554507381073,0.0,False,True,severity_extrapolation,low_train_to_high_test,low_train_to_high_test,20.0,False,True,high_gap_or_above_split_median,other_classes
LOCA_69,LOCA,69.0,primary_coolant_boundary_break,primary_coolant_boundary_break,0.8828723094716576,0.0,False,True,severity_extrapolation,low_train_to_high_test,low_train_to_high_test,21.0,False,True,high_gap_or_above_split_median,other_classes
LOCA_70,LOCA,70.0,primary_coolant_boundary_break,primary_coolant_boundary_break,0.8828036506667161,0.0,False,True,severity_extrapolation,low_train_to_high_test,low_train_to_high_test,22.0,False,True,high_gap_or_above_split_median,other_classes
LOCA_71,LOCA,71.0,primary_coolant_boundary_break,primary_coolant_boundary_break,0.8826554507381073,0.0,False,True,severity_extrapolation,low_train_to_high_test,low_train_to_high_test,23.0,False,True,high_gap_or_above_split_median,other_classes
LOCA_72,LOCA,72.0,primary_coolant_boundary_break,primary_coolant_boundary_break,0.8826554507381073,0.0,False,True,severity_extrapolation,low_train_to_high_test,low_train_to_high_test,24.0,False,True,high_gap_or_above_split_median,other_classes
LOCA_73,LOCA,73.0,primary_coolant_boundary_break,primary_coolant_boundary_break,0.8824847815132153,0.0,False,True,severity_extrapolation,low_train_to_high_test,low_train_to_high_test,25.0,False,True,high_gap_or_above_split_median,other_classes
LOCA_74,LOCA,74.0,primary_coolant_boundary_break,primary_coolant_boundary_break,0.8824847815132153,0.0,False,True,severity_extrapolation,low_train_to_high_test,low_train_to_high_test,26.0,False,True,high_gap_or_above_split_median,other_classes
LOCA_75,LOCA,75.0,primary_coolant_boundary_break,primary_coolant_boundary_break,0.8826554507381073,0.0,False,True,severity_extrapolation,low_train_to_high_test,low_train_to_high_test,27.0,False,True,high_gap_or_above_split_median,other_classes
LOCA_76,LOCA,76.0,primary_coolant_boundary_break,primary_coolant_boundary_break,0.8823947352784766,0.0,False,True,severity_extrapolation,low_train_to_high_test,low_train_to_high_test,28.0,False,True,high_gap_or_above_split_median,other_classes
LOCA_77,LOCA,77.0,primary_coolant_boundary_break,primary_coolant_boundary_break,0.8823947352784766,0.0,False,True,severity_extrapolation,low_train_to_high_test,low_train_to_high_test,29.0,False,True,high_gap_or_above_split_median,other_classes
LR_94,LR,94.0,turbine_and_load_transient,turbine_and_load_transient,0.6015190234288048,0.0,False,True,severity_extrapolation,low_train_to_high_test,low_train_to_high_test,8.0,False,False,below_split_median,other_classes
LR_95,LR,95.0,turbine_and_load_transient,turbine_and_load_transient,0.8950433983158952,0.0,False,True,severity_extrapolation,low_train_to_high_test,low_train_to_high_test,9.0,False,False,below_split_median,other_classes
LR_96,LR,96.0,turbine_and_load_transient,turbine_and_load_transient,0.8946298953556906,0.0,False,True,severity_extrapolation,low_train_to_high_test,low_train_to_high_test,10.0,False,False,below_split_median,other_classes
LR_97,LR,97.0,turbine_and_load_transient,turbine_and_load_transient,0.8946298953556906,0.0,False,True,severity_extrapolation,low_train_to_high_test,low_train_to_high_test,11.0,False,False,below_split_median,other_classes
LR_98,LR,98.0,turbine_and_load_transient,turbine_and_load_transient,0.8946298953556906,0.0,False,True,severity_extrapolation,low_train_to_high_test,low_train_to_high_test,12.0,False,False,below_split_median,other_classes
LR_99,LR,99.0,turbine_and_load_transient,turbine_and_load_transient,0.8946298953556906,0.0,False,True,severity_extrapolation,low_train_to_high_test,low_train_to_high_test,13.0,False,False,below_split_median,other_classes
RI_-1,RI,-1.0,reactivity_and_control,steam_line_break,0.4956776944253774,0.0,False,True,severity_extrapolation,low_train_to_high_test,low_train_to_high_test,13.0,True,False,below_split_median,RI_LOCAC_SLBIC
RI_-2,RI,-2.0,reactivity_and_control,primary_coolant_boundary_break,0.42902461948621357,0.0,False,True,severity_extrapolation,low_train_to_high_test,low_train_to_high_test,12.0,True,False,below_split_median,RI_LOCAC_SLBIC
RI_-3,RI,-3.0,reactivity_and_control,steam_generator_tube_rupture,0.26379240928717057,0.0,False,True,severity_extrapolation,low_train_to_high_test,low_train_to_high_test,11.0,True,False,below_split_median,RI_LOCAC_SLBIC
RI_-4,RI,-4.0,reactivity_and_control,reactivity_and_control,0.277169460243528,0.0,False,True,severity_extrapolation,low_train_to_high_test,low_train_to_high_test,10.0,True,False,below_split_median,RI_LOCAC_SLBIC
RI_-5,RI,-5.0,reactivity_and_control,reactivity_and_control,0.4073488357296763,0.0,False,True,severity_extrapolation,low_train_to_high_test,low_train_to_high_test,9.0,True,False,below_split_median,RI_LOCAC_SLBIC
RI_-6,RI,-6.0,reactivity_and_control,reactivity_and_control,0.576904422928631,0.0,False,True,severity_extrapolation,low_train_to_high_test,low_train_to_high_test,8.0,True,False,below_split_median,RI_LOCAC_SLBIC
RI_-7,RI,-7.0,reactivity_and_control,reactivity_and_control,0.4490683023082891,0.0,False,True,severity_extrapolation,low_train_to_high_test,low_train_to_high_test,7.0,True,False,below_split_median,RI_LOCAC_SLBIC
SGATR_100,SGATR,100.0,steam_generator_tube_rupture,steam_generator_tube_rupture,0.6690439645783802,0.0,False,True,severity_extrapolation,low_train_to_high_test,low_train_to_high_test,17.0,False,False,below_split_median,other_classes
SGATR_92,SGATR,92.0,steam_generator_tube_rupture,steam_generator_tube_rupture,0.6728474043583704,0.0,False,True,severity_extrapolation,low_train_to_high_test,low_train_to_high_test,9.0,False,False,below_split_median,other_classes
SGATR_93,SGATR,93.0,steam_generator_tube_rupture,steam_generator_tube_rupture,0.6728474043583704,0.0,False,True,severity_extrapolation,low_train_to_high_test,low_train_to_high_test,10.0,False,False,below_split_median,other_classes
SGATR_94,SGATR,94.0,steam_generator_tube_rupture,steam_generator_tube_rupture,0.6721294532522654,0.0,False,True,severity_extrapolation,low_train_to_high_test,low_train_to_high_test,11.0,False,False,below_split_median,other_classes
SGATR_95,SGATR,95.0,steam_generator_tube_rupture,steam_generator_tube_rupture,0.6721294532522654,0.0,False,True,severity_extrapolation,low_train_to_high_test,low_train_to_high_test,12.0,False,False,below_split_median,other_classes
SGATR_96,SGATR,96.0,steam_generator_tube_rupture,steam_generator_tube_rupture,0.6721294532522654,0.0,False,True,severity_extrapolation,low_train_to_high_test,low_train_to_high_test,13.0,False,False,below_split_median,other_classes
SGATR_97,SGATR,97.0,steam_generator_tube_rupture,steam_generator_tube_rupture,0.6721294532522654,0.0,False,True,severity_extrapolation,low_train_to_high_test,low_train_to_high_test,14.0,False,False,below_split_median,other_classes
SGATR_98,SGATR,98.0,steam_generator_tube_rupture,steam_generator_tube_rupture,0.6721294532522654,0.0,False,True,severity_extrapolation,low_train_to_high_test,low_train_to_high_test,15.0,False,False,below_split_median,other_classes
SGATR_99,SGATR,99.0,steam_generator_tube_rupture,steam_generator_tube_rupture,0.6721294532522654,0.0,False,True,severity_extrapolation,low_train_to_high_test,low_train_to_high_test,16.0,False,False,below_split_median,other_classes
SGBTR_100,SGBTR,100.0,steam_generator_tube_rupture,steam_generator_tube_rupture,0.8130481985426213,0.0,False,True,severity_extrapolation,low_train_to_high_test,low_train_to_high_test,10.0,False,False,below_split_median,other_classes
SGBTR_101,SGBTR,101.0,steam_generator_tube_rupture,steam_generator_tube_rupture,0.796597371605096,0.0,False,True,severity_extrapolation,low_train_to_high_test,low_train_to_high_test,11.0,False,False,below_split_median,other_classes
SGBTR_102,SGBTR,102.0,steam_generator_tube_rupture,steam_generator_tube_rupture,0.5928946704578264,0.0,False,True,severity_extrapolation,low_train_to_high_test,low_train_to_high_test,12.0,False,False,below_split_median,other_classes
SGBTR_103,SGBTR,103.0,steam_generator_tube_rupture,steam_generator_tube_rupture,0.5928946704578264,0.0,False,True,severity_extrapolation,low_train_to_high_test,low_train_to_high_test,13.0,False,False,below_split_median,other_classes
SGBTR_104,SGBTR,104.0,steam_generator_tube_rupture,steam_generator_tube_rupture,0.5928946704578264,0.0,False,True,severity_extrapolation,low_train_to_high_test,low_train_to_high_test,14.0,False,False,below_split_median,other_classes
SGBTR_105,SGBTR,105.0,steam_generator_tube_rupture,steam_generator_tube_rupture,0.5928946704578264,0.0,False,True,severity_extrapolation,low_train_to_high_test,low_train_to_high_test,15.0,False,False,below_split_median,other_classes
SGBTR_106,SGBTR,106.0,steam_generator_tube_rupture,steam_generator_tube_rupture,0.5928946704578264,0.0,False,True,severity_extrapolation,low_train_to_high_test,low_train_to_high_test,16.0,False,False,below_split_median,other_classes
SGBTR_107,SGBTR,107.0,steam_generator_tube_rupture,steam_generator_tube_rupture,0.5928946704578264,0.0,False,True,severity_extrapolation,low_train_to_high_test,low_train_to_high_test,17.0,False,False,below_split_median,other_classes
SGBTR_108,SGBTR,108.0,steam_generator_tube_rupture,steam_generator_tube_rupture,0.5922404567597938,0.0,False,True,severity_extrapolation,low_train_to_high_test,low_train_to_high_test,18.0,False,False,below_split_median,other_classes
SGBTR_109,SGBTR,109.0,steam_generator_tube_rupture,steam_generator_tube_rupture,0.5732418140068272,0.0,False,True,severity_extrapolation,low_train_to_high_test,low_train_to_high_test,19.0,False,False,below_split_median,other_classes
SGBTR_110,SGBTR,110.0,steam_generator_tube_rupture,steam_generator_tube_rupture,0.5732418140068272,0.0,False,True,severity_extrapolation,low_train_to_high_test,low_train_to_high_test,20.0,False,True,high_gap_or_above_split_median,other_classes
SLBIC_100,SLBIC,100.0,steam_line_break,steam_line_break,0.894391224907522,0.0,False,True,severity_extrapolation,low_train_to_high_test,low_train_to_high_test,32.0,True,True,high_gap_or_above_split_median,RI_LOCAC_SLBIC
SLBIC_101,SLBIC,101.0,steam_line_break,steam_line_break,0.894391224907522,0.0,False,True,severity_extrapolation,low_train_to_high_test,low_train_to_high_test,33.0,True,True,high_gap_or_above_split_median,RI_LOCAC_SLBIC
SLBIC_84,SLBIC,84.0,steam_line_break,steam_line_break,0.8958268322016081,0.0,False,True,severity_extrapolation,low_train_to_high_test,low_train_to_high_test,16.0,True,False,below_split_median,RI_LOCAC_SLBIC
SLBIC_85,SLBIC,85.0,steam_line_break,steam_line_break,0.8958268322016081,0.0,False,True,severity_extrapolation,low_train_to_high_test,low_train_to_high_test,17.0,True,False,below_split_median,RI_LOCAC_SLBIC
SLBIC_86,SLBIC,86.0,steam_line_break,steam_line_break,0.8958268322016081,0.0,False,True,severity_extrapolation,low_train_to_high_test,low_train_to_high_test,18.0,True,False,below_split_median,RI_LOCAC_SLBIC
SLBIC_87,SLBIC,87.0,steam_line_break,steam_line_break,0.8958268322016081,0.0,False,True,severity_extrapolation,low_train_to_high_test,low_train_to_high_test,19.0,True,False,below_split_median,RI_LOCAC_SLBIC
SLBIC_88,SLBIC,88.0,steam_line_break,steam_line_break,0.8958268322016081,0.0,False,True,severity_extrapolation,low_train_to_high_test,low_train_to_high_test,20.0,True,True,high_gap_or_above_split_median,RI_LOCAC_SLBIC
SLBIC_89,SLBIC,89.0,steam_line_break,steam_line_break,0.8958268322016081,0.0,False,True,severity_extrapolation,low_train_to_high_test,low_train_to_high_test,21.0,True,True,high_gap_or_above_split_median,RI_LOCAC_SLBIC
SLBIC_90,SLBIC,90.0,steam_line_break,steam_line_break,0.8958268322016081,0.0,False,True,severity_extrapolation,low_train_to_high_test,low_train_to_high_test,22.0,True,True,high_gap_or_above_split_median,RI_LOCAC_SLBIC
SLBIC_91,SLBIC,91.0,steam_line_break,steam_line_break,0.8958268322016081,0.0,False,True,severity_extrapolation,low_train_to_high_test,low_train_to_high_test,23.0,True,True,high_gap_or_above_split_median,RI_LOCAC_SLBIC
SLBIC_92,SLBIC,92.0,steam_line_break,steam_line_break,0.8958268322016081,0.0,False,True,severity_extrapolation,low_train_to_high_test,low_train_to_high_test,24.0,True,True,high_gap_or_above_split_median,RI_LOCAC_SLBIC
SLBIC_93,SLBIC,93.0,steam_line_break,steam_line_break,0.8958268322016081,0.0,False,True,severity_extrapolation,low_train_to_high_test,low_train_to_high_test,25.0,True,True,high_gap_or_above_split_median,RI_LOCAC_SLBIC
SLBIC_94,SLBIC,94.0,steam_line_break,steam_line_break,0.8958268322016081,0.0,False,True,severity_extrapolation,low_train_to_high_test,low_train_to_high_test,26.0,True,True,high_gap_or_above_split_median,RI_LOCAC_SLBIC
SLBIC_95,SLBIC,95.0,steam_line_break,steam_line_break,0.8958268322016081,0.0,False,True,severity_extrapolation,low_train_to_high_test,low_train_to_high_test,27.0,True,True,high_gap_or_above_split_median,RI_LOCAC_SLBIC
SLBIC_96,SLBIC,96.0,steam_line_break,steam_line_break,0.8958268322016081,0.0,False,True,severity_extrapolation,low_train_to_high_test,low_train_to_high_test,28.0,True,True,high_gap_or_above_split_median,RI_LOCAC_SLBIC
SLBIC_97,SLBIC,97.0,steam_line_break,steam_line_break,0.8958268322016081,0.0,False,True,severity_extrapolation,low_train_to_high_test,low_train_to_high_test,29.0,True,True,high_gap_or_above_split_median,RI_LOCAC_SLBIC
SLBIC_98,SLBIC,98.0,steam_line_break,steam_line_break,0.8958268322016081,0.0,False,True,severity_extrapolation,low_train_to_high_test,low_train_to_high_test,30.0,True,True,high_gap_or_above_split_median,RI_LOCAC_SLBIC
SLBIC_99,SLBIC,99.0,steam_line_break,steam_line_break,0.8958268322016081,0.0,False,True,severity_extrapolation,low_train_to_high_test,low_train_to_high_test,31.0,True,True,high_gap_or_above_split_median,RI_LOCAC_SLBIC
FLB_10,FLB,10.0,feedwater_line_break,feedwater_line_break,0.9479139208182862,0.0,False,True,severity_extrapolation,high_train_to_low_test,high_train_to_low_test,29.0,False,True,high_gap_or_above_split_median,other_classes
FLB_11,FLB,11.0,feedwater_line_break,feedwater_line_break,0.9479139208182862,0.0,False,True,severity_extrapolation,high_train_to_low_test,high_train_to_low_test,28.0,False,True,high_gap_or_above_split_median,other_classes
FLB_12,FLB,12.0,feedwater_line_break,feedwater_line_break,0.9479139208182862,0.0,False,True,severity_extrapolation,high_train_to_low_test,high_train_to_low_test,27.0,False,True,high_gap_or_above_split_median,other_classes
FLB_13,FLB,13.0,feedwater_line_break,feedwater_line_break,0.9479139208182862,0.0,False,True,severity_extrapolation,high_train_to_low_test,high_train_to_low_test,26.0,False,True,high_gap_or_above_split_median,other_classes
FLB_14,FLB,14.0,feedwater_line_break,feedwater_line_break,0.9479139208182862,0.0,False,True,severity_extrapolation,high_train_to_low_test,high_train_to_low_test,25.0,False,True,high_gap_or_above_split_median,other_classes
FLB_15,FLB,15.0,feedwater_line_break,feedwater_line_break,0.9479139208182862,0.0,False,True,severity_extrapolation,high_train_to_low_test,high_train_to_low_test,24.0,False,True,high_gap_or_above_split_median,other_classes
FLB_16,FLB,16.0,feedwater_line_break,feedwater_line_break,0.9479139208182862,0.0,False,True,severity_extrapolation,high_train_to_low_test,high_train_to_low_test,23.0,False,True,high_gap_or_above_split_median,other_classes
FLB_17,FLB,17.0,feedwater_line_break,feedwater_line_break,0.9479139208182862,0.0,False,True,severity_extrapolation,high_train_to_low_test,high_train_to_low_test,22.0,False,True,high_gap_or_above_split_median,other_classes
FLB_18,FLB,18.0,feedwater_line_break,feedwater_line_break,0.9479139208182862,0.0,False,True,severity_extrapolation,high_train_to_low_test,high_train_to_low_test,21.0,False,True,high_gap_or_above_split_median,other_classes
FLB_19,FLB,19.0,feedwater_line_break,feedwater_line_break,0.9479139208182862,0.0,False,True,severity_extrapolation,high_train_to_low_test,high_train_to_low_test,20.0,False,True,high_gap_or_above_split_median,other_classes
FLB_2,FLB,2.0,feedwater_line_break,feedwater_line_break,0.9479139208182862,0.0,False,True,severity_extrapolation,high_train_to_low_test,high_train_to_low_test,37.0,False,True,high_gap_or_above_split_median,other_classes
FLB_20,FLB,20.0,feedwater_line_break,feedwater_line_break,0.9479139208182862,0.0,False,True,severity_extrapolation,high_train_to_low_test,high_train_to_low_test,19.0,False,False,below_split_median,other_classes
FLB_21,FLB,21.0,feedwater_line_break,feedwater_line_break,0.9479139208182862,0.0,False,True,severity_extrapolation,high_train_to_low_test,high_train_to_low_test,18.0,False,False,below_split_median,other_classes
FLB_3,FLB,3.0,feedwater_line_break,feedwater_line_break,0.9479139208182862,0.0,False,True,severity_extrapolation,high_train_to_low_test,high_train_to_low_test,36.0,False,True,high_gap_or_above_split_median,other_classes
FLB_4,FLB,4.0,feedwater_line_break,feedwater_line_break,0.9479139208182862,0.0,False,True,severity_extrapolation,high_train_to_low_test,high_train_to_low_test,35.0,False,True,high_gap_or_above_split_median,other_classes
FLB_5,FLB,5.0,feedwater_line_break,feedwater_line_break,0.9479139208182862,0.0,False,True,severity_extrapolation,high_train_to_low_test,high_train_to_low_test,34.0,False,True,high_gap_or_above_split_median,other_classes
FLB_6,FLB,6.0,feedwater_line_break,feedwater_line_break,0.9479139208182862,0.0,False,True,severity_extrapolation,high_train_to_low_test,high_train_to_low_test,33.0,False,True,high_gap_or_above_split_median,other_classes
FLB_7,FLB,7.0,feedwater_line_break,feedwater_line_break,0.9479139208182862,0.0,False,True,severity_extrapolation,high_train_to_low_test,high_train_to_low_test,32.0,False,True,high_gap_or_above_split_median,other_classes
FLB_8,FLB,8.0,feedwater_line_break,feedwater_line_break,0.9479139208182862,0.0,False,True,severity_extrapolation,high_train_to_low_test,high_train_to_low_test,31.0,False,True,high_gap_or_above_split_median,other_classes
FLB_9,FLB,9.0,feedwater_line_break,feedwater_line_break,0.9479139208182862,0.0,False,True,severity_extrapolation,high_train_to_low_test,high_train_to_low_test,30.0,False,True,high_gap_or_above_split_median,other_classes
LOCAC_1,LOCAC,1.0,primary_coolant_boundary_break,primary_coolant_boundary_break,0.7149701510545591,0.0,False,True,severity_extrapolation,high_train_to_low_test,high_train_to_low_test,29.0,True,True,high_gap_or_above_split_median,RI_LOCAC_SLBIC
LOCAC_10,LOCAC,10.0,primary_coolant_boundary_break,steam_generator_tube_rupture,0.5448151051768756,0.0,False,True,severity_extrapolation,high_train_to_low_test,high_train_to_low_test,20.0,True,True,high_gap_or_above_split_median,RI_LOCAC_SLBIC
LOCAC_11,LOCAC,11.0,primary_coolant_boundary_break,steam_generator_tube_rupture,0.5448151051768756,0.0,False,True,severity_extrapolation,high_train_to_low_test,high_train_to_low_test,19.0,True,False,below_split_median,RI_LOCAC_SLBIC
LOCAC_12,LOCAC,12.0,primary_coolant_boundary_break,steam_generator_tube_rupture,0.8531219134579118,0.0,False,True,severity_extrapolation,high_train_to_low_test,high_train_to_low_test,18.0,True,False,below_split_median,RI_LOCAC_SLBIC
LOCAC_13,LOCAC,13.0,primary_coolant_boundary_break,steam_generator_tube_rupture,0.5636242960388502,0.0,False,True,severity_extrapolation,high_train_to_low_test,high_train_to_low_test,17.0,True,False,below_split_median,RI_LOCAC_SLBIC
LOCAC_14,LOCAC,14.0,primary_coolant_boundary_break,steam_generator_tube_rupture,0.5448151051768756,0.0,False,True,severity_extrapolation,high_train_to_low_test,high_train_to_low_test,16.0,True,False,below_split_median,RI_LOCAC_SLBIC
LOCAC_15,LOCAC,15.0,primary_coolant_boundary_break,steam_generator_tube_rupture,0.8528286172674179,0.0,False,True,severity_extrapolation,high_train_to_low_test,high_train_to_low_test,15.0,True,False,below_split_median,RI_LOCAC_SLBIC
LOCAC_16,LOCAC,16.0,primary_coolant_boundary_break,steam_generator_tube_rupture,0.5448151051768756,0.0,False,True,severity_extrapolation,high_train_to_low_test,high_train_to_low_test,14.0,True,False,below_split_median,RI_LOCAC_SLBIC
LOCAC_2,LOCAC,2.0,primary_coolant_boundary_break,primary_coolant_boundary_break,0.7149701510545591,0.0,False,True,severity_extrapolation,high_train_to_low_test,high_train_to_low_test,28.0,True,True,high_gap_or_above_split_median,RI_LOCAC_SLBIC
LOCAC_3,LOCAC,3.0,primary_coolant_boundary_break,steam_generator_tube_rupture,0.4902849447069105,0.0,False,True,severity_extrapolation,high_train_to_low_test,high_train_to_low_test,27.0,True,True,high_gap_or_above_split_median,RI_LOCAC_SLBIC
LOCAC_4,LOCAC,4.0,primary_coolant_boundary_break,steam_generator_tube_rupture,0.4902849447069105,0.0,False,True,severity_extrapolation,high_train_to_low_test,high_train_to_low_test,26.0,True,True,high_gap_or_above_split_median,RI_LOCAC_SLBIC
LOCAC_5,LOCAC,5.0,primary_coolant_boundary_break,steam_generator_tube_rupture,0.4902849447069105,0.0,False,True,severity_extrapolation,high_train_to_low_test,high_train_to_low_test,25.0,True,True,high_gap_or_above_split_median,RI_LOCAC_SLBIC
LOCAC_6,LOCAC,6.0,primary_coolant_boundary_break,steam_generator_tube_rupture,0.829072217291763,0.0,False,True,severity_extrapolation,high_train_to_low_test,high_train_to_low_test,24.0,True,True,high_gap_or_above_split_median,RI_LOCAC_SLBIC
LOCAC_7,LOCAC,7.0,primary_coolant_boundary_break,steam_generator_tube_rupture,0.4902849447069105,0.0,False,True,severity_extrapolation,high_train_to_low_test,high_train_to_low_test,23.0,True,True,high_gap_or_above_split_median,RI_LOCAC_SLBIC
LOCAC_8,LOCAC,8.0,primary_coolant_boundary_break,steam_generator_tube_rupture,0.4902849447069105,0.0,False,True,severity_extrapolation,high_train_to_low_test,high_train_to_low_test,22.0,True,True,high_gap_or_above_split_median,RI_LOCAC_SLBIC
LOCAC_9,LOCAC,9.0,primary_coolant_boundary_break,steam_generator_tube_rupture,0.5448151051768756,0.0,False,True,severity_extrapolation,high_train_to_low_test,high_train_to_low_test,21.0,True,True,high_gap_or_above_split_median,RI_LOCAC_SLBIC
LOCA_1,LOCA,1.0,primary_coolant_boundary_break,primary_coolant_boundary_break,0.6838991167488134,0.0,False,True,severity_extrapolation,high_train_to_low_test,high_train_to_low_test,29.0,False,True,high_gap_or_above_split_median,other_classes
LOCA_10,LOCA,10.0,primary_coolant_boundary_break,primary_coolant_boundary_break,0.6332516646052272,0.0,False,True,severity_extrapolation,high_train_to_low_test,high_train_to_low_test,20.0,False,True,high_gap_or_above_split_median,other_classes
LOCA_11,LOCA,11.0,primary_coolant_boundary_break,primary_coolant_boundary_break,0.6332516646052272,0.0,False,True,severity_extrapolation,high_train_to_low_test,high_train_to_low_test,19.0,False,False,below_split_median,other_classes
LOCA_12,LOCA,12.0,primary_coolant_boundary_break,primary_coolant_boundary_break,0.6332516646052272,0.0,False,True,severity_extrapolation,high_train_to_low_test,high_train_to_low_test,18.0,False,False,below_split_median,other_classes
LOCA_13,LOCA,13.0,primary_coolant_boundary_break,primary_coolant_boundary_break,0.6332516646052272,0.0,False,True,severity_extrapolation,high_train_to_low_test,high_train_to_low_test,17.0,False,False,below_split_median,other_classes
LOCA_14,LOCA,14.0,primary_coolant_boundary_break,primary_coolant_boundary_break,0.7476439309483465,0.0,False,True,severity_extrapolation,high_train_to_low_test,high_train_to_low_test,16.0,False,False,below_split_median,other_classes
LOCA_15,LOCA,15.0,primary_coolant_boundary_break,primary_coolant_boundary_break,0.7476439309483465,0.0,False,True,severity_extrapolation,high_train_to_low_test,high_train_to_low_test,15.0,False,False,below_split_median,other_classes
LOCA_16,LOCA,16.0,primary_coolant_boundary_break,primary_coolant_boundary_break,0.7476439309483465,0.0,False,True,severity_extrapolation,high_train_to_low_test,high_train_to_low_test,14.0,False,False,below_split_median,other_classes
LOCA_2,LOCA,2.0,primary_coolant_boundary_break,primary_coolant_boundary_break,0.5856932327577059,0.0,False,True,severity_extrapolation,high_train_to_low_test,high_train_to_low_test,28.0,False,True,high_gap_or_above_split_median,other_classes
LOCA_3,LOCA,3.0,primary_coolant_boundary_break,steam_generator_tube_rupture,0.5670524612205697,0.0,False,True,severity_extrapolation,high_train_to_low_test,high_train_to_low_test,27.0,False,True,high_gap_or_above_split_median,other_classes
LOCA_4,LOCA,4.0,primary_coolant_boundary_break,steam_generator_tube_rupture,0.5670524612205697,0.0,False,True,severity_extrapolation,high_train_to_low_test,high_train_to_low_test,26.0,False,True,high_gap_or_above_split_median,other_classes
LOCA_5,LOCA,5.0,primary_coolant_boundary_break,steam_generator_tube_rupture,0.517164387046736,0.0,False,True,severity_extrapolation,high_train_to_low_test,high_train_to_low_test,25.0,False,True,high_gap_or_above_split_median,other_classes
LOCA_6,LOCA,6.0,primary_coolant_boundary_break,steam_generator_tube_rupture,0.517164387046736,0.0,False,True,severity_extrapolation,high_train_to_low_test,high_train_to_low_test,24.0,False,True,high_gap_or_above_split_median,other_classes
LOCA_7,LOCA,7.0,primary_coolant_boundary_break,steam_generator_tube_rupture,0.517164387046736,0.0,False,True,severity_extrapolation,high_train_to_low_test,high_train_to_low_test,23.0,False,True,high_gap_or_above_split_median,other_classes
LOCA_8,LOCA,8.0,primary_coolant_boundary_break,primary_coolant_boundary_break,0.6332516646052272,0.0,False,True,severity_extrapolation,high_train_to_low_test,high_train_to_low_test,22.0,False,True,high_gap_or_above_split_median,other_classes
LOCA_9,LOCA,9.0,primary_coolant_boundary_break,primary_coolant_boundary_break,0.6332516646052272,0.0,False,True,severity_extrapolation,high_train_to_low_test,high_train_to_low_test,21.0,False,True,high_gap_or_above_split_median,other_classes
LR_70,LR,70.0,turbine_and_load_transient,turbine_and_load_transient,0.9417845304635435,0.0,False,True,severity_extrapolation,high_train_to_low_test,high_train_to_low_test,11.0,False,False,below_split_median,other_classes
LR_71,LR,71.0,turbine_and_load_transient,turbine_and_load_transient,0.9417845304635435,0.0,False,True,severity_extrapolation,high_train_to_low_test,high_train_to_low_test,10.0,False,False,below_split_median,other_classes
LR_72,LR,72.0,turbine_and_load_transient,turbine_and_load_transient,0.9417845304635435,0.0,False,True,severity_extrapolation,high_train_to_low_test,high_train_to_low_test,9.0,False,False,below_split_median,other_classes
LR_73,LR,73.0,turbine_and_load_transient,turbine_and_load_transient,0.9417845304635435,0.0,False,True,severity_extrapolation,high_train_to_low_test,high_train_to_low_test,8.0,False,False,below_split_median,other_classes
LR_74,LR,74.0,turbine_and_load_transient,turbine_and_load_transient,0.9417845304635435,0.0,False,True,severity_extrapolation,high_train_to_low_test,high_train_to_low_test,7.0,False,False,below_split_median,other_classes
LR_75,LR,75.0,turbine_and_load_transient,turbine_and_load_transient,0.9417845304635435,0.0,False,True,severity_extrapolation,high_train_to_low_test,high_train_to_low_test,6.0,False,False,below_split_median,other_classes
RI_-29,RI,-29.0,reactivity_and_control,reactivity_and_control,0.7620081670578729,0.0,False,True,severity_extrapolation,high_train_to_low_test,high_train_to_low_test,8.0,True,False,below_split_median,RI_LOCAC_SLBIC
RI_-30,RI,-30.0,reactivity_and_control,reactivity_and_control,0.7620081670578729,0.0,False,True,severity_extrapolation,high_train_to_low_test,high_train_to_low_test,9.0,True,False,below_split_median,RI_LOCAC_SLBIC
RI_-31,RI,-31.0,reactivity_and_control,reactivity_and_control,0.7620081670578729,0.0,False,True,severity_extrapolation,high_train_to_low_test,high_train_to_low_test,10.0,True,False,below_split_median,RI_LOCAC_SLBIC
RI_-32,RI,-32.0,reactivity_and_control,reactivity_and_control,0.7620081670578729,0.0,False,True,severity_extrapolation,high_train_to_low_test,high_train_to_low_test,11.0,True,False,below_split_median,RI_LOCAC_SLBIC
RI_-33,RI,-33.0,reactivity_and_control,reactivity_and_control,0.7620081670578729,0.0,False,True,severity_extrapolation,high_train_to_low_test,high_train_to_low_test,12.0,True,False,below_split_median,RI_LOCAC_SLBIC
RI_-34,RI,-34.0,reactivity_and_control,reactivity_and_control,0.7394973985229403,0.0,False,True,severity_extrapolation,high_train_to_low_test,high_train_to_low_test,13.0,True,False,below_split_median,RI_LOCAC_SLBIC
RI_-35,RI,-35.0,reactivity_and_control,reactivity_and_control,0.7394973985229403,0.0,False,True,severity_extrapolation,high_train_to_low_test,high_train_to_low_test,14.0,True,False,below_split_median,RI_LOCAC_SLBIC
SGATR_57,SGATR,57.0,steam_generator_tube_rupture,steam_generator_tube_rupture,0.9493032031592911,0.0,False,True,severity_extrapolation,high_train_to_low_test,high_train_to_low_test,17.0,False,False,below_split_median,other_classes
SGATR_58,SGATR,58.0,steam_generator_tube_rupture,steam_generator_tube_rupture,0.9493032031592911,0.0,False,True,severity_extrapolation,high_train_to_low_test,high_train_to_low_test,16.0,False,False,below_split_median,other_classes
SGATR_59,SGATR,59.0,steam_generator_tube_rupture,steam_generator_tube_rupture,0.9493032031592911,0.0,False,True,severity_extrapolation,high_train_to_low_test,high_train_to_low_test,15.0,False,False,below_split_median,other_classes
SGATR_60,SGATR,60.0,steam_generator_tube_rupture,steam_generator_tube_rupture,0.9493032031592911,0.0,False,True,severity_extrapolation,high_train_to_low_test,high_train_to_low_test,14.0,False,False,below_split_median,other_classes
SGATR_61,SGATR,61.0,steam_generator_tube_rupture,steam_generator_tube_rupture,0.9493032031592911,0.0,False,True,severity_extrapolation,high_train_to_low_test,high_train_to_low_test,13.0,False,False,below_split_median,other_classes
SGATR_62,SGATR,62.0,steam_generator_tube_rupture,steam_generator_tube_rupture,0.9493032031592911,0.0,False,True,severity_extrapolation,high_train_to_low_test,high_train_to_low_test,12.0,False,False,below_split_median,other_classes
SGATR_63,SGATR,63.0,steam_generator_tube_rupture,steam_generator_tube_rupture,0.9563328308603612,0.0,False,True,severity_extrapolation,high_train_to_low_test,high_train_to_low_test,11.0,False,False,below_split_median,other_classes
SGATR_64,SGATR,64.0,steam_generator_tube_rupture,steam_generator_tube_rupture,0.9563328308603612,0.0,False,True,severity_extrapolation,high_train_to_low_test,high_train_to_low_test,10.0,False,False,below_split_median,other_classes
SGATR_65,SGATR,65.0,steam_generator_tube_rupture,steam_generator_tube_rupture,0.9563328308603612,0.0,False,True,severity_extrapolation,high_train_to_low_test,high_train_to_low_test,9.0,False,False,below_split_median,other_classes
SGBTR_57,SGBTR,57.0,steam_generator_tube_rupture,steam_generator_tube_rupture,0.793648915190951,0.0,False,True,severity_extrapolation,high_train_to_low_test,high_train_to_low_test,20.0,False,True,high_gap_or_above_split_median,other_classes
SGBTR_58,SGBTR,58.0,steam_generator_tube_rupture,steam_generator_tube_rupture,0.793648915190951,0.0,False,True,severity_extrapolation,high_train_to_low_test,high_train_to_low_test,19.0,False,False,below_split_median,other_classes
SGBTR_59,SGBTR,59.0,steam_generator_tube_rupture,steam_generator_tube_rupture,0.793648915190951,0.0,False,True,severity_extrapolation,high_train_to_low_test,high_train_to_low_test,18.0,False,False,below_split_median,other_classes
SGBTR_60,SGBTR,60.0,steam_generator_tube_rupture,steam_generator_tube_rupture,0.793648915190951,0.0,False,True,severity_extrapolation,high_train_to_low_test,high_train_to_low_test,17.0,False,False,below_split_median,other_classes
SGBTR_61,SGBTR,61.0,steam_generator_tube_rupture,steam_generator_tube_rupture,0.793648915190951,0.0,False,True,severity_extrapolation,high_train_to_low_test,high_train_to_low_test,16.0,False,False,below_split_median,other_classes
SGBTR_62,SGBTR,62.0,steam_generator_tube_rupture,steam_generator_tube_rupture,0.793648915190951,0.0,False,True,severity_extrapolation,high_train_to_low_test,high_train_to_low_test,15.0,False,False,below_split_median,other_classes
SGBTR_63,SGBTR,63.0,steam_generator_tube_rupture,steam_generator_tube_rupture,0.9399226418375224,0.0,False,True,severity_extrapolation,high_train_to_low_test,high_train_to_low_test,14.0,False,False,below_split_median,other_classes
SGBTR_64,SGBTR,64.0,steam_generator_tube_rupture,steam_generator_tube_rupture,0.9399226418375224,0.0,False,True,severity_extrapolation,high_train_to_low_test,high_train_to_low_test,13.0,False,False,below_split_median,other_classes
SGBTR_65,SGBTR,65.0,steam_generator_tube_rupture,steam_generator_tube_rupture,0.9399226418375224,0.0,False,True,severity_extrapolation,high_train_to_low_test,high_train_to_low_test,12.0,False,False,below_split_median,other_classes
SGBTR_66,SGBTR,66.0,steam_generator_tube_rupture,steam_generator_tube_rupture,0.9399226418375224,0.0,False,True,severity_extrapolation,high_train_to_low_test,high_train_to_low_test,11.0,False,False,below_split_median,other_classes
SGBTR_67,SGBTR,67.0,steam_generator_tube_rupture,steam_generator_tube_rupture,0.9399226418375224,0.0,False,True,severity_extrapolation,high_train_to_low_test,high_train_to_low_test,10.0,False,False,below_split_median,other_classes
SLBIC_14,SLBIC,14.0,steam_line_break,feedwater_line_break,0.5337723723651562,0.0,False,True,severity_extrapolation,high_train_to_low_test,high_train_to_low_test,33.0,True,True,high_gap_or_above_split_median,RI_LOCAC_SLBIC
SLBIC_15,SLBIC,15.0,steam_line_break,feedwater_line_break,0.533932689524614,0.0,False,True,severity_extrapolation,high_train_to_low_test,high_train_to_low_test,32.0,True,True,high_gap_or_above_split_median,RI_LOCAC_SLBIC
SLBIC_16,SLBIC,16.0,steam_line_break,feedwater_line_break,0.533932689524614,0.0,False,True,severity_extrapolation,high_train_to_low_test,high_train_to_low_test,31.0,True,True,high_gap_or_above_split_median,RI_LOCAC_SLBIC
SLBIC_17,SLBIC,17.0,steam_line_break,reactivity_and_control,0.7712389432321535,0.0,False,True,severity_extrapolation,high_train_to_low_test,high_train_to_low_test,30.0,True,True,high_gap_or_above_split_median,RI_LOCAC_SLBIC
SLBIC_18,SLBIC,18.0,steam_line_break,reactivity_and_control,0.7712389432321535,0.0,False,True,severity_extrapolation,high_train_to_low_test,high_train_to_low_test,29.0,True,True,high_gap_or_above_split_median,RI_LOCAC_SLBIC
SLBIC_19,SLBIC,19.0,steam_line_break,reactivity_and_control,0.7712389432321535,0.0,False,True,severity_extrapolation,high_train_to_low_test,high_train_to_low_test,28.0,True,True,high_gap_or_above_split_median,RI_LOCAC_SLBIC
SLBIC_20,SLBIC,20.0,steam_line_break,reactivity_and_control,0.7712389432321535,0.0,False,True,severity_extrapolation,high_train_to_low_test,high_train_to_low_test,27.0,True,True,high_gap_or_above_split_median,RI_LOCAC_SLBIC
SLBIC_21,SLBIC,21.0,steam_line_break,reactivity_and_control,0.7712389432321535,0.0,False,True,severity_extrapolation,high_train_to_low_test,high_train_to_low_test,26.0,True,True,high_gap_or_above_split_median,RI_LOCAC_SLBIC
SLBIC_22,SLBIC,22.0,steam_line_break,reactivity_and_control,0.9239306090574623,0.0,False,True,severity_extrapolation,high_train_to_low_test,high_train_to_low_test,25.0,True,True,high_gap_or_above_split_median,RI_LOCAC_SLBIC
SLBIC_23,SLBIC,23.0,steam_line_break,reactivity_and_control,0.9239306090574623,0.0,False,True,severity_extrapolation,high_train_to_low_test,high_train_to_low_test,24.0,True,True,high_gap_or_above_split_median,RI_LOCAC_SLBIC
SLBIC_24,SLBIC,24.0,steam_line_break,reactivity_and_control,0.9239306090574623,0.0,False,True,severity_extrapolation,high_train_to_low_test,high_train_to_low_test,23.0,True,True,high_gap_or_above_split_median,RI_LOCAC_SLBIC
SLBIC_25,SLBIC,25.0,steam_line_break,reactivity_and_control,0.9239306090574623,0.0,False,True,severity_extrapolation,high_train_to_low_test,high_train_to_low_test,22.0,True,True,high_gap_or_above_split_median,RI_LOCAC_SLBIC
SLBIC_26,SLBIC,26.0,steam_line_break,feedwater_line_break,0.8464777583750992,0.0,False,True,severity_extrapolation,high_train_to_low_test,high_train_to_low_test,21.0,True,True,high_gap_or_above_split_median,RI_LOCAC_SLBIC
SLBIC_27,SLBIC,27.0,steam_line_break,feedwater_line_break,0.8464777583750992,0.0,False,True,severity_extrapolation,high_train_to_low_test,high_train_to_low_test,20.0,True,True,high_gap_or_above_split_median,RI_LOCAC_SLBIC
SLBIC_28,SLBIC,28.0,steam_line_break,reactivity_and_control,0.45140414200327167,0.0,False,True,severity_extrapolation,high_train_to_low_test,high_train_to_low_test,19.0,True,False,below_split_median,RI_LOCAC_SLBIC
SLBIC_29,SLBIC,29.0,steam_line_break,reactivity_and_control,0.45140414200327167,0.0,False,True,severity_extrapolation,high_train_to_low_test,high_train_to_low_test,18.0,True,False,below_split_median,RI_LOCAC_SLBIC
SLBIC_30,SLBIC,30.0,steam_line_break,reactivity_and_control,0.45140414200327167,0.0,False,True,severity_extrapolation,high_train_to_low_test,high_train_to_low_test,17.0,True,False,below_split_median,RI_LOCAC_SLBIC
SLBIC_31,SLBIC,31.0,steam_line_break,reactivity_and_control,0.45140414200327167,0.0,False,True,severity_extrapolation,high_train_to_low_test,high_train_to_low_test,16.0,True,False,below_split_median,RI_LOCAC_SLBIC
