split_type,split_id,window_s,eval_split,mode,model,threshold,selected_threshold,n_total,n_accepted,n_rejected,coverage,selective_accuracy,selective_macro_f1,balanced_accuracy,risk,selected_for_test,curve_point,calibration_folds,calibration_status
random,seed_20260921,120,test,forced_12_class,selected_14_baseline,0.0,0.0,101,101,0,1.0,1.0,0.6666666666666666,1.0,0.0,True,False,,
random,seed_20261930,120,test,forced_12_class,selected_14_baseline,0.0,0.0,101,101,0,1.0,0.99009900990099,0.6617262423714037,0.9921875,0.00990099009901002,True,False,,
random,seed_20262939,120,test,forced_12_class,selected_14_baseline,0.0,0.0,101,101,0,1.0,0.9603960396039604,0.6470925244181058,0.9677083333333334,0.03960396039603964,True,False,,
random,seed_20263948,120,test,forced_12_class,selected_14_baseline,0.0,0.0,101,101,0,1.0,0.99009900990099,0.6617262423714037,0.9921875,0.00990099009901002,True,False,,
random,seed_20264957,120,test,forced_12_class,selected_14_baseline,0.0,0.0,101,101,0,1.0,0.99009900990099,0.658004158004158,0.9821428571428572,0.00990099009901002,True,False,,
random,seed_20265966,120,test,forced_12_class,selected_14_baseline,0.0,0.0,101,101,0,1.0,1.0,0.6666666666666666,1.0,0.0,True,False,,
random,seed_20266975,120,test,forced_12_class,selected_14_baseline,0.0,0.0,101,101,0,1.0,0.9801980198019802,0.6546914160401003,0.9852430555555556,0.01980198019801982,True,False,,
random,seed_20267984,120,test,forced_12_class,selected_14_baseline,0.0,0.0,101,101,0,1.0,1.0,0.6666666666666666,1.0,0.0,True,False,,
random,seed_20268993,120,test,forced_12_class,selected_14_baseline,0.0,0.0,101,101,0,1.0,0.9504950495049505,0.6385477267830209,0.9534970238095238,0.04950495049504955,True,False,,
random,seed_20270002,120,test,forced_12_class,selected_14_baseline,0.0,0.0,101,101,0,1.0,0.9702970297029704,0.6507264210267548,0.965997023809524,0.02970297029702962,True,False,,
severity_blocked,low_block,120,test,forced_12_class,selected_14_baseline,0.0,0.0,103,103,0,1.0,0.8446601941747572,0.5522792022792024,0.8888888888888888,0.15533980582524276,True,False,,
severity_blocked,middle_block,120,test,forced_12_class,selected_14_baseline,0.0,0.0,103,103,0,1.0,1.0,0.6666666666666666,1.0,0.0,True,False,,
severity_blocked,high_block,120,test,forced_12_class,selected_14_baseline,0.0,0.0,103,103,0,1.0,0.9320388349514565,0.5604398865268431,0.875,0.06796116504854355,True,False,,
severity_extrapolation,low_train_to_high_test,120,test,forced_12_class,selected_14_baseline,0.0,0.0,103,103,0,1.0,0.9320388349514565,0.5604398865268431,0.875,0.06796116504854355,True,False,,
severity_extrapolation,high_train_to_low_test,120,test,forced_12_class,selected_14_baseline,0.0,0.0,103,103,0,1.0,0.6699029126213593,0.4047369833601718,0.75,0.33009708737864074,True,False,,
random,seed_20260921,120,validation,forced_family,hist_gradient_boosting,0.0,0.0,101,101,0,1.0,0.9900990099009901,0.8507193041150887,0.9946236559139785,0.00990099009900991,False,False,3.0,train_only_sigmoid_cv
random,seed_20260921,120,validation,family_selective,hist_gradient_boosting,0.0,0.0,101,101,0,1.0,0.9900990099009901,0.8507193041150887,0.9946236559139785,0.00990099009900991,False,False,3.0,train_only_sigmoid_cv
random,seed_20260921,120,validation,family_selective_curve,hist_gradient_boosting,0.0,0.0,101,101,0,1.0,0.9900990099009901,0.8507193041150887,0.9946236559139785,0.00990099009900991,False,True,3.0,train_only_sigmoid_cv
random,seed_20260921,120,validation,family_selective_curve,hist_gradient_boosting,0.05,0.0,101,101,0,1.0,0.9900990099009901,0.8507193041150887,0.9946236559139785,0.00990099009900991,False,True,3.0,train_only_sigmoid_cv
random,seed_20260921,120,validation,family_selective_curve,hist_gradient_boosting,0.1,0.0,101,101,0,1.0,0.9900990099009901,0.8507193041150887,0.9946236559139785,0.00990099009900991,False,True,3.0,train_only_sigmoid_cv
random,seed_20260921,120,validation,family_selective_curve,hist_gradient_boosting,0.15,0.0,101,101,0,1.0,0.9900990099009901,0.8507193041150887,0.9946236559139785,0.00990099009900991,False,True,3.0,train_only_sigmoid_cv
random,seed_20260921,120,validation,family_selective_curve,hist_gradient_boosting,0.2,0.0,101,101,0,1.0,0.9900990099009901,0.8507193041150887,0.9946236559139785,0.00990099009900991,False,True,3.0,train_only_sigmoid_cv
random,seed_20260921,120,validation,family_selective_curve,hist_gradient_boosting,0.25,0.0,101,101,0,1.0,0.9900990099009901,0.8507193041150887,0.9946236559139785,0.00990099009900991,False,True,3.0,train_only_sigmoid_cv
random,seed_20260921,120,validation,family_selective_curve,hist_gradient_boosting,0.3,0.0,101,101,0,1.0,0.9900990099009901,0.8507193041150887,0.9946236559139785,0.00990099009900991,False,True,3.0,train_only_sigmoid_cv
random,seed_20260921,120,validation,family_selective_curve,hist_gradient_boosting,0.35,0.0,101,101,0,1.0,0.9900990099009901,0.8507193041150887,0.9946236559139785,0.00990099009900991,False,True,3.0,train_only_sigmoid_cv
random,seed_20260921,120,validation,family_selective_curve,hist_gradient_boosting,0.4,0.0,101,101,0,1.0,0.9900990099009901,0.8507193041150887,0.9946236559139785,0.00990099009900991,False,True,3.0,train_only_sigmoid_cv
random,seed_20260921,120,validation,family_selective_curve,hist_gradient_boosting,0.45,0.0,101,101,0,1.0,0.9900990099009901,0.8507193041150887,0.9946236559139785,0.00990099009900991,False,True,3.0,train_only_sigmoid_cv
random,seed_20260921,120,validation,family_selective_curve,hist_gradient_boosting,0.5,0.0,101,101,0,1.0,0.9900990099009901,0.8507193041150887,0.9946236559139785,0.00990099009900991,False,True,3.0,train_only_sigmoid_cv
random,seed_20260921,120,validation,family_selective_curve,hist_gradient_boosting,0.55,0.0,101,101,0,1.0,0.9900990099009901,0.8507193041150887,0.9946236559139785,0.00990099009900991,False,True,3.0,train_only_sigmoid_cv
random,seed_20260921,120,validation,family_selective_curve,hist_gradient_boosting,0.6,0.0,101,101,0,1.0,0.9900990099009901,0.8507193041150887,0.9946236559139785,0.00990099009900991,False,True,3.0,train_only_sigmoid_cv
random,seed_20260921,120,validation,family_selective_curve,hist_gradient_boosting,0.65,0.0,101,101,0,1.0,0.9900990099009901,0.8507193041150887,0.9946236559139785,0.00990099009900991,False,True,3.0,train_only_sigmoid_cv
random,seed_20260921,120,validation,family_selective_curve,hist_gradient_boosting,0.7,0.0,101,100,1,0.9900990099009901,0.99,0.8504719324391455,0.9946236559139785,0.010000000000000009,False,True,3.0,train_only_sigmoid_cv
random,seed_20260921,120,validation,family_selective_curve,hist_gradient_boosting,0.75,0.0,101,99,2,0.9801980198019802,0.98989898989899,0.8504719324391455,0.9946236559139785,0.010101010101010055,False,True,3.0,train_only_sigmoid_cv
random,seed_20260921,120,validation,family_selective_curve,hist_gradient_boosting,0.8,0.0,101,97,4,0.9603960396039604,0.9896907216494846,0.8501926418372744,0.9946236559139785,0.010309278350515427,False,True,3.0,train_only_sigmoid_cv
random,seed_20260921,120,validation,family_selective_curve,hist_gradient_boosting,0.85,0.0,101,87,14,0.8613861386138614,1.0,0.7142857142857143,1.0,0.0,False,True,3.0,train_only_sigmoid_cv
random,seed_20260921,120,validation,family_selective_curve,hist_gradient_boosting,0.9,0.0,101,55,46,0.5445544554455446,1.0,0.42857142857142855,1.0,0.0,False,True,3.0,train_only_sigmoid_cv
random,seed_20260921,120,validation,family_selective_curve,hist_gradient_boosting,0.95,0.0,101,0,101,0.0,,,,,False,True,3.0,train_only_sigmoid_cv
random,seed_20260921,120,test,forced_family,hist_gradient_boosting,0.0,0.0,101,101,0,1.0,1.0,0.8571428571428571,1.0,0.0,True,False,3.0,train_only_sigmoid_cv
random,seed_20260921,120,test,family_selective,hist_gradient_boosting,0.0,0.0,101,101,0,1.0,1.0,0.8571428571428571,1.0,0.0,True,False,3.0,train_only_sigmoid_cv
random,seed_20260921,120,test,family_selective_curve,hist_gradient_boosting,0.0,0.0,101,101,0,1.0,1.0,0.8571428571428571,1.0,0.0,True,True,3.0,train_only_sigmoid_cv
random,seed_20260921,120,test,family_selective_curve,hist_gradient_boosting,0.05,0.0,101,101,0,1.0,1.0,0.8571428571428571,1.0,0.0,False,True,3.0,train_only_sigmoid_cv
random,seed_20260921,120,test,family_selective_curve,hist_gradient_boosting,0.1,0.0,101,101,0,1.0,1.0,0.8571428571428571,1.0,0.0,False,True,3.0,train_only_sigmoid_cv
random,seed_20260921,120,test,family_selective_curve,hist_gradient_boosting,0.15,0.0,101,101,0,1.0,1.0,0.8571428571428571,1.0,0.0,False,True,3.0,train_only_sigmoid_cv
random,seed_20260921,120,test,family_selective_curve,hist_gradient_boosting,0.2,0.0,101,101,0,1.0,1.0,0.8571428571428571,1.0,0.0,False,True,3.0,train_only_sigmoid_cv
random,seed_20260921,120,test,family_selective_curve,hist_gradient_boosting,0.25,0.0,101,101,0,1.0,1.0,0.8571428571428571,1.0,0.0,False,True,3.0,train_only_sigmoid_cv
random,seed_20260921,120,test,family_selective_curve,hist_gradient_boosting,0.3,0.0,101,101,0,1.0,1.0,0.8571428571428571,1.0,0.0,False,True,3.0,train_only_sigmoid_cv
random,seed_20260921,120,test,family_selective_curve,hist_gradient_boosting,0.35,0.0,101,101,0,1.0,1.0,0.8571428571428571,1.0,0.0,False,True,3.0,train_only_sigmoid_cv
random,seed_20260921,120,test,family_selective_curve,hist_gradient_boosting,0.4,0.0,101,101,0,1.0,1.0,0.8571428571428571,1.0,0.0,False,True,3.0,train_only_sigmoid_cv
random,seed_20260921,120,test,family_selective_curve,hist_gradient_boosting,0.45,0.0,101,101,0,1.0,1.0,0.8571428571428571,1.0,0.0,False,True,3.0,train_only_sigmoid_cv
random,seed_20260921,120,test,family_selective_curve,hist_gradient_boosting,0.5,0.0,101,101,0,1.0,1.0,0.8571428571428571,1.0,0.0,False,True,3.0,train_only_sigmoid_cv
random,seed_20260921,120,test,family_selective_curve,hist_gradient_boosting,0.55,0.0,101,101,0,1.0,1.0,0.8571428571428571,1.0,0.0,False,True,3.0,train_only_sigmoid_cv
random,seed_20260921,120,test,family_selective_curve,hist_gradient_boosting,0.6,0.0,101,101,0,1.0,1.0,0.8571428571428571,1.0,0.0,False,True,3.0,train_only_sigmoid_cv
random,seed_20260921,120,test,family_selective_curve,hist_gradient_boosting,0.65,0.0,101,99,2,0.9801980198019802,1.0,0.8571428571428571,1.0,0.0,False,True,3.0,train_only_sigmoid_cv
random,seed_20260921,120,test,family_selective_curve,hist_gradient_boosting,0.7,0.0,101,99,2,0.9801980198019802,1.0,0.8571428571428571,1.0,0.0,False,True,3.0,train_only_sigmoid_cv
random,seed_20260921,120,test,family_selective_curve,hist_gradient_boosting,0.75,0.0,101,97,4,0.9603960396039604,1.0,0.8571428571428571,1.0,0.0,False,True,3.0,train_only_sigmoid_cv
random,seed_20260921,120,test,family_selective_curve,hist_gradient_boosting,0.8,0.0,101,96,5,0.9504950495049505,1.0,0.8571428571428571,1.0,0.0,False,True,3.0,train_only_sigmoid_cv
random,seed_20260921,120,test,family_selective_curve,hist_gradient_boosting,0.85,0.0,101,84,17,0.8316831683168316,1.0,0.7142857142857143,1.0,0.0,False,True,3.0,train_only_sigmoid_cv
random,seed_20260921,120,test,family_selective_curve,hist_gradient_boosting,0.9,0.0,101,57,44,0.5643564356435643,1.0,0.42857142857142855,1.0,0.0,False,True,3.0,train_only_sigmoid_cv
random,seed_20260921,120,test,family_selective_curve,hist_gradient_boosting,0.95,0.0,101,0,101,0.0,,,,,False,True,3.0,train_only_sigmoid_cv
random,seed_20261930,120,validation,forced_family,random_forest,0.0,0.5,101,101,0,1.0,0.9900990099009901,0.8453514739229026,0.9791666666666666,0.00990099009900991,False,False,3.0,train_only_sigmoid_cv
random,seed_20261930,120,validation,family_selective,random_forest,0.5,0.5,101,99,2,0.9801980198019802,1.0,0.8571428571428571,1.0,0.0,False,False,3.0,train_only_sigmoid_cv
random,seed_20261930,120,validation,family_selective_curve,random_forest,0.0,0.5,101,101,0,1.0,0.9900990099009901,0.8453514739229026,0.9791666666666666,0.00990099009900991,False,True,3.0,train_only_sigmoid_cv
random,seed_20261930,120,validation,family_selective_curve,random_forest,0.05,0.5,101,101,0,1.0,0.9900990099009901,0.8453514739229026,0.9791666666666666,0.00990099009900991,False,True,3.0,train_only_sigmoid_cv
random,seed_20261930,120,validation,family_selective_curve,random_forest,0.1,0.5,101,101,0,1.0,0.9900990099009901,0.8453514739229026,0.9791666666666666,0.00990099009900991,False,True,3.0,train_only_sigmoid_cv
random,seed_20261930,120,validation,family_selective_curve,random_forest,0.15,0.5,101,101,0,1.0,0.9900990099009901,0.8453514739229026,0.9791666666666666,0.00990099009900991,False,True,3.0,train_only_sigmoid_cv
random,seed_20261930,120,validation,family_selective_curve,random_forest,0.2,0.5,101,101,0,1.0,0.9900990099009901,0.8453514739229026,0.9791666666666666,0.00990099009900991,False,True,3.0,train_only_sigmoid_cv
random,seed_20261930,120,validation,family_selective_curve,random_forest,0.25,0.5,101,101,0,1.0,0.9900990099009901,0.8453514739229026,0.9791666666666666,0.00990099009900991,False,True,3.0,train_only_sigmoid_cv
random,seed_20261930,120,validation,family_selective_curve,random_forest,0.3,0.5,101,101,0,1.0,0.9900990099009901,0.8453514739229026,0.9791666666666666,0.00990099009900991,False,True,3.0,train_only_sigmoid_cv
random,seed_20261930,120,validation,family_selective_curve,random_forest,0.35,0.5,101,101,0,1.0,0.9900990099009901,0.8453514739229026,0.9791666666666666,0.00990099009900991,False,True,3.0,train_only_sigmoid_cv
random,seed_20261930,120,validation,family_selective_curve,random_forest,0.4,0.5,101,101,0,1.0,0.9900990099009901,0.8453514739229026,0.9791666666666666,0.00990099009900991,False,True,3.0,train_only_sigmoid_cv
random,seed_20261930,120,validation,family_selective_curve,random_forest,0.45,0.5,101,100,1,0.9900990099009901,0.99,0.8438862724577011,0.9761904761904763,0.010000000000000009,False,True,3.0,train_only_sigmoid_cv
random,seed_20261930,120,validation,family_selective_curve,random_forest,0.5,0.5,101,99,2,0.9801980198019802,1.0,0.8571428571428571,1.0,0.0,False,True,3.0,train_only_sigmoid_cv
random,seed_20261930,120,validation,family_selective_curve,random_forest,0.55,0.5,101,99,2,0.9801980198019802,1.0,0.8571428571428571,1.0,0.0,False,True,3.0,train_only_sigmoid_cv
random,seed_20261930,120,validation,family_selective_curve,random_forest,0.6,0.5,101,98,3,0.9702970297029703,1.0,0.8571428571428571,1.0,0.0,False,True,3.0,train_only_sigmoid_cv
random,seed_20261930,120,validation,family_selective_curve,random_forest,0.65,0.5,101,98,3,0.9702970297029703,1.0,0.8571428571428571,1.0,0.0,False,True,3.0,train_only_sigmoid_cv
random,seed_20261930,120,validation,family_selective_curve,random_forest,0.7,0.5,101,98,3,0.9702970297029703,1.0,0.8571428571428571,1.0,0.0,False,True,3.0,train_only_sigmoid_cv
random,seed_20261930,120,validation,family_selective_curve,random_forest,0.75,0.5,101,98,3,0.9702970297029703,1.0,0.8571428571428571,1.0,0.0,False,True,3.0,train_only_sigmoid_cv
random,seed_20261930,120,validation,family_selective_curve,random_forest,0.8,0.5,101,98,3,0.9702970297029703,1.0,0.8571428571428571,1.0,0.0,False,True,3.0,train_only_sigmoid_cv
random,seed_20261930,120,validation,family_selective_curve,random_forest,0.85,0.5,101,97,4,0.9603960396039604,1.0,0.8571428571428571,1.0,0.0,False,True,3.0,train_only_sigmoid_cv
random,seed_20261930,120,validation,family_selective_curve,random_forest,0.9,0.5,101,94,7,0.9306930693069307,1.0,0.8571428571428571,1.0,0.0,False,True,3.0,train_only_sigmoid_cv
random,seed_20261930,120,validation,family_selective_curve,random_forest,0.95,0.5,101,0,101,0.0,,,,,False,True,3.0,train_only_sigmoid_cv
random,seed_20261930,120,test,forced_family,random_forest,0.0,0.5,101,101,0,1.0,0.9702970297029703,0.8392152096752581,0.9838709677419355,0.02970297029702973,True,False,3.0,train_only_sigmoid_cv
random,seed_20261930,120,test,family_selective,random_forest,0.5,0.5,101,100,1,0.9900990099009901,0.98,0.8448714243499778,0.9888888888888889,0.020000000000000018,True,False,3.0,train_only_sigmoid_cv
random,seed_20261930,120,test,family_selective_curve,random_forest,0.0,0.5,101,101,0,1.0,0.9702970297029703,0.8392152096752581,0.9838709677419355,0.02970297029702973,False,True,3.0,train_only_sigmoid_cv
random,seed_20261930,120,test,family_selective_curve,random_forest,0.05,0.5,101,101,0,1.0,0.9702970297029703,0.8392152096752581,0.9838709677419355,0.02970297029702973,False,True,3.0,train_only_sigmoid_cv
random,seed_20261930,120,test,family_selective_curve,random_forest,0.1,0.5,101,101,0,1.0,0.9702970297029703,0.8392152096752581,0.9838709677419355,0.02970297029702973,False,True,3.0,train_only_sigmoid_cv
random,seed_20261930,120,test,family_selective_curve,random_forest,0.15,0.5,101,101,0,1.0,0.9702970297029703,0.8392152096752581,0.9838709677419355,0.02970297029702973,False,True,3.0,train_only_sigmoid_cv
random,seed_20261930,120,test,family_selective_curve,random_forest,0.2,0.5,101,101,0,1.0,0.9702970297029703,0.8392152096752581,0.9838709677419355,0.02970297029702973,False,True,3.0,train_only_sigmoid_cv
random,seed_20261930,120,test,family_selective_curve,random_forest,0.25,0.5,101,101,0,1.0,0.9702970297029703,0.8392152096752581,0.9838709677419355,0.02970297029702973,False,True,3.0,train_only_sigmoid_cv
random,seed_20261930,120,test,family_selective_curve,random_forest,0.3,0.5,101,101,0,1.0,0.9702970297029703,0.8392152096752581,0.9838709677419355,0.02970297029702973,False,True,3.0,train_only_sigmoid_cv
random,seed_20261930,120,test,family_selective_curve,random_forest,0.35,0.5,101,101,0,1.0,0.9702970297029703,0.8392152096752581,0.9838709677419355,0.02970297029702973,False,True,3.0,train_only_sigmoid_cv
random,seed_20261930,120,test,family_selective_curve,random_forest,0.4,0.5,101,100,1,0.9900990099009901,0.98,0.8448714243499778,0.9888888888888889,0.020000000000000018,False,True,3.0,train_only_sigmoid_cv
random,seed_20261930,120,test,family_selective_curve,random_forest,0.45,0.5,101,100,1,0.9900990099009901,0.98,0.8448714243499778,0.9888888888888889,0.020000000000000018,False,True,3.0,train_only_sigmoid_cv
random,seed_20261930,120,test,family_selective_curve,random_forest,0.5,0.5,101,100,1,0.9900990099009901,0.98,0.8448714243499778,0.9888888888888889,0.020000000000000018,True,True,3.0,train_only_sigmoid_cv
random,seed_20261930,120,test,family_selective_curve,random_forest,0.55,0.5,101,99,2,0.9801980198019802,0.98989898989899,0.8507755876176929,0.9942528735632185,0.010101010101010055,False,True,3.0,train_only_sigmoid_cv
random,seed_20261930,120,test,family_selective_curve,random_forest,0.6,0.5,101,99,2,0.9801980198019802,0.98989898989899,0.8507755876176929,0.9942528735632185,0.010101010101010055,False,True,3.0,train_only_sigmoid_cv
random,seed_20261930,120,test,family_selective_curve,random_forest,0.65,0.5,101,98,3,0.9702970297029703,0.9897959183673469,0.8506844506844508,0.9940476190476191,0.010204081632653073,False,True,3.0,train_only_sigmoid_cv
random,seed_20261930,120,test,family_selective_curve,random_forest,0.7,0.5,101,98,3,0.9702970297029703,0.9897959183673469,0.8506844506844508,0.9940476190476191,0.010204081632653073,False,True,3.0,train_only_sigmoid_cv
random,seed_20261930,120,test,family_selective_curve,random_forest,0.75,0.5,101,98,3,0.9702970297029703,0.9897959183673469,0.8506844506844508,0.9940476190476191,0.010204081632653073,False,True,3.0,train_only_sigmoid_cv
random,seed_20261930,120,test,family_selective_curve,random_forest,0.8,0.5,101,96,5,0.9504950495049505,0.9895833333333334,0.8505864354920958,0.9938271604938271,0.01041666666666663,False,True,3.0,train_only_sigmoid_cv
random,seed_20261930,120,test,family_selective_curve,random_forest,0.85,0.5,101,94,7,0.9306930693069307,0.9893617021276596,0.850480732833674,0.9935897435897436,0.010638297872340385,False,True,3.0,train_only_sigmoid_cv
random,seed_20261930,120,test,family_selective_curve,random_forest,0.9,0.5,101,90,11,0.8910891089108911,0.9888888888888889,0.8502601040416167,0.9935897435897436,0.011111111111111072,False,True,3.0,train_only_sigmoid_cv
random,seed_20261930,120,test,family_selective_curve,random_forest,0.95,0.5,101,0,101,0.0,,,,,False,True,3.0,train_only_sigmoid_cv
random,seed_20262939,120,validation,forced_family,hist_gradient_boosting,0.0,0.0,101,101,0,1.0,1.0,0.8571428571428571,1.0,0.0,False,False,3.0,train_only_sigmoid_cv
random,seed_20262939,120,validation,family_selective,hist_gradient_boosting,0.0,0.0,101,101,0,1.0,1.0,0.8571428571428571,1.0,0.0,False,False,3.0,train_only_sigmoid_cv
random,seed_20262939,120,validation,family_selective_curve,hist_gradient_boosting,0.0,0.0,101,101,0,1.0,1.0,0.8571428571428571,1.0,0.0,False,True,3.0,train_only_sigmoid_cv
random,seed_20262939,120,validation,family_selective_curve,hist_gradient_boosting,0.05,0.0,101,101,0,1.0,1.0,0.8571428571428571,1.0,0.0,False,True,3.0,train_only_sigmoid_cv
random,seed_20262939,120,validation,family_selective_curve,hist_gradient_boosting,0.1,0.0,101,101,0,1.0,1.0,0.8571428571428571,1.0,0.0,False,True,3.0,train_only_sigmoid_cv
random,seed_20262939,120,validation,family_selective_curve,hist_gradient_boosting,0.15,0.0,101,101,0,1.0,1.0,0.8571428571428571,1.0,0.0,False,True,3.0,train_only_sigmoid_cv
random,seed_20262939,120,validation,family_selective_curve,hist_gradient_boosting,0.2,0.0,101,101,0,1.0,1.0,0.8571428571428571,1.0,0.0,False,True,3.0,train_only_sigmoid_cv
random,seed_20262939,120,validation,family_selective_curve,hist_gradient_boosting,0.25,0.0,101,101,0,1.0,1.0,0.8571428571428571,1.0,0.0,False,True,3.0,train_only_sigmoid_cv
random,seed_20262939,120,validation,family_selective_curve,hist_gradient_boosting,0.3,0.0,101,101,0,1.0,1.0,0.8571428571428571,1.0,0.0,False,True,3.0,train_only_sigmoid_cv
random,seed_20262939,120,validation,family_selective_curve,hist_gradient_boosting,0.35,0.0,101,101,0,1.0,1.0,0.8571428571428571,1.0,0.0,False,True,3.0,train_only_sigmoid_cv
random,seed_20262939,120,validation,family_selective_curve,hist_gradient_boosting,0.4,0.0,101,101,0,1.0,1.0,0.8571428571428571,1.0,0.0,False,True,3.0,train_only_sigmoid_cv
random,seed_20262939,120,validation,family_selective_curve,hist_gradient_boosting,0.45,0.0,101,101,0,1.0,1.0,0.8571428571428571,1.0,0.0,False,True,3.0,train_only_sigmoid_cv
random,seed_20262939,120,validation,family_selective_curve,hist_gradient_boosting,0.5,0.0,101,100,1,0.9900990099009901,1.0,0.8571428571428571,1.0,0.0,False,True,3.0,train_only_sigmoid_cv
random,seed_20262939,120,validation,family_selective_curve,hist_gradient_boosting,0.55,0.0,101,100,1,0.9900990099009901,1.0,0.8571428571428571,1.0,0.0,False,True,3.0,train_only_sigmoid_cv
random,seed_20262939,120,validation,family_selective_curve,hist_gradient_boosting,0.6,0.0,101,100,1,0.9900990099009901,1.0,0.8571428571428571,1.0,0.0,False,True,3.0,train_only_sigmoid_cv
random,seed_20262939,120,validation,family_selective_curve,hist_gradient_boosting,0.65,0.0,101,100,1,0.9900990099009901,1.0,0.8571428571428571,1.0,0.0,False,True,3.0,train_only_sigmoid_cv
random,seed_20262939,120,validation,family_selective_curve,hist_gradient_boosting,0.7,0.0,101,97,4,0.9603960396039604,1.0,0.8571428571428571,1.0,0.0,False,True,3.0,train_only_sigmoid_cv
random,seed_20262939,120,validation,family_selective_curve,hist_gradient_boosting,0.75,0.0,101,97,4,0.9603960396039604,1.0,0.8571428571428571,1.0,0.0,False,True,3.0,train_only_sigmoid_cv
random,seed_20262939,120,validation,family_selective_curve,hist_gradient_boosting,0.8,0.0,101,96,5,0.9504950495049505,1.0,0.8571428571428571,1.0,0.0,False,True,3.0,train_only_sigmoid_cv
random,seed_20262939,120,validation,family_selective_curve,hist_gradient_boosting,0.85,0.0,101,84,17,0.8316831683168316,1.0,0.7142857142857143,1.0,0.0,False,True,3.0,train_only_sigmoid_cv
random,seed_20262939,120,validation,family_selective_curve,hist_gradient_boosting,0.9,0.0,101,40,61,0.39603960396039606,1.0,0.2857142857142857,1.0,0.0,False,True,3.0,train_only_sigmoid_cv
random,seed_20262939,120,validation,family_selective_curve,hist_gradient_boosting,0.95,0.0,101,0,101,0.0,,,,,False,True,3.0,train_only_sigmoid_cv
random,seed_20262939,120,test,forced_family,hist_gradient_boosting,0.0,0.0,101,101,0,1.0,0.9900990099009901,0.850939932907146,0.9946236559139785,0.00990099009900991,True,False,3.0,train_only_sigmoid_cv
random,seed_20262939,120,test,family_selective,hist_gradient_boosting,0.0,0.0,101,101,0,1.0,0.9900990099009901,0.850939932907146,0.9946236559139785,0.00990099009900991,True,False,3.0,train_only_sigmoid_cv
random,seed_20262939,120,test,family_selective_curve,hist_gradient_boosting,0.0,0.0,101,101,0,1.0,0.9900990099009901,0.850939932907146,0.9946236559139785,0.00990099009900991,True,True,3.0,train_only_sigmoid_cv
random,seed_20262939,120,test,family_selective_curve,hist_gradient_boosting,0.05,0.0,101,101,0,1.0,0.9900990099009901,0.850939932907146,0.9946236559139785,0.00990099009900991,False,True,3.0,train_only_sigmoid_cv
random,seed_20262939,120,test,family_selective_curve,hist_gradient_boosting,0.1,0.0,101,101,0,1.0,0.9900990099009901,0.850939932907146,0.9946236559139785,0.00990099009900991,False,True,3.0,train_only_sigmoid_cv
random,seed_20262939,120,test,family_selective_curve,hist_gradient_boosting,0.15,0.0,101,101,0,1.0,0.9900990099009901,0.850939932907146,0.9946236559139785,0.00990099009900991,False,True,3.0,train_only_sigmoid_cv
random,seed_20262939,120,test,family_selective_curve,hist_gradient_boosting,0.2,0.0,101,101,0,1.0,0.9900990099009901,0.850939932907146,0.9946236559139785,0.00990099009900991,False,True,3.0,train_only_sigmoid_cv
random,seed_20262939,120,test,family_selective_curve,hist_gradient_boosting,0.25,0.0,101,101,0,1.0,0.9900990099009901,0.850939932907146,0.9946236559139785,0.00990099009900991,False,True,3.0,train_only_sigmoid_cv
random,seed_20262939,120,test,family_selective_curve,hist_gradient_boosting,0.3,0.0,101,101,0,1.0,0.9900990099009901,0.850939932907146,0.9946236559139785,0.00990099009900991,False,True,3.0,train_only_sigmoid_cv
random,seed_20262939,120,test,family_selective_curve,hist_gradient_boosting,0.35,0.0,101,101,0,1.0,0.9900990099009901,0.850939932907146,0.9946236559139785,0.00990099009900991,False,True,3.0,train_only_sigmoid_cv
random,seed_20262939,120,test,family_selective_curve,hist_gradient_boosting,0.4,0.0,101,101,0,1.0,0.9900990099009901,0.850939932907146,0.9946236559139785,0.00990099009900991,False,True,3.0,train_only_sigmoid_cv
random,seed_20262939,120,test,family_selective_curve,hist_gradient_boosting,0.45,0.0,101,101,0,1.0,0.9900990099009901,0.850939932907146,0.9946236559139785,0.00990099009900991,False,True,3.0,train_only_sigmoid_cv
random,seed_20262939,120,test,family_selective_curve,hist_gradient_boosting,0.5,0.0,101,101,0,1.0,0.9900990099009901,0.850939932907146,0.9946236559139785,0.00990099009900991,False,True,3.0,train_only_sigmoid_cv
random,seed_20262939,120,test,family_selective_curve,hist_gradient_boosting,0.55,0.0,101,101,0,1.0,0.9900990099009901,0.850939932907146,0.9946236559139785,0.00990099009900991,False,True,3.0,train_only_sigmoid_cv
random,seed_20262939,120,test,family_selective_curve,hist_gradient_boosting,0.6,0.0,101,101,0,1.0,0.9900990099009901,0.850939932907146,0.9946236559139785,0.00990099009900991,False,True,3.0,train_only_sigmoid_cv
random,seed_20262939,120,test,family_selective_curve,hist_gradient_boosting,0.65,0.0,101,100,1,0.9900990099009901,0.99,0.8507193041150887,0.9946236559139785,0.010000000000000009,False,True,3.0,train_only_sigmoid_cv
random,seed_20262939,120,test,family_selective_curve,hist_gradient_boosting,0.7,0.0,101,97,4,0.9603960396039604,0.9896907216494846,0.8501132547059284,0.9944444444444445,0.010309278350515427,False,True,3.0,train_only_sigmoid_cv
random,seed_20262939,120,test,family_selective_curve,hist_gradient_boosting,0.75,0.0,101,97,4,0.9603960396039604,0.9896907216494846,0.8501132547059284,0.9944444444444445,0.010309278350515427,False,True,3.0,train_only_sigmoid_cv
random,seed_20262939,120,test,family_selective_curve,hist_gradient_boosting,0.8,0.0,101,93,8,0.9207920792079208,0.989247311827957,0.8485103695125803,0.9944444444444445,0.010752688172043001,False,True,3.0,train_only_sigmoid_cv
random,seed_20262939,120,test,family_selective_curve,hist_gradient_boosting,0.85,0.0,101,83,18,0.8217821782178217,1.0,0.7142857142857143,1.0,0.0,False,True,3.0,train_only_sigmoid_cv
random,seed_20262939,120,test,family_selective_curve,hist_gradient_boosting,0.9,0.0,101,44,57,0.43564356435643564,1.0,0.2857142857142857,1.0,0.0,False,True,3.0,train_only_sigmoid_cv
random,seed_20262939,120,test,family_selective_curve,hist_gradient_boosting,0.95,0.0,101,0,101,0.0,,,,,False,True,3.0,train_only_sigmoid_cv
random,seed_20263948,120,validation,forced_family,hist_gradient_boosting,0.0,0.0,101,101,0,1.0,1.0,0.8571428571428571,1.0,0.0,False,False,3.0,train_only_sigmoid_cv
random,seed_20263948,120,validation,family_selective,hist_gradient_boosting,0.0,0.0,101,101,0,1.0,1.0,0.8571428571428571,1.0,0.0,False,False,3.0,train_only_sigmoid_cv
random,seed_20263948,120,validation,family_selective_curve,hist_gradient_boosting,0.0,0.0,101,101,0,1.0,1.0,0.8571428571428571,1.0,0.0,False,True,3.0,train_only_sigmoid_cv
random,seed_20263948,120,validation,family_selective_curve,hist_gradient_boosting,0.05,0.0,101,101,0,1.0,1.0,0.8571428571428571,1.0,0.0,False,True,3.0,train_only_sigmoid_cv
random,seed_20263948,120,validation,family_selective_curve,hist_gradient_boosting,0.1,0.0,101,101,0,1.0,1.0,0.8571428571428571,1.0,0.0,False,True,3.0,train_only_sigmoid_cv
random,seed_20263948,120,validation,family_selective_curve,hist_gradient_boosting,0.15,0.0,101,101,0,1.0,1.0,0.8571428571428571,1.0,0.0,False,True,3.0,train_only_sigmoid_cv
random,seed_20263948,120,validation,family_selective_curve,hist_gradient_boosting,0.2,0.0,101,101,0,1.0,1.0,0.8571428571428571,1.0,0.0,False,True,3.0,train_only_sigmoid_cv
random,seed_20263948,120,validation,family_selective_curve,hist_gradient_boosting,0.25,0.0,101,101,0,1.0,1.0,0.8571428571428571,1.0,0.0,False,True,3.0,train_only_sigmoid_cv
random,seed_20263948,120,validation,family_selective_curve,hist_gradient_boosting,0.3,0.0,101,101,0,1.0,1.0,0.8571428571428571,1.0,0.0,False,True,3.0,train_only_sigmoid_cv
random,seed_20263948,120,validation,family_selective_curve,hist_gradient_boosting,0.35,0.0,101,101,0,1.0,1.0,0.8571428571428571,1.0,0.0,False,True,3.0,train_only_sigmoid_cv
random,seed_20263948,120,validation,family_selective_curve,hist_gradient_boosting,0.4,0.0,101,101,0,1.0,1.0,0.8571428571428571,1.0,0.0,False,True,3.0,train_only_sigmoid_cv
random,seed_20263948,120,validation,family_selective_curve,hist_gradient_boosting,0.45,0.0,101,100,1,0.9900990099009901,1.0,0.8571428571428571,1.0,0.0,False,True,3.0,train_only_sigmoid_cv
random,seed_20263948,120,validation,family_selective_curve,hist_gradient_boosting,0.5,0.0,101,100,1,0.9900990099009901,1.0,0.8571428571428571,1.0,0.0,False,True,3.0,train_only_sigmoid_cv
random,seed_20263948,120,validation,family_selective_curve,hist_gradient_boosting,0.55,0.0,101,100,1,0.9900990099009901,1.0,0.8571428571428571,1.0,0.0,False,True,3.0,train_only_sigmoid_cv
random,seed_20263948,120,validation,family_selective_curve,hist_gradient_boosting,0.6,0.0,101,100,1,0.9900990099009901,1.0,0.8571428571428571,1.0,0.0,False,True,3.0,train_only_sigmoid_cv
random,seed_20263948,120,validation,family_selective_curve,hist_gradient_boosting,0.65,0.0,101,95,6,0.9405940594059405,1.0,0.8571428571428571,1.0,0.0,False,True,3.0,train_only_sigmoid_cv
random,seed_20263948,120,validation,family_selective_curve,hist_gradient_boosting,0.7,0.0,101,95,6,0.9405940594059405,1.0,0.8571428571428571,1.0,0.0,False,True,3.0,train_only_sigmoid_cv
random,seed_20263948,120,validation,family_selective_curve,hist_gradient_boosting,0.75,0.0,101,95,6,0.9405940594059405,1.0,0.8571428571428571,1.0,0.0,False,True,3.0,train_only_sigmoid_cv
random,seed_20263948,120,validation,family_selective_curve,hist_gradient_boosting,0.8,0.0,101,95,6,0.9405940594059405,1.0,0.8571428571428571,1.0,0.0,False,True,3.0,train_only_sigmoid_cv
random,seed_20263948,120,validation,family_selective_curve,hist_gradient_boosting,0.85,0.0,101,81,20,0.801980198019802,1.0,0.7142857142857143,1.0,0.0,False,True,3.0,train_only_sigmoid_cv
random,seed_20263948,120,validation,family_selective_curve,hist_gradient_boosting,0.9,0.0,101,36,65,0.3564356435643564,1.0,0.42857142857142855,1.0,0.0,False,True,3.0,train_only_sigmoid_cv
random,seed_20263948,120,validation,family_selective_curve,hist_gradient_boosting,0.95,0.0,101,0,101,0.0,,,,,False,True,3.0,train_only_sigmoid_cv
random,seed_20263948,120,test,forced_family,hist_gradient_boosting,0.0,0.0,101,101,0,1.0,0.9900990099009901,0.850939932907146,0.9946236559139785,0.00990099009900991,True,False,3.0,train_only_sigmoid_cv
random,seed_20263948,120,test,family_selective,hist_gradient_boosting,0.0,0.0,101,101,0,1.0,0.9900990099009901,0.850939932907146,0.9946236559139785,0.00990099009900991,True,False,3.0,train_only_sigmoid_cv
random,seed_20263948,120,test,family_selective_curve,hist_gradient_boosting,0.0,0.0,101,101,0,1.0,0.9900990099009901,0.850939932907146,0.9946236559139785,0.00990099009900991,True,True,3.0,train_only_sigmoid_cv
random,seed_20263948,120,test,family_selective_curve,hist_gradient_boosting,0.05,0.0,101,101,0,1.0,0.9900990099009901,0.850939932907146,0.9946236559139785,0.00990099009900991,False,True,3.0,train_only_sigmoid_cv
random,seed_20263948,120,test,family_selective_curve,hist_gradient_boosting,0.1,0.0,101,101,0,1.0,0.9900990099009901,0.850939932907146,0.9946236559139785,0.00990099009900991,False,True,3.0,train_only_sigmoid_cv
random,seed_20263948,120,test,family_selective_curve,hist_gradient_boosting,0.15,0.0,101,101,0,1.0,0.9900990099009901,0.850939932907146,0.9946236559139785,0.00990099009900991,False,True,3.0,train_only_sigmoid_cv
random,seed_20263948,120,test,family_selective_curve,hist_gradient_boosting,0.2,0.0,101,101,0,1.0,0.9900990099009901,0.850939932907146,0.9946236559139785,0.00990099009900991,False,True,3.0,train_only_sigmoid_cv
random,seed_20263948,120,test,family_selective_curve,hist_gradient_boosting,0.25,0.0,101,101,0,1.0,0.9900990099009901,0.850939932907146,0.9946236559139785,0.00990099009900991,False,True,3.0,train_only_sigmoid_cv
random,seed_20263948,120,test,family_selective_curve,hist_gradient_boosting,0.3,0.0,101,101,0,1.0,0.9900990099009901,0.850939932907146,0.9946236559139785,0.00990099009900991,False,True,3.0,train_only_sigmoid_cv
random,seed_20263948,120,test,family_selective_curve,hist_gradient_boosting,0.35,0.0,101,101,0,1.0,0.9900990099009901,0.850939932907146,0.9946236559139785,0.00990099009900991,False,True,3.0,train_only_sigmoid_cv
random,seed_20263948,120,test,family_selective_curve,hist_gradient_boosting,0.4,0.0,101,101,0,1.0,0.9900990099009901,0.850939932907146,0.9946236559139785,0.00990099009900991,False,True,3.0,train_only_sigmoid_cv
random,seed_20263948,120,test,family_selective_curve,hist_gradient_boosting,0.45,0.0,101,101,0,1.0,0.9900990099009901,0.850939932907146,0.9946236559139785,0.00990099009900991,False,True,3.0,train_only_sigmoid_cv
random,seed_20263948,120,test,family_selective_curve,hist_gradient_boosting,0.5,0.0,101,101,0,1.0,0.9900990099009901,0.850939932907146,0.9946236559139785,0.00990099009900991,False,True,3.0,train_only_sigmoid_cv
random,seed_20263948,120,test,family_selective_curve,hist_gradient_boosting,0.55,0.0,101,101,0,1.0,0.9900990099009901,0.850939932907146,0.9946236559139785,0.00990099009900991,False,True,3.0,train_only_sigmoid_cv
random,seed_20263948,120,test,family_selective_curve,hist_gradient_boosting,0.6,0.0,101,101,0,1.0,0.9900990099009901,0.850939932907146,0.9946236559139785,0.00990099009900991,False,True,3.0,train_only_sigmoid_cv
random,seed_20263948,120,test,family_selective_curve,hist_gradient_boosting,0.65,0.0,101,97,4,0.9603960396039604,1.0,0.8571428571428571,1.0,0.0,False,True,3.0,train_only_sigmoid_cv
random,seed_20263948,120,test,family_selective_curve,hist_gradient_boosting,0.7,0.0,101,96,5,0.9504950495049505,1.0,0.8571428571428571,1.0,0.0,False,True,3.0,train_only_sigmoid_cv
random,seed_20263948,120,test,family_selective_curve,hist_gradient_boosting,0.75,0.0,101,95,6,0.9405940594059405,1.0,0.8571428571428571,1.0,0.0,False,True,3.0,train_only_sigmoid_cv
random,seed_20263948,120,test,family_selective_curve,hist_gradient_boosting,0.8,0.0,101,95,6,0.9405940594059405,1.0,0.8571428571428571,1.0,0.0,False,True,3.0,train_only_sigmoid_cv
random,seed_20263948,120,test,family_selective_curve,hist_gradient_boosting,0.85,0.0,101,85,16,0.8415841584158416,1.0,0.7142857142857143,1.0,0.0,False,True,3.0,train_only_sigmoid_cv
random,seed_20263948,120,test,family_selective_curve,hist_gradient_boosting,0.9,0.0,101,32,69,0.31683168316831684,1.0,0.42857142857142855,1.0,0.0,False,True,3.0,train_only_sigmoid_cv
random,seed_20263948,120,test,family_selective_curve,hist_gradient_boosting,0.95,0.0,101,0,101,0.0,,,,,False,True,3.0,train_only_sigmoid_cv
random,seed_20264957,120,validation,forced_family,random_forest,0.0,0.7,101,101,0,1.0,0.9801980198019802,0.8373406193078324,0.9737903225806451,0.01980198019801982,False,False,3.0,train_only_sigmoid_cv
random,seed_20264957,120,validation,family_selective,random_forest,0.7,0.7,101,100,1,0.9900990099009901,0.99,0.8507193041150887,0.9946236559139785,0.010000000000000009,False,False,3.0,train_only_sigmoid_cv
random,seed_20264957,120,validation,family_selective_curve,random_forest,0.0,0.7,101,101,0,1.0,0.9801980198019802,0.8373406193078324,0.9737903225806451,0.01980198019801982,False,True,3.0,train_only_sigmoid_cv
random,seed_20264957,120,validation,family_selective_curve,random_forest,0.05,0.7,101,101,0,1.0,0.9801980198019802,0.8373406193078324,0.9737903225806451,0.01980198019801982,False,True,3.0,train_only_sigmoid_cv
random,seed_20264957,120,validation,family_selective_curve,random_forest,0.1,0.7,101,101,0,1.0,0.9801980198019802,0.8373406193078324,0.9737903225806451,0.01980198019801982,False,True,3.0,train_only_sigmoid_cv
random,seed_20264957,120,validation,family_selective_curve,random_forest,0.15,0.7,101,101,0,1.0,0.9801980198019802,0.8373406193078324,0.9737903225806451,0.01980198019801982,False,True,3.0,train_only_sigmoid_cv
random,seed_20264957,120,validation,family_selective_curve,random_forest,0.2,0.7,101,101,0,1.0,0.9801980198019802,0.8373406193078324,0.9737903225806451,0.01980198019801982,False,True,3.0,train_only_sigmoid_cv
random,seed_20264957,120,validation,family_selective_curve,random_forest,0.25,0.7,101,101,0,1.0,0.9801980198019802,0.8373406193078324,0.9737903225806451,0.01980198019801982,False,True,3.0,train_only_sigmoid_cv
random,seed_20264957,120,validation,family_selective_curve,random_forest,0.3,0.7,101,101,0,1.0,0.9801980198019802,0.8373406193078324,0.9737903225806451,0.01980198019801982,False,True,3.0,train_only_sigmoid_cv
random,seed_20264957,120,validation,family_selective_curve,random_forest,0.35,0.7,101,101,0,1.0,0.9801980198019802,0.8373406193078324,0.9737903225806451,0.01980198019801982,False,True,3.0,train_only_sigmoid_cv
random,seed_20264957,120,validation,family_selective_curve,random_forest,0.4,0.7,101,101,0,1.0,0.9801980198019802,0.8373406193078324,0.9737903225806451,0.01980198019801982,False,True,3.0,train_only_sigmoid_cv
random,seed_20264957,120,validation,family_selective_curve,random_forest,0.45,0.7,101,101,0,1.0,0.9801980198019802,0.8373406193078324,0.9737903225806451,0.01980198019801982,False,True,3.0,train_only_sigmoid_cv
random,seed_20264957,120,validation,family_selective_curve,random_forest,0.5,0.7,101,101,0,1.0,0.9801980198019802,0.8373406193078324,0.9737903225806451,0.01980198019801982,False,True,3.0,train_only_sigmoid_cv
random,seed_20264957,120,validation,family_selective_curve,random_forest,0.55,0.7,101,101,0,1.0,0.9801980198019802,0.8373406193078324,0.9737903225806451,0.01980198019801982,False,True,3.0,train_only_sigmoid_cv
random,seed_20264957,120,validation,family_selective_curve,random_forest,0.6,0.7,101,101,0,1.0,0.9801980198019802,0.8373406193078324,0.9737903225806451,0.01980198019801982,False,True,3.0,train_only_sigmoid_cv
random,seed_20264957,120,validation,family_selective_curve,random_forest,0.65,0.7,101,101,0,1.0,0.9801980198019802,0.8373406193078324,0.9737903225806451,0.01980198019801982,False,True,3.0,train_only_sigmoid_cv
random,seed_20264957,120,validation,family_selective_curve,random_forest,0.7,0.7,101,100,1,0.9900990099009901,0.99,0.8507193041150887,0.9946236559139785,0.010000000000000009,False,True,3.0,train_only_sigmoid_cv
random,seed_20264957,120,validation,family_selective_curve,random_forest,0.75,0.7,101,99,2,0.9801980198019802,0.98989898989899,0.8506399169837426,0.9944444444444445,0.010101010101010055,False,True,3.0,train_only_sigmoid_cv
random,seed_20264957,120,validation,family_selective_curve,random_forest,0.8,0.7,101,99,2,0.9801980198019802,0.98989898989899,0.8506399169837426,0.9944444444444445,0.010101010101010055,False,True,3.0,train_only_sigmoid_cv
random,seed_20264957,120,validation,family_selective_curve,random_forest,0.85,0.7,101,98,3,0.9702970297029703,0.9897959183673469,0.8506399169837426,0.9944444444444445,0.010204081632653073,False,True,3.0,train_only_sigmoid_cv
random,seed_20264957,120,validation,family_selective_curve,random_forest,0.9,0.7,101,94,7,0.9306930693069307,0.9893617021276596,0.8506399169837426,0.9944444444444445,0.010638297872340385,False,True,3.0,train_only_sigmoid_cv
random,seed_20264957,120,validation,family_selective_curve,random_forest,0.95,0.7,101,0,101,0.0,,,,,False,True,3.0,train_only_sigmoid_cv
random,seed_20264957,120,test,forced_family,random_forest,0.0,0.7,101,101,0,1.0,0.9900990099009901,0.8422928422928423,0.9761904761904763,0.00990099009900991,True,False,3.0,train_only_sigmoid_cv
random,seed_20264957,120,test,family_selective,random_forest,0.7,0.7,101,100,1,0.9900990099009901,1.0,0.8571428571428571,1.0,0.0,True,False,3.0,train_only_sigmoid_cv
random,seed_20264957,120,test,family_selective_curve,random_forest,0.0,0.7,101,101,0,1.0,0.9900990099009901,0.8422928422928423,0.9761904761904763,0.00990099009900991,False,True,3.0,train_only_sigmoid_cv
random,seed_20264957,120,test,family_selective_curve,random_forest,0.05,0.7,101,101,0,1.0,0.9900990099009901,0.8422928422928423,0.9761904761904763,0.00990099009900991,False,True,3.0,train_only_sigmoid_cv
random,seed_20264957,120,test,family_selective_curve,random_forest,0.1,0.7,101,101,0,1.0,0.9900990099009901,0.8422928422928423,0.9761904761904763,0.00990099009900991,False,True,3.0,train_only_sigmoid_cv
random,seed_20264957,120,test,family_selective_curve,random_forest,0.15,0.7,101,101,0,1.0,0.9900990099009901,0.8422928422928423,0.9761904761904763,0.00990099009900991,False,True,3.0,train_only_sigmoid_cv
random,seed_20264957,120,test,family_selective_curve,random_forest,0.2,0.7,101,101,0,1.0,0.9900990099009901,0.8422928422928423,0.9761904761904763,0.00990099009900991,False,True,3.0,train_only_sigmoid_cv
random,seed_20264957,120,test,family_selective_curve,random_forest,0.25,0.7,101,101,0,1.0,0.9900990099009901,0.8422928422928423,0.9761904761904763,0.00990099009900991,False,True,3.0,train_only_sigmoid_cv
random,seed_20264957,120,test,family_selective_curve,random_forest,0.3,0.7,101,101,0,1.0,0.9900990099009901,0.8422928422928423,0.9761904761904763,0.00990099009900991,False,True,3.0,train_only_sigmoid_cv
random,seed_20264957,120,test,family_selective_curve,random_forest,0.35,0.7,101,101,0,1.0,0.9900990099009901,0.8422928422928423,0.9761904761904763,0.00990099009900991,False,True,3.0,train_only_sigmoid_cv
random,seed_20264957,120,test,family_selective_curve,random_forest,0.4,0.7,101,101,0,1.0,0.9900990099009901,0.8422928422928423,0.9761904761904763,0.00990099009900991,False,True,3.0,train_only_sigmoid_cv
random,seed_20264957,120,test,family_selective_curve,random_forest,0.45,0.7,101,101,0,1.0,0.9900990099009901,0.8422928422928423,0.9761904761904763,0.00990099009900991,False,True,3.0,train_only_sigmoid_cv
random,seed_20264957,120,test,family_selective_curve,random_forest,0.5,0.7,101,101,0,1.0,0.9900990099009901,0.8422928422928423,0.9761904761904763,0.00990099009900991,False,True,3.0,train_only_sigmoid_cv
random,seed_20264957,120,test,family_selective_curve,random_forest,0.55,0.7,101,101,0,1.0,0.9900990099009901,0.8422928422928423,0.9761904761904763,0.00990099009900991,False,True,3.0,train_only_sigmoid_cv
random,seed_20264957,120,test,family_selective_curve,random_forest,0.6,0.7,101,101,0,1.0,0.9900990099009901,0.8422928422928423,0.9761904761904763,0.00990099009900991,False,True,3.0,train_only_sigmoid_cv
random,seed_20264957,120,test,family_selective_curve,random_forest,0.65,0.7,101,100,1,0.9900990099009901,1.0,0.8571428571428571,1.0,0.0,False,True,3.0,train_only_sigmoid_cv
random,seed_20264957,120,test,family_selective_curve,random_forest,0.7,0.7,101,100,1,0.9900990099009901,1.0,0.8571428571428571,1.0,0.0,True,True,3.0,train_only_sigmoid_cv
random,seed_20264957,120,test,family_selective_curve,random_forest,0.75,0.7,101,100,1,0.9900990099009901,1.0,0.8571428571428571,1.0,0.0,False,True,3.0,train_only_sigmoid_cv
random,seed_20264957,120,test,family_selective_curve,random_forest,0.8,0.7,101,100,1,0.9900990099009901,1.0,0.8571428571428571,1.0,0.0,False,True,3.0,train_only_sigmoid_cv
random,seed_20264957,120,test,family_selective_curve,random_forest,0.85,0.7,101,99,2,0.9801980198019802,1.0,0.8571428571428571,1.0,0.0,False,True,3.0,train_only_sigmoid_cv
random,seed_20264957,120,test,family_selective_curve,random_forest,0.9,0.7,101,95,6,0.9405940594059405,1.0,0.8571428571428571,1.0,0.0,False,True,3.0,train_only_sigmoid_cv
random,seed_20264957,120,test,family_selective_curve,random_forest,0.95,0.7,101,0,101,0.0,,,,,False,True,3.0,train_only_sigmoid_cv
random,seed_20265966,120,validation,forced_family,hist_gradient_boosting,0.0,0.85,101,101,0,1.0,0.9900990099009901,0.8507193041150887,0.9946236559139785,0.00990099009900991,False,False,3.0,train_only_sigmoid_cv
random,seed_20265966,120,validation,family_selective,hist_gradient_boosting,0.85,0.85,101,89,12,0.8811881188118812,1.0,0.8571428571428571,1.0,0.0,False,False,3.0,train_only_sigmoid_cv
random,seed_20265966,120,validation,family_selective_curve,hist_gradient_boosting,0.0,0.85,101,101,0,1.0,0.9900990099009901,0.8507193041150887,0.9946236559139785,0.00990099009900991,False,True,3.0,train_only_sigmoid_cv
random,seed_20265966,120,validation,family_selective_curve,hist_gradient_boosting,0.05,0.85,101,101,0,1.0,0.9900990099009901,0.8507193041150887,0.9946236559139785,0.00990099009900991,False,True,3.0,train_only_sigmoid_cv
random,seed_20265966,120,validation,family_selective_curve,hist_gradient_boosting,0.1,0.85,101,101,0,1.0,0.9900990099009901,0.8507193041150887,0.9946236559139785,0.00990099009900991,False,True,3.0,train_only_sigmoid_cv
random,seed_20265966,120,validation,family_selective_curve,hist_gradient_boosting,0.15,0.85,101,101,0,1.0,0.9900990099009901,0.8507193041150887,0.9946236559139785,0.00990099009900991,False,True,3.0,train_only_sigmoid_cv
random,seed_20265966,120,validation,family_selective_curve,hist_gradient_boosting,0.2,0.85,101,101,0,1.0,0.9900990099009901,0.8507193041150887,0.9946236559139785,0.00990099009900991,False,True,3.0,train_only_sigmoid_cv
random,seed_20265966,120,validation,family_selective_curve,hist_gradient_boosting,0.25,0.85,101,101,0,1.0,0.9900990099009901,0.8507193041150887,0.9946236559139785,0.00990099009900991,False,True,3.0,train_only_sigmoid_cv
random,seed_20265966,120,validation,family_selective_curve,hist_gradient_boosting,0.3,0.85,101,101,0,1.0,0.9900990099009901,0.8507193041150887,0.9946236559139785,0.00990099009900991,False,True,3.0,train_only_sigmoid_cv
random,seed_20265966,120,validation,family_selective_curve,hist_gradient_boosting,0.35,0.85,101,101,0,1.0,0.9900990099009901,0.8507193041150887,0.9946236559139785,0.00990099009900991,False,True,3.0,train_only_sigmoid_cv
random,seed_20265966,120,validation,family_selective_curve,hist_gradient_boosting,0.4,0.85,101,101,0,1.0,0.9900990099009901,0.8507193041150887,0.9946236559139785,0.00990099009900991,False,True,3.0,train_only_sigmoid_cv
random,seed_20265966,120,validation,family_selective_curve,hist_gradient_boosting,0.45,0.85,101,101,0,1.0,0.9900990099009901,0.8507193041150887,0.9946236559139785,0.00990099009900991,False,True,3.0,train_only_sigmoid_cv
random,seed_20265966,120,validation,family_selective_curve,hist_gradient_boosting,0.5,0.85,101,101,0,1.0,0.9900990099009901,0.8507193041150887,0.9946236559139785,0.00990099009900991,False,True,3.0,train_only_sigmoid_cv
random,seed_20265966,120,validation,family_selective_curve,hist_gradient_boosting,0.55,0.85,101,100,1,0.9900990099009901,0.99,0.8507193041150887,0.9946236559139785,0.010000000000000009,False,True,3.0,train_only_sigmoid_cv
random,seed_20265966,120,validation,family_selective_curve,hist_gradient_boosting,0.6,0.85,101,100,1,0.9900990099009901,0.99,0.8507193041150887,0.9946236559139785,0.010000000000000009,False,True,3.0,train_only_sigmoid_cv
random,seed_20265966,120,validation,family_selective_curve,hist_gradient_boosting,0.65,0.85,101,100,1,0.9900990099009901,0.99,0.8507193041150887,0.9946236559139785,0.010000000000000009,False,True,3.0,train_only_sigmoid_cv
random,seed_20265966,120,validation,family_selective_curve,hist_gradient_boosting,0.7,0.85,101,99,2,0.9801980198019802,0.98989898989899,0.8504719324391455,0.9946236559139785,0.010101010101010055,False,True,3.0,train_only_sigmoid_cv
random,seed_20265966,120,validation,family_selective_curve,hist_gradient_boosting,0.75,0.85,101,99,2,0.9801980198019802,0.98989898989899,0.8504719324391455,0.9946236559139785,0.010101010101010055,False,True,3.0,train_only_sigmoid_cv
random,seed_20265966,120,validation,family_selective_curve,hist_gradient_boosting,0.8,0.85,101,97,4,0.9603960396039604,0.9896907216494846,0.8501926418372744,0.9946236559139785,0.010309278350515427,False,True,3.0,train_only_sigmoid_cv
random,seed_20265966,120,validation,family_selective_curve,hist_gradient_boosting,0.85,0.85,101,89,12,0.8811881188118812,1.0,0.8571428571428571,1.0,0.0,False,True,3.0,train_only_sigmoid_cv
random,seed_20265966,120,validation,family_selective_curve,hist_gradient_boosting,0.9,0.85,101,84,17,0.8316831683168316,1.0,0.7142857142857143,1.0,0.0,False,True,3.0,train_only_sigmoid_cv
random,seed_20265966,120,validation,family_selective_curve,hist_gradient_boosting,0.95,0.85,101,3,98,0.0297029702970297,1.0,0.14285714285714285,1.0,0.0,False,True,3.0,train_only_sigmoid_cv
random,seed_20265966,120,test,forced_family,hist_gradient_boosting,0.0,0.85,101,101,0,1.0,1.0,0.8571428571428571,1.0,0.0,True,False,3.0,train_only_sigmoid_cv
random,seed_20265966,120,test,family_selective,hist_gradient_boosting,0.85,0.85,101,83,18,0.8217821782178217,1.0,0.7142857142857143,1.0,0.0,True,False,3.0,train_only_sigmoid_cv
random,seed_20265966,120,test,family_selective_curve,hist_gradient_boosting,0.0,0.85,101,101,0,1.0,1.0,0.8571428571428571,1.0,0.0,False,True,3.0,train_only_sigmoid_cv
random,seed_20265966,120,test,family_selective_curve,hist_gradient_boosting,0.05,0.85,101,101,0,1.0,1.0,0.8571428571428571,1.0,0.0,False,True,3.0,train_only_sigmoid_cv
random,seed_20265966,120,test,family_selective_curve,hist_gradient_boosting,0.1,0.85,101,101,0,1.0,1.0,0.8571428571428571,1.0,0.0,False,True,3.0,train_only_sigmoid_cv
random,seed_20265966,120,test,family_selective_curve,hist_gradient_boosting,0.15,0.85,101,101,0,1.0,1.0,0.8571428571428571,1.0,0.0,False,True,3.0,train_only_sigmoid_cv
random,seed_20265966,120,test,family_selective_curve,hist_gradient_boosting,0.2,0.85,101,101,0,1.0,1.0,0.8571428571428571,1.0,0.0,False,True,3.0,train_only_sigmoid_cv
random,seed_20265966,120,test,family_selective_curve,hist_gradient_boosting,0.25,0.85,101,101,0,1.0,1.0,0.8571428571428571,1.0,0.0,False,True,3.0,train_only_sigmoid_cv
random,seed_20265966,120,test,family_selective_curve,hist_gradient_boosting,0.3,0.85,101,101,0,1.0,1.0,0.8571428571428571,1.0,0.0,False,True,3.0,train_only_sigmoid_cv
random,seed_20265966,120,test,family_selective_curve,hist_gradient_boosting,0.35,0.85,101,101,0,1.0,1.0,0.8571428571428571,1.0,0.0,False,True,3.0,train_only_sigmoid_cv
random,seed_20265966,120,test,family_selective_curve,hist_gradient_boosting,0.4,0.85,101,101,0,1.0,1.0,0.8571428571428571,1.0,0.0,False,True,3.0,train_only_sigmoid_cv
random,seed_20265966,120,test,family_selective_curve,hist_gradient_boosting,0.45,0.85,101,101,0,1.0,1.0,0.8571428571428571,1.0,0.0,False,True,3.0,train_only_sigmoid_cv
random,seed_20265966,120,test,family_selective_curve,hist_gradient_boosting,0.5,0.85,101,101,0,1.0,1.0,0.8571428571428571,1.0,0.0,False,True,3.0,train_only_sigmoid_cv
random,seed_20265966,120,test,family_selective_curve,hist_gradient_boosting,0.55,0.85,101,101,0,1.0,1.0,0.8571428571428571,1.0,0.0,False,True,3.0,train_only_sigmoid_cv
random,seed_20265966,120,test,family_selective_curve,hist_gradient_boosting,0.6,0.85,101,101,0,1.0,1.0,0.8571428571428571,1.0,0.0,False,True,3.0,train_only_sigmoid_cv
random,seed_20265966,120,test,family_selective_curve,hist_gradient_boosting,0.65,0.85,101,101,0,1.0,1.0,0.8571428571428571,1.0,0.0,False,True,3.0,train_only_sigmoid_cv
random,seed_20265966,120,test,family_selective_curve,hist_gradient_boosting,0.7,0.85,101,98,3,0.9702970297029703,1.0,0.8571428571428571,1.0,0.0,False,True,3.0,train_only_sigmoid_cv
random,seed_20265966,120,test,family_selective_curve,hist_gradient_boosting,0.75,0.85,101,97,4,0.9603960396039604,1.0,0.8571428571428571,1.0,0.0,False,True,3.0,train_only_sigmoid_cv
random,seed_20265966,120,test,family_selective_curve,hist_gradient_boosting,0.8,0.85,101,95,6,0.9405940594059405,1.0,0.8571428571428571,1.0,0.0,False,True,3.0,train_only_sigmoid_cv
random,seed_20265966,120,test,family_selective_curve,hist_gradient_boosting,0.85,0.85,101,83,18,0.8217821782178217,1.0,0.7142857142857143,1.0,0.0,True,True,3.0,train_only_sigmoid_cv
random,seed_20265966,120,test,family_selective_curve,hist_gradient_boosting,0.9,0.85,101,81,20,0.801980198019802,1.0,0.7142857142857143,1.0,0.0,False,True,3.0,train_only_sigmoid_cv
random,seed_20265966,120,test,family_selective_curve,hist_gradient_boosting,0.95,0.85,101,3,98,0.0297029702970297,1.0,0.14285714285714285,1.0,0.0,False,True,3.0,train_only_sigmoid_cv
random,seed_20266975,120,validation,forced_family,hist_gradient_boosting,0.0,0.0,101,101,0,1.0,1.0,0.8571428571428571,1.0,0.0,False,False,3.0,train_only_sigmoid_cv
random,seed_20266975,120,validation,family_selective,hist_gradient_boosting,0.0,0.0,101,101,0,1.0,1.0,0.8571428571428571,1.0,0.0,False,False,3.0,train_only_sigmoid_cv
random,seed_20266975,120,validation,family_selective_curve,hist_gradient_boosting,0.0,0.0,101,101,0,1.0,1.0,0.8571428571428571,1.0,0.0,False,True,3.0,train_only_sigmoid_cv
random,seed_20266975,120,validation,family_selective_curve,hist_gradient_boosting,0.05,0.0,101,101,0,1.0,1.0,0.8571428571428571,1.0,0.0,False,True,3.0,train_only_sigmoid_cv
random,seed_20266975,120,validation,family_selective_curve,hist_gradient_boosting,0.1,0.0,101,101,0,1.0,1.0,0.8571428571428571,1.0,0.0,False,True,3.0,train_only_sigmoid_cv
random,seed_20266975,120,validation,family_selective_curve,hist_gradient_boosting,0.15,0.0,101,101,0,1.0,1.0,0.8571428571428571,1.0,0.0,False,True,3.0,train_only_sigmoid_cv
random,seed_20266975,120,validation,family_selective_curve,hist_gradient_boosting,0.2,0.0,101,101,0,1.0,1.0,0.8571428571428571,1.0,0.0,False,True,3.0,train_only_sigmoid_cv
random,seed_20266975,120,validation,family_selective_curve,hist_gradient_boosting,0.25,0.0,101,101,0,1.0,1.0,0.8571428571428571,1.0,0.0,False,True,3.0,train_only_sigmoid_cv
random,seed_20266975,120,validation,family_selective_curve,hist_gradient_boosting,0.3,0.0,101,101,0,1.0,1.0,0.8571428571428571,1.0,0.0,False,True,3.0,train_only_sigmoid_cv
random,seed_20266975,120,validation,family_selective_curve,hist_gradient_boosting,0.35,0.0,101,101,0,1.0,1.0,0.8571428571428571,1.0,0.0,False,True,3.0,train_only_sigmoid_cv
random,seed_20266975,120,validation,family_selective_curve,hist_gradient_boosting,0.4,0.0,101,101,0,1.0,1.0,0.8571428571428571,1.0,0.0,False,True,3.0,train_only_sigmoid_cv
random,seed_20266975,120,validation,family_selective_curve,hist_gradient_boosting,0.45,0.0,101,101,0,1.0,1.0,0.8571428571428571,1.0,0.0,False,True,3.0,train_only_sigmoid_cv
random,seed_20266975,120,validation,family_selective_curve,hist_gradient_boosting,0.5,0.0,101,99,2,0.9801980198019802,1.0,0.8571428571428571,1.0,0.0,False,True,3.0,train_only_sigmoid_cv
random,seed_20266975,120,validation,family_selective_curve,hist_gradient_boosting,0.55,0.0,101,98,3,0.9702970297029703,1.0,0.8571428571428571,1.0,0.0,False,True,3.0,train_only_sigmoid_cv
random,seed_20266975,120,validation,family_selective_curve,hist_gradient_boosting,0.6,0.0,101,98,3,0.9702970297029703,1.0,0.8571428571428571,1.0,0.0,False,True,3.0,train_only_sigmoid_cv
random,seed_20266975,120,validation,family_selective_curve,hist_gradient_boosting,0.65,0.0,101,96,5,0.9504950495049505,1.0,0.8571428571428571,1.0,0.0,False,True,3.0,train_only_sigmoid_cv
random,seed_20266975,120,validation,family_selective_curve,hist_gradient_boosting,0.7,0.0,101,96,5,0.9504950495049505,1.0,0.8571428571428571,1.0,0.0,False,True,3.0,train_only_sigmoid_cv
random,seed_20266975,120,validation,family_selective_curve,hist_gradient_boosting,0.75,0.0,101,96,5,0.9504950495049505,1.0,0.8571428571428571,1.0,0.0,False,True,3.0,train_only_sigmoid_cv
random,seed_20266975,120,validation,family_selective_curve,hist_gradient_boosting,0.8,0.0,101,95,6,0.9405940594059405,1.0,0.8571428571428571,1.0,0.0,False,True,3.0,train_only_sigmoid_cv
random,seed_20266975,120,validation,family_selective_curve,hist_gradient_boosting,0.85,0.0,101,91,10,0.900990099009901,1.0,0.8571428571428571,1.0,0.0,False,True,3.0,train_only_sigmoid_cv
random,seed_20266975,120,validation,family_selective_curve,hist_gradient_boosting,0.9,0.0,101,57,44,0.5643564356435643,1.0,0.5714285714285714,1.0,0.0,False,True,3.0,train_only_sigmoid_cv
random,seed_20266975,120,validation,family_selective_curve,hist_gradient_boosting,0.95,0.0,101,0,101,0.0,,,,,False,True,3.0,train_only_sigmoid_cv
random,seed_20266975,120,test,forced_family,hist_gradient_boosting,0.0,0.0,101,101,0,1.0,0.9900990099009901,0.8507936507936508,0.9907407407407408,0.00990099009900991,True,False,3.0,train_only_sigmoid_cv
random,seed_20266975,120,test,family_selective,hist_gradient_boosting,0.0,0.0,101,101,0,1.0,0.9900990099009901,0.8507936507936508,0.9907407407407408,0.00990099009900991,True,False,3.0,train_only_sigmoid_cv
random,seed_20266975,120,test,family_selective_curve,hist_gradient_boosting,0.0,0.0,101,101,0,1.0,0.9900990099009901,0.8507936507936508,0.9907407407407408,0.00990099009900991,True,True,3.0,train_only_sigmoid_cv
random,seed_20266975,120,test,family_selective_curve,hist_gradient_boosting,0.05,0.0,101,101,0,1.0,0.9900990099009901,0.8507936507936508,0.9907407407407408,0.00990099009900991,False,True,3.0,train_only_sigmoid_cv
random,seed_20266975,120,test,family_selective_curve,hist_gradient_boosting,0.1,0.0,101,101,0,1.0,0.9900990099009901,0.8507936507936508,0.9907407407407408,0.00990099009900991,False,True,3.0,train_only_sigmoid_cv
random,seed_20266975,120,test,family_selective_curve,hist_gradient_boosting,0.15,0.0,101,101,0,1.0,0.9900990099009901,0.8507936507936508,0.9907407407407408,0.00990099009900991,False,True,3.0,train_only_sigmoid_cv
random,seed_20266975,120,test,family_selective_curve,hist_gradient_boosting,0.2,0.0,101,101,0,1.0,0.9900990099009901,0.8507936507936508,0.9907407407407408,0.00990099009900991,False,True,3.0,train_only_sigmoid_cv
random,seed_20266975,120,test,family_selective_curve,hist_gradient_boosting,0.25,0.0,101,101,0,1.0,0.9900990099009901,0.8507936507936508,0.9907407407407408,0.00990099009900991,False,True,3.0,train_only_sigmoid_cv
random,seed_20266975,120,test,family_selective_curve,hist_gradient_boosting,0.3,0.0,101,101,0,1.0,0.9900990099009901,0.8507936507936508,0.9907407407407408,0.00990099009900991,False,True,3.0,train_only_sigmoid_cv
random,seed_20266975,120,test,family_selective_curve,hist_gradient_boosting,0.35,0.0,101,101,0,1.0,0.9900990099009901,0.8507936507936508,0.9907407407407408,0.00990099009900991,False,True,3.0,train_only_sigmoid_cv
random,seed_20266975,120,test,family_selective_curve,hist_gradient_boosting,0.4,0.0,101,101,0,1.0,0.9900990099009901,0.8507936507936508,0.9907407407407408,0.00990099009900991,False,True,3.0,train_only_sigmoid_cv
random,seed_20266975,120,test,family_selective_curve,hist_gradient_boosting,0.45,0.0,101,101,0,1.0,0.9900990099009901,0.8507936507936508,0.9907407407407408,0.00990099009900991,False,True,3.0,train_only_sigmoid_cv
random,seed_20266975,120,test,family_selective_curve,hist_gradient_boosting,0.5,0.0,101,101,0,1.0,0.9900990099009901,0.8507936507936508,0.9907407407407408,0.00990099009900991,False,True,3.0,train_only_sigmoid_cv
random,seed_20266975,120,test,family_selective_curve,hist_gradient_boosting,0.55,0.0,101,101,0,1.0,0.9900990099009901,0.8507936507936508,0.9907407407407408,0.00990099009900991,False,True,3.0,train_only_sigmoid_cv
random,seed_20266975,120,test,family_selective_curve,hist_gradient_boosting,0.6,0.0,101,98,3,0.9702970297029703,0.9897959183673469,0.8499491750723278,0.9888888888888889,0.010204081632653073,False,True,3.0,train_only_sigmoid_cv
random,seed_20266975,120,test,family_selective_curve,hist_gradient_boosting,0.65,0.0,101,98,3,0.9702970297029703,0.9897959183673469,0.8499491750723278,0.9888888888888889,0.010204081632653073,False,True,3.0,train_only_sigmoid_cv
random,seed_20266975,120,test,family_selective_curve,hist_gradient_boosting,0.7,0.0,101,97,4,0.9603960396039604,1.0,0.8571428571428571,1.0,0.0,False,True,3.0,train_only_sigmoid_cv
random,seed_20266975,120,test,family_selective_curve,hist_gradient_boosting,0.75,0.0,101,95,6,0.9405940594059405,1.0,0.8571428571428571,1.0,0.0,False,True,3.0,train_only_sigmoid_cv
random,seed_20266975,120,test,family_selective_curve,hist_gradient_boosting,0.8,0.0,101,93,8,0.9207920792079208,1.0,0.8571428571428571,1.0,0.0,False,True,3.0,train_only_sigmoid_cv
random,seed_20266975,120,test,family_selective_curve,hist_gradient_boosting,0.85,0.0,101,91,10,0.900990099009901,1.0,0.8571428571428571,1.0,0.0,False,True,3.0,train_only_sigmoid_cv
random,seed_20266975,120,test,family_selective_curve,hist_gradient_boosting,0.9,0.0,101,62,39,0.6138613861386139,1.0,0.5714285714285714,1.0,0.0,False,True,3.0,train_only_sigmoid_cv
random,seed_20266975,120,test,family_selective_curve,hist_gradient_boosting,0.95,0.0,101,0,101,0.0,,,,,False,True,3.0,train_only_sigmoid_cv
random,seed_20267984,120,validation,forced_family,hist_gradient_boosting,0.0,0.8,101,101,0,1.0,0.9801980198019802,0.8373406193078324,0.9737903225806451,0.01980198019801982,False,False,3.0,train_only_sigmoid_cv
random,seed_20267984,120,validation,family_selective,hist_gradient_boosting,0.8,0.8,101,96,5,0.9504950495049505,1.0,0.8571428571428571,1.0,0.0,False,False,3.0,train_only_sigmoid_cv
random,seed_20267984,120,validation,family_selective_curve,hist_gradient_boosting,0.0,0.8,101,101,0,1.0,0.9801980198019802,0.8373406193078324,0.9737903225806451,0.01980198019801982,False,True,3.0,train_only_sigmoid_cv
random,seed_20267984,120,validation,family_selective_curve,hist_gradient_boosting,0.05,0.8,101,101,0,1.0,0.9801980198019802,0.8373406193078324,0.9737903225806451,0.01980198019801982,False,True,3.0,train_only_sigmoid_cv
random,seed_20267984,120,validation,family_selective_curve,hist_gradient_boosting,0.1,0.8,101,101,0,1.0,0.9801980198019802,0.8373406193078324,0.9737903225806451,0.01980198019801982,False,True,3.0,train_only_sigmoid_cv
random,seed_20267984,120,validation,family_selective_curve,hist_gradient_boosting,0.15,0.8,101,101,0,1.0,0.9801980198019802,0.8373406193078324,0.9737903225806451,0.01980198019801982,False,True,3.0,train_only_sigmoid_cv
random,seed_20267984,120,validation,family_selective_curve,hist_gradient_boosting,0.2,0.8,101,101,0,1.0,0.9801980198019802,0.8373406193078324,0.9737903225806451,0.01980198019801982,False,True,3.0,train_only_sigmoid_cv
random,seed_20267984,120,validation,family_selective_curve,hist_gradient_boosting,0.25,0.8,101,101,0,1.0,0.9801980198019802,0.8373406193078324,0.9737903225806451,0.01980198019801982,False,True,3.0,train_only_sigmoid_cv
random,seed_20267984,120,validation,family_selective_curve,hist_gradient_boosting,0.3,0.8,101,101,0,1.0,0.9801980198019802,0.8373406193078324,0.9737903225806451,0.01980198019801982,False,True,3.0,train_only_sigmoid_cv
random,seed_20267984,120,validation,family_selective_curve,hist_gradient_boosting,0.35,0.8,101,101,0,1.0,0.9801980198019802,0.8373406193078324,0.9737903225806451,0.01980198019801982,False,True,3.0,train_only_sigmoid_cv
random,seed_20267984,120,validation,family_selective_curve,hist_gradient_boosting,0.4,0.8,101,101,0,1.0,0.9801980198019802,0.8373406193078324,0.9737903225806451,0.01980198019801982,False,True,3.0,train_only_sigmoid_cv
random,seed_20267984,120,validation,family_selective_curve,hist_gradient_boosting,0.45,0.8,101,101,0,1.0,0.9801980198019802,0.8373406193078324,0.9737903225806451,0.01980198019801982,False,True,3.0,train_only_sigmoid_cv
random,seed_20267984,120,validation,family_selective_curve,hist_gradient_boosting,0.5,0.8,101,100,1,0.9900990099009901,0.99,0.8507193041150887,0.9946236559139785,0.010000000000000009,False,True,3.0,train_only_sigmoid_cv
random,seed_20267984,120,validation,family_selective_curve,hist_gradient_boosting,0.55,0.8,101,100,1,0.9900990099009901,0.99,0.8507193041150887,0.9946236559139785,0.010000000000000009,False,True,3.0,train_only_sigmoid_cv
random,seed_20267984,120,validation,family_selective_curve,hist_gradient_boosting,0.6,0.8,101,100,1,0.9900990099009901,0.99,0.8507193041150887,0.9946236559139785,0.010000000000000009,False,True,3.0,train_only_sigmoid_cv
random,seed_20267984,120,validation,family_selective_curve,hist_gradient_boosting,0.65,0.8,101,100,1,0.9900990099009901,0.99,0.8507193041150887,0.9946236559139785,0.010000000000000009,False,True,3.0,train_only_sigmoid_cv
random,seed_20267984,120,validation,family_selective_curve,hist_gradient_boosting,0.7,0.8,101,100,1,0.9900990099009901,0.99,0.8507193041150887,0.9946236559139785,0.010000000000000009,False,True,3.0,train_only_sigmoid_cv
random,seed_20267984,120,validation,family_selective_curve,hist_gradient_boosting,0.75,0.8,101,98,3,0.9702970297029703,0.9897959183673469,0.8507193041150887,0.9946236559139785,0.010204081632653073,False,True,3.0,train_only_sigmoid_cv
random,seed_20267984,120,validation,family_selective_curve,hist_gradient_boosting,0.8,0.8,101,96,5,0.9504950495049505,1.0,0.8571428571428571,1.0,0.0,False,True,3.0,train_only_sigmoid_cv
random,seed_20267984,120,validation,family_selective_curve,hist_gradient_boosting,0.85,0.8,101,91,10,0.900990099009901,1.0,0.8571428571428571,1.0,0.0,False,True,3.0,train_only_sigmoid_cv
random,seed_20267984,120,validation,family_selective_curve,hist_gradient_boosting,0.9,0.8,101,79,22,0.7821782178217822,1.0,0.7142857142857143,1.0,0.0,False,True,3.0,train_only_sigmoid_cv
random,seed_20267984,120,validation,family_selective_curve,hist_gradient_boosting,0.95,0.8,101,0,101,0.0,,,,,False,True,3.0,train_only_sigmoid_cv
random,seed_20267984,120,test,forced_family,hist_gradient_boosting,0.0,0.8,101,101,0,1.0,1.0,0.8571428571428571,1.0,0.0,True,False,3.0,train_only_sigmoid_cv
random,seed_20267984,120,test,family_selective,hist_gradient_boosting,0.8,0.8,101,99,2,0.9801980198019802,1.0,0.8571428571428571,1.0,0.0,True,False,3.0,train_only_sigmoid_cv
random,seed_20267984,120,test,family_selective_curve,hist_gradient_boosting,0.0,0.8,101,101,0,1.0,1.0,0.8571428571428571,1.0,0.0,False,True,3.0,train_only_sigmoid_cv
random,seed_20267984,120,test,family_selective_curve,hist_gradient_boosting,0.05,0.8,101,101,0,1.0,1.0,0.8571428571428571,1.0,0.0,False,True,3.0,train_only_sigmoid_cv
random,seed_20267984,120,test,family_selective_curve,hist_gradient_boosting,0.1,0.8,101,101,0,1.0,1.0,0.8571428571428571,1.0,0.0,False,True,3.0,train_only_sigmoid_cv
random,seed_20267984,120,test,family_selective_curve,hist_gradient_boosting,0.15,0.8,101,101,0,1.0,1.0,0.8571428571428571,1.0,0.0,False,True,3.0,train_only_sigmoid_cv
random,seed_20267984,120,test,family_selective_curve,hist_gradient_boosting,0.2,0.8,101,101,0,1.0,1.0,0.8571428571428571,1.0,0.0,False,True,3.0,train_only_sigmoid_cv
random,seed_20267984,120,test,family_selective_curve,hist_gradient_boosting,0.25,0.8,101,101,0,1.0,1.0,0.8571428571428571,1.0,0.0,False,True,3.0,train_only_sigmoid_cv
random,seed_20267984,120,test,family_selective_curve,hist_gradient_boosting,0.3,0.8,101,101,0,1.0,1.0,0.8571428571428571,1.0,0.0,False,True,3.0,train_only_sigmoid_cv
random,seed_20267984,120,test,family_selective_curve,hist_gradient_boosting,0.35,0.8,101,101,0,1.0,1.0,0.8571428571428571,1.0,0.0,False,True,3.0,train_only_sigmoid_cv
random,seed_20267984,120,test,family_selective_curve,hist_gradient_boosting,0.4,0.8,101,101,0,1.0,1.0,0.8571428571428571,1.0,0.0,False,True,3.0,train_only_sigmoid_cv
random,seed_20267984,120,test,family_selective_curve,hist_gradient_boosting,0.45,0.8,101,101,0,1.0,1.0,0.8571428571428571,1.0,0.0,False,True,3.0,train_only_sigmoid_cv
random,seed_20267984,120,test,family_selective_curve,hist_gradient_boosting,0.5,0.8,101,101,0,1.0,1.0,0.8571428571428571,1.0,0.0,False,True,3.0,train_only_sigmoid_cv
random,seed_20267984,120,test,family_selective_curve,hist_gradient_boosting,0.55,0.8,101,101,0,1.0,1.0,0.8571428571428571,1.0,0.0,False,True,3.0,train_only_sigmoid_cv
random,seed_20267984,120,test,family_selective_curve,hist_gradient_boosting,0.6,0.8,101,101,0,1.0,1.0,0.8571428571428571,1.0,0.0,False,True,3.0,train_only_sigmoid_cv
random,seed_20267984,120,test,family_selective_curve,hist_gradient_boosting,0.65,0.8,101,101,0,1.0,1.0,0.8571428571428571,1.0,0.0,False,True,3.0,train_only_sigmoid_cv
random,seed_20267984,120,test,family_selective_curve,hist_gradient_boosting,0.7,0.8,101,100,1,0.9900990099009901,1.0,0.8571428571428571,1.0,0.0,False,True,3.0,train_only_sigmoid_cv
random,seed_20267984,120,test,family_selective_curve,hist_gradient_boosting,0.75,0.8,101,100,1,0.9900990099009901,1.0,0.8571428571428571,1.0,0.0,False,True,3.0,train_only_sigmoid_cv
random,seed_20267984,120,test,family_selective_curve,hist_gradient_boosting,0.8,0.8,101,99,2,0.9801980198019802,1.0,0.8571428571428571,1.0,0.0,True,True,3.0,train_only_sigmoid_cv
random,seed_20267984,120,test,family_selective_curve,hist_gradient_boosting,0.85,0.8,101,96,5,0.9504950495049505,1.0,0.8571428571428571,1.0,0.0,False,True,3.0,train_only_sigmoid_cv
random,seed_20267984,120,test,family_selective_curve,hist_gradient_boosting,0.9,0.8,101,86,15,0.8514851485148515,1.0,0.7142857142857143,1.0,0.0,False,True,3.0,train_only_sigmoid_cv
random,seed_20267984,120,test,family_selective_curve,hist_gradient_boosting,0.95,0.8,101,0,101,0.0,,,,,False,True,3.0,train_only_sigmoid_cv
random,seed_20268993,120,validation,forced_family,random_forest,0.0,0.0,101,101,0,1.0,1.0,0.8571428571428571,1.0,0.0,False,False,3.0,train_only_sigmoid_cv
random,seed_20268993,120,validation,family_selective,random_forest,0.0,0.0,101,101,0,1.0,1.0,0.8571428571428571,1.0,0.0,False,False,3.0,train_only_sigmoid_cv
random,seed_20268993,120,validation,family_selective_curve,random_forest,0.0,0.0,101,101,0,1.0,1.0,0.8571428571428571,1.0,0.0,False,True,3.0,train_only_sigmoid_cv
random,seed_20268993,120,validation,family_selective_curve,random_forest,0.05,0.0,101,101,0,1.0,1.0,0.8571428571428571,1.0,0.0,False,True,3.0,train_only_sigmoid_cv
random,seed_20268993,120,validation,family_selective_curve,random_forest,0.1,0.0,101,101,0,1.0,1.0,0.8571428571428571,1.0,0.0,False,True,3.0,train_only_sigmoid_cv
random,seed_20268993,120,validation,family_selective_curve,random_forest,0.15,0.0,101,101,0,1.0,1.0,0.8571428571428571,1.0,0.0,False,True,3.0,train_only_sigmoid_cv
random,seed_20268993,120,validation,family_selective_curve,random_forest,0.2,0.0,101,101,0,1.0,1.0,0.8571428571428571,1.0,0.0,False,True,3.0,train_only_sigmoid_cv
random,seed_20268993,120,validation,family_selective_curve,random_forest,0.25,0.0,101,101,0,1.0,1.0,0.8571428571428571,1.0,0.0,False,True,3.0,train_only_sigmoid_cv
random,seed_20268993,120,validation,family_selective_curve,random_forest,0.3,0.0,101,101,0,1.0,1.0,0.8571428571428571,1.0,0.0,False,True,3.0,train_only_sigmoid_cv
random,seed_20268993,120,validation,family_selective_curve,random_forest,0.35,0.0,101,101,0,1.0,1.0,0.8571428571428571,1.0,0.0,False,True,3.0,train_only_sigmoid_cv
random,seed_20268993,120,validation,family_selective_curve,random_forest,0.4,0.0,101,101,0,1.0,1.0,0.8571428571428571,1.0,0.0,False,True,3.0,train_only_sigmoid_cv
random,seed_20268993,120,validation,family_selective_curve,random_forest,0.45,0.0,101,101,0,1.0,1.0,0.8571428571428571,1.0,0.0,False,True,3.0,train_only_sigmoid_cv
random,seed_20268993,120,validation,family_selective_curve,random_forest,0.5,0.0,101,101,0,1.0,1.0,0.8571428571428571,1.0,0.0,False,True,3.0,train_only_sigmoid_cv
random,seed_20268993,120,validation,family_selective_curve,random_forest,0.55,0.0,101,101,0,1.0,1.0,0.8571428571428571,1.0,0.0,False,True,3.0,train_only_sigmoid_cv
random,seed_20268993,120,validation,family_selective_curve,random_forest,0.6,0.0,101,101,0,1.0,1.0,0.8571428571428571,1.0,0.0,False,True,3.0,train_only_sigmoid_cv
random,seed_20268993,120,validation,family_selective_curve,random_forest,0.65,0.0,101,101,0,1.0,1.0,0.8571428571428571,1.0,0.0,False,True,3.0,train_only_sigmoid_cv
random,seed_20268993,120,validation,family_selective_curve,random_forest,0.7,0.0,101,101,0,1.0,1.0,0.8571428571428571,1.0,0.0,False,True,3.0,train_only_sigmoid_cv
random,seed_20268993,120,validation,family_selective_curve,random_forest,0.75,0.0,101,101,0,1.0,1.0,0.8571428571428571,1.0,0.0,False,True,3.0,train_only_sigmoid_cv
random,seed_20268993,120,validation,family_selective_curve,random_forest,0.8,0.0,101,101,0,1.0,1.0,0.8571428571428571,1.0,0.0,False,True,3.0,train_only_sigmoid_cv
random,seed_20268993,120,validation,family_selective_curve,random_forest,0.85,0.0,101,100,1,0.9900990099009901,1.0,0.8571428571428571,1.0,0.0,False,True,3.0,train_only_sigmoid_cv
random,seed_20268993,120,validation,family_selective_curve,random_forest,0.9,0.0,101,98,3,0.9702970297029703,1.0,0.8571428571428571,1.0,0.0,False,True,3.0,train_only_sigmoid_cv
random,seed_20268993,120,validation,family_selective_curve,random_forest,0.95,0.0,101,0,101,0.0,,,,,False,True,3.0,train_only_sigmoid_cv
random,seed_20268993,120,test,forced_family,random_forest,0.0,0.0,101,101,0,1.0,0.9801980198019802,0.8364666013606438,0.9708141321044547,0.01980198019801982,True,False,3.0,train_only_sigmoid_cv
random,seed_20268993,120,test,family_selective,random_forest,0.0,0.0,101,101,0,1.0,0.9801980198019802,0.8364666013606438,0.9708141321044547,0.01980198019801982,True,False,3.0,train_only_sigmoid_cv
random,seed_20268993,120,test,family_selective_curve,random_forest,0.0,0.0,101,101,0,1.0,0.9801980198019802,0.8364666013606438,0.9708141321044547,0.01980198019801982,True,True,3.0,train_only_sigmoid_cv
random,seed_20268993,120,test,family_selective_curve,random_forest,0.05,0.0,101,101,0,1.0,0.9801980198019802,0.8364666013606438,0.9708141321044547,0.01980198019801982,False,True,3.0,train_only_sigmoid_cv
random,seed_20268993,120,test,family_selective_curve,random_forest,0.1,0.0,101,101,0,1.0,0.9801980198019802,0.8364666013606438,0.9708141321044547,0.01980198019801982,False,True,3.0,train_only_sigmoid_cv
random,seed_20268993,120,test,family_selective_curve,random_forest,0.15,0.0,101,101,0,1.0,0.9801980198019802,0.8364666013606438,0.9708141321044547,0.01980198019801982,False,True,3.0,train_only_sigmoid_cv
random,seed_20268993,120,test,family_selective_curve,random_forest,0.2,0.0,101,101,0,1.0,0.9801980198019802,0.8364666013606438,0.9708141321044547,0.01980198019801982,False,True,3.0,train_only_sigmoid_cv
random,seed_20268993,120,test,family_selective_curve,random_forest,0.25,0.0,101,101,0,1.0,0.9801980198019802,0.8364666013606438,0.9708141321044547,0.01980198019801982,False,True,3.0,train_only_sigmoid_cv
random,seed_20268993,120,test,family_selective_curve,random_forest,0.3,0.0,101,101,0,1.0,0.9801980198019802,0.8364666013606438,0.9708141321044547,0.01980198019801982,False,True,3.0,train_only_sigmoid_cv
random,seed_20268993,120,test,family_selective_curve,random_forest,0.35,0.0,101,101,0,1.0,0.9801980198019802,0.8364666013606438,0.9708141321044547,0.01980198019801982,False,True,3.0,train_only_sigmoid_cv
random,seed_20268993,120,test,family_selective_curve,random_forest,0.4,0.0,101,101,0,1.0,0.9801980198019802,0.8364666013606438,0.9708141321044547,0.01980198019801982,False,True,3.0,train_only_sigmoid_cv
random,seed_20268993,120,test,family_selective_curve,random_forest,0.45,0.0,101,101,0,1.0,0.9801980198019802,0.8364666013606438,0.9708141321044547,0.01980198019801982,False,True,3.0,train_only_sigmoid_cv
random,seed_20268993,120,test,family_selective_curve,random_forest,0.5,0.0,101,99,2,0.9801980198019802,0.98989898989899,0.8513166162106586,0.9946236559139785,0.010101010101010055,False,True,3.0,train_only_sigmoid_cv
random,seed_20268993,120,test,family_selective_curve,random_forest,0.55,0.0,101,99,2,0.9801980198019802,0.98989898989899,0.8513166162106586,0.9946236559139785,0.010101010101010055,False,True,3.0,train_only_sigmoid_cv
random,seed_20268993,120,test,family_selective_curve,random_forest,0.6,0.0,101,98,3,0.9702970297029703,0.9897959183673469,0.8513166162106586,0.9946236559139785,0.010204081632653073,False,True,3.0,train_only_sigmoid_cv
random,seed_20268993,120,test,family_selective_curve,random_forest,0.65,0.0,101,98,3,0.9702970297029703,0.9897959183673469,0.8513166162106586,0.9946236559139785,0.010204081632653073,False,True,3.0,train_only_sigmoid_cv
random,seed_20268993,120,test,family_selective_curve,random_forest,0.7,0.0,101,98,3,0.9702970297029703,0.9897959183673469,0.8513166162106586,0.9946236559139785,0.010204081632653073,False,True,3.0,train_only_sigmoid_cv
random,seed_20268993,120,test,family_selective_curve,random_forest,0.75,0.0,101,98,3,0.9702970297029703,0.9897959183673469,0.8513166162106586,0.9946236559139785,0.010204081632653073,False,True,3.0,train_only_sigmoid_cv
random,seed_20268993,120,test,family_selective_curve,random_forest,0.8,0.0,101,98,3,0.9702970297029703,0.9897959183673469,0.8513166162106586,0.9946236559139785,0.010204081632653073,False,True,3.0,train_only_sigmoid_cv
random,seed_20268993,120,test,family_selective_curve,random_forest,0.85,0.0,101,96,5,0.9504950495049505,1.0,0.8571428571428571,1.0,0.0,False,True,3.0,train_only_sigmoid_cv
random,seed_20268993,120,test,family_selective_curve,random_forest,0.9,0.0,101,92,9,0.9108910891089109,1.0,0.8571428571428571,1.0,0.0,False,True,3.0,train_only_sigmoid_cv
random,seed_20268993,120,test,family_selective_curve,random_forest,0.95,0.0,101,0,101,0.0,,,,,False,True,3.0,train_only_sigmoid_cv
random,seed_20270002,120,validation,forced_family,random_forest,0.0,0.5,101,101,0,1.0,0.9900990099009901,0.8505462791177077,0.9901960784313726,0.00990099009900991,False,False,3.0,train_only_sigmoid_cv
random,seed_20270002,120,validation,family_selective,random_forest,0.5,0.5,101,100,1,0.9900990099009901,1.0,0.8571428571428571,1.0,0.0,False,False,3.0,train_only_sigmoid_cv
random,seed_20270002,120,validation,family_selective_curve,random_forest,0.0,0.5,101,101,0,1.0,0.9900990099009901,0.8505462791177077,0.9901960784313726,0.00990099009900991,False,True,3.0,train_only_sigmoid_cv
random,seed_20270002,120,validation,family_selective_curve,random_forest,0.05,0.5,101,101,0,1.0,0.9900990099009901,0.8505462791177077,0.9901960784313726,0.00990099009900991,False,True,3.0,train_only_sigmoid_cv
random,seed_20270002,120,validation,family_selective_curve,random_forest,0.1,0.5,101,101,0,1.0,0.9900990099009901,0.8505462791177077,0.9901960784313726,0.00990099009900991,False,True,3.0,train_only_sigmoid_cv
random,seed_20270002,120,validation,family_selective_curve,random_forest,0.15,0.5,101,101,0,1.0,0.9900990099009901,0.8505462791177077,0.9901960784313726,0.00990099009900991,False,True,3.0,train_only_sigmoid_cv
random,seed_20270002,120,validation,family_selective_curve,random_forest,0.2,0.5,101,101,0,1.0,0.9900990099009901,0.8505462791177077,0.9901960784313726,0.00990099009900991,False,True,3.0,train_only_sigmoid_cv
random,seed_20270002,120,validation,family_selective_curve,random_forest,0.25,0.5,101,101,0,1.0,0.9900990099009901,0.8505462791177077,0.9901960784313726,0.00990099009900991,False,True,3.0,train_only_sigmoid_cv
random,seed_20270002,120,validation,family_selective_curve,random_forest,0.3,0.5,101,101,0,1.0,0.9900990099009901,0.8505462791177077,0.9901960784313726,0.00990099009900991,False,True,3.0,train_only_sigmoid_cv
random,seed_20270002,120,validation,family_selective_curve,random_forest,0.35,0.5,101,101,0,1.0,0.9900990099009901,0.8505462791177077,0.9901960784313726,0.00990099009900991,False,True,3.0,train_only_sigmoid_cv
random,seed_20270002,120,validation,family_selective_curve,random_forest,0.4,0.5,101,101,0,1.0,0.9900990099009901,0.8505462791177077,0.9901960784313726,0.00990099009900991,False,True,3.0,train_only_sigmoid_cv
random,seed_20270002,120,validation,family_selective_curve,random_forest,0.45,0.5,101,101,0,1.0,0.9900990099009901,0.8505462791177077,0.9901960784313726,0.00990099009900991,False,True,3.0,train_only_sigmoid_cv
random,seed_20270002,120,validation,family_selective_curve,random_forest,0.5,0.5,101,100,1,0.9900990099009901,1.0,0.8571428571428571,1.0,0.0,False,True,3.0,train_only_sigmoid_cv
random,seed_20270002,120,validation,family_selective_curve,random_forest,0.55,0.5,101,100,1,0.9900990099009901,1.0,0.8571428571428571,1.0,0.0,False,True,3.0,train_only_sigmoid_cv
random,seed_20270002,120,validation,family_selective_curve,random_forest,0.6,0.5,101,100,1,0.9900990099009901,1.0,0.8571428571428571,1.0,0.0,False,True,3.0,train_only_sigmoid_cv
random,seed_20270002,120,validation,family_selective_curve,random_forest,0.65,0.5,101,100,1,0.9900990099009901,1.0,0.8571428571428571,1.0,0.0,False,True,3.0,train_only_sigmoid_cv
random,seed_20270002,120,validation,family_selective_curve,random_forest,0.7,0.5,101,99,2,0.9801980198019802,1.0,0.8571428571428571,1.0,0.0,False,True,3.0,train_only_sigmoid_cv
random,seed_20270002,120,validation,family_selective_curve,random_forest,0.75,0.5,101,99,2,0.9801980198019802,1.0,0.8571428571428571,1.0,0.0,False,True,3.0,train_only_sigmoid_cv
random,seed_20270002,120,validation,family_selective_curve,random_forest,0.8,0.5,101,99,2,0.9801980198019802,1.0,0.8571428571428571,1.0,0.0,False,True,3.0,train_only_sigmoid_cv
random,seed_20270002,120,validation,family_selective_curve,random_forest,0.85,0.5,101,99,2,0.9801980198019802,1.0,0.8571428571428571,1.0,0.0,False,True,3.0,train_only_sigmoid_cv
random,seed_20270002,120,validation,family_selective_curve,random_forest,0.9,0.5,101,97,4,0.9603960396039604,1.0,0.8571428571428571,1.0,0.0,False,True,3.0,train_only_sigmoid_cv
random,seed_20270002,120,validation,family_selective_curve,random_forest,0.95,0.5,101,0,101,0.0,,,,,False,True,3.0,train_only_sigmoid_cv
random,seed_20270002,120,test,forced_family,random_forest,0.0,0.5,101,101,0,1.0,0.9801980198019802,0.8272047557761845,0.9523809523809524,0.01980198019801982,True,False,3.0,train_only_sigmoid_cv
random,seed_20270002,120,test,family_selective,random_forest,0.5,0.5,101,100,1,0.9900990099009901,0.99,0.841888270459699,0.9722222222222223,0.010000000000000009,True,False,3.0,train_only_sigmoid_cv
random,seed_20270002,120,test,family_selective_curve,random_forest,0.0,0.5,101,101,0,1.0,0.9801980198019802,0.8272047557761845,0.9523809523809524,0.01980198019801982,False,True,3.0,train_only_sigmoid_cv
random,seed_20270002,120,test,family_selective_curve,random_forest,0.05,0.5,101,101,0,1.0,0.9801980198019802,0.8272047557761845,0.9523809523809524,0.01980198019801982,False,True,3.0,train_only_sigmoid_cv
random,seed_20270002,120,test,family_selective_curve,random_forest,0.1,0.5,101,101,0,1.0,0.9801980198019802,0.8272047557761845,0.9523809523809524,0.01980198019801982,False,True,3.0,train_only_sigmoid_cv
random,seed_20270002,120,test,family_selective_curve,random_forest,0.15,0.5,101,101,0,1.0,0.9801980198019802,0.8272047557761845,0.9523809523809524,0.01980198019801982,False,True,3.0,train_only_sigmoid_cv
random,seed_20270002,120,test,family_selective_curve,random_forest,0.2,0.5,101,101,0,1.0,0.9801980198019802,0.8272047557761845,0.9523809523809524,0.01980198019801982,False,True,3.0,train_only_sigmoid_cv
random,seed_20270002,120,test,family_selective_curve,random_forest,0.25,0.5,101,101,0,1.0,0.9801980198019802,0.8272047557761845,0.9523809523809524,0.01980198019801982,False,True,3.0,train_only_sigmoid_cv
random,seed_20270002,120,test,family_selective_curve,random_forest,0.3,0.5,101,101,0,1.0,0.9801980198019802,0.8272047557761845,0.9523809523809524,0.01980198019801982,False,True,3.0,train_only_sigmoid_cv
random,seed_20270002,120,test,family_selective_curve,random_forest,0.35,0.5,101,101,0,1.0,0.9801980198019802,0.8272047557761845,0.9523809523809524,0.01980198019801982,False,True,3.0,train_only_sigmoid_cv
random,seed_20270002,120,test,family_selective_curve,random_forest,0.4,0.5,101,101,0,1.0,0.9801980198019802,0.8272047557761845,0.9523809523809524,0.01980198019801982,False,True,3.0,train_only_sigmoid_cv
random,seed_20270002,120,test,family_selective_curve,random_forest,0.45,0.5,101,100,1,0.9900990099009901,0.99,0.841888270459699,0.9722222222222223,0.010000000000000009,False,True,3.0,train_only_sigmoid_cv
random,seed_20270002,120,test,family_selective_curve,random_forest,0.5,0.5,101,100,1,0.9900990099009901,0.99,0.841888270459699,0.9722222222222223,0.010000000000000009,True,True,3.0,train_only_sigmoid_cv
random,seed_20270002,120,test,family_selective_curve,random_forest,0.55,0.5,101,99,2,0.9801980198019802,0.98989898989899,0.8418139237811368,0.9722222222222223,0.010101010101010055,False,True,3.0,train_only_sigmoid_cv
random,seed_20270002,120,test,family_selective_curve,random_forest,0.6,0.5,101,98,3,0.9702970297029703,0.9897959183673469,0.8417345366497909,0.9722222222222223,0.010204081632653073,False,True,3.0,train_only_sigmoid_cv
random,seed_20270002,120,test,family_selective_curve,random_forest,0.65,0.5,101,97,4,0.9603960396039604,1.0,0.8571428571428571,1.0,0.0,False,True,3.0,train_only_sigmoid_cv
random,seed_20270002,120,test,family_selective_curve,random_forest,0.7,0.5,101,97,4,0.9603960396039604,1.0,0.8571428571428571,1.0,0.0,False,True,3.0,train_only_sigmoid_cv
random,seed_20270002,120,test,family_selective_curve,random_forest,0.75,0.5,101,97,4,0.9603960396039604,1.0,0.8571428571428571,1.0,0.0,False,True,3.0,train_only_sigmoid_cv
random,seed_20270002,120,test,family_selective_curve,random_forest,0.8,0.5,101,97,4,0.9603960396039604,1.0,0.8571428571428571,1.0,0.0,False,True,3.0,train_only_sigmoid_cv
random,seed_20270002,120,test,family_selective_curve,random_forest,0.85,0.5,101,97,4,0.9603960396039604,1.0,0.8571428571428571,1.0,0.0,False,True,3.0,train_only_sigmoid_cv
random,seed_20270002,120,test,family_selective_curve,random_forest,0.9,0.5,101,91,10,0.900990099009901,1.0,0.8571428571428571,1.0,0.0,False,True,3.0,train_only_sigmoid_cv
random,seed_20270002,120,test,family_selective_curve,random_forest,0.95,0.5,101,0,101,0.0,,,,,False,True,3.0,train_only_sigmoid_cv
severity_blocked,low_block,120,validation,forced_family,hist_gradient_boosting,0.0,0.0,78,78,0,1.0,1.0,0.8571428571428571,1.0,0.0,False,False,3.0,train_only_sigmoid_cv
severity_blocked,low_block,120,validation,family_selective,hist_gradient_boosting,0.0,0.0,78,78,0,1.0,1.0,0.8571428571428571,1.0,0.0,False,False,3.0,train_only_sigmoid_cv
severity_blocked,low_block,120,validation,family_selective_curve,hist_gradient_boosting,0.0,0.0,78,78,0,1.0,1.0,0.8571428571428571,1.0,0.0,False,True,3.0,train_only_sigmoid_cv
severity_blocked,low_block,120,validation,family_selective_curve,hist_gradient_boosting,0.05,0.0,78,78,0,1.0,1.0,0.8571428571428571,1.0,0.0,False,True,3.0,train_only_sigmoid_cv
severity_blocked,low_block,120,validation,family_selective_curve,hist_gradient_boosting,0.1,0.0,78,78,0,1.0,1.0,0.8571428571428571,1.0,0.0,False,True,3.0,train_only_sigmoid_cv
severity_blocked,low_block,120,validation,family_selective_curve,hist_gradient_boosting,0.15,0.0,78,78,0,1.0,1.0,0.8571428571428571,1.0,0.0,False,True,3.0,train_only_sigmoid_cv
severity_blocked,low_block,120,validation,family_selective_curve,hist_gradient_boosting,0.2,0.0,78,78,0,1.0,1.0,0.8571428571428571,1.0,0.0,False,True,3.0,train_only_sigmoid_cv
severity_blocked,low_block,120,validation,family_selective_curve,hist_gradient_boosting,0.25,0.0,78,78,0,1.0,1.0,0.8571428571428571,1.0,0.0,False,True,3.0,train_only_sigmoid_cv
severity_blocked,low_block,120,validation,family_selective_curve,hist_gradient_boosting,0.3,0.0,78,78,0,1.0,1.0,0.8571428571428571,1.0,0.0,False,True,3.0,train_only_sigmoid_cv
severity_blocked,low_block,120,validation,family_selective_curve,hist_gradient_boosting,0.35,0.0,78,78,0,1.0,1.0,0.8571428571428571,1.0,0.0,False,True,3.0,train_only_sigmoid_cv
severity_blocked,low_block,120,validation,family_selective_curve,hist_gradient_boosting,0.4,0.0,78,78,0,1.0,1.0,0.8571428571428571,1.0,0.0,False,True,3.0,train_only_sigmoid_cv
severity_blocked,low_block,120,validation,family_selective_curve,hist_gradient_boosting,0.45,0.0,78,78,0,1.0,1.0,0.8571428571428571,1.0,0.0,False,True,3.0,train_only_sigmoid_cv
severity_blocked,low_block,120,validation,family_selective_curve,hist_gradient_boosting,0.5,0.0,78,78,0,1.0,1.0,0.8571428571428571,1.0,0.0,False,True,3.0,train_only_sigmoid_cv
severity_blocked,low_block,120,validation,family_selective_curve,hist_gradient_boosting,0.55,0.0,78,78,0,1.0,1.0,0.8571428571428571,1.0,0.0,False,True,3.0,train_only_sigmoid_cv
severity_blocked,low_block,120,validation,family_selective_curve,hist_gradient_boosting,0.6,0.0,78,78,0,1.0,1.0,0.8571428571428571,1.0,0.0,False,True,3.0,train_only_sigmoid_cv
severity_blocked,low_block,120,validation,family_selective_curve,hist_gradient_boosting,0.65,0.0,78,78,0,1.0,1.0,0.8571428571428571,1.0,0.0,False,True,3.0,train_only_sigmoid_cv
severity_blocked,low_block,120,validation,family_selective_curve,hist_gradient_boosting,0.7,0.0,78,78,0,1.0,1.0,0.8571428571428571,1.0,0.0,False,True,3.0,train_only_sigmoid_cv
severity_blocked,low_block,120,validation,family_selective_curve,hist_gradient_boosting,0.75,0.0,78,78,0,1.0,1.0,0.8571428571428571,1.0,0.0,False,True,3.0,train_only_sigmoid_cv
severity_blocked,low_block,120,validation,family_selective_curve,hist_gradient_boosting,0.8,0.0,78,78,0,1.0,1.0,0.8571428571428571,1.0,0.0,False,True,3.0,train_only_sigmoid_cv
severity_blocked,low_block,120,validation,family_selective_curve,hist_gradient_boosting,0.85,0.0,78,77,1,0.9871794871794872,1.0,0.8571428571428571,1.0,0.0,False,True,3.0,train_only_sigmoid_cv
severity_blocked,low_block,120,validation,family_selective_curve,hist_gradient_boosting,0.9,0.0,78,58,20,0.7435897435897436,1.0,0.7142857142857143,1.0,0.0,False,True,3.0,train_only_sigmoid_cv
severity_blocked,low_block,120,validation,family_selective_curve,hist_gradient_boosting,0.95,0.0,78,0,78,0.0,,,,,False,True,3.0,train_only_sigmoid_cv
severity_blocked,low_block,120,test,forced_family,hist_gradient_boosting,0.0,0.0,103,103,0,1.0,0.7572815533980582,0.6152070283774128,0.8049768518518517,0.24271844660194175,True,False,3.0,train_only_sigmoid_cv
severity_blocked,low_block,120,test,family_selective,hist_gradient_boosting,0.0,0.0,103,103,0,1.0,0.7572815533980582,0.6152070283774128,0.8049768518518517,0.24271844660194175,True,False,3.0,train_only_sigmoid_cv
severity_blocked,low_block,120,test,family_selective_curve,hist_gradient_boosting,0.0,0.0,103,103,0,1.0,0.7572815533980582,0.6152070283774128,0.8049768518518517,0.24271844660194175,True,True,3.0,train_only_sigmoid_cv
severity_blocked,low_block,120,test,family_selective_curve,hist_gradient_boosting,0.05,0.0,103,103,0,1.0,0.7572815533980582,0.6152070283774128,0.8049768518518517,0.24271844660194175,False,True,3.0,train_only_sigmoid_cv
severity_blocked,low_block,120,test,family_selective_curve,hist_gradient_boosting,0.1,0.0,103,103,0,1.0,0.7572815533980582,0.6152070283774128,0.8049768518518517,0.24271844660194175,False,True,3.0,train_only_sigmoid_cv
severity_blocked,low_block,120,test,family_selective_curve,hist_gradient_boosting,0.15,0.0,103,103,0,1.0,0.7572815533980582,0.6152070283774128,0.8049768518518517,0.24271844660194175,False,True,3.0,train_only_sigmoid_cv
severity_blocked,low_block,120,test,family_selective_curve,hist_gradient_boosting,0.2,0.0,103,103,0,1.0,0.7572815533980582,0.6152070283774128,0.8049768518518517,0.24271844660194175,False,True,3.0,train_only_sigmoid_cv
severity_blocked,low_block,120,test,family_selective_curve,hist_gradient_boosting,0.25,0.0,103,103,0,1.0,0.7572815533980582,0.6152070283774128,0.8049768518518517,0.24271844660194175,False,True,3.0,train_only_sigmoid_cv
severity_blocked,low_block,120,test,family_selective_curve,hist_gradient_boosting,0.3,0.0,103,103,0,1.0,0.7572815533980582,0.6152070283774128,0.8049768518518517,0.24271844660194175,False,True,3.0,train_only_sigmoid_cv
severity_blocked,low_block,120,test,family_selective_curve,hist_gradient_boosting,0.35,0.0,103,100,3,0.970873786407767,0.78,0.6302158225927733,0.8086805555555555,0.21999999999999997,False,True,3.0,train_only_sigmoid_cv
severity_blocked,low_block,120,test,family_selective_curve,hist_gradient_boosting,0.4,0.0,103,96,7,0.9320388349514563,0.8125,0.65454443515668,0.8167613636363636,0.1875,False,True,3.0,train_only_sigmoid_cv
severity_blocked,low_block,120,test,family_selective_curve,hist_gradient_boosting,0.45,0.0,103,96,7,0.9320388349514563,0.8125,0.65454443515668,0.8167613636363636,0.1875,False,True,3.0,train_only_sigmoid_cv
severity_blocked,low_block,120,test,family_selective_curve,hist_gradient_boosting,0.5,0.0,103,94,9,0.912621359223301,0.8297872340425532,0.6638530893850042,0.8247474747474747,0.17021276595744683,False,True,3.0,train_only_sigmoid_cv
severity_blocked,low_block,120,test,family_selective_curve,hist_gradient_boosting,0.55,0.0,103,85,18,0.8252427184466019,0.8235294117647058,0.6606331388940084,0.816017316017316,0.17647058823529416,False,True,3.0,train_only_sigmoid_cv
severity_blocked,low_block,120,test,family_selective_curve,hist_gradient_boosting,0.6,0.0,103,72,31,0.6990291262135923,0.9583333333333334,0.8079438226903665,0.9236111111111112,0.04166666666666663,False,True,3.0,train_only_sigmoid_cv
severity_blocked,low_block,120,test,family_selective_curve,hist_gradient_boosting,0.65,0.0,103,69,34,0.6699029126213593,0.9710144927536232,0.6979591836734694,0.975,0.02898550724637683,False,True,3.0,train_only_sigmoid_cv
severity_blocked,low_block,120,test,family_selective_curve,hist_gradient_boosting,0.7,0.0,103,68,35,0.6601941747572816,0.9705882352941176,0.697278911564626,0.9733333333333334,0.02941176470588236,False,True,3.0,train_only_sigmoid_cv
severity_blocked,low_block,120,test,family_selective_curve,hist_gradient_boosting,0.75,0.0,103,67,36,0.6504854368932039,0.9850746268656716,0.7055103884372177,0.9857142857142858,0.014925373134328401,False,True,3.0,train_only_sigmoid_cv
severity_blocked,low_block,120,test,family_selective_curve,hist_gradient_boosting,0.8,0.0,103,66,37,0.6407766990291263,0.9848484848484849,0.7050871080139373,0.9846153846153847,0.015151515151515138,False,True,3.0,train_only_sigmoid_cv
severity_blocked,low_block,120,test,family_selective_curve,hist_gradient_boosting,0.85,0.0,103,65,38,0.6310679611650486,1.0,0.7142857142857143,1.0,0.0,False,True,3.0,train_only_sigmoid_cv
severity_blocked,low_block,120,test,family_selective_curve,hist_gradient_boosting,0.9,0.0,103,64,39,0.6213592233009708,1.0,0.7142857142857143,1.0,0.0,False,True,3.0,train_only_sigmoid_cv
severity_blocked,low_block,120,test,family_selective_curve,hist_gradient_boosting,0.95,0.0,103,0,103,0.0,,,,,False,True,3.0,train_only_sigmoid_cv
severity_blocked,middle_block,120,validation,forced_family,hist_gradient_boosting,0.0,0.5,77,77,0,1.0,0.974025974025974,0.8135870111591436,0.9333333333333332,0.025974025974025983,False,False,3.0,train_only_sigmoid_cv
severity_blocked,middle_block,120,validation,family_selective,hist_gradient_boosting,0.5,0.5,77,71,6,0.922077922077922,1.0,0.8571428571428571,1.0,0.0,False,False,3.0,train_only_sigmoid_cv
severity_blocked,middle_block,120,validation,family_selective_curve,hist_gradient_boosting,0.0,0.5,77,77,0,1.0,0.974025974025974,0.8135870111591436,0.9333333333333332,0.025974025974025983,False,True,3.0,train_only_sigmoid_cv
severity_blocked,middle_block,120,validation,family_selective_curve,hist_gradient_boosting,0.05,0.5,77,77,0,1.0,0.974025974025974,0.8135870111591436,0.9333333333333332,0.025974025974025983,False,True,3.0,train_only_sigmoid_cv
severity_blocked,middle_block,120,validation,family_selective_curve,hist_gradient_boosting,0.1,0.5,77,77,0,1.0,0.974025974025974,0.8135870111591436,0.9333333333333332,0.025974025974025983,False,True,3.0,train_only_sigmoid_cv
severity_blocked,middle_block,120,validation,family_selective_curve,hist_gradient_boosting,0.15,0.5,77,77,0,1.0,0.974025974025974,0.8135870111591436,0.9333333333333332,0.025974025974025983,False,True,3.0,train_only_sigmoid_cv
severity_blocked,middle_block,120,validation,family_selective_curve,hist_gradient_boosting,0.2,0.5,77,77,0,1.0,0.974025974025974,0.8135870111591436,0.9333333333333332,0.025974025974025983,False,True,3.0,train_only_sigmoid_cv
severity_blocked,middle_block,120,validation,family_selective_curve,hist_gradient_boosting,0.25,0.5,77,77,0,1.0,0.974025974025974,0.8135870111591436,0.9333333333333332,0.025974025974025983,False,True,3.0,train_only_sigmoid_cv
severity_blocked,middle_block,120,validation,family_selective_curve,hist_gradient_boosting,0.3,0.5,77,77,0,1.0,0.974025974025974,0.8135870111591436,0.9333333333333332,0.025974025974025983,False,True,3.0,train_only_sigmoid_cv
severity_blocked,middle_block,120,validation,family_selective_curve,hist_gradient_boosting,0.35,0.5,77,76,1,0.987012987012987,0.9736842105263158,0.8016822492543815,0.9166666666666666,0.02631578947368418,False,True,3.0,train_only_sigmoid_cv
severity_blocked,middle_block,120,validation,family_selective_curve,hist_gradient_boosting,0.4,0.5,77,75,2,0.974025974025974,0.9866666666666667,0.8236453201970443,0.9444444444444443,0.013333333333333308,False,True,3.0,train_only_sigmoid_cv
severity_blocked,middle_block,120,validation,family_selective_curve,hist_gradient_boosting,0.45,0.5,77,75,2,0.974025974025974,0.9866666666666667,0.8236453201970443,0.9444444444444443,0.013333333333333308,False,True,3.0,train_only_sigmoid_cv
severity_blocked,middle_block,120,validation,family_selective_curve,hist_gradient_boosting,0.5,0.5,77,71,6,0.922077922077922,1.0,0.8571428571428571,1.0,0.0,False,True,3.0,train_only_sigmoid_cv
severity_blocked,middle_block,120,validation,family_selective_curve,hist_gradient_boosting,0.55,0.5,77,71,6,0.922077922077922,1.0,0.8571428571428571,1.0,0.0,False,True,3.0,train_only_sigmoid_cv
severity_blocked,middle_block,120,validation,family_selective_curve,hist_gradient_boosting,0.6,0.5,77,71,6,0.922077922077922,1.0,0.8571428571428571,1.0,0.0,False,True,3.0,train_only_sigmoid_cv
severity_blocked,middle_block,120,validation,family_selective_curve,hist_gradient_boosting,0.65,0.5,77,70,7,0.9090909090909091,1.0,0.8571428571428571,1.0,0.0,False,True,3.0,train_only_sigmoid_cv
severity_blocked,middle_block,120,validation,family_selective_curve,hist_gradient_boosting,0.7,0.5,77,68,9,0.8831168831168831,1.0,0.8571428571428571,1.0,0.0,False,True,3.0,train_only_sigmoid_cv
severity_blocked,middle_block,120,validation,family_selective_curve,hist_gradient_boosting,0.75,0.5,77,68,9,0.8831168831168831,1.0,0.8571428571428571,1.0,0.0,False,True,3.0,train_only_sigmoid_cv
severity_blocked,middle_block,120,validation,family_selective_curve,hist_gradient_boosting,0.8,0.5,77,67,10,0.8701298701298701,1.0,0.7142857142857143,1.0,0.0,False,True,3.0,train_only_sigmoid_cv
severity_blocked,middle_block,120,validation,family_selective_curve,hist_gradient_boosting,0.85,0.5,77,67,10,0.8701298701298701,1.0,0.7142857142857143,1.0,0.0,False,True,3.0,train_only_sigmoid_cv
severity_blocked,middle_block,120,validation,family_selective_curve,hist_gradient_boosting,0.9,0.5,77,41,36,0.5324675324675324,1.0,0.5714285714285714,1.0,0.0,False,True,3.0,train_only_sigmoid_cv
severity_blocked,middle_block,120,validation,family_selective_curve,hist_gradient_boosting,0.95,0.5,77,0,77,0.0,,,,,False,True,3.0,train_only_sigmoid_cv
severity_blocked,middle_block,120,test,forced_family,hist_gradient_boosting,0.0,0.5,103,103,0,1.0,1.0,0.8571428571428571,1.0,0.0,True,False,3.0,train_only_sigmoid_cv
severity_blocked,middle_block,120,test,family_selective,hist_gradient_boosting,0.5,0.5,103,103,0,1.0,1.0,0.8571428571428571,1.0,0.0,True,False,3.0,train_only_sigmoid_cv
severity_blocked,middle_block,120,test,family_selective_curve,hist_gradient_boosting,0.0,0.5,103,103,0,1.0,1.0,0.8571428571428571,1.0,0.0,False,True,3.0,train_only_sigmoid_cv
severity_blocked,middle_block,120,test,family_selective_curve,hist_gradient_boosting,0.05,0.5,103,103,0,1.0,1.0,0.8571428571428571,1.0,0.0,False,True,3.0,train_only_sigmoid_cv
severity_blocked,middle_block,120,test,family_selective_curve,hist_gradient_boosting,0.1,0.5,103,103,0,1.0,1.0,0.8571428571428571,1.0,0.0,False,True,3.0,train_only_sigmoid_cv
severity_blocked,middle_block,120,test,family_selective_curve,hist_gradient_boosting,0.15,0.5,103,103,0,1.0,1.0,0.8571428571428571,1.0,0.0,False,True,3.0,train_only_sigmoid_cv
severity_blocked,middle_block,120,test,family_selective_curve,hist_gradient_boosting,0.2,0.5,103,103,0,1.0,1.0,0.8571428571428571,1.0,0.0,False,True,3.0,train_only_sigmoid_cv
severity_blocked,middle_block,120,test,family_selective_curve,hist_gradient_boosting,0.25,0.5,103,103,0,1.0,1.0,0.8571428571428571,1.0,0.0,False,True,3.0,train_only_sigmoid_cv
severity_blocked,middle_block,120,test,family_selective_curve,hist_gradient_boosting,0.3,0.5,103,103,0,1.0,1.0,0.8571428571428571,1.0,0.0,False,True,3.0,train_only_sigmoid_cv
severity_blocked,middle_block,120,test,family_selective_curve,hist_gradient_boosting,0.35,0.5,103,103,0,1.0,1.0,0.8571428571428571,1.0,0.0,False,True,3.0,train_only_sigmoid_cv
severity_blocked,middle_block,120,test,family_selective_curve,hist_gradient_boosting,0.4,0.5,103,103,0,1.0,1.0,0.8571428571428571,1.0,0.0,False,True,3.0,train_only_sigmoid_cv
severity_blocked,middle_block,120,test,family_selective_curve,hist_gradient_boosting,0.45,0.5,103,103,0,1.0,1.0,0.8571428571428571,1.0,0.0,False,True,3.0,train_only_sigmoid_cv
severity_blocked,middle_block,120,test,family_selective_curve,hist_gradient_boosting,0.5,0.5,103,103,0,1.0,1.0,0.8571428571428571,1.0,0.0,True,True,3.0,train_only_sigmoid_cv
severity_blocked,middle_block,120,test,family_selective_curve,hist_gradient_boosting,0.55,0.5,103,103,0,1.0,1.0,0.8571428571428571,1.0,0.0,False,True,3.0,train_only_sigmoid_cv
severity_blocked,middle_block,120,test,family_selective_curve,hist_gradient_boosting,0.6,0.5,103,103,0,1.0,1.0,0.8571428571428571,1.0,0.0,False,True,3.0,train_only_sigmoid_cv
severity_blocked,middle_block,120,test,family_selective_curve,hist_gradient_boosting,0.65,0.5,103,103,0,1.0,1.0,0.8571428571428571,1.0,0.0,False,True,3.0,train_only_sigmoid_cv
severity_blocked,middle_block,120,test,family_selective_curve,hist_gradient_boosting,0.7,0.5,103,103,0,1.0,1.0,0.8571428571428571,1.0,0.0,False,True,3.0,train_only_sigmoid_cv
severity_blocked,middle_block,120,test,family_selective_curve,hist_gradient_boosting,0.75,0.5,103,103,0,1.0,1.0,0.8571428571428571,1.0,0.0,False,True,3.0,train_only_sigmoid_cv
severity_blocked,middle_block,120,test,family_selective_curve,hist_gradient_boosting,0.8,0.5,103,103,0,1.0,1.0,0.8571428571428571,1.0,0.0,False,True,3.0,train_only_sigmoid_cv
severity_blocked,middle_block,120,test,family_selective_curve,hist_gradient_boosting,0.85,0.5,103,103,0,1.0,1.0,0.8571428571428571,1.0,0.0,False,True,3.0,train_only_sigmoid_cv
severity_blocked,middle_block,120,test,family_selective_curve,hist_gradient_boosting,0.9,0.5,103,91,12,0.883495145631068,1.0,0.7142857142857143,1.0,0.0,False,True,3.0,train_only_sigmoid_cv
severity_blocked,middle_block,120,test,family_selective_curve,hist_gradient_boosting,0.95,0.5,103,0,103,0.0,,,,,False,True,3.0,train_only_sigmoid_cv
severity_blocked,high_block,120,validation,forced_family,hist_gradient_boosting,0.0,0.0,78,78,0,1.0,1.0,0.8571428571428571,1.0,0.0,False,False,3.0,train_only_sigmoid_cv
severity_blocked,high_block,120,validation,family_selective,hist_gradient_boosting,0.0,0.0,78,78,0,1.0,1.0,0.8571428571428571,1.0,0.0,False,False,3.0,train_only_sigmoid_cv
severity_blocked,high_block,120,validation,family_selective_curve,hist_gradient_boosting,0.0,0.0,78,78,0,1.0,1.0,0.8571428571428571,1.0,0.0,False,True,3.0,train_only_sigmoid_cv
severity_blocked,high_block,120,validation,family_selective_curve,hist_gradient_boosting,0.05,0.0,78,78,0,1.0,1.0,0.8571428571428571,1.0,0.0,False,True,3.0,train_only_sigmoid_cv
severity_blocked,high_block,120,validation,family_selective_curve,hist_gradient_boosting,0.1,0.0,78,78,0,1.0,1.0,0.8571428571428571,1.0,0.0,False,True,3.0,train_only_sigmoid_cv
severity_blocked,high_block,120,validation,family_selective_curve,hist_gradient_boosting,0.15,0.0,78,78,0,1.0,1.0,0.8571428571428571,1.0,0.0,False,True,3.0,train_only_sigmoid_cv
severity_blocked,high_block,120,validation,family_selective_curve,hist_gradient_boosting,0.2,0.0,78,78,0,1.0,1.0,0.8571428571428571,1.0,0.0,False,True,3.0,train_only_sigmoid_cv
severity_blocked,high_block,120,validation,family_selective_curve,hist_gradient_boosting,0.25,0.0,78,78,0,1.0,1.0,0.8571428571428571,1.0,0.0,False,True,3.0,train_only_sigmoid_cv
severity_blocked,high_block,120,validation,family_selective_curve,hist_gradient_boosting,0.3,0.0,78,78,0,1.0,1.0,0.8571428571428571,1.0,0.0,False,True,3.0,train_only_sigmoid_cv
severity_blocked,high_block,120,validation,family_selective_curve,hist_gradient_boosting,0.35,0.0,78,78,0,1.0,1.0,0.8571428571428571,1.0,0.0,False,True,3.0,train_only_sigmoid_cv
severity_blocked,high_block,120,validation,family_selective_curve,hist_gradient_boosting,0.4,0.0,78,78,0,1.0,1.0,0.8571428571428571,1.0,0.0,False,True,3.0,train_only_sigmoid_cv
severity_blocked,high_block,120,validation,family_selective_curve,hist_gradient_boosting,0.45,0.0,78,78,0,1.0,1.0,0.8571428571428571,1.0,0.0,False,True,3.0,train_only_sigmoid_cv
severity_blocked,high_block,120,validation,family_selective_curve,hist_gradient_boosting,0.5,0.0,78,78,0,1.0,1.0,0.8571428571428571,1.0,0.0,False,True,3.0,train_only_sigmoid_cv
severity_blocked,high_block,120,validation,family_selective_curve,hist_gradient_boosting,0.55,0.0,78,77,1,0.9871794871794872,1.0,0.8571428571428571,1.0,0.0,False,True,3.0,train_only_sigmoid_cv
severity_blocked,high_block,120,validation,family_selective_curve,hist_gradient_boosting,0.6,0.0,78,76,2,0.9743589743589743,1.0,0.8571428571428571,1.0,0.0,False,True,3.0,train_only_sigmoid_cv
severity_blocked,high_block,120,validation,family_selective_curve,hist_gradient_boosting,0.65,0.0,78,73,5,0.9358974358974359,1.0,0.7142857142857143,1.0,0.0,False,True,3.0,train_only_sigmoid_cv
severity_blocked,high_block,120,validation,family_selective_curve,hist_gradient_boosting,0.7,0.0,78,73,5,0.9358974358974359,1.0,0.7142857142857143,1.0,0.0,False,True,3.0,train_only_sigmoid_cv
severity_blocked,high_block,120,validation,family_selective_curve,hist_gradient_boosting,0.75,0.0,78,68,10,0.8717948717948718,1.0,0.7142857142857143,1.0,0.0,False,True,3.0,train_only_sigmoid_cv
severity_blocked,high_block,120,validation,family_selective_curve,hist_gradient_boosting,0.8,0.0,78,68,10,0.8717948717948718,1.0,0.7142857142857143,1.0,0.0,False,True,3.0,train_only_sigmoid_cv
severity_blocked,high_block,120,validation,family_selective_curve,hist_gradient_boosting,0.85,0.0,78,51,27,0.6538461538461539,1.0,0.7142857142857143,1.0,0.0,False,True,3.0,train_only_sigmoid_cv
severity_blocked,high_block,120,validation,family_selective_curve,hist_gradient_boosting,0.9,0.0,78,0,78,0.0,,,,,False,True,3.0,train_only_sigmoid_cv
severity_blocked,high_block,120,validation,family_selective_curve,hist_gradient_boosting,0.95,0.0,78,0,78,0.0,,,,,False,True,3.0,train_only_sigmoid_cv
severity_blocked,high_block,120,test,forced_family,hist_gradient_boosting,0.0,0.0,103,103,0,1.0,0.970873786407767,0.8086386915655208,0.9285714285714285,0.029126213592232997,True,False,3.0,train_only_sigmoid_cv
severity_blocked,high_block,120,test,family_selective,hist_gradient_boosting,0.0,0.0,103,103,0,1.0,0.970873786407767,0.8086386915655208,0.9285714285714285,0.029126213592232997,True,False,3.0,train_only_sigmoid_cv
severity_blocked,high_block,120,test,family_selective_curve,hist_gradient_boosting,0.0,0.0,103,103,0,1.0,0.970873786407767,0.8086386915655208,0.9285714285714285,0.029126213592232997,True,True,3.0,train_only_sigmoid_cv
severity_blocked,high_block,120,test,family_selective_curve,hist_gradient_boosting,0.05,0.0,103,103,0,1.0,0.970873786407767,0.8086386915655208,0.9285714285714285,0.029126213592232997,False,True,3.0,train_only_sigmoid_cv
severity_blocked,high_block,120,test,family_selective_curve,hist_gradient_boosting,0.1,0.0,103,103,0,1.0,0.970873786407767,0.8086386915655208,0.9285714285714285,0.029126213592232997,False,True,3.0,train_only_sigmoid_cv
severity_blocked,high_block,120,test,family_selective_curve,hist_gradient_boosting,0.15,0.0,103,103,0,1.0,0.970873786407767,0.8086386915655208,0.9285714285714285,0.029126213592232997,False,True,3.0,train_only_sigmoid_cv
severity_blocked,high_block,120,test,family_selective_curve,hist_gradient_boosting,0.2,0.0,103,103,0,1.0,0.970873786407767,0.8086386915655208,0.9285714285714285,0.029126213592232997,False,True,3.0,train_only_sigmoid_cv
severity_blocked,high_block,120,test,family_selective_curve,hist_gradient_boosting,0.25,0.0,103,103,0,1.0,0.970873786407767,0.8086386915655208,0.9285714285714285,0.029126213592232997,False,True,3.0,train_only_sigmoid_cv
severity_blocked,high_block,120,test,family_selective_curve,hist_gradient_boosting,0.3,0.0,103,101,2,0.9805825242718447,0.9801980198019802,0.8153697653697654,0.9333333333333332,0.01980198019801982,False,True,3.0,train_only_sigmoid_cv
severity_blocked,high_block,120,test,family_selective_curve,hist_gradient_boosting,0.35,0.0,103,101,2,0.9805825242718447,0.9801980198019802,0.8153697653697654,0.9333333333333332,0.01980198019801982,False,True,3.0,train_only_sigmoid_cv
severity_blocked,high_block,120,test,family_selective_curve,hist_gradient_boosting,0.4,0.0,103,101,2,0.9805825242718447,0.9801980198019802,0.8153697653697654,0.9333333333333332,0.01980198019801982,False,True,3.0,train_only_sigmoid_cv
severity_blocked,high_block,120,test,family_selective_curve,hist_gradient_boosting,0.45,0.0,103,98,5,0.9514563106796117,0.9897959183673469,0.8056628056628057,0.9166666666666666,0.010204081632653073,False,True,3.0,train_only_sigmoid_cv
severity_blocked,high_block,120,test,family_selective_curve,hist_gradient_boosting,0.5,0.0,103,97,6,0.941747572815534,1.0,0.8571428571428571,1.0,0.0,False,True,3.0,train_only_sigmoid_cv
severity_blocked,high_block,120,test,family_selective_curve,hist_gradient_boosting,0.55,0.0,103,97,6,0.941747572815534,1.0,0.8571428571428571,1.0,0.0,False,True,3.0,train_only_sigmoid_cv
severity_blocked,high_block,120,test,family_selective_curve,hist_gradient_boosting,0.6,0.0,103,87,16,0.8446601941747572,1.0,0.7142857142857143,1.0,0.0,False,True,3.0,train_only_sigmoid_cv
severity_blocked,high_block,120,test,family_selective_curve,hist_gradient_boosting,0.65,0.0,103,86,17,0.8349514563106796,1.0,0.7142857142857143,1.0,0.0,False,True,3.0,train_only_sigmoid_cv
severity_blocked,high_block,120,test,family_selective_curve,hist_gradient_boosting,0.7,0.0,103,77,26,0.7475728155339806,1.0,0.7142857142857143,1.0,0.0,False,True,3.0,train_only_sigmoid_cv
severity_blocked,high_block,120,test,family_selective_curve,hist_gradient_boosting,0.75,0.0,103,77,26,0.7475728155339806,1.0,0.7142857142857143,1.0,0.0,False,True,3.0,train_only_sigmoid_cv
severity_blocked,high_block,120,test,family_selective_curve,hist_gradient_boosting,0.8,0.0,103,74,29,0.7184466019417476,1.0,0.7142857142857143,1.0,0.0,False,True,3.0,train_only_sigmoid_cv
severity_blocked,high_block,120,test,family_selective_curve,hist_gradient_boosting,0.85,0.0,103,59,44,0.5728155339805825,1.0,0.5714285714285714,1.0,0.0,False,True,3.0,train_only_sigmoid_cv
severity_blocked,high_block,120,test,family_selective_curve,hist_gradient_boosting,0.9,0.0,103,0,103,0.0,,,,,False,True,3.0,train_only_sigmoid_cv
severity_blocked,high_block,120,test,family_selective_curve,hist_gradient_boosting,0.95,0.0,103,0,103,0.0,,,,,False,True,3.0,train_only_sigmoid_cv
severity_extrapolation,low_train_to_high_test,120,validation,forced_family,hist_gradient_boosting,0.0,0.0,78,78,0,1.0,1.0,0.8571428571428571,1.0,0.0,False,False,3.0,train_only_sigmoid_cv
severity_extrapolation,low_train_to_high_test,120,validation,family_selective,hist_gradient_boosting,0.0,0.0,78,78,0,1.0,1.0,0.8571428571428571,1.0,0.0,False,False,3.0,train_only_sigmoid_cv
severity_extrapolation,low_train_to_high_test,120,validation,family_selective_curve,hist_gradient_boosting,0.0,0.0,78,78,0,1.0,1.0,0.8571428571428571,1.0,0.0,False,True,3.0,train_only_sigmoid_cv
severity_extrapolation,low_train_to_high_test,120,validation,family_selective_curve,hist_gradient_boosting,0.05,0.0,78,78,0,1.0,1.0,0.8571428571428571,1.0,0.0,False,True,3.0,train_only_sigmoid_cv
severity_extrapolation,low_train_to_high_test,120,validation,family_selective_curve,hist_gradient_boosting,0.1,0.0,78,78,0,1.0,1.0,0.8571428571428571,1.0,0.0,False,True,3.0,train_only_sigmoid_cv
severity_extrapolation,low_train_to_high_test,120,validation,family_selective_curve,hist_gradient_boosting,0.15,0.0,78,78,0,1.0,1.0,0.8571428571428571,1.0,0.0,False,True,3.0,train_only_sigmoid_cv
severity_extrapolation,low_train_to_high_test,120,validation,family_selective_curve,hist_gradient_boosting,0.2,0.0,78,78,0,1.0,1.0,0.8571428571428571,1.0,0.0,False,True,3.0,train_only_sigmoid_cv
severity_extrapolation,low_train_to_high_test,120,validation,family_selective_curve,hist_gradient_boosting,0.25,0.0,78,78,0,1.0,1.0,0.8571428571428571,1.0,0.0,False,True,3.0,train_only_sigmoid_cv
severity_extrapolation,low_train_to_high_test,120,validation,family_selective_curve,hist_gradient_boosting,0.3,0.0,78,78,0,1.0,1.0,0.8571428571428571,1.0,0.0,False,True,3.0,train_only_sigmoid_cv
severity_extrapolation,low_train_to_high_test,120,validation,family_selective_curve,hist_gradient_boosting,0.35,0.0,78,78,0,1.0,1.0,0.8571428571428571,1.0,0.0,False,True,3.0,train_only_sigmoid_cv
severity_extrapolation,low_train_to_high_test,120,validation,family_selective_curve,hist_gradient_boosting,0.4,0.0,78,78,0,1.0,1.0,0.8571428571428571,1.0,0.0,False,True,3.0,train_only_sigmoid_cv
severity_extrapolation,low_train_to_high_test,120,validation,family_selective_curve,hist_gradient_boosting,0.45,0.0,78,78,0,1.0,1.0,0.8571428571428571,1.0,0.0,False,True,3.0,train_only_sigmoid_cv
severity_extrapolation,low_train_to_high_test,120,validation,family_selective_curve,hist_gradient_boosting,0.5,0.0,78,78,0,1.0,1.0,0.8571428571428571,1.0,0.0,False,True,3.0,train_only_sigmoid_cv
severity_extrapolation,low_train_to_high_test,120,validation,family_selective_curve,hist_gradient_boosting,0.55,0.0,78,77,1,0.9871794871794872,1.0,0.8571428571428571,1.0,0.0,False,True,3.0,train_only_sigmoid_cv
severity_extrapolation,low_train_to_high_test,120,validation,family_selective_curve,hist_gradient_boosting,0.6,0.0,78,76,2,0.9743589743589743,1.0,0.8571428571428571,1.0,0.0,False,True,3.0,train_only_sigmoid_cv
severity_extrapolation,low_train_to_high_test,120,validation,family_selective_curve,hist_gradient_boosting,0.65,0.0,78,73,5,0.9358974358974359,1.0,0.7142857142857143,1.0,0.0,False,True,3.0,train_only_sigmoid_cv
severity_extrapolation,low_train_to_high_test,120,validation,family_selective_curve,hist_gradient_boosting,0.7,0.0,78,73,5,0.9358974358974359,1.0,0.7142857142857143,1.0,0.0,False,True,3.0,train_only_sigmoid_cv
severity_extrapolation,low_train_to_high_test,120,validation,family_selective_curve,hist_gradient_boosting,0.75,0.0,78,68,10,0.8717948717948718,1.0,0.7142857142857143,1.0,0.0,False,True,3.0,train_only_sigmoid_cv
severity_extrapolation,low_train_to_high_test,120,validation,family_selective_curve,hist_gradient_boosting,0.8,0.0,78,68,10,0.8717948717948718,1.0,0.7142857142857143,1.0,0.0,False,True,3.0,train_only_sigmoid_cv
severity_extrapolation,low_train_to_high_test,120,validation,family_selective_curve,hist_gradient_boosting,0.85,0.0,78,51,27,0.6538461538461539,1.0,0.7142857142857143,1.0,0.0,False,True,3.0,train_only_sigmoid_cv
severity_extrapolation,low_train_to_high_test,120,validation,family_selective_curve,hist_gradient_boosting,0.9,0.0,78,0,78,0.0,,,,,False,True,3.0,train_only_sigmoid_cv
severity_extrapolation,low_train_to_high_test,120,validation,family_selective_curve,hist_gradient_boosting,0.95,0.0,78,0,78,0.0,,,,,False,True,3.0,train_only_sigmoid_cv
severity_extrapolation,low_train_to_high_test,120,test,forced_family,hist_gradient_boosting,0.0,0.0,103,103,0,1.0,0.970873786407767,0.8086386915655208,0.9285714285714285,0.029126213592232997,True,False,3.0,train_only_sigmoid_cv
severity_extrapolation,low_train_to_high_test,120,test,family_selective,hist_gradient_boosting,0.0,0.0,103,103,0,1.0,0.970873786407767,0.8086386915655208,0.9285714285714285,0.029126213592232997,True,False,3.0,train_only_sigmoid_cv
severity_extrapolation,low_train_to_high_test,120,test,family_selective_curve,hist_gradient_boosting,0.0,0.0,103,103,0,1.0,0.970873786407767,0.8086386915655208,0.9285714285714285,0.029126213592232997,True,True,3.0,train_only_sigmoid_cv
severity_extrapolation,low_train_to_high_test,120,test,family_selective_curve,hist_gradient_boosting,0.05,0.0,103,103,0,1.0,0.970873786407767,0.8086386915655208,0.9285714285714285,0.029126213592232997,False,True,3.0,train_only_sigmoid_cv
severity_extrapolation,low_train_to_high_test,120,test,family_selective_curve,hist_gradient_boosting,0.1,0.0,103,103,0,1.0,0.970873786407767,0.8086386915655208,0.9285714285714285,0.029126213592232997,False,True,3.0,train_only_sigmoid_cv
severity_extrapolation,low_train_to_high_test,120,test,family_selective_curve,hist_gradient_boosting,0.15,0.0,103,103,0,1.0,0.970873786407767,0.8086386915655208,0.9285714285714285,0.029126213592232997,False,True,3.0,train_only_sigmoid_cv
severity_extrapolation,low_train_to_high_test,120,test,family_selective_curve,hist_gradient_boosting,0.2,0.0,103,103,0,1.0,0.970873786407767,0.8086386915655208,0.9285714285714285,0.029126213592232997,False,True,3.0,train_only_sigmoid_cv
severity_extrapolation,low_train_to_high_test,120,test,family_selective_curve,hist_gradient_boosting,0.25,0.0,103,103,0,1.0,0.970873786407767,0.8086386915655208,0.9285714285714285,0.029126213592232997,False,True,3.0,train_only_sigmoid_cv
severity_extrapolation,low_train_to_high_test,120,test,family_selective_curve,hist_gradient_boosting,0.3,0.0,103,101,2,0.9805825242718447,0.9801980198019802,0.8153697653697654,0.9333333333333332,0.01980198019801982,False,True,3.0,train_only_sigmoid_cv
severity_extrapolation,low_train_to_high_test,120,test,family_selective_curve,hist_gradient_boosting,0.35,0.0,103,101,2,0.9805825242718447,0.9801980198019802,0.8153697653697654,0.9333333333333332,0.01980198019801982,False,True,3.0,train_only_sigmoid_cv
severity_extrapolation,low_train_to_high_test,120,test,family_selective_curve,hist_gradient_boosting,0.4,0.0,103,101,2,0.9805825242718447,0.9801980198019802,0.8153697653697654,0.9333333333333332,0.01980198019801982,False,True,3.0,train_only_sigmoid_cv
severity_extrapolation,low_train_to_high_test,120,test,family_selective_curve,hist_gradient_boosting,0.45,0.0,103,98,5,0.9514563106796117,0.9897959183673469,0.8056628056628057,0.9166666666666666,0.010204081632653073,False,True,3.0,train_only_sigmoid_cv
severity_extrapolation,low_train_to_high_test,120,test,family_selective_curve,hist_gradient_boosting,0.5,0.0,103,97,6,0.941747572815534,1.0,0.8571428571428571,1.0,0.0,False,True,3.0,train_only_sigmoid_cv
severity_extrapolation,low_train_to_high_test,120,test,family_selective_curve,hist_gradient_boosting,0.55,0.0,103,97,6,0.941747572815534,1.0,0.8571428571428571,1.0,0.0,False,True,3.0,train_only_sigmoid_cv
severity_extrapolation,low_train_to_high_test,120,test,family_selective_curve,hist_gradient_boosting,0.6,0.0,103,87,16,0.8446601941747572,1.0,0.7142857142857143,1.0,0.0,False,True,3.0,train_only_sigmoid_cv
severity_extrapolation,low_train_to_high_test,120,test,family_selective_curve,hist_gradient_boosting,0.65,0.0,103,86,17,0.8349514563106796,1.0,0.7142857142857143,1.0,0.0,False,True,3.0,train_only_sigmoid_cv
severity_extrapolation,low_train_to_high_test,120,test,family_selective_curve,hist_gradient_boosting,0.7,0.0,103,77,26,0.7475728155339806,1.0,0.7142857142857143,1.0,0.0,False,True,3.0,train_only_sigmoid_cv
severity_extrapolation,low_train_to_high_test,120,test,family_selective_curve,hist_gradient_boosting,0.75,0.0,103,77,26,0.7475728155339806,1.0,0.7142857142857143,1.0,0.0,False,True,3.0,train_only_sigmoid_cv
severity_extrapolation,low_train_to_high_test,120,test,family_selective_curve,hist_gradient_boosting,0.8,0.0,103,74,29,0.7184466019417476,1.0,0.7142857142857143,1.0,0.0,False,True,3.0,train_only_sigmoid_cv
severity_extrapolation,low_train_to_high_test,120,test,family_selective_curve,hist_gradient_boosting,0.85,0.0,103,59,44,0.5728155339805825,1.0,0.5714285714285714,1.0,0.0,False,True,3.0,train_only_sigmoid_cv
severity_extrapolation,low_train_to_high_test,120,test,family_selective_curve,hist_gradient_boosting,0.9,0.0,103,0,103,0.0,,,,,False,True,3.0,train_only_sigmoid_cv
severity_extrapolation,low_train_to_high_test,120,test,family_selective_curve,hist_gradient_boosting,0.95,0.0,103,0,103,0.0,,,,,False,True,3.0,train_only_sigmoid_cv
severity_extrapolation,high_train_to_low_test,120,validation,forced_family,hist_gradient_boosting,0.0,0.0,78,78,0,1.0,0.9871794871794872,0.8497743391360412,0.9930555555555557,0.012820512820512775,False,False,3.0,train_only_sigmoid_cv
severity_extrapolation,high_train_to_low_test,120,validation,family_selective,hist_gradient_boosting,0.0,0.0,78,78,0,1.0,0.9871794871794872,0.8497743391360412,0.9930555555555557,0.012820512820512775,False,False,3.0,train_only_sigmoid_cv
severity_extrapolation,high_train_to_low_test,120,validation,family_selective_curve,hist_gradient_boosting,0.0,0.0,78,78,0,1.0,0.9871794871794872,0.8497743391360412,0.9930555555555557,0.012820512820512775,False,True,3.0,train_only_sigmoid_cv
severity_extrapolation,high_train_to_low_test,120,validation,family_selective_curve,hist_gradient_boosting,0.05,0.0,78,78,0,1.0,0.9871794871794872,0.8497743391360412,0.9930555555555557,0.012820512820512775,False,True,3.0,train_only_sigmoid_cv
severity_extrapolation,high_train_to_low_test,120,validation,family_selective_curve,hist_gradient_boosting,0.1,0.0,78,78,0,1.0,0.9871794871794872,0.8497743391360412,0.9930555555555557,0.012820512820512775,False,True,3.0,train_only_sigmoid_cv
severity_extrapolation,high_train_to_low_test,120,validation,family_selective_curve,hist_gradient_boosting,0.15,0.0,78,78,0,1.0,0.9871794871794872,0.8497743391360412,0.9930555555555557,0.012820512820512775,False,True,3.0,train_only_sigmoid_cv
severity_extrapolation,high_train_to_low_test,120,validation,family_selective_curve,hist_gradient_boosting,0.2,0.0,78,78,0,1.0,0.9871794871794872,0.8497743391360412,0.9930555555555557,0.012820512820512775,False,True,3.0,train_only_sigmoid_cv
severity_extrapolation,high_train_to_low_test,120,validation,family_selective_curve,hist_gradient_boosting,0.25,0.0,78,78,0,1.0,0.9871794871794872,0.8497743391360412,0.9930555555555557,0.012820512820512775,False,True,3.0,train_only_sigmoid_cv
severity_extrapolation,high_train_to_low_test,120,validation,family_selective_curve,hist_gradient_boosting,0.3,0.0,78,78,0,1.0,0.9871794871794872,0.8497743391360412,0.9930555555555557,0.012820512820512775,False,True,3.0,train_only_sigmoid_cv
severity_extrapolation,high_train_to_low_test,120,validation,family_selective_curve,hist_gradient_boosting,0.35,0.0,78,78,0,1.0,0.9871794871794872,0.8497743391360412,0.9930555555555557,0.012820512820512775,False,True,3.0,train_only_sigmoid_cv
severity_extrapolation,high_train_to_low_test,120,validation,family_selective_curve,hist_gradient_boosting,0.4,0.0,78,78,0,1.0,0.9871794871794872,0.8497743391360412,0.9930555555555557,0.012820512820512775,False,True,3.0,train_only_sigmoid_cv
severity_extrapolation,high_train_to_low_test,120,validation,family_selective_curve,hist_gradient_boosting,0.45,0.0,78,77,1,0.9871794871794872,0.987012987012987,0.8496392496392496,0.9927536231884058,0.012987012987012991,False,True,3.0,train_only_sigmoid_cv
severity_extrapolation,high_train_to_low_test,120,validation,family_selective_curve,hist_gradient_boosting,0.5,0.0,78,77,1,0.9871794871794872,0.987012987012987,0.8496392496392496,0.9927536231884058,0.012987012987012991,False,True,3.0,train_only_sigmoid_cv
severity_extrapolation,high_train_to_low_test,120,validation,family_selective_curve,hist_gradient_boosting,0.55,0.0,78,77,1,0.9871794871794872,0.987012987012987,0.8496392496392496,0.9927536231884058,0.012987012987012991,False,True,3.0,train_only_sigmoid_cv
severity_extrapolation,high_train_to_low_test,120,validation,family_selective_curve,hist_gradient_boosting,0.6,0.0,78,74,4,0.9487179487179487,0.9864864864864865,0.8496392496392496,0.9927536231884058,0.013513513513513487,False,True,3.0,train_only_sigmoid_cv
severity_extrapolation,high_train_to_low_test,120,validation,family_selective_curve,hist_gradient_boosting,0.65,0.0,78,69,9,0.8846153846153846,0.9855072463768116,0.8496392496392496,0.9927536231884058,0.01449275362318836,False,True,3.0,train_only_sigmoid_cv
severity_extrapolation,high_train_to_low_test,120,validation,family_selective_curve,hist_gradient_boosting,0.7,0.0,78,69,9,0.8846153846153846,0.9855072463768116,0.8496392496392496,0.9927536231884058,0.01449275362318836,False,True,3.0,train_only_sigmoid_cv
severity_extrapolation,high_train_to_low_test,120,validation,family_selective_curve,hist_gradient_boosting,0.75,0.0,78,59,19,0.7564102564102564,0.9830508474576272,0.8470995670995671,0.9871794871794872,0.016949152542372836,False,True,3.0,train_only_sigmoid_cv
severity_extrapolation,high_train_to_low_test,120,validation,family_selective_curve,hist_gradient_boosting,0.8,0.0,78,46,32,0.5897435897435898,0.9782608695652174,0.694083694083694,0.96,0.021739130434782594,False,True,3.0,train_only_sigmoid_cv
severity_extrapolation,high_train_to_low_test,120,validation,family_selective_curve,hist_gradient_boosting,0.85,0.0,78,41,37,0.5256410256410257,1.0,0.7142857142857143,1.0,0.0,False,True,3.0,train_only_sigmoid_cv
severity_extrapolation,high_train_to_low_test,120,validation,family_selective_curve,hist_gradient_boosting,0.9,0.0,78,36,42,0.46153846153846156,1.0,0.5714285714285714,1.0,0.0,False,True,3.0,train_only_sigmoid_cv
severity_extrapolation,high_train_to_low_test,120,validation,family_selective_curve,hist_gradient_boosting,0.95,0.0,78,9,69,0.11538461538461539,1.0,0.2857142857142857,1.0,0.0,False,True,3.0,train_only_sigmoid_cv
severity_extrapolation,high_train_to_low_test,120,test,forced_family,hist_gradient_boosting,0.0,0.0,103,103,0,1.0,0.6407766990291263,0.5233073266971572,0.734375,0.35922330097087374,True,False,3.0,train_only_sigmoid_cv
severity_extrapolation,high_train_to_low_test,120,test,family_selective,hist_gradient_boosting,0.0,0.0,103,103,0,1.0,0.6407766990291263,0.5233073266971572,0.734375,0.35922330097087374,True,False,3.0,train_only_sigmoid_cv
severity_extrapolation,high_train_to_low_test,120,test,family_selective_curve,hist_gradient_boosting,0.0,0.0,103,103,0,1.0,0.6407766990291263,0.5233073266971572,0.734375,0.35922330097087374,True,True,3.0,train_only_sigmoid_cv
severity_extrapolation,high_train_to_low_test,120,test,family_selective_curve,hist_gradient_boosting,0.05,0.0,103,103,0,1.0,0.6407766990291263,0.5233073266971572,0.734375,0.35922330097087374,False,True,3.0,train_only_sigmoid_cv
severity_extrapolation,high_train_to_low_test,120,test,family_selective_curve,hist_gradient_boosting,0.1,0.0,103,103,0,1.0,0.6407766990291263,0.5233073266971572,0.734375,0.35922330097087374,False,True,3.0,train_only_sigmoid_cv
severity_extrapolation,high_train_to_low_test,120,test,family_selective_curve,hist_gradient_boosting,0.15,0.0,103,103,0,1.0,0.6407766990291263,0.5233073266971572,0.734375,0.35922330097087374,False,True,3.0,train_only_sigmoid_cv
severity_extrapolation,high_train_to_low_test,120,test,family_selective_curve,hist_gradient_boosting,0.2,0.0,103,103,0,1.0,0.6407766990291263,0.5233073266971572,0.734375,0.35922330097087374,False,True,3.0,train_only_sigmoid_cv
severity_extrapolation,high_train_to_low_test,120,test,family_selective_curve,hist_gradient_boosting,0.25,0.0,103,103,0,1.0,0.6407766990291263,0.5233073266971572,0.734375,0.35922330097087374,False,True,3.0,train_only_sigmoid_cv
severity_extrapolation,high_train_to_low_test,120,test,family_selective_curve,hist_gradient_boosting,0.3,0.0,103,103,0,1.0,0.6407766990291263,0.5233073266971572,0.734375,0.35922330097087374,False,True,3.0,train_only_sigmoid_cv
severity_extrapolation,high_train_to_low_test,120,test,family_selective_curve,hist_gradient_boosting,0.35,0.0,103,103,0,1.0,0.6407766990291263,0.5233073266971572,0.734375,0.35922330097087374,False,True,3.0,train_only_sigmoid_cv
severity_extrapolation,high_train_to_low_test,120,test,family_selective_curve,hist_gradient_boosting,0.4,0.0,103,103,0,1.0,0.6407766990291263,0.5233073266971572,0.734375,0.35922330097087374,False,True,3.0,train_only_sigmoid_cv
severity_extrapolation,high_train_to_low_test,120,test,family_selective_curve,hist_gradient_boosting,0.45,0.0,103,103,0,1.0,0.6407766990291263,0.5233073266971572,0.734375,0.35922330097087374,False,True,3.0,train_only_sigmoid_cv
severity_extrapolation,high_train_to_low_test,120,test,family_selective_curve,hist_gradient_boosting,0.5,0.0,103,94,9,0.912621359223301,0.7021276595744681,0.5554750402576489,0.7469135802469135,0.2978723404255319,False,True,3.0,train_only_sigmoid_cv
severity_extrapolation,high_train_to_low_test,120,test,family_selective_curve,hist_gradient_boosting,0.55,0.0,103,83,20,0.8058252427184466,0.7951807228915663,0.6061631174208814,0.7807017543859649,0.20481927710843373,False,True,3.0,train_only_sigmoid_cv
severity_extrapolation,high_train_to_low_test,120,test,family_selective_curve,hist_gradient_boosting,0.6,0.0,103,79,24,0.7669902912621359,0.8227848101265823,0.6257425787976126,0.7999999999999999,0.17721518987341767,False,True,3.0,train_only_sigmoid_cv
severity_extrapolation,high_train_to_low_test,120,test,family_selective_curve,hist_gradient_boosting,0.65,0.0,103,73,30,0.7087378640776699,0.8082191780821918,0.6130441660992,0.7777777777777777,0.1917808219178082,False,True,3.0,train_only_sigmoid_cv
severity_extrapolation,high_train_to_low_test,120,test,family_selective_curve,hist_gradient_boosting,0.7,0.0,103,72,31,0.6990291262135923,0.8055555555555556,0.6086485617035956,0.7708333333333334,0.19444444444444442,False,True,3.0,train_only_sigmoid_cv
severity_extrapolation,high_train_to_low_test,120,test,family_selective_curve,hist_gradient_boosting,0.75,0.0,103,65,38,0.6310679611650486,0.7846153846153846,0.48698989999916736,0.6666666666666666,0.2153846153846154,False,True,3.0,train_only_sigmoid_cv
severity_extrapolation,high_train_to_low_test,120,test,family_selective_curve,hist_gradient_boosting,0.8,0.0,103,49,54,0.47572815533980584,0.8163265306122449,0.40794382269036644,0.6,0.18367346938775508,False,True,3.0,train_only_sigmoid_cv
severity_extrapolation,high_train_to_low_test,120,test,family_selective_curve,hist_gradient_boosting,0.85,0.0,103,46,57,0.44660194174757284,0.8695652173913043,0.41904761904761906,0.6,0.13043478260869568,False,True,3.0,train_only_sigmoid_cv
severity_extrapolation,high_train_to_low_test,120,test,family_selective_curve,hist_gradient_boosting,0.9,0.0,103,44,59,0.42718446601941745,0.9090909090909091,0.42857142857142855,0.75,0.09090909090909094,False,True,3.0,train_only_sigmoid_cv
severity_extrapolation,high_train_to_low_test,120,test,family_selective_curve,hist_gradient_boosting,0.95,0.0,103,3,100,0.02912621359223301,1.0,0.14285714285714285,1.0,0.0,False,True,3.0,train_only_sigmoid_cv
